
 /----------------------------------------------------------------------------\
 |  yosys -- Yosys Open SYnthesis Suite                                       |
 |  Copyright (C) 2012 - 2026  Claire Xenia Wolf <claire@yosyshq.com>         |
 |  Distributed under an ISC-like license, type "license" to see terms        |
 \----------------------------------------------------------------------------/
 Yosys 0.68+136 (git sha1 c30457480-dirty, Release, Clang /usr/bin/clang++ 21.1.8)

-- Executing script file `/work/peweaver/source/chia/examples/peweaver/physical/results/work/dual_b_synth_run.ys' --

1. Executing Verilog-2005 frontend: rtl/sky130_icg_blackbox.v
Parsing SystemVerilog input from `rtl/sky130_icg_blackbox.v' to AST representation.
Generating RTLIL representation for module `\sky130_fd_sc_hd__dlclkp_4'.
Successfully finished Verilog frontend.

2. Executing Verilog-2005 frontend: rtl/peweaver_ppa_dual_fft_icg.v
Parsing SystemVerilog input from `rtl/peweaver_ppa_dual_fft_icg.v' to AST representation.
Generating RTLIL representation for module `\peweaver_ppa_dual_fft_icg'.
Successfully finished Verilog frontend.

3. Executing Verilog-2005 frontend: rtl/peweaver_ppa_fft64.v
Parsing SystemVerilog input from `rtl/peweaver_ppa_fft64.v' to AST representation.
Generating RTLIL representation for module `\peweaver_ppa_reset_sync'.
Generating RTLIL representation for module `\peweaver_ppa_fft64'.
Successfully finished Verilog frontend.

4. Executing Verilog-2005 frontend: rtl/peweaver_ppa_fft128.v
Parsing SystemVerilog input from `rtl/peweaver_ppa_fft128.v' to AST representation.
Generating RTLIL representation for module `\peweaver_ppa_reset_sync_128'.
Generating RTLIL representation for module `\peweaver_ppa_fft128'.
Successfully finished Verilog frontend.

5. Executing Verilog-2005 frontend: ../benchmarks/halo_fft64_reference/peweaver_halo_fft64_reference.v
Parsing SystemVerilog input from `../benchmarks/halo_fft64_reference/peweaver_halo_fft64_reference.v' to AST representation.
Generating RTLIL representation for module `\peweaver_halo_fft64_reference'.
Successfully finished Verilog frontend.

6. Executing Verilog-2005 frontend: rtl/dual/halo_fft128_wrapper.v
Parsing SystemVerilog input from `rtl/dual/halo_fft128_wrapper.v' to AST representation.
Generating RTLIL representation for module `\peweaver_halo_fft128_reference'.
Successfully finished Verilog frontend.

7. Executing Verilog-2005 frontend: ../third_party/r22sdf/FFT64.v
Parsing SystemVerilog input from `../third_party/r22sdf/FFT64.v' to AST representation.
Generating RTLIL representation for module `\FFT'.
Successfully finished Verilog frontend.

8. Executing Verilog-2005 frontend: ../third_party/r22sdf/SdfUnit.v
Parsing SystemVerilog input from `../third_party/r22sdf/SdfUnit.v' to AST representation.
Generating RTLIL representation for module `\SdfUnit'.
Successfully finished Verilog frontend.

9. Executing Verilog-2005 frontend: ../third_party/r22sdf/SdfUnit2.v
Parsing SystemVerilog input from `../third_party/r22sdf/SdfUnit2.v' to AST representation.
Generating RTLIL representation for module `\SdfUnit2'.
Successfully finished Verilog frontend.

10. Executing Verilog-2005 frontend: ../third_party/r22sdf/Butterfly.v
Parsing SystemVerilog input from `../third_party/r22sdf/Butterfly.v' to AST representation.
Generating RTLIL representation for module `\Butterfly'.
Successfully finished Verilog frontend.

11. Executing Verilog-2005 frontend: ../third_party/r22sdf/DelayBuffer.v
Parsing SystemVerilog input from `../third_party/r22sdf/DelayBuffer.v' to AST representation.
Generating RTLIL representation for module `\DelayBuffer'.
Warning: Replacing memory \buf_im with list of registers. See ../third_party/r22sdf/DelayBuffer.v:23
Warning: Replacing memory \buf_re with list of registers. See ../third_party/r22sdf/DelayBuffer.v:22
Successfully finished Verilog frontend.

12. Executing Verilog-2005 frontend: ../third_party/r22sdf/Multiply.v
Parsing SystemVerilog input from `../third_party/r22sdf/Multiply.v' to AST representation.
Generating RTLIL representation for module `\Multiply'.
Successfully finished Verilog frontend.

13. Executing Verilog-2005 frontend: ../third_party/r22sdf/Twiddle64.v
Parsing SystemVerilog input from `../third_party/r22sdf/Twiddle64.v' to AST representation.
Generating RTLIL representation for module `\Twiddle'.
Successfully finished Verilog frontend.

14. Executing Verilog-2005 frontend: rtl/dual/fft128_core.v
Parsing SystemVerilog input from `rtl/dual/fft128_core.v' to AST representation.
Generating RTLIL representation for module `\FFT128_core'.
Successfully finished Verilog frontend.

15. Executing Verilog-2005 frontend: rtl/dual/sdfunit128.v
Parsing SystemVerilog input from `rtl/dual/sdfunit128.v' to AST representation.
Generating RTLIL representation for module `\SdfUnit128'.
Successfully finished Verilog frontend.

16. Executing Verilog-2005 frontend: rtl/dual/twiddle128_core.v
Parsing SystemVerilog input from `rtl/dual/twiddle128_core.v' to AST representation.
Generating RTLIL representation for module `\Twiddle128_core'.
Successfully finished Verilog frontend.

17. Executing HIERARCHY pass (managing design hierarchy).

17.1. Analyzing design hierarchy..
Top module:  \peweaver_ppa_dual_fft_icg
Used module:     \peweaver_ppa_fft128
Used module:         \peweaver_halo_fft128_reference
Used module:             \FFT128_core
Used module:                 \SdfUnit2
Used module:                     \DelayBuffer
Used module:                     \Butterfly
Used module:                 \SdfUnit128
Used module:                     \Multiply
Used module:                     \Twiddle128_core
Used module:         \peweaver_ppa_reset_sync_128
Used module:     \peweaver_ppa_fft64
Used module:         \peweaver_halo_fft64_reference
Used module:             \FFT
Used module:                 \SdfUnit
Used module:                     \Twiddle
Used module:         \peweaver_ppa_reset_sync
Parameter \WIDTH = 16

17.2. Executing AST frontend in derive mode using pre-parsed AST for module `\FFT'.
Parameter \WIDTH = 16
Generating RTLIL representation for module `$paramod\FFT\WIDTH=s32'00000000000000000000000000010000'.
Parameter \WIDTH = 16

17.3. Executing AST frontend in derive mode using pre-parsed AST for module `\FFT128_core'.
Parameter \WIDTH = 16
Generating RTLIL representation for module `$paramod\FFT128_core\WIDTH=s32'00000000000000000000000000010000'.
Parameter \N = 64
Parameter \M = 4
Parameter \WIDTH = 16

17.4. Executing AST frontend in derive mode using pre-parsed AST for module `\SdfUnit'.
Parameter \N = 64
Parameter \M = 4
Parameter \WIDTH = 16
Generating RTLIL representation for module `$paramod$25bb70cf5a48aa945caa779105562d3b5b1e4265\SdfUnit'.
Parameter \N = 64
Parameter \M = 16
Parameter \WIDTH = 16

17.5. Executing AST frontend in derive mode using pre-parsed AST for module `\SdfUnit'.
Parameter \N = 64
Parameter \M = 16
Parameter \WIDTH = 16
Generating RTLIL representation for module `$paramod$e3b428dd0e3d22a099d4960bb16875dbfc951f1c\SdfUnit'.
Parameter \N = 64
Parameter \M = 64
Parameter \WIDTH = 16

17.6. Executing AST frontend in derive mode using pre-parsed AST for module `\SdfUnit'.
Parameter \N = 64
Parameter \M = 64
Parameter \WIDTH = 16
Generating RTLIL representation for module `$paramod$31b4a60d4c392c8032c765add59e3b1dd88721d8\SdfUnit'.
Parameter \WIDTH = 16

17.7. Executing AST frontend in derive mode using pre-parsed AST for module `\SdfUnit2'.
Parameter \WIDTH = 16
Generating RTLIL representation for module `$paramod\SdfUnit2\WIDTH=s32'00000000000000000000000000010000'.
Parameter \N = 128
Parameter \M = 8
Parameter \WIDTH = 16

17.8. Executing AST frontend in derive mode using pre-parsed AST for module `\SdfUnit128'.
Parameter \N = 128
Parameter \M = 8
Parameter \WIDTH = 16
Generating RTLIL representation for module `$paramod$2ddc66fc3ffa8db41a4fa756ec19a2c9a0dc42f0\SdfUnit128'.
Parameter \N = 128
Parameter \M = 32
Parameter \WIDTH = 16

17.9. Executing AST frontend in derive mode using pre-parsed AST for module `\SdfUnit128'.
Parameter \N = 128
Parameter \M = 32
Parameter \WIDTH = 16
Generating RTLIL representation for module `$paramod$fe7cc57cd3904973768bae95b58499efa37dd589\SdfUnit128'.
Parameter \N = 128
Parameter \M = 128
Parameter \WIDTH = 16

17.10. Executing AST frontend in derive mode using pre-parsed AST for module `\SdfUnit128'.
Parameter \N = 128
Parameter \M = 128
Parameter \WIDTH = 16
Generating RTLIL representation for module `$paramod$9ca5e247a0178b82f50f6db69488375424044dda\SdfUnit128'.
Parameter \WIDTH = 16

17.11. Executing AST frontend in derive mode using pre-parsed AST for module `\Multiply'.
Parameter \WIDTH = 16
Generating RTLIL representation for module `$paramod\Multiply\WIDTH=s32'00000000000000000000000000010000'.
Parameter \DEPTH = 16
Parameter \WIDTH = 16

17.12. Executing AST frontend in derive mode using pre-parsed AST for module `\DelayBuffer'.
Parameter \DEPTH = 16
Parameter \WIDTH = 16
Generating RTLIL representation for module `$paramod$c542f2cdb8cf3fb2f7011f6438933e7913c8a609\DelayBuffer'.
Warning: Replacing memory \buf_im with list of registers. See ../third_party/r22sdf/DelayBuffer.v:23
Warning: Replacing memory \buf_re with list of registers. See ../third_party/r22sdf/DelayBuffer.v:22
Parameter \WIDTH = 16
Parameter \RH = 1

17.13. Executing AST frontend in derive mode using pre-parsed AST for module `\Butterfly'.
Parameter \WIDTH = 16
Parameter \RH = 1
Generating RTLIL representation for module `$paramod$cc7e198dbe1c7d8352a2bac47477dedd9788e883\Butterfly'.
Parameter \DEPTH = 32
Parameter \WIDTH = 16

17.14. Executing AST frontend in derive mode using pre-parsed AST for module `\DelayBuffer'.
Parameter \DEPTH = 32
Parameter \WIDTH = 16
Generating RTLIL representation for module `$paramod$468b6055748c1a70021cd219779b5d26906274a5\DelayBuffer'.
Warning: Replacing memory \buf_im with list of registers. See ../third_party/r22sdf/DelayBuffer.v:23
Warning: Replacing memory \buf_re with list of registers. See ../third_party/r22sdf/DelayBuffer.v:22
Parameter \WIDTH = 16
Parameter \RH = 0

17.15. Executing AST frontend in derive mode using pre-parsed AST for module `\Butterfly'.
Parameter \WIDTH = 16
Parameter \RH = 0
Generating RTLIL representation for module `$paramod$5480229501c9659b6947fa834aa4fdab0727c259\Butterfly'.
Parameter \DEPTH = 1
Parameter \WIDTH = 16

17.16. Executing AST frontend in derive mode using pre-parsed AST for module `\DelayBuffer'.
Parameter \DEPTH = 1
Parameter \WIDTH = 16
Generating RTLIL representation for module `$paramod$17914cfb50699f154dc59f1c3f8fd47b6e195f44\DelayBuffer'.
Warning: Replacing memory \buf_im with list of registers. See ../third_party/r22sdf/DelayBuffer.v:26
Warning: Replacing memory \buf_re with list of registers. See ../third_party/r22sdf/DelayBuffer.v:25
Parameter \WIDTH = 16
Parameter \RH = 0
Found cached RTLIL representation for module `$paramod$5480229501c9659b6947fa834aa4fdab0727c259\Butterfly'.
Parameter \WIDTH = 16
Found cached RTLIL representation for module `$paramod\Multiply\WIDTH=s32'00000000000000000000000000010000'.
Parameter \DEPTH = 16
Parameter \WIDTH = 16
Found cached RTLIL representation for module `$paramod$c542f2cdb8cf3fb2f7011f6438933e7913c8a609\DelayBuffer'.
Parameter \WIDTH = 16
Parameter \RH = 1
Found cached RTLIL representation for module `$paramod$cc7e198dbe1c7d8352a2bac47477dedd9788e883\Butterfly'.
Parameter \DEPTH = 32
Parameter \WIDTH = 16
Found cached RTLIL representation for module `$paramod$468b6055748c1a70021cd219779b5d26906274a5\DelayBuffer'.
Parameter \WIDTH = 16
Parameter \RH = 0
Found cached RTLIL representation for module `$paramod$5480229501c9659b6947fa834aa4fdab0727c259\Butterfly'.

17.17. Analyzing design hierarchy..
Top module:  \peweaver_ppa_dual_fft_icg
Used module:     \peweaver_ppa_fft128
Used module:         \peweaver_halo_fft128_reference
Used module:             $paramod\FFT128_core\WIDTH=s32'00000000000000000000000000010000
Used module:                 \SdfUnit2
Used module:                     $paramod$17914cfb50699f154dc59f1c3f8fd47b6e195f44\DelayBuffer
Used module:                     $paramod$5480229501c9659b6947fa834aa4fdab0727c259\Butterfly
Used module:                 \SdfUnit128
Used module:                     $paramod\Multiply\WIDTH=s32'00000000000000000000000000010000
Used module:                     \Twiddle128_core
Used module:                     $paramod$c542f2cdb8cf3fb2f7011f6438933e7913c8a609\DelayBuffer
Used module:                     $paramod$cc7e198dbe1c7d8352a2bac47477dedd9788e883\Butterfly
Used module:                     $paramod$468b6055748c1a70021cd219779b5d26906274a5\DelayBuffer
Used module:         \peweaver_ppa_reset_sync_128
Used module:     \peweaver_ppa_fft64
Used module:         \peweaver_halo_fft64_reference
Used module:             $paramod\FFT\WIDTH=s32'00000000000000000000000000010000
Used module:                 \SdfUnit
Used module:                     \Twiddle
Used module:         \peweaver_ppa_reset_sync
Parameter \N = 64
Parameter \M = 4
Parameter \WIDTH = 16
Found cached RTLIL representation for module `$paramod$25bb70cf5a48aa945caa779105562d3b5b1e4265\SdfUnit'.
Parameter \N = 64
Parameter \M = 16
Parameter \WIDTH = 16
Found cached RTLIL representation for module `$paramod$e3b428dd0e3d22a099d4960bb16875dbfc951f1c\SdfUnit'.
Parameter \N = 64
Parameter \M = 64
Parameter \WIDTH = 16
Found cached RTLIL representation for module `$paramod$31b4a60d4c392c8032c765add59e3b1dd88721d8\SdfUnit'.
Parameter \WIDTH = 16
Found cached RTLIL representation for module `$paramod\SdfUnit2\WIDTH=s32'00000000000000000000000000010000'.
Parameter \N = 128
Parameter \M = 8
Parameter \WIDTH = 16
Found cached RTLIL representation for module `$paramod$2ddc66fc3ffa8db41a4fa756ec19a2c9a0dc42f0\SdfUnit128'.
Parameter \N = 128
Parameter \M = 32
Parameter \WIDTH = 16
Found cached RTLIL representation for module `$paramod$fe7cc57cd3904973768bae95b58499efa37dd589\SdfUnit128'.
Parameter \N = 128
Parameter \M = 128
Parameter \WIDTH = 16
Found cached RTLIL representation for module `$paramod$9ca5e247a0178b82f50f6db69488375424044dda\SdfUnit128'.

17.18. Analyzing design hierarchy..
Top module:  \peweaver_ppa_dual_fft_icg
Used module:     \peweaver_ppa_fft128
Used module:         \peweaver_halo_fft128_reference
Used module:             $paramod\FFT128_core\WIDTH=s32'00000000000000000000000000010000
Used module:                 $paramod\SdfUnit2\WIDTH=s32'00000000000000000000000000010000
Used module:                     \DelayBuffer
Used module:                     \Butterfly
Used module:                 $paramod$2ddc66fc3ffa8db41a4fa756ec19a2c9a0dc42f0\SdfUnit128
Used module:                     \Multiply
Used module:                     \Twiddle128_core
Used module:                 $paramod$fe7cc57cd3904973768bae95b58499efa37dd589\SdfUnit128
Used module:                 $paramod$9ca5e247a0178b82f50f6db69488375424044dda\SdfUnit128
Used module:         \peweaver_ppa_reset_sync_128
Used module:     \peweaver_ppa_fft64
Used module:         \peweaver_halo_fft64_reference
Used module:             $paramod\FFT\WIDTH=s32'00000000000000000000000000010000
Used module:                 $paramod$25bb70cf5a48aa945caa779105562d3b5b1e4265\SdfUnit
Used module:                     \Twiddle
Used module:                 $paramod$e3b428dd0e3d22a099d4960bb16875dbfc951f1c\SdfUnit
Used module:                 $paramod$31b4a60d4c392c8032c765add59e3b1dd88721d8\SdfUnit
Used module:         \peweaver_ppa_reset_sync
Parameter \WIDTH = 16
Found cached RTLIL representation for module `$paramod\Multiply\WIDTH=s32'00000000000000000000000000010000'.
Parameter \DEPTH = 1
Parameter \WIDTH = 16
Found cached RTLIL representation for module `$paramod$17914cfb50699f154dc59f1c3f8fd47b6e195f44\DelayBuffer'.
Parameter \WIDTH = 16
Parameter \RH = 1
Found cached RTLIL representation for module `$paramod$cc7e198dbe1c7d8352a2bac47477dedd9788e883\Butterfly'.
Parameter \DEPTH = 2
Parameter \WIDTH = 16

17.19. Executing AST frontend in derive mode using pre-parsed AST for module `\DelayBuffer'.
Parameter \DEPTH = 2
Parameter \WIDTH = 16
Generating RTLIL representation for module `$paramod$e31bf182a78b6901a30a1eec46d5e35479708b24\DelayBuffer'.
Warning: Replacing memory \buf_im with list of registers. See ../third_party/r22sdf/DelayBuffer.v:23
Warning: Replacing memory \buf_re with list of registers. See ../third_party/r22sdf/DelayBuffer.v:22
Parameter \WIDTH = 16
Parameter \RH = 0
Found cached RTLIL representation for module `$paramod$5480229501c9659b6947fa834aa4fdab0727c259\Butterfly'.
Parameter \WIDTH = 16
Found cached RTLIL representation for module `$paramod\Multiply\WIDTH=s32'00000000000000000000000000010000'.
Parameter \DEPTH = 4
Parameter \WIDTH = 16

17.20. Executing AST frontend in derive mode using pre-parsed AST for module `\DelayBuffer'.
Parameter \DEPTH = 4
Parameter \WIDTH = 16
Generating RTLIL representation for module `$paramod$e8759a57fc147882a254734ce5d86afa730d93e5\DelayBuffer'.
Warning: Replacing memory \buf_im with list of registers. See ../third_party/r22sdf/DelayBuffer.v:23
Warning: Replacing memory \buf_re with list of registers. See ../third_party/r22sdf/DelayBuffer.v:22
Parameter \WIDTH = 16
Parameter \RH = 1
Found cached RTLIL representation for module `$paramod$cc7e198dbe1c7d8352a2bac47477dedd9788e883\Butterfly'.
Parameter \DEPTH = 8
Parameter \WIDTH = 16

17.21. Executing AST frontend in derive mode using pre-parsed AST for module `\DelayBuffer'.
Parameter \DEPTH = 8
Parameter \WIDTH = 16
Generating RTLIL representation for module `$paramod$520663d7382152bf6f78fc2a37b254cea736bbce\DelayBuffer'.
Warning: Replacing memory \buf_im with list of registers. See ../third_party/r22sdf/DelayBuffer.v:23
Warning: Replacing memory \buf_re with list of registers. See ../third_party/r22sdf/DelayBuffer.v:22
Parameter \WIDTH = 16
Parameter \RH = 0
Found cached RTLIL representation for module `$paramod$5480229501c9659b6947fa834aa4fdab0727c259\Butterfly'.
Parameter \WIDTH = 16
Found cached RTLIL representation for module `$paramod\Multiply\WIDTH=s32'00000000000000000000000000010000'.
Parameter \DEPTH = 16
Parameter \WIDTH = 16
Found cached RTLIL representation for module `$paramod$c542f2cdb8cf3fb2f7011f6438933e7913c8a609\DelayBuffer'.
Parameter \WIDTH = 16
Parameter \RH = 1
Found cached RTLIL representation for module `$paramod$cc7e198dbe1c7d8352a2bac47477dedd9788e883\Butterfly'.
Parameter \DEPTH = 32
Parameter \WIDTH = 16
Found cached RTLIL representation for module `$paramod$468b6055748c1a70021cd219779b5d26906274a5\DelayBuffer'.
Parameter \WIDTH = 16
Parameter \RH = 0
Found cached RTLIL representation for module `$paramod$5480229501c9659b6947fa834aa4fdab0727c259\Butterfly'.
Parameter \DEPTH = 1
Parameter \WIDTH = 16
Found cached RTLIL representation for module `$paramod$17914cfb50699f154dc59f1c3f8fd47b6e195f44\DelayBuffer'.
Parameter \WIDTH = 16
Parameter \RH = 0
Found cached RTLIL representation for module `$paramod$5480229501c9659b6947fa834aa4fdab0727c259\Butterfly'.
Parameter \WIDTH = 16
Found cached RTLIL representation for module `$paramod\Multiply\WIDTH=s32'00000000000000000000000000010000'.
Parameter \DEPTH = 2
Parameter \WIDTH = 16
Found cached RTLIL representation for module `$paramod$e31bf182a78b6901a30a1eec46d5e35479708b24\DelayBuffer'.
Parameter \WIDTH = 16
Parameter \RH = 1
Found cached RTLIL representation for module `$paramod$cc7e198dbe1c7d8352a2bac47477dedd9788e883\Butterfly'.
Parameter \DEPTH = 4
Parameter \WIDTH = 16
Found cached RTLIL representation for module `$paramod$e8759a57fc147882a254734ce5d86afa730d93e5\DelayBuffer'.
Parameter \WIDTH = 16
Parameter \RH = 0
Found cached RTLIL representation for module `$paramod$5480229501c9659b6947fa834aa4fdab0727c259\Butterfly'.
Parameter \WIDTH = 16
Found cached RTLIL representation for module `$paramod\Multiply\WIDTH=s32'00000000000000000000000000010000'.
Parameter \DEPTH = 8
Parameter \WIDTH = 16
Found cached RTLIL representation for module `$paramod$520663d7382152bf6f78fc2a37b254cea736bbce\DelayBuffer'.
Parameter \WIDTH = 16
Parameter \RH = 1
Found cached RTLIL representation for module `$paramod$cc7e198dbe1c7d8352a2bac47477dedd9788e883\Butterfly'.
Parameter \DEPTH = 16
Parameter \WIDTH = 16
Found cached RTLIL representation for module `$paramod$c542f2cdb8cf3fb2f7011f6438933e7913c8a609\DelayBuffer'.
Parameter \WIDTH = 16
Parameter \RH = 0
Found cached RTLIL representation for module `$paramod$5480229501c9659b6947fa834aa4fdab0727c259\Butterfly'.
Parameter \WIDTH = 16
Found cached RTLIL representation for module `$paramod\Multiply\WIDTH=s32'00000000000000000000000000010000'.
Parameter \DEPTH = 32
Parameter \WIDTH = 16
Found cached RTLIL representation for module `$paramod$468b6055748c1a70021cd219779b5d26906274a5\DelayBuffer'.
Parameter \WIDTH = 16
Parameter \RH = 1
Found cached RTLIL representation for module `$paramod$cc7e198dbe1c7d8352a2bac47477dedd9788e883\Butterfly'.
Parameter \DEPTH = 64
Parameter \WIDTH = 16

17.22. Executing AST frontend in derive mode using pre-parsed AST for module `\DelayBuffer'.
Parameter \DEPTH = 64
Parameter \WIDTH = 16
Generating RTLIL representation for module `$paramod$6010395c8740f19344fd93aacef13621d2f67395\DelayBuffer'.
Warning: Replacing memory \buf_im with list of registers. See ../third_party/r22sdf/DelayBuffer.v:23
Warning: Replacing memory \buf_re with list of registers. See ../third_party/r22sdf/DelayBuffer.v:22
Parameter \WIDTH = 16
Parameter \RH = 0
Found cached RTLIL representation for module `$paramod$5480229501c9659b6947fa834aa4fdab0727c259\Butterfly'.

17.23. Analyzing design hierarchy..
Top module:  \peweaver_ppa_dual_fft_icg
Used module:     \peweaver_ppa_fft128
Used module:         \peweaver_halo_fft128_reference
Used module:             $paramod\FFT128_core\WIDTH=s32'00000000000000000000000000010000
Used module:                 $paramod\SdfUnit2\WIDTH=s32'00000000000000000000000000010000
Used module:                     $paramod$17914cfb50699f154dc59f1c3f8fd47b6e195f44\DelayBuffer
Used module:                     $paramod$5480229501c9659b6947fa834aa4fdab0727c259\Butterfly
Used module:                 $paramod$2ddc66fc3ffa8db41a4fa756ec19a2c9a0dc42f0\SdfUnit128
Used module:                     $paramod\Multiply\WIDTH=s32'00000000000000000000000000010000
Used module:                     \Twiddle128_core
Used module:                     $paramod$e31bf182a78b6901a30a1eec46d5e35479708b24\DelayBuffer
Used module:                     $paramod$cc7e198dbe1c7d8352a2bac47477dedd9788e883\Butterfly
Used module:                     $paramod$e8759a57fc147882a254734ce5d86afa730d93e5\DelayBuffer
Used module:                 $paramod$fe7cc57cd3904973768bae95b58499efa37dd589\SdfUnit128
Used module:                     $paramod$520663d7382152bf6f78fc2a37b254cea736bbce\DelayBuffer
Used module:                     $paramod$c542f2cdb8cf3fb2f7011f6438933e7913c8a609\DelayBuffer
Used module:                 $paramod$9ca5e247a0178b82f50f6db69488375424044dda\SdfUnit128
Used module:                     $paramod$468b6055748c1a70021cd219779b5d26906274a5\DelayBuffer
Used module:                     $paramod$6010395c8740f19344fd93aacef13621d2f67395\DelayBuffer
Used module:         \peweaver_ppa_reset_sync_128
Used module:     \peweaver_ppa_fft64
Used module:         \peweaver_halo_fft64_reference
Used module:             $paramod\FFT\WIDTH=s32'00000000000000000000000000010000
Used module:                 $paramod$25bb70cf5a48aa945caa779105562d3b5b1e4265\SdfUnit
Used module:                     \Twiddle
Used module:                 $paramod$e3b428dd0e3d22a099d4960bb16875dbfc951f1c\SdfUnit
Used module:                 $paramod$31b4a60d4c392c8032c765add59e3b1dd88721d8\SdfUnit
Used module:         \peweaver_ppa_reset_sync

17.24. Analyzing design hierarchy..
Top module:  \peweaver_ppa_dual_fft_icg
Used module:     \peweaver_ppa_fft128
Used module:         \peweaver_halo_fft128_reference
Used module:             $paramod\FFT128_core\WIDTH=s32'00000000000000000000000000010000
Used module:                 $paramod\SdfUnit2\WIDTH=s32'00000000000000000000000000010000
Used module:                     $paramod$17914cfb50699f154dc59f1c3f8fd47b6e195f44\DelayBuffer
Used module:                     $paramod$5480229501c9659b6947fa834aa4fdab0727c259\Butterfly
Used module:                 $paramod$2ddc66fc3ffa8db41a4fa756ec19a2c9a0dc42f0\SdfUnit128
Used module:                     $paramod\Multiply\WIDTH=s32'00000000000000000000000000010000
Used module:                     \Twiddle128_core
Used module:                     $paramod$e31bf182a78b6901a30a1eec46d5e35479708b24\DelayBuffer
Used module:                     $paramod$cc7e198dbe1c7d8352a2bac47477dedd9788e883\Butterfly
Used module:                     $paramod$e8759a57fc147882a254734ce5d86afa730d93e5\DelayBuffer
Used module:                 $paramod$fe7cc57cd3904973768bae95b58499efa37dd589\SdfUnit128
Used module:                     $paramod$520663d7382152bf6f78fc2a37b254cea736bbce\DelayBuffer
Used module:                     $paramod$c542f2cdb8cf3fb2f7011f6438933e7913c8a609\DelayBuffer
Used module:                 $paramod$9ca5e247a0178b82f50f6db69488375424044dda\SdfUnit128
Used module:                     $paramod$468b6055748c1a70021cd219779b5d26906274a5\DelayBuffer
Used module:                     $paramod$6010395c8740f19344fd93aacef13621d2f67395\DelayBuffer
Used module:         \peweaver_ppa_reset_sync_128
Used module:     \peweaver_ppa_fft64
Used module:         \peweaver_halo_fft64_reference
Used module:             $paramod\FFT\WIDTH=s32'00000000000000000000000000010000
Used module:                 $paramod$25bb70cf5a48aa945caa779105562d3b5b1e4265\SdfUnit
Used module:                     \Twiddle
Used module:                 $paramod$e3b428dd0e3d22a099d4960bb16875dbfc951f1c\SdfUnit
Used module:                 $paramod$31b4a60d4c392c8032c765add59e3b1dd88721d8\SdfUnit
Used module:         \peweaver_ppa_reset_sync
Removing unused module `\SdfUnit128'.
Removing unused module `\FFT128_core'.
Removing unused module `\Multiply'.
Removing unused module `\DelayBuffer'.
Removing unused module `\Butterfly'.
Removing unused module `\SdfUnit2'.
Removing unused module `\SdfUnit'.
Removing unused module `\FFT'.
Removed 8 unused modules.

18. Executing SYNTH pass.

18.1. Executing HIERARCHY pass (managing design hierarchy).

18.1.1. Analyzing design hierarchy..
Top module:  \peweaver_ppa_dual_fft_icg
Used module:     \peweaver_ppa_fft128
Used module:         \peweaver_halo_fft128_reference
Used module:             $paramod\FFT128_core\WIDTH=s32'00000000000000000000000000010000
Used module:                 $paramod\SdfUnit2\WIDTH=s32'00000000000000000000000000010000
Used module:                     $paramod$17914cfb50699f154dc59f1c3f8fd47b6e195f44\DelayBuffer
Used module:                     $paramod$5480229501c9659b6947fa834aa4fdab0727c259\Butterfly
Used module:                 $paramod$2ddc66fc3ffa8db41a4fa756ec19a2c9a0dc42f0\SdfUnit128
Used module:                     $paramod\Multiply\WIDTH=s32'00000000000000000000000000010000
Used module:                     \Twiddle128_core
Used module:                     $paramod$e31bf182a78b6901a30a1eec46d5e35479708b24\DelayBuffer
Used module:                     $paramod$cc7e198dbe1c7d8352a2bac47477dedd9788e883\Butterfly
Used module:                     $paramod$e8759a57fc147882a254734ce5d86afa730d93e5\DelayBuffer
Used module:                 $paramod$fe7cc57cd3904973768bae95b58499efa37dd589\SdfUnit128
Used module:                     $paramod$520663d7382152bf6f78fc2a37b254cea736bbce\DelayBuffer
Used module:                     $paramod$c542f2cdb8cf3fb2f7011f6438933e7913c8a609\DelayBuffer
Used module:                 $paramod$9ca5e247a0178b82f50f6db69488375424044dda\SdfUnit128
Used module:                     $paramod$468b6055748c1a70021cd219779b5d26906274a5\DelayBuffer
Used module:                     $paramod$6010395c8740f19344fd93aacef13621d2f67395\DelayBuffer
Used module:         \peweaver_ppa_reset_sync_128
Used module:     \peweaver_ppa_fft64
Used module:         \peweaver_halo_fft64_reference
Used module:             $paramod\FFT\WIDTH=s32'00000000000000000000000000010000
Used module:                 $paramod$25bb70cf5a48aa945caa779105562d3b5b1e4265\SdfUnit
Used module:                     \Twiddle
Used module:                 $paramod$e3b428dd0e3d22a099d4960bb16875dbfc951f1c\SdfUnit
Used module:                 $paramod$31b4a60d4c392c8032c765add59e3b1dd88721d8\SdfUnit
Used module:         \peweaver_ppa_reset_sync

18.1.2. Analyzing design hierarchy..
Top module:  \peweaver_ppa_dual_fft_icg
Used module:     \peweaver_ppa_fft128
Used module:         \peweaver_halo_fft128_reference
Used module:             $paramod\FFT128_core\WIDTH=s32'00000000000000000000000000010000
Used module:                 $paramod\SdfUnit2\WIDTH=s32'00000000000000000000000000010000
Used module:                     $paramod$17914cfb50699f154dc59f1c3f8fd47b6e195f44\DelayBuffer
Used module:                     $paramod$5480229501c9659b6947fa834aa4fdab0727c259\Butterfly
Used module:                 $paramod$2ddc66fc3ffa8db41a4fa756ec19a2c9a0dc42f0\SdfUnit128
Used module:                     $paramod\Multiply\WIDTH=s32'00000000000000000000000000010000
Used module:                     \Twiddle128_core
Used module:                     $paramod$e31bf182a78b6901a30a1eec46d5e35479708b24\DelayBuffer
Used module:                     $paramod$cc7e198dbe1c7d8352a2bac47477dedd9788e883\Butterfly
Used module:                     $paramod$e8759a57fc147882a254734ce5d86afa730d93e5\DelayBuffer
Used module:                 $paramod$fe7cc57cd3904973768bae95b58499efa37dd589\SdfUnit128
Used module:                     $paramod$520663d7382152bf6f78fc2a37b254cea736bbce\DelayBuffer
Used module:                     $paramod$c542f2cdb8cf3fb2f7011f6438933e7913c8a609\DelayBuffer
Used module:                 $paramod$9ca5e247a0178b82f50f6db69488375424044dda\SdfUnit128
Used module:                     $paramod$468b6055748c1a70021cd219779b5d26906274a5\DelayBuffer
Used module:                     $paramod$6010395c8740f19344fd93aacef13621d2f67395\DelayBuffer
Used module:         \peweaver_ppa_reset_sync_128
Used module:     \peweaver_ppa_fft64
Used module:         \peweaver_halo_fft64_reference
Used module:             $paramod\FFT\WIDTH=s32'00000000000000000000000000010000
Used module:                 $paramod$25bb70cf5a48aa945caa779105562d3b5b1e4265\SdfUnit
Used module:                     \Twiddle
Used module:                 $paramod$e3b428dd0e3d22a099d4960bb16875dbfc951f1c\SdfUnit
Used module:                 $paramod$31b4a60d4c392c8032c765add59e3b1dd88721d8\SdfUnit
Used module:         \peweaver_ppa_reset_sync
Removed 0 unused modules.

18.2. Executing PROC pass (convert processes to netlists).

18.2.1. Executing PROC_CLEAN pass (remove empty switches from decision trees).
Cleaned up 0 empty switches.

18.2.2. Executing PROC_RMDEAD pass (remove dead branches from decision trees).
Marked 1 switch rules as full_case in process $proc$rtl/dual/sdfunit128.v:264$905 in module $paramod$9ca5e247a0178b82f50f6db69488375424044dda\SdfUnit128.
Marked 1 switch rules as full_case in process $proc$rtl/dual/sdfunit128.v:219$895 in module $paramod$9ca5e247a0178b82f50f6db69488375424044dda\SdfUnit128.
Marked 1 switch rules as full_case in process $proc$rtl/dual/sdfunit128.v:199$885 in module $paramod$9ca5e247a0178b82f50f6db69488375424044dda\SdfUnit128.
Marked 1 switch rules as full_case in process $proc$rtl/dual/sdfunit128.v:142$867 in module $paramod$9ca5e247a0178b82f50f6db69488375424044dda\SdfUnit128.
Marked 1 switch rules as full_case in process $proc$rtl/dual/sdfunit128.v:103$853 in module $paramod$9ca5e247a0178b82f50f6db69488375424044dda\SdfUnit128.
Marked 1 switch rules as full_case in process $proc$rtl/dual/sdfunit128.v:264$850 in module $paramod$fe7cc57cd3904973768bae95b58499efa37dd589\SdfUnit128.
Marked 1 switch rules as full_case in process $proc$rtl/dual/sdfunit128.v:219$840 in module $paramod$fe7cc57cd3904973768bae95b58499efa37dd589\SdfUnit128.
Marked 1 switch rules as full_case in process $proc$rtl/dual/sdfunit128.v:199$830 in module $paramod$fe7cc57cd3904973768bae95b58499efa37dd589\SdfUnit128.
Marked 1 switch rules as full_case in process $proc$rtl/dual/sdfunit128.v:142$812 in module $paramod$fe7cc57cd3904973768bae95b58499efa37dd589\SdfUnit128.
Marked 1 switch rules as full_case in process $proc$rtl/dual/sdfunit128.v:103$798 in module $paramod$fe7cc57cd3904973768bae95b58499efa37dd589\SdfUnit128.
Marked 1 switch rules as full_case in process $proc$rtl/dual/sdfunit128.v:264$795 in module $paramod$2ddc66fc3ffa8db41a4fa756ec19a2c9a0dc42f0\SdfUnit128.
Marked 1 switch rules as full_case in process $proc$rtl/dual/sdfunit128.v:219$785 in module $paramod$2ddc66fc3ffa8db41a4fa756ec19a2c9a0dc42f0\SdfUnit128.
Marked 1 switch rules as full_case in process $proc$rtl/dual/sdfunit128.v:199$775 in module $paramod$2ddc66fc3ffa8db41a4fa756ec19a2c9a0dc42f0\SdfUnit128.
Marked 1 switch rules as full_case in process $proc$rtl/dual/sdfunit128.v:142$757 in module $paramod$2ddc66fc3ffa8db41a4fa756ec19a2c9a0dc42f0\SdfUnit128.
Marked 1 switch rules as full_case in process $proc$rtl/dual/sdfunit128.v:103$743 in module $paramod$2ddc66fc3ffa8db41a4fa756ec19a2c9a0dc42f0\SdfUnit128.
Marked 1 switch rules as full_case in process $proc$../third_party/r22sdf/SdfUnit2.v:79$739 in module $paramod\SdfUnit2\WIDTH=s32'00000000000000000000000000010000.
Marked 1 switch rules as full_case in process $proc$../third_party/r22sdf/SdfUnit2.v:41$728 in module $paramod\SdfUnit2\WIDTH=s32'00000000000000000000000000010000.
Marked 1 switch rules as full_case in process $proc$../third_party/r22sdf/SdfUnit.v:264$727 in module $paramod$31b4a60d4c392c8032c765add59e3b1dd88721d8\SdfUnit.
Marked 1 switch rules as full_case in process $proc$../third_party/r22sdf/SdfUnit.v:219$717 in module $paramod$31b4a60d4c392c8032c765add59e3b1dd88721d8\SdfUnit.
Marked 1 switch rules as full_case in process $proc$../third_party/r22sdf/SdfUnit.v:199$707 in module $paramod$31b4a60d4c392c8032c765add59e3b1dd88721d8\SdfUnit.
Marked 1 switch rules as full_case in process $proc$../third_party/r22sdf/SdfUnit.v:142$689 in module $paramod$31b4a60d4c392c8032c765add59e3b1dd88721d8\SdfUnit.
Marked 1 switch rules as full_case in process $proc$../third_party/r22sdf/SdfUnit.v:103$675 in module $paramod$31b4a60d4c392c8032c765add59e3b1dd88721d8\SdfUnit.
Marked 1 switch rules as full_case in process $proc$../third_party/r22sdf/SdfUnit.v:264$672 in module $paramod$e3b428dd0e3d22a099d4960bb16875dbfc951f1c\SdfUnit.
Marked 1 switch rules as full_case in process $proc$../third_party/r22sdf/SdfUnit.v:219$662 in module $paramod$e3b428dd0e3d22a099d4960bb16875dbfc951f1c\SdfUnit.
Marked 1 switch rules as full_case in process $proc$../third_party/r22sdf/SdfUnit.v:199$652 in module $paramod$e3b428dd0e3d22a099d4960bb16875dbfc951f1c\SdfUnit.
Marked 1 switch rules as full_case in process $proc$../third_party/r22sdf/SdfUnit.v:142$634 in module $paramod$e3b428dd0e3d22a099d4960bb16875dbfc951f1c\SdfUnit.
Marked 1 switch rules as full_case in process $proc$../third_party/r22sdf/SdfUnit.v:103$620 in module $paramod$e3b428dd0e3d22a099d4960bb16875dbfc951f1c\SdfUnit.
Marked 1 switch rules as full_case in process $proc$../third_party/r22sdf/SdfUnit.v:264$617 in module $paramod$25bb70cf5a48aa945caa779105562d3b5b1e4265\SdfUnit.
Marked 1 switch rules as full_case in process $proc$../third_party/r22sdf/SdfUnit.v:219$607 in module $paramod$25bb70cf5a48aa945caa779105562d3b5b1e4265\SdfUnit.
Marked 1 switch rules as full_case in process $proc$../third_party/r22sdf/SdfUnit.v:199$597 in module $paramod$25bb70cf5a48aa945caa779105562d3b5b1e4265\SdfUnit.
Marked 1 switch rules as full_case in process $proc$../third_party/r22sdf/SdfUnit.v:142$579 in module $paramod$25bb70cf5a48aa945caa779105562d3b5b1e4265\SdfUnit.
Marked 1 switch rules as full_case in process $proc$../third_party/r22sdf/SdfUnit.v:103$565 in module $paramod$25bb70cf5a48aa945caa779105562d3b5b1e4265\SdfUnit.
Removed 1 dead cases from process $proc$rtl/dual/twiddle128_core.v:21$304 in module Twiddle128_core.
Marked 1 switch rules as full_case in process $proc$rtl/dual/twiddle128_core.v:21$304 in module Twiddle128_core.
Removed 1 dead cases from process $proc$rtl/dual/twiddle128_core.v:20$301 in module Twiddle128_core.
Marked 1 switch rules as full_case in process $proc$rtl/dual/twiddle128_core.v:20$301 in module Twiddle128_core.
Removed 1 dead cases from process $proc$../third_party/r22sdf/Twiddle64.v:21$111 in module Twiddle.
Marked 1 switch rules as full_case in process $proc$../third_party/r22sdf/Twiddle64.v:21$111 in module Twiddle.
Removed 1 dead cases from process $proc$../third_party/r22sdf/Twiddle64.v:20$108 in module Twiddle.
Marked 1 switch rules as full_case in process $proc$../third_party/r22sdf/Twiddle64.v:20$108 in module Twiddle.
Marked 1 switch rules as full_case in process $proc$rtl/peweaver_ppa_fft128.v:18$11 in module peweaver_ppa_reset_sync_128.
Marked 1 switch rules as full_case in process $proc$rtl/peweaver_ppa_fft64.v:26$10 in module peweaver_ppa_reset_sync.
Removed a total of 4 dead cases.

18.2.3. Executing PROC_PRUNE pass (remove redundant assignments in processes).
Removed 47 redundant assignments.
Promoted 709 assignments to connections.

18.2.4. Executing PROC_INIT pass (extract init attributes).

18.2.5. Executing PROC_ARST pass (detect async resets in processes).
Found async reset \reset in `$paramod$9ca5e247a0178b82f50f6db69488375424044dda\SdfUnit128.$proc$rtl/dual/sdfunit128.v:264$905'.
Found async reset \reset in `$paramod$9ca5e247a0178b82f50f6db69488375424044dda\SdfUnit128.$proc$rtl/dual/sdfunit128.v:219$895'.
Found async reset \reset in `$paramod$9ca5e247a0178b82f50f6db69488375424044dda\SdfUnit128.$proc$rtl/dual/sdfunit128.v:199$885'.
Found async reset \reset in `$paramod$9ca5e247a0178b82f50f6db69488375424044dda\SdfUnit128.$proc$rtl/dual/sdfunit128.v:142$867'.
Found async reset \reset in `$paramod$9ca5e247a0178b82f50f6db69488375424044dda\SdfUnit128.$proc$rtl/dual/sdfunit128.v:103$853'.
Found async reset \reset in `$paramod$fe7cc57cd3904973768bae95b58499efa37dd589\SdfUnit128.$proc$rtl/dual/sdfunit128.v:264$850'.
Found async reset \reset in `$paramod$fe7cc57cd3904973768bae95b58499efa37dd589\SdfUnit128.$proc$rtl/dual/sdfunit128.v:219$840'.
Found async reset \reset in `$paramod$fe7cc57cd3904973768bae95b58499efa37dd589\SdfUnit128.$proc$rtl/dual/sdfunit128.v:199$830'.
Found async reset \reset in `$paramod$fe7cc57cd3904973768bae95b58499efa37dd589\SdfUnit128.$proc$rtl/dual/sdfunit128.v:142$812'.
Found async reset \reset in `$paramod$fe7cc57cd3904973768bae95b58499efa37dd589\SdfUnit128.$proc$rtl/dual/sdfunit128.v:103$798'.
Found async reset \reset in `$paramod$2ddc66fc3ffa8db41a4fa756ec19a2c9a0dc42f0\SdfUnit128.$proc$rtl/dual/sdfunit128.v:264$795'.
Found async reset \reset in `$paramod$2ddc66fc3ffa8db41a4fa756ec19a2c9a0dc42f0\SdfUnit128.$proc$rtl/dual/sdfunit128.v:219$785'.
Found async reset \reset in `$paramod$2ddc66fc3ffa8db41a4fa756ec19a2c9a0dc42f0\SdfUnit128.$proc$rtl/dual/sdfunit128.v:199$775'.
Found async reset \reset in `$paramod$2ddc66fc3ffa8db41a4fa756ec19a2c9a0dc42f0\SdfUnit128.$proc$rtl/dual/sdfunit128.v:142$757'.
Found async reset \reset in `$paramod$2ddc66fc3ffa8db41a4fa756ec19a2c9a0dc42f0\SdfUnit128.$proc$rtl/dual/sdfunit128.v:103$743'.
Found async reset \reset in `$paramod\SdfUnit2\WIDTH=s32'00000000000000000000000000010000.$proc$../third_party/r22sdf/SdfUnit2.v:79$739'.
Found async reset \reset in `$paramod\SdfUnit2\WIDTH=s32'00000000000000000000000000010000.$proc$../third_party/r22sdf/SdfUnit2.v:41$728'.
Found async reset \reset in `$paramod$31b4a60d4c392c8032c765add59e3b1dd88721d8\SdfUnit.$proc$../third_party/r22sdf/SdfUnit.v:264$727'.
Found async reset \reset in `$paramod$31b4a60d4c392c8032c765add59e3b1dd88721d8\SdfUnit.$proc$../third_party/r22sdf/SdfUnit.v:219$717'.
Found async reset \reset in `$paramod$31b4a60d4c392c8032c765add59e3b1dd88721d8\SdfUnit.$proc$../third_party/r22sdf/SdfUnit.v:199$707'.
Found async reset \reset in `$paramod$31b4a60d4c392c8032c765add59e3b1dd88721d8\SdfUnit.$proc$../third_party/r22sdf/SdfUnit.v:142$689'.
Found async reset \reset in `$paramod$31b4a60d4c392c8032c765add59e3b1dd88721d8\SdfUnit.$proc$../third_party/r22sdf/SdfUnit.v:103$675'.
Found async reset \reset in `$paramod$e3b428dd0e3d22a099d4960bb16875dbfc951f1c\SdfUnit.$proc$../third_party/r22sdf/SdfUnit.v:264$672'.
Found async reset \reset in `$paramod$e3b428dd0e3d22a099d4960bb16875dbfc951f1c\SdfUnit.$proc$../third_party/r22sdf/SdfUnit.v:219$662'.
Found async reset \reset in `$paramod$e3b428dd0e3d22a099d4960bb16875dbfc951f1c\SdfUnit.$proc$../third_party/r22sdf/SdfUnit.v:199$652'.
Found async reset \reset in `$paramod$e3b428dd0e3d22a099d4960bb16875dbfc951f1c\SdfUnit.$proc$../third_party/r22sdf/SdfUnit.v:142$634'.
Found async reset \reset in `$paramod$e3b428dd0e3d22a099d4960bb16875dbfc951f1c\SdfUnit.$proc$../third_party/r22sdf/SdfUnit.v:103$620'.
Found async reset \reset in `$paramod$25bb70cf5a48aa945caa779105562d3b5b1e4265\SdfUnit.$proc$../third_party/r22sdf/SdfUnit.v:264$617'.
Found async reset \reset in `$paramod$25bb70cf5a48aa945caa779105562d3b5b1e4265\SdfUnit.$proc$../third_party/r22sdf/SdfUnit.v:219$607'.
Found async reset \reset in `$paramod$25bb70cf5a48aa945caa779105562d3b5b1e4265\SdfUnit.$proc$../third_party/r22sdf/SdfUnit.v:199$597'.
Found async reset \reset in `$paramod$25bb70cf5a48aa945caa779105562d3b5b1e4265\SdfUnit.$proc$../third_party/r22sdf/SdfUnit.v:142$579'.
Found async reset \reset in `$paramod$25bb70cf5a48aa945caa779105562d3b5b1e4265\SdfUnit.$proc$../third_party/r22sdf/SdfUnit.v:103$565'.
Found async reset \reset_async_in in `\peweaver_ppa_reset_sync_128.$proc$rtl/peweaver_ppa_fft128.v:18$11'.
Found async reset \reset_async_in in `\peweaver_ppa_reset_sync.$proc$rtl/peweaver_ppa_fft64.v:26$10'.

18.2.6. Executing PROC_ROM pass (convert switches to ROMs).
Converted 0 switches.
<suppressed ~4 debug messages>

18.2.7. Executing PROC_MUX pass (convert decision trees to multiplexers).
Creating decoders for process `$paramod$c542f2cdb8cf3fb2f7011f6438933e7913c8a609\DelayBuffer.$proc$../third_party/r22sdf/DelayBuffer.v:20$916'.
Creating decoders for process `$paramod$9ca5e247a0178b82f50f6db69488375424044dda\SdfUnit128.$proc$rtl/dual/sdfunit128.v:264$905'.
     1/1: $0\mu_do_en[0:0]
Creating decoders for process `$paramod$9ca5e247a0178b82f50f6db69488375424044dda\SdfUnit128.$proc$rtl/dual/sdfunit128.v:259$902'.
Creating decoders for process `$paramod$9ca5e247a0178b82f50f6db69488375424044dda\SdfUnit128.$proc$rtl/dual/sdfunit128.v:243$898'.
Creating decoders for process `$paramod$9ca5e247a0178b82f50f6db69488375424044dda\SdfUnit128.$proc$rtl/dual/sdfunit128.v:219$895'.
     1/1: $0\bf2_do_en[0:0]
Creating decoders for process `$paramod$9ca5e247a0178b82f50f6db69488375424044dda\SdfUnit128.$proc$rtl/dual/sdfunit128.v:214$894'.
Creating decoders for process `$paramod$9ca5e247a0178b82f50f6db69488375424044dda\SdfUnit128.$proc$rtl/dual/sdfunit128.v:209$890'.
Creating decoders for process `$paramod$9ca5e247a0178b82f50f6db69488375424044dda\SdfUnit128.$proc$rtl/dual/sdfunit128.v:199$885'.
     1/2: $0\bf2_count[6:0]
     2/2: $0\bf2_sp_en[0:0]
Creating decoders for process `$paramod$9ca5e247a0178b82f50f6db69488375424044dda\SdfUnit128.$proc$rtl/dual/sdfunit128.v:163$876'.
Creating decoders for process `$paramod$9ca5e247a0178b82f50f6db69488375424044dda\SdfUnit128.$proc$rtl/dual/sdfunit128.v:155$875'.
Creating decoders for process `$paramod$9ca5e247a0178b82f50f6db69488375424044dda\SdfUnit128.$proc$rtl/dual/sdfunit128.v:142$867'.
     1/2: $0\bf1_count[6:0]
     2/2: $0\bf1_sp_en[0:0]
Creating decoders for process `$paramod$9ca5e247a0178b82f50f6db69488375424044dda\SdfUnit128.$proc$rtl/dual/sdfunit128.v:103$853'.
     1/1: $0\di_count[6:0]
Creating decoders for process `$paramod$fe7cc57cd3904973768bae95b58499efa37dd589\SdfUnit128.$proc$rtl/dual/sdfunit128.v:264$850'.
     1/1: $0\mu_do_en[0:0]
Creating decoders for process `$paramod$fe7cc57cd3904973768bae95b58499efa37dd589\SdfUnit128.$proc$rtl/dual/sdfunit128.v:259$847'.
Creating decoders for process `$paramod$fe7cc57cd3904973768bae95b58499efa37dd589\SdfUnit128.$proc$rtl/dual/sdfunit128.v:243$843'.
Creating decoders for process `$paramod$fe7cc57cd3904973768bae95b58499efa37dd589\SdfUnit128.$proc$rtl/dual/sdfunit128.v:219$840'.
     1/1: $0\bf2_do_en[0:0]
Creating decoders for process `$paramod$fe7cc57cd3904973768bae95b58499efa37dd589\SdfUnit128.$proc$rtl/dual/sdfunit128.v:214$839'.
Creating decoders for process `$paramod$fe7cc57cd3904973768bae95b58499efa37dd589\SdfUnit128.$proc$rtl/dual/sdfunit128.v:209$835'.
Creating decoders for process `$paramod$fe7cc57cd3904973768bae95b58499efa37dd589\SdfUnit128.$proc$rtl/dual/sdfunit128.v:199$830'.
     1/2: $0\bf2_count[6:0]
     2/2: $0\bf2_sp_en[0:0]
Creating decoders for process `$paramod$fe7cc57cd3904973768bae95b58499efa37dd589\SdfUnit128.$proc$rtl/dual/sdfunit128.v:163$821'.
Creating decoders for process `$paramod$fe7cc57cd3904973768bae95b58499efa37dd589\SdfUnit128.$proc$rtl/dual/sdfunit128.v:155$820'.
Creating decoders for process `$paramod$fe7cc57cd3904973768bae95b58499efa37dd589\SdfUnit128.$proc$rtl/dual/sdfunit128.v:142$812'.
     1/2: $0\bf1_count[6:0]
     2/2: $0\bf1_sp_en[0:0]
Creating decoders for process `$paramod$fe7cc57cd3904973768bae95b58499efa37dd589\SdfUnit128.$proc$rtl/dual/sdfunit128.v:103$798'.
     1/1: $0\di_count[6:0]
Creating decoders for process `$paramod$2ddc66fc3ffa8db41a4fa756ec19a2c9a0dc42f0\SdfUnit128.$proc$rtl/dual/sdfunit128.v:264$795'.
     1/1: $0\mu_do_en[0:0]
Creating decoders for process `$paramod$2ddc66fc3ffa8db41a4fa756ec19a2c9a0dc42f0\SdfUnit128.$proc$rtl/dual/sdfunit128.v:259$792'.
Creating decoders for process `$paramod$2ddc66fc3ffa8db41a4fa756ec19a2c9a0dc42f0\SdfUnit128.$proc$rtl/dual/sdfunit128.v:243$788'.
Creating decoders for process `$paramod$2ddc66fc3ffa8db41a4fa756ec19a2c9a0dc42f0\SdfUnit128.$proc$rtl/dual/sdfunit128.v:219$785'.
     1/1: $0\bf2_do_en[0:0]
Creating decoders for process `$paramod$2ddc66fc3ffa8db41a4fa756ec19a2c9a0dc42f0\SdfUnit128.$proc$rtl/dual/sdfunit128.v:214$784'.
Creating decoders for process `$paramod$2ddc66fc3ffa8db41a4fa756ec19a2c9a0dc42f0\SdfUnit128.$proc$rtl/dual/sdfunit128.v:209$780'.
Creating decoders for process `$paramod$2ddc66fc3ffa8db41a4fa756ec19a2c9a0dc42f0\SdfUnit128.$proc$rtl/dual/sdfunit128.v:199$775'.
     1/2: $0\bf2_count[6:0]
     2/2: $0\bf2_sp_en[0:0]
Creating decoders for process `$paramod$2ddc66fc3ffa8db41a4fa756ec19a2c9a0dc42f0\SdfUnit128.$proc$rtl/dual/sdfunit128.v:163$766'.
Creating decoders for process `$paramod$2ddc66fc3ffa8db41a4fa756ec19a2c9a0dc42f0\SdfUnit128.$proc$rtl/dual/sdfunit128.v:155$765'.
Creating decoders for process `$paramod$2ddc66fc3ffa8db41a4fa756ec19a2c9a0dc42f0\SdfUnit128.$proc$rtl/dual/sdfunit128.v:142$757'.
     1/2: $0\bf1_count[6:0]
     2/2: $0\bf1_sp_en[0:0]
Creating decoders for process `$paramod$2ddc66fc3ffa8db41a4fa756ec19a2c9a0dc42f0\SdfUnit128.$proc$rtl/dual/sdfunit128.v:103$743'.
     1/1: $0\di_count[6:0]
Creating decoders for process `$paramod\SdfUnit2\WIDTH=s32'00000000000000000000000000010000.$proc$../third_party/r22sdf/SdfUnit2.v:89$740'.
Creating decoders for process `$paramod\SdfUnit2\WIDTH=s32'00000000000000000000000000010000.$proc$../third_party/r22sdf/SdfUnit2.v:79$739'.
     1/2: $0\do_en[0:0]
     2/2: $0\bf_sp_en[0:0]
Creating decoders for process `$paramod\SdfUnit2\WIDTH=s32'00000000000000000000000000010000.$proc$../third_party/r22sdf/SdfUnit2.v:41$728'.
     1/1: $0\bf_en[0:0]
Creating decoders for process `$paramod$31b4a60d4c392c8032c765add59e3b1dd88721d8\SdfUnit.$proc$../third_party/r22sdf/SdfUnit.v:264$727'.
     1/1: $0\mu_do_en[0:0]
Creating decoders for process `$paramod$31b4a60d4c392c8032c765add59e3b1dd88721d8\SdfUnit.$proc$../third_party/r22sdf/SdfUnit.v:259$724'.
Creating decoders for process `$paramod$31b4a60d4c392c8032c765add59e3b1dd88721d8\SdfUnit.$proc$../third_party/r22sdf/SdfUnit.v:243$720'.
Creating decoders for process `$paramod$31b4a60d4c392c8032c765add59e3b1dd88721d8\SdfUnit.$proc$../third_party/r22sdf/SdfUnit.v:219$717'.
     1/1: $0\bf2_do_en[0:0]
Creating decoders for process `$paramod$31b4a60d4c392c8032c765add59e3b1dd88721d8\SdfUnit.$proc$../third_party/r22sdf/SdfUnit.v:214$716'.
Creating decoders for process `$paramod$31b4a60d4c392c8032c765add59e3b1dd88721d8\SdfUnit.$proc$../third_party/r22sdf/SdfUnit.v:209$712'.
Creating decoders for process `$paramod$31b4a60d4c392c8032c765add59e3b1dd88721d8\SdfUnit.$proc$../third_party/r22sdf/SdfUnit.v:199$707'.
     1/2: $0\bf2_count[5:0]
     2/2: $0\bf2_sp_en[0:0]
Creating decoders for process `$paramod$31b4a60d4c392c8032c765add59e3b1dd88721d8\SdfUnit.$proc$../third_party/r22sdf/SdfUnit.v:163$698'.
Creating decoders for process `$paramod$31b4a60d4c392c8032c765add59e3b1dd88721d8\SdfUnit.$proc$../third_party/r22sdf/SdfUnit.v:155$697'.
Creating decoders for process `$paramod$31b4a60d4c392c8032c765add59e3b1dd88721d8\SdfUnit.$proc$../third_party/r22sdf/SdfUnit.v:142$689'.
     1/2: $0\bf1_count[5:0]
     2/2: $0\bf1_sp_en[0:0]
Creating decoders for process `$paramod$31b4a60d4c392c8032c765add59e3b1dd88721d8\SdfUnit.$proc$../third_party/r22sdf/SdfUnit.v:103$675'.
     1/1: $0\di_count[5:0]
Creating decoders for process `$paramod$e3b428dd0e3d22a099d4960bb16875dbfc951f1c\SdfUnit.$proc$../third_party/r22sdf/SdfUnit.v:264$672'.
     1/1: $0\mu_do_en[0:0]
Creating decoders for process `$paramod$e3b428dd0e3d22a099d4960bb16875dbfc951f1c\SdfUnit.$proc$../third_party/r22sdf/SdfUnit.v:259$669'.
Creating decoders for process `$paramod$e3b428dd0e3d22a099d4960bb16875dbfc951f1c\SdfUnit.$proc$../third_party/r22sdf/SdfUnit.v:243$665'.
Creating decoders for process `$paramod$e3b428dd0e3d22a099d4960bb16875dbfc951f1c\SdfUnit.$proc$../third_party/r22sdf/SdfUnit.v:219$662'.
     1/1: $0\bf2_do_en[0:0]
Creating decoders for process `$paramod$e3b428dd0e3d22a099d4960bb16875dbfc951f1c\SdfUnit.$proc$../third_party/r22sdf/SdfUnit.v:214$661'.
Creating decoders for process `$paramod$e3b428dd0e3d22a099d4960bb16875dbfc951f1c\SdfUnit.$proc$../third_party/r22sdf/SdfUnit.v:209$657'.
Creating decoders for process `$paramod$e3b428dd0e3d22a099d4960bb16875dbfc951f1c\SdfUnit.$proc$../third_party/r22sdf/SdfUnit.v:199$652'.
     1/2: $0\bf2_count[5:0]
     2/2: $0\bf2_sp_en[0:0]
Creating decoders for process `$paramod$e3b428dd0e3d22a099d4960bb16875dbfc951f1c\SdfUnit.$proc$../third_party/r22sdf/SdfUnit.v:163$643'.
Creating decoders for process `$paramod$e3b428dd0e3d22a099d4960bb16875dbfc951f1c\SdfUnit.$proc$../third_party/r22sdf/SdfUnit.v:155$642'.
Creating decoders for process `$paramod$e3b428dd0e3d22a099d4960bb16875dbfc951f1c\SdfUnit.$proc$../third_party/r22sdf/SdfUnit.v:142$634'.
     1/2: $0\bf1_count[5:0]
     2/2: $0\bf1_sp_en[0:0]
Creating decoders for process `$paramod$e3b428dd0e3d22a099d4960bb16875dbfc951f1c\SdfUnit.$proc$../third_party/r22sdf/SdfUnit.v:103$620'.
     1/1: $0\di_count[5:0]
Creating decoders for process `$paramod$25bb70cf5a48aa945caa779105562d3b5b1e4265\SdfUnit.$proc$../third_party/r22sdf/SdfUnit.v:264$617'.
     1/1: $0\mu_do_en[0:0]
Creating decoders for process `$paramod$25bb70cf5a48aa945caa779105562d3b5b1e4265\SdfUnit.$proc$../third_party/r22sdf/SdfUnit.v:259$614'.
Creating decoders for process `$paramod$25bb70cf5a48aa945caa779105562d3b5b1e4265\SdfUnit.$proc$../third_party/r22sdf/SdfUnit.v:243$610'.
Creating decoders for process `$paramod$25bb70cf5a48aa945caa779105562d3b5b1e4265\SdfUnit.$proc$../third_party/r22sdf/SdfUnit.v:219$607'.
     1/1: $0\bf2_do_en[0:0]
Creating decoders for process `$paramod$25bb70cf5a48aa945caa779105562d3b5b1e4265\SdfUnit.$proc$../third_party/r22sdf/SdfUnit.v:214$606'.
Creating decoders for process `$paramod$25bb70cf5a48aa945caa779105562d3b5b1e4265\SdfUnit.$proc$../third_party/r22sdf/SdfUnit.v:209$602'.
Creating decoders for process `$paramod$25bb70cf5a48aa945caa779105562d3b5b1e4265\SdfUnit.$proc$../third_party/r22sdf/SdfUnit.v:199$597'.
     1/2: $0\bf2_count[5:0]
     2/2: $0\bf2_sp_en[0:0]
Creating decoders for process `$paramod$25bb70cf5a48aa945caa779105562d3b5b1e4265\SdfUnit.$proc$../third_party/r22sdf/SdfUnit.v:163$588'.
Creating decoders for process `$paramod$25bb70cf5a48aa945caa779105562d3b5b1e4265\SdfUnit.$proc$../third_party/r22sdf/SdfUnit.v:155$587'.
Creating decoders for process `$paramod$25bb70cf5a48aa945caa779105562d3b5b1e4265\SdfUnit.$proc$../third_party/r22sdf/SdfUnit.v:142$579'.
     1/2: $0\bf1_count[5:0]
     2/2: $0\bf1_sp_en[0:0]
Creating decoders for process `$paramod$25bb70cf5a48aa945caa779105562d3b5b1e4265\SdfUnit.$proc$../third_party/r22sdf/SdfUnit.v:103$565'.
     1/1: $0\di_count[5:0]
Creating decoders for process `\Twiddle128_core.$proc$rtl/dual/twiddle128_core.v:166$562'.
Creating decoders for process `\Twiddle128_core.$proc$rtl/dual/twiddle128_core.v:166$561'.
Creating decoders for process `\Twiddle128_core.$proc$rtl/dual/twiddle128_core.v:165$560'.
Creating decoders for process `\Twiddle128_core.$proc$rtl/dual/twiddle128_core.v:165$559'.
Creating decoders for process `\Twiddle128_core.$proc$rtl/dual/twiddle128_core.v:164$558'.
Creating decoders for process `\Twiddle128_core.$proc$rtl/dual/twiddle128_core.v:164$557'.
Creating decoders for process `\Twiddle128_core.$proc$rtl/dual/twiddle128_core.v:163$556'.
Creating decoders for process `\Twiddle128_core.$proc$rtl/dual/twiddle128_core.v:163$555'.
Creating decoders for process `\Twiddle128_core.$proc$rtl/dual/twiddle128_core.v:162$554'.
Creating decoders for process `\Twiddle128_core.$proc$rtl/dual/twiddle128_core.v:162$553'.
Creating decoders for process `\Twiddle128_core.$proc$rtl/dual/twiddle128_core.v:161$552'.
Creating decoders for process `\Twiddle128_core.$proc$rtl/dual/twiddle128_core.v:161$551'.
Creating decoders for process `\Twiddle128_core.$proc$rtl/dual/twiddle128_core.v:160$550'.
Creating decoders for process `\Twiddle128_core.$proc$rtl/dual/twiddle128_core.v:160$549'.
Creating decoders for process `\Twiddle128_core.$proc$rtl/dual/twiddle128_core.v:159$548'.
Creating decoders for process `\Twiddle128_core.$proc$rtl/dual/twiddle128_core.v:159$547'.
Creating decoders for process `\Twiddle128_core.$proc$rtl/dual/twiddle128_core.v:158$546'.
Creating decoders for process `\Twiddle128_core.$proc$rtl/dual/twiddle128_core.v:158$545'.
Creating decoders for process `\Twiddle128_core.$proc$rtl/dual/twiddle128_core.v:157$544'.
Creating decoders for process `\Twiddle128_core.$proc$rtl/dual/twiddle128_core.v:157$543'.
Creating decoders for process `\Twiddle128_core.$proc$rtl/dual/twiddle128_core.v:156$542'.
Creating decoders for process `\Twiddle128_core.$proc$rtl/dual/twiddle128_core.v:156$541'.
Creating decoders for process `\Twiddle128_core.$proc$rtl/dual/twiddle128_core.v:155$540'.
Creating decoders for process `\Twiddle128_core.$proc$rtl/dual/twiddle128_core.v:155$539'.
Creating decoders for process `\Twiddle128_core.$proc$rtl/dual/twiddle128_core.v:154$538'.
Creating decoders for process `\Twiddle128_core.$proc$rtl/dual/twiddle128_core.v:154$537'.
Creating decoders for process `\Twiddle128_core.$proc$rtl/dual/twiddle128_core.v:153$536'.
Creating decoders for process `\Twiddle128_core.$proc$rtl/dual/twiddle128_core.v:153$535'.
Creating decoders for process `\Twiddle128_core.$proc$rtl/dual/twiddle128_core.v:152$534'.
Creating decoders for process `\Twiddle128_core.$proc$rtl/dual/twiddle128_core.v:152$533'.
Creating decoders for process `\Twiddle128_core.$proc$rtl/dual/twiddle128_core.v:151$532'.
Creating decoders for process `\Twiddle128_core.$proc$rtl/dual/twiddle128_core.v:151$531'.
Creating decoders for process `\Twiddle128_core.$proc$rtl/dual/twiddle128_core.v:150$530'.
Creating decoders for process `\Twiddle128_core.$proc$rtl/dual/twiddle128_core.v:150$529'.
Creating decoders for process `\Twiddle128_core.$proc$rtl/dual/twiddle128_core.v:149$528'.
Creating decoders for process `\Twiddle128_core.$proc$rtl/dual/twiddle128_core.v:149$527'.
Creating decoders for process `\Twiddle128_core.$proc$rtl/dual/twiddle128_core.v:148$526'.
Creating decoders for process `\Twiddle128_core.$proc$rtl/dual/twiddle128_core.v:148$525'.
Creating decoders for process `\Twiddle128_core.$proc$rtl/dual/twiddle128_core.v:147$524'.
Creating decoders for process `\Twiddle128_core.$proc$rtl/dual/twiddle128_core.v:147$523'.
Creating decoders for process `\Twiddle128_core.$proc$rtl/dual/twiddle128_core.v:146$522'.
Creating decoders for process `\Twiddle128_core.$proc$rtl/dual/twiddle128_core.v:146$521'.
Creating decoders for process `\Twiddle128_core.$proc$rtl/dual/twiddle128_core.v:145$520'.
Creating decoders for process `\Twiddle128_core.$proc$rtl/dual/twiddle128_core.v:145$519'.
Creating decoders for process `\Twiddle128_core.$proc$rtl/dual/twiddle128_core.v:144$518'.
Creating decoders for process `\Twiddle128_core.$proc$rtl/dual/twiddle128_core.v:144$517'.
Creating decoders for process `\Twiddle128_core.$proc$rtl/dual/twiddle128_core.v:143$516'.
Creating decoders for process `\Twiddle128_core.$proc$rtl/dual/twiddle128_core.v:143$515'.
Creating decoders for process `\Twiddle128_core.$proc$rtl/dual/twiddle128_core.v:142$514'.
Creating decoders for process `\Twiddle128_core.$proc$rtl/dual/twiddle128_core.v:142$513'.
Creating decoders for process `\Twiddle128_core.$proc$rtl/dual/twiddle128_core.v:141$512'.
Creating decoders for process `\Twiddle128_core.$proc$rtl/dual/twiddle128_core.v:141$511'.
Creating decoders for process `\Twiddle128_core.$proc$rtl/dual/twiddle128_core.v:140$510'.
Creating decoders for process `\Twiddle128_core.$proc$rtl/dual/twiddle128_core.v:140$509'.
Creating decoders for process `\Twiddle128_core.$proc$rtl/dual/twiddle128_core.v:139$508'.
Creating decoders for process `\Twiddle128_core.$proc$rtl/dual/twiddle128_core.v:139$507'.
Creating decoders for process `\Twiddle128_core.$proc$rtl/dual/twiddle128_core.v:138$506'.
Creating decoders for process `\Twiddle128_core.$proc$rtl/dual/twiddle128_core.v:138$505'.
Creating decoders for process `\Twiddle128_core.$proc$rtl/dual/twiddle128_core.v:137$504'.
Creating decoders for process `\Twiddle128_core.$proc$rtl/dual/twiddle128_core.v:137$503'.
Creating decoders for process `\Twiddle128_core.$proc$rtl/dual/twiddle128_core.v:136$502'.
Creating decoders for process `\Twiddle128_core.$proc$rtl/dual/twiddle128_core.v:136$501'.
Creating decoders for process `\Twiddle128_core.$proc$rtl/dual/twiddle128_core.v:135$500'.
Creating decoders for process `\Twiddle128_core.$proc$rtl/dual/twiddle128_core.v:135$499'.
Creating decoders for process `\Twiddle128_core.$proc$rtl/dual/twiddle128_core.v:134$498'.
Creating decoders for process `\Twiddle128_core.$proc$rtl/dual/twiddle128_core.v:134$497'.
Creating decoders for process `\Twiddle128_core.$proc$rtl/dual/twiddle128_core.v:133$496'.
Creating decoders for process `\Twiddle128_core.$proc$rtl/dual/twiddle128_core.v:133$495'.
Creating decoders for process `\Twiddle128_core.$proc$rtl/dual/twiddle128_core.v:132$494'.
Creating decoders for process `\Twiddle128_core.$proc$rtl/dual/twiddle128_core.v:132$493'.
Creating decoders for process `\Twiddle128_core.$proc$rtl/dual/twiddle128_core.v:131$492'.
Creating decoders for process `\Twiddle128_core.$proc$rtl/dual/twiddle128_core.v:131$491'.
Creating decoders for process `\Twiddle128_core.$proc$rtl/dual/twiddle128_core.v:130$490'.
Creating decoders for process `\Twiddle128_core.$proc$rtl/dual/twiddle128_core.v:130$489'.
Creating decoders for process `\Twiddle128_core.$proc$rtl/dual/twiddle128_core.v:129$488'.
Creating decoders for process `\Twiddle128_core.$proc$rtl/dual/twiddle128_core.v:129$487'.
Creating decoders for process `\Twiddle128_core.$proc$rtl/dual/twiddle128_core.v:128$486'.
Creating decoders for process `\Twiddle128_core.$proc$rtl/dual/twiddle128_core.v:128$485'.
Creating decoders for process `\Twiddle128_core.$proc$rtl/dual/twiddle128_core.v:127$484'.
Creating decoders for process `\Twiddle128_core.$proc$rtl/dual/twiddle128_core.v:127$483'.
Creating decoders for process `\Twiddle128_core.$proc$rtl/dual/twiddle128_core.v:126$482'.
Creating decoders for process `\Twiddle128_core.$proc$rtl/dual/twiddle128_core.v:126$481'.
Creating decoders for process `\Twiddle128_core.$proc$rtl/dual/twiddle128_core.v:125$480'.
Creating decoders for process `\Twiddle128_core.$proc$rtl/dual/twiddle128_core.v:125$479'.
Creating decoders for process `\Twiddle128_core.$proc$rtl/dual/twiddle128_core.v:124$478'.
Creating decoders for process `\Twiddle128_core.$proc$rtl/dual/twiddle128_core.v:124$477'.
Creating decoders for process `\Twiddle128_core.$proc$rtl/dual/twiddle128_core.v:123$476'.
Creating decoders for process `\Twiddle128_core.$proc$rtl/dual/twiddle128_core.v:123$475'.
Creating decoders for process `\Twiddle128_core.$proc$rtl/dual/twiddle128_core.v:122$474'.
Creating decoders for process `\Twiddle128_core.$proc$rtl/dual/twiddle128_core.v:122$473'.
Creating decoders for process `\Twiddle128_core.$proc$rtl/dual/twiddle128_core.v:121$472'.
Creating decoders for process `\Twiddle128_core.$proc$rtl/dual/twiddle128_core.v:121$471'.
Creating decoders for process `\Twiddle128_core.$proc$rtl/dual/twiddle128_core.v:120$470'.
Creating decoders for process `\Twiddle128_core.$proc$rtl/dual/twiddle128_core.v:120$469'.
Creating decoders for process `\Twiddle128_core.$proc$rtl/dual/twiddle128_core.v:119$468'.
Creating decoders for process `\Twiddle128_core.$proc$rtl/dual/twiddle128_core.v:119$467'.
Creating decoders for process `\Twiddle128_core.$proc$rtl/dual/twiddle128_core.v:118$466'.
Creating decoders for process `\Twiddle128_core.$proc$rtl/dual/twiddle128_core.v:118$465'.
Creating decoders for process `\Twiddle128_core.$proc$rtl/dual/twiddle128_core.v:117$464'.
Creating decoders for process `\Twiddle128_core.$proc$rtl/dual/twiddle128_core.v:117$463'.
Creating decoders for process `\Twiddle128_core.$proc$rtl/dual/twiddle128_core.v:116$462'.
Creating decoders for process `\Twiddle128_core.$proc$rtl/dual/twiddle128_core.v:116$461'.
Creating decoders for process `\Twiddle128_core.$proc$rtl/dual/twiddle128_core.v:115$460'.
Creating decoders for process `\Twiddle128_core.$proc$rtl/dual/twiddle128_core.v:115$459'.
Creating decoders for process `\Twiddle128_core.$proc$rtl/dual/twiddle128_core.v:114$458'.
Creating decoders for process `\Twiddle128_core.$proc$rtl/dual/twiddle128_core.v:114$457'.
Creating decoders for process `\Twiddle128_core.$proc$rtl/dual/twiddle128_core.v:113$456'.
Creating decoders for process `\Twiddle128_core.$proc$rtl/dual/twiddle128_core.v:113$455'.
Creating decoders for process `\Twiddle128_core.$proc$rtl/dual/twiddle128_core.v:112$454'.
Creating decoders for process `\Twiddle128_core.$proc$rtl/dual/twiddle128_core.v:112$453'.
Creating decoders for process `\Twiddle128_core.$proc$rtl/dual/twiddle128_core.v:111$452'.
Creating decoders for process `\Twiddle128_core.$proc$rtl/dual/twiddle128_core.v:111$451'.
Creating decoders for process `\Twiddle128_core.$proc$rtl/dual/twiddle128_core.v:110$450'.
Creating decoders for process `\Twiddle128_core.$proc$rtl/dual/twiddle128_core.v:110$449'.
Creating decoders for process `\Twiddle128_core.$proc$rtl/dual/twiddle128_core.v:109$448'.
Creating decoders for process `\Twiddle128_core.$proc$rtl/dual/twiddle128_core.v:109$447'.
Creating decoders for process `\Twiddle128_core.$proc$rtl/dual/twiddle128_core.v:108$446'.
Creating decoders for process `\Twiddle128_core.$proc$rtl/dual/twiddle128_core.v:108$445'.
Creating decoders for process `\Twiddle128_core.$proc$rtl/dual/twiddle128_core.v:107$444'.
Creating decoders for process `\Twiddle128_core.$proc$rtl/dual/twiddle128_core.v:107$443'.
Creating decoders for process `\Twiddle128_core.$proc$rtl/dual/twiddle128_core.v:106$442'.
Creating decoders for process `\Twiddle128_core.$proc$rtl/dual/twiddle128_core.v:106$441'.
Creating decoders for process `\Twiddle128_core.$proc$rtl/dual/twiddle128_core.v:105$440'.
Creating decoders for process `\Twiddle128_core.$proc$rtl/dual/twiddle128_core.v:105$439'.
Creating decoders for process `\Twiddle128_core.$proc$rtl/dual/twiddle128_core.v:104$438'.
Creating decoders for process `\Twiddle128_core.$proc$rtl/dual/twiddle128_core.v:104$437'.
Creating decoders for process `\Twiddle128_core.$proc$rtl/dual/twiddle128_core.v:103$436'.
Creating decoders for process `\Twiddle128_core.$proc$rtl/dual/twiddle128_core.v:103$435'.
Creating decoders for process `\Twiddle128_core.$proc$rtl/dual/twiddle128_core.v:102$434'.
Creating decoders for process `\Twiddle128_core.$proc$rtl/dual/twiddle128_core.v:102$433'.
Creating decoders for process `\Twiddle128_core.$proc$rtl/dual/twiddle128_core.v:101$432'.
Creating decoders for process `\Twiddle128_core.$proc$rtl/dual/twiddle128_core.v:101$431'.
Creating decoders for process `\Twiddle128_core.$proc$rtl/dual/twiddle128_core.v:100$430'.
Creating decoders for process `\Twiddle128_core.$proc$rtl/dual/twiddle128_core.v:100$429'.
Creating decoders for process `\Twiddle128_core.$proc$rtl/dual/twiddle128_core.v:99$428'.
Creating decoders for process `\Twiddle128_core.$proc$rtl/dual/twiddle128_core.v:99$427'.
Creating decoders for process `\Twiddle128_core.$proc$rtl/dual/twiddle128_core.v:98$426'.
Creating decoders for process `\Twiddle128_core.$proc$rtl/dual/twiddle128_core.v:98$425'.
Creating decoders for process `\Twiddle128_core.$proc$rtl/dual/twiddle128_core.v:97$424'.
Creating decoders for process `\Twiddle128_core.$proc$rtl/dual/twiddle128_core.v:97$423'.
Creating decoders for process `\Twiddle128_core.$proc$rtl/dual/twiddle128_core.v:96$422'.
Creating decoders for process `\Twiddle128_core.$proc$rtl/dual/twiddle128_core.v:96$421'.
Creating decoders for process `\Twiddle128_core.$proc$rtl/dual/twiddle128_core.v:95$420'.
Creating decoders for process `\Twiddle128_core.$proc$rtl/dual/twiddle128_core.v:95$419'.
Creating decoders for process `\Twiddle128_core.$proc$rtl/dual/twiddle128_core.v:94$418'.
Creating decoders for process `\Twiddle128_core.$proc$rtl/dual/twiddle128_core.v:94$417'.
Creating decoders for process `\Twiddle128_core.$proc$rtl/dual/twiddle128_core.v:93$416'.
Creating decoders for process `\Twiddle128_core.$proc$rtl/dual/twiddle128_core.v:93$415'.
Creating decoders for process `\Twiddle128_core.$proc$rtl/dual/twiddle128_core.v:92$414'.
Creating decoders for process `\Twiddle128_core.$proc$rtl/dual/twiddle128_core.v:92$413'.
Creating decoders for process `\Twiddle128_core.$proc$rtl/dual/twiddle128_core.v:91$412'.
Creating decoders for process `\Twiddle128_core.$proc$rtl/dual/twiddle128_core.v:91$411'.
Creating decoders for process `\Twiddle128_core.$proc$rtl/dual/twiddle128_core.v:90$410'.
Creating decoders for process `\Twiddle128_core.$proc$rtl/dual/twiddle128_core.v:90$409'.
Creating decoders for process `\Twiddle128_core.$proc$rtl/dual/twiddle128_core.v:89$408'.
Creating decoders for process `\Twiddle128_core.$proc$rtl/dual/twiddle128_core.v:89$407'.
Creating decoders for process `\Twiddle128_core.$proc$rtl/dual/twiddle128_core.v:88$406'.
Creating decoders for process `\Twiddle128_core.$proc$rtl/dual/twiddle128_core.v:88$405'.
Creating decoders for process `\Twiddle128_core.$proc$rtl/dual/twiddle128_core.v:87$404'.
Creating decoders for process `\Twiddle128_core.$proc$rtl/dual/twiddle128_core.v:87$403'.
Creating decoders for process `\Twiddle128_core.$proc$rtl/dual/twiddle128_core.v:86$402'.
Creating decoders for process `\Twiddle128_core.$proc$rtl/dual/twiddle128_core.v:86$401'.
Creating decoders for process `\Twiddle128_core.$proc$rtl/dual/twiddle128_core.v:85$400'.
Creating decoders for process `\Twiddle128_core.$proc$rtl/dual/twiddle128_core.v:85$399'.
Creating decoders for process `\Twiddle128_core.$proc$rtl/dual/twiddle128_core.v:84$398'.
Creating decoders for process `\Twiddle128_core.$proc$rtl/dual/twiddle128_core.v:84$397'.
Creating decoders for process `\Twiddle128_core.$proc$rtl/dual/twiddle128_core.v:83$396'.
Creating decoders for process `\Twiddle128_core.$proc$rtl/dual/twiddle128_core.v:83$395'.
Creating decoders for process `\Twiddle128_core.$proc$rtl/dual/twiddle128_core.v:82$394'.
Creating decoders for process `\Twiddle128_core.$proc$rtl/dual/twiddle128_core.v:82$393'.
Creating decoders for process `\Twiddle128_core.$proc$rtl/dual/twiddle128_core.v:81$392'.
Creating decoders for process `\Twiddle128_core.$proc$rtl/dual/twiddle128_core.v:81$391'.
Creating decoders for process `\Twiddle128_core.$proc$rtl/dual/twiddle128_core.v:80$390'.
Creating decoders for process `\Twiddle128_core.$proc$rtl/dual/twiddle128_core.v:80$389'.
Creating decoders for process `\Twiddle128_core.$proc$rtl/dual/twiddle128_core.v:79$388'.
Creating decoders for process `\Twiddle128_core.$proc$rtl/dual/twiddle128_core.v:79$387'.
Creating decoders for process `\Twiddle128_core.$proc$rtl/dual/twiddle128_core.v:78$386'.
Creating decoders for process `\Twiddle128_core.$proc$rtl/dual/twiddle128_core.v:78$385'.
Creating decoders for process `\Twiddle128_core.$proc$rtl/dual/twiddle128_core.v:77$384'.
Creating decoders for process `\Twiddle128_core.$proc$rtl/dual/twiddle128_core.v:77$383'.
Creating decoders for process `\Twiddle128_core.$proc$rtl/dual/twiddle128_core.v:76$382'.
Creating decoders for process `\Twiddle128_core.$proc$rtl/dual/twiddle128_core.v:76$381'.
Creating decoders for process `\Twiddle128_core.$proc$rtl/dual/twiddle128_core.v:75$380'.
Creating decoders for process `\Twiddle128_core.$proc$rtl/dual/twiddle128_core.v:75$379'.
Creating decoders for process `\Twiddle128_core.$proc$rtl/dual/twiddle128_core.v:74$378'.
Creating decoders for process `\Twiddle128_core.$proc$rtl/dual/twiddle128_core.v:74$377'.
Creating decoders for process `\Twiddle128_core.$proc$rtl/dual/twiddle128_core.v:73$376'.
Creating decoders for process `\Twiddle128_core.$proc$rtl/dual/twiddle128_core.v:73$375'.
Creating decoders for process `\Twiddle128_core.$proc$rtl/dual/twiddle128_core.v:72$374'.
Creating decoders for process `\Twiddle128_core.$proc$rtl/dual/twiddle128_core.v:72$373'.
Creating decoders for process `\Twiddle128_core.$proc$rtl/dual/twiddle128_core.v:71$372'.
Creating decoders for process `\Twiddle128_core.$proc$rtl/dual/twiddle128_core.v:71$371'.
Creating decoders for process `\Twiddle128_core.$proc$rtl/dual/twiddle128_core.v:70$370'.
Creating decoders for process `\Twiddle128_core.$proc$rtl/dual/twiddle128_core.v:70$369'.
Creating decoders for process `\Twiddle128_core.$proc$rtl/dual/twiddle128_core.v:69$368'.
Creating decoders for process `\Twiddle128_core.$proc$rtl/dual/twiddle128_core.v:69$367'.
Creating decoders for process `\Twiddle128_core.$proc$rtl/dual/twiddle128_core.v:68$366'.
Creating decoders for process `\Twiddle128_core.$proc$rtl/dual/twiddle128_core.v:68$365'.
Creating decoders for process `\Twiddle128_core.$proc$rtl/dual/twiddle128_core.v:67$364'.
Creating decoders for process `\Twiddle128_core.$proc$rtl/dual/twiddle128_core.v:67$363'.
Creating decoders for process `\Twiddle128_core.$proc$rtl/dual/twiddle128_core.v:66$362'.
Creating decoders for process `\Twiddle128_core.$proc$rtl/dual/twiddle128_core.v:66$361'.
Creating decoders for process `\Twiddle128_core.$proc$rtl/dual/twiddle128_core.v:65$360'.
Creating decoders for process `\Twiddle128_core.$proc$rtl/dual/twiddle128_core.v:65$359'.
Creating decoders for process `\Twiddle128_core.$proc$rtl/dual/twiddle128_core.v:64$358'.
Creating decoders for process `\Twiddle128_core.$proc$rtl/dual/twiddle128_core.v:64$357'.
Creating decoders for process `\Twiddle128_core.$proc$rtl/dual/twiddle128_core.v:63$356'.
Creating decoders for process `\Twiddle128_core.$proc$rtl/dual/twiddle128_core.v:63$355'.
Creating decoders for process `\Twiddle128_core.$proc$rtl/dual/twiddle128_core.v:62$354'.
Creating decoders for process `\Twiddle128_core.$proc$rtl/dual/twiddle128_core.v:62$353'.
Creating decoders for process `\Twiddle128_core.$proc$rtl/dual/twiddle128_core.v:61$352'.
Creating decoders for process `\Twiddle128_core.$proc$rtl/dual/twiddle128_core.v:61$351'.
Creating decoders for process `\Twiddle128_core.$proc$rtl/dual/twiddle128_core.v:60$350'.
Creating decoders for process `\Twiddle128_core.$proc$rtl/dual/twiddle128_core.v:60$349'.
Creating decoders for process `\Twiddle128_core.$proc$rtl/dual/twiddle128_core.v:59$348'.
Creating decoders for process `\Twiddle128_core.$proc$rtl/dual/twiddle128_core.v:59$347'.
Creating decoders for process `\Twiddle128_core.$proc$rtl/dual/twiddle128_core.v:58$346'.
Creating decoders for process `\Twiddle128_core.$proc$rtl/dual/twiddle128_core.v:58$345'.
Creating decoders for process `\Twiddle128_core.$proc$rtl/dual/twiddle128_core.v:57$344'.
Creating decoders for process `\Twiddle128_core.$proc$rtl/dual/twiddle128_core.v:57$343'.
Creating decoders for process `\Twiddle128_core.$proc$rtl/dual/twiddle128_core.v:56$342'.
Creating decoders for process `\Twiddle128_core.$proc$rtl/dual/twiddle128_core.v:56$341'.
Creating decoders for process `\Twiddle128_core.$proc$rtl/dual/twiddle128_core.v:55$340'.
Creating decoders for process `\Twiddle128_core.$proc$rtl/dual/twiddle128_core.v:55$339'.
Creating decoders for process `\Twiddle128_core.$proc$rtl/dual/twiddle128_core.v:54$338'.
Creating decoders for process `\Twiddle128_core.$proc$rtl/dual/twiddle128_core.v:54$337'.
Creating decoders for process `\Twiddle128_core.$proc$rtl/dual/twiddle128_core.v:53$336'.
Creating decoders for process `\Twiddle128_core.$proc$rtl/dual/twiddle128_core.v:53$335'.
Creating decoders for process `\Twiddle128_core.$proc$rtl/dual/twiddle128_core.v:52$334'.
Creating decoders for process `\Twiddle128_core.$proc$rtl/dual/twiddle128_core.v:52$333'.
Creating decoders for process `\Twiddle128_core.$proc$rtl/dual/twiddle128_core.v:51$332'.
Creating decoders for process `\Twiddle128_core.$proc$rtl/dual/twiddle128_core.v:51$331'.
Creating decoders for process `\Twiddle128_core.$proc$rtl/dual/twiddle128_core.v:50$330'.
Creating decoders for process `\Twiddle128_core.$proc$rtl/dual/twiddle128_core.v:50$329'.
Creating decoders for process `\Twiddle128_core.$proc$rtl/dual/twiddle128_core.v:49$328'.
Creating decoders for process `\Twiddle128_core.$proc$rtl/dual/twiddle128_core.v:49$327'.
Creating decoders for process `\Twiddle128_core.$proc$rtl/dual/twiddle128_core.v:48$326'.
Creating decoders for process `\Twiddle128_core.$proc$rtl/dual/twiddle128_core.v:48$325'.
Creating decoders for process `\Twiddle128_core.$proc$rtl/dual/twiddle128_core.v:47$324'.
Creating decoders for process `\Twiddle128_core.$proc$rtl/dual/twiddle128_core.v:47$323'.
Creating decoders for process `\Twiddle128_core.$proc$rtl/dual/twiddle128_core.v:46$322'.
Creating decoders for process `\Twiddle128_core.$proc$rtl/dual/twiddle128_core.v:46$321'.
Creating decoders for process `\Twiddle128_core.$proc$rtl/dual/twiddle128_core.v:45$320'.
Creating decoders for process `\Twiddle128_core.$proc$rtl/dual/twiddle128_core.v:45$319'.
Creating decoders for process `\Twiddle128_core.$proc$rtl/dual/twiddle128_core.v:44$318'.
Creating decoders for process `\Twiddle128_core.$proc$rtl/dual/twiddle128_core.v:44$317'.
Creating decoders for process `\Twiddle128_core.$proc$rtl/dual/twiddle128_core.v:43$316'.
Creating decoders for process `\Twiddle128_core.$proc$rtl/dual/twiddle128_core.v:43$315'.
Creating decoders for process `\Twiddle128_core.$proc$rtl/dual/twiddle128_core.v:42$314'.
Creating decoders for process `\Twiddle128_core.$proc$rtl/dual/twiddle128_core.v:42$313'.
Creating decoders for process `\Twiddle128_core.$proc$rtl/dual/twiddle128_core.v:41$312'.
Creating decoders for process `\Twiddle128_core.$proc$rtl/dual/twiddle128_core.v:41$311'.
Creating decoders for process `\Twiddle128_core.$proc$rtl/dual/twiddle128_core.v:40$310'.
Creating decoders for process `\Twiddle128_core.$proc$rtl/dual/twiddle128_core.v:40$309'.
Creating decoders for process `\Twiddle128_core.$proc$rtl/dual/twiddle128_core.v:39$308'.
Creating decoders for process `\Twiddle128_core.$proc$rtl/dual/twiddle128_core.v:39$307'.
Creating decoders for process `\Twiddle128_core.$proc$rtl/dual/twiddle128_core.v:21$304'.
     1/1: $1$mem2reg_rd$\wn_im$rtl/dual/twiddle128_core.v:21$299_DATA[15:0]$306
Creating decoders for process `\Twiddle128_core.$proc$rtl/dual/twiddle128_core.v:20$301'.
     1/1: $1$mem2reg_rd$\wn_re$rtl/dual/twiddle128_core.v:20$298_DATA[15:0]$303
Creating decoders for process `\Twiddle128_core.$proc$rtl/dual/twiddle128_core.v:23$300'.
Creating decoders for process `$paramod$6010395c8740f19344fd93aacef13621d2f67395\DelayBuffer.$proc$../third_party/r22sdf/DelayBuffer.v:20$946'.
Creating decoders for process `$paramod$520663d7382152bf6f78fc2a37b254cea736bbce\DelayBuffer.$proc$../third_party/r22sdf/DelayBuffer.v:20$945'.
Creating decoders for process `\Twiddle.$proc$../third_party/r22sdf/Twiddle64.v:102$241'.
Creating decoders for process `\Twiddle.$proc$../third_party/r22sdf/Twiddle64.v:102$240'.
Creating decoders for process `\Twiddle.$proc$../third_party/r22sdf/Twiddle64.v:101$239'.
Creating decoders for process `\Twiddle.$proc$../third_party/r22sdf/Twiddle64.v:101$238'.
Creating decoders for process `\Twiddle.$proc$../third_party/r22sdf/Twiddle64.v:100$237'.
Creating decoders for process `\Twiddle.$proc$../third_party/r22sdf/Twiddle64.v:100$236'.
Creating decoders for process `\Twiddle.$proc$../third_party/r22sdf/Twiddle64.v:99$235'.
Creating decoders for process `\Twiddle.$proc$../third_party/r22sdf/Twiddle64.v:99$234'.
Creating decoders for process `\Twiddle.$proc$../third_party/r22sdf/Twiddle64.v:98$233'.
Creating decoders for process `\Twiddle.$proc$../third_party/r22sdf/Twiddle64.v:98$232'.
Creating decoders for process `\Twiddle.$proc$../third_party/r22sdf/Twiddle64.v:97$231'.
Creating decoders for process `\Twiddle.$proc$../third_party/r22sdf/Twiddle64.v:97$230'.
Creating decoders for process `\Twiddle.$proc$../third_party/r22sdf/Twiddle64.v:96$229'.
Creating decoders for process `\Twiddle.$proc$../third_party/r22sdf/Twiddle64.v:96$228'.
Creating decoders for process `\Twiddle.$proc$../third_party/r22sdf/Twiddle64.v:95$227'.
Creating decoders for process `\Twiddle.$proc$../third_party/r22sdf/Twiddle64.v:95$226'.
Creating decoders for process `\Twiddle.$proc$../third_party/r22sdf/Twiddle64.v:94$225'.
Creating decoders for process `\Twiddle.$proc$../third_party/r22sdf/Twiddle64.v:94$224'.
Creating decoders for process `\Twiddle.$proc$../third_party/r22sdf/Twiddle64.v:93$223'.
Creating decoders for process `\Twiddle.$proc$../third_party/r22sdf/Twiddle64.v:93$222'.
Creating decoders for process `\Twiddle.$proc$../third_party/r22sdf/Twiddle64.v:92$221'.
Creating decoders for process `\Twiddle.$proc$../third_party/r22sdf/Twiddle64.v:92$220'.
Creating decoders for process `\Twiddle.$proc$../third_party/r22sdf/Twiddle64.v:91$219'.
Creating decoders for process `\Twiddle.$proc$../third_party/r22sdf/Twiddle64.v:91$218'.
Creating decoders for process `\Twiddle.$proc$../third_party/r22sdf/Twiddle64.v:90$217'.
Creating decoders for process `\Twiddle.$proc$../third_party/r22sdf/Twiddle64.v:90$216'.
Creating decoders for process `\Twiddle.$proc$../third_party/r22sdf/Twiddle64.v:89$215'.
Creating decoders for process `\Twiddle.$proc$../third_party/r22sdf/Twiddle64.v:89$214'.
Creating decoders for process `\Twiddle.$proc$../third_party/r22sdf/Twiddle64.v:88$213'.
Creating decoders for process `\Twiddle.$proc$../third_party/r22sdf/Twiddle64.v:88$212'.
Creating decoders for process `\Twiddle.$proc$../third_party/r22sdf/Twiddle64.v:87$211'.
Creating decoders for process `\Twiddle.$proc$../third_party/r22sdf/Twiddle64.v:87$210'.
Creating decoders for process `\Twiddle.$proc$../third_party/r22sdf/Twiddle64.v:86$209'.
Creating decoders for process `\Twiddle.$proc$../third_party/r22sdf/Twiddle64.v:86$208'.
Creating decoders for process `\Twiddle.$proc$../third_party/r22sdf/Twiddle64.v:85$207'.
Creating decoders for process `\Twiddle.$proc$../third_party/r22sdf/Twiddle64.v:85$206'.
Creating decoders for process `\Twiddle.$proc$../third_party/r22sdf/Twiddle64.v:84$205'.
Creating decoders for process `\Twiddle.$proc$../third_party/r22sdf/Twiddle64.v:84$204'.
Creating decoders for process `\Twiddle.$proc$../third_party/r22sdf/Twiddle64.v:83$203'.
Creating decoders for process `\Twiddle.$proc$../third_party/r22sdf/Twiddle64.v:83$202'.
Creating decoders for process `\Twiddle.$proc$../third_party/r22sdf/Twiddle64.v:82$201'.
Creating decoders for process `\Twiddle.$proc$../third_party/r22sdf/Twiddle64.v:82$200'.
Creating decoders for process `\Twiddle.$proc$../third_party/r22sdf/Twiddle64.v:81$199'.
Creating decoders for process `\Twiddle.$proc$../third_party/r22sdf/Twiddle64.v:81$198'.
Creating decoders for process `\Twiddle.$proc$../third_party/r22sdf/Twiddle64.v:80$197'.
Creating decoders for process `\Twiddle.$proc$../third_party/r22sdf/Twiddle64.v:80$196'.
Creating decoders for process `\Twiddle.$proc$../third_party/r22sdf/Twiddle64.v:79$195'.
Creating decoders for process `\Twiddle.$proc$../third_party/r22sdf/Twiddle64.v:79$194'.
Creating decoders for process `\Twiddle.$proc$../third_party/r22sdf/Twiddle64.v:78$193'.
Creating decoders for process `\Twiddle.$proc$../third_party/r22sdf/Twiddle64.v:78$192'.
Creating decoders for process `\Twiddle.$proc$../third_party/r22sdf/Twiddle64.v:77$191'.
Creating decoders for process `\Twiddle.$proc$../third_party/r22sdf/Twiddle64.v:77$190'.
Creating decoders for process `\Twiddle.$proc$../third_party/r22sdf/Twiddle64.v:76$189'.
Creating decoders for process `\Twiddle.$proc$../third_party/r22sdf/Twiddle64.v:76$188'.
Creating decoders for process `\Twiddle.$proc$../third_party/r22sdf/Twiddle64.v:75$187'.
Creating decoders for process `\Twiddle.$proc$../third_party/r22sdf/Twiddle64.v:75$186'.
Creating decoders for process `\Twiddle.$proc$../third_party/r22sdf/Twiddle64.v:74$185'.
Creating decoders for process `\Twiddle.$proc$../third_party/r22sdf/Twiddle64.v:74$184'.
Creating decoders for process `\Twiddle.$proc$../third_party/r22sdf/Twiddle64.v:73$183'.
Creating decoders for process `\Twiddle.$proc$../third_party/r22sdf/Twiddle64.v:73$182'.
Creating decoders for process `\Twiddle.$proc$../third_party/r22sdf/Twiddle64.v:72$181'.
Creating decoders for process `\Twiddle.$proc$../third_party/r22sdf/Twiddle64.v:72$180'.
Creating decoders for process `\Twiddle.$proc$../third_party/r22sdf/Twiddle64.v:71$179'.
Creating decoders for process `\Twiddle.$proc$../third_party/r22sdf/Twiddle64.v:71$178'.
Creating decoders for process `\Twiddle.$proc$../third_party/r22sdf/Twiddle64.v:70$177'.
Creating decoders for process `\Twiddle.$proc$../third_party/r22sdf/Twiddle64.v:70$176'.
Creating decoders for process `\Twiddle.$proc$../third_party/r22sdf/Twiddle64.v:69$175'.
Creating decoders for process `\Twiddle.$proc$../third_party/r22sdf/Twiddle64.v:69$174'.
Creating decoders for process `\Twiddle.$proc$../third_party/r22sdf/Twiddle64.v:68$173'.
Creating decoders for process `\Twiddle.$proc$../third_party/r22sdf/Twiddle64.v:68$172'.
Creating decoders for process `\Twiddle.$proc$../third_party/r22sdf/Twiddle64.v:67$171'.
Creating decoders for process `\Twiddle.$proc$../third_party/r22sdf/Twiddle64.v:67$170'.
Creating decoders for process `\Twiddle.$proc$../third_party/r22sdf/Twiddle64.v:66$169'.
Creating decoders for process `\Twiddle.$proc$../third_party/r22sdf/Twiddle64.v:66$168'.
Creating decoders for process `\Twiddle.$proc$../third_party/r22sdf/Twiddle64.v:65$167'.
Creating decoders for process `\Twiddle.$proc$../third_party/r22sdf/Twiddle64.v:65$166'.
Creating decoders for process `\Twiddle.$proc$../third_party/r22sdf/Twiddle64.v:64$165'.
Creating decoders for process `\Twiddle.$proc$../third_party/r22sdf/Twiddle64.v:64$164'.
Creating decoders for process `\Twiddle.$proc$../third_party/r22sdf/Twiddle64.v:63$163'.
Creating decoders for process `\Twiddle.$proc$../third_party/r22sdf/Twiddle64.v:63$162'.
Creating decoders for process `\Twiddle.$proc$../third_party/r22sdf/Twiddle64.v:62$161'.
Creating decoders for process `\Twiddle.$proc$../third_party/r22sdf/Twiddle64.v:62$160'.
Creating decoders for process `\Twiddle.$proc$../third_party/r22sdf/Twiddle64.v:61$159'.
Creating decoders for process `\Twiddle.$proc$../third_party/r22sdf/Twiddle64.v:61$158'.
Creating decoders for process `\Twiddle.$proc$../third_party/r22sdf/Twiddle64.v:60$157'.
Creating decoders for process `\Twiddle.$proc$../third_party/r22sdf/Twiddle64.v:60$156'.
Creating decoders for process `\Twiddle.$proc$../third_party/r22sdf/Twiddle64.v:59$155'.
Creating decoders for process `\Twiddle.$proc$../third_party/r22sdf/Twiddle64.v:59$154'.
Creating decoders for process `\Twiddle.$proc$../third_party/r22sdf/Twiddle64.v:58$153'.
Creating decoders for process `\Twiddle.$proc$../third_party/r22sdf/Twiddle64.v:58$152'.
Creating decoders for process `\Twiddle.$proc$../third_party/r22sdf/Twiddle64.v:57$151'.
Creating decoders for process `\Twiddle.$proc$../third_party/r22sdf/Twiddle64.v:57$150'.
Creating decoders for process `\Twiddle.$proc$../third_party/r22sdf/Twiddle64.v:56$149'.
Creating decoders for process `\Twiddle.$proc$../third_party/r22sdf/Twiddle64.v:56$148'.
Creating decoders for process `\Twiddle.$proc$../third_party/r22sdf/Twiddle64.v:55$147'.
Creating decoders for process `\Twiddle.$proc$../third_party/r22sdf/Twiddle64.v:55$146'.
Creating decoders for process `\Twiddle.$proc$../third_party/r22sdf/Twiddle64.v:54$145'.
Creating decoders for process `\Twiddle.$proc$../third_party/r22sdf/Twiddle64.v:54$144'.
Creating decoders for process `\Twiddle.$proc$../third_party/r22sdf/Twiddle64.v:53$143'.
Creating decoders for process `\Twiddle.$proc$../third_party/r22sdf/Twiddle64.v:53$142'.
Creating decoders for process `\Twiddle.$proc$../third_party/r22sdf/Twiddle64.v:52$141'.
Creating decoders for process `\Twiddle.$proc$../third_party/r22sdf/Twiddle64.v:52$140'.
Creating decoders for process `\Twiddle.$proc$../third_party/r22sdf/Twiddle64.v:51$139'.
Creating decoders for process `\Twiddle.$proc$../third_party/r22sdf/Twiddle64.v:51$138'.
Creating decoders for process `\Twiddle.$proc$../third_party/r22sdf/Twiddle64.v:50$137'.
Creating decoders for process `\Twiddle.$proc$../third_party/r22sdf/Twiddle64.v:50$136'.
Creating decoders for process `\Twiddle.$proc$../third_party/r22sdf/Twiddle64.v:49$135'.
Creating decoders for process `\Twiddle.$proc$../third_party/r22sdf/Twiddle64.v:49$134'.
Creating decoders for process `\Twiddle.$proc$../third_party/r22sdf/Twiddle64.v:48$133'.
Creating decoders for process `\Twiddle.$proc$../third_party/r22sdf/Twiddle64.v:48$132'.
Creating decoders for process `\Twiddle.$proc$../third_party/r22sdf/Twiddle64.v:47$131'.
Creating decoders for process `\Twiddle.$proc$../third_party/r22sdf/Twiddle64.v:47$130'.
Creating decoders for process `\Twiddle.$proc$../third_party/r22sdf/Twiddle64.v:46$129'.
Creating decoders for process `\Twiddle.$proc$../third_party/r22sdf/Twiddle64.v:46$128'.
Creating decoders for process `\Twiddle.$proc$../third_party/r22sdf/Twiddle64.v:45$127'.
Creating decoders for process `\Twiddle.$proc$../third_party/r22sdf/Twiddle64.v:45$126'.
Creating decoders for process `\Twiddle.$proc$../third_party/r22sdf/Twiddle64.v:44$125'.
Creating decoders for process `\Twiddle.$proc$../third_party/r22sdf/Twiddle64.v:44$124'.
Creating decoders for process `\Twiddle.$proc$../third_party/r22sdf/Twiddle64.v:43$123'.
Creating decoders for process `\Twiddle.$proc$../third_party/r22sdf/Twiddle64.v:43$122'.
Creating decoders for process `\Twiddle.$proc$../third_party/r22sdf/Twiddle64.v:42$121'.
Creating decoders for process `\Twiddle.$proc$../third_party/r22sdf/Twiddle64.v:42$120'.
Creating decoders for process `\Twiddle.$proc$../third_party/r22sdf/Twiddle64.v:41$119'.
Creating decoders for process `\Twiddle.$proc$../third_party/r22sdf/Twiddle64.v:41$118'.
Creating decoders for process `\Twiddle.$proc$../third_party/r22sdf/Twiddle64.v:40$117'.
Creating decoders for process `\Twiddle.$proc$../third_party/r22sdf/Twiddle64.v:40$116'.
Creating decoders for process `\Twiddle.$proc$../third_party/r22sdf/Twiddle64.v:39$115'.
Creating decoders for process `\Twiddle.$proc$../third_party/r22sdf/Twiddle64.v:39$114'.
Creating decoders for process `\Twiddle.$proc$../third_party/r22sdf/Twiddle64.v:21$111'.
     1/1: $1$mem2reg_rd$\wn_im$../third_party/r22sdf/Twiddle64.v:21$106_DATA[15:0]$113
Creating decoders for process `\Twiddle.$proc$../third_party/r22sdf/Twiddle64.v:20$108'.
     1/1: $1$mem2reg_rd$\wn_re$../third_party/r22sdf/Twiddle64.v:20$105_DATA[15:0]$110
Creating decoders for process `\Twiddle.$proc$../third_party/r22sdf/Twiddle64.v:23$107'.
Creating decoders for process `$paramod$e8759a57fc147882a254734ce5d86afa730d93e5\DelayBuffer.$proc$../third_party/r22sdf/DelayBuffer.v:20$944'.
Creating decoders for process `$paramod$e31bf182a78b6901a30a1eec46d5e35479708b24\DelayBuffer.$proc$../third_party/r22sdf/DelayBuffer.v:20$943'.
Creating decoders for process `$paramod$17914cfb50699f154dc59f1c3f8fd47b6e195f44\DelayBuffer.$proc$../third_party/r22sdf/DelayBuffer.v:20$942'.
Creating decoders for process `$paramod$468b6055748c1a70021cd219779b5d26906274a5\DelayBuffer.$proc$../third_party/r22sdf/DelayBuffer.v:20$929'.
Creating decoders for process `\peweaver_ppa_reset_sync_128.$proc$rtl/peweaver_ppa_fft128.v:18$11'.
     1/1: $0\sync_ff[1:0]
Creating decoders for process `\peweaver_ppa_reset_sync.$proc$rtl/peweaver_ppa_fft64.v:26$10'.
     1/1: $0\sync_ff[1:0]

18.2.8. Executing PROC_DLATCH pass (convert process syncs to latches).
No latch inferred for signal `\Twiddle128_core.\wn_im[127]' from process `\Twiddle128_core.$proc$rtl/dual/twiddle128_core.v:166$562'.
No latch inferred for signal `\Twiddle128_core.\wn_re[127]' from process `\Twiddle128_core.$proc$rtl/dual/twiddle128_core.v:166$561'.
No latch inferred for signal `\Twiddle128_core.\wn_im[126]' from process `\Twiddle128_core.$proc$rtl/dual/twiddle128_core.v:165$560'.
No latch inferred for signal `\Twiddle128_core.\wn_re[126]' from process `\Twiddle128_core.$proc$rtl/dual/twiddle128_core.v:165$559'.
No latch inferred for signal `\Twiddle128_core.\wn_im[125]' from process `\Twiddle128_core.$proc$rtl/dual/twiddle128_core.v:164$558'.
No latch inferred for signal `\Twiddle128_core.\wn_re[125]' from process `\Twiddle128_core.$proc$rtl/dual/twiddle128_core.v:164$557'.
No latch inferred for signal `\Twiddle128_core.\wn_im[124]' from process `\Twiddle128_core.$proc$rtl/dual/twiddle128_core.v:163$556'.
No latch inferred for signal `\Twiddle128_core.\wn_re[124]' from process `\Twiddle128_core.$proc$rtl/dual/twiddle128_core.v:163$555'.
No latch inferred for signal `\Twiddle128_core.\wn_im[123]' from process `\Twiddle128_core.$proc$rtl/dual/twiddle128_core.v:162$554'.
No latch inferred for signal `\Twiddle128_core.\wn_re[123]' from process `\Twiddle128_core.$proc$rtl/dual/twiddle128_core.v:162$553'.
No latch inferred for signal `\Twiddle128_core.\wn_im[122]' from process `\Twiddle128_core.$proc$rtl/dual/twiddle128_core.v:161$552'.
No latch inferred for signal `\Twiddle128_core.\wn_re[122]' from process `\Twiddle128_core.$proc$rtl/dual/twiddle128_core.v:161$551'.
No latch inferred for signal `\Twiddle128_core.\wn_im[121]' from process `\Twiddle128_core.$proc$rtl/dual/twiddle128_core.v:160$550'.
No latch inferred for signal `\Twiddle128_core.\wn_re[121]' from process `\Twiddle128_core.$proc$rtl/dual/twiddle128_core.v:160$549'.
No latch inferred for signal `\Twiddle128_core.\wn_im[120]' from process `\Twiddle128_core.$proc$rtl/dual/twiddle128_core.v:159$548'.
No latch inferred for signal `\Twiddle128_core.\wn_re[120]' from process `\Twiddle128_core.$proc$rtl/dual/twiddle128_core.v:159$547'.
No latch inferred for signal `\Twiddle128_core.\wn_im[119]' from process `\Twiddle128_core.$proc$rtl/dual/twiddle128_core.v:158$546'.
No latch inferred for signal `\Twiddle128_core.\wn_re[119]' from process `\Twiddle128_core.$proc$rtl/dual/twiddle128_core.v:158$545'.
No latch inferred for signal `\Twiddle128_core.\wn_im[118]' from process `\Twiddle128_core.$proc$rtl/dual/twiddle128_core.v:157$544'.
No latch inferred for signal `\Twiddle128_core.\wn_re[118]' from process `\Twiddle128_core.$proc$rtl/dual/twiddle128_core.v:157$543'.
No latch inferred for signal `\Twiddle128_core.\wn_im[117]' from process `\Twiddle128_core.$proc$rtl/dual/twiddle128_core.v:156$542'.
No latch inferred for signal `\Twiddle128_core.\wn_re[117]' from process `\Twiddle128_core.$proc$rtl/dual/twiddle128_core.v:156$541'.
No latch inferred for signal `\Twiddle128_core.\wn_im[116]' from process `\Twiddle128_core.$proc$rtl/dual/twiddle128_core.v:155$540'.
No latch inferred for signal `\Twiddle128_core.\wn_re[116]' from process `\Twiddle128_core.$proc$rtl/dual/twiddle128_core.v:155$539'.
No latch inferred for signal `\Twiddle128_core.\wn_im[115]' from process `\Twiddle128_core.$proc$rtl/dual/twiddle128_core.v:154$538'.
No latch inferred for signal `\Twiddle128_core.\wn_re[115]' from process `\Twiddle128_core.$proc$rtl/dual/twiddle128_core.v:154$537'.
No latch inferred for signal `\Twiddle128_core.\wn_im[114]' from process `\Twiddle128_core.$proc$rtl/dual/twiddle128_core.v:153$536'.
No latch inferred for signal `\Twiddle128_core.\wn_re[114]' from process `\Twiddle128_core.$proc$rtl/dual/twiddle128_core.v:153$535'.
No latch inferred for signal `\Twiddle128_core.\wn_im[113]' from process `\Twiddle128_core.$proc$rtl/dual/twiddle128_core.v:152$534'.
No latch inferred for signal `\Twiddle128_core.\wn_re[113]' from process `\Twiddle128_core.$proc$rtl/dual/twiddle128_core.v:152$533'.
No latch inferred for signal `\Twiddle128_core.\wn_im[112]' from process `\Twiddle128_core.$proc$rtl/dual/twiddle128_core.v:151$532'.
No latch inferred for signal `\Twiddle128_core.\wn_re[112]' from process `\Twiddle128_core.$proc$rtl/dual/twiddle128_core.v:151$531'.
No latch inferred for signal `\Twiddle128_core.\wn_im[111]' from process `\Twiddle128_core.$proc$rtl/dual/twiddle128_core.v:150$530'.
No latch inferred for signal `\Twiddle128_core.\wn_re[111]' from process `\Twiddle128_core.$proc$rtl/dual/twiddle128_core.v:150$529'.
No latch inferred for signal `\Twiddle128_core.\wn_im[110]' from process `\Twiddle128_core.$proc$rtl/dual/twiddle128_core.v:149$528'.
No latch inferred for signal `\Twiddle128_core.\wn_re[110]' from process `\Twiddle128_core.$proc$rtl/dual/twiddle128_core.v:149$527'.
No latch inferred for signal `\Twiddle128_core.\wn_im[109]' from process `\Twiddle128_core.$proc$rtl/dual/twiddle128_core.v:148$526'.
No latch inferred for signal `\Twiddle128_core.\wn_re[109]' from process `\Twiddle128_core.$proc$rtl/dual/twiddle128_core.v:148$525'.
No latch inferred for signal `\Twiddle128_core.\wn_im[108]' from process `\Twiddle128_core.$proc$rtl/dual/twiddle128_core.v:147$524'.
No latch inferred for signal `\Twiddle128_core.\wn_re[108]' from process `\Twiddle128_core.$proc$rtl/dual/twiddle128_core.v:147$523'.
No latch inferred for signal `\Twiddle128_core.\wn_im[107]' from process `\Twiddle128_core.$proc$rtl/dual/twiddle128_core.v:146$522'.
No latch inferred for signal `\Twiddle128_core.\wn_re[107]' from process `\Twiddle128_core.$proc$rtl/dual/twiddle128_core.v:146$521'.
No latch inferred for signal `\Twiddle128_core.\wn_im[106]' from process `\Twiddle128_core.$proc$rtl/dual/twiddle128_core.v:145$520'.
No latch inferred for signal `\Twiddle128_core.\wn_re[106]' from process `\Twiddle128_core.$proc$rtl/dual/twiddle128_core.v:145$519'.
No latch inferred for signal `\Twiddle128_core.\wn_im[105]' from process `\Twiddle128_core.$proc$rtl/dual/twiddle128_core.v:144$518'.
No latch inferred for signal `\Twiddle128_core.\wn_re[105]' from process `\Twiddle128_core.$proc$rtl/dual/twiddle128_core.v:144$517'.
No latch inferred for signal `\Twiddle128_core.\wn_im[104]' from process `\Twiddle128_core.$proc$rtl/dual/twiddle128_core.v:143$516'.
No latch inferred for signal `\Twiddle128_core.\wn_re[104]' from process `\Twiddle128_core.$proc$rtl/dual/twiddle128_core.v:143$515'.
No latch inferred for signal `\Twiddle128_core.\wn_im[103]' from process `\Twiddle128_core.$proc$rtl/dual/twiddle128_core.v:142$514'.
No latch inferred for signal `\Twiddle128_core.\wn_re[103]' from process `\Twiddle128_core.$proc$rtl/dual/twiddle128_core.v:142$513'.
No latch inferred for signal `\Twiddle128_core.\wn_im[102]' from process `\Twiddle128_core.$proc$rtl/dual/twiddle128_core.v:141$512'.
No latch inferred for signal `\Twiddle128_core.\wn_re[102]' from process `\Twiddle128_core.$proc$rtl/dual/twiddle128_core.v:141$511'.
No latch inferred for signal `\Twiddle128_core.\wn_im[101]' from process `\Twiddle128_core.$proc$rtl/dual/twiddle128_core.v:140$510'.
No latch inferred for signal `\Twiddle128_core.\wn_re[101]' from process `\Twiddle128_core.$proc$rtl/dual/twiddle128_core.v:140$509'.
No latch inferred for signal `\Twiddle128_core.\wn_im[100]' from process `\Twiddle128_core.$proc$rtl/dual/twiddle128_core.v:139$508'.
No latch inferred for signal `\Twiddle128_core.\wn_re[100]' from process `\Twiddle128_core.$proc$rtl/dual/twiddle128_core.v:139$507'.
No latch inferred for signal `\Twiddle128_core.\wn_im[99]' from process `\Twiddle128_core.$proc$rtl/dual/twiddle128_core.v:138$506'.
No latch inferred for signal `\Twiddle128_core.\wn_re[99]' from process `\Twiddle128_core.$proc$rtl/dual/twiddle128_core.v:138$505'.
No latch inferred for signal `\Twiddle128_core.\wn_im[98]' from process `\Twiddle128_core.$proc$rtl/dual/twiddle128_core.v:137$504'.
No latch inferred for signal `\Twiddle128_core.\wn_re[98]' from process `\Twiddle128_core.$proc$rtl/dual/twiddle128_core.v:137$503'.
No latch inferred for signal `\Twiddle128_core.\wn_im[97]' from process `\Twiddle128_core.$proc$rtl/dual/twiddle128_core.v:136$502'.
No latch inferred for signal `\Twiddle128_core.\wn_re[97]' from process `\Twiddle128_core.$proc$rtl/dual/twiddle128_core.v:136$501'.
No latch inferred for signal `\Twiddle128_core.\wn_im[96]' from process `\Twiddle128_core.$proc$rtl/dual/twiddle128_core.v:135$500'.
No latch inferred for signal `\Twiddle128_core.\wn_re[96]' from process `\Twiddle128_core.$proc$rtl/dual/twiddle128_core.v:135$499'.
No latch inferred for signal `\Twiddle128_core.\wn_im[95]' from process `\Twiddle128_core.$proc$rtl/dual/twiddle128_core.v:134$498'.
No latch inferred for signal `\Twiddle128_core.\wn_re[95]' from process `\Twiddle128_core.$proc$rtl/dual/twiddle128_core.v:134$497'.
No latch inferred for signal `\Twiddle128_core.\wn_im[94]' from process `\Twiddle128_core.$proc$rtl/dual/twiddle128_core.v:133$496'.
No latch inferred for signal `\Twiddle128_core.\wn_re[94]' from process `\Twiddle128_core.$proc$rtl/dual/twiddle128_core.v:133$495'.
No latch inferred for signal `\Twiddle128_core.\wn_im[93]' from process `\Twiddle128_core.$proc$rtl/dual/twiddle128_core.v:132$494'.
No latch inferred for signal `\Twiddle128_core.\wn_re[93]' from process `\Twiddle128_core.$proc$rtl/dual/twiddle128_core.v:132$493'.
No latch inferred for signal `\Twiddle128_core.\wn_im[92]' from process `\Twiddle128_core.$proc$rtl/dual/twiddle128_core.v:131$492'.
No latch inferred for signal `\Twiddle128_core.\wn_re[92]' from process `\Twiddle128_core.$proc$rtl/dual/twiddle128_core.v:131$491'.
No latch inferred for signal `\Twiddle128_core.\wn_im[91]' from process `\Twiddle128_core.$proc$rtl/dual/twiddle128_core.v:130$490'.
No latch inferred for signal `\Twiddle128_core.\wn_re[91]' from process `\Twiddle128_core.$proc$rtl/dual/twiddle128_core.v:130$489'.
No latch inferred for signal `\Twiddle128_core.\wn_im[90]' from process `\Twiddle128_core.$proc$rtl/dual/twiddle128_core.v:129$488'.
No latch inferred for signal `\Twiddle128_core.\wn_re[90]' from process `\Twiddle128_core.$proc$rtl/dual/twiddle128_core.v:129$487'.
No latch inferred for signal `\Twiddle128_core.\wn_im[89]' from process `\Twiddle128_core.$proc$rtl/dual/twiddle128_core.v:128$486'.
No latch inferred for signal `\Twiddle128_core.\wn_re[89]' from process `\Twiddle128_core.$proc$rtl/dual/twiddle128_core.v:128$485'.
No latch inferred for signal `\Twiddle128_core.\wn_im[88]' from process `\Twiddle128_core.$proc$rtl/dual/twiddle128_core.v:127$484'.
No latch inferred for signal `\Twiddle128_core.\wn_re[88]' from process `\Twiddle128_core.$proc$rtl/dual/twiddle128_core.v:127$483'.
No latch inferred for signal `\Twiddle128_core.\wn_im[87]' from process `\Twiddle128_core.$proc$rtl/dual/twiddle128_core.v:126$482'.
No latch inferred for signal `\Twiddle128_core.\wn_re[87]' from process `\Twiddle128_core.$proc$rtl/dual/twiddle128_core.v:126$481'.
No latch inferred for signal `\Twiddle128_core.\wn_im[86]' from process `\Twiddle128_core.$proc$rtl/dual/twiddle128_core.v:125$480'.
No latch inferred for signal `\Twiddle128_core.\wn_re[86]' from process `\Twiddle128_core.$proc$rtl/dual/twiddle128_core.v:125$479'.
No latch inferred for signal `\Twiddle128_core.\wn_im[85]' from process `\Twiddle128_core.$proc$rtl/dual/twiddle128_core.v:124$478'.
No latch inferred for signal `\Twiddle128_core.\wn_re[85]' from process `\Twiddle128_core.$proc$rtl/dual/twiddle128_core.v:124$477'.
No latch inferred for signal `\Twiddle128_core.\wn_im[84]' from process `\Twiddle128_core.$proc$rtl/dual/twiddle128_core.v:123$476'.
No latch inferred for signal `\Twiddle128_core.\wn_re[84]' from process `\Twiddle128_core.$proc$rtl/dual/twiddle128_core.v:123$475'.
No latch inferred for signal `\Twiddle128_core.\wn_im[83]' from process `\Twiddle128_core.$proc$rtl/dual/twiddle128_core.v:122$474'.
No latch inferred for signal `\Twiddle128_core.\wn_re[83]' from process `\Twiddle128_core.$proc$rtl/dual/twiddle128_core.v:122$473'.
No latch inferred for signal `\Twiddle128_core.\wn_im[82]' from process `\Twiddle128_core.$proc$rtl/dual/twiddle128_core.v:121$472'.
No latch inferred for signal `\Twiddle128_core.\wn_re[82]' from process `\Twiddle128_core.$proc$rtl/dual/twiddle128_core.v:121$471'.
No latch inferred for signal `\Twiddle128_core.\wn_im[81]' from process `\Twiddle128_core.$proc$rtl/dual/twiddle128_core.v:120$470'.
No latch inferred for signal `\Twiddle128_core.\wn_re[81]' from process `\Twiddle128_core.$proc$rtl/dual/twiddle128_core.v:120$469'.
No latch inferred for signal `\Twiddle128_core.\wn_im[80]' from process `\Twiddle128_core.$proc$rtl/dual/twiddle128_core.v:119$468'.
No latch inferred for signal `\Twiddle128_core.\wn_re[80]' from process `\Twiddle128_core.$proc$rtl/dual/twiddle128_core.v:119$467'.
No latch inferred for signal `\Twiddle128_core.\wn_im[79]' from process `\Twiddle128_core.$proc$rtl/dual/twiddle128_core.v:118$466'.
No latch inferred for signal `\Twiddle128_core.\wn_re[79]' from process `\Twiddle128_core.$proc$rtl/dual/twiddle128_core.v:118$465'.
No latch inferred for signal `\Twiddle128_core.\wn_im[78]' from process `\Twiddle128_core.$proc$rtl/dual/twiddle128_core.v:117$464'.
No latch inferred for signal `\Twiddle128_core.\wn_re[78]' from process `\Twiddle128_core.$proc$rtl/dual/twiddle128_core.v:117$463'.
No latch inferred for signal `\Twiddle128_core.\wn_im[77]' from process `\Twiddle128_core.$proc$rtl/dual/twiddle128_core.v:116$462'.
No latch inferred for signal `\Twiddle128_core.\wn_re[77]' from process `\Twiddle128_core.$proc$rtl/dual/twiddle128_core.v:116$461'.
No latch inferred for signal `\Twiddle128_core.\wn_im[76]' from process `\Twiddle128_core.$proc$rtl/dual/twiddle128_core.v:115$460'.
No latch inferred for signal `\Twiddle128_core.\wn_re[76]' from process `\Twiddle128_core.$proc$rtl/dual/twiddle128_core.v:115$459'.
No latch inferred for signal `\Twiddle128_core.\wn_im[75]' from process `\Twiddle128_core.$proc$rtl/dual/twiddle128_core.v:114$458'.
No latch inferred for signal `\Twiddle128_core.\wn_re[75]' from process `\Twiddle128_core.$proc$rtl/dual/twiddle128_core.v:114$457'.
No latch inferred for signal `\Twiddle128_core.\wn_im[74]' from process `\Twiddle128_core.$proc$rtl/dual/twiddle128_core.v:113$456'.
No latch inferred for signal `\Twiddle128_core.\wn_re[74]' from process `\Twiddle128_core.$proc$rtl/dual/twiddle128_core.v:113$455'.
No latch inferred for signal `\Twiddle128_core.\wn_im[73]' from process `\Twiddle128_core.$proc$rtl/dual/twiddle128_core.v:112$454'.
No latch inferred for signal `\Twiddle128_core.\wn_re[73]' from process `\Twiddle128_core.$proc$rtl/dual/twiddle128_core.v:112$453'.
No latch inferred for signal `\Twiddle128_core.\wn_im[72]' from process `\Twiddle128_core.$proc$rtl/dual/twiddle128_core.v:111$452'.
No latch inferred for signal `\Twiddle128_core.\wn_re[72]' from process `\Twiddle128_core.$proc$rtl/dual/twiddle128_core.v:111$451'.
No latch inferred for signal `\Twiddle128_core.\wn_im[71]' from process `\Twiddle128_core.$proc$rtl/dual/twiddle128_core.v:110$450'.
No latch inferred for signal `\Twiddle128_core.\wn_re[71]' from process `\Twiddle128_core.$proc$rtl/dual/twiddle128_core.v:110$449'.
No latch inferred for signal `\Twiddle128_core.\wn_im[70]' from process `\Twiddle128_core.$proc$rtl/dual/twiddle128_core.v:109$448'.
No latch inferred for signal `\Twiddle128_core.\wn_re[70]' from process `\Twiddle128_core.$proc$rtl/dual/twiddle128_core.v:109$447'.
No latch inferred for signal `\Twiddle128_core.\wn_im[69]' from process `\Twiddle128_core.$proc$rtl/dual/twiddle128_core.v:108$446'.
No latch inferred for signal `\Twiddle128_core.\wn_re[69]' from process `\Twiddle128_core.$proc$rtl/dual/twiddle128_core.v:108$445'.
No latch inferred for signal `\Twiddle128_core.\wn_im[68]' from process `\Twiddle128_core.$proc$rtl/dual/twiddle128_core.v:107$444'.
No latch inferred for signal `\Twiddle128_core.\wn_re[68]' from process `\Twiddle128_core.$proc$rtl/dual/twiddle128_core.v:107$443'.
No latch inferred for signal `\Twiddle128_core.\wn_im[67]' from process `\Twiddle128_core.$proc$rtl/dual/twiddle128_core.v:106$442'.
No latch inferred for signal `\Twiddle128_core.\wn_re[67]' from process `\Twiddle128_core.$proc$rtl/dual/twiddle128_core.v:106$441'.
No latch inferred for signal `\Twiddle128_core.\wn_im[66]' from process `\Twiddle128_core.$proc$rtl/dual/twiddle128_core.v:105$440'.
No latch inferred for signal `\Twiddle128_core.\wn_re[66]' from process `\Twiddle128_core.$proc$rtl/dual/twiddle128_core.v:105$439'.
No latch inferred for signal `\Twiddle128_core.\wn_im[65]' from process `\Twiddle128_core.$proc$rtl/dual/twiddle128_core.v:104$438'.
No latch inferred for signal `\Twiddle128_core.\wn_re[65]' from process `\Twiddle128_core.$proc$rtl/dual/twiddle128_core.v:104$437'.
No latch inferred for signal `\Twiddle128_core.\wn_im[64]' from process `\Twiddle128_core.$proc$rtl/dual/twiddle128_core.v:103$436'.
No latch inferred for signal `\Twiddle128_core.\wn_re[64]' from process `\Twiddle128_core.$proc$rtl/dual/twiddle128_core.v:103$435'.
No latch inferred for signal `\Twiddle128_core.\wn_im[63]' from process `\Twiddle128_core.$proc$rtl/dual/twiddle128_core.v:102$434'.
No latch inferred for signal `\Twiddle128_core.\wn_re[63]' from process `\Twiddle128_core.$proc$rtl/dual/twiddle128_core.v:102$433'.
No latch inferred for signal `\Twiddle128_core.\wn_im[62]' from process `\Twiddle128_core.$proc$rtl/dual/twiddle128_core.v:101$432'.
No latch inferred for signal `\Twiddle128_core.\wn_re[62]' from process `\Twiddle128_core.$proc$rtl/dual/twiddle128_core.v:101$431'.
No latch inferred for signal `\Twiddle128_core.\wn_im[61]' from process `\Twiddle128_core.$proc$rtl/dual/twiddle128_core.v:100$430'.
No latch inferred for signal `\Twiddle128_core.\wn_re[61]' from process `\Twiddle128_core.$proc$rtl/dual/twiddle128_core.v:100$429'.
No latch inferred for signal `\Twiddle128_core.\wn_im[60]' from process `\Twiddle128_core.$proc$rtl/dual/twiddle128_core.v:99$428'.
No latch inferred for signal `\Twiddle128_core.\wn_re[60]' from process `\Twiddle128_core.$proc$rtl/dual/twiddle128_core.v:99$427'.
No latch inferred for signal `\Twiddle128_core.\wn_im[59]' from process `\Twiddle128_core.$proc$rtl/dual/twiddle128_core.v:98$426'.
No latch inferred for signal `\Twiddle128_core.\wn_re[59]' from process `\Twiddle128_core.$proc$rtl/dual/twiddle128_core.v:98$425'.
No latch inferred for signal `\Twiddle128_core.\wn_im[58]' from process `\Twiddle128_core.$proc$rtl/dual/twiddle128_core.v:97$424'.
No latch inferred for signal `\Twiddle128_core.\wn_re[58]' from process `\Twiddle128_core.$proc$rtl/dual/twiddle128_core.v:97$423'.
No latch inferred for signal `\Twiddle128_core.\wn_im[57]' from process `\Twiddle128_core.$proc$rtl/dual/twiddle128_core.v:96$422'.
No latch inferred for signal `\Twiddle128_core.\wn_re[57]' from process `\Twiddle128_core.$proc$rtl/dual/twiddle128_core.v:96$421'.
No latch inferred for signal `\Twiddle128_core.\wn_im[56]' from process `\Twiddle128_core.$proc$rtl/dual/twiddle128_core.v:95$420'.
No latch inferred for signal `\Twiddle128_core.\wn_re[56]' from process `\Twiddle128_core.$proc$rtl/dual/twiddle128_core.v:95$419'.
No latch inferred for signal `\Twiddle128_core.\wn_im[55]' from process `\Twiddle128_core.$proc$rtl/dual/twiddle128_core.v:94$418'.
No latch inferred for signal `\Twiddle128_core.\wn_re[55]' from process `\Twiddle128_core.$proc$rtl/dual/twiddle128_core.v:94$417'.
No latch inferred for signal `\Twiddle128_core.\wn_im[54]' from process `\Twiddle128_core.$proc$rtl/dual/twiddle128_core.v:93$416'.
No latch inferred for signal `\Twiddle128_core.\wn_re[54]' from process `\Twiddle128_core.$proc$rtl/dual/twiddle128_core.v:93$415'.
No latch inferred for signal `\Twiddle128_core.\wn_im[53]' from process `\Twiddle128_core.$proc$rtl/dual/twiddle128_core.v:92$414'.
No latch inferred for signal `\Twiddle128_core.\wn_re[53]' from process `\Twiddle128_core.$proc$rtl/dual/twiddle128_core.v:92$413'.
No latch inferred for signal `\Twiddle128_core.\wn_im[52]' from process `\Twiddle128_core.$proc$rtl/dual/twiddle128_core.v:91$412'.
No latch inferred for signal `\Twiddle128_core.\wn_re[52]' from process `\Twiddle128_core.$proc$rtl/dual/twiddle128_core.v:91$411'.
No latch inferred for signal `\Twiddle128_core.\wn_im[51]' from process `\Twiddle128_core.$proc$rtl/dual/twiddle128_core.v:90$410'.
No latch inferred for signal `\Twiddle128_core.\wn_re[51]' from process `\Twiddle128_core.$proc$rtl/dual/twiddle128_core.v:90$409'.
No latch inferred for signal `\Twiddle128_core.\wn_im[50]' from process `\Twiddle128_core.$proc$rtl/dual/twiddle128_core.v:89$408'.
No latch inferred for signal `\Twiddle128_core.\wn_re[50]' from process `\Twiddle128_core.$proc$rtl/dual/twiddle128_core.v:89$407'.
No latch inferred for signal `\Twiddle128_core.\wn_im[49]' from process `\Twiddle128_core.$proc$rtl/dual/twiddle128_core.v:88$406'.
No latch inferred for signal `\Twiddle128_core.\wn_re[49]' from process `\Twiddle128_core.$proc$rtl/dual/twiddle128_core.v:88$405'.
No latch inferred for signal `\Twiddle128_core.\wn_im[48]' from process `\Twiddle128_core.$proc$rtl/dual/twiddle128_core.v:87$404'.
No latch inferred for signal `\Twiddle128_core.\wn_re[48]' from process `\Twiddle128_core.$proc$rtl/dual/twiddle128_core.v:87$403'.
No latch inferred for signal `\Twiddle128_core.\wn_im[47]' from process `\Twiddle128_core.$proc$rtl/dual/twiddle128_core.v:86$402'.
No latch inferred for signal `\Twiddle128_core.\wn_re[47]' from process `\Twiddle128_core.$proc$rtl/dual/twiddle128_core.v:86$401'.
No latch inferred for signal `\Twiddle128_core.\wn_im[46]' from process `\Twiddle128_core.$proc$rtl/dual/twiddle128_core.v:85$400'.
No latch inferred for signal `\Twiddle128_core.\wn_re[46]' from process `\Twiddle128_core.$proc$rtl/dual/twiddle128_core.v:85$399'.
No latch inferred for signal `\Twiddle128_core.\wn_im[45]' from process `\Twiddle128_core.$proc$rtl/dual/twiddle128_core.v:84$398'.
No latch inferred for signal `\Twiddle128_core.\wn_re[45]' from process `\Twiddle128_core.$proc$rtl/dual/twiddle128_core.v:84$397'.
No latch inferred for signal `\Twiddle128_core.\wn_im[44]' from process `\Twiddle128_core.$proc$rtl/dual/twiddle128_core.v:83$396'.
No latch inferred for signal `\Twiddle128_core.\wn_re[44]' from process `\Twiddle128_core.$proc$rtl/dual/twiddle128_core.v:83$395'.
No latch inferred for signal `\Twiddle128_core.\wn_im[43]' from process `\Twiddle128_core.$proc$rtl/dual/twiddle128_core.v:82$394'.
No latch inferred for signal `\Twiddle128_core.\wn_re[43]' from process `\Twiddle128_core.$proc$rtl/dual/twiddle128_core.v:82$393'.
No latch inferred for signal `\Twiddle128_core.\wn_im[42]' from process `\Twiddle128_core.$proc$rtl/dual/twiddle128_core.v:81$392'.
No latch inferred for signal `\Twiddle128_core.\wn_re[42]' from process `\Twiddle128_core.$proc$rtl/dual/twiddle128_core.v:81$391'.
No latch inferred for signal `\Twiddle128_core.\wn_im[41]' from process `\Twiddle128_core.$proc$rtl/dual/twiddle128_core.v:80$390'.
No latch inferred for signal `\Twiddle128_core.\wn_re[41]' from process `\Twiddle128_core.$proc$rtl/dual/twiddle128_core.v:80$389'.
No latch inferred for signal `\Twiddle128_core.\wn_im[40]' from process `\Twiddle128_core.$proc$rtl/dual/twiddle128_core.v:79$388'.
No latch inferred for signal `\Twiddle128_core.\wn_re[40]' from process `\Twiddle128_core.$proc$rtl/dual/twiddle128_core.v:79$387'.
No latch inferred for signal `\Twiddle128_core.\wn_im[39]' from process `\Twiddle128_core.$proc$rtl/dual/twiddle128_core.v:78$386'.
No latch inferred for signal `\Twiddle128_core.\wn_re[39]' from process `\Twiddle128_core.$proc$rtl/dual/twiddle128_core.v:78$385'.
No latch inferred for signal `\Twiddle128_core.\wn_im[38]' from process `\Twiddle128_core.$proc$rtl/dual/twiddle128_core.v:77$384'.
No latch inferred for signal `\Twiddle128_core.\wn_re[38]' from process `\Twiddle128_core.$proc$rtl/dual/twiddle128_core.v:77$383'.
No latch inferred for signal `\Twiddle128_core.\wn_im[37]' from process `\Twiddle128_core.$proc$rtl/dual/twiddle128_core.v:76$382'.
No latch inferred for signal `\Twiddle128_core.\wn_re[37]' from process `\Twiddle128_core.$proc$rtl/dual/twiddle128_core.v:76$381'.
No latch inferred for signal `\Twiddle128_core.\wn_im[36]' from process `\Twiddle128_core.$proc$rtl/dual/twiddle128_core.v:75$380'.
No latch inferred for signal `\Twiddle128_core.\wn_re[36]' from process `\Twiddle128_core.$proc$rtl/dual/twiddle128_core.v:75$379'.
No latch inferred for signal `\Twiddle128_core.\wn_im[35]' from process `\Twiddle128_core.$proc$rtl/dual/twiddle128_core.v:74$378'.
No latch inferred for signal `\Twiddle128_core.\wn_re[35]' from process `\Twiddle128_core.$proc$rtl/dual/twiddle128_core.v:74$377'.
No latch inferred for signal `\Twiddle128_core.\wn_im[34]' from process `\Twiddle128_core.$proc$rtl/dual/twiddle128_core.v:73$376'.
No latch inferred for signal `\Twiddle128_core.\wn_re[34]' from process `\Twiddle128_core.$proc$rtl/dual/twiddle128_core.v:73$375'.
No latch inferred for signal `\Twiddle128_core.\wn_im[33]' from process `\Twiddle128_core.$proc$rtl/dual/twiddle128_core.v:72$374'.
No latch inferred for signal `\Twiddle128_core.\wn_re[33]' from process `\Twiddle128_core.$proc$rtl/dual/twiddle128_core.v:72$373'.
No latch inferred for signal `\Twiddle128_core.\wn_im[32]' from process `\Twiddle128_core.$proc$rtl/dual/twiddle128_core.v:71$372'.
No latch inferred for signal `\Twiddle128_core.\wn_re[32]' from process `\Twiddle128_core.$proc$rtl/dual/twiddle128_core.v:71$371'.
No latch inferred for signal `\Twiddle128_core.\wn_im[31]' from process `\Twiddle128_core.$proc$rtl/dual/twiddle128_core.v:70$370'.
No latch inferred for signal `\Twiddle128_core.\wn_re[31]' from process `\Twiddle128_core.$proc$rtl/dual/twiddle128_core.v:70$369'.
No latch inferred for signal `\Twiddle128_core.\wn_im[30]' from process `\Twiddle128_core.$proc$rtl/dual/twiddle128_core.v:69$368'.
No latch inferred for signal `\Twiddle128_core.\wn_re[30]' from process `\Twiddle128_core.$proc$rtl/dual/twiddle128_core.v:69$367'.
No latch inferred for signal `\Twiddle128_core.\wn_im[29]' from process `\Twiddle128_core.$proc$rtl/dual/twiddle128_core.v:68$366'.
No latch inferred for signal `\Twiddle128_core.\wn_re[29]' from process `\Twiddle128_core.$proc$rtl/dual/twiddle128_core.v:68$365'.
No latch inferred for signal `\Twiddle128_core.\wn_im[28]' from process `\Twiddle128_core.$proc$rtl/dual/twiddle128_core.v:67$364'.
No latch inferred for signal `\Twiddle128_core.\wn_re[28]' from process `\Twiddle128_core.$proc$rtl/dual/twiddle128_core.v:67$363'.
No latch inferred for signal `\Twiddle128_core.\wn_im[27]' from process `\Twiddle128_core.$proc$rtl/dual/twiddle128_core.v:66$362'.
No latch inferred for signal `\Twiddle128_core.\wn_re[27]' from process `\Twiddle128_core.$proc$rtl/dual/twiddle128_core.v:66$361'.
No latch inferred for signal `\Twiddle128_core.\wn_im[26]' from process `\Twiddle128_core.$proc$rtl/dual/twiddle128_core.v:65$360'.
No latch inferred for signal `\Twiddle128_core.\wn_re[26]' from process `\Twiddle128_core.$proc$rtl/dual/twiddle128_core.v:65$359'.
No latch inferred for signal `\Twiddle128_core.\wn_im[25]' from process `\Twiddle128_core.$proc$rtl/dual/twiddle128_core.v:64$358'.
No latch inferred for signal `\Twiddle128_core.\wn_re[25]' from process `\Twiddle128_core.$proc$rtl/dual/twiddle128_core.v:64$357'.
No latch inferred for signal `\Twiddle128_core.\wn_im[24]' from process `\Twiddle128_core.$proc$rtl/dual/twiddle128_core.v:63$356'.
No latch inferred for signal `\Twiddle128_core.\wn_re[24]' from process `\Twiddle128_core.$proc$rtl/dual/twiddle128_core.v:63$355'.
No latch inferred for signal `\Twiddle128_core.\wn_im[23]' from process `\Twiddle128_core.$proc$rtl/dual/twiddle128_core.v:62$354'.
No latch inferred for signal `\Twiddle128_core.\wn_re[23]' from process `\Twiddle128_core.$proc$rtl/dual/twiddle128_core.v:62$353'.
No latch inferred for signal `\Twiddle128_core.\wn_im[22]' from process `\Twiddle128_core.$proc$rtl/dual/twiddle128_core.v:61$352'.
No latch inferred for signal `\Twiddle128_core.\wn_re[22]' from process `\Twiddle128_core.$proc$rtl/dual/twiddle128_core.v:61$351'.
No latch inferred for signal `\Twiddle128_core.\wn_im[21]' from process `\Twiddle128_core.$proc$rtl/dual/twiddle128_core.v:60$350'.
No latch inferred for signal `\Twiddle128_core.\wn_re[21]' from process `\Twiddle128_core.$proc$rtl/dual/twiddle128_core.v:60$349'.
No latch inferred for signal `\Twiddle128_core.\wn_im[20]' from process `\Twiddle128_core.$proc$rtl/dual/twiddle128_core.v:59$348'.
No latch inferred for signal `\Twiddle128_core.\wn_re[20]' from process `\Twiddle128_core.$proc$rtl/dual/twiddle128_core.v:59$347'.
No latch inferred for signal `\Twiddle128_core.\wn_im[19]' from process `\Twiddle128_core.$proc$rtl/dual/twiddle128_core.v:58$346'.
No latch inferred for signal `\Twiddle128_core.\wn_re[19]' from process `\Twiddle128_core.$proc$rtl/dual/twiddle128_core.v:58$345'.
No latch inferred for signal `\Twiddle128_core.\wn_im[18]' from process `\Twiddle128_core.$proc$rtl/dual/twiddle128_core.v:57$344'.
No latch inferred for signal `\Twiddle128_core.\wn_re[18]' from process `\Twiddle128_core.$proc$rtl/dual/twiddle128_core.v:57$343'.
No latch inferred for signal `\Twiddle128_core.\wn_im[17]' from process `\Twiddle128_core.$proc$rtl/dual/twiddle128_core.v:56$342'.
No latch inferred for signal `\Twiddle128_core.\wn_re[17]' from process `\Twiddle128_core.$proc$rtl/dual/twiddle128_core.v:56$341'.
No latch inferred for signal `\Twiddle128_core.\wn_im[16]' from process `\Twiddle128_core.$proc$rtl/dual/twiddle128_core.v:55$340'.
No latch inferred for signal `\Twiddle128_core.\wn_re[16]' from process `\Twiddle128_core.$proc$rtl/dual/twiddle128_core.v:55$339'.
No latch inferred for signal `\Twiddle128_core.\wn_im[15]' from process `\Twiddle128_core.$proc$rtl/dual/twiddle128_core.v:54$338'.
No latch inferred for signal `\Twiddle128_core.\wn_re[15]' from process `\Twiddle128_core.$proc$rtl/dual/twiddle128_core.v:54$337'.
No latch inferred for signal `\Twiddle128_core.\wn_im[14]' from process `\Twiddle128_core.$proc$rtl/dual/twiddle128_core.v:53$336'.
No latch inferred for signal `\Twiddle128_core.\wn_re[14]' from process `\Twiddle128_core.$proc$rtl/dual/twiddle128_core.v:53$335'.
No latch inferred for signal `\Twiddle128_core.\wn_im[13]' from process `\Twiddle128_core.$proc$rtl/dual/twiddle128_core.v:52$334'.
No latch inferred for signal `\Twiddle128_core.\wn_re[13]' from process `\Twiddle128_core.$proc$rtl/dual/twiddle128_core.v:52$333'.
No latch inferred for signal `\Twiddle128_core.\wn_im[12]' from process `\Twiddle128_core.$proc$rtl/dual/twiddle128_core.v:51$332'.
No latch inferred for signal `\Twiddle128_core.\wn_re[12]' from process `\Twiddle128_core.$proc$rtl/dual/twiddle128_core.v:51$331'.
No latch inferred for signal `\Twiddle128_core.\wn_im[11]' from process `\Twiddle128_core.$proc$rtl/dual/twiddle128_core.v:50$330'.
No latch inferred for signal `\Twiddle128_core.\wn_re[11]' from process `\Twiddle128_core.$proc$rtl/dual/twiddle128_core.v:50$329'.
No latch inferred for signal `\Twiddle128_core.\wn_im[10]' from process `\Twiddle128_core.$proc$rtl/dual/twiddle128_core.v:49$328'.
No latch inferred for signal `\Twiddle128_core.\wn_re[10]' from process `\Twiddle128_core.$proc$rtl/dual/twiddle128_core.v:49$327'.
No latch inferred for signal `\Twiddle128_core.\wn_im[9]' from process `\Twiddle128_core.$proc$rtl/dual/twiddle128_core.v:48$326'.
No latch inferred for signal `\Twiddle128_core.\wn_re[9]' from process `\Twiddle128_core.$proc$rtl/dual/twiddle128_core.v:48$325'.
No latch inferred for signal `\Twiddle128_core.\wn_im[8]' from process `\Twiddle128_core.$proc$rtl/dual/twiddle128_core.v:47$324'.
No latch inferred for signal `\Twiddle128_core.\wn_re[8]' from process `\Twiddle128_core.$proc$rtl/dual/twiddle128_core.v:47$323'.
No latch inferred for signal `\Twiddle128_core.\wn_im[7]' from process `\Twiddle128_core.$proc$rtl/dual/twiddle128_core.v:46$322'.
No latch inferred for signal `\Twiddle128_core.\wn_re[7]' from process `\Twiddle128_core.$proc$rtl/dual/twiddle128_core.v:46$321'.
No latch inferred for signal `\Twiddle128_core.\wn_im[6]' from process `\Twiddle128_core.$proc$rtl/dual/twiddle128_core.v:45$320'.
No latch inferred for signal `\Twiddle128_core.\wn_re[6]' from process `\Twiddle128_core.$proc$rtl/dual/twiddle128_core.v:45$319'.
No latch inferred for signal `\Twiddle128_core.\wn_im[5]' from process `\Twiddle128_core.$proc$rtl/dual/twiddle128_core.v:44$318'.
No latch inferred for signal `\Twiddle128_core.\wn_re[5]' from process `\Twiddle128_core.$proc$rtl/dual/twiddle128_core.v:44$317'.
No latch inferred for signal `\Twiddle128_core.\wn_im[4]' from process `\Twiddle128_core.$proc$rtl/dual/twiddle128_core.v:43$316'.
No latch inferred for signal `\Twiddle128_core.\wn_re[4]' from process `\Twiddle128_core.$proc$rtl/dual/twiddle128_core.v:43$315'.
No latch inferred for signal `\Twiddle128_core.\wn_im[3]' from process `\Twiddle128_core.$proc$rtl/dual/twiddle128_core.v:42$314'.
No latch inferred for signal `\Twiddle128_core.\wn_re[3]' from process `\Twiddle128_core.$proc$rtl/dual/twiddle128_core.v:42$313'.
No latch inferred for signal `\Twiddle128_core.\wn_im[2]' from process `\Twiddle128_core.$proc$rtl/dual/twiddle128_core.v:41$312'.
No latch inferred for signal `\Twiddle128_core.\wn_re[2]' from process `\Twiddle128_core.$proc$rtl/dual/twiddle128_core.v:41$311'.
No latch inferred for signal `\Twiddle128_core.\wn_im[1]' from process `\Twiddle128_core.$proc$rtl/dual/twiddle128_core.v:40$310'.
No latch inferred for signal `\Twiddle128_core.\wn_re[1]' from process `\Twiddle128_core.$proc$rtl/dual/twiddle128_core.v:40$309'.
No latch inferred for signal `\Twiddle128_core.\wn_im[0]' from process `\Twiddle128_core.$proc$rtl/dual/twiddle128_core.v:39$308'.
No latch inferred for signal `\Twiddle128_core.\wn_re[0]' from process `\Twiddle128_core.$proc$rtl/dual/twiddle128_core.v:39$307'.
No latch inferred for signal `\Twiddle128_core.$mem2reg_rd$\wn_im$rtl/dual/twiddle128_core.v:21$299_DATA' from process `\Twiddle128_core.$proc$rtl/dual/twiddle128_core.v:21$304'.
No latch inferred for signal `\Twiddle128_core.$mem2reg_rd$\wn_re$rtl/dual/twiddle128_core.v:20$298_DATA' from process `\Twiddle128_core.$proc$rtl/dual/twiddle128_core.v:20$301'.
No latch inferred for signal `\Twiddle.\wn_im[63]' from process `\Twiddle.$proc$../third_party/r22sdf/Twiddle64.v:102$241'.
No latch inferred for signal `\Twiddle.\wn_re[63]' from process `\Twiddle.$proc$../third_party/r22sdf/Twiddle64.v:102$240'.
No latch inferred for signal `\Twiddle.\wn_im[62]' from process `\Twiddle.$proc$../third_party/r22sdf/Twiddle64.v:101$239'.
No latch inferred for signal `\Twiddle.\wn_re[62]' from process `\Twiddle.$proc$../third_party/r22sdf/Twiddle64.v:101$238'.
No latch inferred for signal `\Twiddle.\wn_im[61]' from process `\Twiddle.$proc$../third_party/r22sdf/Twiddle64.v:100$237'.
No latch inferred for signal `\Twiddle.\wn_re[61]' from process `\Twiddle.$proc$../third_party/r22sdf/Twiddle64.v:100$236'.
No latch inferred for signal `\Twiddle.\wn_im[60]' from process `\Twiddle.$proc$../third_party/r22sdf/Twiddle64.v:99$235'.
No latch inferred for signal `\Twiddle.\wn_re[60]' from process `\Twiddle.$proc$../third_party/r22sdf/Twiddle64.v:99$234'.
No latch inferred for signal `\Twiddle.\wn_im[59]' from process `\Twiddle.$proc$../third_party/r22sdf/Twiddle64.v:98$233'.
No latch inferred for signal `\Twiddle.\wn_re[59]' from process `\Twiddle.$proc$../third_party/r22sdf/Twiddle64.v:98$232'.
No latch inferred for signal `\Twiddle.\wn_im[58]' from process `\Twiddle.$proc$../third_party/r22sdf/Twiddle64.v:97$231'.
No latch inferred for signal `\Twiddle.\wn_re[58]' from process `\Twiddle.$proc$../third_party/r22sdf/Twiddle64.v:97$230'.
No latch inferred for signal `\Twiddle.\wn_im[57]' from process `\Twiddle.$proc$../third_party/r22sdf/Twiddle64.v:96$229'.
No latch inferred for signal `\Twiddle.\wn_re[57]' from process `\Twiddle.$proc$../third_party/r22sdf/Twiddle64.v:96$228'.
No latch inferred for signal `\Twiddle.\wn_im[56]' from process `\Twiddle.$proc$../third_party/r22sdf/Twiddle64.v:95$227'.
No latch inferred for signal `\Twiddle.\wn_re[56]' from process `\Twiddle.$proc$../third_party/r22sdf/Twiddle64.v:95$226'.
No latch inferred for signal `\Twiddle.\wn_im[55]' from process `\Twiddle.$proc$../third_party/r22sdf/Twiddle64.v:94$225'.
No latch inferred for signal `\Twiddle.\wn_re[55]' from process `\Twiddle.$proc$../third_party/r22sdf/Twiddle64.v:94$224'.
No latch inferred for signal `\Twiddle.\wn_im[54]' from process `\Twiddle.$proc$../third_party/r22sdf/Twiddle64.v:93$223'.
No latch inferred for signal `\Twiddle.\wn_re[54]' from process `\Twiddle.$proc$../third_party/r22sdf/Twiddle64.v:93$222'.
No latch inferred for signal `\Twiddle.\wn_im[53]' from process `\Twiddle.$proc$../third_party/r22sdf/Twiddle64.v:92$221'.
No latch inferred for signal `\Twiddle.\wn_re[53]' from process `\Twiddle.$proc$../third_party/r22sdf/Twiddle64.v:92$220'.
No latch inferred for signal `\Twiddle.\wn_im[52]' from process `\Twiddle.$proc$../third_party/r22sdf/Twiddle64.v:91$219'.
No latch inferred for signal `\Twiddle.\wn_re[52]' from process `\Twiddle.$proc$../third_party/r22sdf/Twiddle64.v:91$218'.
No latch inferred for signal `\Twiddle.\wn_im[51]' from process `\Twiddle.$proc$../third_party/r22sdf/Twiddle64.v:90$217'.
No latch inferred for signal `\Twiddle.\wn_re[51]' from process `\Twiddle.$proc$../third_party/r22sdf/Twiddle64.v:90$216'.
No latch inferred for signal `\Twiddle.\wn_im[50]' from process `\Twiddle.$proc$../third_party/r22sdf/Twiddle64.v:89$215'.
No latch inferred for signal `\Twiddle.\wn_re[50]' from process `\Twiddle.$proc$../third_party/r22sdf/Twiddle64.v:89$214'.
No latch inferred for signal `\Twiddle.\wn_im[49]' from process `\Twiddle.$proc$../third_party/r22sdf/Twiddle64.v:88$213'.
No latch inferred for signal `\Twiddle.\wn_re[49]' from process `\Twiddle.$proc$../third_party/r22sdf/Twiddle64.v:88$212'.
No latch inferred for signal `\Twiddle.\wn_im[48]' from process `\Twiddle.$proc$../third_party/r22sdf/Twiddle64.v:87$211'.
No latch inferred for signal `\Twiddle.\wn_re[48]' from process `\Twiddle.$proc$../third_party/r22sdf/Twiddle64.v:87$210'.
No latch inferred for signal `\Twiddle.\wn_im[47]' from process `\Twiddle.$proc$../third_party/r22sdf/Twiddle64.v:86$209'.
No latch inferred for signal `\Twiddle.\wn_re[47]' from process `\Twiddle.$proc$../third_party/r22sdf/Twiddle64.v:86$208'.
No latch inferred for signal `\Twiddle.\wn_im[46]' from process `\Twiddle.$proc$../third_party/r22sdf/Twiddle64.v:85$207'.
No latch inferred for signal `\Twiddle.\wn_re[46]' from process `\Twiddle.$proc$../third_party/r22sdf/Twiddle64.v:85$206'.
No latch inferred for signal `\Twiddle.\wn_im[45]' from process `\Twiddle.$proc$../third_party/r22sdf/Twiddle64.v:84$205'.
No latch inferred for signal `\Twiddle.\wn_re[45]' from process `\Twiddle.$proc$../third_party/r22sdf/Twiddle64.v:84$204'.
No latch inferred for signal `\Twiddle.\wn_im[44]' from process `\Twiddle.$proc$../third_party/r22sdf/Twiddle64.v:83$203'.
No latch inferred for signal `\Twiddle.\wn_re[44]' from process `\Twiddle.$proc$../third_party/r22sdf/Twiddle64.v:83$202'.
No latch inferred for signal `\Twiddle.\wn_im[43]' from process `\Twiddle.$proc$../third_party/r22sdf/Twiddle64.v:82$201'.
No latch inferred for signal `\Twiddle.\wn_re[43]' from process `\Twiddle.$proc$../third_party/r22sdf/Twiddle64.v:82$200'.
No latch inferred for signal `\Twiddle.\wn_im[42]' from process `\Twiddle.$proc$../third_party/r22sdf/Twiddle64.v:81$199'.
No latch inferred for signal `\Twiddle.\wn_re[42]' from process `\Twiddle.$proc$../third_party/r22sdf/Twiddle64.v:81$198'.
No latch inferred for signal `\Twiddle.\wn_im[41]' from process `\Twiddle.$proc$../third_party/r22sdf/Twiddle64.v:80$197'.
No latch inferred for signal `\Twiddle.\wn_re[41]' from process `\Twiddle.$proc$../third_party/r22sdf/Twiddle64.v:80$196'.
No latch inferred for signal `\Twiddle.\wn_im[40]' from process `\Twiddle.$proc$../third_party/r22sdf/Twiddle64.v:79$195'.
No latch inferred for signal `\Twiddle.\wn_re[40]' from process `\Twiddle.$proc$../third_party/r22sdf/Twiddle64.v:79$194'.
No latch inferred for signal `\Twiddle.\wn_im[39]' from process `\Twiddle.$proc$../third_party/r22sdf/Twiddle64.v:78$193'.
No latch inferred for signal `\Twiddle.\wn_re[39]' from process `\Twiddle.$proc$../third_party/r22sdf/Twiddle64.v:78$192'.
No latch inferred for signal `\Twiddle.\wn_im[38]' from process `\Twiddle.$proc$../third_party/r22sdf/Twiddle64.v:77$191'.
No latch inferred for signal `\Twiddle.\wn_re[38]' from process `\Twiddle.$proc$../third_party/r22sdf/Twiddle64.v:77$190'.
No latch inferred for signal `\Twiddle.\wn_im[37]' from process `\Twiddle.$proc$../third_party/r22sdf/Twiddle64.v:76$189'.
No latch inferred for signal `\Twiddle.\wn_re[37]' from process `\Twiddle.$proc$../third_party/r22sdf/Twiddle64.v:76$188'.
No latch inferred for signal `\Twiddle.\wn_im[36]' from process `\Twiddle.$proc$../third_party/r22sdf/Twiddle64.v:75$187'.
No latch inferred for signal `\Twiddle.\wn_re[36]' from process `\Twiddle.$proc$../third_party/r22sdf/Twiddle64.v:75$186'.
No latch inferred for signal `\Twiddle.\wn_im[35]' from process `\Twiddle.$proc$../third_party/r22sdf/Twiddle64.v:74$185'.
No latch inferred for signal `\Twiddle.\wn_re[35]' from process `\Twiddle.$proc$../third_party/r22sdf/Twiddle64.v:74$184'.
No latch inferred for signal `\Twiddle.\wn_im[34]' from process `\Twiddle.$proc$../third_party/r22sdf/Twiddle64.v:73$183'.
No latch inferred for signal `\Twiddle.\wn_re[34]' from process `\Twiddle.$proc$../third_party/r22sdf/Twiddle64.v:73$182'.
No latch inferred for signal `\Twiddle.\wn_im[33]' from process `\Twiddle.$proc$../third_party/r22sdf/Twiddle64.v:72$181'.
No latch inferred for signal `\Twiddle.\wn_re[33]' from process `\Twiddle.$proc$../third_party/r22sdf/Twiddle64.v:72$180'.
No latch inferred for signal `\Twiddle.\wn_im[32]' from process `\Twiddle.$proc$../third_party/r22sdf/Twiddle64.v:71$179'.
No latch inferred for signal `\Twiddle.\wn_re[32]' from process `\Twiddle.$proc$../third_party/r22sdf/Twiddle64.v:71$178'.
No latch inferred for signal `\Twiddle.\wn_im[31]' from process `\Twiddle.$proc$../third_party/r22sdf/Twiddle64.v:70$177'.
No latch inferred for signal `\Twiddle.\wn_re[31]' from process `\Twiddle.$proc$../third_party/r22sdf/Twiddle64.v:70$176'.
No latch inferred for signal `\Twiddle.\wn_im[30]' from process `\Twiddle.$proc$../third_party/r22sdf/Twiddle64.v:69$175'.
No latch inferred for signal `\Twiddle.\wn_re[30]' from process `\Twiddle.$proc$../third_party/r22sdf/Twiddle64.v:69$174'.
No latch inferred for signal `\Twiddle.\wn_im[29]' from process `\Twiddle.$proc$../third_party/r22sdf/Twiddle64.v:68$173'.
No latch inferred for signal `\Twiddle.\wn_re[29]' from process `\Twiddle.$proc$../third_party/r22sdf/Twiddle64.v:68$172'.
No latch inferred for signal `\Twiddle.\wn_im[28]' from process `\Twiddle.$proc$../third_party/r22sdf/Twiddle64.v:67$171'.
No latch inferred for signal `\Twiddle.\wn_re[28]' from process `\Twiddle.$proc$../third_party/r22sdf/Twiddle64.v:67$170'.
No latch inferred for signal `\Twiddle.\wn_im[27]' from process `\Twiddle.$proc$../third_party/r22sdf/Twiddle64.v:66$169'.
No latch inferred for signal `\Twiddle.\wn_re[27]' from process `\Twiddle.$proc$../third_party/r22sdf/Twiddle64.v:66$168'.
No latch inferred for signal `\Twiddle.\wn_im[26]' from process `\Twiddle.$proc$../third_party/r22sdf/Twiddle64.v:65$167'.
No latch inferred for signal `\Twiddle.\wn_re[26]' from process `\Twiddle.$proc$../third_party/r22sdf/Twiddle64.v:65$166'.
No latch inferred for signal `\Twiddle.\wn_im[25]' from process `\Twiddle.$proc$../third_party/r22sdf/Twiddle64.v:64$165'.
No latch inferred for signal `\Twiddle.\wn_re[25]' from process `\Twiddle.$proc$../third_party/r22sdf/Twiddle64.v:64$164'.
No latch inferred for signal `\Twiddle.\wn_im[24]' from process `\Twiddle.$proc$../third_party/r22sdf/Twiddle64.v:63$163'.
No latch inferred for signal `\Twiddle.\wn_re[24]' from process `\Twiddle.$proc$../third_party/r22sdf/Twiddle64.v:63$162'.
No latch inferred for signal `\Twiddle.\wn_im[23]' from process `\Twiddle.$proc$../third_party/r22sdf/Twiddle64.v:62$161'.
No latch inferred for signal `\Twiddle.\wn_re[23]' from process `\Twiddle.$proc$../third_party/r22sdf/Twiddle64.v:62$160'.
No latch inferred for signal `\Twiddle.\wn_im[22]' from process `\Twiddle.$proc$../third_party/r22sdf/Twiddle64.v:61$159'.
No latch inferred for signal `\Twiddle.\wn_re[22]' from process `\Twiddle.$proc$../third_party/r22sdf/Twiddle64.v:61$158'.
No latch inferred for signal `\Twiddle.\wn_im[21]' from process `\Twiddle.$proc$../third_party/r22sdf/Twiddle64.v:60$157'.
No latch inferred for signal `\Twiddle.\wn_re[21]' from process `\Twiddle.$proc$../third_party/r22sdf/Twiddle64.v:60$156'.
No latch inferred for signal `\Twiddle.\wn_im[20]' from process `\Twiddle.$proc$../third_party/r22sdf/Twiddle64.v:59$155'.
No latch inferred for signal `\Twiddle.\wn_re[20]' from process `\Twiddle.$proc$../third_party/r22sdf/Twiddle64.v:59$154'.
No latch inferred for signal `\Twiddle.\wn_im[19]' from process `\Twiddle.$proc$../third_party/r22sdf/Twiddle64.v:58$153'.
No latch inferred for signal `\Twiddle.\wn_re[19]' from process `\Twiddle.$proc$../third_party/r22sdf/Twiddle64.v:58$152'.
No latch inferred for signal `\Twiddle.\wn_im[18]' from process `\Twiddle.$proc$../third_party/r22sdf/Twiddle64.v:57$151'.
No latch inferred for signal `\Twiddle.\wn_re[18]' from process `\Twiddle.$proc$../third_party/r22sdf/Twiddle64.v:57$150'.
No latch inferred for signal `\Twiddle.\wn_im[17]' from process `\Twiddle.$proc$../third_party/r22sdf/Twiddle64.v:56$149'.
No latch inferred for signal `\Twiddle.\wn_re[17]' from process `\Twiddle.$proc$../third_party/r22sdf/Twiddle64.v:56$148'.
No latch inferred for signal `\Twiddle.\wn_im[16]' from process `\Twiddle.$proc$../third_party/r22sdf/Twiddle64.v:55$147'.
No latch inferred for signal `\Twiddle.\wn_re[16]' from process `\Twiddle.$proc$../third_party/r22sdf/Twiddle64.v:55$146'.
No latch inferred for signal `\Twiddle.\wn_im[15]' from process `\Twiddle.$proc$../third_party/r22sdf/Twiddle64.v:54$145'.
No latch inferred for signal `\Twiddle.\wn_re[15]' from process `\Twiddle.$proc$../third_party/r22sdf/Twiddle64.v:54$144'.
No latch inferred for signal `\Twiddle.\wn_im[14]' from process `\Twiddle.$proc$../third_party/r22sdf/Twiddle64.v:53$143'.
No latch inferred for signal `\Twiddle.\wn_re[14]' from process `\Twiddle.$proc$../third_party/r22sdf/Twiddle64.v:53$142'.
No latch inferred for signal `\Twiddle.\wn_im[13]' from process `\Twiddle.$proc$../third_party/r22sdf/Twiddle64.v:52$141'.
No latch inferred for signal `\Twiddle.\wn_re[13]' from process `\Twiddle.$proc$../third_party/r22sdf/Twiddle64.v:52$140'.
No latch inferred for signal `\Twiddle.\wn_im[12]' from process `\Twiddle.$proc$../third_party/r22sdf/Twiddle64.v:51$139'.
No latch inferred for signal `\Twiddle.\wn_re[12]' from process `\Twiddle.$proc$../third_party/r22sdf/Twiddle64.v:51$138'.
No latch inferred for signal `\Twiddle.\wn_im[11]' from process `\Twiddle.$proc$../third_party/r22sdf/Twiddle64.v:50$137'.
No latch inferred for signal `\Twiddle.\wn_re[11]' from process `\Twiddle.$proc$../third_party/r22sdf/Twiddle64.v:50$136'.
No latch inferred for signal `\Twiddle.\wn_im[10]' from process `\Twiddle.$proc$../third_party/r22sdf/Twiddle64.v:49$135'.
No latch inferred for signal `\Twiddle.\wn_re[10]' from process `\Twiddle.$proc$../third_party/r22sdf/Twiddle64.v:49$134'.
No latch inferred for signal `\Twiddle.\wn_im[9]' from process `\Twiddle.$proc$../third_party/r22sdf/Twiddle64.v:48$133'.
No latch inferred for signal `\Twiddle.\wn_re[9]' from process `\Twiddle.$proc$../third_party/r22sdf/Twiddle64.v:48$132'.
No latch inferred for signal `\Twiddle.\wn_im[8]' from process `\Twiddle.$proc$../third_party/r22sdf/Twiddle64.v:47$131'.
No latch inferred for signal `\Twiddle.\wn_re[8]' from process `\Twiddle.$proc$../third_party/r22sdf/Twiddle64.v:47$130'.
No latch inferred for signal `\Twiddle.\wn_im[7]' from process `\Twiddle.$proc$../third_party/r22sdf/Twiddle64.v:46$129'.
No latch inferred for signal `\Twiddle.\wn_re[7]' from process `\Twiddle.$proc$../third_party/r22sdf/Twiddle64.v:46$128'.
No latch inferred for signal `\Twiddle.\wn_im[6]' from process `\Twiddle.$proc$../third_party/r22sdf/Twiddle64.v:45$127'.
No latch inferred for signal `\Twiddle.\wn_re[6]' from process `\Twiddle.$proc$../third_party/r22sdf/Twiddle64.v:45$126'.
No latch inferred for signal `\Twiddle.\wn_im[5]' from process `\Twiddle.$proc$../third_party/r22sdf/Twiddle64.v:44$125'.
No latch inferred for signal `\Twiddle.\wn_re[5]' from process `\Twiddle.$proc$../third_party/r22sdf/Twiddle64.v:44$124'.
No latch inferred for signal `\Twiddle.\wn_im[4]' from process `\Twiddle.$proc$../third_party/r22sdf/Twiddle64.v:43$123'.
No latch inferred for signal `\Twiddle.\wn_re[4]' from process `\Twiddle.$proc$../third_party/r22sdf/Twiddle64.v:43$122'.
No latch inferred for signal `\Twiddle.\wn_im[3]' from process `\Twiddle.$proc$../third_party/r22sdf/Twiddle64.v:42$121'.
No latch inferred for signal `\Twiddle.\wn_re[3]' from process `\Twiddle.$proc$../third_party/r22sdf/Twiddle64.v:42$120'.
No latch inferred for signal `\Twiddle.\wn_im[2]' from process `\Twiddle.$proc$../third_party/r22sdf/Twiddle64.v:41$119'.
No latch inferred for signal `\Twiddle.\wn_re[2]' from process `\Twiddle.$proc$../third_party/r22sdf/Twiddle64.v:41$118'.
No latch inferred for signal `\Twiddle.\wn_im[1]' from process `\Twiddle.$proc$../third_party/r22sdf/Twiddle64.v:40$117'.
No latch inferred for signal `\Twiddle.\wn_re[1]' from process `\Twiddle.$proc$../third_party/r22sdf/Twiddle64.v:40$116'.
No latch inferred for signal `\Twiddle.\wn_im[0]' from process `\Twiddle.$proc$../third_party/r22sdf/Twiddle64.v:39$115'.
No latch inferred for signal `\Twiddle.\wn_re[0]' from process `\Twiddle.$proc$../third_party/r22sdf/Twiddle64.v:39$114'.
No latch inferred for signal `\Twiddle.$mem2reg_rd$\wn_im$../third_party/r22sdf/Twiddle64.v:21$106_DATA' from process `\Twiddle.$proc$../third_party/r22sdf/Twiddle64.v:21$111'.
No latch inferred for signal `\Twiddle.$mem2reg_rd$\wn_re$../third_party/r22sdf/Twiddle64.v:20$105_DATA' from process `\Twiddle.$proc$../third_party/r22sdf/Twiddle64.v:20$108'.

18.2.9. Executing PROC_DFF pass (convert process syncs to FFs).
Creating register for signal `$paramod$c542f2cdb8cf3fb2f7011f6438933e7913c8a609\DelayBuffer.\n' using process `$paramod$c542f2cdb8cf3fb2f7011f6438933e7913c8a609\DelayBuffer.$proc$../third_party/r22sdf/DelayBuffer.v:20$916'.
  created $dff cell `$procdff$1335' with positive edge clock.
Creating register for signal `$paramod$c542f2cdb8cf3fb2f7011f6438933e7913c8a609\DelayBuffer.\buf_re[0]' using process `$paramod$c542f2cdb8cf3fb2f7011f6438933e7913c8a609\DelayBuffer.$proc$../third_party/r22sdf/DelayBuffer.v:20$916'.
  created $dff cell `$procdff$1336' with positive edge clock.
Creating register for signal `$paramod$c542f2cdb8cf3fb2f7011f6438933e7913c8a609\DelayBuffer.\buf_re[1]' using process `$paramod$c542f2cdb8cf3fb2f7011f6438933e7913c8a609\DelayBuffer.$proc$../third_party/r22sdf/DelayBuffer.v:20$916'.
  created $dff cell `$procdff$1337' with positive edge clock.
Creating register for signal `$paramod$c542f2cdb8cf3fb2f7011f6438933e7913c8a609\DelayBuffer.\buf_re[2]' using process `$paramod$c542f2cdb8cf3fb2f7011f6438933e7913c8a609\DelayBuffer.$proc$../third_party/r22sdf/DelayBuffer.v:20$916'.
  created $dff cell `$procdff$1338' with positive edge clock.
Creating register for signal `$paramod$c542f2cdb8cf3fb2f7011f6438933e7913c8a609\DelayBuffer.\buf_re[3]' using process `$paramod$c542f2cdb8cf3fb2f7011f6438933e7913c8a609\DelayBuffer.$proc$../third_party/r22sdf/DelayBuffer.v:20$916'.
  created $dff cell `$procdff$1339' with positive edge clock.
Creating register for signal `$paramod$c542f2cdb8cf3fb2f7011f6438933e7913c8a609\DelayBuffer.\buf_re[4]' using process `$paramod$c542f2cdb8cf3fb2f7011f6438933e7913c8a609\DelayBuffer.$proc$../third_party/r22sdf/DelayBuffer.v:20$916'.
  created $dff cell `$procdff$1340' with positive edge clock.
Creating register for signal `$paramod$c542f2cdb8cf3fb2f7011f6438933e7913c8a609\DelayBuffer.\buf_re[5]' using process `$paramod$c542f2cdb8cf3fb2f7011f6438933e7913c8a609\DelayBuffer.$proc$../third_party/r22sdf/DelayBuffer.v:20$916'.
  created $dff cell `$procdff$1341' with positive edge clock.
Creating register for signal `$paramod$c542f2cdb8cf3fb2f7011f6438933e7913c8a609\DelayBuffer.\buf_re[6]' using process `$paramod$c542f2cdb8cf3fb2f7011f6438933e7913c8a609\DelayBuffer.$proc$../third_party/r22sdf/DelayBuffer.v:20$916'.
  created $dff cell `$procdff$1342' with positive edge clock.
Creating register for signal `$paramod$c542f2cdb8cf3fb2f7011f6438933e7913c8a609\DelayBuffer.\buf_re[7]' using process `$paramod$c542f2cdb8cf3fb2f7011f6438933e7913c8a609\DelayBuffer.$proc$../third_party/r22sdf/DelayBuffer.v:20$916'.
  created $dff cell `$procdff$1343' with positive edge clock.
Creating register for signal `$paramod$c542f2cdb8cf3fb2f7011f6438933e7913c8a609\DelayBuffer.\buf_re[8]' using process `$paramod$c542f2cdb8cf3fb2f7011f6438933e7913c8a609\DelayBuffer.$proc$../third_party/r22sdf/DelayBuffer.v:20$916'.
  created $dff cell `$procdff$1344' with positive edge clock.
Creating register for signal `$paramod$c542f2cdb8cf3fb2f7011f6438933e7913c8a609\DelayBuffer.\buf_re[9]' using process `$paramod$c542f2cdb8cf3fb2f7011f6438933e7913c8a609\DelayBuffer.$proc$../third_party/r22sdf/DelayBuffer.v:20$916'.
  created $dff cell `$procdff$1345' with positive edge clock.
Creating register for signal `$paramod$c542f2cdb8cf3fb2f7011f6438933e7913c8a609\DelayBuffer.\buf_re[10]' using process `$paramod$c542f2cdb8cf3fb2f7011f6438933e7913c8a609\DelayBuffer.$proc$../third_party/r22sdf/DelayBuffer.v:20$916'.
  created $dff cell `$procdff$1346' with positive edge clock.
Creating register for signal `$paramod$c542f2cdb8cf3fb2f7011f6438933e7913c8a609\DelayBuffer.\buf_re[11]' using process `$paramod$c542f2cdb8cf3fb2f7011f6438933e7913c8a609\DelayBuffer.$proc$../third_party/r22sdf/DelayBuffer.v:20$916'.
  created $dff cell `$procdff$1347' with positive edge clock.
Creating register for signal `$paramod$c542f2cdb8cf3fb2f7011f6438933e7913c8a609\DelayBuffer.\buf_re[12]' using process `$paramod$c542f2cdb8cf3fb2f7011f6438933e7913c8a609\DelayBuffer.$proc$../third_party/r22sdf/DelayBuffer.v:20$916'.
  created $dff cell `$procdff$1348' with positive edge clock.
Creating register for signal `$paramod$c542f2cdb8cf3fb2f7011f6438933e7913c8a609\DelayBuffer.\buf_re[13]' using process `$paramod$c542f2cdb8cf3fb2f7011f6438933e7913c8a609\DelayBuffer.$proc$../third_party/r22sdf/DelayBuffer.v:20$916'.
  created $dff cell `$procdff$1349' with positive edge clock.
Creating register for signal `$paramod$c542f2cdb8cf3fb2f7011f6438933e7913c8a609\DelayBuffer.\buf_re[14]' using process `$paramod$c542f2cdb8cf3fb2f7011f6438933e7913c8a609\DelayBuffer.$proc$../third_party/r22sdf/DelayBuffer.v:20$916'.
  created $dff cell `$procdff$1350' with positive edge clock.
Creating register for signal `$paramod$c542f2cdb8cf3fb2f7011f6438933e7913c8a609\DelayBuffer.\buf_re[15]' using process `$paramod$c542f2cdb8cf3fb2f7011f6438933e7913c8a609\DelayBuffer.$proc$../third_party/r22sdf/DelayBuffer.v:20$916'.
  created $dff cell `$procdff$1351' with positive edge clock.
Creating register for signal `$paramod$c542f2cdb8cf3fb2f7011f6438933e7913c8a609\DelayBuffer.\buf_im[0]' using process `$paramod$c542f2cdb8cf3fb2f7011f6438933e7913c8a609\DelayBuffer.$proc$../third_party/r22sdf/DelayBuffer.v:20$916'.
  created $dff cell `$procdff$1352' with positive edge clock.
Creating register for signal `$paramod$c542f2cdb8cf3fb2f7011f6438933e7913c8a609\DelayBuffer.\buf_im[1]' using process `$paramod$c542f2cdb8cf3fb2f7011f6438933e7913c8a609\DelayBuffer.$proc$../third_party/r22sdf/DelayBuffer.v:20$916'.
  created $dff cell `$procdff$1353' with positive edge clock.
Creating register for signal `$paramod$c542f2cdb8cf3fb2f7011f6438933e7913c8a609\DelayBuffer.\buf_im[2]' using process `$paramod$c542f2cdb8cf3fb2f7011f6438933e7913c8a609\DelayBuffer.$proc$../third_party/r22sdf/DelayBuffer.v:20$916'.
  created $dff cell `$procdff$1354' with positive edge clock.
Creating register for signal `$paramod$c542f2cdb8cf3fb2f7011f6438933e7913c8a609\DelayBuffer.\buf_im[3]' using process `$paramod$c542f2cdb8cf3fb2f7011f6438933e7913c8a609\DelayBuffer.$proc$../third_party/r22sdf/DelayBuffer.v:20$916'.
  created $dff cell `$procdff$1355' with positive edge clock.
Creating register for signal `$paramod$c542f2cdb8cf3fb2f7011f6438933e7913c8a609\DelayBuffer.\buf_im[4]' using process `$paramod$c542f2cdb8cf3fb2f7011f6438933e7913c8a609\DelayBuffer.$proc$../third_party/r22sdf/DelayBuffer.v:20$916'.
  created $dff cell `$procdff$1356' with positive edge clock.
Creating register for signal `$paramod$c542f2cdb8cf3fb2f7011f6438933e7913c8a609\DelayBuffer.\buf_im[5]' using process `$paramod$c542f2cdb8cf3fb2f7011f6438933e7913c8a609\DelayBuffer.$proc$../third_party/r22sdf/DelayBuffer.v:20$916'.
  created $dff cell `$procdff$1357' with positive edge clock.
Creating register for signal `$paramod$c542f2cdb8cf3fb2f7011f6438933e7913c8a609\DelayBuffer.\buf_im[6]' using process `$paramod$c542f2cdb8cf3fb2f7011f6438933e7913c8a609\DelayBuffer.$proc$../third_party/r22sdf/DelayBuffer.v:20$916'.
  created $dff cell `$procdff$1358' with positive edge clock.
Creating register for signal `$paramod$c542f2cdb8cf3fb2f7011f6438933e7913c8a609\DelayBuffer.\buf_im[7]' using process `$paramod$c542f2cdb8cf3fb2f7011f6438933e7913c8a609\DelayBuffer.$proc$../third_party/r22sdf/DelayBuffer.v:20$916'.
  created $dff cell `$procdff$1359' with positive edge clock.
Creating register for signal `$paramod$c542f2cdb8cf3fb2f7011f6438933e7913c8a609\DelayBuffer.\buf_im[8]' using process `$paramod$c542f2cdb8cf3fb2f7011f6438933e7913c8a609\DelayBuffer.$proc$../third_party/r22sdf/DelayBuffer.v:20$916'.
  created $dff cell `$procdff$1360' with positive edge clock.
Creating register for signal `$paramod$c542f2cdb8cf3fb2f7011f6438933e7913c8a609\DelayBuffer.\buf_im[9]' using process `$paramod$c542f2cdb8cf3fb2f7011f6438933e7913c8a609\DelayBuffer.$proc$../third_party/r22sdf/DelayBuffer.v:20$916'.
  created $dff cell `$procdff$1361' with positive edge clock.
Creating register for signal `$paramod$c542f2cdb8cf3fb2f7011f6438933e7913c8a609\DelayBuffer.\buf_im[10]' using process `$paramod$c542f2cdb8cf3fb2f7011f6438933e7913c8a609\DelayBuffer.$proc$../third_party/r22sdf/DelayBuffer.v:20$916'.
  created $dff cell `$procdff$1362' with positive edge clock.
Creating register for signal `$paramod$c542f2cdb8cf3fb2f7011f6438933e7913c8a609\DelayBuffer.\buf_im[11]' using process `$paramod$c542f2cdb8cf3fb2f7011f6438933e7913c8a609\DelayBuffer.$proc$../third_party/r22sdf/DelayBuffer.v:20$916'.
  created $dff cell `$procdff$1363' with positive edge clock.
Creating register for signal `$paramod$c542f2cdb8cf3fb2f7011f6438933e7913c8a609\DelayBuffer.\buf_im[12]' using process `$paramod$c542f2cdb8cf3fb2f7011f6438933e7913c8a609\DelayBuffer.$proc$../third_party/r22sdf/DelayBuffer.v:20$916'.
  created $dff cell `$procdff$1364' with positive edge clock.
Creating register for signal `$paramod$c542f2cdb8cf3fb2f7011f6438933e7913c8a609\DelayBuffer.\buf_im[13]' using process `$paramod$c542f2cdb8cf3fb2f7011f6438933e7913c8a609\DelayBuffer.$proc$../third_party/r22sdf/DelayBuffer.v:20$916'.
  created $dff cell `$procdff$1365' with positive edge clock.
Creating register for signal `$paramod$c542f2cdb8cf3fb2f7011f6438933e7913c8a609\DelayBuffer.\buf_im[14]' using process `$paramod$c542f2cdb8cf3fb2f7011f6438933e7913c8a609\DelayBuffer.$proc$../third_party/r22sdf/DelayBuffer.v:20$916'.
  created $dff cell `$procdff$1366' with positive edge clock.
Creating register for signal `$paramod$c542f2cdb8cf3fb2f7011f6438933e7913c8a609\DelayBuffer.\buf_im[15]' using process `$paramod$c542f2cdb8cf3fb2f7011f6438933e7913c8a609\DelayBuffer.$proc$../third_party/r22sdf/DelayBuffer.v:20$916'.
  created $dff cell `$procdff$1367' with positive edge clock.
Creating register for signal `$paramod$9ca5e247a0178b82f50f6db69488375424044dda\SdfUnit128.\mu_do_en' using process `$paramod$9ca5e247a0178b82f50f6db69488375424044dda\SdfUnit128.$proc$rtl/dual/sdfunit128.v:264$905'.
  created $adff cell `$procdff$1370' with positive edge clock and positive level reset.
Creating register for signal `$paramod$9ca5e247a0178b82f50f6db69488375424044dda\SdfUnit128.\mu_do_re' using process `$paramod$9ca5e247a0178b82f50f6db69488375424044dda\SdfUnit128.$proc$rtl/dual/sdfunit128.v:259$902'.
  created $dff cell `$procdff$1371' with positive edge clock.
Creating register for signal `$paramod$9ca5e247a0178b82f50f6db69488375424044dda\SdfUnit128.\mu_do_im' using process `$paramod$9ca5e247a0178b82f50f6db69488375424044dda\SdfUnit128.$proc$rtl/dual/sdfunit128.v:259$902'.
  created $dff cell `$procdff$1372' with positive edge clock.
Creating register for signal `$paramod$9ca5e247a0178b82f50f6db69488375424044dda\SdfUnit128.\mu_en' using process `$paramod$9ca5e247a0178b82f50f6db69488375424044dda\SdfUnit128.$proc$rtl/dual/sdfunit128.v:243$898'.
  created $dff cell `$procdff$1373' with positive edge clock.
Creating register for signal `$paramod$9ca5e247a0178b82f50f6db69488375424044dda\SdfUnit128.\bf2_do_en' using process `$paramod$9ca5e247a0178b82f50f6db69488375424044dda\SdfUnit128.$proc$rtl/dual/sdfunit128.v:219$895'.
  created $adff cell `$procdff$1376' with positive edge clock and positive level reset.
Creating register for signal `$paramod$9ca5e247a0178b82f50f6db69488375424044dda\SdfUnit128.\bf2_do_re' using process `$paramod$9ca5e247a0178b82f50f6db69488375424044dda\SdfUnit128.$proc$rtl/dual/sdfunit128.v:214$894'.
  created $dff cell `$procdff$1377' with positive edge clock.
Creating register for signal `$paramod$9ca5e247a0178b82f50f6db69488375424044dda\SdfUnit128.\bf2_do_im' using process `$paramod$9ca5e247a0178b82f50f6db69488375424044dda\SdfUnit128.$proc$rtl/dual/sdfunit128.v:214$894'.
  created $dff cell `$procdff$1378' with positive edge clock.
Creating register for signal `$paramod$9ca5e247a0178b82f50f6db69488375424044dda\SdfUnit128.\bf2_start' using process `$paramod$9ca5e247a0178b82f50f6db69488375424044dda\SdfUnit128.$proc$rtl/dual/sdfunit128.v:209$890'.
  created $dff cell `$procdff$1379' with positive edge clock.
Creating register for signal `$paramod$9ca5e247a0178b82f50f6db69488375424044dda\SdfUnit128.\bf2_sp_en' using process `$paramod$9ca5e247a0178b82f50f6db69488375424044dda\SdfUnit128.$proc$rtl/dual/sdfunit128.v:199$885'.
  created $adff cell `$procdff$1382' with positive edge clock and positive level reset.
Creating register for signal `$paramod$9ca5e247a0178b82f50f6db69488375424044dda\SdfUnit128.\bf2_count' using process `$paramod$9ca5e247a0178b82f50f6db69488375424044dda\SdfUnit128.$proc$rtl/dual/sdfunit128.v:199$885'.
  created $adff cell `$procdff$1385' with positive edge clock and positive level reset.
Creating register for signal `$paramod$9ca5e247a0178b82f50f6db69488375424044dda\SdfUnit128.\bf2_bf' using process `$paramod$9ca5e247a0178b82f50f6db69488375424044dda\SdfUnit128.$proc$rtl/dual/sdfunit128.v:163$876'.
  created $dff cell `$procdff$1386' with positive edge clock.
Creating register for signal `$paramod$9ca5e247a0178b82f50f6db69488375424044dda\SdfUnit128.\bf1_do_re' using process `$paramod$9ca5e247a0178b82f50f6db69488375424044dda\SdfUnit128.$proc$rtl/dual/sdfunit128.v:155$875'.
  created $dff cell `$procdff$1387' with positive edge clock.
Creating register for signal `$paramod$9ca5e247a0178b82f50f6db69488375424044dda\SdfUnit128.\bf1_do_im' using process `$paramod$9ca5e247a0178b82f50f6db69488375424044dda\SdfUnit128.$proc$rtl/dual/sdfunit128.v:155$875'.
  created $dff cell `$procdff$1388' with positive edge clock.
Creating register for signal `$paramod$9ca5e247a0178b82f50f6db69488375424044dda\SdfUnit128.\bf1_sp_en' using process `$paramod$9ca5e247a0178b82f50f6db69488375424044dda\SdfUnit128.$proc$rtl/dual/sdfunit128.v:142$867'.
  created $adff cell `$procdff$1391' with positive edge clock and positive level reset.
Creating register for signal `$paramod$9ca5e247a0178b82f50f6db69488375424044dda\SdfUnit128.\bf1_count' using process `$paramod$9ca5e247a0178b82f50f6db69488375424044dda\SdfUnit128.$proc$rtl/dual/sdfunit128.v:142$867'.
  created $adff cell `$procdff$1394' with positive edge clock and positive level reset.
Creating register for signal `$paramod$9ca5e247a0178b82f50f6db69488375424044dda\SdfUnit128.\di_count' using process `$paramod$9ca5e247a0178b82f50f6db69488375424044dda\SdfUnit128.$proc$rtl/dual/sdfunit128.v:103$853'.
  created $adff cell `$procdff$1397' with positive edge clock and positive level reset.
Creating register for signal `$paramod$fe7cc57cd3904973768bae95b58499efa37dd589\SdfUnit128.\mu_do_en' using process `$paramod$fe7cc57cd3904973768bae95b58499efa37dd589\SdfUnit128.$proc$rtl/dual/sdfunit128.v:264$850'.
  created $adff cell `$procdff$1400' with positive edge clock and positive level reset.
Creating register for signal `$paramod$fe7cc57cd3904973768bae95b58499efa37dd589\SdfUnit128.\mu_do_re' using process `$paramod$fe7cc57cd3904973768bae95b58499efa37dd589\SdfUnit128.$proc$rtl/dual/sdfunit128.v:259$847'.
  created $dff cell `$procdff$1401' with positive edge clock.
Creating register for signal `$paramod$fe7cc57cd3904973768bae95b58499efa37dd589\SdfUnit128.\mu_do_im' using process `$paramod$fe7cc57cd3904973768bae95b58499efa37dd589\SdfUnit128.$proc$rtl/dual/sdfunit128.v:259$847'.
  created $dff cell `$procdff$1402' with positive edge clock.
Creating register for signal `$paramod$fe7cc57cd3904973768bae95b58499efa37dd589\SdfUnit128.\mu_en' using process `$paramod$fe7cc57cd3904973768bae95b58499efa37dd589\SdfUnit128.$proc$rtl/dual/sdfunit128.v:243$843'.
  created $dff cell `$procdff$1403' with positive edge clock.
Creating register for signal `$paramod$fe7cc57cd3904973768bae95b58499efa37dd589\SdfUnit128.\bf2_do_en' using process `$paramod$fe7cc57cd3904973768bae95b58499efa37dd589\SdfUnit128.$proc$rtl/dual/sdfunit128.v:219$840'.
  created $adff cell `$procdff$1406' with positive edge clock and positive level reset.
Creating register for signal `$paramod$fe7cc57cd3904973768bae95b58499efa37dd589\SdfUnit128.\bf2_do_re' using process `$paramod$fe7cc57cd3904973768bae95b58499efa37dd589\SdfUnit128.$proc$rtl/dual/sdfunit128.v:214$839'.
  created $dff cell `$procdff$1407' with positive edge clock.
Creating register for signal `$paramod$fe7cc57cd3904973768bae95b58499efa37dd589\SdfUnit128.\bf2_do_im' using process `$paramod$fe7cc57cd3904973768bae95b58499efa37dd589\SdfUnit128.$proc$rtl/dual/sdfunit128.v:214$839'.
  created $dff cell `$procdff$1408' with positive edge clock.
Creating register for signal `$paramod$fe7cc57cd3904973768bae95b58499efa37dd589\SdfUnit128.\bf2_start' using process `$paramod$fe7cc57cd3904973768bae95b58499efa37dd589\SdfUnit128.$proc$rtl/dual/sdfunit128.v:209$835'.
  created $dff cell `$procdff$1409' with positive edge clock.
Creating register for signal `$paramod$fe7cc57cd3904973768bae95b58499efa37dd589\SdfUnit128.\bf2_sp_en' using process `$paramod$fe7cc57cd3904973768bae95b58499efa37dd589\SdfUnit128.$proc$rtl/dual/sdfunit128.v:199$830'.
  created $adff cell `$procdff$1412' with positive edge clock and positive level reset.
Creating register for signal `$paramod$fe7cc57cd3904973768bae95b58499efa37dd589\SdfUnit128.\bf2_count' using process `$paramod$fe7cc57cd3904973768bae95b58499efa37dd589\SdfUnit128.$proc$rtl/dual/sdfunit128.v:199$830'.
  created $adff cell `$procdff$1415' with positive edge clock and positive level reset.
Creating register for signal `$paramod$fe7cc57cd3904973768bae95b58499efa37dd589\SdfUnit128.\bf2_bf' using process `$paramod$fe7cc57cd3904973768bae95b58499efa37dd589\SdfUnit128.$proc$rtl/dual/sdfunit128.v:163$821'.
  created $dff cell `$procdff$1416' with positive edge clock.
Creating register for signal `$paramod$fe7cc57cd3904973768bae95b58499efa37dd589\SdfUnit128.\bf1_do_re' using process `$paramod$fe7cc57cd3904973768bae95b58499efa37dd589\SdfUnit128.$proc$rtl/dual/sdfunit128.v:155$820'.
  created $dff cell `$procdff$1417' with positive edge clock.
Creating register for signal `$paramod$fe7cc57cd3904973768bae95b58499efa37dd589\SdfUnit128.\bf1_do_im' using process `$paramod$fe7cc57cd3904973768bae95b58499efa37dd589\SdfUnit128.$proc$rtl/dual/sdfunit128.v:155$820'.
  created $dff cell `$procdff$1418' with positive edge clock.
Creating register for signal `$paramod$fe7cc57cd3904973768bae95b58499efa37dd589\SdfUnit128.\bf1_sp_en' using process `$paramod$fe7cc57cd3904973768bae95b58499efa37dd589\SdfUnit128.$proc$rtl/dual/sdfunit128.v:142$812'.
  created $adff cell `$procdff$1421' with positive edge clock and positive level reset.
Creating register for signal `$paramod$fe7cc57cd3904973768bae95b58499efa37dd589\SdfUnit128.\bf1_count' using process `$paramod$fe7cc57cd3904973768bae95b58499efa37dd589\SdfUnit128.$proc$rtl/dual/sdfunit128.v:142$812'.
  created $adff cell `$procdff$1424' with positive edge clock and positive level reset.
Creating register for signal `$paramod$fe7cc57cd3904973768bae95b58499efa37dd589\SdfUnit128.\di_count' using process `$paramod$fe7cc57cd3904973768bae95b58499efa37dd589\SdfUnit128.$proc$rtl/dual/sdfunit128.v:103$798'.
  created $adff cell `$procdff$1427' with positive edge clock and positive level reset.
Creating register for signal `$paramod$2ddc66fc3ffa8db41a4fa756ec19a2c9a0dc42f0\SdfUnit128.\mu_do_en' using process `$paramod$2ddc66fc3ffa8db41a4fa756ec19a2c9a0dc42f0\SdfUnit128.$proc$rtl/dual/sdfunit128.v:264$795'.
  created $adff cell `$procdff$1430' with positive edge clock and positive level reset.
Creating register for signal `$paramod$2ddc66fc3ffa8db41a4fa756ec19a2c9a0dc42f0\SdfUnit128.\mu_do_re' using process `$paramod$2ddc66fc3ffa8db41a4fa756ec19a2c9a0dc42f0\SdfUnit128.$proc$rtl/dual/sdfunit128.v:259$792'.
  created $dff cell `$procdff$1431' with positive edge clock.
Creating register for signal `$paramod$2ddc66fc3ffa8db41a4fa756ec19a2c9a0dc42f0\SdfUnit128.\mu_do_im' using process `$paramod$2ddc66fc3ffa8db41a4fa756ec19a2c9a0dc42f0\SdfUnit128.$proc$rtl/dual/sdfunit128.v:259$792'.
  created $dff cell `$procdff$1432' with positive edge clock.
Creating register for signal `$paramod$2ddc66fc3ffa8db41a4fa756ec19a2c9a0dc42f0\SdfUnit128.\mu_en' using process `$paramod$2ddc66fc3ffa8db41a4fa756ec19a2c9a0dc42f0\SdfUnit128.$proc$rtl/dual/sdfunit128.v:243$788'.
  created $dff cell `$procdff$1433' with positive edge clock.
Creating register for signal `$paramod$2ddc66fc3ffa8db41a4fa756ec19a2c9a0dc42f0\SdfUnit128.\bf2_do_en' using process `$paramod$2ddc66fc3ffa8db41a4fa756ec19a2c9a0dc42f0\SdfUnit128.$proc$rtl/dual/sdfunit128.v:219$785'.
  created $adff cell `$procdff$1436' with positive edge clock and positive level reset.
Creating register for signal `$paramod$2ddc66fc3ffa8db41a4fa756ec19a2c9a0dc42f0\SdfUnit128.\bf2_do_re' using process `$paramod$2ddc66fc3ffa8db41a4fa756ec19a2c9a0dc42f0\SdfUnit128.$proc$rtl/dual/sdfunit128.v:214$784'.
  created $dff cell `$procdff$1437' with positive edge clock.
Creating register for signal `$paramod$2ddc66fc3ffa8db41a4fa756ec19a2c9a0dc42f0\SdfUnit128.\bf2_do_im' using process `$paramod$2ddc66fc3ffa8db41a4fa756ec19a2c9a0dc42f0\SdfUnit128.$proc$rtl/dual/sdfunit128.v:214$784'.
  created $dff cell `$procdff$1438' with positive edge clock.
Creating register for signal `$paramod$2ddc66fc3ffa8db41a4fa756ec19a2c9a0dc42f0\SdfUnit128.\bf2_start' using process `$paramod$2ddc66fc3ffa8db41a4fa756ec19a2c9a0dc42f0\SdfUnit128.$proc$rtl/dual/sdfunit128.v:209$780'.
  created $dff cell `$procdff$1439' with positive edge clock.
Creating register for signal `$paramod$2ddc66fc3ffa8db41a4fa756ec19a2c9a0dc42f0\SdfUnit128.\bf2_sp_en' using process `$paramod$2ddc66fc3ffa8db41a4fa756ec19a2c9a0dc42f0\SdfUnit128.$proc$rtl/dual/sdfunit128.v:199$775'.
  created $adff cell `$procdff$1442' with positive edge clock and positive level reset.
Creating register for signal `$paramod$2ddc66fc3ffa8db41a4fa756ec19a2c9a0dc42f0\SdfUnit128.\bf2_count' using process `$paramod$2ddc66fc3ffa8db41a4fa756ec19a2c9a0dc42f0\SdfUnit128.$proc$rtl/dual/sdfunit128.v:199$775'.
  created $adff cell `$procdff$1445' with positive edge clock and positive level reset.
Creating register for signal `$paramod$2ddc66fc3ffa8db41a4fa756ec19a2c9a0dc42f0\SdfUnit128.\bf2_bf' using process `$paramod$2ddc66fc3ffa8db41a4fa756ec19a2c9a0dc42f0\SdfUnit128.$proc$rtl/dual/sdfunit128.v:163$766'.
  created $dff cell `$procdff$1446' with positive edge clock.
Creating register for signal `$paramod$2ddc66fc3ffa8db41a4fa756ec19a2c9a0dc42f0\SdfUnit128.\bf1_do_re' using process `$paramod$2ddc66fc3ffa8db41a4fa756ec19a2c9a0dc42f0\SdfUnit128.$proc$rtl/dual/sdfunit128.v:155$765'.
  created $dff cell `$procdff$1447' with positive edge clock.
Creating register for signal `$paramod$2ddc66fc3ffa8db41a4fa756ec19a2c9a0dc42f0\SdfUnit128.\bf1_do_im' using process `$paramod$2ddc66fc3ffa8db41a4fa756ec19a2c9a0dc42f0\SdfUnit128.$proc$rtl/dual/sdfunit128.v:155$765'.
  created $dff cell `$procdff$1448' with positive edge clock.
Creating register for signal `$paramod$2ddc66fc3ffa8db41a4fa756ec19a2c9a0dc42f0\SdfUnit128.\bf1_sp_en' using process `$paramod$2ddc66fc3ffa8db41a4fa756ec19a2c9a0dc42f0\SdfUnit128.$proc$rtl/dual/sdfunit128.v:142$757'.
  created $adff cell `$procdff$1451' with positive edge clock and positive level reset.
Creating register for signal `$paramod$2ddc66fc3ffa8db41a4fa756ec19a2c9a0dc42f0\SdfUnit128.\bf1_count' using process `$paramod$2ddc66fc3ffa8db41a4fa756ec19a2c9a0dc42f0\SdfUnit128.$proc$rtl/dual/sdfunit128.v:142$757'.
  created $adff cell `$procdff$1454' with positive edge clock and positive level reset.
Creating register for signal `$paramod$2ddc66fc3ffa8db41a4fa756ec19a2c9a0dc42f0\SdfUnit128.\di_count' using process `$paramod$2ddc66fc3ffa8db41a4fa756ec19a2c9a0dc42f0\SdfUnit128.$proc$rtl/dual/sdfunit128.v:103$743'.
  created $adff cell `$procdff$1457' with positive edge clock and positive level reset.
Creating register for signal `$paramod\SdfUnit2\WIDTH=s32'00000000000000000000000000010000.\do_re' using process `$paramod\SdfUnit2\WIDTH=s32'00000000000000000000000000010000.$proc$../third_party/r22sdf/SdfUnit2.v:89$740'.
  created $dff cell `$procdff$1458' with positive edge clock.
Creating register for signal `$paramod\SdfUnit2\WIDTH=s32'00000000000000000000000000010000.\do_im' using process `$paramod\SdfUnit2\WIDTH=s32'00000000000000000000000000010000.$proc$../third_party/r22sdf/SdfUnit2.v:89$740'.
  created $dff cell `$procdff$1459' with positive edge clock.
Creating register for signal `$paramod\SdfUnit2\WIDTH=s32'00000000000000000000000000010000.\do_en' using process `$paramod\SdfUnit2\WIDTH=s32'00000000000000000000000000010000.$proc$../third_party/r22sdf/SdfUnit2.v:79$739'.
  created $adff cell `$procdff$1462' with positive edge clock and positive level reset.
Creating register for signal `$paramod\SdfUnit2\WIDTH=s32'00000000000000000000000000010000.\bf_sp_en' using process `$paramod\SdfUnit2\WIDTH=s32'00000000000000000000000000010000.$proc$../third_party/r22sdf/SdfUnit2.v:79$739'.
  created $adff cell `$procdff$1465' with positive edge clock and positive level reset.
Creating register for signal `$paramod\SdfUnit2\WIDTH=s32'00000000000000000000000000010000.\bf_en' using process `$paramod\SdfUnit2\WIDTH=s32'00000000000000000000000000010000.$proc$../third_party/r22sdf/SdfUnit2.v:41$728'.
  created $adff cell `$procdff$1468' with positive edge clock and positive level reset.
Creating register for signal `$paramod$31b4a60d4c392c8032c765add59e3b1dd88721d8\SdfUnit.\mu_do_en' using process `$paramod$31b4a60d4c392c8032c765add59e3b1dd88721d8\SdfUnit.$proc$../third_party/r22sdf/SdfUnit.v:264$727'.
  created $adff cell `$procdff$1471' with positive edge clock and positive level reset.
Creating register for signal `$paramod$31b4a60d4c392c8032c765add59e3b1dd88721d8\SdfUnit.\mu_do_re' using process `$paramod$31b4a60d4c392c8032c765add59e3b1dd88721d8\SdfUnit.$proc$../third_party/r22sdf/SdfUnit.v:259$724'.
  created $dff cell `$procdff$1472' with positive edge clock.
Creating register for signal `$paramod$31b4a60d4c392c8032c765add59e3b1dd88721d8\SdfUnit.\mu_do_im' using process `$paramod$31b4a60d4c392c8032c765add59e3b1dd88721d8\SdfUnit.$proc$../third_party/r22sdf/SdfUnit.v:259$724'.
  created $dff cell `$procdff$1473' with positive edge clock.
Creating register for signal `$paramod$31b4a60d4c392c8032c765add59e3b1dd88721d8\SdfUnit.\mu_en' using process `$paramod$31b4a60d4c392c8032c765add59e3b1dd88721d8\SdfUnit.$proc$../third_party/r22sdf/SdfUnit.v:243$720'.
  created $dff cell `$procdff$1474' with positive edge clock.
Creating register for signal `$paramod$31b4a60d4c392c8032c765add59e3b1dd88721d8\SdfUnit.\bf2_do_en' using process `$paramod$31b4a60d4c392c8032c765add59e3b1dd88721d8\SdfUnit.$proc$../third_party/r22sdf/SdfUnit.v:219$717'.
  created $adff cell `$procdff$1477' with positive edge clock and positive level reset.
Creating register for signal `$paramod$31b4a60d4c392c8032c765add59e3b1dd88721d8\SdfUnit.\bf2_do_re' using process `$paramod$31b4a60d4c392c8032c765add59e3b1dd88721d8\SdfUnit.$proc$../third_party/r22sdf/SdfUnit.v:214$716'.
  created $dff cell `$procdff$1478' with positive edge clock.
Creating register for signal `$paramod$31b4a60d4c392c8032c765add59e3b1dd88721d8\SdfUnit.\bf2_do_im' using process `$paramod$31b4a60d4c392c8032c765add59e3b1dd88721d8\SdfUnit.$proc$../third_party/r22sdf/SdfUnit.v:214$716'.
  created $dff cell `$procdff$1479' with positive edge clock.
Creating register for signal `$paramod$31b4a60d4c392c8032c765add59e3b1dd88721d8\SdfUnit.\bf2_start' using process `$paramod$31b4a60d4c392c8032c765add59e3b1dd88721d8\SdfUnit.$proc$../third_party/r22sdf/SdfUnit.v:209$712'.
  created $dff cell `$procdff$1480' with positive edge clock.
Creating register for signal `$paramod$31b4a60d4c392c8032c765add59e3b1dd88721d8\SdfUnit.\bf2_sp_en' using process `$paramod$31b4a60d4c392c8032c765add59e3b1dd88721d8\SdfUnit.$proc$../third_party/r22sdf/SdfUnit.v:199$707'.
  created $adff cell `$procdff$1483' with positive edge clock and positive level reset.
Creating register for signal `$paramod$31b4a60d4c392c8032c765add59e3b1dd88721d8\SdfUnit.\bf2_count' using process `$paramod$31b4a60d4c392c8032c765add59e3b1dd88721d8\SdfUnit.$proc$../third_party/r22sdf/SdfUnit.v:199$707'.
  created $adff cell `$procdff$1486' with positive edge clock and positive level reset.
Creating register for signal `$paramod$31b4a60d4c392c8032c765add59e3b1dd88721d8\SdfUnit.\bf2_bf' using process `$paramod$31b4a60d4c392c8032c765add59e3b1dd88721d8\SdfUnit.$proc$../third_party/r22sdf/SdfUnit.v:163$698'.
  created $dff cell `$procdff$1487' with positive edge clock.
Creating register for signal `$paramod$31b4a60d4c392c8032c765add59e3b1dd88721d8\SdfUnit.\bf1_do_re' using process `$paramod$31b4a60d4c392c8032c765add59e3b1dd88721d8\SdfUnit.$proc$../third_party/r22sdf/SdfUnit.v:155$697'.
  created $dff cell `$procdff$1488' with positive edge clock.
Creating register for signal `$paramod$31b4a60d4c392c8032c765add59e3b1dd88721d8\SdfUnit.\bf1_do_im' using process `$paramod$31b4a60d4c392c8032c765add59e3b1dd88721d8\SdfUnit.$proc$../third_party/r22sdf/SdfUnit.v:155$697'.
  created $dff cell `$procdff$1489' with positive edge clock.
Creating register for signal `$paramod$31b4a60d4c392c8032c765add59e3b1dd88721d8\SdfUnit.\bf1_sp_en' using process `$paramod$31b4a60d4c392c8032c765add59e3b1dd88721d8\SdfUnit.$proc$../third_party/r22sdf/SdfUnit.v:142$689'.
  created $adff cell `$procdff$1492' with positive edge clock and positive level reset.
Creating register for signal `$paramod$31b4a60d4c392c8032c765add59e3b1dd88721d8\SdfUnit.\bf1_count' using process `$paramod$31b4a60d4c392c8032c765add59e3b1dd88721d8\SdfUnit.$proc$../third_party/r22sdf/SdfUnit.v:142$689'.
  created $adff cell `$procdff$1495' with positive edge clock and positive level reset.
Creating register for signal `$paramod$31b4a60d4c392c8032c765add59e3b1dd88721d8\SdfUnit.\di_count' using process `$paramod$31b4a60d4c392c8032c765add59e3b1dd88721d8\SdfUnit.$proc$../third_party/r22sdf/SdfUnit.v:103$675'.
  created $adff cell `$procdff$1498' with positive edge clock and positive level reset.
Creating register for signal `$paramod$e3b428dd0e3d22a099d4960bb16875dbfc951f1c\SdfUnit.\mu_do_en' using process `$paramod$e3b428dd0e3d22a099d4960bb16875dbfc951f1c\SdfUnit.$proc$../third_party/r22sdf/SdfUnit.v:264$672'.
  created $adff cell `$procdff$1501' with positive edge clock and positive level reset.
Creating register for signal `$paramod$e3b428dd0e3d22a099d4960bb16875dbfc951f1c\SdfUnit.\mu_do_re' using process `$paramod$e3b428dd0e3d22a099d4960bb16875dbfc951f1c\SdfUnit.$proc$../third_party/r22sdf/SdfUnit.v:259$669'.
  created $dff cell `$procdff$1502' with positive edge clock.
Creating register for signal `$paramod$e3b428dd0e3d22a099d4960bb16875dbfc951f1c\SdfUnit.\mu_do_im' using process `$paramod$e3b428dd0e3d22a099d4960bb16875dbfc951f1c\SdfUnit.$proc$../third_party/r22sdf/SdfUnit.v:259$669'.
  created $dff cell `$procdff$1503' with positive edge clock.
Creating register for signal `$paramod$e3b428dd0e3d22a099d4960bb16875dbfc951f1c\SdfUnit.\mu_en' using process `$paramod$e3b428dd0e3d22a099d4960bb16875dbfc951f1c\SdfUnit.$proc$../third_party/r22sdf/SdfUnit.v:243$665'.
  created $dff cell `$procdff$1504' with positive edge clock.
Creating register for signal `$paramod$e3b428dd0e3d22a099d4960bb16875dbfc951f1c\SdfUnit.\bf2_do_en' using process `$paramod$e3b428dd0e3d22a099d4960bb16875dbfc951f1c\SdfUnit.$proc$../third_party/r22sdf/SdfUnit.v:219$662'.
  created $adff cell `$procdff$1507' with positive edge clock and positive level reset.
Creating register for signal `$paramod$e3b428dd0e3d22a099d4960bb16875dbfc951f1c\SdfUnit.\bf2_do_re' using process `$paramod$e3b428dd0e3d22a099d4960bb16875dbfc951f1c\SdfUnit.$proc$../third_party/r22sdf/SdfUnit.v:214$661'.
  created $dff cell `$procdff$1508' with positive edge clock.
Creating register for signal `$paramod$e3b428dd0e3d22a099d4960bb16875dbfc951f1c\SdfUnit.\bf2_do_im' using process `$paramod$e3b428dd0e3d22a099d4960bb16875dbfc951f1c\SdfUnit.$proc$../third_party/r22sdf/SdfUnit.v:214$661'.
  created $dff cell `$procdff$1509' with positive edge clock.
Creating register for signal `$paramod$e3b428dd0e3d22a099d4960bb16875dbfc951f1c\SdfUnit.\bf2_start' using process `$paramod$e3b428dd0e3d22a099d4960bb16875dbfc951f1c\SdfUnit.$proc$../third_party/r22sdf/SdfUnit.v:209$657'.
  created $dff cell `$procdff$1510' with positive edge clock.
Creating register for signal `$paramod$e3b428dd0e3d22a099d4960bb16875dbfc951f1c\SdfUnit.\bf2_sp_en' using process `$paramod$e3b428dd0e3d22a099d4960bb16875dbfc951f1c\SdfUnit.$proc$../third_party/r22sdf/SdfUnit.v:199$652'.
  created $adff cell `$procdff$1513' with positive edge clock and positive level reset.
Creating register for signal `$paramod$e3b428dd0e3d22a099d4960bb16875dbfc951f1c\SdfUnit.\bf2_count' using process `$paramod$e3b428dd0e3d22a099d4960bb16875dbfc951f1c\SdfUnit.$proc$../third_party/r22sdf/SdfUnit.v:199$652'.
  created $adff cell `$procdff$1516' with positive edge clock and positive level reset.
Creating register for signal `$paramod$e3b428dd0e3d22a099d4960bb16875dbfc951f1c\SdfUnit.\bf2_bf' using process `$paramod$e3b428dd0e3d22a099d4960bb16875dbfc951f1c\SdfUnit.$proc$../third_party/r22sdf/SdfUnit.v:163$643'.
  created $dff cell `$procdff$1517' with positive edge clock.
Creating register for signal `$paramod$e3b428dd0e3d22a099d4960bb16875dbfc951f1c\SdfUnit.\bf1_do_re' using process `$paramod$e3b428dd0e3d22a099d4960bb16875dbfc951f1c\SdfUnit.$proc$../third_party/r22sdf/SdfUnit.v:155$642'.
  created $dff cell `$procdff$1518' with positive edge clock.
Creating register for signal `$paramod$e3b428dd0e3d22a099d4960bb16875dbfc951f1c\SdfUnit.\bf1_do_im' using process `$paramod$e3b428dd0e3d22a099d4960bb16875dbfc951f1c\SdfUnit.$proc$../third_party/r22sdf/SdfUnit.v:155$642'.
  created $dff cell `$procdff$1519' with positive edge clock.
Creating register for signal `$paramod$e3b428dd0e3d22a099d4960bb16875dbfc951f1c\SdfUnit.\bf1_sp_en' using process `$paramod$e3b428dd0e3d22a099d4960bb16875dbfc951f1c\SdfUnit.$proc$../third_party/r22sdf/SdfUnit.v:142$634'.
  created $adff cell `$procdff$1522' with positive edge clock and positive level reset.
Creating register for signal `$paramod$e3b428dd0e3d22a099d4960bb16875dbfc951f1c\SdfUnit.\bf1_count' using process `$paramod$e3b428dd0e3d22a099d4960bb16875dbfc951f1c\SdfUnit.$proc$../third_party/r22sdf/SdfUnit.v:142$634'.
  created $adff cell `$procdff$1525' with positive edge clock and positive level reset.
Creating register for signal `$paramod$e3b428dd0e3d22a099d4960bb16875dbfc951f1c\SdfUnit.\di_count' using process `$paramod$e3b428dd0e3d22a099d4960bb16875dbfc951f1c\SdfUnit.$proc$../third_party/r22sdf/SdfUnit.v:103$620'.
  created $adff cell `$procdff$1528' with positive edge clock and positive level reset.
Creating register for signal `$paramod$25bb70cf5a48aa945caa779105562d3b5b1e4265\SdfUnit.\mu_do_en' using process `$paramod$25bb70cf5a48aa945caa779105562d3b5b1e4265\SdfUnit.$proc$../third_party/r22sdf/SdfUnit.v:264$617'.
  created $adff cell `$procdff$1531' with positive edge clock and positive level reset.
Creating register for signal `$paramod$25bb70cf5a48aa945caa779105562d3b5b1e4265\SdfUnit.\mu_do_re' using process `$paramod$25bb70cf5a48aa945caa779105562d3b5b1e4265\SdfUnit.$proc$../third_party/r22sdf/SdfUnit.v:259$614'.
  created $dff cell `$procdff$1532' with positive edge clock.
Creating register for signal `$paramod$25bb70cf5a48aa945caa779105562d3b5b1e4265\SdfUnit.\mu_do_im' using process `$paramod$25bb70cf5a48aa945caa779105562d3b5b1e4265\SdfUnit.$proc$../third_party/r22sdf/SdfUnit.v:259$614'.
  created $dff cell `$procdff$1533' with positive edge clock.
Creating register for signal `$paramod$25bb70cf5a48aa945caa779105562d3b5b1e4265\SdfUnit.\mu_en' using process `$paramod$25bb70cf5a48aa945caa779105562d3b5b1e4265\SdfUnit.$proc$../third_party/r22sdf/SdfUnit.v:243$610'.
  created $dff cell `$procdff$1534' with positive edge clock.
Creating register for signal `$paramod$25bb70cf5a48aa945caa779105562d3b5b1e4265\SdfUnit.\bf2_do_en' using process `$paramod$25bb70cf5a48aa945caa779105562d3b5b1e4265\SdfUnit.$proc$../third_party/r22sdf/SdfUnit.v:219$607'.
  created $adff cell `$procdff$1537' with positive edge clock and positive level reset.
Creating register for signal `$paramod$25bb70cf5a48aa945caa779105562d3b5b1e4265\SdfUnit.\bf2_do_re' using process `$paramod$25bb70cf5a48aa945caa779105562d3b5b1e4265\SdfUnit.$proc$../third_party/r22sdf/SdfUnit.v:214$606'.
  created $dff cell `$procdff$1538' with positive edge clock.
Creating register for signal `$paramod$25bb70cf5a48aa945caa779105562d3b5b1e4265\SdfUnit.\bf2_do_im' using process `$paramod$25bb70cf5a48aa945caa779105562d3b5b1e4265\SdfUnit.$proc$../third_party/r22sdf/SdfUnit.v:214$606'.
  created $dff cell `$procdff$1539' with positive edge clock.
Creating register for signal `$paramod$25bb70cf5a48aa945caa779105562d3b5b1e4265\SdfUnit.\bf2_start' using process `$paramod$25bb70cf5a48aa945caa779105562d3b5b1e4265\SdfUnit.$proc$../third_party/r22sdf/SdfUnit.v:209$602'.
  created $dff cell `$procdff$1540' with positive edge clock.
Creating register for signal `$paramod$25bb70cf5a48aa945caa779105562d3b5b1e4265\SdfUnit.\bf2_sp_en' using process `$paramod$25bb70cf5a48aa945caa779105562d3b5b1e4265\SdfUnit.$proc$../third_party/r22sdf/SdfUnit.v:199$597'.
  created $adff cell `$procdff$1543' with positive edge clock and positive level reset.
Creating register for signal `$paramod$25bb70cf5a48aa945caa779105562d3b5b1e4265\SdfUnit.\bf2_count' using process `$paramod$25bb70cf5a48aa945caa779105562d3b5b1e4265\SdfUnit.$proc$../third_party/r22sdf/SdfUnit.v:199$597'.
  created $adff cell `$procdff$1546' with positive edge clock and positive level reset.
Creating register for signal `$paramod$25bb70cf5a48aa945caa779105562d3b5b1e4265\SdfUnit.\bf2_bf' using process `$paramod$25bb70cf5a48aa945caa779105562d3b5b1e4265\SdfUnit.$proc$../third_party/r22sdf/SdfUnit.v:163$588'.
  created $dff cell `$procdff$1547' with positive edge clock.
Creating register for signal `$paramod$25bb70cf5a48aa945caa779105562d3b5b1e4265\SdfUnit.\bf1_do_re' using process `$paramod$25bb70cf5a48aa945caa779105562d3b5b1e4265\SdfUnit.$proc$../third_party/r22sdf/SdfUnit.v:155$587'.
  created $dff cell `$procdff$1548' with positive edge clock.
Creating register for signal `$paramod$25bb70cf5a48aa945caa779105562d3b5b1e4265\SdfUnit.\bf1_do_im' using process `$paramod$25bb70cf5a48aa945caa779105562d3b5b1e4265\SdfUnit.$proc$../third_party/r22sdf/SdfUnit.v:155$587'.
  created $dff cell `$procdff$1549' with positive edge clock.
Creating register for signal `$paramod$25bb70cf5a48aa945caa779105562d3b5b1e4265\SdfUnit.\bf1_sp_en' using process `$paramod$25bb70cf5a48aa945caa779105562d3b5b1e4265\SdfUnit.$proc$../third_party/r22sdf/SdfUnit.v:142$579'.
  created $adff cell `$procdff$1552' with positive edge clock and positive level reset.
Creating register for signal `$paramod$25bb70cf5a48aa945caa779105562d3b5b1e4265\SdfUnit.\bf1_count' using process `$paramod$25bb70cf5a48aa945caa779105562d3b5b1e4265\SdfUnit.$proc$../third_party/r22sdf/SdfUnit.v:142$579'.
  created $adff cell `$procdff$1555' with positive edge clock and positive level reset.
Creating register for signal `$paramod$25bb70cf5a48aa945caa779105562d3b5b1e4265\SdfUnit.\di_count' using process `$paramod$25bb70cf5a48aa945caa779105562d3b5b1e4265\SdfUnit.$proc$../third_party/r22sdf/SdfUnit.v:103$565'.
  created $adff cell `$procdff$1558' with positive edge clock and positive level reset.
Creating register for signal `\Twiddle128_core.\ff_re' using process `\Twiddle128_core.$proc$rtl/dual/twiddle128_core.v:23$300'.
  created $dff cell `$procdff$1559' with positive edge clock.
Creating register for signal `\Twiddle128_core.\ff_im' using process `\Twiddle128_core.$proc$rtl/dual/twiddle128_core.v:23$300'.
  created $dff cell `$procdff$1560' with positive edge clock.
Creating register for signal `$paramod$6010395c8740f19344fd93aacef13621d2f67395\DelayBuffer.\n' using process `$paramod$6010395c8740f19344fd93aacef13621d2f67395\DelayBuffer.$proc$../third_party/r22sdf/DelayBuffer.v:20$946'.
  created $dff cell `$procdff$1561' with positive edge clock.
Creating register for signal `$paramod$6010395c8740f19344fd93aacef13621d2f67395\DelayBuffer.\buf_re[0]' using process `$paramod$6010395c8740f19344fd93aacef13621d2f67395\DelayBuffer.$proc$../third_party/r22sdf/DelayBuffer.v:20$946'.
  created $dff cell `$procdff$1562' with positive edge clock.
Creating register for signal `$paramod$6010395c8740f19344fd93aacef13621d2f67395\DelayBuffer.\buf_re[1]' using process `$paramod$6010395c8740f19344fd93aacef13621d2f67395\DelayBuffer.$proc$../third_party/r22sdf/DelayBuffer.v:20$946'.
  created $dff cell `$procdff$1563' with positive edge clock.
Creating register for signal `$paramod$6010395c8740f19344fd93aacef13621d2f67395\DelayBuffer.\buf_re[2]' using process `$paramod$6010395c8740f19344fd93aacef13621d2f67395\DelayBuffer.$proc$../third_party/r22sdf/DelayBuffer.v:20$946'.
  created $dff cell `$procdff$1564' with positive edge clock.
Creating register for signal `$paramod$6010395c8740f19344fd93aacef13621d2f67395\DelayBuffer.\buf_re[3]' using process `$paramod$6010395c8740f19344fd93aacef13621d2f67395\DelayBuffer.$proc$../third_party/r22sdf/DelayBuffer.v:20$946'.
  created $dff cell `$procdff$1565' with positive edge clock.
Creating register for signal `$paramod$6010395c8740f19344fd93aacef13621d2f67395\DelayBuffer.\buf_re[4]' using process `$paramod$6010395c8740f19344fd93aacef13621d2f67395\DelayBuffer.$proc$../third_party/r22sdf/DelayBuffer.v:20$946'.
  created $dff cell `$procdff$1566' with positive edge clock.
Creating register for signal `$paramod$6010395c8740f19344fd93aacef13621d2f67395\DelayBuffer.\buf_re[5]' using process `$paramod$6010395c8740f19344fd93aacef13621d2f67395\DelayBuffer.$proc$../third_party/r22sdf/DelayBuffer.v:20$946'.
  created $dff cell `$procdff$1567' with positive edge clock.
Creating register for signal `$paramod$6010395c8740f19344fd93aacef13621d2f67395\DelayBuffer.\buf_re[6]' using process `$paramod$6010395c8740f19344fd93aacef13621d2f67395\DelayBuffer.$proc$../third_party/r22sdf/DelayBuffer.v:20$946'.
  created $dff cell `$procdff$1568' with positive edge clock.
Creating register for signal `$paramod$6010395c8740f19344fd93aacef13621d2f67395\DelayBuffer.\buf_re[7]' using process `$paramod$6010395c8740f19344fd93aacef13621d2f67395\DelayBuffer.$proc$../third_party/r22sdf/DelayBuffer.v:20$946'.
  created $dff cell `$procdff$1569' with positive edge clock.
Creating register for signal `$paramod$6010395c8740f19344fd93aacef13621d2f67395\DelayBuffer.\buf_re[8]' using process `$paramod$6010395c8740f19344fd93aacef13621d2f67395\DelayBuffer.$proc$../third_party/r22sdf/DelayBuffer.v:20$946'.
  created $dff cell `$procdff$1570' with positive edge clock.
Creating register for signal `$paramod$6010395c8740f19344fd93aacef13621d2f67395\DelayBuffer.\buf_re[9]' using process `$paramod$6010395c8740f19344fd93aacef13621d2f67395\DelayBuffer.$proc$../third_party/r22sdf/DelayBuffer.v:20$946'.
  created $dff cell `$procdff$1571' with positive edge clock.
Creating register for signal `$paramod$6010395c8740f19344fd93aacef13621d2f67395\DelayBuffer.\buf_re[10]' using process `$paramod$6010395c8740f19344fd93aacef13621d2f67395\DelayBuffer.$proc$../third_party/r22sdf/DelayBuffer.v:20$946'.
  created $dff cell `$procdff$1572' with positive edge clock.
Creating register for signal `$paramod$6010395c8740f19344fd93aacef13621d2f67395\DelayBuffer.\buf_re[11]' using process `$paramod$6010395c8740f19344fd93aacef13621d2f67395\DelayBuffer.$proc$../third_party/r22sdf/DelayBuffer.v:20$946'.
  created $dff cell `$procdff$1573' with positive edge clock.
Creating register for signal `$paramod$6010395c8740f19344fd93aacef13621d2f67395\DelayBuffer.\buf_re[12]' using process `$paramod$6010395c8740f19344fd93aacef13621d2f67395\DelayBuffer.$proc$../third_party/r22sdf/DelayBuffer.v:20$946'.
  created $dff cell `$procdff$1574' with positive edge clock.
Creating register for signal `$paramod$6010395c8740f19344fd93aacef13621d2f67395\DelayBuffer.\buf_re[13]' using process `$paramod$6010395c8740f19344fd93aacef13621d2f67395\DelayBuffer.$proc$../third_party/r22sdf/DelayBuffer.v:20$946'.
  created $dff cell `$procdff$1575' with positive edge clock.
Creating register for signal `$paramod$6010395c8740f19344fd93aacef13621d2f67395\DelayBuffer.\buf_re[14]' using process `$paramod$6010395c8740f19344fd93aacef13621d2f67395\DelayBuffer.$proc$../third_party/r22sdf/DelayBuffer.v:20$946'.
  created $dff cell `$procdff$1576' with positive edge clock.
Creating register for signal `$paramod$6010395c8740f19344fd93aacef13621d2f67395\DelayBuffer.\buf_re[15]' using process `$paramod$6010395c8740f19344fd93aacef13621d2f67395\DelayBuffer.$proc$../third_party/r22sdf/DelayBuffer.v:20$946'.
  created $dff cell `$procdff$1577' with positive edge clock.
Creating register for signal `$paramod$6010395c8740f19344fd93aacef13621d2f67395\DelayBuffer.\buf_re[16]' using process `$paramod$6010395c8740f19344fd93aacef13621d2f67395\DelayBuffer.$proc$../third_party/r22sdf/DelayBuffer.v:20$946'.
  created $dff cell `$procdff$1578' with positive edge clock.
Creating register for signal `$paramod$6010395c8740f19344fd93aacef13621d2f67395\DelayBuffer.\buf_re[17]' using process `$paramod$6010395c8740f19344fd93aacef13621d2f67395\DelayBuffer.$proc$../third_party/r22sdf/DelayBuffer.v:20$946'.
  created $dff cell `$procdff$1579' with positive edge clock.
Creating register for signal `$paramod$6010395c8740f19344fd93aacef13621d2f67395\DelayBuffer.\buf_re[18]' using process `$paramod$6010395c8740f19344fd93aacef13621d2f67395\DelayBuffer.$proc$../third_party/r22sdf/DelayBuffer.v:20$946'.
  created $dff cell `$procdff$1580' with positive edge clock.
Creating register for signal `$paramod$6010395c8740f19344fd93aacef13621d2f67395\DelayBuffer.\buf_re[19]' using process `$paramod$6010395c8740f19344fd93aacef13621d2f67395\DelayBuffer.$proc$../third_party/r22sdf/DelayBuffer.v:20$946'.
  created $dff cell `$procdff$1581' with positive edge clock.
Creating register for signal `$paramod$6010395c8740f19344fd93aacef13621d2f67395\DelayBuffer.\buf_re[20]' using process `$paramod$6010395c8740f19344fd93aacef13621d2f67395\DelayBuffer.$proc$../third_party/r22sdf/DelayBuffer.v:20$946'.
  created $dff cell `$procdff$1582' with positive edge clock.
Creating register for signal `$paramod$6010395c8740f19344fd93aacef13621d2f67395\DelayBuffer.\buf_re[21]' using process `$paramod$6010395c8740f19344fd93aacef13621d2f67395\DelayBuffer.$proc$../third_party/r22sdf/DelayBuffer.v:20$946'.
  created $dff cell `$procdff$1583' with positive edge clock.
Creating register for signal `$paramod$6010395c8740f19344fd93aacef13621d2f67395\DelayBuffer.\buf_re[22]' using process `$paramod$6010395c8740f19344fd93aacef13621d2f67395\DelayBuffer.$proc$../third_party/r22sdf/DelayBuffer.v:20$946'.
  created $dff cell `$procdff$1584' with positive edge clock.
Creating register for signal `$paramod$6010395c8740f19344fd93aacef13621d2f67395\DelayBuffer.\buf_re[23]' using process `$paramod$6010395c8740f19344fd93aacef13621d2f67395\DelayBuffer.$proc$../third_party/r22sdf/DelayBuffer.v:20$946'.
  created $dff cell `$procdff$1585' with positive edge clock.
Creating register for signal `$paramod$6010395c8740f19344fd93aacef13621d2f67395\DelayBuffer.\buf_re[24]' using process `$paramod$6010395c8740f19344fd93aacef13621d2f67395\DelayBuffer.$proc$../third_party/r22sdf/DelayBuffer.v:20$946'.
  created $dff cell `$procdff$1586' with positive edge clock.
Creating register for signal `$paramod$6010395c8740f19344fd93aacef13621d2f67395\DelayBuffer.\buf_re[25]' using process `$paramod$6010395c8740f19344fd93aacef13621d2f67395\DelayBuffer.$proc$../third_party/r22sdf/DelayBuffer.v:20$946'.
  created $dff cell `$procdff$1587' with positive edge clock.
Creating register for signal `$paramod$6010395c8740f19344fd93aacef13621d2f67395\DelayBuffer.\buf_re[26]' using process `$paramod$6010395c8740f19344fd93aacef13621d2f67395\DelayBuffer.$proc$../third_party/r22sdf/DelayBuffer.v:20$946'.
  created $dff cell `$procdff$1588' with positive edge clock.
Creating register for signal `$paramod$6010395c8740f19344fd93aacef13621d2f67395\DelayBuffer.\buf_re[27]' using process `$paramod$6010395c8740f19344fd93aacef13621d2f67395\DelayBuffer.$proc$../third_party/r22sdf/DelayBuffer.v:20$946'.
  created $dff cell `$procdff$1589' with positive edge clock.
Creating register for signal `$paramod$6010395c8740f19344fd93aacef13621d2f67395\DelayBuffer.\buf_re[28]' using process `$paramod$6010395c8740f19344fd93aacef13621d2f67395\DelayBuffer.$proc$../third_party/r22sdf/DelayBuffer.v:20$946'.
  created $dff cell `$procdff$1590' with positive edge clock.
Creating register for signal `$paramod$6010395c8740f19344fd93aacef13621d2f67395\DelayBuffer.\buf_re[29]' using process `$paramod$6010395c8740f19344fd93aacef13621d2f67395\DelayBuffer.$proc$../third_party/r22sdf/DelayBuffer.v:20$946'.
  created $dff cell `$procdff$1591' with positive edge clock.
Creating register for signal `$paramod$6010395c8740f19344fd93aacef13621d2f67395\DelayBuffer.\buf_re[30]' using process `$paramod$6010395c8740f19344fd93aacef13621d2f67395\DelayBuffer.$proc$../third_party/r22sdf/DelayBuffer.v:20$946'.
  created $dff cell `$procdff$1592' with positive edge clock.
Creating register for signal `$paramod$6010395c8740f19344fd93aacef13621d2f67395\DelayBuffer.\buf_re[31]' using process `$paramod$6010395c8740f19344fd93aacef13621d2f67395\DelayBuffer.$proc$../third_party/r22sdf/DelayBuffer.v:20$946'.
  created $dff cell `$procdff$1593' with positive edge clock.
Creating register for signal `$paramod$6010395c8740f19344fd93aacef13621d2f67395\DelayBuffer.\buf_im[0]' using process `$paramod$6010395c8740f19344fd93aacef13621d2f67395\DelayBuffer.$proc$../third_party/r22sdf/DelayBuffer.v:20$946'.
  created $dff cell `$procdff$1594' with positive edge clock.
Creating register for signal `$paramod$6010395c8740f19344fd93aacef13621d2f67395\DelayBuffer.\buf_im[1]' using process `$paramod$6010395c8740f19344fd93aacef13621d2f67395\DelayBuffer.$proc$../third_party/r22sdf/DelayBuffer.v:20$946'.
  created $dff cell `$procdff$1595' with positive edge clock.
Creating register for signal `$paramod$6010395c8740f19344fd93aacef13621d2f67395\DelayBuffer.\buf_im[2]' using process `$paramod$6010395c8740f19344fd93aacef13621d2f67395\DelayBuffer.$proc$../third_party/r22sdf/DelayBuffer.v:20$946'.
  created $dff cell `$procdff$1596' with positive edge clock.
Creating register for signal `$paramod$6010395c8740f19344fd93aacef13621d2f67395\DelayBuffer.\buf_im[3]' using process `$paramod$6010395c8740f19344fd93aacef13621d2f67395\DelayBuffer.$proc$../third_party/r22sdf/DelayBuffer.v:20$946'.
  created $dff cell `$procdff$1597' with positive edge clock.
Creating register for signal `$paramod$6010395c8740f19344fd93aacef13621d2f67395\DelayBuffer.\buf_im[4]' using process `$paramod$6010395c8740f19344fd93aacef13621d2f67395\DelayBuffer.$proc$../third_party/r22sdf/DelayBuffer.v:20$946'.
  created $dff cell `$procdff$1598' with positive edge clock.
Creating register for signal `$paramod$6010395c8740f19344fd93aacef13621d2f67395\DelayBuffer.\buf_im[5]' using process `$paramod$6010395c8740f19344fd93aacef13621d2f67395\DelayBuffer.$proc$../third_party/r22sdf/DelayBuffer.v:20$946'.
  created $dff cell `$procdff$1599' with positive edge clock.
Creating register for signal `$paramod$6010395c8740f19344fd93aacef13621d2f67395\DelayBuffer.\buf_im[6]' using process `$paramod$6010395c8740f19344fd93aacef13621d2f67395\DelayBuffer.$proc$../third_party/r22sdf/DelayBuffer.v:20$946'.
  created $dff cell `$procdff$1600' with positive edge clock.
Creating register for signal `$paramod$6010395c8740f19344fd93aacef13621d2f67395\DelayBuffer.\buf_im[7]' using process `$paramod$6010395c8740f19344fd93aacef13621d2f67395\DelayBuffer.$proc$../third_party/r22sdf/DelayBuffer.v:20$946'.
  created $dff cell `$procdff$1601' with positive edge clock.
Creating register for signal `$paramod$6010395c8740f19344fd93aacef13621d2f67395\DelayBuffer.\buf_im[8]' using process `$paramod$6010395c8740f19344fd93aacef13621d2f67395\DelayBuffer.$proc$../third_party/r22sdf/DelayBuffer.v:20$946'.
  created $dff cell `$procdff$1602' with positive edge clock.
Creating register for signal `$paramod$6010395c8740f19344fd93aacef13621d2f67395\DelayBuffer.\buf_im[9]' using process `$paramod$6010395c8740f19344fd93aacef13621d2f67395\DelayBuffer.$proc$../third_party/r22sdf/DelayBuffer.v:20$946'.
  created $dff cell `$procdff$1603' with positive edge clock.
Creating register for signal `$paramod$6010395c8740f19344fd93aacef13621d2f67395\DelayBuffer.\buf_im[10]' using process `$paramod$6010395c8740f19344fd93aacef13621d2f67395\DelayBuffer.$proc$../third_party/r22sdf/DelayBuffer.v:20$946'.
  created $dff cell `$procdff$1604' with positive edge clock.
Creating register for signal `$paramod$6010395c8740f19344fd93aacef13621d2f67395\DelayBuffer.\buf_im[11]' using process `$paramod$6010395c8740f19344fd93aacef13621d2f67395\DelayBuffer.$proc$../third_party/r22sdf/DelayBuffer.v:20$946'.
  created $dff cell `$procdff$1605' with positive edge clock.
Creating register for signal `$paramod$6010395c8740f19344fd93aacef13621d2f67395\DelayBuffer.\buf_im[12]' using process `$paramod$6010395c8740f19344fd93aacef13621d2f67395\DelayBuffer.$proc$../third_party/r22sdf/DelayBuffer.v:20$946'.
  created $dff cell `$procdff$1606' with positive edge clock.
Creating register for signal `$paramod$6010395c8740f19344fd93aacef13621d2f67395\DelayBuffer.\buf_im[13]' using process `$paramod$6010395c8740f19344fd93aacef13621d2f67395\DelayBuffer.$proc$../third_party/r22sdf/DelayBuffer.v:20$946'.
  created $dff cell `$procdff$1607' with positive edge clock.
Creating register for signal `$paramod$6010395c8740f19344fd93aacef13621d2f67395\DelayBuffer.\buf_im[14]' using process `$paramod$6010395c8740f19344fd93aacef13621d2f67395\DelayBuffer.$proc$../third_party/r22sdf/DelayBuffer.v:20$946'.
  created $dff cell `$procdff$1608' with positive edge clock.
Creating register for signal `$paramod$6010395c8740f19344fd93aacef13621d2f67395\DelayBuffer.\buf_im[15]' using process `$paramod$6010395c8740f19344fd93aacef13621d2f67395\DelayBuffer.$proc$../third_party/r22sdf/DelayBuffer.v:20$946'.
  created $dff cell `$procdff$1609' with positive edge clock.
Creating register for signal `$paramod$6010395c8740f19344fd93aacef13621d2f67395\DelayBuffer.\buf_im[16]' using process `$paramod$6010395c8740f19344fd93aacef13621d2f67395\DelayBuffer.$proc$../third_party/r22sdf/DelayBuffer.v:20$946'.
  created $dff cell `$procdff$1610' with positive edge clock.
Creating register for signal `$paramod$6010395c8740f19344fd93aacef13621d2f67395\DelayBuffer.\buf_im[17]' using process `$paramod$6010395c8740f19344fd93aacef13621d2f67395\DelayBuffer.$proc$../third_party/r22sdf/DelayBuffer.v:20$946'.
  created $dff cell `$procdff$1611' with positive edge clock.
Creating register for signal `$paramod$6010395c8740f19344fd93aacef13621d2f67395\DelayBuffer.\buf_im[18]' using process `$paramod$6010395c8740f19344fd93aacef13621d2f67395\DelayBuffer.$proc$../third_party/r22sdf/DelayBuffer.v:20$946'.
  created $dff cell `$procdff$1612' with positive edge clock.
Creating register for signal `$paramod$6010395c8740f19344fd93aacef13621d2f67395\DelayBuffer.\buf_im[19]' using process `$paramod$6010395c8740f19344fd93aacef13621d2f67395\DelayBuffer.$proc$../third_party/r22sdf/DelayBuffer.v:20$946'.
  created $dff cell `$procdff$1613' with positive edge clock.
Creating register for signal `$paramod$6010395c8740f19344fd93aacef13621d2f67395\DelayBuffer.\buf_im[20]' using process `$paramod$6010395c8740f19344fd93aacef13621d2f67395\DelayBuffer.$proc$../third_party/r22sdf/DelayBuffer.v:20$946'.
  created $dff cell `$procdff$1614' with positive edge clock.
Creating register for signal `$paramod$6010395c8740f19344fd93aacef13621d2f67395\DelayBuffer.\buf_im[21]' using process `$paramod$6010395c8740f19344fd93aacef13621d2f67395\DelayBuffer.$proc$../third_party/r22sdf/DelayBuffer.v:20$946'.
  created $dff cell `$procdff$1615' with positive edge clock.
Creating register for signal `$paramod$6010395c8740f19344fd93aacef13621d2f67395\DelayBuffer.\buf_im[22]' using process `$paramod$6010395c8740f19344fd93aacef13621d2f67395\DelayBuffer.$proc$../third_party/r22sdf/DelayBuffer.v:20$946'.
  created $dff cell `$procdff$1616' with positive edge clock.
Creating register for signal `$paramod$6010395c8740f19344fd93aacef13621d2f67395\DelayBuffer.\buf_im[23]' using process `$paramod$6010395c8740f19344fd93aacef13621d2f67395\DelayBuffer.$proc$../third_party/r22sdf/DelayBuffer.v:20$946'.
  created $dff cell `$procdff$1617' with positive edge clock.
Creating register for signal `$paramod$6010395c8740f19344fd93aacef13621d2f67395\DelayBuffer.\buf_im[24]' using process `$paramod$6010395c8740f19344fd93aacef13621d2f67395\DelayBuffer.$proc$../third_party/r22sdf/DelayBuffer.v:20$946'.
  created $dff cell `$procdff$1618' with positive edge clock.
Creating register for signal `$paramod$6010395c8740f19344fd93aacef13621d2f67395\DelayBuffer.\buf_im[25]' using process `$paramod$6010395c8740f19344fd93aacef13621d2f67395\DelayBuffer.$proc$../third_party/r22sdf/DelayBuffer.v:20$946'.
  created $dff cell `$procdff$1619' with positive edge clock.
Creating register for signal `$paramod$6010395c8740f19344fd93aacef13621d2f67395\DelayBuffer.\buf_im[26]' using process `$paramod$6010395c8740f19344fd93aacef13621d2f67395\DelayBuffer.$proc$../third_party/r22sdf/DelayBuffer.v:20$946'.
  created $dff cell `$procdff$1620' with positive edge clock.
Creating register for signal `$paramod$6010395c8740f19344fd93aacef13621d2f67395\DelayBuffer.\buf_im[27]' using process `$paramod$6010395c8740f19344fd93aacef13621d2f67395\DelayBuffer.$proc$../third_party/r22sdf/DelayBuffer.v:20$946'.
  created $dff cell `$procdff$1621' with positive edge clock.
Creating register for signal `$paramod$6010395c8740f19344fd93aacef13621d2f67395\DelayBuffer.\buf_im[28]' using process `$paramod$6010395c8740f19344fd93aacef13621d2f67395\DelayBuffer.$proc$../third_party/r22sdf/DelayBuffer.v:20$946'.
  created $dff cell `$procdff$1622' with positive edge clock.
Creating register for signal `$paramod$6010395c8740f19344fd93aacef13621d2f67395\DelayBuffer.\buf_im[29]' using process `$paramod$6010395c8740f19344fd93aacef13621d2f67395\DelayBuffer.$proc$../third_party/r22sdf/DelayBuffer.v:20$946'.
  created $dff cell `$procdff$1623' with positive edge clock.
Creating register for signal `$paramod$6010395c8740f19344fd93aacef13621d2f67395\DelayBuffer.\buf_im[30]' using process `$paramod$6010395c8740f19344fd93aacef13621d2f67395\DelayBuffer.$proc$../third_party/r22sdf/DelayBuffer.v:20$946'.
  created $dff cell `$procdff$1624' with positive edge clock.
Creating register for signal `$paramod$6010395c8740f19344fd93aacef13621d2f67395\DelayBuffer.\buf_im[31]' using process `$paramod$6010395c8740f19344fd93aacef13621d2f67395\DelayBuffer.$proc$../third_party/r22sdf/DelayBuffer.v:20$946'.
  created $dff cell `$procdff$1625' with positive edge clock.
Creating register for signal `$paramod$6010395c8740f19344fd93aacef13621d2f67395\DelayBuffer.\buf_re[32]' using process `$paramod$6010395c8740f19344fd93aacef13621d2f67395\DelayBuffer.$proc$../third_party/r22sdf/DelayBuffer.v:20$946'.
  created $dff cell `$procdff$1626' with positive edge clock.
Creating register for signal `$paramod$6010395c8740f19344fd93aacef13621d2f67395\DelayBuffer.\buf_re[33]' using process `$paramod$6010395c8740f19344fd93aacef13621d2f67395\DelayBuffer.$proc$../third_party/r22sdf/DelayBuffer.v:20$946'.
  created $dff cell `$procdff$1627' with positive edge clock.
Creating register for signal `$paramod$6010395c8740f19344fd93aacef13621d2f67395\DelayBuffer.\buf_re[34]' using process `$paramod$6010395c8740f19344fd93aacef13621d2f67395\DelayBuffer.$proc$../third_party/r22sdf/DelayBuffer.v:20$946'.
  created $dff cell `$procdff$1628' with positive edge clock.
Creating register for signal `$paramod$6010395c8740f19344fd93aacef13621d2f67395\DelayBuffer.\buf_re[35]' using process `$paramod$6010395c8740f19344fd93aacef13621d2f67395\DelayBuffer.$proc$../third_party/r22sdf/DelayBuffer.v:20$946'.
  created $dff cell `$procdff$1629' with positive edge clock.
Creating register for signal `$paramod$6010395c8740f19344fd93aacef13621d2f67395\DelayBuffer.\buf_re[36]' using process `$paramod$6010395c8740f19344fd93aacef13621d2f67395\DelayBuffer.$proc$../third_party/r22sdf/DelayBuffer.v:20$946'.
  created $dff cell `$procdff$1630' with positive edge clock.
Creating register for signal `$paramod$6010395c8740f19344fd93aacef13621d2f67395\DelayBuffer.\buf_re[37]' using process `$paramod$6010395c8740f19344fd93aacef13621d2f67395\DelayBuffer.$proc$../third_party/r22sdf/DelayBuffer.v:20$946'.
  created $dff cell `$procdff$1631' with positive edge clock.
Creating register for signal `$paramod$6010395c8740f19344fd93aacef13621d2f67395\DelayBuffer.\buf_re[38]' using process `$paramod$6010395c8740f19344fd93aacef13621d2f67395\DelayBuffer.$proc$../third_party/r22sdf/DelayBuffer.v:20$946'.
  created $dff cell `$procdff$1632' with positive edge clock.
Creating register for signal `$paramod$6010395c8740f19344fd93aacef13621d2f67395\DelayBuffer.\buf_re[39]' using process `$paramod$6010395c8740f19344fd93aacef13621d2f67395\DelayBuffer.$proc$../third_party/r22sdf/DelayBuffer.v:20$946'.
  created $dff cell `$procdff$1633' with positive edge clock.
Creating register for signal `$paramod$6010395c8740f19344fd93aacef13621d2f67395\DelayBuffer.\buf_re[40]' using process `$paramod$6010395c8740f19344fd93aacef13621d2f67395\DelayBuffer.$proc$../third_party/r22sdf/DelayBuffer.v:20$946'.
  created $dff cell `$procdff$1634' with positive edge clock.
Creating register for signal `$paramod$6010395c8740f19344fd93aacef13621d2f67395\DelayBuffer.\buf_re[41]' using process `$paramod$6010395c8740f19344fd93aacef13621d2f67395\DelayBuffer.$proc$../third_party/r22sdf/DelayBuffer.v:20$946'.
  created $dff cell `$procdff$1635' with positive edge clock.
Creating register for signal `$paramod$6010395c8740f19344fd93aacef13621d2f67395\DelayBuffer.\buf_re[42]' using process `$paramod$6010395c8740f19344fd93aacef13621d2f67395\DelayBuffer.$proc$../third_party/r22sdf/DelayBuffer.v:20$946'.
  created $dff cell `$procdff$1636' with positive edge clock.
Creating register for signal `$paramod$6010395c8740f19344fd93aacef13621d2f67395\DelayBuffer.\buf_re[43]' using process `$paramod$6010395c8740f19344fd93aacef13621d2f67395\DelayBuffer.$proc$../third_party/r22sdf/DelayBuffer.v:20$946'.
  created $dff cell `$procdff$1637' with positive edge clock.
Creating register for signal `$paramod$6010395c8740f19344fd93aacef13621d2f67395\DelayBuffer.\buf_re[44]' using process `$paramod$6010395c8740f19344fd93aacef13621d2f67395\DelayBuffer.$proc$../third_party/r22sdf/DelayBuffer.v:20$946'.
  created $dff cell `$procdff$1638' with positive edge clock.
Creating register for signal `$paramod$6010395c8740f19344fd93aacef13621d2f67395\DelayBuffer.\buf_re[45]' using process `$paramod$6010395c8740f19344fd93aacef13621d2f67395\DelayBuffer.$proc$../third_party/r22sdf/DelayBuffer.v:20$946'.
  created $dff cell `$procdff$1639' with positive edge clock.
Creating register for signal `$paramod$6010395c8740f19344fd93aacef13621d2f67395\DelayBuffer.\buf_re[46]' using process `$paramod$6010395c8740f19344fd93aacef13621d2f67395\DelayBuffer.$proc$../third_party/r22sdf/DelayBuffer.v:20$946'.
  created $dff cell `$procdff$1640' with positive edge clock.
Creating register for signal `$paramod$6010395c8740f19344fd93aacef13621d2f67395\DelayBuffer.\buf_re[47]' using process `$paramod$6010395c8740f19344fd93aacef13621d2f67395\DelayBuffer.$proc$../third_party/r22sdf/DelayBuffer.v:20$946'.
  created $dff cell `$procdff$1641' with positive edge clock.
Creating register for signal `$paramod$6010395c8740f19344fd93aacef13621d2f67395\DelayBuffer.\buf_re[48]' using process `$paramod$6010395c8740f19344fd93aacef13621d2f67395\DelayBuffer.$proc$../third_party/r22sdf/DelayBuffer.v:20$946'.
  created $dff cell `$procdff$1642' with positive edge clock.
Creating register for signal `$paramod$6010395c8740f19344fd93aacef13621d2f67395\DelayBuffer.\buf_re[49]' using process `$paramod$6010395c8740f19344fd93aacef13621d2f67395\DelayBuffer.$proc$../third_party/r22sdf/DelayBuffer.v:20$946'.
  created $dff cell `$procdff$1643' with positive edge clock.
Creating register for signal `$paramod$6010395c8740f19344fd93aacef13621d2f67395\DelayBuffer.\buf_re[50]' using process `$paramod$6010395c8740f19344fd93aacef13621d2f67395\DelayBuffer.$proc$../third_party/r22sdf/DelayBuffer.v:20$946'.
  created $dff cell `$procdff$1644' with positive edge clock.
Creating register for signal `$paramod$6010395c8740f19344fd93aacef13621d2f67395\DelayBuffer.\buf_re[51]' using process `$paramod$6010395c8740f19344fd93aacef13621d2f67395\DelayBuffer.$proc$../third_party/r22sdf/DelayBuffer.v:20$946'.
  created $dff cell `$procdff$1645' with positive edge clock.
Creating register for signal `$paramod$6010395c8740f19344fd93aacef13621d2f67395\DelayBuffer.\buf_re[52]' using process `$paramod$6010395c8740f19344fd93aacef13621d2f67395\DelayBuffer.$proc$../third_party/r22sdf/DelayBuffer.v:20$946'.
  created $dff cell `$procdff$1646' with positive edge clock.
Creating register for signal `$paramod$6010395c8740f19344fd93aacef13621d2f67395\DelayBuffer.\buf_re[53]' using process `$paramod$6010395c8740f19344fd93aacef13621d2f67395\DelayBuffer.$proc$../third_party/r22sdf/DelayBuffer.v:20$946'.
  created $dff cell `$procdff$1647' with positive edge clock.
Creating register for signal `$paramod$6010395c8740f19344fd93aacef13621d2f67395\DelayBuffer.\buf_re[54]' using process `$paramod$6010395c8740f19344fd93aacef13621d2f67395\DelayBuffer.$proc$../third_party/r22sdf/DelayBuffer.v:20$946'.
  created $dff cell `$procdff$1648' with positive edge clock.
Creating register for signal `$paramod$6010395c8740f19344fd93aacef13621d2f67395\DelayBuffer.\buf_re[55]' using process `$paramod$6010395c8740f19344fd93aacef13621d2f67395\DelayBuffer.$proc$../third_party/r22sdf/DelayBuffer.v:20$946'.
  created $dff cell `$procdff$1649' with positive edge clock.
Creating register for signal `$paramod$6010395c8740f19344fd93aacef13621d2f67395\DelayBuffer.\buf_re[56]' using process `$paramod$6010395c8740f19344fd93aacef13621d2f67395\DelayBuffer.$proc$../third_party/r22sdf/DelayBuffer.v:20$946'.
  created $dff cell `$procdff$1650' with positive edge clock.
Creating register for signal `$paramod$6010395c8740f19344fd93aacef13621d2f67395\DelayBuffer.\buf_re[57]' using process `$paramod$6010395c8740f19344fd93aacef13621d2f67395\DelayBuffer.$proc$../third_party/r22sdf/DelayBuffer.v:20$946'.
  created $dff cell `$procdff$1651' with positive edge clock.
Creating register for signal `$paramod$6010395c8740f19344fd93aacef13621d2f67395\DelayBuffer.\buf_re[58]' using process `$paramod$6010395c8740f19344fd93aacef13621d2f67395\DelayBuffer.$proc$../third_party/r22sdf/DelayBuffer.v:20$946'.
  created $dff cell `$procdff$1652' with positive edge clock.
Creating register for signal `$paramod$6010395c8740f19344fd93aacef13621d2f67395\DelayBuffer.\buf_re[59]' using process `$paramod$6010395c8740f19344fd93aacef13621d2f67395\DelayBuffer.$proc$../third_party/r22sdf/DelayBuffer.v:20$946'.
  created $dff cell `$procdff$1653' with positive edge clock.
Creating register for signal `$paramod$6010395c8740f19344fd93aacef13621d2f67395\DelayBuffer.\buf_re[60]' using process `$paramod$6010395c8740f19344fd93aacef13621d2f67395\DelayBuffer.$proc$../third_party/r22sdf/DelayBuffer.v:20$946'.
  created $dff cell `$procdff$1654' with positive edge clock.
Creating register for signal `$paramod$6010395c8740f19344fd93aacef13621d2f67395\DelayBuffer.\buf_re[61]' using process `$paramod$6010395c8740f19344fd93aacef13621d2f67395\DelayBuffer.$proc$../third_party/r22sdf/DelayBuffer.v:20$946'.
  created $dff cell `$procdff$1655' with positive edge clock.
Creating register for signal `$paramod$6010395c8740f19344fd93aacef13621d2f67395\DelayBuffer.\buf_re[62]' using process `$paramod$6010395c8740f19344fd93aacef13621d2f67395\DelayBuffer.$proc$../third_party/r22sdf/DelayBuffer.v:20$946'.
  created $dff cell `$procdff$1656' with positive edge clock.
Creating register for signal `$paramod$6010395c8740f19344fd93aacef13621d2f67395\DelayBuffer.\buf_re[63]' using process `$paramod$6010395c8740f19344fd93aacef13621d2f67395\DelayBuffer.$proc$../third_party/r22sdf/DelayBuffer.v:20$946'.
  created $dff cell `$procdff$1657' with positive edge clock.
Creating register for signal `$paramod$6010395c8740f19344fd93aacef13621d2f67395\DelayBuffer.\buf_im[32]' using process `$paramod$6010395c8740f19344fd93aacef13621d2f67395\DelayBuffer.$proc$../third_party/r22sdf/DelayBuffer.v:20$946'.
  created $dff cell `$procdff$1658' with positive edge clock.
Creating register for signal `$paramod$6010395c8740f19344fd93aacef13621d2f67395\DelayBuffer.\buf_im[33]' using process `$paramod$6010395c8740f19344fd93aacef13621d2f67395\DelayBuffer.$proc$../third_party/r22sdf/DelayBuffer.v:20$946'.
  created $dff cell `$procdff$1659' with positive edge clock.
Creating register for signal `$paramod$6010395c8740f19344fd93aacef13621d2f67395\DelayBuffer.\buf_im[34]' using process `$paramod$6010395c8740f19344fd93aacef13621d2f67395\DelayBuffer.$proc$../third_party/r22sdf/DelayBuffer.v:20$946'.
  created $dff cell `$procdff$1660' with positive edge clock.
Creating register for signal `$paramod$6010395c8740f19344fd93aacef13621d2f67395\DelayBuffer.\buf_im[35]' using process `$paramod$6010395c8740f19344fd93aacef13621d2f67395\DelayBuffer.$proc$../third_party/r22sdf/DelayBuffer.v:20$946'.
  created $dff cell `$procdff$1661' with positive edge clock.
Creating register for signal `$paramod$6010395c8740f19344fd93aacef13621d2f67395\DelayBuffer.\buf_im[36]' using process `$paramod$6010395c8740f19344fd93aacef13621d2f67395\DelayBuffer.$proc$../third_party/r22sdf/DelayBuffer.v:20$946'.
  created $dff cell `$procdff$1662' with positive edge clock.
Creating register for signal `$paramod$6010395c8740f19344fd93aacef13621d2f67395\DelayBuffer.\buf_im[37]' using process `$paramod$6010395c8740f19344fd93aacef13621d2f67395\DelayBuffer.$proc$../third_party/r22sdf/DelayBuffer.v:20$946'.
  created $dff cell `$procdff$1663' with positive edge clock.
Creating register for signal `$paramod$6010395c8740f19344fd93aacef13621d2f67395\DelayBuffer.\buf_im[38]' using process `$paramod$6010395c8740f19344fd93aacef13621d2f67395\DelayBuffer.$proc$../third_party/r22sdf/DelayBuffer.v:20$946'.
  created $dff cell `$procdff$1664' with positive edge clock.
Creating register for signal `$paramod$6010395c8740f19344fd93aacef13621d2f67395\DelayBuffer.\buf_im[39]' using process `$paramod$6010395c8740f19344fd93aacef13621d2f67395\DelayBuffer.$proc$../third_party/r22sdf/DelayBuffer.v:20$946'.
  created $dff cell `$procdff$1665' with positive edge clock.
Creating register for signal `$paramod$6010395c8740f19344fd93aacef13621d2f67395\DelayBuffer.\buf_im[40]' using process `$paramod$6010395c8740f19344fd93aacef13621d2f67395\DelayBuffer.$proc$../third_party/r22sdf/DelayBuffer.v:20$946'.
  created $dff cell `$procdff$1666' with positive edge clock.
Creating register for signal `$paramod$6010395c8740f19344fd93aacef13621d2f67395\DelayBuffer.\buf_im[41]' using process `$paramod$6010395c8740f19344fd93aacef13621d2f67395\DelayBuffer.$proc$../third_party/r22sdf/DelayBuffer.v:20$946'.
  created $dff cell `$procdff$1667' with positive edge clock.
Creating register for signal `$paramod$6010395c8740f19344fd93aacef13621d2f67395\DelayBuffer.\buf_im[42]' using process `$paramod$6010395c8740f19344fd93aacef13621d2f67395\DelayBuffer.$proc$../third_party/r22sdf/DelayBuffer.v:20$946'.
  created $dff cell `$procdff$1668' with positive edge clock.
Creating register for signal `$paramod$6010395c8740f19344fd93aacef13621d2f67395\DelayBuffer.\buf_im[43]' using process `$paramod$6010395c8740f19344fd93aacef13621d2f67395\DelayBuffer.$proc$../third_party/r22sdf/DelayBuffer.v:20$946'.
  created $dff cell `$procdff$1669' with positive edge clock.
Creating register for signal `$paramod$6010395c8740f19344fd93aacef13621d2f67395\DelayBuffer.\buf_im[44]' using process `$paramod$6010395c8740f19344fd93aacef13621d2f67395\DelayBuffer.$proc$../third_party/r22sdf/DelayBuffer.v:20$946'.
  created $dff cell `$procdff$1670' with positive edge clock.
Creating register for signal `$paramod$6010395c8740f19344fd93aacef13621d2f67395\DelayBuffer.\buf_im[45]' using process `$paramod$6010395c8740f19344fd93aacef13621d2f67395\DelayBuffer.$proc$../third_party/r22sdf/DelayBuffer.v:20$946'.
  created $dff cell `$procdff$1671' with positive edge clock.
Creating register for signal `$paramod$6010395c8740f19344fd93aacef13621d2f67395\DelayBuffer.\buf_im[46]' using process `$paramod$6010395c8740f19344fd93aacef13621d2f67395\DelayBuffer.$proc$../third_party/r22sdf/DelayBuffer.v:20$946'.
  created $dff cell `$procdff$1672' with positive edge clock.
Creating register for signal `$paramod$6010395c8740f19344fd93aacef13621d2f67395\DelayBuffer.\buf_im[47]' using process `$paramod$6010395c8740f19344fd93aacef13621d2f67395\DelayBuffer.$proc$../third_party/r22sdf/DelayBuffer.v:20$946'.
  created $dff cell `$procdff$1673' with positive edge clock.
Creating register for signal `$paramod$6010395c8740f19344fd93aacef13621d2f67395\DelayBuffer.\buf_im[48]' using process `$paramod$6010395c8740f19344fd93aacef13621d2f67395\DelayBuffer.$proc$../third_party/r22sdf/DelayBuffer.v:20$946'.
  created $dff cell `$procdff$1674' with positive edge clock.
Creating register for signal `$paramod$6010395c8740f19344fd93aacef13621d2f67395\DelayBuffer.\buf_im[49]' using process `$paramod$6010395c8740f19344fd93aacef13621d2f67395\DelayBuffer.$proc$../third_party/r22sdf/DelayBuffer.v:20$946'.
  created $dff cell `$procdff$1675' with positive edge clock.
Creating register for signal `$paramod$6010395c8740f19344fd93aacef13621d2f67395\DelayBuffer.\buf_im[50]' using process `$paramod$6010395c8740f19344fd93aacef13621d2f67395\DelayBuffer.$proc$../third_party/r22sdf/DelayBuffer.v:20$946'.
  created $dff cell `$procdff$1676' with positive edge clock.
Creating register for signal `$paramod$6010395c8740f19344fd93aacef13621d2f67395\DelayBuffer.\buf_im[51]' using process `$paramod$6010395c8740f19344fd93aacef13621d2f67395\DelayBuffer.$proc$../third_party/r22sdf/DelayBuffer.v:20$946'.
  created $dff cell `$procdff$1677' with positive edge clock.
Creating register for signal `$paramod$6010395c8740f19344fd93aacef13621d2f67395\DelayBuffer.\buf_im[52]' using process `$paramod$6010395c8740f19344fd93aacef13621d2f67395\DelayBuffer.$proc$../third_party/r22sdf/DelayBuffer.v:20$946'.
  created $dff cell `$procdff$1678' with positive edge clock.
Creating register for signal `$paramod$6010395c8740f19344fd93aacef13621d2f67395\DelayBuffer.\buf_im[53]' using process `$paramod$6010395c8740f19344fd93aacef13621d2f67395\DelayBuffer.$proc$../third_party/r22sdf/DelayBuffer.v:20$946'.
  created $dff cell `$procdff$1679' with positive edge clock.
Creating register for signal `$paramod$6010395c8740f19344fd93aacef13621d2f67395\DelayBuffer.\buf_im[54]' using process `$paramod$6010395c8740f19344fd93aacef13621d2f67395\DelayBuffer.$proc$../third_party/r22sdf/DelayBuffer.v:20$946'.
  created $dff cell `$procdff$1680' with positive edge clock.
Creating register for signal `$paramod$6010395c8740f19344fd93aacef13621d2f67395\DelayBuffer.\buf_im[55]' using process `$paramod$6010395c8740f19344fd93aacef13621d2f67395\DelayBuffer.$proc$../third_party/r22sdf/DelayBuffer.v:20$946'.
  created $dff cell `$procdff$1681' with positive edge clock.
Creating register for signal `$paramod$6010395c8740f19344fd93aacef13621d2f67395\DelayBuffer.\buf_im[56]' using process `$paramod$6010395c8740f19344fd93aacef13621d2f67395\DelayBuffer.$proc$../third_party/r22sdf/DelayBuffer.v:20$946'.
  created $dff cell `$procdff$1682' with positive edge clock.
Creating register for signal `$paramod$6010395c8740f19344fd93aacef13621d2f67395\DelayBuffer.\buf_im[57]' using process `$paramod$6010395c8740f19344fd93aacef13621d2f67395\DelayBuffer.$proc$../third_party/r22sdf/DelayBuffer.v:20$946'.
  created $dff cell `$procdff$1683' with positive edge clock.
Creating register for signal `$paramod$6010395c8740f19344fd93aacef13621d2f67395\DelayBuffer.\buf_im[58]' using process `$paramod$6010395c8740f19344fd93aacef13621d2f67395\DelayBuffer.$proc$../third_party/r22sdf/DelayBuffer.v:20$946'.
  created $dff cell `$procdff$1684' with positive edge clock.
Creating register for signal `$paramod$6010395c8740f19344fd93aacef13621d2f67395\DelayBuffer.\buf_im[59]' using process `$paramod$6010395c8740f19344fd93aacef13621d2f67395\DelayBuffer.$proc$../third_party/r22sdf/DelayBuffer.v:20$946'.
  created $dff cell `$procdff$1685' with positive edge clock.
Creating register for signal `$paramod$6010395c8740f19344fd93aacef13621d2f67395\DelayBuffer.\buf_im[60]' using process `$paramod$6010395c8740f19344fd93aacef13621d2f67395\DelayBuffer.$proc$../third_party/r22sdf/DelayBuffer.v:20$946'.
  created $dff cell `$procdff$1686' with positive edge clock.
Creating register for signal `$paramod$6010395c8740f19344fd93aacef13621d2f67395\DelayBuffer.\buf_im[61]' using process `$paramod$6010395c8740f19344fd93aacef13621d2f67395\DelayBuffer.$proc$../third_party/r22sdf/DelayBuffer.v:20$946'.
  created $dff cell `$procdff$1687' with positive edge clock.
Creating register for signal `$paramod$6010395c8740f19344fd93aacef13621d2f67395\DelayBuffer.\buf_im[62]' using process `$paramod$6010395c8740f19344fd93aacef13621d2f67395\DelayBuffer.$proc$../third_party/r22sdf/DelayBuffer.v:20$946'.
  created $dff cell `$procdff$1688' with positive edge clock.
Creating register for signal `$paramod$6010395c8740f19344fd93aacef13621d2f67395\DelayBuffer.\buf_im[63]' using process `$paramod$6010395c8740f19344fd93aacef13621d2f67395\DelayBuffer.$proc$../third_party/r22sdf/DelayBuffer.v:20$946'.
  created $dff cell `$procdff$1689' with positive edge clock.
Creating register for signal `$paramod$520663d7382152bf6f78fc2a37b254cea736bbce\DelayBuffer.\n' using process `$paramod$520663d7382152bf6f78fc2a37b254cea736bbce\DelayBuffer.$proc$../third_party/r22sdf/DelayBuffer.v:20$945'.
  created $dff cell `$procdff$1690' with positive edge clock.
Creating register for signal `$paramod$520663d7382152bf6f78fc2a37b254cea736bbce\DelayBuffer.\buf_re[0]' using process `$paramod$520663d7382152bf6f78fc2a37b254cea736bbce\DelayBuffer.$proc$../third_party/r22sdf/DelayBuffer.v:20$945'.
  created $dff cell `$procdff$1691' with positive edge clock.
Creating register for signal `$paramod$520663d7382152bf6f78fc2a37b254cea736bbce\DelayBuffer.\buf_re[1]' using process `$paramod$520663d7382152bf6f78fc2a37b254cea736bbce\DelayBuffer.$proc$../third_party/r22sdf/DelayBuffer.v:20$945'.
  created $dff cell `$procdff$1692' with positive edge clock.
Creating register for signal `$paramod$520663d7382152bf6f78fc2a37b254cea736bbce\DelayBuffer.\buf_re[2]' using process `$paramod$520663d7382152bf6f78fc2a37b254cea736bbce\DelayBuffer.$proc$../third_party/r22sdf/DelayBuffer.v:20$945'.
  created $dff cell `$procdff$1693' with positive edge clock.
Creating register for signal `$paramod$520663d7382152bf6f78fc2a37b254cea736bbce\DelayBuffer.\buf_re[3]' using process `$paramod$520663d7382152bf6f78fc2a37b254cea736bbce\DelayBuffer.$proc$../third_party/r22sdf/DelayBuffer.v:20$945'.
  created $dff cell `$procdff$1694' with positive edge clock.
Creating register for signal `$paramod$520663d7382152bf6f78fc2a37b254cea736bbce\DelayBuffer.\buf_re[4]' using process `$paramod$520663d7382152bf6f78fc2a37b254cea736bbce\DelayBuffer.$proc$../third_party/r22sdf/DelayBuffer.v:20$945'.
  created $dff cell `$procdff$1695' with positive edge clock.
Creating register for signal `$paramod$520663d7382152bf6f78fc2a37b254cea736bbce\DelayBuffer.\buf_re[5]' using process `$paramod$520663d7382152bf6f78fc2a37b254cea736bbce\DelayBuffer.$proc$../third_party/r22sdf/DelayBuffer.v:20$945'.
  created $dff cell `$procdff$1696' with positive edge clock.
Creating register for signal `$paramod$520663d7382152bf6f78fc2a37b254cea736bbce\DelayBuffer.\buf_re[6]' using process `$paramod$520663d7382152bf6f78fc2a37b254cea736bbce\DelayBuffer.$proc$../third_party/r22sdf/DelayBuffer.v:20$945'.
  created $dff cell `$procdff$1697' with positive edge clock.
Creating register for signal `$paramod$520663d7382152bf6f78fc2a37b254cea736bbce\DelayBuffer.\buf_re[7]' using process `$paramod$520663d7382152bf6f78fc2a37b254cea736bbce\DelayBuffer.$proc$../third_party/r22sdf/DelayBuffer.v:20$945'.
  created $dff cell `$procdff$1698' with positive edge clock.
Creating register for signal `$paramod$520663d7382152bf6f78fc2a37b254cea736bbce\DelayBuffer.\buf_im[0]' using process `$paramod$520663d7382152bf6f78fc2a37b254cea736bbce\DelayBuffer.$proc$../third_party/r22sdf/DelayBuffer.v:20$945'.
  created $dff cell `$procdff$1699' with positive edge clock.
Creating register for signal `$paramod$520663d7382152bf6f78fc2a37b254cea736bbce\DelayBuffer.\buf_im[1]' using process `$paramod$520663d7382152bf6f78fc2a37b254cea736bbce\DelayBuffer.$proc$../third_party/r22sdf/DelayBuffer.v:20$945'.
  created $dff cell `$procdff$1700' with positive edge clock.
Creating register for signal `$paramod$520663d7382152bf6f78fc2a37b254cea736bbce\DelayBuffer.\buf_im[2]' using process `$paramod$520663d7382152bf6f78fc2a37b254cea736bbce\DelayBuffer.$proc$../third_party/r22sdf/DelayBuffer.v:20$945'.
  created $dff cell `$procdff$1701' with positive edge clock.
Creating register for signal `$paramod$520663d7382152bf6f78fc2a37b254cea736bbce\DelayBuffer.\buf_im[3]' using process `$paramod$520663d7382152bf6f78fc2a37b254cea736bbce\DelayBuffer.$proc$../third_party/r22sdf/DelayBuffer.v:20$945'.
  created $dff cell `$procdff$1702' with positive edge clock.
Creating register for signal `$paramod$520663d7382152bf6f78fc2a37b254cea736bbce\DelayBuffer.\buf_im[4]' using process `$paramod$520663d7382152bf6f78fc2a37b254cea736bbce\DelayBuffer.$proc$../third_party/r22sdf/DelayBuffer.v:20$945'.
  created $dff cell `$procdff$1703' with positive edge clock.
Creating register for signal `$paramod$520663d7382152bf6f78fc2a37b254cea736bbce\DelayBuffer.\buf_im[5]' using process `$paramod$520663d7382152bf6f78fc2a37b254cea736bbce\DelayBuffer.$proc$../third_party/r22sdf/DelayBuffer.v:20$945'.
  created $dff cell `$procdff$1704' with positive edge clock.
Creating register for signal `$paramod$520663d7382152bf6f78fc2a37b254cea736bbce\DelayBuffer.\buf_im[6]' using process `$paramod$520663d7382152bf6f78fc2a37b254cea736bbce\DelayBuffer.$proc$../third_party/r22sdf/DelayBuffer.v:20$945'.
  created $dff cell `$procdff$1705' with positive edge clock.
Creating register for signal `$paramod$520663d7382152bf6f78fc2a37b254cea736bbce\DelayBuffer.\buf_im[7]' using process `$paramod$520663d7382152bf6f78fc2a37b254cea736bbce\DelayBuffer.$proc$../third_party/r22sdf/DelayBuffer.v:20$945'.
  created $dff cell `$procdff$1706' with positive edge clock.
Creating register for signal `\Twiddle.\ff_re' using process `\Twiddle.$proc$../third_party/r22sdf/Twiddle64.v:23$107'.
  created $dff cell `$procdff$1707' with positive edge clock.
Creating register for signal `\Twiddle.\ff_im' using process `\Twiddle.$proc$../third_party/r22sdf/Twiddle64.v:23$107'.
  created $dff cell `$procdff$1708' with positive edge clock.
Creating register for signal `$paramod$e8759a57fc147882a254734ce5d86afa730d93e5\DelayBuffer.\n' using process `$paramod$e8759a57fc147882a254734ce5d86afa730d93e5\DelayBuffer.$proc$../third_party/r22sdf/DelayBuffer.v:20$944'.
  created $dff cell `$procdff$1709' with positive edge clock.
Creating register for signal `$paramod$e8759a57fc147882a254734ce5d86afa730d93e5\DelayBuffer.\buf_re[0]' using process `$paramod$e8759a57fc147882a254734ce5d86afa730d93e5\DelayBuffer.$proc$../third_party/r22sdf/DelayBuffer.v:20$944'.
  created $dff cell `$procdff$1710' with positive edge clock.
Creating register for signal `$paramod$e8759a57fc147882a254734ce5d86afa730d93e5\DelayBuffer.\buf_re[1]' using process `$paramod$e8759a57fc147882a254734ce5d86afa730d93e5\DelayBuffer.$proc$../third_party/r22sdf/DelayBuffer.v:20$944'.
  created $dff cell `$procdff$1711' with positive edge clock.
Creating register for signal `$paramod$e8759a57fc147882a254734ce5d86afa730d93e5\DelayBuffer.\buf_re[2]' using process `$paramod$e8759a57fc147882a254734ce5d86afa730d93e5\DelayBuffer.$proc$../third_party/r22sdf/DelayBuffer.v:20$944'.
  created $dff cell `$procdff$1712' with positive edge clock.
Creating register for signal `$paramod$e8759a57fc147882a254734ce5d86afa730d93e5\DelayBuffer.\buf_re[3]' using process `$paramod$e8759a57fc147882a254734ce5d86afa730d93e5\DelayBuffer.$proc$../third_party/r22sdf/DelayBuffer.v:20$944'.
  created $dff cell `$procdff$1713' with positive edge clock.
Creating register for signal `$paramod$e8759a57fc147882a254734ce5d86afa730d93e5\DelayBuffer.\buf_im[0]' using process `$paramod$e8759a57fc147882a254734ce5d86afa730d93e5\DelayBuffer.$proc$../third_party/r22sdf/DelayBuffer.v:20$944'.
  created $dff cell `$procdff$1714' with positive edge clock.
Creating register for signal `$paramod$e8759a57fc147882a254734ce5d86afa730d93e5\DelayBuffer.\buf_im[1]' using process `$paramod$e8759a57fc147882a254734ce5d86afa730d93e5\DelayBuffer.$proc$../third_party/r22sdf/DelayBuffer.v:20$944'.
  created $dff cell `$procdff$1715' with positive edge clock.
Creating register for signal `$paramod$e8759a57fc147882a254734ce5d86afa730d93e5\DelayBuffer.\buf_im[2]' using process `$paramod$e8759a57fc147882a254734ce5d86afa730d93e5\DelayBuffer.$proc$../third_party/r22sdf/DelayBuffer.v:20$944'.
  created $dff cell `$procdff$1716' with positive edge clock.
Creating register for signal `$paramod$e8759a57fc147882a254734ce5d86afa730d93e5\DelayBuffer.\buf_im[3]' using process `$paramod$e8759a57fc147882a254734ce5d86afa730d93e5\DelayBuffer.$proc$../third_party/r22sdf/DelayBuffer.v:20$944'.
  created $dff cell `$procdff$1717' with positive edge clock.
Creating register for signal `$paramod$e31bf182a78b6901a30a1eec46d5e35479708b24\DelayBuffer.\n' using process `$paramod$e31bf182a78b6901a30a1eec46d5e35479708b24\DelayBuffer.$proc$../third_party/r22sdf/DelayBuffer.v:20$943'.
  created $dff cell `$procdff$1718' with positive edge clock.
Creating register for signal `$paramod$e31bf182a78b6901a30a1eec46d5e35479708b24\DelayBuffer.\buf_re[0]' using process `$paramod$e31bf182a78b6901a30a1eec46d5e35479708b24\DelayBuffer.$proc$../third_party/r22sdf/DelayBuffer.v:20$943'.
  created $dff cell `$procdff$1719' with positive edge clock.
Creating register for signal `$paramod$e31bf182a78b6901a30a1eec46d5e35479708b24\DelayBuffer.\buf_re[1]' using process `$paramod$e31bf182a78b6901a30a1eec46d5e35479708b24\DelayBuffer.$proc$../third_party/r22sdf/DelayBuffer.v:20$943'.
  created $dff cell `$procdff$1720' with positive edge clock.
Creating register for signal `$paramod$e31bf182a78b6901a30a1eec46d5e35479708b24\DelayBuffer.\buf_im[0]' using process `$paramod$e31bf182a78b6901a30a1eec46d5e35479708b24\DelayBuffer.$proc$../third_party/r22sdf/DelayBuffer.v:20$943'.
  created $dff cell `$procdff$1721' with positive edge clock.
Creating register for signal `$paramod$e31bf182a78b6901a30a1eec46d5e35479708b24\DelayBuffer.\buf_im[1]' using process `$paramod$e31bf182a78b6901a30a1eec46d5e35479708b24\DelayBuffer.$proc$../third_party/r22sdf/DelayBuffer.v:20$943'.
  created $dff cell `$procdff$1722' with positive edge clock.
Creating register for signal `$paramod$17914cfb50699f154dc59f1c3f8fd47b6e195f44\DelayBuffer.\n' using process `$paramod$17914cfb50699f154dc59f1c3f8fd47b6e195f44\DelayBuffer.$proc$../third_party/r22sdf/DelayBuffer.v:20$942'.
  created $dff cell `$procdff$1723' with positive edge clock.
Creating register for signal `$paramod$17914cfb50699f154dc59f1c3f8fd47b6e195f44\DelayBuffer.\buf_re[0]' using process `$paramod$17914cfb50699f154dc59f1c3f8fd47b6e195f44\DelayBuffer.$proc$../third_party/r22sdf/DelayBuffer.v:20$942'.
  created $dff cell `$procdff$1724' with positive edge clock.
Creating register for signal `$paramod$17914cfb50699f154dc59f1c3f8fd47b6e195f44\DelayBuffer.\buf_im[0]' using process `$paramod$17914cfb50699f154dc59f1c3f8fd47b6e195f44\DelayBuffer.$proc$../third_party/r22sdf/DelayBuffer.v:20$942'.
  created $dff cell `$procdff$1725' with positive edge clock.
Creating register for signal `$paramod$468b6055748c1a70021cd219779b5d26906274a5\DelayBuffer.\n' using process `$paramod$468b6055748c1a70021cd219779b5d26906274a5\DelayBuffer.$proc$../third_party/r22sdf/DelayBuffer.v:20$929'.
  created $dff cell `$procdff$1726' with positive edge clock.
Creating register for signal `$paramod$468b6055748c1a70021cd219779b5d26906274a5\DelayBuffer.\buf_re[0]' using process `$paramod$468b6055748c1a70021cd219779b5d26906274a5\DelayBuffer.$proc$../third_party/r22sdf/DelayBuffer.v:20$929'.
  created $dff cell `$procdff$1727' with positive edge clock.
Creating register for signal `$paramod$468b6055748c1a70021cd219779b5d26906274a5\DelayBuffer.\buf_re[1]' using process `$paramod$468b6055748c1a70021cd219779b5d26906274a5\DelayBuffer.$proc$../third_party/r22sdf/DelayBuffer.v:20$929'.
  created $dff cell `$procdff$1728' with positive edge clock.
Creating register for signal `$paramod$468b6055748c1a70021cd219779b5d26906274a5\DelayBuffer.\buf_re[2]' using process `$paramod$468b6055748c1a70021cd219779b5d26906274a5\DelayBuffer.$proc$../third_party/r22sdf/DelayBuffer.v:20$929'.
  created $dff cell `$procdff$1729' with positive edge clock.
Creating register for signal `$paramod$468b6055748c1a70021cd219779b5d26906274a5\DelayBuffer.\buf_re[3]' using process `$paramod$468b6055748c1a70021cd219779b5d26906274a5\DelayBuffer.$proc$../third_party/r22sdf/DelayBuffer.v:20$929'.
  created $dff cell `$procdff$1730' with positive edge clock.
Creating register for signal `$paramod$468b6055748c1a70021cd219779b5d26906274a5\DelayBuffer.\buf_re[4]' using process `$paramod$468b6055748c1a70021cd219779b5d26906274a5\DelayBuffer.$proc$../third_party/r22sdf/DelayBuffer.v:20$929'.
  created $dff cell `$procdff$1731' with positive edge clock.
Creating register for signal `$paramod$468b6055748c1a70021cd219779b5d26906274a5\DelayBuffer.\buf_re[5]' using process `$paramod$468b6055748c1a70021cd219779b5d26906274a5\DelayBuffer.$proc$../third_party/r22sdf/DelayBuffer.v:20$929'.
  created $dff cell `$procdff$1732' with positive edge clock.
Creating register for signal `$paramod$468b6055748c1a70021cd219779b5d26906274a5\DelayBuffer.\buf_re[6]' using process `$paramod$468b6055748c1a70021cd219779b5d26906274a5\DelayBuffer.$proc$../third_party/r22sdf/DelayBuffer.v:20$929'.
  created $dff cell `$procdff$1733' with positive edge clock.
Creating register for signal `$paramod$468b6055748c1a70021cd219779b5d26906274a5\DelayBuffer.\buf_re[7]' using process `$paramod$468b6055748c1a70021cd219779b5d26906274a5\DelayBuffer.$proc$../third_party/r22sdf/DelayBuffer.v:20$929'.
  created $dff cell `$procdff$1734' with positive edge clock.
Creating register for signal `$paramod$468b6055748c1a70021cd219779b5d26906274a5\DelayBuffer.\buf_re[8]' using process `$paramod$468b6055748c1a70021cd219779b5d26906274a5\DelayBuffer.$proc$../third_party/r22sdf/DelayBuffer.v:20$929'.
  created $dff cell `$procdff$1735' with positive edge clock.
Creating register for signal `$paramod$468b6055748c1a70021cd219779b5d26906274a5\DelayBuffer.\buf_re[9]' using process `$paramod$468b6055748c1a70021cd219779b5d26906274a5\DelayBuffer.$proc$../third_party/r22sdf/DelayBuffer.v:20$929'.
  created $dff cell `$procdff$1736' with positive edge clock.
Creating register for signal `$paramod$468b6055748c1a70021cd219779b5d26906274a5\DelayBuffer.\buf_re[10]' using process `$paramod$468b6055748c1a70021cd219779b5d26906274a5\DelayBuffer.$proc$../third_party/r22sdf/DelayBuffer.v:20$929'.
  created $dff cell `$procdff$1737' with positive edge clock.
Creating register for signal `$paramod$468b6055748c1a70021cd219779b5d26906274a5\DelayBuffer.\buf_re[11]' using process `$paramod$468b6055748c1a70021cd219779b5d26906274a5\DelayBuffer.$proc$../third_party/r22sdf/DelayBuffer.v:20$929'.
  created $dff cell `$procdff$1738' with positive edge clock.
Creating register for signal `$paramod$468b6055748c1a70021cd219779b5d26906274a5\DelayBuffer.\buf_re[12]' using process `$paramod$468b6055748c1a70021cd219779b5d26906274a5\DelayBuffer.$proc$../third_party/r22sdf/DelayBuffer.v:20$929'.
  created $dff cell `$procdff$1739' with positive edge clock.
Creating register for signal `$paramod$468b6055748c1a70021cd219779b5d26906274a5\DelayBuffer.\buf_re[13]' using process `$paramod$468b6055748c1a70021cd219779b5d26906274a5\DelayBuffer.$proc$../third_party/r22sdf/DelayBuffer.v:20$929'.
  created $dff cell `$procdff$1740' with positive edge clock.
Creating register for signal `$paramod$468b6055748c1a70021cd219779b5d26906274a5\DelayBuffer.\buf_re[14]' using process `$paramod$468b6055748c1a70021cd219779b5d26906274a5\DelayBuffer.$proc$../third_party/r22sdf/DelayBuffer.v:20$929'.
  created $dff cell `$procdff$1741' with positive edge clock.
Creating register for signal `$paramod$468b6055748c1a70021cd219779b5d26906274a5\DelayBuffer.\buf_re[15]' using process `$paramod$468b6055748c1a70021cd219779b5d26906274a5\DelayBuffer.$proc$../third_party/r22sdf/DelayBuffer.v:20$929'.
  created $dff cell `$procdff$1742' with positive edge clock.
Creating register for signal `$paramod$468b6055748c1a70021cd219779b5d26906274a5\DelayBuffer.\buf_re[16]' using process `$paramod$468b6055748c1a70021cd219779b5d26906274a5\DelayBuffer.$proc$../third_party/r22sdf/DelayBuffer.v:20$929'.
  created $dff cell `$procdff$1743' with positive edge clock.
Creating register for signal `$paramod$468b6055748c1a70021cd219779b5d26906274a5\DelayBuffer.\buf_re[17]' using process `$paramod$468b6055748c1a70021cd219779b5d26906274a5\DelayBuffer.$proc$../third_party/r22sdf/DelayBuffer.v:20$929'.
  created $dff cell `$procdff$1744' with positive edge clock.
Creating register for signal `$paramod$468b6055748c1a70021cd219779b5d26906274a5\DelayBuffer.\buf_re[18]' using process `$paramod$468b6055748c1a70021cd219779b5d26906274a5\DelayBuffer.$proc$../third_party/r22sdf/DelayBuffer.v:20$929'.
  created $dff cell `$procdff$1745' with positive edge clock.
Creating register for signal `$paramod$468b6055748c1a70021cd219779b5d26906274a5\DelayBuffer.\buf_re[19]' using process `$paramod$468b6055748c1a70021cd219779b5d26906274a5\DelayBuffer.$proc$../third_party/r22sdf/DelayBuffer.v:20$929'.
  created $dff cell `$procdff$1746' with positive edge clock.
Creating register for signal `$paramod$468b6055748c1a70021cd219779b5d26906274a5\DelayBuffer.\buf_re[20]' using process `$paramod$468b6055748c1a70021cd219779b5d26906274a5\DelayBuffer.$proc$../third_party/r22sdf/DelayBuffer.v:20$929'.
  created $dff cell `$procdff$1747' with positive edge clock.
Creating register for signal `$paramod$468b6055748c1a70021cd219779b5d26906274a5\DelayBuffer.\buf_re[21]' using process `$paramod$468b6055748c1a70021cd219779b5d26906274a5\DelayBuffer.$proc$../third_party/r22sdf/DelayBuffer.v:20$929'.
  created $dff cell `$procdff$1748' with positive edge clock.
Creating register for signal `$paramod$468b6055748c1a70021cd219779b5d26906274a5\DelayBuffer.\buf_re[22]' using process `$paramod$468b6055748c1a70021cd219779b5d26906274a5\DelayBuffer.$proc$../third_party/r22sdf/DelayBuffer.v:20$929'.
  created $dff cell `$procdff$1749' with positive edge clock.
Creating register for signal `$paramod$468b6055748c1a70021cd219779b5d26906274a5\DelayBuffer.\buf_re[23]' using process `$paramod$468b6055748c1a70021cd219779b5d26906274a5\DelayBuffer.$proc$../third_party/r22sdf/DelayBuffer.v:20$929'.
  created $dff cell `$procdff$1750' with positive edge clock.
Creating register for signal `$paramod$468b6055748c1a70021cd219779b5d26906274a5\DelayBuffer.\buf_re[24]' using process `$paramod$468b6055748c1a70021cd219779b5d26906274a5\DelayBuffer.$proc$../third_party/r22sdf/DelayBuffer.v:20$929'.
  created $dff cell `$procdff$1751' with positive edge clock.
Creating register for signal `$paramod$468b6055748c1a70021cd219779b5d26906274a5\DelayBuffer.\buf_re[25]' using process `$paramod$468b6055748c1a70021cd219779b5d26906274a5\DelayBuffer.$proc$../third_party/r22sdf/DelayBuffer.v:20$929'.
  created $dff cell `$procdff$1752' with positive edge clock.
Creating register for signal `$paramod$468b6055748c1a70021cd219779b5d26906274a5\DelayBuffer.\buf_re[26]' using process `$paramod$468b6055748c1a70021cd219779b5d26906274a5\DelayBuffer.$proc$../third_party/r22sdf/DelayBuffer.v:20$929'.
  created $dff cell `$procdff$1753' with positive edge clock.
Creating register for signal `$paramod$468b6055748c1a70021cd219779b5d26906274a5\DelayBuffer.\buf_re[27]' using process `$paramod$468b6055748c1a70021cd219779b5d26906274a5\DelayBuffer.$proc$../third_party/r22sdf/DelayBuffer.v:20$929'.
  created $dff cell `$procdff$1754' with positive edge clock.
Creating register for signal `$paramod$468b6055748c1a70021cd219779b5d26906274a5\DelayBuffer.\buf_re[28]' using process `$paramod$468b6055748c1a70021cd219779b5d26906274a5\DelayBuffer.$proc$../third_party/r22sdf/DelayBuffer.v:20$929'.
  created $dff cell `$procdff$1755' with positive edge clock.
Creating register for signal `$paramod$468b6055748c1a70021cd219779b5d26906274a5\DelayBuffer.\buf_re[29]' using process `$paramod$468b6055748c1a70021cd219779b5d26906274a5\DelayBuffer.$proc$../third_party/r22sdf/DelayBuffer.v:20$929'.
  created $dff cell `$procdff$1756' with positive edge clock.
Creating register for signal `$paramod$468b6055748c1a70021cd219779b5d26906274a5\DelayBuffer.\buf_re[30]' using process `$paramod$468b6055748c1a70021cd219779b5d26906274a5\DelayBuffer.$proc$../third_party/r22sdf/DelayBuffer.v:20$929'.
  created $dff cell `$procdff$1757' with positive edge clock.
Creating register for signal `$paramod$468b6055748c1a70021cd219779b5d26906274a5\DelayBuffer.\buf_re[31]' using process `$paramod$468b6055748c1a70021cd219779b5d26906274a5\DelayBuffer.$proc$../third_party/r22sdf/DelayBuffer.v:20$929'.
  created $dff cell `$procdff$1758' with positive edge clock.
Creating register for signal `$paramod$468b6055748c1a70021cd219779b5d26906274a5\DelayBuffer.\buf_im[0]' using process `$paramod$468b6055748c1a70021cd219779b5d26906274a5\DelayBuffer.$proc$../third_party/r22sdf/DelayBuffer.v:20$929'.
  created $dff cell `$procdff$1759' with positive edge clock.
Creating register for signal `$paramod$468b6055748c1a70021cd219779b5d26906274a5\DelayBuffer.\buf_im[1]' using process `$paramod$468b6055748c1a70021cd219779b5d26906274a5\DelayBuffer.$proc$../third_party/r22sdf/DelayBuffer.v:20$929'.
  created $dff cell `$procdff$1760' with positive edge clock.
Creating register for signal `$paramod$468b6055748c1a70021cd219779b5d26906274a5\DelayBuffer.\buf_im[2]' using process `$paramod$468b6055748c1a70021cd219779b5d26906274a5\DelayBuffer.$proc$../third_party/r22sdf/DelayBuffer.v:20$929'.
  created $dff cell `$procdff$1761' with positive edge clock.
Creating register for signal `$paramod$468b6055748c1a70021cd219779b5d26906274a5\DelayBuffer.\buf_im[3]' using process `$paramod$468b6055748c1a70021cd219779b5d26906274a5\DelayBuffer.$proc$../third_party/r22sdf/DelayBuffer.v:20$929'.
  created $dff cell `$procdff$1762' with positive edge clock.
Creating register for signal `$paramod$468b6055748c1a70021cd219779b5d26906274a5\DelayBuffer.\buf_im[4]' using process `$paramod$468b6055748c1a70021cd219779b5d26906274a5\DelayBuffer.$proc$../third_party/r22sdf/DelayBuffer.v:20$929'.
  created $dff cell `$procdff$1763' with positive edge clock.
Creating register for signal `$paramod$468b6055748c1a70021cd219779b5d26906274a5\DelayBuffer.\buf_im[5]' using process `$paramod$468b6055748c1a70021cd219779b5d26906274a5\DelayBuffer.$proc$../third_party/r22sdf/DelayBuffer.v:20$929'.
  created $dff cell `$procdff$1764' with positive edge clock.
Creating register for signal `$paramod$468b6055748c1a70021cd219779b5d26906274a5\DelayBuffer.\buf_im[6]' using process `$paramod$468b6055748c1a70021cd219779b5d26906274a5\DelayBuffer.$proc$../third_party/r22sdf/DelayBuffer.v:20$929'.
  created $dff cell `$procdff$1765' with positive edge clock.
Creating register for signal `$paramod$468b6055748c1a70021cd219779b5d26906274a5\DelayBuffer.\buf_im[7]' using process `$paramod$468b6055748c1a70021cd219779b5d26906274a5\DelayBuffer.$proc$../third_party/r22sdf/DelayBuffer.v:20$929'.
  created $dff cell `$procdff$1766' with positive edge clock.
Creating register for signal `$paramod$468b6055748c1a70021cd219779b5d26906274a5\DelayBuffer.\buf_im[8]' using process `$paramod$468b6055748c1a70021cd219779b5d26906274a5\DelayBuffer.$proc$../third_party/r22sdf/DelayBuffer.v:20$929'.
  created $dff cell `$procdff$1767' with positive edge clock.
Creating register for signal `$paramod$468b6055748c1a70021cd219779b5d26906274a5\DelayBuffer.\buf_im[9]' using process `$paramod$468b6055748c1a70021cd219779b5d26906274a5\DelayBuffer.$proc$../third_party/r22sdf/DelayBuffer.v:20$929'.
  created $dff cell `$procdff$1768' with positive edge clock.
Creating register for signal `$paramod$468b6055748c1a70021cd219779b5d26906274a5\DelayBuffer.\buf_im[10]' using process `$paramod$468b6055748c1a70021cd219779b5d26906274a5\DelayBuffer.$proc$../third_party/r22sdf/DelayBuffer.v:20$929'.
  created $dff cell `$procdff$1769' with positive edge clock.
Creating register for signal `$paramod$468b6055748c1a70021cd219779b5d26906274a5\DelayBuffer.\buf_im[11]' using process `$paramod$468b6055748c1a70021cd219779b5d26906274a5\DelayBuffer.$proc$../third_party/r22sdf/DelayBuffer.v:20$929'.
  created $dff cell `$procdff$1770' with positive edge clock.
Creating register for signal `$paramod$468b6055748c1a70021cd219779b5d26906274a5\DelayBuffer.\buf_im[12]' using process `$paramod$468b6055748c1a70021cd219779b5d26906274a5\DelayBuffer.$proc$../third_party/r22sdf/DelayBuffer.v:20$929'.
  created $dff cell `$procdff$1771' with positive edge clock.
Creating register for signal `$paramod$468b6055748c1a70021cd219779b5d26906274a5\DelayBuffer.\buf_im[13]' using process `$paramod$468b6055748c1a70021cd219779b5d26906274a5\DelayBuffer.$proc$../third_party/r22sdf/DelayBuffer.v:20$929'.
  created $dff cell `$procdff$1772' with positive edge clock.
Creating register for signal `$paramod$468b6055748c1a70021cd219779b5d26906274a5\DelayBuffer.\buf_im[14]' using process `$paramod$468b6055748c1a70021cd219779b5d26906274a5\DelayBuffer.$proc$../third_party/r22sdf/DelayBuffer.v:20$929'.
  created $dff cell `$procdff$1773' with positive edge clock.
Creating register for signal `$paramod$468b6055748c1a70021cd219779b5d26906274a5\DelayBuffer.\buf_im[15]' using process `$paramod$468b6055748c1a70021cd219779b5d26906274a5\DelayBuffer.$proc$../third_party/r22sdf/DelayBuffer.v:20$929'.
  created $dff cell `$procdff$1774' with positive edge clock.
Creating register for signal `$paramod$468b6055748c1a70021cd219779b5d26906274a5\DelayBuffer.\buf_im[16]' using process `$paramod$468b6055748c1a70021cd219779b5d26906274a5\DelayBuffer.$proc$../third_party/r22sdf/DelayBuffer.v:20$929'.
  created $dff cell `$procdff$1775' with positive edge clock.
Creating register for signal `$paramod$468b6055748c1a70021cd219779b5d26906274a5\DelayBuffer.\buf_im[17]' using process `$paramod$468b6055748c1a70021cd219779b5d26906274a5\DelayBuffer.$proc$../third_party/r22sdf/DelayBuffer.v:20$929'.
  created $dff cell `$procdff$1776' with positive edge clock.
Creating register for signal `$paramod$468b6055748c1a70021cd219779b5d26906274a5\DelayBuffer.\buf_im[18]' using process `$paramod$468b6055748c1a70021cd219779b5d26906274a5\DelayBuffer.$proc$../third_party/r22sdf/DelayBuffer.v:20$929'.
  created $dff cell `$procdff$1777' with positive edge clock.
Creating register for signal `$paramod$468b6055748c1a70021cd219779b5d26906274a5\DelayBuffer.\buf_im[19]' using process `$paramod$468b6055748c1a70021cd219779b5d26906274a5\DelayBuffer.$proc$../third_party/r22sdf/DelayBuffer.v:20$929'.
  created $dff cell `$procdff$1778' with positive edge clock.
Creating register for signal `$paramod$468b6055748c1a70021cd219779b5d26906274a5\DelayBuffer.\buf_im[20]' using process `$paramod$468b6055748c1a70021cd219779b5d26906274a5\DelayBuffer.$proc$../third_party/r22sdf/DelayBuffer.v:20$929'.
  created $dff cell `$procdff$1779' with positive edge clock.
Creating register for signal `$paramod$468b6055748c1a70021cd219779b5d26906274a5\DelayBuffer.\buf_im[21]' using process `$paramod$468b6055748c1a70021cd219779b5d26906274a5\DelayBuffer.$proc$../third_party/r22sdf/DelayBuffer.v:20$929'.
  created $dff cell `$procdff$1780' with positive edge clock.
Creating register for signal `$paramod$468b6055748c1a70021cd219779b5d26906274a5\DelayBuffer.\buf_im[22]' using process `$paramod$468b6055748c1a70021cd219779b5d26906274a5\DelayBuffer.$proc$../third_party/r22sdf/DelayBuffer.v:20$929'.
  created $dff cell `$procdff$1781' with positive edge clock.
Creating register for signal `$paramod$468b6055748c1a70021cd219779b5d26906274a5\DelayBuffer.\buf_im[23]' using process `$paramod$468b6055748c1a70021cd219779b5d26906274a5\DelayBuffer.$proc$../third_party/r22sdf/DelayBuffer.v:20$929'.
  created $dff cell `$procdff$1782' with positive edge clock.
Creating register for signal `$paramod$468b6055748c1a70021cd219779b5d26906274a5\DelayBuffer.\buf_im[24]' using process `$paramod$468b6055748c1a70021cd219779b5d26906274a5\DelayBuffer.$proc$../third_party/r22sdf/DelayBuffer.v:20$929'.
  created $dff cell `$procdff$1783' with positive edge clock.
Creating register for signal `$paramod$468b6055748c1a70021cd219779b5d26906274a5\DelayBuffer.\buf_im[25]' using process `$paramod$468b6055748c1a70021cd219779b5d26906274a5\DelayBuffer.$proc$../third_party/r22sdf/DelayBuffer.v:20$929'.
  created $dff cell `$procdff$1784' with positive edge clock.
Creating register for signal `$paramod$468b6055748c1a70021cd219779b5d26906274a5\DelayBuffer.\buf_im[26]' using process `$paramod$468b6055748c1a70021cd219779b5d26906274a5\DelayBuffer.$proc$../third_party/r22sdf/DelayBuffer.v:20$929'.
  created $dff cell `$procdff$1785' with positive edge clock.
Creating register for signal `$paramod$468b6055748c1a70021cd219779b5d26906274a5\DelayBuffer.\buf_im[27]' using process `$paramod$468b6055748c1a70021cd219779b5d26906274a5\DelayBuffer.$proc$../third_party/r22sdf/DelayBuffer.v:20$929'.
  created $dff cell `$procdff$1786' with positive edge clock.
Creating register for signal `$paramod$468b6055748c1a70021cd219779b5d26906274a5\DelayBuffer.\buf_im[28]' using process `$paramod$468b6055748c1a70021cd219779b5d26906274a5\DelayBuffer.$proc$../third_party/r22sdf/DelayBuffer.v:20$929'.
  created $dff cell `$procdff$1787' with positive edge clock.
Creating register for signal `$paramod$468b6055748c1a70021cd219779b5d26906274a5\DelayBuffer.\buf_im[29]' using process `$paramod$468b6055748c1a70021cd219779b5d26906274a5\DelayBuffer.$proc$../third_party/r22sdf/DelayBuffer.v:20$929'.
  created $dff cell `$procdff$1788' with positive edge clock.
Creating register for signal `$paramod$468b6055748c1a70021cd219779b5d26906274a5\DelayBuffer.\buf_im[30]' using process `$paramod$468b6055748c1a70021cd219779b5d26906274a5\DelayBuffer.$proc$../third_party/r22sdf/DelayBuffer.v:20$929'.
  created $dff cell `$procdff$1789' with positive edge clock.
Creating register for signal `$paramod$468b6055748c1a70021cd219779b5d26906274a5\DelayBuffer.\buf_im[31]' using process `$paramod$468b6055748c1a70021cd219779b5d26906274a5\DelayBuffer.$proc$../third_party/r22sdf/DelayBuffer.v:20$929'.
  created $dff cell `$procdff$1790' with positive edge clock.
Creating register for signal `\peweaver_ppa_reset_sync_128.\sync_ff' using process `\peweaver_ppa_reset_sync_128.$proc$rtl/peweaver_ppa_fft128.v:18$11'.
  created $adff cell `$procdff$1793' with positive edge clock and positive level reset.
Creating register for signal `\peweaver_ppa_reset_sync.\sync_ff' using process `\peweaver_ppa_reset_sync.$proc$rtl/peweaver_ppa_fft64.v:26$10'.
  created $adff cell `$procdff$1796' with positive edge clock and positive level reset.

18.2.10. Executing PROC_MEMWR pass (convert process memory writes to cells).

18.2.11. Executing PROC_CLEAN pass (remove empty switches from decision trees).
Removing empty process `$paramod$c542f2cdb8cf3fb2f7011f6438933e7913c8a609\DelayBuffer.$proc$../third_party/r22sdf/DelayBuffer.v:20$916'.
Removing empty process `$paramod$9ca5e247a0178b82f50f6db69488375424044dda\SdfUnit128.$proc$rtl/dual/sdfunit128.v:264$905'.
Removing empty process `$paramod$9ca5e247a0178b82f50f6db69488375424044dda\SdfUnit128.$proc$rtl/dual/sdfunit128.v:259$902'.
Removing empty process `$paramod$9ca5e247a0178b82f50f6db69488375424044dda\SdfUnit128.$proc$rtl/dual/sdfunit128.v:243$898'.
Removing empty process `$paramod$9ca5e247a0178b82f50f6db69488375424044dda\SdfUnit128.$proc$rtl/dual/sdfunit128.v:219$895'.
Removing empty process `$paramod$9ca5e247a0178b82f50f6db69488375424044dda\SdfUnit128.$proc$rtl/dual/sdfunit128.v:214$894'.
Removing empty process `$paramod$9ca5e247a0178b82f50f6db69488375424044dda\SdfUnit128.$proc$rtl/dual/sdfunit128.v:209$890'.
Removing empty process `$paramod$9ca5e247a0178b82f50f6db69488375424044dda\SdfUnit128.$proc$rtl/dual/sdfunit128.v:199$885'.
Removing empty process `$paramod$9ca5e247a0178b82f50f6db69488375424044dda\SdfUnit128.$proc$rtl/dual/sdfunit128.v:163$876'.
Removing empty process `$paramod$9ca5e247a0178b82f50f6db69488375424044dda\SdfUnit128.$proc$rtl/dual/sdfunit128.v:155$875'.
Removing empty process `$paramod$9ca5e247a0178b82f50f6db69488375424044dda\SdfUnit128.$proc$rtl/dual/sdfunit128.v:142$867'.
Removing empty process `$paramod$9ca5e247a0178b82f50f6db69488375424044dda\SdfUnit128.$proc$rtl/dual/sdfunit128.v:103$853'.
Removing empty process `$paramod$fe7cc57cd3904973768bae95b58499efa37dd589\SdfUnit128.$proc$rtl/dual/sdfunit128.v:264$850'.
Removing empty process `$paramod$fe7cc57cd3904973768bae95b58499efa37dd589\SdfUnit128.$proc$rtl/dual/sdfunit128.v:259$847'.
Removing empty process `$paramod$fe7cc57cd3904973768bae95b58499efa37dd589\SdfUnit128.$proc$rtl/dual/sdfunit128.v:243$843'.
Removing empty process `$paramod$fe7cc57cd3904973768bae95b58499efa37dd589\SdfUnit128.$proc$rtl/dual/sdfunit128.v:219$840'.
Removing empty process `$paramod$fe7cc57cd3904973768bae95b58499efa37dd589\SdfUnit128.$proc$rtl/dual/sdfunit128.v:214$839'.
Removing empty process `$paramod$fe7cc57cd3904973768bae95b58499efa37dd589\SdfUnit128.$proc$rtl/dual/sdfunit128.v:209$835'.
Removing empty process `$paramod$fe7cc57cd3904973768bae95b58499efa37dd589\SdfUnit128.$proc$rtl/dual/sdfunit128.v:199$830'.
Removing empty process `$paramod$fe7cc57cd3904973768bae95b58499efa37dd589\SdfUnit128.$proc$rtl/dual/sdfunit128.v:163$821'.
Removing empty process `$paramod$fe7cc57cd3904973768bae95b58499efa37dd589\SdfUnit128.$proc$rtl/dual/sdfunit128.v:155$820'.
Removing empty process `$paramod$fe7cc57cd3904973768bae95b58499efa37dd589\SdfUnit128.$proc$rtl/dual/sdfunit128.v:142$812'.
Removing empty process `$paramod$fe7cc57cd3904973768bae95b58499efa37dd589\SdfUnit128.$proc$rtl/dual/sdfunit128.v:103$798'.
Removing empty process `$paramod$2ddc66fc3ffa8db41a4fa756ec19a2c9a0dc42f0\SdfUnit128.$proc$rtl/dual/sdfunit128.v:264$795'.
Removing empty process `$paramod$2ddc66fc3ffa8db41a4fa756ec19a2c9a0dc42f0\SdfUnit128.$proc$rtl/dual/sdfunit128.v:259$792'.
Removing empty process `$paramod$2ddc66fc3ffa8db41a4fa756ec19a2c9a0dc42f0\SdfUnit128.$proc$rtl/dual/sdfunit128.v:243$788'.
Removing empty process `$paramod$2ddc66fc3ffa8db41a4fa756ec19a2c9a0dc42f0\SdfUnit128.$proc$rtl/dual/sdfunit128.v:219$785'.
Removing empty process `$paramod$2ddc66fc3ffa8db41a4fa756ec19a2c9a0dc42f0\SdfUnit128.$proc$rtl/dual/sdfunit128.v:214$784'.
Removing empty process `$paramod$2ddc66fc3ffa8db41a4fa756ec19a2c9a0dc42f0\SdfUnit128.$proc$rtl/dual/sdfunit128.v:209$780'.
Removing empty process `$paramod$2ddc66fc3ffa8db41a4fa756ec19a2c9a0dc42f0\SdfUnit128.$proc$rtl/dual/sdfunit128.v:199$775'.
Removing empty process `$paramod$2ddc66fc3ffa8db41a4fa756ec19a2c9a0dc42f0\SdfUnit128.$proc$rtl/dual/sdfunit128.v:163$766'.
Removing empty process `$paramod$2ddc66fc3ffa8db41a4fa756ec19a2c9a0dc42f0\SdfUnit128.$proc$rtl/dual/sdfunit128.v:155$765'.
Removing empty process `$paramod$2ddc66fc3ffa8db41a4fa756ec19a2c9a0dc42f0\SdfUnit128.$proc$rtl/dual/sdfunit128.v:142$757'.
Removing empty process `$paramod$2ddc66fc3ffa8db41a4fa756ec19a2c9a0dc42f0\SdfUnit128.$proc$rtl/dual/sdfunit128.v:103$743'.
Removing empty process `$paramod\SdfUnit2\WIDTH=s32'00000000000000000000000000010000.$proc$../third_party/r22sdf/SdfUnit2.v:89$740'.
Removing empty process `$paramod\SdfUnit2\WIDTH=s32'00000000000000000000000000010000.$proc$../third_party/r22sdf/SdfUnit2.v:79$739'.
Removing empty process `$paramod\SdfUnit2\WIDTH=s32'00000000000000000000000000010000.$proc$../third_party/r22sdf/SdfUnit2.v:41$728'.
Removing empty process `$paramod$31b4a60d4c392c8032c765add59e3b1dd88721d8\SdfUnit.$proc$../third_party/r22sdf/SdfUnit.v:264$727'.
Removing empty process `$paramod$31b4a60d4c392c8032c765add59e3b1dd88721d8\SdfUnit.$proc$../third_party/r22sdf/SdfUnit.v:259$724'.
Removing empty process `$paramod$31b4a60d4c392c8032c765add59e3b1dd88721d8\SdfUnit.$proc$../third_party/r22sdf/SdfUnit.v:243$720'.
Removing empty process `$paramod$31b4a60d4c392c8032c765add59e3b1dd88721d8\SdfUnit.$proc$../third_party/r22sdf/SdfUnit.v:219$717'.
Removing empty process `$paramod$31b4a60d4c392c8032c765add59e3b1dd88721d8\SdfUnit.$proc$../third_party/r22sdf/SdfUnit.v:214$716'.
Removing empty process `$paramod$31b4a60d4c392c8032c765add59e3b1dd88721d8\SdfUnit.$proc$../third_party/r22sdf/SdfUnit.v:209$712'.
Removing empty process `$paramod$31b4a60d4c392c8032c765add59e3b1dd88721d8\SdfUnit.$proc$../third_party/r22sdf/SdfUnit.v:199$707'.
Removing empty process `$paramod$31b4a60d4c392c8032c765add59e3b1dd88721d8\SdfUnit.$proc$../third_party/r22sdf/SdfUnit.v:163$698'.
Removing empty process `$paramod$31b4a60d4c392c8032c765add59e3b1dd88721d8\SdfUnit.$proc$../third_party/r22sdf/SdfUnit.v:155$697'.
Removing empty process `$paramod$31b4a60d4c392c8032c765add59e3b1dd88721d8\SdfUnit.$proc$../third_party/r22sdf/SdfUnit.v:142$689'.
Removing empty process `$paramod$31b4a60d4c392c8032c765add59e3b1dd88721d8\SdfUnit.$proc$../third_party/r22sdf/SdfUnit.v:103$675'.
Removing empty process `$paramod$e3b428dd0e3d22a099d4960bb16875dbfc951f1c\SdfUnit.$proc$../third_party/r22sdf/SdfUnit.v:264$672'.
Removing empty process `$paramod$e3b428dd0e3d22a099d4960bb16875dbfc951f1c\SdfUnit.$proc$../third_party/r22sdf/SdfUnit.v:259$669'.
Removing empty process `$paramod$e3b428dd0e3d22a099d4960bb16875dbfc951f1c\SdfUnit.$proc$../third_party/r22sdf/SdfUnit.v:243$665'.
Removing empty process `$paramod$e3b428dd0e3d22a099d4960bb16875dbfc951f1c\SdfUnit.$proc$../third_party/r22sdf/SdfUnit.v:219$662'.
Removing empty process `$paramod$e3b428dd0e3d22a099d4960bb16875dbfc951f1c\SdfUnit.$proc$../third_party/r22sdf/SdfUnit.v:214$661'.
Removing empty process `$paramod$e3b428dd0e3d22a099d4960bb16875dbfc951f1c\SdfUnit.$proc$../third_party/r22sdf/SdfUnit.v:209$657'.
Removing empty process `$paramod$e3b428dd0e3d22a099d4960bb16875dbfc951f1c\SdfUnit.$proc$../third_party/r22sdf/SdfUnit.v:199$652'.
Removing empty process `$paramod$e3b428dd0e3d22a099d4960bb16875dbfc951f1c\SdfUnit.$proc$../third_party/r22sdf/SdfUnit.v:163$643'.
Removing empty process `$paramod$e3b428dd0e3d22a099d4960bb16875dbfc951f1c\SdfUnit.$proc$../third_party/r22sdf/SdfUnit.v:155$642'.
Removing empty process `$paramod$e3b428dd0e3d22a099d4960bb16875dbfc951f1c\SdfUnit.$proc$../third_party/r22sdf/SdfUnit.v:142$634'.
Removing empty process `$paramod$e3b428dd0e3d22a099d4960bb16875dbfc951f1c\SdfUnit.$proc$../third_party/r22sdf/SdfUnit.v:103$620'.
Removing empty process `$paramod$25bb70cf5a48aa945caa779105562d3b5b1e4265\SdfUnit.$proc$../third_party/r22sdf/SdfUnit.v:264$617'.
Removing empty process `$paramod$25bb70cf5a48aa945caa779105562d3b5b1e4265\SdfUnit.$proc$../third_party/r22sdf/SdfUnit.v:259$614'.
Removing empty process `$paramod$25bb70cf5a48aa945caa779105562d3b5b1e4265\SdfUnit.$proc$../third_party/r22sdf/SdfUnit.v:243$610'.
Removing empty process `$paramod$25bb70cf5a48aa945caa779105562d3b5b1e4265\SdfUnit.$proc$../third_party/r22sdf/SdfUnit.v:219$607'.
Removing empty process `$paramod$25bb70cf5a48aa945caa779105562d3b5b1e4265\SdfUnit.$proc$../third_party/r22sdf/SdfUnit.v:214$606'.
Removing empty process `$paramod$25bb70cf5a48aa945caa779105562d3b5b1e4265\SdfUnit.$proc$../third_party/r22sdf/SdfUnit.v:209$602'.
Removing empty process `$paramod$25bb70cf5a48aa945caa779105562d3b5b1e4265\SdfUnit.$proc$../third_party/r22sdf/SdfUnit.v:199$597'.
Removing empty process `$paramod$25bb70cf5a48aa945caa779105562d3b5b1e4265\SdfUnit.$proc$../third_party/r22sdf/SdfUnit.v:163$588'.
Removing empty process `$paramod$25bb70cf5a48aa945caa779105562d3b5b1e4265\SdfUnit.$proc$../third_party/r22sdf/SdfUnit.v:155$587'.
Removing empty process `$paramod$25bb70cf5a48aa945caa779105562d3b5b1e4265\SdfUnit.$proc$../third_party/r22sdf/SdfUnit.v:142$579'.
Removing empty process `$paramod$25bb70cf5a48aa945caa779105562d3b5b1e4265\SdfUnit.$proc$../third_party/r22sdf/SdfUnit.v:103$565'.
Removing empty process `Twiddle128_core.$proc$rtl/dual/twiddle128_core.v:166$562'.
Removing empty process `Twiddle128_core.$proc$rtl/dual/twiddle128_core.v:166$561'.
Removing empty process `Twiddle128_core.$proc$rtl/dual/twiddle128_core.v:165$560'.
Removing empty process `Twiddle128_core.$proc$rtl/dual/twiddle128_core.v:165$559'.
Removing empty process `Twiddle128_core.$proc$rtl/dual/twiddle128_core.v:164$558'.
Removing empty process `Twiddle128_core.$proc$rtl/dual/twiddle128_core.v:164$557'.
Removing empty process `Twiddle128_core.$proc$rtl/dual/twiddle128_core.v:163$556'.
Removing empty process `Twiddle128_core.$proc$rtl/dual/twiddle128_core.v:163$555'.
Removing empty process `Twiddle128_core.$proc$rtl/dual/twiddle128_core.v:162$554'.
Removing empty process `Twiddle128_core.$proc$rtl/dual/twiddle128_core.v:162$553'.
Removing empty process `Twiddle128_core.$proc$rtl/dual/twiddle128_core.v:161$552'.
Removing empty process `Twiddle128_core.$proc$rtl/dual/twiddle128_core.v:161$551'.
Removing empty process `Twiddle128_core.$proc$rtl/dual/twiddle128_core.v:160$550'.
Removing empty process `Twiddle128_core.$proc$rtl/dual/twiddle128_core.v:160$549'.
Removing empty process `Twiddle128_core.$proc$rtl/dual/twiddle128_core.v:159$548'.
Removing empty process `Twiddle128_core.$proc$rtl/dual/twiddle128_core.v:159$547'.
Removing empty process `Twiddle128_core.$proc$rtl/dual/twiddle128_core.v:158$546'.
Removing empty process `Twiddle128_core.$proc$rtl/dual/twiddle128_core.v:158$545'.
Removing empty process `Twiddle128_core.$proc$rtl/dual/twiddle128_core.v:157$544'.
Removing empty process `Twiddle128_core.$proc$rtl/dual/twiddle128_core.v:157$543'.
Removing empty process `Twiddle128_core.$proc$rtl/dual/twiddle128_core.v:156$542'.
Removing empty process `Twiddle128_core.$proc$rtl/dual/twiddle128_core.v:156$541'.
Removing empty process `Twiddle128_core.$proc$rtl/dual/twiddle128_core.v:155$540'.
Removing empty process `Twiddle128_core.$proc$rtl/dual/twiddle128_core.v:155$539'.
Removing empty process `Twiddle128_core.$proc$rtl/dual/twiddle128_core.v:154$538'.
Removing empty process `Twiddle128_core.$proc$rtl/dual/twiddle128_core.v:154$537'.
Removing empty process `Twiddle128_core.$proc$rtl/dual/twiddle128_core.v:153$536'.
Removing empty process `Twiddle128_core.$proc$rtl/dual/twiddle128_core.v:153$535'.
Removing empty process `Twiddle128_core.$proc$rtl/dual/twiddle128_core.v:152$534'.
Removing empty process `Twiddle128_core.$proc$rtl/dual/twiddle128_core.v:152$533'.
Removing empty process `Twiddle128_core.$proc$rtl/dual/twiddle128_core.v:151$532'.
Removing empty process `Twiddle128_core.$proc$rtl/dual/twiddle128_core.v:151$531'.
Removing empty process `Twiddle128_core.$proc$rtl/dual/twiddle128_core.v:150$530'.
Removing empty process `Twiddle128_core.$proc$rtl/dual/twiddle128_core.v:150$529'.
Removing empty process `Twiddle128_core.$proc$rtl/dual/twiddle128_core.v:149$528'.
Removing empty process `Twiddle128_core.$proc$rtl/dual/twiddle128_core.v:149$527'.
Removing empty process `Twiddle128_core.$proc$rtl/dual/twiddle128_core.v:148$526'.
Removing empty process `Twiddle128_core.$proc$rtl/dual/twiddle128_core.v:148$525'.
Removing empty process `Twiddle128_core.$proc$rtl/dual/twiddle128_core.v:147$524'.
Removing empty process `Twiddle128_core.$proc$rtl/dual/twiddle128_core.v:147$523'.
Removing empty process `Twiddle128_core.$proc$rtl/dual/twiddle128_core.v:146$522'.
Removing empty process `Twiddle128_core.$proc$rtl/dual/twiddle128_core.v:146$521'.
Removing empty process `Twiddle128_core.$proc$rtl/dual/twiddle128_core.v:145$520'.
Removing empty process `Twiddle128_core.$proc$rtl/dual/twiddle128_core.v:145$519'.
Removing empty process `Twiddle128_core.$proc$rtl/dual/twiddle128_core.v:144$518'.
Removing empty process `Twiddle128_core.$proc$rtl/dual/twiddle128_core.v:144$517'.
Removing empty process `Twiddle128_core.$proc$rtl/dual/twiddle128_core.v:143$516'.
Removing empty process `Twiddle128_core.$proc$rtl/dual/twiddle128_core.v:143$515'.
Removing empty process `Twiddle128_core.$proc$rtl/dual/twiddle128_core.v:142$514'.
Removing empty process `Twiddle128_core.$proc$rtl/dual/twiddle128_core.v:142$513'.
Removing empty process `Twiddle128_core.$proc$rtl/dual/twiddle128_core.v:141$512'.
Removing empty process `Twiddle128_core.$proc$rtl/dual/twiddle128_core.v:141$511'.
Removing empty process `Twiddle128_core.$proc$rtl/dual/twiddle128_core.v:140$510'.
Removing empty process `Twiddle128_core.$proc$rtl/dual/twiddle128_core.v:140$509'.
Removing empty process `Twiddle128_core.$proc$rtl/dual/twiddle128_core.v:139$508'.
Removing empty process `Twiddle128_core.$proc$rtl/dual/twiddle128_core.v:139$507'.
Removing empty process `Twiddle128_core.$proc$rtl/dual/twiddle128_core.v:138$506'.
Removing empty process `Twiddle128_core.$proc$rtl/dual/twiddle128_core.v:138$505'.
Removing empty process `Twiddle128_core.$proc$rtl/dual/twiddle128_core.v:137$504'.
Removing empty process `Twiddle128_core.$proc$rtl/dual/twiddle128_core.v:137$503'.
Removing empty process `Twiddle128_core.$proc$rtl/dual/twiddle128_core.v:136$502'.
Removing empty process `Twiddle128_core.$proc$rtl/dual/twiddle128_core.v:136$501'.
Removing empty process `Twiddle128_core.$proc$rtl/dual/twiddle128_core.v:135$500'.
Removing empty process `Twiddle128_core.$proc$rtl/dual/twiddle128_core.v:135$499'.
Removing empty process `Twiddle128_core.$proc$rtl/dual/twiddle128_core.v:134$498'.
Removing empty process `Twiddle128_core.$proc$rtl/dual/twiddle128_core.v:134$497'.
Removing empty process `Twiddle128_core.$proc$rtl/dual/twiddle128_core.v:133$496'.
Removing empty process `Twiddle128_core.$proc$rtl/dual/twiddle128_core.v:133$495'.
Removing empty process `Twiddle128_core.$proc$rtl/dual/twiddle128_core.v:132$494'.
Removing empty process `Twiddle128_core.$proc$rtl/dual/twiddle128_core.v:132$493'.
Removing empty process `Twiddle128_core.$proc$rtl/dual/twiddle128_core.v:131$492'.
Removing empty process `Twiddle128_core.$proc$rtl/dual/twiddle128_core.v:131$491'.
Removing empty process `Twiddle128_core.$proc$rtl/dual/twiddle128_core.v:130$490'.
Removing empty process `Twiddle128_core.$proc$rtl/dual/twiddle128_core.v:130$489'.
Removing empty process `Twiddle128_core.$proc$rtl/dual/twiddle128_core.v:129$488'.
Removing empty process `Twiddle128_core.$proc$rtl/dual/twiddle128_core.v:129$487'.
Removing empty process `Twiddle128_core.$proc$rtl/dual/twiddle128_core.v:128$486'.
Removing empty process `Twiddle128_core.$proc$rtl/dual/twiddle128_core.v:128$485'.
Removing empty process `Twiddle128_core.$proc$rtl/dual/twiddle128_core.v:127$484'.
Removing empty process `Twiddle128_core.$proc$rtl/dual/twiddle128_core.v:127$483'.
Removing empty process `Twiddle128_core.$proc$rtl/dual/twiddle128_core.v:126$482'.
Removing empty process `Twiddle128_core.$proc$rtl/dual/twiddle128_core.v:126$481'.
Removing empty process `Twiddle128_core.$proc$rtl/dual/twiddle128_core.v:125$480'.
Removing empty process `Twiddle128_core.$proc$rtl/dual/twiddle128_core.v:125$479'.
Removing empty process `Twiddle128_core.$proc$rtl/dual/twiddle128_core.v:124$478'.
Removing empty process `Twiddle128_core.$proc$rtl/dual/twiddle128_core.v:124$477'.
Removing empty process `Twiddle128_core.$proc$rtl/dual/twiddle128_core.v:123$476'.
Removing empty process `Twiddle128_core.$proc$rtl/dual/twiddle128_core.v:123$475'.
Removing empty process `Twiddle128_core.$proc$rtl/dual/twiddle128_core.v:122$474'.
Removing empty process `Twiddle128_core.$proc$rtl/dual/twiddle128_core.v:122$473'.
Removing empty process `Twiddle128_core.$proc$rtl/dual/twiddle128_core.v:121$472'.
Removing empty process `Twiddle128_core.$proc$rtl/dual/twiddle128_core.v:121$471'.
Removing empty process `Twiddle128_core.$proc$rtl/dual/twiddle128_core.v:120$470'.
Removing empty process `Twiddle128_core.$proc$rtl/dual/twiddle128_core.v:120$469'.
Removing empty process `Twiddle128_core.$proc$rtl/dual/twiddle128_core.v:119$468'.
Removing empty process `Twiddle128_core.$proc$rtl/dual/twiddle128_core.v:119$467'.
Removing empty process `Twiddle128_core.$proc$rtl/dual/twiddle128_core.v:118$466'.
Removing empty process `Twiddle128_core.$proc$rtl/dual/twiddle128_core.v:118$465'.
Removing empty process `Twiddle128_core.$proc$rtl/dual/twiddle128_core.v:117$464'.
Removing empty process `Twiddle128_core.$proc$rtl/dual/twiddle128_core.v:117$463'.
Removing empty process `Twiddle128_core.$proc$rtl/dual/twiddle128_core.v:116$462'.
Removing empty process `Twiddle128_core.$proc$rtl/dual/twiddle128_core.v:116$461'.
Removing empty process `Twiddle128_core.$proc$rtl/dual/twiddle128_core.v:115$460'.
Removing empty process `Twiddle128_core.$proc$rtl/dual/twiddle128_core.v:115$459'.
Removing empty process `Twiddle128_core.$proc$rtl/dual/twiddle128_core.v:114$458'.
Removing empty process `Twiddle128_core.$proc$rtl/dual/twiddle128_core.v:114$457'.
Removing empty process `Twiddle128_core.$proc$rtl/dual/twiddle128_core.v:113$456'.
Removing empty process `Twiddle128_core.$proc$rtl/dual/twiddle128_core.v:113$455'.
Removing empty process `Twiddle128_core.$proc$rtl/dual/twiddle128_core.v:112$454'.
Removing empty process `Twiddle128_core.$proc$rtl/dual/twiddle128_core.v:112$453'.
Removing empty process `Twiddle128_core.$proc$rtl/dual/twiddle128_core.v:111$452'.
Removing empty process `Twiddle128_core.$proc$rtl/dual/twiddle128_core.v:111$451'.
Removing empty process `Twiddle128_core.$proc$rtl/dual/twiddle128_core.v:110$450'.
Removing empty process `Twiddle128_core.$proc$rtl/dual/twiddle128_core.v:110$449'.
Removing empty process `Twiddle128_core.$proc$rtl/dual/twiddle128_core.v:109$448'.
Removing empty process `Twiddle128_core.$proc$rtl/dual/twiddle128_core.v:109$447'.
Removing empty process `Twiddle128_core.$proc$rtl/dual/twiddle128_core.v:108$446'.
Removing empty process `Twiddle128_core.$proc$rtl/dual/twiddle128_core.v:108$445'.
Removing empty process `Twiddle128_core.$proc$rtl/dual/twiddle128_core.v:107$444'.
Removing empty process `Twiddle128_core.$proc$rtl/dual/twiddle128_core.v:107$443'.
Removing empty process `Twiddle128_core.$proc$rtl/dual/twiddle128_core.v:106$442'.
Removing empty process `Twiddle128_core.$proc$rtl/dual/twiddle128_core.v:106$441'.
Removing empty process `Twiddle128_core.$proc$rtl/dual/twiddle128_core.v:105$440'.
Removing empty process `Twiddle128_core.$proc$rtl/dual/twiddle128_core.v:105$439'.
Removing empty process `Twiddle128_core.$proc$rtl/dual/twiddle128_core.v:104$438'.
Removing empty process `Twiddle128_core.$proc$rtl/dual/twiddle128_core.v:104$437'.
Removing empty process `Twiddle128_core.$proc$rtl/dual/twiddle128_core.v:103$436'.
Removing empty process `Twiddle128_core.$proc$rtl/dual/twiddle128_core.v:103$435'.
Removing empty process `Twiddle128_core.$proc$rtl/dual/twiddle128_core.v:102$434'.
Removing empty process `Twiddle128_core.$proc$rtl/dual/twiddle128_core.v:102$433'.
Removing empty process `Twiddle128_core.$proc$rtl/dual/twiddle128_core.v:101$432'.
Removing empty process `Twiddle128_core.$proc$rtl/dual/twiddle128_core.v:101$431'.
Removing empty process `Twiddle128_core.$proc$rtl/dual/twiddle128_core.v:100$430'.
Removing empty process `Twiddle128_core.$proc$rtl/dual/twiddle128_core.v:100$429'.
Removing empty process `Twiddle128_core.$proc$rtl/dual/twiddle128_core.v:99$428'.
Removing empty process `Twiddle128_core.$proc$rtl/dual/twiddle128_core.v:99$427'.
Removing empty process `Twiddle128_core.$proc$rtl/dual/twiddle128_core.v:98$426'.
Removing empty process `Twiddle128_core.$proc$rtl/dual/twiddle128_core.v:98$425'.
Removing empty process `Twiddle128_core.$proc$rtl/dual/twiddle128_core.v:97$424'.
Removing empty process `Twiddle128_core.$proc$rtl/dual/twiddle128_core.v:97$423'.
Removing empty process `Twiddle128_core.$proc$rtl/dual/twiddle128_core.v:96$422'.
Removing empty process `Twiddle128_core.$proc$rtl/dual/twiddle128_core.v:96$421'.
Removing empty process `Twiddle128_core.$proc$rtl/dual/twiddle128_core.v:95$420'.
Removing empty process `Twiddle128_core.$proc$rtl/dual/twiddle128_core.v:95$419'.
Removing empty process `Twiddle128_core.$proc$rtl/dual/twiddle128_core.v:94$418'.
Removing empty process `Twiddle128_core.$proc$rtl/dual/twiddle128_core.v:94$417'.
Removing empty process `Twiddle128_core.$proc$rtl/dual/twiddle128_core.v:93$416'.
Removing empty process `Twiddle128_core.$proc$rtl/dual/twiddle128_core.v:93$415'.
Removing empty process `Twiddle128_core.$proc$rtl/dual/twiddle128_core.v:92$414'.
Removing empty process `Twiddle128_core.$proc$rtl/dual/twiddle128_core.v:92$413'.
Removing empty process `Twiddle128_core.$proc$rtl/dual/twiddle128_core.v:91$412'.
Removing empty process `Twiddle128_core.$proc$rtl/dual/twiddle128_core.v:91$411'.
Removing empty process `Twiddle128_core.$proc$rtl/dual/twiddle128_core.v:90$410'.
Removing empty process `Twiddle128_core.$proc$rtl/dual/twiddle128_core.v:90$409'.
Removing empty process `Twiddle128_core.$proc$rtl/dual/twiddle128_core.v:89$408'.
Removing empty process `Twiddle128_core.$proc$rtl/dual/twiddle128_core.v:89$407'.
Removing empty process `Twiddle128_core.$proc$rtl/dual/twiddle128_core.v:88$406'.
Removing empty process `Twiddle128_core.$proc$rtl/dual/twiddle128_core.v:88$405'.
Removing empty process `Twiddle128_core.$proc$rtl/dual/twiddle128_core.v:87$404'.
Removing empty process `Twiddle128_core.$proc$rtl/dual/twiddle128_core.v:87$403'.
Removing empty process `Twiddle128_core.$proc$rtl/dual/twiddle128_core.v:86$402'.
Removing empty process `Twiddle128_core.$proc$rtl/dual/twiddle128_core.v:86$401'.
Removing empty process `Twiddle128_core.$proc$rtl/dual/twiddle128_core.v:85$400'.
Removing empty process `Twiddle128_core.$proc$rtl/dual/twiddle128_core.v:85$399'.
Removing empty process `Twiddle128_core.$proc$rtl/dual/twiddle128_core.v:84$398'.
Removing empty process `Twiddle128_core.$proc$rtl/dual/twiddle128_core.v:84$397'.
Removing empty process `Twiddle128_core.$proc$rtl/dual/twiddle128_core.v:83$396'.
Removing empty process `Twiddle128_core.$proc$rtl/dual/twiddle128_core.v:83$395'.
Removing empty process `Twiddle128_core.$proc$rtl/dual/twiddle128_core.v:82$394'.
Removing empty process `Twiddle128_core.$proc$rtl/dual/twiddle128_core.v:82$393'.
Removing empty process `Twiddle128_core.$proc$rtl/dual/twiddle128_core.v:81$392'.
Removing empty process `Twiddle128_core.$proc$rtl/dual/twiddle128_core.v:81$391'.
Removing empty process `Twiddle128_core.$proc$rtl/dual/twiddle128_core.v:80$390'.
Removing empty process `Twiddle128_core.$proc$rtl/dual/twiddle128_core.v:80$389'.
Removing empty process `Twiddle128_core.$proc$rtl/dual/twiddle128_core.v:79$388'.
Removing empty process `Twiddle128_core.$proc$rtl/dual/twiddle128_core.v:79$387'.
Removing empty process `Twiddle128_core.$proc$rtl/dual/twiddle128_core.v:78$386'.
Removing empty process `Twiddle128_core.$proc$rtl/dual/twiddle128_core.v:78$385'.
Removing empty process `Twiddle128_core.$proc$rtl/dual/twiddle128_core.v:77$384'.
Removing empty process `Twiddle128_core.$proc$rtl/dual/twiddle128_core.v:77$383'.
Removing empty process `Twiddle128_core.$proc$rtl/dual/twiddle128_core.v:76$382'.
Removing empty process `Twiddle128_core.$proc$rtl/dual/twiddle128_core.v:76$381'.
Removing empty process `Twiddle128_core.$proc$rtl/dual/twiddle128_core.v:75$380'.
Removing empty process `Twiddle128_core.$proc$rtl/dual/twiddle128_core.v:75$379'.
Removing empty process `Twiddle128_core.$proc$rtl/dual/twiddle128_core.v:74$378'.
Removing empty process `Twiddle128_core.$proc$rtl/dual/twiddle128_core.v:74$377'.
Removing empty process `Twiddle128_core.$proc$rtl/dual/twiddle128_core.v:73$376'.
Removing empty process `Twiddle128_core.$proc$rtl/dual/twiddle128_core.v:73$375'.
Removing empty process `Twiddle128_core.$proc$rtl/dual/twiddle128_core.v:72$374'.
Removing empty process `Twiddle128_core.$proc$rtl/dual/twiddle128_core.v:72$373'.
Removing empty process `Twiddle128_core.$proc$rtl/dual/twiddle128_core.v:71$372'.
Removing empty process `Twiddle128_core.$proc$rtl/dual/twiddle128_core.v:71$371'.
Removing empty process `Twiddle128_core.$proc$rtl/dual/twiddle128_core.v:70$370'.
Removing empty process `Twiddle128_core.$proc$rtl/dual/twiddle128_core.v:70$369'.
Removing empty process `Twiddle128_core.$proc$rtl/dual/twiddle128_core.v:69$368'.
Removing empty process `Twiddle128_core.$proc$rtl/dual/twiddle128_core.v:69$367'.
Removing empty process `Twiddle128_core.$proc$rtl/dual/twiddle128_core.v:68$366'.
Removing empty process `Twiddle128_core.$proc$rtl/dual/twiddle128_core.v:68$365'.
Removing empty process `Twiddle128_core.$proc$rtl/dual/twiddle128_core.v:67$364'.
Removing empty process `Twiddle128_core.$proc$rtl/dual/twiddle128_core.v:67$363'.
Removing empty process `Twiddle128_core.$proc$rtl/dual/twiddle128_core.v:66$362'.
Removing empty process `Twiddle128_core.$proc$rtl/dual/twiddle128_core.v:66$361'.
Removing empty process `Twiddle128_core.$proc$rtl/dual/twiddle128_core.v:65$360'.
Removing empty process `Twiddle128_core.$proc$rtl/dual/twiddle128_core.v:65$359'.
Removing empty process `Twiddle128_core.$proc$rtl/dual/twiddle128_core.v:64$358'.
Removing empty process `Twiddle128_core.$proc$rtl/dual/twiddle128_core.v:64$357'.
Removing empty process `Twiddle128_core.$proc$rtl/dual/twiddle128_core.v:63$356'.
Removing empty process `Twiddle128_core.$proc$rtl/dual/twiddle128_core.v:63$355'.
Removing empty process `Twiddle128_core.$proc$rtl/dual/twiddle128_core.v:62$354'.
Removing empty process `Twiddle128_core.$proc$rtl/dual/twiddle128_core.v:62$353'.
Removing empty process `Twiddle128_core.$proc$rtl/dual/twiddle128_core.v:61$352'.
Removing empty process `Twiddle128_core.$proc$rtl/dual/twiddle128_core.v:61$351'.
Removing empty process `Twiddle128_core.$proc$rtl/dual/twiddle128_core.v:60$350'.
Removing empty process `Twiddle128_core.$proc$rtl/dual/twiddle128_core.v:60$349'.
Removing empty process `Twiddle128_core.$proc$rtl/dual/twiddle128_core.v:59$348'.
Removing empty process `Twiddle128_core.$proc$rtl/dual/twiddle128_core.v:59$347'.
Removing empty process `Twiddle128_core.$proc$rtl/dual/twiddle128_core.v:58$346'.
Removing empty process `Twiddle128_core.$proc$rtl/dual/twiddle128_core.v:58$345'.
Removing empty process `Twiddle128_core.$proc$rtl/dual/twiddle128_core.v:57$344'.
Removing empty process `Twiddle128_core.$proc$rtl/dual/twiddle128_core.v:57$343'.
Removing empty process `Twiddle128_core.$proc$rtl/dual/twiddle128_core.v:56$342'.
Removing empty process `Twiddle128_core.$proc$rtl/dual/twiddle128_core.v:56$341'.
Removing empty process `Twiddle128_core.$proc$rtl/dual/twiddle128_core.v:55$340'.
Removing empty process `Twiddle128_core.$proc$rtl/dual/twiddle128_core.v:55$339'.
Removing empty process `Twiddle128_core.$proc$rtl/dual/twiddle128_core.v:54$338'.
Removing empty process `Twiddle128_core.$proc$rtl/dual/twiddle128_core.v:54$337'.
Removing empty process `Twiddle128_core.$proc$rtl/dual/twiddle128_core.v:53$336'.
Removing empty process `Twiddle128_core.$proc$rtl/dual/twiddle128_core.v:53$335'.
Removing empty process `Twiddle128_core.$proc$rtl/dual/twiddle128_core.v:52$334'.
Removing empty process `Twiddle128_core.$proc$rtl/dual/twiddle128_core.v:52$333'.
Removing empty process `Twiddle128_core.$proc$rtl/dual/twiddle128_core.v:51$332'.
Removing empty process `Twiddle128_core.$proc$rtl/dual/twiddle128_core.v:51$331'.
Removing empty process `Twiddle128_core.$proc$rtl/dual/twiddle128_core.v:50$330'.
Removing empty process `Twiddle128_core.$proc$rtl/dual/twiddle128_core.v:50$329'.
Removing empty process `Twiddle128_core.$proc$rtl/dual/twiddle128_core.v:49$328'.
Removing empty process `Twiddle128_core.$proc$rtl/dual/twiddle128_core.v:49$327'.
Removing empty process `Twiddle128_core.$proc$rtl/dual/twiddle128_core.v:48$326'.
Removing empty process `Twiddle128_core.$proc$rtl/dual/twiddle128_core.v:48$325'.
Removing empty process `Twiddle128_core.$proc$rtl/dual/twiddle128_core.v:47$324'.
Removing empty process `Twiddle128_core.$proc$rtl/dual/twiddle128_core.v:47$323'.
Removing empty process `Twiddle128_core.$proc$rtl/dual/twiddle128_core.v:46$322'.
Removing empty process `Twiddle128_core.$proc$rtl/dual/twiddle128_core.v:46$321'.
Removing empty process `Twiddle128_core.$proc$rtl/dual/twiddle128_core.v:45$320'.
Removing empty process `Twiddle128_core.$proc$rtl/dual/twiddle128_core.v:45$319'.
Removing empty process `Twiddle128_core.$proc$rtl/dual/twiddle128_core.v:44$318'.
Removing empty process `Twiddle128_core.$proc$rtl/dual/twiddle128_core.v:44$317'.
Removing empty process `Twiddle128_core.$proc$rtl/dual/twiddle128_core.v:43$316'.
Removing empty process `Twiddle128_core.$proc$rtl/dual/twiddle128_core.v:43$315'.
Removing empty process `Twiddle128_core.$proc$rtl/dual/twiddle128_core.v:42$314'.
Removing empty process `Twiddle128_core.$proc$rtl/dual/twiddle128_core.v:42$313'.
Removing empty process `Twiddle128_core.$proc$rtl/dual/twiddle128_core.v:41$312'.
Removing empty process `Twiddle128_core.$proc$rtl/dual/twiddle128_core.v:41$311'.
Removing empty process `Twiddle128_core.$proc$rtl/dual/twiddle128_core.v:40$310'.
Removing empty process `Twiddle128_core.$proc$rtl/dual/twiddle128_core.v:40$309'.
Removing empty process `Twiddle128_core.$proc$rtl/dual/twiddle128_core.v:39$308'.
Removing empty process `Twiddle128_core.$proc$rtl/dual/twiddle128_core.v:39$307'.
Found and cleaned up 1 empty switch in `\Twiddle128_core.$proc$rtl/dual/twiddle128_core.v:21$304'.
Removing empty process `Twiddle128_core.$proc$rtl/dual/twiddle128_core.v:21$304'.
Found and cleaned up 1 empty switch in `\Twiddle128_core.$proc$rtl/dual/twiddle128_core.v:20$301'.
Removing empty process `Twiddle128_core.$proc$rtl/dual/twiddle128_core.v:20$301'.
Removing empty process `Twiddle128_core.$proc$rtl/dual/twiddle128_core.v:23$300'.
Removing empty process `$paramod$6010395c8740f19344fd93aacef13621d2f67395\DelayBuffer.$proc$../third_party/r22sdf/DelayBuffer.v:20$946'.
Removing empty process `$paramod$520663d7382152bf6f78fc2a37b254cea736bbce\DelayBuffer.$proc$../third_party/r22sdf/DelayBuffer.v:20$945'.
Removing empty process `Twiddle.$proc$../third_party/r22sdf/Twiddle64.v:102$241'.
Removing empty process `Twiddle.$proc$../third_party/r22sdf/Twiddle64.v:102$240'.
Removing empty process `Twiddle.$proc$../third_party/r22sdf/Twiddle64.v:101$239'.
Removing empty process `Twiddle.$proc$../third_party/r22sdf/Twiddle64.v:101$238'.
Removing empty process `Twiddle.$proc$../third_party/r22sdf/Twiddle64.v:100$237'.
Removing empty process `Twiddle.$proc$../third_party/r22sdf/Twiddle64.v:100$236'.
Removing empty process `Twiddle.$proc$../third_party/r22sdf/Twiddle64.v:99$235'.
Removing empty process `Twiddle.$proc$../third_party/r22sdf/Twiddle64.v:99$234'.
Removing empty process `Twiddle.$proc$../third_party/r22sdf/Twiddle64.v:98$233'.
Removing empty process `Twiddle.$proc$../third_party/r22sdf/Twiddle64.v:98$232'.
Removing empty process `Twiddle.$proc$../third_party/r22sdf/Twiddle64.v:97$231'.
Removing empty process `Twiddle.$proc$../third_party/r22sdf/Twiddle64.v:97$230'.
Removing empty process `Twiddle.$proc$../third_party/r22sdf/Twiddle64.v:96$229'.
Removing empty process `Twiddle.$proc$../third_party/r22sdf/Twiddle64.v:96$228'.
Removing empty process `Twiddle.$proc$../third_party/r22sdf/Twiddle64.v:95$227'.
Removing empty process `Twiddle.$proc$../third_party/r22sdf/Twiddle64.v:95$226'.
Removing empty process `Twiddle.$proc$../third_party/r22sdf/Twiddle64.v:94$225'.
Removing empty process `Twiddle.$proc$../third_party/r22sdf/Twiddle64.v:94$224'.
Removing empty process `Twiddle.$proc$../third_party/r22sdf/Twiddle64.v:93$223'.
Removing empty process `Twiddle.$proc$../third_party/r22sdf/Twiddle64.v:93$222'.
Removing empty process `Twiddle.$proc$../third_party/r22sdf/Twiddle64.v:92$221'.
Removing empty process `Twiddle.$proc$../third_party/r22sdf/Twiddle64.v:92$220'.
Removing empty process `Twiddle.$proc$../third_party/r22sdf/Twiddle64.v:91$219'.
Removing empty process `Twiddle.$proc$../third_party/r22sdf/Twiddle64.v:91$218'.
Removing empty process `Twiddle.$proc$../third_party/r22sdf/Twiddle64.v:90$217'.
Removing empty process `Twiddle.$proc$../third_party/r22sdf/Twiddle64.v:90$216'.
Removing empty process `Twiddle.$proc$../third_party/r22sdf/Twiddle64.v:89$215'.
Removing empty process `Twiddle.$proc$../third_party/r22sdf/Twiddle64.v:89$214'.
Removing empty process `Twiddle.$proc$../third_party/r22sdf/Twiddle64.v:88$213'.
Removing empty process `Twiddle.$proc$../third_party/r22sdf/Twiddle64.v:88$212'.
Removing empty process `Twiddle.$proc$../third_party/r22sdf/Twiddle64.v:87$211'.
Removing empty process `Twiddle.$proc$../third_party/r22sdf/Twiddle64.v:87$210'.
Removing empty process `Twiddle.$proc$../third_party/r22sdf/Twiddle64.v:86$209'.
Removing empty process `Twiddle.$proc$../third_party/r22sdf/Twiddle64.v:86$208'.
Removing empty process `Twiddle.$proc$../third_party/r22sdf/Twiddle64.v:85$207'.
Removing empty process `Twiddle.$proc$../third_party/r22sdf/Twiddle64.v:85$206'.
Removing empty process `Twiddle.$proc$../third_party/r22sdf/Twiddle64.v:84$205'.
Removing empty process `Twiddle.$proc$../third_party/r22sdf/Twiddle64.v:84$204'.
Removing empty process `Twiddle.$proc$../third_party/r22sdf/Twiddle64.v:83$203'.
Removing empty process `Twiddle.$proc$../third_party/r22sdf/Twiddle64.v:83$202'.
Removing empty process `Twiddle.$proc$../third_party/r22sdf/Twiddle64.v:82$201'.
Removing empty process `Twiddle.$proc$../third_party/r22sdf/Twiddle64.v:82$200'.
Removing empty process `Twiddle.$proc$../third_party/r22sdf/Twiddle64.v:81$199'.
Removing empty process `Twiddle.$proc$../third_party/r22sdf/Twiddle64.v:81$198'.
Removing empty process `Twiddle.$proc$../third_party/r22sdf/Twiddle64.v:80$197'.
Removing empty process `Twiddle.$proc$../third_party/r22sdf/Twiddle64.v:80$196'.
Removing empty process `Twiddle.$proc$../third_party/r22sdf/Twiddle64.v:79$195'.
Removing empty process `Twiddle.$proc$../third_party/r22sdf/Twiddle64.v:79$194'.
Removing empty process `Twiddle.$proc$../third_party/r22sdf/Twiddle64.v:78$193'.
Removing empty process `Twiddle.$proc$../third_party/r22sdf/Twiddle64.v:78$192'.
Removing empty process `Twiddle.$proc$../third_party/r22sdf/Twiddle64.v:77$191'.
Removing empty process `Twiddle.$proc$../third_party/r22sdf/Twiddle64.v:77$190'.
Removing empty process `Twiddle.$proc$../third_party/r22sdf/Twiddle64.v:76$189'.
Removing empty process `Twiddle.$proc$../third_party/r22sdf/Twiddle64.v:76$188'.
Removing empty process `Twiddle.$proc$../third_party/r22sdf/Twiddle64.v:75$187'.
Removing empty process `Twiddle.$proc$../third_party/r22sdf/Twiddle64.v:75$186'.
Removing empty process `Twiddle.$proc$../third_party/r22sdf/Twiddle64.v:74$185'.
Removing empty process `Twiddle.$proc$../third_party/r22sdf/Twiddle64.v:74$184'.
Removing empty process `Twiddle.$proc$../third_party/r22sdf/Twiddle64.v:73$183'.
Removing empty process `Twiddle.$proc$../third_party/r22sdf/Twiddle64.v:73$182'.
Removing empty process `Twiddle.$proc$../third_party/r22sdf/Twiddle64.v:72$181'.
Removing empty process `Twiddle.$proc$../third_party/r22sdf/Twiddle64.v:72$180'.
Removing empty process `Twiddle.$proc$../third_party/r22sdf/Twiddle64.v:71$179'.
Removing empty process `Twiddle.$proc$../third_party/r22sdf/Twiddle64.v:71$178'.
Removing empty process `Twiddle.$proc$../third_party/r22sdf/Twiddle64.v:70$177'.
Removing empty process `Twiddle.$proc$../third_party/r22sdf/Twiddle64.v:70$176'.
Removing empty process `Twiddle.$proc$../third_party/r22sdf/Twiddle64.v:69$175'.
Removing empty process `Twiddle.$proc$../third_party/r22sdf/Twiddle64.v:69$174'.
Removing empty process `Twiddle.$proc$../third_party/r22sdf/Twiddle64.v:68$173'.
Removing empty process `Twiddle.$proc$../third_party/r22sdf/Twiddle64.v:68$172'.
Removing empty process `Twiddle.$proc$../third_party/r22sdf/Twiddle64.v:67$171'.
Removing empty process `Twiddle.$proc$../third_party/r22sdf/Twiddle64.v:67$170'.
Removing empty process `Twiddle.$proc$../third_party/r22sdf/Twiddle64.v:66$169'.
Removing empty process `Twiddle.$proc$../third_party/r22sdf/Twiddle64.v:66$168'.
Removing empty process `Twiddle.$proc$../third_party/r22sdf/Twiddle64.v:65$167'.
Removing empty process `Twiddle.$proc$../third_party/r22sdf/Twiddle64.v:65$166'.
Removing empty process `Twiddle.$proc$../third_party/r22sdf/Twiddle64.v:64$165'.
Removing empty process `Twiddle.$proc$../third_party/r22sdf/Twiddle64.v:64$164'.
Removing empty process `Twiddle.$proc$../third_party/r22sdf/Twiddle64.v:63$163'.
Removing empty process `Twiddle.$proc$../third_party/r22sdf/Twiddle64.v:63$162'.
Removing empty process `Twiddle.$proc$../third_party/r22sdf/Twiddle64.v:62$161'.
Removing empty process `Twiddle.$proc$../third_party/r22sdf/Twiddle64.v:62$160'.
Removing empty process `Twiddle.$proc$../third_party/r22sdf/Twiddle64.v:61$159'.
Removing empty process `Twiddle.$proc$../third_party/r22sdf/Twiddle64.v:61$158'.
Removing empty process `Twiddle.$proc$../third_party/r22sdf/Twiddle64.v:60$157'.
Removing empty process `Twiddle.$proc$../third_party/r22sdf/Twiddle64.v:60$156'.
Removing empty process `Twiddle.$proc$../third_party/r22sdf/Twiddle64.v:59$155'.
Removing empty process `Twiddle.$proc$../third_party/r22sdf/Twiddle64.v:59$154'.
Removing empty process `Twiddle.$proc$../third_party/r22sdf/Twiddle64.v:58$153'.
Removing empty process `Twiddle.$proc$../third_party/r22sdf/Twiddle64.v:58$152'.
Removing empty process `Twiddle.$proc$../third_party/r22sdf/Twiddle64.v:57$151'.
Removing empty process `Twiddle.$proc$../third_party/r22sdf/Twiddle64.v:57$150'.
Removing empty process `Twiddle.$proc$../third_party/r22sdf/Twiddle64.v:56$149'.
Removing empty process `Twiddle.$proc$../third_party/r22sdf/Twiddle64.v:56$148'.
Removing empty process `Twiddle.$proc$../third_party/r22sdf/Twiddle64.v:55$147'.
Removing empty process `Twiddle.$proc$../third_party/r22sdf/Twiddle64.v:55$146'.
Removing empty process `Twiddle.$proc$../third_party/r22sdf/Twiddle64.v:54$145'.
Removing empty process `Twiddle.$proc$../third_party/r22sdf/Twiddle64.v:54$144'.
Removing empty process `Twiddle.$proc$../third_party/r22sdf/Twiddle64.v:53$143'.
Removing empty process `Twiddle.$proc$../third_party/r22sdf/Twiddle64.v:53$142'.
Removing empty process `Twiddle.$proc$../third_party/r22sdf/Twiddle64.v:52$141'.
Removing empty process `Twiddle.$proc$../third_party/r22sdf/Twiddle64.v:52$140'.
Removing empty process `Twiddle.$proc$../third_party/r22sdf/Twiddle64.v:51$139'.
Removing empty process `Twiddle.$proc$../third_party/r22sdf/Twiddle64.v:51$138'.
Removing empty process `Twiddle.$proc$../third_party/r22sdf/Twiddle64.v:50$137'.
Removing empty process `Twiddle.$proc$../third_party/r22sdf/Twiddle64.v:50$136'.
Removing empty process `Twiddle.$proc$../third_party/r22sdf/Twiddle64.v:49$135'.
Removing empty process `Twiddle.$proc$../third_party/r22sdf/Twiddle64.v:49$134'.
Removing empty process `Twiddle.$proc$../third_party/r22sdf/Twiddle64.v:48$133'.
Removing empty process `Twiddle.$proc$../third_party/r22sdf/Twiddle64.v:48$132'.
Removing empty process `Twiddle.$proc$../third_party/r22sdf/Twiddle64.v:47$131'.
Removing empty process `Twiddle.$proc$../third_party/r22sdf/Twiddle64.v:47$130'.
Removing empty process `Twiddle.$proc$../third_party/r22sdf/Twiddle64.v:46$129'.
Removing empty process `Twiddle.$proc$../third_party/r22sdf/Twiddle64.v:46$128'.
Removing empty process `Twiddle.$proc$../third_party/r22sdf/Twiddle64.v:45$127'.
Removing empty process `Twiddle.$proc$../third_party/r22sdf/Twiddle64.v:45$126'.
Removing empty process `Twiddle.$proc$../third_party/r22sdf/Twiddle64.v:44$125'.
Removing empty process `Twiddle.$proc$../third_party/r22sdf/Twiddle64.v:44$124'.
Removing empty process `Twiddle.$proc$../third_party/r22sdf/Twiddle64.v:43$123'.
Removing empty process `Twiddle.$proc$../third_party/r22sdf/Twiddle64.v:43$122'.
Removing empty process `Twiddle.$proc$../third_party/r22sdf/Twiddle64.v:42$121'.
Removing empty process `Twiddle.$proc$../third_party/r22sdf/Twiddle64.v:42$120'.
Removing empty process `Twiddle.$proc$../third_party/r22sdf/Twiddle64.v:41$119'.
Removing empty process `Twiddle.$proc$../third_party/r22sdf/Twiddle64.v:41$118'.
Removing empty process `Twiddle.$proc$../third_party/r22sdf/Twiddle64.v:40$117'.
Removing empty process `Twiddle.$proc$../third_party/r22sdf/Twiddle64.v:40$116'.
Removing empty process `Twiddle.$proc$../third_party/r22sdf/Twiddle64.v:39$115'.
Removing empty process `Twiddle.$proc$../third_party/r22sdf/Twiddle64.v:39$114'.
Found and cleaned up 1 empty switch in `\Twiddle.$proc$../third_party/r22sdf/Twiddle64.v:21$111'.
Removing empty process `Twiddle.$proc$../third_party/r22sdf/Twiddle64.v:21$111'.
Found and cleaned up 1 empty switch in `\Twiddle.$proc$../third_party/r22sdf/Twiddle64.v:20$108'.
Removing empty process `Twiddle.$proc$../third_party/r22sdf/Twiddle64.v:20$108'.
Removing empty process `Twiddle.$proc$../third_party/r22sdf/Twiddle64.v:23$107'.
Removing empty process `$paramod$e8759a57fc147882a254734ce5d86afa730d93e5\DelayBuffer.$proc$../third_party/r22sdf/DelayBuffer.v:20$944'.
Removing empty process `$paramod$e31bf182a78b6901a30a1eec46d5e35479708b24\DelayBuffer.$proc$../third_party/r22sdf/DelayBuffer.v:20$943'.
Removing empty process `$paramod$17914cfb50699f154dc59f1c3f8fd47b6e195f44\DelayBuffer.$proc$../third_party/r22sdf/DelayBuffer.v:20$942'.
Removing empty process `$paramod$468b6055748c1a70021cd219779b5d26906274a5\DelayBuffer.$proc$../third_party/r22sdf/DelayBuffer.v:20$929'.
Removing empty process `peweaver_ppa_reset_sync_128.$proc$rtl/peweaver_ppa_fft128.v:18$11'.
Removing empty process `peweaver_ppa_reset_sync.$proc$rtl/peweaver_ppa_fft64.v:26$10'.
Cleaned up 4 empty switches.

18.2.12. Executing OPT_EXPR pass (perform const folding).
Optimizing module $paramod$c542f2cdb8cf3fb2f7011f6438933e7913c8a609\DelayBuffer.
Optimizing module $paramod\Multiply\WIDTH=s32'00000000000000000000000000010000.
<suppressed ~4 debug messages>
Optimizing module $paramod$9ca5e247a0178b82f50f6db69488375424044dda\SdfUnit128.
<suppressed ~9 debug messages>
Optimizing module $paramod$fe7cc57cd3904973768bae95b58499efa37dd589\SdfUnit128.
<suppressed ~9 debug messages>
Optimizing module $paramod$2ddc66fc3ffa8db41a4fa756ec19a2c9a0dc42f0\SdfUnit128.
<suppressed ~9 debug messages>
Optimizing module $paramod\SdfUnit2\WIDTH=s32'00000000000000000000000000010000.
<suppressed ~3 debug messages>
Optimizing module $paramod$31b4a60d4c392c8032c765add59e3b1dd88721d8\SdfUnit.
<suppressed ~9 debug messages>
Optimizing module $paramod$e3b428dd0e3d22a099d4960bb16875dbfc951f1c\SdfUnit.
<suppressed ~9 debug messages>
Optimizing module $paramod$25bb70cf5a48aa945caa779105562d3b5b1e4265\SdfUnit.
<suppressed ~10 debug messages>
Optimizing module $paramod\FFT128_core\WIDTH=s32'00000000000000000000000000010000.
Optimizing module $paramod\FFT\WIDTH=s32'00000000000000000000000000010000.
Optimizing module Twiddle128_core.
<suppressed ~2 debug messages>
Optimizing module $paramod$6010395c8740f19344fd93aacef13621d2f67395\DelayBuffer.
Optimizing module $paramod$520663d7382152bf6f78fc2a37b254cea736bbce\DelayBuffer.
Optimizing module Twiddle.
<suppressed ~2 debug messages>
Optimizing module $paramod$e8759a57fc147882a254734ce5d86afa730d93e5\DelayBuffer.
Optimizing module $paramod$e31bf182a78b6901a30a1eec46d5e35479708b24\DelayBuffer.
Optimizing module $paramod$17914cfb50699f154dc59f1c3f8fd47b6e195f44\DelayBuffer.
Optimizing module $paramod$5480229501c9659b6947fa834aa4fdab0727c259\Butterfly.
<suppressed ~4 debug messages>
Optimizing module $paramod$468b6055748c1a70021cd219779b5d26906274a5\DelayBuffer.
Optimizing module $paramod$cc7e198dbe1c7d8352a2bac47477dedd9788e883\Butterfly.
<suppressed ~4 debug messages>
Optimizing module peweaver_halo_fft128_reference.
Optimizing module peweaver_halo_fft64_reference.
Optimizing module peweaver_ppa_fft128.
Optimizing module peweaver_ppa_reset_sync_128.
<suppressed ~1 debug messages>
Optimizing module peweaver_ppa_fft64.
Optimizing module peweaver_ppa_reset_sync.
<suppressed ~1 debug messages>
Optimizing module peweaver_ppa_dual_fft_icg.

18.3. Executing CHECK pass (checking for obvious problems).
Checking module $paramod$c542f2cdb8cf3fb2f7011f6438933e7913c8a609\DelayBuffer...
Checking module $paramod\Multiply\WIDTH=s32'00000000000000000000000000010000...
Checking module $paramod$9ca5e247a0178b82f50f6db69488375424044dda\SdfUnit128...
Checking module $paramod$fe7cc57cd3904973768bae95b58499efa37dd589\SdfUnit128...
Checking module $paramod$2ddc66fc3ffa8db41a4fa756ec19a2c9a0dc42f0\SdfUnit128...
Checking module $paramod\SdfUnit2\WIDTH=s32'00000000000000000000000000010000...
Checking module $paramod$31b4a60d4c392c8032c765add59e3b1dd88721d8\SdfUnit...
Checking module $paramod$e3b428dd0e3d22a099d4960bb16875dbfc951f1c\SdfUnit...
Checking module $paramod$25bb70cf5a48aa945caa779105562d3b5b1e4265\SdfUnit...
Checking module $paramod\FFT128_core\WIDTH=s32'00000000000000000000000000010000...
Checking module $paramod\FFT\WIDTH=s32'00000000000000000000000000010000...
Checking module Twiddle128_core...
Checking module $paramod$6010395c8740f19344fd93aacef13621d2f67395\DelayBuffer...
Checking module $paramod$520663d7382152bf6f78fc2a37b254cea736bbce\DelayBuffer...
Checking module Twiddle...
Checking module $paramod$e8759a57fc147882a254734ce5d86afa730d93e5\DelayBuffer...
Checking module $paramod$e31bf182a78b6901a30a1eec46d5e35479708b24\DelayBuffer...
Checking module $paramod$17914cfb50699f154dc59f1c3f8fd47b6e195f44\DelayBuffer...
Checking module $paramod$5480229501c9659b6947fa834aa4fdab0727c259\Butterfly...
Checking module $paramod$468b6055748c1a70021cd219779b5d26906274a5\DelayBuffer...
Checking module $paramod$cc7e198dbe1c7d8352a2bac47477dedd9788e883\Butterfly...
Checking module peweaver_halo_fft128_reference...
Checking module peweaver_halo_fft64_reference...
Checking module peweaver_ppa_fft128...
Checking module peweaver_ppa_reset_sync_128...
Checking module peweaver_ppa_fft64...
Checking module peweaver_ppa_reset_sync...
Checking module peweaver_ppa_dual_fft_icg...
Found and reported 0 problems.

18.4. Executing FLATTEN pass (flatten design).
Deleting now unused module $paramod$c542f2cdb8cf3fb2f7011f6438933e7913c8a609\DelayBuffer.
Deleting now unused module $paramod\Multiply\WIDTH=s32'00000000000000000000000000010000.
Deleting now unused module $paramod$9ca5e247a0178b82f50f6db69488375424044dda\SdfUnit128.
Deleting now unused module $paramod$fe7cc57cd3904973768bae95b58499efa37dd589\SdfUnit128.
Deleting now unused module $paramod$2ddc66fc3ffa8db41a4fa756ec19a2c9a0dc42f0\SdfUnit128.
Deleting now unused module $paramod\SdfUnit2\WIDTH=s32'00000000000000000000000000010000.
Deleting now unused module $paramod$31b4a60d4c392c8032c765add59e3b1dd88721d8\SdfUnit.
Deleting now unused module $paramod$e3b428dd0e3d22a099d4960bb16875dbfc951f1c\SdfUnit.
Deleting now unused module $paramod$25bb70cf5a48aa945caa779105562d3b5b1e4265\SdfUnit.
Deleting now unused module $paramod\FFT128_core\WIDTH=s32'00000000000000000000000000010000.
Deleting now unused module $paramod\FFT\WIDTH=s32'00000000000000000000000000010000.
Deleting now unused module Twiddle128_core.
Deleting now unused module $paramod$6010395c8740f19344fd93aacef13621d2f67395\DelayBuffer.
Deleting now unused module $paramod$520663d7382152bf6f78fc2a37b254cea736bbce\DelayBuffer.
Deleting now unused module Twiddle.
Deleting now unused module $paramod$e8759a57fc147882a254734ce5d86afa730d93e5\DelayBuffer.
Deleting now unused module $paramod$e31bf182a78b6901a30a1eec46d5e35479708b24\DelayBuffer.
Deleting now unused module $paramod$17914cfb50699f154dc59f1c3f8fd47b6e195f44\DelayBuffer.
Deleting now unused module $paramod$5480229501c9659b6947fa834aa4fdab0727c259\Butterfly.
Deleting now unused module $paramod$468b6055748c1a70021cd219779b5d26906274a5\DelayBuffer.
Deleting now unused module $paramod$cc7e198dbe1c7d8352a2bac47477dedd9788e883\Butterfly.
Deleting now unused module peweaver_halo_fft128_reference.
Deleting now unused module peweaver_halo_fft64_reference.
Deleting now unused module peweaver_ppa_fft128.
Deleting now unused module peweaver_ppa_reset_sync_128.
Deleting now unused module peweaver_ppa_fft64.
Deleting now unused module peweaver_ppa_reset_sync.
<suppressed ~53 debug messages>

18.5. Executing OPT_EXPR pass (perform const folding).
Optimizing module peweaver_ppa_dual_fft_icg.
<suppressed ~289 debug messages>

18.6. Executing OPT_CLEAN pass (remove unused cells and wires).
Finding unused cells or wires in module \peweaver_ppa_dual_fft_icg..
Removed 29 unused cells and 2290 unused wires.
<suppressed ~99 debug messages>

18.7. Executing CHECK pass (checking for obvious problems).
Checking module peweaver_ppa_dual_fft_icg...
Found and reported 0 problems.

18.8. Executing OPT pass (performing simple optimizations).

18.8.1. Executing OPT_EXPR pass (perform const folding).
Optimizing module peweaver_ppa_dual_fft_icg.
<suppressed ~528 debug messages>

18.8.2. Executing OPT_MERGE pass (detect identical cells).
Finding identical cells in module `\peweaver_ppa_dual_fft_icg'.
Computing hashes of 1415 cells of `\peweaver_ppa_dual_fft_icg'.
Finding duplicate cells in `\peweaver_ppa_dual_fft_icg'.
Computing hashes of 1166 cells of `\peweaver_ppa_dual_fft_icg'.
Finding duplicate cells in `\peweaver_ppa_dual_fft_icg'.
<suppressed ~747 debug messages>
Removed a total of 249 cells.

18.8.3. Executing OPT_MUXTREE pass (detect dead branches in mux trees).
Running muxtree optimizer on module \peweaver_ppa_dual_fft_icg..
  Creating internal representation of mux trees.
  Evaluating internal representation of mux trees.
  Analyzing evaluation results.
    dead port 1/129 on $pmux $flatten\u_fft128.\u_fft128.\core.\SU3.\TW.$procmux$1076.
    dead port 2/129 on $pmux $flatten\u_fft128.\u_fft128.\core.\SU3.\TW.$procmux$1076.
    dead port 3/129 on $pmux $flatten\u_fft128.\u_fft128.\core.\SU3.\TW.$procmux$1076.
    dead port 4/129 on $pmux $flatten\u_fft128.\u_fft128.\core.\SU3.\TW.$procmux$1076.
    dead port 5/129 on $pmux $flatten\u_fft128.\u_fft128.\core.\SU3.\TW.$procmux$1076.
    dead port 6/129 on $pmux $flatten\u_fft128.\u_fft128.\core.\SU3.\TW.$procmux$1076.
    dead port 7/129 on $pmux $flatten\u_fft128.\u_fft128.\core.\SU3.\TW.$procmux$1076.
    dead port 8/129 on $pmux $flatten\u_fft128.\u_fft128.\core.\SU3.\TW.$procmux$1076.
    dead port 9/129 on $pmux $flatten\u_fft128.\u_fft128.\core.\SU3.\TW.$procmux$1076.
    dead port 10/129 on $pmux $flatten\u_fft128.\u_fft128.\core.\SU3.\TW.$procmux$1076.
    dead port 11/129 on $pmux $flatten\u_fft128.\u_fft128.\core.\SU3.\TW.$procmux$1076.
    dead port 12/129 on $pmux $flatten\u_fft128.\u_fft128.\core.\SU3.\TW.$procmux$1076.
    dead port 13/129 on $pmux $flatten\u_fft128.\u_fft128.\core.\SU3.\TW.$procmux$1076.
    dead port 14/129 on $pmux $flatten\u_fft128.\u_fft128.\core.\SU3.\TW.$procmux$1076.
    dead port 15/129 on $pmux $flatten\u_fft128.\u_fft128.\core.\SU3.\TW.$procmux$1076.
    dead port 17/129 on $pmux $flatten\u_fft128.\u_fft128.\core.\SU3.\TW.$procmux$1076.
    dead port 18/129 on $pmux $flatten\u_fft128.\u_fft128.\core.\SU3.\TW.$procmux$1076.
    dead port 19/129 on $pmux $flatten\u_fft128.\u_fft128.\core.\SU3.\TW.$procmux$1076.
    dead port 20/129 on $pmux $flatten\u_fft128.\u_fft128.\core.\SU3.\TW.$procmux$1076.
    dead port 21/129 on $pmux $flatten\u_fft128.\u_fft128.\core.\SU3.\TW.$procmux$1076.
    dead port 22/129 on $pmux $flatten\u_fft128.\u_fft128.\core.\SU3.\TW.$procmux$1076.
    dead port 23/129 on $pmux $flatten\u_fft128.\u_fft128.\core.\SU3.\TW.$procmux$1076.
    dead port 24/129 on $pmux $flatten\u_fft128.\u_fft128.\core.\SU3.\TW.$procmux$1076.
    dead port 25/129 on $pmux $flatten\u_fft128.\u_fft128.\core.\SU3.\TW.$procmux$1076.
    dead port 26/129 on $pmux $flatten\u_fft128.\u_fft128.\core.\SU3.\TW.$procmux$1076.
    dead port 27/129 on $pmux $flatten\u_fft128.\u_fft128.\core.\SU3.\TW.$procmux$1076.
    dead port 28/129 on $pmux $flatten\u_fft128.\u_fft128.\core.\SU3.\TW.$procmux$1076.
    dead port 29/129 on $pmux $flatten\u_fft128.\u_fft128.\core.\SU3.\TW.$procmux$1076.
    dead port 30/129 on $pmux $flatten\u_fft128.\u_fft128.\core.\SU3.\TW.$procmux$1076.
    dead port 31/129 on $pmux $flatten\u_fft128.\u_fft128.\core.\SU3.\TW.$procmux$1076.
    dead port 33/129 on $pmux $flatten\u_fft128.\u_fft128.\core.\SU3.\TW.$procmux$1076.
    dead port 34/129 on $pmux $flatten\u_fft128.\u_fft128.\core.\SU3.\TW.$procmux$1076.
    dead port 35/129 on $pmux $flatten\u_fft128.\u_fft128.\core.\SU3.\TW.$procmux$1076.
    dead port 36/129 on $pmux $flatten\u_fft128.\u_fft128.\core.\SU3.\TW.$procmux$1076.
    dead port 37/129 on $pmux $flatten\u_fft128.\u_fft128.\core.\SU3.\TW.$procmux$1076.
    dead port 38/129 on $pmux $flatten\u_fft128.\u_fft128.\core.\SU3.\TW.$procmux$1076.
    dead port 39/129 on $pmux $flatten\u_fft128.\u_fft128.\core.\SU3.\TW.$procmux$1076.
    dead port 40/129 on $pmux $flatten\u_fft128.\u_fft128.\core.\SU3.\TW.$procmux$1076.
    dead port 41/129 on $pmux $flatten\u_fft128.\u_fft128.\core.\SU3.\TW.$procmux$1076.
    dead port 42/129 on $pmux $flatten\u_fft128.\u_fft128.\core.\SU3.\TW.$procmux$1076.
    dead port 43/129 on $pmux $flatten\u_fft128.\u_fft128.\core.\SU3.\TW.$procmux$1076.
    dead port 44/129 on $pmux $flatten\u_fft128.\u_fft128.\core.\SU3.\TW.$procmux$1076.
    dead port 45/129 on $pmux $flatten\u_fft128.\u_fft128.\core.\SU3.\TW.$procmux$1076.
    dead port 46/129 on $pmux $flatten\u_fft128.\u_fft128.\core.\SU3.\TW.$procmux$1076.
    dead port 47/129 on $pmux $flatten\u_fft128.\u_fft128.\core.\SU3.\TW.$procmux$1076.
    dead port 49/129 on $pmux $flatten\u_fft128.\u_fft128.\core.\SU3.\TW.$procmux$1076.
    dead port 50/129 on $pmux $flatten\u_fft128.\u_fft128.\core.\SU3.\TW.$procmux$1076.
    dead port 51/129 on $pmux $flatten\u_fft128.\u_fft128.\core.\SU3.\TW.$procmux$1076.
    dead port 52/129 on $pmux $flatten\u_fft128.\u_fft128.\core.\SU3.\TW.$procmux$1076.
    dead port 53/129 on $pmux $flatten\u_fft128.\u_fft128.\core.\SU3.\TW.$procmux$1076.
    dead port 54/129 on $pmux $flatten\u_fft128.\u_fft128.\core.\SU3.\TW.$procmux$1076.
    dead port 55/129 on $pmux $flatten\u_fft128.\u_fft128.\core.\SU3.\TW.$procmux$1076.
    dead port 56/129 on $pmux $flatten\u_fft128.\u_fft128.\core.\SU3.\TW.$procmux$1076.
    dead port 57/129 on $pmux $flatten\u_fft128.\u_fft128.\core.\SU3.\TW.$procmux$1076.
    dead port 58/129 on $pmux $flatten\u_fft128.\u_fft128.\core.\SU3.\TW.$procmux$1076.
    dead port 59/129 on $pmux $flatten\u_fft128.\u_fft128.\core.\SU3.\TW.$procmux$1076.
    dead port 60/129 on $pmux $flatten\u_fft128.\u_fft128.\core.\SU3.\TW.$procmux$1076.
    dead port 61/129 on $pmux $flatten\u_fft128.\u_fft128.\core.\SU3.\TW.$procmux$1076.
    dead port 62/129 on $pmux $flatten\u_fft128.\u_fft128.\core.\SU3.\TW.$procmux$1076.
    dead port 63/129 on $pmux $flatten\u_fft128.\u_fft128.\core.\SU3.\TW.$procmux$1076.
    dead port 65/129 on $pmux $flatten\u_fft128.\u_fft128.\core.\SU3.\TW.$procmux$1076.
    dead port 66/129 on $pmux $flatten\u_fft128.\u_fft128.\core.\SU3.\TW.$procmux$1076.
    dead port 67/129 on $pmux $flatten\u_fft128.\u_fft128.\core.\SU3.\TW.$procmux$1076.
    dead port 68/129 on $pmux $flatten\u_fft128.\u_fft128.\core.\SU3.\TW.$procmux$1076.
    dead port 69/129 on $pmux $flatten\u_fft128.\u_fft128.\core.\SU3.\TW.$procmux$1076.
    dead port 70/129 on $pmux $flatten\u_fft128.\u_fft128.\core.\SU3.\TW.$procmux$1076.
    dead port 71/129 on $pmux $flatten\u_fft128.\u_fft128.\core.\SU3.\TW.$procmux$1076.
    dead port 72/129 on $pmux $flatten\u_fft128.\u_fft128.\core.\SU3.\TW.$procmux$1076.
    dead port 73/129 on $pmux $flatten\u_fft128.\u_fft128.\core.\SU3.\TW.$procmux$1076.
    dead port 74/129 on $pmux $flatten\u_fft128.\u_fft128.\core.\SU3.\TW.$procmux$1076.
    dead port 75/129 on $pmux $flatten\u_fft128.\u_fft128.\core.\SU3.\TW.$procmux$1076.
    dead port 76/129 on $pmux $flatten\u_fft128.\u_fft128.\core.\SU3.\TW.$procmux$1076.
    dead port 77/129 on $pmux $flatten\u_fft128.\u_fft128.\core.\SU3.\TW.$procmux$1076.
    dead port 78/129 on $pmux $flatten\u_fft128.\u_fft128.\core.\SU3.\TW.$procmux$1076.
    dead port 79/129 on $pmux $flatten\u_fft128.\u_fft128.\core.\SU3.\TW.$procmux$1076.
    dead port 81/129 on $pmux $flatten\u_fft128.\u_fft128.\core.\SU3.\TW.$procmux$1076.
    dead port 82/129 on $pmux $flatten\u_fft128.\u_fft128.\core.\SU3.\TW.$procmux$1076.
    dead port 83/129 on $pmux $flatten\u_fft128.\u_fft128.\core.\SU3.\TW.$procmux$1076.
    dead port 84/129 on $pmux $flatten\u_fft128.\u_fft128.\core.\SU3.\TW.$procmux$1076.
    dead port 85/129 on $pmux $flatten\u_fft128.\u_fft128.\core.\SU3.\TW.$procmux$1076.
    dead port 86/129 on $pmux $flatten\u_fft128.\u_fft128.\core.\SU3.\TW.$procmux$1076.
    dead port 87/129 on $pmux $flatten\u_fft128.\u_fft128.\core.\SU3.\TW.$procmux$1076.
    dead port 88/129 on $pmux $flatten\u_fft128.\u_fft128.\core.\SU3.\TW.$procmux$1076.
    dead port 89/129 on $pmux $flatten\u_fft128.\u_fft128.\core.\SU3.\TW.$procmux$1076.
    dead port 90/129 on $pmux $flatten\u_fft128.\u_fft128.\core.\SU3.\TW.$procmux$1076.
    dead port 91/129 on $pmux $flatten\u_fft128.\u_fft128.\core.\SU3.\TW.$procmux$1076.
    dead port 92/129 on $pmux $flatten\u_fft128.\u_fft128.\core.\SU3.\TW.$procmux$1076.
    dead port 93/129 on $pmux $flatten\u_fft128.\u_fft128.\core.\SU3.\TW.$procmux$1076.
    dead port 94/129 on $pmux $flatten\u_fft128.\u_fft128.\core.\SU3.\TW.$procmux$1076.
    dead port 95/129 on $pmux $flatten\u_fft128.\u_fft128.\core.\SU3.\TW.$procmux$1076.
    dead port 97/129 on $pmux $flatten\u_fft128.\u_fft128.\core.\SU3.\TW.$procmux$1076.
    dead port 98/129 on $pmux $flatten\u_fft128.\u_fft128.\core.\SU3.\TW.$procmux$1076.
    dead port 99/129 on $pmux $flatten\u_fft128.\u_fft128.\core.\SU3.\TW.$procmux$1076.
    dead port 100/129 on $pmux $flatten\u_fft128.\u_fft128.\core.\SU3.\TW.$procmux$1076.
    dead port 101/129 on $pmux $flatten\u_fft128.\u_fft128.\core.\SU3.\TW.$procmux$1076.
    dead port 102/129 on $pmux $flatten\u_fft128.\u_fft128.\core.\SU3.\TW.$procmux$1076.
    dead port 103/129 on $pmux $flatten\u_fft128.\u_fft128.\core.\SU3.\TW.$procmux$1076.
    dead port 104/129 on $pmux $flatten\u_fft128.\u_fft128.\core.\SU3.\TW.$procmux$1076.
    dead port 105/129 on $pmux $flatten\u_fft128.\u_fft128.\core.\SU3.\TW.$procmux$1076.
    dead port 106/129 on $pmux $flatten\u_fft128.\u_fft128.\core.\SU3.\TW.$procmux$1076.
    dead port 107/129 on $pmux $flatten\u_fft128.\u_fft128.\core.\SU3.\TW.$procmux$1076.
    dead port 108/129 on $pmux $flatten\u_fft128.\u_fft128.\core.\SU3.\TW.$procmux$1076.
    dead port 109/129 on $pmux $flatten\u_fft128.\u_fft128.\core.\SU3.\TW.$procmux$1076.
    dead port 110/129 on $pmux $flatten\u_fft128.\u_fft128.\core.\SU3.\TW.$procmux$1076.
    dead port 111/129 on $pmux $flatten\u_fft128.\u_fft128.\core.\SU3.\TW.$procmux$1076.
    dead port 113/129 on $pmux $flatten\u_fft128.\u_fft128.\core.\SU3.\TW.$procmux$1076.
    dead port 114/129 on $pmux $flatten\u_fft128.\u_fft128.\core.\SU3.\TW.$procmux$1076.
    dead port 115/129 on $pmux $flatten\u_fft128.\u_fft128.\core.\SU3.\TW.$procmux$1076.
    dead port 116/129 on $pmux $flatten\u_fft128.\u_fft128.\core.\SU3.\TW.$procmux$1076.
    dead port 117/129 on $pmux $flatten\u_fft128.\u_fft128.\core.\SU3.\TW.$procmux$1076.
    dead port 118/129 on $pmux $flatten\u_fft128.\u_fft128.\core.\SU3.\TW.$procmux$1076.
    dead port 119/129 on $pmux $flatten\u_fft128.\u_fft128.\core.\SU3.\TW.$procmux$1076.
    dead port 120/129 on $pmux $flatten\u_fft128.\u_fft128.\core.\SU3.\TW.$procmux$1076.
    dead port 121/129 on $pmux $flatten\u_fft128.\u_fft128.\core.\SU3.\TW.$procmux$1076.
    dead port 122/129 on $pmux $flatten\u_fft128.\u_fft128.\core.\SU3.\TW.$procmux$1076.
    dead port 123/129 on $pmux $flatten\u_fft128.\u_fft128.\core.\SU3.\TW.$procmux$1076.
    dead port 124/129 on $pmux $flatten\u_fft128.\u_fft128.\core.\SU3.\TW.$procmux$1076.
    dead port 125/129 on $pmux $flatten\u_fft128.\u_fft128.\core.\SU3.\TW.$procmux$1076.
    dead port 126/129 on $pmux $flatten\u_fft128.\u_fft128.\core.\SU3.\TW.$procmux$1076.
    dead port 127/129 on $pmux $flatten\u_fft128.\u_fft128.\core.\SU3.\TW.$procmux$1076.
    dead port 1/129 on $pmux $flatten\u_fft128.\u_fft128.\core.\SU2.\TW.$procmux$1076.
    dead port 2/129 on $pmux $flatten\u_fft128.\u_fft128.\core.\SU2.\TW.$procmux$1076.
    dead port 3/129 on $pmux $flatten\u_fft128.\u_fft128.\core.\SU2.\TW.$procmux$1076.
    dead port 5/129 on $pmux $flatten\u_fft128.\u_fft128.\core.\SU2.\TW.$procmux$1076.
    dead port 6/129 on $pmux $flatten\u_fft128.\u_fft128.\core.\SU2.\TW.$procmux$1076.
    dead port 7/129 on $pmux $flatten\u_fft128.\u_fft128.\core.\SU2.\TW.$procmux$1076.
    dead port 9/129 on $pmux $flatten\u_fft128.\u_fft128.\core.\SU2.\TW.$procmux$1076.
    dead port 10/129 on $pmux $flatten\u_fft128.\u_fft128.\core.\SU2.\TW.$procmux$1076.
    dead port 11/129 on $pmux $flatten\u_fft128.\u_fft128.\core.\SU2.\TW.$procmux$1076.
    dead port 13/129 on $pmux $flatten\u_fft128.\u_fft128.\core.\SU2.\TW.$procmux$1076.
    dead port 14/129 on $pmux $flatten\u_fft128.\u_fft128.\core.\SU2.\TW.$procmux$1076.
    dead port 15/129 on $pmux $flatten\u_fft128.\u_fft128.\core.\SU2.\TW.$procmux$1076.
    dead port 17/129 on $pmux $flatten\u_fft128.\u_fft128.\core.\SU2.\TW.$procmux$1076.
    dead port 18/129 on $pmux $flatten\u_fft128.\u_fft128.\core.\SU2.\TW.$procmux$1076.
    dead port 19/129 on $pmux $flatten\u_fft128.\u_fft128.\core.\SU2.\TW.$procmux$1076.
    dead port 21/129 on $pmux $flatten\u_fft128.\u_fft128.\core.\SU2.\TW.$procmux$1076.
    dead port 22/129 on $pmux $flatten\u_fft128.\u_fft128.\core.\SU2.\TW.$procmux$1076.
    dead port 23/129 on $pmux $flatten\u_fft128.\u_fft128.\core.\SU2.\TW.$procmux$1076.
    dead port 25/129 on $pmux $flatten\u_fft128.\u_fft128.\core.\SU2.\TW.$procmux$1076.
    dead port 26/129 on $pmux $flatten\u_fft128.\u_fft128.\core.\SU2.\TW.$procmux$1076.
    dead port 27/129 on $pmux $flatten\u_fft128.\u_fft128.\core.\SU2.\TW.$procmux$1076.
    dead port 29/129 on $pmux $flatten\u_fft128.\u_fft128.\core.\SU2.\TW.$procmux$1076.
    dead port 30/129 on $pmux $flatten\u_fft128.\u_fft128.\core.\SU2.\TW.$procmux$1076.
    dead port 31/129 on $pmux $flatten\u_fft128.\u_fft128.\core.\SU2.\TW.$procmux$1076.
    dead port 33/129 on $pmux $flatten\u_fft128.\u_fft128.\core.\SU2.\TW.$procmux$1076.
    dead port 34/129 on $pmux $flatten\u_fft128.\u_fft128.\core.\SU2.\TW.$procmux$1076.
    dead port 35/129 on $pmux $flatten\u_fft128.\u_fft128.\core.\SU2.\TW.$procmux$1076.
    dead port 37/129 on $pmux $flatten\u_fft128.\u_fft128.\core.\SU2.\TW.$procmux$1076.
    dead port 38/129 on $pmux $flatten\u_fft128.\u_fft128.\core.\SU2.\TW.$procmux$1076.
    dead port 39/129 on $pmux $flatten\u_fft128.\u_fft128.\core.\SU2.\TW.$procmux$1076.
    dead port 41/129 on $pmux $flatten\u_fft128.\u_fft128.\core.\SU2.\TW.$procmux$1076.
    dead port 42/129 on $pmux $flatten\u_fft128.\u_fft128.\core.\SU2.\TW.$procmux$1076.
    dead port 43/129 on $pmux $flatten\u_fft128.\u_fft128.\core.\SU2.\TW.$procmux$1076.
    dead port 45/129 on $pmux $flatten\u_fft128.\u_fft128.\core.\SU2.\TW.$procmux$1076.
    dead port 46/129 on $pmux $flatten\u_fft128.\u_fft128.\core.\SU2.\TW.$procmux$1076.
    dead port 47/129 on $pmux $flatten\u_fft128.\u_fft128.\core.\SU2.\TW.$procmux$1076.
    dead port 49/129 on $pmux $flatten\u_fft128.\u_fft128.\core.\SU2.\TW.$procmux$1076.
    dead port 50/129 on $pmux $flatten\u_fft128.\u_fft128.\core.\SU2.\TW.$procmux$1076.
    dead port 51/129 on $pmux $flatten\u_fft128.\u_fft128.\core.\SU2.\TW.$procmux$1076.
    dead port 53/129 on $pmux $flatten\u_fft128.\u_fft128.\core.\SU2.\TW.$procmux$1076.
    dead port 54/129 on $pmux $flatten\u_fft128.\u_fft128.\core.\SU2.\TW.$procmux$1076.
    dead port 55/129 on $pmux $flatten\u_fft128.\u_fft128.\core.\SU2.\TW.$procmux$1076.
    dead port 57/129 on $pmux $flatten\u_fft128.\u_fft128.\core.\SU2.\TW.$procmux$1076.
    dead port 58/129 on $pmux $flatten\u_fft128.\u_fft128.\core.\SU2.\TW.$procmux$1076.
    dead port 59/129 on $pmux $flatten\u_fft128.\u_fft128.\core.\SU2.\TW.$procmux$1076.
    dead port 61/129 on $pmux $flatten\u_fft128.\u_fft128.\core.\SU2.\TW.$procmux$1076.
    dead port 62/129 on $pmux $flatten\u_fft128.\u_fft128.\core.\SU2.\TW.$procmux$1076.
    dead port 63/129 on $pmux $flatten\u_fft128.\u_fft128.\core.\SU2.\TW.$procmux$1076.
    dead port 65/129 on $pmux $flatten\u_fft128.\u_fft128.\core.\SU2.\TW.$procmux$1076.
    dead port 66/129 on $pmux $flatten\u_fft128.\u_fft128.\core.\SU2.\TW.$procmux$1076.
    dead port 67/129 on $pmux $flatten\u_fft128.\u_fft128.\core.\SU2.\TW.$procmux$1076.
    dead port 69/129 on $pmux $flatten\u_fft128.\u_fft128.\core.\SU2.\TW.$procmux$1076.
    dead port 70/129 on $pmux $flatten\u_fft128.\u_fft128.\core.\SU2.\TW.$procmux$1076.
    dead port 71/129 on $pmux $flatten\u_fft128.\u_fft128.\core.\SU2.\TW.$procmux$1076.
    dead port 73/129 on $pmux $flatten\u_fft128.\u_fft128.\core.\SU2.\TW.$procmux$1076.
    dead port 74/129 on $pmux $flatten\u_fft128.\u_fft128.\core.\SU2.\TW.$procmux$1076.
    dead port 75/129 on $pmux $flatten\u_fft128.\u_fft128.\core.\SU2.\TW.$procmux$1076.
    dead port 77/129 on $pmux $flatten\u_fft128.\u_fft128.\core.\SU2.\TW.$procmux$1076.
    dead port 78/129 on $pmux $flatten\u_fft128.\u_fft128.\core.\SU2.\TW.$procmux$1076.
    dead port 79/129 on $pmux $flatten\u_fft128.\u_fft128.\core.\SU2.\TW.$procmux$1076.
    dead port 81/129 on $pmux $flatten\u_fft128.\u_fft128.\core.\SU2.\TW.$procmux$1076.
    dead port 82/129 on $pmux $flatten\u_fft128.\u_fft128.\core.\SU2.\TW.$procmux$1076.
    dead port 83/129 on $pmux $flatten\u_fft128.\u_fft128.\core.\SU2.\TW.$procmux$1076.
    dead port 85/129 on $pmux $flatten\u_fft128.\u_fft128.\core.\SU2.\TW.$procmux$1076.
    dead port 86/129 on $pmux $flatten\u_fft128.\u_fft128.\core.\SU2.\TW.$procmux$1076.
    dead port 87/129 on $pmux $flatten\u_fft128.\u_fft128.\core.\SU2.\TW.$procmux$1076.
    dead port 89/129 on $pmux $flatten\u_fft128.\u_fft128.\core.\SU2.\TW.$procmux$1076.
    dead port 90/129 on $pmux $flatten\u_fft128.\u_fft128.\core.\SU2.\TW.$procmux$1076.
    dead port 91/129 on $pmux $flatten\u_fft128.\u_fft128.\core.\SU2.\TW.$procmux$1076.
    dead port 93/129 on $pmux $flatten\u_fft128.\u_fft128.\core.\SU2.\TW.$procmux$1076.
    dead port 94/129 on $pmux $flatten\u_fft128.\u_fft128.\core.\SU2.\TW.$procmux$1076.
    dead port 95/129 on $pmux $flatten\u_fft128.\u_fft128.\core.\SU2.\TW.$procmux$1076.
    dead port 97/129 on $pmux $flatten\u_fft128.\u_fft128.\core.\SU2.\TW.$procmux$1076.
    dead port 98/129 on $pmux $flatten\u_fft128.\u_fft128.\core.\SU2.\TW.$procmux$1076.
    dead port 99/129 on $pmux $flatten\u_fft128.\u_fft128.\core.\SU2.\TW.$procmux$1076.
    dead port 101/129 on $pmux $flatten\u_fft128.\u_fft128.\core.\SU2.\TW.$procmux$1076.
    dead port 102/129 on $pmux $flatten\u_fft128.\u_fft128.\core.\SU2.\TW.$procmux$1076.
    dead port 103/129 on $pmux $flatten\u_fft128.\u_fft128.\core.\SU2.\TW.$procmux$1076.
    dead port 105/129 on $pmux $flatten\u_fft128.\u_fft128.\core.\SU2.\TW.$procmux$1076.
    dead port 106/129 on $pmux $flatten\u_fft128.\u_fft128.\core.\SU2.\TW.$procmux$1076.
    dead port 107/129 on $pmux $flatten\u_fft128.\u_fft128.\core.\SU2.\TW.$procmux$1076.
    dead port 109/129 on $pmux $flatten\u_fft128.\u_fft128.\core.\SU2.\TW.$procmux$1076.
    dead port 110/129 on $pmux $flatten\u_fft128.\u_fft128.\core.\SU2.\TW.$procmux$1076.
    dead port 111/129 on $pmux $flatten\u_fft128.\u_fft128.\core.\SU2.\TW.$procmux$1076.
    dead port 113/129 on $pmux $flatten\u_fft128.\u_fft128.\core.\SU2.\TW.$procmux$1076.
    dead port 114/129 on $pmux $flatten\u_fft128.\u_fft128.\core.\SU2.\TW.$procmux$1076.
    dead port 115/129 on $pmux $flatten\u_fft128.\u_fft128.\core.\SU2.\TW.$procmux$1076.
    dead port 117/129 on $pmux $flatten\u_fft128.\u_fft128.\core.\SU2.\TW.$procmux$1076.
    dead port 118/129 on $pmux $flatten\u_fft128.\u_fft128.\core.\SU2.\TW.$procmux$1076.
    dead port 119/129 on $pmux $flatten\u_fft128.\u_fft128.\core.\SU2.\TW.$procmux$1076.
    dead port 121/129 on $pmux $flatten\u_fft128.\u_fft128.\core.\SU2.\TW.$procmux$1076.
    dead port 122/129 on $pmux $flatten\u_fft128.\u_fft128.\core.\SU2.\TW.$procmux$1076.
    dead port 123/129 on $pmux $flatten\u_fft128.\u_fft128.\core.\SU2.\TW.$procmux$1076.
    dead port 125/129 on $pmux $flatten\u_fft128.\u_fft128.\core.\SU2.\TW.$procmux$1076.
    dead port 126/129 on $pmux $flatten\u_fft128.\u_fft128.\core.\SU2.\TW.$procmux$1076.
    dead port 127/129 on $pmux $flatten\u_fft128.\u_fft128.\core.\SU2.\TW.$procmux$1076.
    dead port 1/129 on $pmux $flatten\u_fft128.\u_fft128.\core.\SU2.\TW.$procmux$947.
    dead port 2/129 on $pmux $flatten\u_fft128.\u_fft128.\core.\SU2.\TW.$procmux$947.
    dead port 3/129 on $pmux $flatten\u_fft128.\u_fft128.\core.\SU2.\TW.$procmux$947.
    dead port 5/129 on $pmux $flatten\u_fft128.\u_fft128.\core.\SU2.\TW.$procmux$947.
    dead port 6/129 on $pmux $flatten\u_fft128.\u_fft128.\core.\SU2.\TW.$procmux$947.
    dead port 7/129 on $pmux $flatten\u_fft128.\u_fft128.\core.\SU2.\TW.$procmux$947.
    dead port 9/129 on $pmux $flatten\u_fft128.\u_fft128.\core.\SU2.\TW.$procmux$947.
    dead port 10/129 on $pmux $flatten\u_fft128.\u_fft128.\core.\SU2.\TW.$procmux$947.
    dead port 11/129 on $pmux $flatten\u_fft128.\u_fft128.\core.\SU2.\TW.$procmux$947.
    dead port 13/129 on $pmux $flatten\u_fft128.\u_fft128.\core.\SU2.\TW.$procmux$947.
    dead port 14/129 on $pmux $flatten\u_fft128.\u_fft128.\core.\SU2.\TW.$procmux$947.
    dead port 15/129 on $pmux $flatten\u_fft128.\u_fft128.\core.\SU2.\TW.$procmux$947.
    dead port 17/129 on $pmux $flatten\u_fft128.\u_fft128.\core.\SU2.\TW.$procmux$947.
    dead port 18/129 on $pmux $flatten\u_fft128.\u_fft128.\core.\SU2.\TW.$procmux$947.
    dead port 19/129 on $pmux $flatten\u_fft128.\u_fft128.\core.\SU2.\TW.$procmux$947.
    dead port 21/129 on $pmux $flatten\u_fft128.\u_fft128.\core.\SU2.\TW.$procmux$947.
    dead port 22/129 on $pmux $flatten\u_fft128.\u_fft128.\core.\SU2.\TW.$procmux$947.
    dead port 23/129 on $pmux $flatten\u_fft128.\u_fft128.\core.\SU2.\TW.$procmux$947.
    dead port 25/129 on $pmux $flatten\u_fft128.\u_fft128.\core.\SU2.\TW.$procmux$947.
    dead port 26/129 on $pmux $flatten\u_fft128.\u_fft128.\core.\SU2.\TW.$procmux$947.
    dead port 27/129 on $pmux $flatten\u_fft128.\u_fft128.\core.\SU2.\TW.$procmux$947.
    dead port 29/129 on $pmux $flatten\u_fft128.\u_fft128.\core.\SU2.\TW.$procmux$947.
    dead port 30/129 on $pmux $flatten\u_fft128.\u_fft128.\core.\SU2.\TW.$procmux$947.
    dead port 31/129 on $pmux $flatten\u_fft128.\u_fft128.\core.\SU2.\TW.$procmux$947.
    dead port 33/129 on $pmux $flatten\u_fft128.\u_fft128.\core.\SU2.\TW.$procmux$947.
    dead port 34/129 on $pmux $flatten\u_fft128.\u_fft128.\core.\SU2.\TW.$procmux$947.
    dead port 35/129 on $pmux $flatten\u_fft128.\u_fft128.\core.\SU2.\TW.$procmux$947.
    dead port 37/129 on $pmux $flatten\u_fft128.\u_fft128.\core.\SU2.\TW.$procmux$947.
    dead port 38/129 on $pmux $flatten\u_fft128.\u_fft128.\core.\SU2.\TW.$procmux$947.
    dead port 39/129 on $pmux $flatten\u_fft128.\u_fft128.\core.\SU2.\TW.$procmux$947.
    dead port 41/129 on $pmux $flatten\u_fft128.\u_fft128.\core.\SU2.\TW.$procmux$947.
    dead port 42/129 on $pmux $flatten\u_fft128.\u_fft128.\core.\SU2.\TW.$procmux$947.
    dead port 43/129 on $pmux $flatten\u_fft128.\u_fft128.\core.\SU2.\TW.$procmux$947.
    dead port 45/129 on $pmux $flatten\u_fft128.\u_fft128.\core.\SU2.\TW.$procmux$947.
    dead port 46/129 on $pmux $flatten\u_fft128.\u_fft128.\core.\SU2.\TW.$procmux$947.
    dead port 47/129 on $pmux $flatten\u_fft128.\u_fft128.\core.\SU2.\TW.$procmux$947.
    dead port 49/129 on $pmux $flatten\u_fft128.\u_fft128.\core.\SU2.\TW.$procmux$947.
    dead port 50/129 on $pmux $flatten\u_fft128.\u_fft128.\core.\SU2.\TW.$procmux$947.
    dead port 51/129 on $pmux $flatten\u_fft128.\u_fft128.\core.\SU2.\TW.$procmux$947.
    dead port 53/129 on $pmux $flatten\u_fft128.\u_fft128.\core.\SU2.\TW.$procmux$947.
    dead port 54/129 on $pmux $flatten\u_fft128.\u_fft128.\core.\SU2.\TW.$procmux$947.
    dead port 55/129 on $pmux $flatten\u_fft128.\u_fft128.\core.\SU2.\TW.$procmux$947.
    dead port 57/129 on $pmux $flatten\u_fft128.\u_fft128.\core.\SU2.\TW.$procmux$947.
    dead port 58/129 on $pmux $flatten\u_fft128.\u_fft128.\core.\SU2.\TW.$procmux$947.
    dead port 59/129 on $pmux $flatten\u_fft128.\u_fft128.\core.\SU2.\TW.$procmux$947.
    dead port 61/129 on $pmux $flatten\u_fft128.\u_fft128.\core.\SU2.\TW.$procmux$947.
    dead port 62/129 on $pmux $flatten\u_fft128.\u_fft128.\core.\SU2.\TW.$procmux$947.
    dead port 63/129 on $pmux $flatten\u_fft128.\u_fft128.\core.\SU2.\TW.$procmux$947.
    dead port 65/129 on $pmux $flatten\u_fft128.\u_fft128.\core.\SU2.\TW.$procmux$947.
    dead port 66/129 on $pmux $flatten\u_fft128.\u_fft128.\core.\SU2.\TW.$procmux$947.
    dead port 67/129 on $pmux $flatten\u_fft128.\u_fft128.\core.\SU2.\TW.$procmux$947.
    dead port 69/129 on $pmux $flatten\u_fft128.\u_fft128.\core.\SU2.\TW.$procmux$947.
    dead port 70/129 on $pmux $flatten\u_fft128.\u_fft128.\core.\SU2.\TW.$procmux$947.
    dead port 71/129 on $pmux $flatten\u_fft128.\u_fft128.\core.\SU2.\TW.$procmux$947.
    dead port 73/129 on $pmux $flatten\u_fft128.\u_fft128.\core.\SU2.\TW.$procmux$947.
    dead port 74/129 on $pmux $flatten\u_fft128.\u_fft128.\core.\SU2.\TW.$procmux$947.
    dead port 75/129 on $pmux $flatten\u_fft128.\u_fft128.\core.\SU2.\TW.$procmux$947.
    dead port 77/129 on $pmux $flatten\u_fft128.\u_fft128.\core.\SU2.\TW.$procmux$947.
    dead port 78/129 on $pmux $flatten\u_fft128.\u_fft128.\core.\SU2.\TW.$procmux$947.
    dead port 79/129 on $pmux $flatten\u_fft128.\u_fft128.\core.\SU2.\TW.$procmux$947.
    dead port 81/129 on $pmux $flatten\u_fft128.\u_fft128.\core.\SU2.\TW.$procmux$947.
    dead port 82/129 on $pmux $flatten\u_fft128.\u_fft128.\core.\SU2.\TW.$procmux$947.
    dead port 83/129 on $pmux $flatten\u_fft128.\u_fft128.\core.\SU2.\TW.$procmux$947.
    dead port 85/129 on $pmux $flatten\u_fft128.\u_fft128.\core.\SU2.\TW.$procmux$947.
    dead port 86/129 on $pmux $flatten\u_fft128.\u_fft128.\core.\SU2.\TW.$procmux$947.
    dead port 87/129 on $pmux $flatten\u_fft128.\u_fft128.\core.\SU2.\TW.$procmux$947.
    dead port 89/129 on $pmux $flatten\u_fft128.\u_fft128.\core.\SU2.\TW.$procmux$947.
    dead port 90/129 on $pmux $flatten\u_fft128.\u_fft128.\core.\SU2.\TW.$procmux$947.
    dead port 91/129 on $pmux $flatten\u_fft128.\u_fft128.\core.\SU2.\TW.$procmux$947.
    dead port 93/129 on $pmux $flatten\u_fft128.\u_fft128.\core.\SU2.\TW.$procmux$947.
    dead port 94/129 on $pmux $flatten\u_fft128.\u_fft128.\core.\SU2.\TW.$procmux$947.
    dead port 95/129 on $pmux $flatten\u_fft128.\u_fft128.\core.\SU2.\TW.$procmux$947.
    dead port 97/129 on $pmux $flatten\u_fft128.\u_fft128.\core.\SU2.\TW.$procmux$947.
    dead port 98/129 on $pmux $flatten\u_fft128.\u_fft128.\core.\SU2.\TW.$procmux$947.
    dead port 99/129 on $pmux $flatten\u_fft128.\u_fft128.\core.\SU2.\TW.$procmux$947.
    dead port 101/129 on $pmux $flatten\u_fft128.\u_fft128.\core.\SU2.\TW.$procmux$947.
    dead port 102/129 on $pmux $flatten\u_fft128.\u_fft128.\core.\SU2.\TW.$procmux$947.
    dead port 103/129 on $pmux $flatten\u_fft128.\u_fft128.\core.\SU2.\TW.$procmux$947.
    dead port 105/129 on $pmux $flatten\u_fft128.\u_fft128.\core.\SU2.\TW.$procmux$947.
    dead port 106/129 on $pmux $flatten\u_fft128.\u_fft128.\core.\SU2.\TW.$procmux$947.
    dead port 107/129 on $pmux $flatten\u_fft128.\u_fft128.\core.\SU2.\TW.$procmux$947.
    dead port 109/129 on $pmux $flatten\u_fft128.\u_fft128.\core.\SU2.\TW.$procmux$947.
    dead port 110/129 on $pmux $flatten\u_fft128.\u_fft128.\core.\SU2.\TW.$procmux$947.
    dead port 111/129 on $pmux $flatten\u_fft128.\u_fft128.\core.\SU2.\TW.$procmux$947.
    dead port 113/129 on $pmux $flatten\u_fft128.\u_fft128.\core.\SU2.\TW.$procmux$947.
    dead port 114/129 on $pmux $flatten\u_fft128.\u_fft128.\core.\SU2.\TW.$procmux$947.
    dead port 115/129 on $pmux $flatten\u_fft128.\u_fft128.\core.\SU2.\TW.$procmux$947.
    dead port 117/129 on $pmux $flatten\u_fft128.\u_fft128.\core.\SU2.\TW.$procmux$947.
    dead port 118/129 on $pmux $flatten\u_fft128.\u_fft128.\core.\SU2.\TW.$procmux$947.
    dead port 119/129 on $pmux $flatten\u_fft128.\u_fft128.\core.\SU2.\TW.$procmux$947.
    dead port 121/129 on $pmux $flatten\u_fft128.\u_fft128.\core.\SU2.\TW.$procmux$947.
    dead port 122/129 on $pmux $flatten\u_fft128.\u_fft128.\core.\SU2.\TW.$procmux$947.
    dead port 123/129 on $pmux $flatten\u_fft128.\u_fft128.\core.\SU2.\TW.$procmux$947.
    dead port 125/129 on $pmux $flatten\u_fft128.\u_fft128.\core.\SU2.\TW.$procmux$947.
    dead port 126/129 on $pmux $flatten\u_fft128.\u_fft128.\core.\SU2.\TW.$procmux$947.
    dead port 127/129 on $pmux $flatten\u_fft128.\u_fft128.\core.\SU2.\TW.$procmux$947.
    dead port 1/65 on $pmux $flatten\u_fft64.\u_fft64.\core.\SU2.\TW.$procmux$1205.
    dead port 2/65 on $pmux $flatten\u_fft64.\u_fft64.\core.\SU2.\TW.$procmux$1205.
    dead port 3/65 on $pmux $flatten\u_fft64.\u_fft64.\core.\SU2.\TW.$procmux$1205.
    dead port 5/65 on $pmux $flatten\u_fft64.\u_fft64.\core.\SU2.\TW.$procmux$1205.
    dead port 6/65 on $pmux $flatten\u_fft64.\u_fft64.\core.\SU2.\TW.$procmux$1205.
    dead port 7/65 on $pmux $flatten\u_fft64.\u_fft64.\core.\SU2.\TW.$procmux$1205.
    dead port 9/65 on $pmux $flatten\u_fft64.\u_fft64.\core.\SU2.\TW.$procmux$1205.
    dead port 10/65 on $pmux $flatten\u_fft64.\u_fft64.\core.\SU2.\TW.$procmux$1205.
    dead port 11/65 on $pmux $flatten\u_fft64.\u_fft64.\core.\SU2.\TW.$procmux$1205.
    dead port 13/65 on $pmux $flatten\u_fft64.\u_fft64.\core.\SU2.\TW.$procmux$1205.
    dead port 14/65 on $pmux $flatten\u_fft64.\u_fft64.\core.\SU2.\TW.$procmux$1205.
    dead port 15/65 on $pmux $flatten\u_fft64.\u_fft64.\core.\SU2.\TW.$procmux$1205.
    dead port 17/65 on $pmux $flatten\u_fft64.\u_fft64.\core.\SU2.\TW.$procmux$1205.
    dead port 18/65 on $pmux $flatten\u_fft64.\u_fft64.\core.\SU2.\TW.$procmux$1205.
    dead port 19/65 on $pmux $flatten\u_fft64.\u_fft64.\core.\SU2.\TW.$procmux$1205.
    dead port 21/65 on $pmux $flatten\u_fft64.\u_fft64.\core.\SU2.\TW.$procmux$1205.
    dead port 22/65 on $pmux $flatten\u_fft64.\u_fft64.\core.\SU2.\TW.$procmux$1205.
    dead port 23/65 on $pmux $flatten\u_fft64.\u_fft64.\core.\SU2.\TW.$procmux$1205.
    dead port 25/65 on $pmux $flatten\u_fft64.\u_fft64.\core.\SU2.\TW.$procmux$1205.
    dead port 26/65 on $pmux $flatten\u_fft64.\u_fft64.\core.\SU2.\TW.$procmux$1205.
    dead port 27/65 on $pmux $flatten\u_fft64.\u_fft64.\core.\SU2.\TW.$procmux$1205.
    dead port 29/65 on $pmux $flatten\u_fft64.\u_fft64.\core.\SU2.\TW.$procmux$1205.
    dead port 30/65 on $pmux $flatten\u_fft64.\u_fft64.\core.\SU2.\TW.$procmux$1205.
    dead port 31/65 on $pmux $flatten\u_fft64.\u_fft64.\core.\SU2.\TW.$procmux$1205.
    dead port 33/65 on $pmux $flatten\u_fft64.\u_fft64.\core.\SU2.\TW.$procmux$1205.
    dead port 34/65 on $pmux $flatten\u_fft64.\u_fft64.\core.\SU2.\TW.$procmux$1205.
    dead port 35/65 on $pmux $flatten\u_fft64.\u_fft64.\core.\SU2.\TW.$procmux$1205.
    dead port 37/65 on $pmux $flatten\u_fft64.\u_fft64.\core.\SU2.\TW.$procmux$1205.
    dead port 38/65 on $pmux $flatten\u_fft64.\u_fft64.\core.\SU2.\TW.$procmux$1205.
    dead port 39/65 on $pmux $flatten\u_fft64.\u_fft64.\core.\SU2.\TW.$procmux$1205.
    dead port 41/65 on $pmux $flatten\u_fft64.\u_fft64.\core.\SU2.\TW.$procmux$1205.
    dead port 42/65 on $pmux $flatten\u_fft64.\u_fft64.\core.\SU2.\TW.$procmux$1205.
    dead port 43/65 on $pmux $flatten\u_fft64.\u_fft64.\core.\SU2.\TW.$procmux$1205.
    dead port 45/65 on $pmux $flatten\u_fft64.\u_fft64.\core.\SU2.\TW.$procmux$1205.
    dead port 46/65 on $pmux $flatten\u_fft64.\u_fft64.\core.\SU2.\TW.$procmux$1205.
    dead port 47/65 on $pmux $flatten\u_fft64.\u_fft64.\core.\SU2.\TW.$procmux$1205.
    dead port 49/65 on $pmux $flatten\u_fft64.\u_fft64.\core.\SU2.\TW.$procmux$1205.
    dead port 50/65 on $pmux $flatten\u_fft64.\u_fft64.\core.\SU2.\TW.$procmux$1205.
    dead port 51/65 on $pmux $flatten\u_fft64.\u_fft64.\core.\SU2.\TW.$procmux$1205.
    dead port 53/65 on $pmux $flatten\u_fft64.\u_fft64.\core.\SU2.\TW.$procmux$1205.
    dead port 54/65 on $pmux $flatten\u_fft64.\u_fft64.\core.\SU2.\TW.$procmux$1205.
    dead port 55/65 on $pmux $flatten\u_fft64.\u_fft64.\core.\SU2.\TW.$procmux$1205.
    dead port 57/65 on $pmux $flatten\u_fft64.\u_fft64.\core.\SU2.\TW.$procmux$1205.
    dead port 58/65 on $pmux $flatten\u_fft64.\u_fft64.\core.\SU2.\TW.$procmux$1205.
    dead port 59/65 on $pmux $flatten\u_fft64.\u_fft64.\core.\SU2.\TW.$procmux$1205.
    dead port 61/65 on $pmux $flatten\u_fft64.\u_fft64.\core.\SU2.\TW.$procmux$1205.
    dead port 62/65 on $pmux $flatten\u_fft64.\u_fft64.\core.\SU2.\TW.$procmux$1205.
    dead port 63/65 on $pmux $flatten\u_fft64.\u_fft64.\core.\SU2.\TW.$procmux$1205.
    dead port 1/65 on $pmux $flatten\u_fft64.\u_fft64.\core.\SU2.\TW.$procmux$1270.
    dead port 2/65 on $pmux $flatten\u_fft64.\u_fft64.\core.\SU2.\TW.$procmux$1270.
    dead port 3/65 on $pmux $flatten\u_fft64.\u_fft64.\core.\SU2.\TW.$procmux$1270.
    dead port 5/65 on $pmux $flatten\u_fft64.\u_fft64.\core.\SU2.\TW.$procmux$1270.
    dead port 6/65 on $pmux $flatten\u_fft64.\u_fft64.\core.\SU2.\TW.$procmux$1270.
    dead port 7/65 on $pmux $flatten\u_fft64.\u_fft64.\core.\SU2.\TW.$procmux$1270.
    dead port 9/65 on $pmux $flatten\u_fft64.\u_fft64.\core.\SU2.\TW.$procmux$1270.
    dead port 10/65 on $pmux $flatten\u_fft64.\u_fft64.\core.\SU2.\TW.$procmux$1270.
    dead port 11/65 on $pmux $flatten\u_fft64.\u_fft64.\core.\SU2.\TW.$procmux$1270.
    dead port 13/65 on $pmux $flatten\u_fft64.\u_fft64.\core.\SU2.\TW.$procmux$1270.
    dead port 14/65 on $pmux $flatten\u_fft64.\u_fft64.\core.\SU2.\TW.$procmux$1270.
    dead port 15/65 on $pmux $flatten\u_fft64.\u_fft64.\core.\SU2.\TW.$procmux$1270.
    dead port 17/65 on $pmux $flatten\u_fft64.\u_fft64.\core.\SU2.\TW.$procmux$1270.
    dead port 18/65 on $pmux $flatten\u_fft64.\u_fft64.\core.\SU2.\TW.$procmux$1270.
    dead port 19/65 on $pmux $flatten\u_fft64.\u_fft64.\core.\SU2.\TW.$procmux$1270.
    dead port 21/65 on $pmux $flatten\u_fft64.\u_fft64.\core.\SU2.\TW.$procmux$1270.
    dead port 22/65 on $pmux $flatten\u_fft64.\u_fft64.\core.\SU2.\TW.$procmux$1270.
    dead port 23/65 on $pmux $flatten\u_fft64.\u_fft64.\core.\SU2.\TW.$procmux$1270.
    dead port 25/65 on $pmux $flatten\u_fft64.\u_fft64.\core.\SU2.\TW.$procmux$1270.
    dead port 26/65 on $pmux $flatten\u_fft64.\u_fft64.\core.\SU2.\TW.$procmux$1270.
    dead port 27/65 on $pmux $flatten\u_fft64.\u_fft64.\core.\SU2.\TW.$procmux$1270.
    dead port 29/65 on $pmux $flatten\u_fft64.\u_fft64.\core.\SU2.\TW.$procmux$1270.
    dead port 30/65 on $pmux $flatten\u_fft64.\u_fft64.\core.\SU2.\TW.$procmux$1270.
    dead port 31/65 on $pmux $flatten\u_fft64.\u_fft64.\core.\SU2.\TW.$procmux$1270.
    dead port 33/65 on $pmux $flatten\u_fft64.\u_fft64.\core.\SU2.\TW.$procmux$1270.
    dead port 34/65 on $pmux $flatten\u_fft64.\u_fft64.\core.\SU2.\TW.$procmux$1270.
    dead port 35/65 on $pmux $flatten\u_fft64.\u_fft64.\core.\SU2.\TW.$procmux$1270.
    dead port 37/65 on $pmux $flatten\u_fft64.\u_fft64.\core.\SU2.\TW.$procmux$1270.
    dead port 38/65 on $pmux $flatten\u_fft64.\u_fft64.\core.\SU2.\TW.$procmux$1270.
    dead port 39/65 on $pmux $flatten\u_fft64.\u_fft64.\core.\SU2.\TW.$procmux$1270.
    dead port 41/65 on $pmux $flatten\u_fft64.\u_fft64.\core.\SU2.\TW.$procmux$1270.
    dead port 42/65 on $pmux $flatten\u_fft64.\u_fft64.\core.\SU2.\TW.$procmux$1270.
    dead port 43/65 on $pmux $flatten\u_fft64.\u_fft64.\core.\SU2.\TW.$procmux$1270.
    dead port 45/65 on $pmux $flatten\u_fft64.\u_fft64.\core.\SU2.\TW.$procmux$1270.
    dead port 46/65 on $pmux $flatten\u_fft64.\u_fft64.\core.\SU2.\TW.$procmux$1270.
    dead port 47/65 on $pmux $flatten\u_fft64.\u_fft64.\core.\SU2.\TW.$procmux$1270.
    dead port 49/65 on $pmux $flatten\u_fft64.\u_fft64.\core.\SU2.\TW.$procmux$1270.
    dead port 50/65 on $pmux $flatten\u_fft64.\u_fft64.\core.\SU2.\TW.$procmux$1270.
    dead port 51/65 on $pmux $flatten\u_fft64.\u_fft64.\core.\SU2.\TW.$procmux$1270.
    dead port 53/65 on $pmux $flatten\u_fft64.\u_fft64.\core.\SU2.\TW.$procmux$1270.
    dead port 54/65 on $pmux $flatten\u_fft64.\u_fft64.\core.\SU2.\TW.$procmux$1270.
    dead port 55/65 on $pmux $flatten\u_fft64.\u_fft64.\core.\SU2.\TW.$procmux$1270.
    dead port 57/65 on $pmux $flatten\u_fft64.\u_fft64.\core.\SU2.\TW.$procmux$1270.
    dead port 58/65 on $pmux $flatten\u_fft64.\u_fft64.\core.\SU2.\TW.$procmux$1270.
    dead port 59/65 on $pmux $flatten\u_fft64.\u_fft64.\core.\SU2.\TW.$procmux$1270.
    dead port 61/65 on $pmux $flatten\u_fft64.\u_fft64.\core.\SU2.\TW.$procmux$1270.
    dead port 62/65 on $pmux $flatten\u_fft64.\u_fft64.\core.\SU2.\TW.$procmux$1270.
    dead port 63/65 on $pmux $flatten\u_fft64.\u_fft64.\core.\SU2.\TW.$procmux$1270.
    dead port 1/129 on $pmux $flatten\u_fft128.\u_fft128.\core.\SU3.\TW.$procmux$947.
    dead port 2/129 on $pmux $flatten\u_fft128.\u_fft128.\core.\SU3.\TW.$procmux$947.
    dead port 3/129 on $pmux $flatten\u_fft128.\u_fft128.\core.\SU3.\TW.$procmux$947.
    dead port 4/129 on $pmux $flatten\u_fft128.\u_fft128.\core.\SU3.\TW.$procmux$947.
    dead port 5/129 on $pmux $flatten\u_fft128.\u_fft128.\core.\SU3.\TW.$procmux$947.
    dead port 6/129 on $pmux $flatten\u_fft128.\u_fft128.\core.\SU3.\TW.$procmux$947.
    dead port 7/129 on $pmux $flatten\u_fft128.\u_fft128.\core.\SU3.\TW.$procmux$947.
    dead port 8/129 on $pmux $flatten\u_fft128.\u_fft128.\core.\SU3.\TW.$procmux$947.
    dead port 9/129 on $pmux $flatten\u_fft128.\u_fft128.\core.\SU3.\TW.$procmux$947.
    dead port 10/129 on $pmux $flatten\u_fft128.\u_fft128.\core.\SU3.\TW.$procmux$947.
    dead port 11/129 on $pmux $flatten\u_fft128.\u_fft128.\core.\SU3.\TW.$procmux$947.
    dead port 12/129 on $pmux $flatten\u_fft128.\u_fft128.\core.\SU3.\TW.$procmux$947.
    dead port 13/129 on $pmux $flatten\u_fft128.\u_fft128.\core.\SU3.\TW.$procmux$947.
    dead port 14/129 on $pmux $flatten\u_fft128.\u_fft128.\core.\SU3.\TW.$procmux$947.
    dead port 15/129 on $pmux $flatten\u_fft128.\u_fft128.\core.\SU3.\TW.$procmux$947.
    dead port 17/129 on $pmux $flatten\u_fft128.\u_fft128.\core.\SU3.\TW.$procmux$947.
    dead port 18/129 on $pmux $flatten\u_fft128.\u_fft128.\core.\SU3.\TW.$procmux$947.
    dead port 19/129 on $pmux $flatten\u_fft128.\u_fft128.\core.\SU3.\TW.$procmux$947.
    dead port 20/129 on $pmux $flatten\u_fft128.\u_fft128.\core.\SU3.\TW.$procmux$947.
    dead port 21/129 on $pmux $flatten\u_fft128.\u_fft128.\core.\SU3.\TW.$procmux$947.
    dead port 22/129 on $pmux $flatten\u_fft128.\u_fft128.\core.\SU3.\TW.$procmux$947.
    dead port 23/129 on $pmux $flatten\u_fft128.\u_fft128.\core.\SU3.\TW.$procmux$947.
    dead port 24/129 on $pmux $flatten\u_fft128.\u_fft128.\core.\SU3.\TW.$procmux$947.
    dead port 25/129 on $pmux $flatten\u_fft128.\u_fft128.\core.\SU3.\TW.$procmux$947.
    dead port 26/129 on $pmux $flatten\u_fft128.\u_fft128.\core.\SU3.\TW.$procmux$947.
    dead port 27/129 on $pmux $flatten\u_fft128.\u_fft128.\core.\SU3.\TW.$procmux$947.
    dead port 28/129 on $pmux $flatten\u_fft128.\u_fft128.\core.\SU3.\TW.$procmux$947.
    dead port 29/129 on $pmux $flatten\u_fft128.\u_fft128.\core.\SU3.\TW.$procmux$947.
    dead port 30/129 on $pmux $flatten\u_fft128.\u_fft128.\core.\SU3.\TW.$procmux$947.
    dead port 31/129 on $pmux $flatten\u_fft128.\u_fft128.\core.\SU3.\TW.$procmux$947.
    dead port 33/129 on $pmux $flatten\u_fft128.\u_fft128.\core.\SU3.\TW.$procmux$947.
    dead port 34/129 on $pmux $flatten\u_fft128.\u_fft128.\core.\SU3.\TW.$procmux$947.
    dead port 35/129 on $pmux $flatten\u_fft128.\u_fft128.\core.\SU3.\TW.$procmux$947.
    dead port 36/129 on $pmux $flatten\u_fft128.\u_fft128.\core.\SU3.\TW.$procmux$947.
    dead port 37/129 on $pmux $flatten\u_fft128.\u_fft128.\core.\SU3.\TW.$procmux$947.
    dead port 38/129 on $pmux $flatten\u_fft128.\u_fft128.\core.\SU3.\TW.$procmux$947.
    dead port 39/129 on $pmux $flatten\u_fft128.\u_fft128.\core.\SU3.\TW.$procmux$947.
    dead port 40/129 on $pmux $flatten\u_fft128.\u_fft128.\core.\SU3.\TW.$procmux$947.
    dead port 41/129 on $pmux $flatten\u_fft128.\u_fft128.\core.\SU3.\TW.$procmux$947.
    dead port 42/129 on $pmux $flatten\u_fft128.\u_fft128.\core.\SU3.\TW.$procmux$947.
    dead port 43/129 on $pmux $flatten\u_fft128.\u_fft128.\core.\SU3.\TW.$procmux$947.
    dead port 44/129 on $pmux $flatten\u_fft128.\u_fft128.\core.\SU3.\TW.$procmux$947.
    dead port 45/129 on $pmux $flatten\u_fft128.\u_fft128.\core.\SU3.\TW.$procmux$947.
    dead port 46/129 on $pmux $flatten\u_fft128.\u_fft128.\core.\SU3.\TW.$procmux$947.
    dead port 47/129 on $pmux $flatten\u_fft128.\u_fft128.\core.\SU3.\TW.$procmux$947.
    dead port 49/129 on $pmux $flatten\u_fft128.\u_fft128.\core.\SU3.\TW.$procmux$947.
    dead port 50/129 on $pmux $flatten\u_fft128.\u_fft128.\core.\SU3.\TW.$procmux$947.
    dead port 51/129 on $pmux $flatten\u_fft128.\u_fft128.\core.\SU3.\TW.$procmux$947.
    dead port 52/129 on $pmux $flatten\u_fft128.\u_fft128.\core.\SU3.\TW.$procmux$947.
    dead port 53/129 on $pmux $flatten\u_fft128.\u_fft128.\core.\SU3.\TW.$procmux$947.
    dead port 54/129 on $pmux $flatten\u_fft128.\u_fft128.\core.\SU3.\TW.$procmux$947.
    dead port 55/129 on $pmux $flatten\u_fft128.\u_fft128.\core.\SU3.\TW.$procmux$947.
    dead port 56/129 on $pmux $flatten\u_fft128.\u_fft128.\core.\SU3.\TW.$procmux$947.
    dead port 57/129 on $pmux $flatten\u_fft128.\u_fft128.\core.\SU3.\TW.$procmux$947.
    dead port 58/129 on $pmux $flatten\u_fft128.\u_fft128.\core.\SU3.\TW.$procmux$947.
    dead port 59/129 on $pmux $flatten\u_fft128.\u_fft128.\core.\SU3.\TW.$procmux$947.
    dead port 60/129 on $pmux $flatten\u_fft128.\u_fft128.\core.\SU3.\TW.$procmux$947.
    dead port 61/129 on $pmux $flatten\u_fft128.\u_fft128.\core.\SU3.\TW.$procmux$947.
    dead port 62/129 on $pmux $flatten\u_fft128.\u_fft128.\core.\SU3.\TW.$procmux$947.
    dead port 63/129 on $pmux $flatten\u_fft128.\u_fft128.\core.\SU3.\TW.$procmux$947.
    dead port 65/129 on $pmux $flatten\u_fft128.\u_fft128.\core.\SU3.\TW.$procmux$947.
    dead port 66/129 on $pmux $flatten\u_fft128.\u_fft128.\core.\SU3.\TW.$procmux$947.
    dead port 67/129 on $pmux $flatten\u_fft128.\u_fft128.\core.\SU3.\TW.$procmux$947.
    dead port 68/129 on $pmux $flatten\u_fft128.\u_fft128.\core.\SU3.\TW.$procmux$947.
    dead port 69/129 on $pmux $flatten\u_fft128.\u_fft128.\core.\SU3.\TW.$procmux$947.
    dead port 70/129 on $pmux $flatten\u_fft128.\u_fft128.\core.\SU3.\TW.$procmux$947.
    dead port 71/129 on $pmux $flatten\u_fft128.\u_fft128.\core.\SU3.\TW.$procmux$947.
    dead port 72/129 on $pmux $flatten\u_fft128.\u_fft128.\core.\SU3.\TW.$procmux$947.
    dead port 73/129 on $pmux $flatten\u_fft128.\u_fft128.\core.\SU3.\TW.$procmux$947.
    dead port 74/129 on $pmux $flatten\u_fft128.\u_fft128.\core.\SU3.\TW.$procmux$947.
    dead port 75/129 on $pmux $flatten\u_fft128.\u_fft128.\core.\SU3.\TW.$procmux$947.
    dead port 76/129 on $pmux $flatten\u_fft128.\u_fft128.\core.\SU3.\TW.$procmux$947.
    dead port 77/129 on $pmux $flatten\u_fft128.\u_fft128.\core.\SU3.\TW.$procmux$947.
    dead port 78/129 on $pmux $flatten\u_fft128.\u_fft128.\core.\SU3.\TW.$procmux$947.
    dead port 79/129 on $pmux $flatten\u_fft128.\u_fft128.\core.\SU3.\TW.$procmux$947.
    dead port 81/129 on $pmux $flatten\u_fft128.\u_fft128.\core.\SU3.\TW.$procmux$947.
    dead port 82/129 on $pmux $flatten\u_fft128.\u_fft128.\core.\SU3.\TW.$procmux$947.
    dead port 83/129 on $pmux $flatten\u_fft128.\u_fft128.\core.\SU3.\TW.$procmux$947.
    dead port 84/129 on $pmux $flatten\u_fft128.\u_fft128.\core.\SU3.\TW.$procmux$947.
    dead port 85/129 on $pmux $flatten\u_fft128.\u_fft128.\core.\SU3.\TW.$procmux$947.
    dead port 86/129 on $pmux $flatten\u_fft128.\u_fft128.\core.\SU3.\TW.$procmux$947.
    dead port 87/129 on $pmux $flatten\u_fft128.\u_fft128.\core.\SU3.\TW.$procmux$947.
    dead port 88/129 on $pmux $flatten\u_fft128.\u_fft128.\core.\SU3.\TW.$procmux$947.
    dead port 89/129 on $pmux $flatten\u_fft128.\u_fft128.\core.\SU3.\TW.$procmux$947.
    dead port 90/129 on $pmux $flatten\u_fft128.\u_fft128.\core.\SU3.\TW.$procmux$947.
    dead port 91/129 on $pmux $flatten\u_fft128.\u_fft128.\core.\SU3.\TW.$procmux$947.
    dead port 92/129 on $pmux $flatten\u_fft128.\u_fft128.\core.\SU3.\TW.$procmux$947.
    dead port 93/129 on $pmux $flatten\u_fft128.\u_fft128.\core.\SU3.\TW.$procmux$947.
    dead port 94/129 on $pmux $flatten\u_fft128.\u_fft128.\core.\SU3.\TW.$procmux$947.
    dead port 95/129 on $pmux $flatten\u_fft128.\u_fft128.\core.\SU3.\TW.$procmux$947.
    dead port 97/129 on $pmux $flatten\u_fft128.\u_fft128.\core.\SU3.\TW.$procmux$947.
    dead port 98/129 on $pmux $flatten\u_fft128.\u_fft128.\core.\SU3.\TW.$procmux$947.
    dead port 99/129 on $pmux $flatten\u_fft128.\u_fft128.\core.\SU3.\TW.$procmux$947.
    dead port 100/129 on $pmux $flatten\u_fft128.\u_fft128.\core.\SU3.\TW.$procmux$947.
    dead port 101/129 on $pmux $flatten\u_fft128.\u_fft128.\core.\SU3.\TW.$procmux$947.
    dead port 102/129 on $pmux $flatten\u_fft128.\u_fft128.\core.\SU3.\TW.$procmux$947.
    dead port 103/129 on $pmux $flatten\u_fft128.\u_fft128.\core.\SU3.\TW.$procmux$947.
    dead port 104/129 on $pmux $flatten\u_fft128.\u_fft128.\core.\SU3.\TW.$procmux$947.
    dead port 105/129 on $pmux $flatten\u_fft128.\u_fft128.\core.\SU3.\TW.$procmux$947.
    dead port 106/129 on $pmux $flatten\u_fft128.\u_fft128.\core.\SU3.\TW.$procmux$947.
    dead port 107/129 on $pmux $flatten\u_fft128.\u_fft128.\core.\SU3.\TW.$procmux$947.
    dead port 108/129 on $pmux $flatten\u_fft128.\u_fft128.\core.\SU3.\TW.$procmux$947.
    dead port 109/129 on $pmux $flatten\u_fft128.\u_fft128.\core.\SU3.\TW.$procmux$947.
    dead port 110/129 on $pmux $flatten\u_fft128.\u_fft128.\core.\SU3.\TW.$procmux$947.
    dead port 111/129 on $pmux $flatten\u_fft128.\u_fft128.\core.\SU3.\TW.$procmux$947.
    dead port 113/129 on $pmux $flatten\u_fft128.\u_fft128.\core.\SU3.\TW.$procmux$947.
    dead port 114/129 on $pmux $flatten\u_fft128.\u_fft128.\core.\SU3.\TW.$procmux$947.
    dead port 115/129 on $pmux $flatten\u_fft128.\u_fft128.\core.\SU3.\TW.$procmux$947.
    dead port 116/129 on $pmux $flatten\u_fft128.\u_fft128.\core.\SU3.\TW.$procmux$947.
    dead port 117/129 on $pmux $flatten\u_fft128.\u_fft128.\core.\SU3.\TW.$procmux$947.
    dead port 118/129 on $pmux $flatten\u_fft128.\u_fft128.\core.\SU3.\TW.$procmux$947.
    dead port 119/129 on $pmux $flatten\u_fft128.\u_fft128.\core.\SU3.\TW.$procmux$947.
    dead port 120/129 on $pmux $flatten\u_fft128.\u_fft128.\core.\SU3.\TW.$procmux$947.
    dead port 121/129 on $pmux $flatten\u_fft128.\u_fft128.\core.\SU3.\TW.$procmux$947.
    dead port 122/129 on $pmux $flatten\u_fft128.\u_fft128.\core.\SU3.\TW.$procmux$947.
    dead port 123/129 on $pmux $flatten\u_fft128.\u_fft128.\core.\SU3.\TW.$procmux$947.
    dead port 124/129 on $pmux $flatten\u_fft128.\u_fft128.\core.\SU3.\TW.$procmux$947.
    dead port 125/129 on $pmux $flatten\u_fft128.\u_fft128.\core.\SU3.\TW.$procmux$947.
    dead port 126/129 on $pmux $flatten\u_fft128.\u_fft128.\core.\SU3.\TW.$procmux$947.
    dead port 127/129 on $pmux $flatten\u_fft128.\u_fft128.\core.\SU3.\TW.$procmux$947.
Removed 528 multiplexer ports.
<suppressed ~360 debug messages>

18.8.4. Executing OPT_REDUCE pass (consolidate $*mux and $reduce_* inputs).
  Optimizing cells in module \peweaver_ppa_dual_fft_icg.
    New ctrl vector for $pmux cell $flatten\u_fft128.\u_fft128.\core.\SU3.\TW.$procmux$1076: { $flatten\u_fft128.\u_fft128.\core.\SU3.\TW.$procmux$1027_CMP $auto$opt_reduce.cc:137:opt_pmux$1851 $flatten\u_fft128.\u_fft128.\core.\SU3.\TW.$procmux$1059_CMP }
    New ctrl vector for $pmux cell $flatten\u_fft128.\u_fft128.\core.\SU1.\TW.$procmux$1076: { $flatten\u_fft128.\u_fft128.\core.\SU1.\TW.$procmux$1111_CMP $auto$opt_reduce.cc:137:opt_pmux$1863 $flatten\u_fft128.\u_fft128.\core.\SU1.\TW.$procmux$1117_CMP $auto$opt_reduce.cc:137:opt_pmux$1861 $flatten\u_fft128.\u_fft128.\core.\SU1.\TW.$procmux$1123_CMP $auto$opt_reduce.cc:137:opt_pmux$1859 $flatten\u_fft128.\u_fft128.\core.\SU1.\TW.$procmux$1129_CMP $auto$opt_reduce.cc:137:opt_pmux$1857 $flatten\u_fft128.\u_fft128.\core.\SU1.\TW.$procmux$1135_CMP $auto$opt_reduce.cc:137:opt_pmux$1855 $flatten\u_fft128.\u_fft128.\core.\SU1.\TW.$procmux$1141_CMP $flatten\u_fft128.\u_fft128.\core.\SU1.\TW.$procmux$1144_CMP $flatten\u_fft128.\u_fft128.\core.\SU1.\TW.$procmux$1146_CMP $flatten\u_fft128.\u_fft128.\core.\SU1.\TW.$procmux$1147_CMP $flatten\u_fft128.\u_fft128.\core.\SU1.\TW.$procmux$1150_CMP $flatten\u_fft128.\u_fft128.\core.\SU1.\TW.$procmux$1152_CMP $flatten\u_fft128.\u_fft128.\core.\SU1.\TW.$procmux$1153_CMP $flatten\u_fft128.\u_fft128.\core.\SU1.\TW.$procmux$1156_CMP $flatten\u_fft128.\u_fft128.\core.\SU1.\TW.$procmux$1158_CMP $flatten\u_fft128.\u_fft128.\core.\SU1.\TW.$procmux$1159_CMP $flatten\u_fft128.\u_fft128.\core.\SU1.\TW.$procmux$1162_CMP $flatten\u_fft128.\u_fft128.\core.\SU1.\TW.$procmux$1164_CMP $flatten\u_fft128.\u_fft128.\core.\SU1.\TW.$procmux$1165_CMP $flatten\u_fft128.\u_fft128.\core.\SU1.\TW.$procmux$1168_CMP $flatten\u_fft128.\u_fft128.\core.\SU1.\TW.$procmux$1170_CMP $flatten\u_fft128.\u_fft128.\core.\SU1.\TW.$procmux$1171_CMP $auto$opt_reduce.cc:137:opt_pmux$1853 $flatten\u_fft128.\u_fft128.\core.\SU1.\TW.$procmux$1173_CMP $flatten\u_fft128.\u_fft128.\core.\SU1.\TW.$procmux$1174_CMP $flatten\u_fft128.\u_fft128.\core.\SU1.\TW.$procmux$1175_CMP $flatten\u_fft128.\u_fft128.\core.\SU1.\TW.$procmux$1176_CMP $flatten\u_fft128.\u_fft128.\core.\SU1.\TW.$procmux$1177_CMP $flatten\u_fft128.\u_fft128.\core.\SU1.\TW.$procmux$1178_CMP $flatten\u_fft128.\u_fft128.\core.\SU1.\TW.$procmux$1179_CMP $flatten\u_fft128.\u_fft128.\core.\SU1.\TW.$procmux$1180_CMP $flatten\u_fft128.\u_fft128.\core.\SU1.\TW.$procmux$1181_CMP $flatten\u_fft128.\u_fft128.\core.\SU1.\TW.$procmux$1182_CMP $flatten\u_fft128.\u_fft128.\core.\SU1.\TW.$procmux$1183_CMP $flatten\u_fft128.\u_fft128.\core.\SU1.\TW.$procmux$1184_CMP $flatten\u_fft128.\u_fft128.\core.\SU1.\TW.$procmux$1185_CMP $flatten\u_fft128.\u_fft128.\core.\SU1.\TW.$procmux$1186_CMP $flatten\u_fft128.\u_fft128.\core.\SU1.\TW.$procmux$1187_CMP $flatten\u_fft128.\u_fft128.\core.\SU1.\TW.$procmux$1188_CMP $flatten\u_fft128.\u_fft128.\core.\SU1.\TW.$procmux$1189_CMP $flatten\u_fft128.\u_fft128.\core.\SU1.\TW.$procmux$1190_CMP $flatten\u_fft128.\u_fft128.\core.\SU1.\TW.$procmux$1191_CMP $flatten\u_fft128.\u_fft128.\core.\SU1.\TW.$procmux$1192_CMP $flatten\u_fft128.\u_fft128.\core.\SU1.\TW.$procmux$1193_CMP $flatten\u_fft128.\u_fft128.\core.\SU1.\TW.$procmux$1194_CMP $flatten\u_fft128.\u_fft128.\core.\SU1.\TW.$procmux$1066_CMP $flatten\u_fft128.\u_fft128.\core.\SU1.\TW.$procmux$1067_CMP $flatten\u_fft128.\u_fft128.\core.\SU1.\TW.$procmux$1068_CMP $flatten\u_fft128.\u_fft128.\core.\SU1.\TW.$procmux$1069_CMP $flatten\u_fft128.\u_fft128.\core.\SU1.\TW.$procmux$1070_CMP $flatten\u_fft128.\u_fft128.\core.\SU1.\TW.$procmux$1071_CMP $flatten\u_fft128.\u_fft128.\core.\SU1.\TW.$procmux$1072_CMP $flatten\u_fft128.\u_fft128.\core.\SU1.\TW.$procmux$1073_CMP $flatten\u_fft128.\u_fft128.\core.\SU1.\TW.$procmux$1074_CMP }
    New ctrl vector for $pmux cell $flatten\u_fft64.\u_fft64.\core.\SU1.\TW.$procmux$1205: { $flatten\u_fft64.\u_fft64.\core.\SU1.\TW.$procmux$1224_CMP $flatten\u_fft64.\u_fft64.\core.\SU1.\TW.$procmux$1227_CMP $flatten\u_fft64.\u_fft64.\core.\SU1.\TW.$procmux$1230_CMP $flatten\u_fft64.\u_fft64.\core.\SU1.\TW.$procmux$1233_CMP $flatten\u_fft64.\u_fft64.\core.\SU1.\TW.$procmux$1236_CMP $auto$opt_reduce.cc:137:opt_pmux$1881 $auto$opt_reduce.cc:137:opt_pmux$1879 $auto$opt_reduce.cc:137:opt_pmux$1877 $auto$opt_reduce.cc:137:opt_pmux$1875 $auto$opt_reduce.cc:137:opt_pmux$1873 $auto$opt_reduce.cc:137:opt_pmux$1871 $auto$opt_reduce.cc:137:opt_pmux$1869 $auto$opt_reduce.cc:137:opt_pmux$1867 $auto$opt_reduce.cc:137:opt_pmux$1865 $flatten\u_fft64.\u_fft64.\core.\SU1.\TW.$procmux$1253_CMP $flatten\u_fft64.\u_fft64.\core.\SU1.\TW.$procmux$1254_CMP $flatten\u_fft64.\u_fft64.\core.\SU1.\TW.$procmux$1256_CMP $flatten\u_fft64.\u_fft64.\core.\SU1.\TW.$procmux$1260_CMP $flatten\u_fft64.\u_fft64.\core.\SU1.\TW.$procmux$1262_CMP $flatten\u_fft64.\u_fft64.\core.\SU1.\TW.$procmux$1266_CMP $flatten\u_fft64.\u_fft64.\core.\SU1.\TW.$procmux$1268_CMP $flatten\u_fft64.\u_fft64.\core.\SU1.\TW.$procmux$1269_CMP }
    New ctrl vector for $pmux cell $flatten\u_fft64.\u_fft64.\core.\SU1.\TW.$procmux$1270: { $flatten\u_fft64.\u_fft64.\core.\SU1.\TW.$procmux$1224_CMP $auto$opt_reduce.cc:137:opt_pmux$1887 $flatten\u_fft64.\u_fft64.\core.\SU1.\TW.$procmux$1230_CMP $auto$opt_reduce.cc:137:opt_pmux$1885 $flatten\u_fft64.\u_fft64.\core.\SU1.\TW.$procmux$1236_CMP $flatten\u_fft64.\u_fft64.\core.\SU1.\TW.$procmux$1239_CMP $flatten\u_fft64.\u_fft64.\core.\SU1.\TW.$procmux$1242_CMP $flatten\u_fft64.\u_fft64.\core.\SU1.\TW.$procmux$1243_CMP $flatten\u_fft64.\u_fft64.\core.\SU1.\TW.$procmux$1245_CMP $flatten\u_fft64.\u_fft64.\core.\SU1.\TW.$procmux$1248_CMP $flatten\u_fft64.\u_fft64.\core.\SU1.\TW.$procmux$1249_CMP $flatten\u_fft64.\u_fft64.\core.\SU1.\TW.$procmux$1251_CMP $auto$opt_reduce.cc:137:opt_pmux$1883 $flatten\u_fft64.\u_fft64.\core.\SU1.\TW.$procmux$1254_CMP $flatten\u_fft64.\u_fft64.\core.\SU1.\TW.$procmux$1255_CMP $flatten\u_fft64.\u_fft64.\core.\SU1.\TW.$procmux$1256_CMP $flatten\u_fft64.\u_fft64.\core.\SU1.\TW.$procmux$1257_CMP $flatten\u_fft64.\u_fft64.\core.\SU1.\TW.$procmux$1258_CMP $flatten\u_fft64.\u_fft64.\core.\SU1.\TW.$procmux$1259_CMP $flatten\u_fft64.\u_fft64.\core.\SU1.\TW.$procmux$1260_CMP $flatten\u_fft64.\u_fft64.\core.\SU1.\TW.$procmux$1261_CMP $flatten\u_fft64.\u_fft64.\core.\SU1.\TW.$procmux$1262_CMP $flatten\u_fft64.\u_fft64.\core.\SU1.\TW.$procmux$1263_CMP $flatten\u_fft64.\u_fft64.\core.\SU1.\TW.$procmux$1264_CMP $flatten\u_fft64.\u_fft64.\core.\SU1.\TW.$procmux$1265_CMP $flatten\u_fft64.\u_fft64.\core.\SU1.\TW.$procmux$1266_CMP $flatten\u_fft64.\u_fft64.\core.\SU1.\TW.$procmux$1267_CMP $flatten\u_fft64.\u_fft64.\core.\SU1.\TW.$procmux$1268_CMP }
    New ctrl vector for $pmux cell $flatten\u_fft128.\u_fft128.\core.\SU2.\TW.$procmux$1076: { $auto$opt_reduce.cc:137:opt_pmux$1893 $auto$opt_reduce.cc:137:opt_pmux$1891 $flatten\u_fft128.\u_fft128.\core.\SU2.\TW.$procmux$1144_CMP $flatten\u_fft128.\u_fft128.\core.\SU2.\TW.$procmux$1023_CMP $flatten\u_fft128.\u_fft128.\core.\SU2.\TW.$procmux$1027_CMP $flatten\u_fft128.\u_fft128.\core.\SU2.\TW.$procmux$1035_CMP $flatten\u_fft128.\u_fft128.\core.\SU2.\TW.$procmux$1039_CMP $auto$opt_reduce.cc:137:opt_pmux$1889 $flatten\u_fft128.\u_fft128.\core.\SU2.\TW.$procmux$1047_CMP $flatten\u_fft128.\u_fft128.\core.\SU2.\TW.$procmux$1051_CMP $flatten\u_fft128.\u_fft128.\core.\SU2.\TW.$procmux$1055_CMP $flatten\u_fft128.\u_fft128.\core.\SU2.\TW.$procmux$1059_CMP $flatten\u_fft128.\u_fft128.\core.\SU2.\TW.$procmux$1063_CMP $flatten\u_fft128.\u_fft128.\core.\SU2.\TW.$procmux$1067_CMP $flatten\u_fft128.\u_fft128.\core.\SU2.\TW.$procmux$1071_CMP }
    New ctrl vector for $pmux cell $flatten\u_fft128.\u_fft128.\core.\SU2.\TW.$procmux$947: { $flatten\u_fft128.\u_fft128.\core.\SU2.\TW.$procmux$1120_CMP $flatten\u_fft128.\u_fft128.\core.\SU2.\TW.$procmux$1132_CMP $auto$opt_reduce.cc:137:opt_pmux$1907 $auto$opt_reduce.cc:137:opt_pmux$1905 $auto$opt_reduce.cc:137:opt_pmux$1903 $auto$opt_reduce.cc:137:opt_pmux$1901 $auto$opt_reduce.cc:137:opt_pmux$1899 $auto$opt_reduce.cc:137:opt_pmux$1897 $auto$opt_reduce.cc:137:opt_pmux$1895 $flatten\u_fft128.\u_fft128.\core.\SU2.\TW.$procmux$1043_CMP $flatten\u_fft128.\u_fft128.\core.\SU2.\TW.$procmux$1075_CMP }
    New ctrl vector for $pmux cell $flatten\u_fft64.\u_fft64.\core.\SU2.\TW.$procmux$1205: { $flatten\u_fft64.\u_fft64.\core.\SU2.\TW.$procmux$1233_CMP $auto$opt_reduce.cc:137:opt_pmux$1913 $auto$opt_reduce.cc:137:opt_pmux$1911 $auto$opt_reduce.cc:137:opt_pmux$1909 $flatten\u_fft64.\u_fft64.\core.\SU2.\TW.$procmux$1253_CMP $flatten\u_fft64.\u_fft64.\core.\SU2.\TW.$procmux$1269_CMP }
    New ctrl vector for $pmux cell $flatten\u_fft64.\u_fft64.\core.\SU2.\TW.$procmux$1270: { $auto$opt_reduce.cc:137:opt_pmux$1917 $flatten\u_fft64.\u_fft64.\core.\SU2.\TW.$procmux$1245_CMP $flatten\u_fft64.\u_fft64.\core.\SU2.\TW.$procmux$1249_CMP $auto$opt_reduce.cc:137:opt_pmux$1915 $flatten\u_fft64.\u_fft64.\core.\SU2.\TW.$procmux$1257_CMP $flatten\u_fft64.\u_fft64.\core.\SU2.\TW.$procmux$1261_CMP $flatten\u_fft64.\u_fft64.\core.\SU2.\TW.$procmux$1265_CMP }
    New ctrl vector for $pmux cell $flatten\u_fft128.\u_fft128.\core.\SU1.\TW.$procmux$947: { $flatten\u_fft128.\u_fft128.\core.\SU1.\TW.$procmux$1111_CMP $flatten\u_fft128.\u_fft128.\core.\SU1.\TW.$procmux$1114_CMP $flatten\u_fft128.\u_fft128.\core.\SU1.\TW.$procmux$1117_CMP $flatten\u_fft128.\u_fft128.\core.\SU1.\TW.$procmux$1120_CMP $flatten\u_fft128.\u_fft128.\core.\SU1.\TW.$procmux$1123_CMP $flatten\u_fft128.\u_fft128.\core.\SU1.\TW.$procmux$1126_CMP $flatten\u_fft128.\u_fft128.\core.\SU1.\TW.$procmux$1129_CMP $flatten\u_fft128.\u_fft128.\core.\SU1.\TW.$procmux$1132_CMP $flatten\u_fft128.\u_fft128.\core.\SU1.\TW.$procmux$1135_CMP $flatten\u_fft128.\u_fft128.\core.\SU1.\TW.$procmux$1138_CMP $auto$opt_reduce.cc:137:opt_pmux$1959 $auto$opt_reduce.cc:137:opt_pmux$1957 $auto$opt_reduce.cc:137:opt_pmux$1955 $auto$opt_reduce.cc:137:opt_pmux$1953 $auto$opt_reduce.cc:137:opt_pmux$1951 $auto$opt_reduce.cc:137:opt_pmux$1949 $auto$opt_reduce.cc:137:opt_pmux$1947 $auto$opt_reduce.cc:137:opt_pmux$1945 $auto$opt_reduce.cc:137:opt_pmux$1943 $auto$opt_reduce.cc:137:opt_pmux$1941 $auto$opt_reduce.cc:137:opt_pmux$1939 $auto$opt_reduce.cc:137:opt_pmux$1937 $auto$opt_reduce.cc:137:opt_pmux$1935 $auto$opt_reduce.cc:137:opt_pmux$1933 $auto$opt_reduce.cc:137:opt_pmux$1931 $auto$opt_reduce.cc:137:opt_pmux$1929 $auto$opt_reduce.cc:137:opt_pmux$1927 $auto$opt_reduce.cc:137:opt_pmux$1925 $auto$opt_reduce.cc:137:opt_pmux$1923 $auto$opt_reduce.cc:137:opt_pmux$1921 $auto$opt_reduce.cc:137:opt_pmux$1919 $flatten\u_fft128.\u_fft128.\core.\SU1.\TW.$procmux$1172_CMP $flatten\u_fft128.\u_fft128.\core.\SU1.\TW.$procmux$1175_CMP $flatten\u_fft128.\u_fft128.\core.\SU1.\TW.$procmux$1177_CMP $flatten\u_fft128.\u_fft128.\core.\SU1.\TW.$procmux$1181_CMP $flatten\u_fft128.\u_fft128.\core.\SU1.\TW.$procmux$1183_CMP $flatten\u_fft128.\u_fft128.\core.\SU1.\TW.$procmux$1187_CMP $flatten\u_fft128.\u_fft128.\core.\SU1.\TW.$procmux$1189_CMP $flatten\u_fft128.\u_fft128.\core.\SU1.\TW.$procmux$1193_CMP $flatten\u_fft128.\u_fft128.\core.\SU1.\TW.$procmux$1066_CMP $flatten\u_fft128.\u_fft128.\core.\SU1.\TW.$procmux$1070_CMP $flatten\u_fft128.\u_fft128.\core.\SU1.\TW.$procmux$1072_CMP $flatten\u_fft128.\u_fft128.\core.\SU1.\TW.$procmux$1075_CMP }
    New ctrl vector for $pmux cell $flatten\u_fft128.\u_fft128.\core.\SU3.\TW.$procmux$947: { $auto$opt_reduce.cc:137:opt_pmux$1961 $flatten\u_fft128.\u_fft128.\core.\SU3.\TW.$procmux$1043_CMP $flatten\u_fft128.\u_fft128.\core.\SU3.\TW.$procmux$1075_CMP }
  Optimizing cells in module \peweaver_ppa_dual_fft_icg.
Performed a total of 10 changes.

18.8.5. Executing OPT_MERGE pass (detect identical cells).
Finding identical cells in module `\peweaver_ppa_dual_fft_icg'.
Computing hashes of 1222 cells of `\peweaver_ppa_dual_fft_icg'.
Finding duplicate cells in `\peweaver_ppa_dual_fft_icg'.
Removed a total of 0 cells.

18.8.6. Executing OPT_DFF pass (perform DFF optimizations).

18.8.7. Executing OPT_CLEAN pass (remove unused cells and wires).
Finding unused cells or wires in module \peweaver_ppa_dual_fft_icg..
Removed 122 unused cells and 899 unused wires.
<suppressed ~123 debug messages>

18.8.8. Executing OPT_EXPR pass (perform const folding).
Optimizing module peweaver_ppa_dual_fft_icg.

18.8.9. Rerunning OPT passes. (Maybe there is more to do..)

18.8.10. Executing OPT_MUXTREE pass (detect dead branches in mux trees).
Running muxtree optimizer on module \peweaver_ppa_dual_fft_icg..
  Creating internal representation of mux trees.
  Evaluating internal representation of mux trees.
  Analyzing evaluation results.
Removed 0 multiplexer ports.
<suppressed ~360 debug messages>

18.8.11. Executing OPT_REDUCE pass (consolidate $*mux and $reduce_* inputs).
  Optimizing cells in module \peweaver_ppa_dual_fft_icg.
Performed a total of 0 changes.

18.8.12. Executing OPT_MERGE pass (detect identical cells).
Finding identical cells in module `\peweaver_ppa_dual_fft_icg'.
Computing hashes of 1100 cells of `\peweaver_ppa_dual_fft_icg'.
Finding duplicate cells in `\peweaver_ppa_dual_fft_icg'.
Removed a total of 0 cells.

18.8.13. Executing OPT_DFF pass (perform DFF optimizations).

18.8.14. Executing OPT_CLEAN pass (remove unused cells and wires).
Finding unused cells or wires in module \peweaver_ppa_dual_fft_icg..

18.8.15. Executing OPT_EXPR pass (perform const folding).
Optimizing module peweaver_ppa_dual_fft_icg.

18.8.16. Finished fast OPT passes. (There is nothing left to do.)

18.9. Executing FSM pass (extract and optimize FSM).

18.9.1. Executing FSM_DETECT pass (finding FSMs in design).
Not marking peweaver_ppa_dual_fft_icg.u_fft64.u_fft64.core.SU1.TW.ff_re as FSM state register:
    Users of register don't seem to benefit from recoding.
Not marking peweaver_ppa_dual_fft_icg.u_fft64.u_fft64.core.SU1.TW.ff_im as FSM state register:
    Users of register don't seem to benefit from recoding.
Not marking peweaver_ppa_dual_fft_icg.u_fft64.u_fft64.core.SU2.TW.ff_re as FSM state register:
    Users of register don't seem to benefit from recoding.
Not marking peweaver_ppa_dual_fft_icg.u_fft64.u_fft64.core.SU2.TW.ff_im as FSM state register:
    Users of register don't seem to benefit from recoding.
Not marking peweaver_ppa_dual_fft_icg.u_fft128.u_fft128.core.SU3.TW.ff_im as FSM state register:
    Users of register don't seem to benefit from recoding.
Not marking peweaver_ppa_dual_fft_icg.u_fft128.u_fft128.core.SU3.TW.ff_re as FSM state register:
    Users of register don't seem to benefit from recoding.
Not marking peweaver_ppa_dual_fft_icg.u_fft128.u_fft128.core.SU2.TW.ff_im as FSM state register:
    Users of register don't seem to benefit from recoding.
Not marking peweaver_ppa_dual_fft_icg.u_fft128.u_fft128.core.SU2.TW.ff_re as FSM state register:
    Users of register don't seem to benefit from recoding.
Not marking peweaver_ppa_dual_fft_icg.u_fft128.u_fft128.core.SU1.TW.ff_im as FSM state register:
    Users of register don't seem to benefit from recoding.
Not marking peweaver_ppa_dual_fft_icg.u_fft128.u_fft128.core.SU1.TW.ff_re as FSM state register:
    Users of register don't seem to benefit from recoding.

18.9.2. Executing FSM_EXTRACT pass (extracting FSM from design).

18.9.3. Executing FSM_OPT pass (simple optimizations of FSMs).

18.9.4. Executing OPT_CLEAN pass (remove unused cells and wires).
Finding unused cells or wires in module \peweaver_ppa_dual_fft_icg..

18.9.5. Executing FSM_OPT pass (simple optimizations of FSMs).

18.9.6. Executing FSM_RECODE pass (re-assigning FSM state encoding).

18.9.7. Executing FSM_INFO pass (dumping all available information on FSM cells).

18.9.8. Executing FSM_MAP pass (mapping FSMs to basic logic).

18.10. Executing OPT pass (performing simple optimizations).

18.10.1. Executing OPT_EXPR pass (perform const folding).
Optimizing module peweaver_ppa_dual_fft_icg.

18.10.2. Executing OPT_MERGE pass (detect identical cells).
Finding identical cells in module `\peweaver_ppa_dual_fft_icg'.
Computing hashes of 1100 cells of `\peweaver_ppa_dual_fft_icg'.
Finding duplicate cells in `\peweaver_ppa_dual_fft_icg'.
Removed a total of 0 cells.

18.10.3. Executing OPT_MUXTREE pass (detect dead branches in mux trees).
Running muxtree optimizer on module \peweaver_ppa_dual_fft_icg..
  Creating internal representation of mux trees.
  Evaluating internal representation of mux trees.
  Analyzing evaluation results.
Removed 0 multiplexer ports.
<suppressed ~360 debug messages>

18.10.4. Executing OPT_REDUCE pass (consolidate $*mux and $reduce_* inputs).
  Optimizing cells in module \peweaver_ppa_dual_fft_icg.
Performed a total of 0 changes.

18.10.5. Executing OPT_MERGE pass (detect identical cells).
Finding identical cells in module `\peweaver_ppa_dual_fft_icg'.
Computing hashes of 1100 cells of `\peweaver_ppa_dual_fft_icg'.
Finding duplicate cells in `\peweaver_ppa_dual_fft_icg'.
Removed a total of 0 cells.

18.10.6. Executing OPT_DFF pass (perform DFF optimizations).
Adding EN signal on $flatten\u_fft64.\u_fft64.\core.\SU3.$procdff$1552 ($adff) from module peweaver_ppa_dual_fft_icg (D = $flatten\u_fft64.\u_fft64.\core.\SU3.$0\bf1_sp_en[0:0], Q = \u_fft64.u_fft64.core.SU3.bf1_sp_en).
Adding EN signal on $flatten\u_fft64.\u_fft64.\core.\SU3.$procdff$1543 ($adff) from module peweaver_ppa_dual_fft_icg (D = $flatten\u_fft64.\u_fft64.\core.\SU3.$0\bf2_sp_en[0:0], Q = \u_fft64.u_fft64.core.SU3.bf2_sp_en).
Adding EN signal on $flatten\u_fft128.\u_fft128.\core.\SU2.$procdff$1421 ($adff) from module peweaver_ppa_dual_fft_icg (D = $flatten\u_fft128.\u_fft128.\core.\SU2.$0\bf1_sp_en[0:0], Q = \u_fft128.u_fft128.core.SU2.bf1_sp_en).
Adding EN signal on $flatten\u_fft128.\u_fft128.\core.\SU2.$procdff$1412 ($adff) from module peweaver_ppa_dual_fft_icg (D = $flatten\u_fft128.\u_fft128.\core.\SU2.$0\bf2_sp_en[0:0], Q = \u_fft128.u_fft128.core.SU2.bf2_sp_en).
Adding EN signal on $flatten\u_fft64.\u_fft64.\core.\SU2.$procdff$1522 ($adff) from module peweaver_ppa_dual_fft_icg (D = $flatten\u_fft64.\u_fft64.\core.\SU2.$0\bf1_sp_en[0:0], Q = \u_fft64.u_fft64.core.SU2.bf1_sp_en).
Adding EN signal on $flatten\u_fft64.\u_fft64.\core.\SU2.$procdff$1513 ($adff) from module peweaver_ppa_dual_fft_icg (D = $flatten\u_fft64.\u_fft64.\core.\SU2.$0\bf2_sp_en[0:0], Q = \u_fft64.u_fft64.core.SU2.bf2_sp_en).
Adding EN signal on $flatten\u_fft128.\u_fft128.\core.\SU1.$procdff$1382 ($adff) from module peweaver_ppa_dual_fft_icg (D = $flatten\u_fft128.\u_fft128.\core.\SU1.$0\bf2_sp_en[0:0], Q = \u_fft128.u_fft128.core.SU1.bf2_sp_en).
Adding EN signal on $flatten\u_fft128.\u_fft128.\core.\SU1.$procdff$1391 ($adff) from module peweaver_ppa_dual_fft_icg (D = $flatten\u_fft128.\u_fft128.\core.\SU1.$0\bf1_sp_en[0:0], Q = \u_fft128.u_fft128.core.SU1.bf1_sp_en).
Adding EN signal on $flatten\u_fft64.\u_fft64.\core.\SU1.$procdff$1492 ($adff) from module peweaver_ppa_dual_fft_icg (D = $flatten\u_fft64.\u_fft64.\core.\SU1.$0\bf1_sp_en[0:0], Q = \u_fft64.u_fft64.core.SU1.bf1_sp_en).
Adding EN signal on $flatten\u_fft64.\u_fft64.\core.\SU1.$procdff$1483 ($adff) from module peweaver_ppa_dual_fft_icg (D = $flatten\u_fft64.\u_fft64.\core.\SU1.$0\bf2_sp_en[0:0], Q = \u_fft64.u_fft64.core.SU1.bf2_sp_en).
Adding EN signal on $flatten\u_fft128.\u_fft128.\core.\SU3.$procdff$1451 ($adff) from module peweaver_ppa_dual_fft_icg (D = $flatten\u_fft128.\u_fft128.\core.\SU3.$0\bf1_sp_en[0:0], Q = \u_fft128.u_fft128.core.SU3.bf1_sp_en).
Adding EN signal on $flatten\u_fft128.\u_fft128.\core.\SU3.$procdff$1442 ($adff) from module peweaver_ppa_dual_fft_icg (D = $flatten\u_fft128.\u_fft128.\core.\SU3.$0\bf2_sp_en[0:0], Q = \u_fft128.u_fft128.core.SU3.bf2_sp_en).

18.10.7. Executing OPT_CLEAN pass (remove unused cells and wires).
Finding unused cells or wires in module \peweaver_ppa_dual_fft_icg..

18.10.8. Executing OPT_EXPR pass (perform const folding).
Optimizing module peweaver_ppa_dual_fft_icg.
<suppressed ~12 debug messages>

18.10.9. Rerunning OPT passes. (Maybe there is more to do..)

18.10.10. Executing OPT_MUXTREE pass (detect dead branches in mux trees).
Running muxtree optimizer on module \peweaver_ppa_dual_fft_icg..
  Creating internal representation of mux trees.
  Evaluating internal representation of mux trees.
  Analyzing evaluation results.
Removed 0 multiplexer ports.
<suppressed ~360 debug messages>

18.10.11. Executing OPT_REDUCE pass (consolidate $*mux and $reduce_* inputs).
  Optimizing cells in module \peweaver_ppa_dual_fft_icg.
Performed a total of 0 changes.

18.10.12. Executing OPT_MERGE pass (detect identical cells).
Finding identical cells in module `\peweaver_ppa_dual_fft_icg'.
Computing hashes of 1112 cells of `\peweaver_ppa_dual_fft_icg'.
Finding duplicate cells in `\peweaver_ppa_dual_fft_icg'.
Removed a total of 0 cells.

18.10.13. Executing OPT_DFF pass (perform DFF optimizations).

18.10.14. Executing OPT_CLEAN pass (remove unused cells and wires).
Finding unused cells or wires in module \peweaver_ppa_dual_fft_icg..

18.10.15. Executing OPT_EXPR pass (perform const folding).
Optimizing module peweaver_ppa_dual_fft_icg.

18.10.16. Finished fast OPT passes. (There is nothing left to do.)

18.11. Executing WREDUCE pass (reducing word size of cells).
Removed top 5 bits (of 6) from port B of cell peweaver_ppa_dual_fft_icg.$flatten\u_fft64.\u_fft64.\core.\SU3.$eq$../third_party/r22sdf/SdfUnit.v:151$584 ($eq).
Removed top 30 bits (of 32) from port B of cell peweaver_ppa_dual_fft_icg.$flatten\u_fft64.\u_fft64.\core.\SU3.\BF2.$add$../third_party/r22sdf/Butterfly.v:30$927 ($add).
Removed top 15 bits (of 32) from port Y of cell peweaver_ppa_dual_fft_icg.$flatten\u_fft64.\u_fft64.\core.\SU3.\BF2.$add$../third_party/r22sdf/Butterfly.v:30$927 ($add).
Removed top 30 bits (of 32) from port B of cell peweaver_ppa_dual_fft_icg.$flatten\u_fft64.\u_fft64.\core.\SU3.\BF2.$add$../third_party/r22sdf/Butterfly.v:28$923 ($add).
Removed top 15 bits (of 32) from port Y of cell peweaver_ppa_dual_fft_icg.$flatten\u_fft64.\u_fft64.\core.\SU3.\BF2.$add$../third_party/r22sdf/Butterfly.v:28$923 ($add).
Removed top 30 bits (of 32) from port B of cell peweaver_ppa_dual_fft_icg.$flatten\u_fft64.\u_fft64.\core.\SU3.\BF2.$add$../third_party/r22sdf/Butterfly.v:29$925 ($add).
Removed top 15 bits (of 32) from port Y of cell peweaver_ppa_dual_fft_icg.$flatten\u_fft64.\u_fft64.\core.\SU3.\BF2.$add$../third_party/r22sdf/Butterfly.v:29$925 ($add).
Removed top 30 bits (of 32) from port B of cell peweaver_ppa_dual_fft_icg.$flatten\u_fft64.\u_fft64.\core.\SU3.\BF2.$add$../third_party/r22sdf/Butterfly.v:27$921 ($add).
Removed top 15 bits (of 32) from port Y of cell peweaver_ppa_dual_fft_icg.$flatten\u_fft64.\u_fft64.\core.\SU3.\BF2.$add$../third_party/r22sdf/Butterfly.v:27$921 ($add).
Removed top 3 bits (of 6) from port B of cell peweaver_ppa_dual_fft_icg.$flatten\u_fft64.\u_fft64.\core.\SU2.$eq$../third_party/r22sdf/SdfUnit.v:151$639 ($eq).
Removed top 4 bits (of 6) from port B of cell peweaver_ppa_dual_fft_icg.$flatten\u_fft64.\u_fft64.\core.\SU2.$eq$../third_party/r22sdf/SdfUnit.v:210$658 ($eq).
Removed top 1 bits (of 32) from port Y of cell peweaver_ppa_dual_fft_icg.$flatten\u_fft64.\u_fft64.\core.\SU2.\MU.$mul$../third_party/r22sdf/Multiply.v:19$906 ($mul).
Removed top 30 bits (of 32) from port B of cell peweaver_ppa_dual_fft_icg.$flatten\u_fft64.\u_fft64.\core.\SU2.\BF2.$add$../third_party/r22sdf/Butterfly.v:30$927 ($add).
Removed top 15 bits (of 32) from port Y of cell peweaver_ppa_dual_fft_icg.$flatten\u_fft64.\u_fft64.\core.\SU2.\BF2.$add$../third_party/r22sdf/Butterfly.v:30$927 ($add).
Removed top 30 bits (of 32) from port B of cell peweaver_ppa_dual_fft_icg.$flatten\u_fft64.\u_fft64.\core.\SU2.\BF2.$add$../third_party/r22sdf/Butterfly.v:28$923 ($add).
Removed top 15 bits (of 32) from port Y of cell peweaver_ppa_dual_fft_icg.$flatten\u_fft64.\u_fft64.\core.\SU2.\BF2.$add$../third_party/r22sdf/Butterfly.v:28$923 ($add).
Removed top 30 bits (of 32) from port B of cell peweaver_ppa_dual_fft_icg.$flatten\u_fft64.\u_fft64.\core.\SU2.\BF2.$add$../third_party/r22sdf/Butterfly.v:29$925 ($add).
Removed top 15 bits (of 32) from port Y of cell peweaver_ppa_dual_fft_icg.$flatten\u_fft64.\u_fft64.\core.\SU2.\BF2.$add$../third_party/r22sdf/Butterfly.v:29$925 ($add).
Removed top 30 bits (of 32) from port B of cell peweaver_ppa_dual_fft_icg.$flatten\u_fft64.\u_fft64.\core.\SU2.\BF2.$add$../third_party/r22sdf/Butterfly.v:27$921 ($add).
Removed top 15 bits (of 32) from port Y of cell peweaver_ppa_dual_fft_icg.$flatten\u_fft64.\u_fft64.\core.\SU2.\BF2.$add$../third_party/r22sdf/Butterfly.v:27$921 ($add).
Removed top 3 bits (of 4) from port B of cell peweaver_ppa_dual_fft_icg.$flatten\u_fft64.\u_fft64.\core.\SU2.\TW.$procmux$1265_CMP0 ($eq).
Removed top 2 bits (of 4) from port B of cell peweaver_ppa_dual_fft_icg.$flatten\u_fft64.\u_fft64.\core.\SU2.\TW.$procmux$1261_CMP0 ($eq).
Removed top 2 bits (of 4) from port B of cell peweaver_ppa_dual_fft_icg.$flatten\u_fft64.\u_fft64.\core.\SU2.\TW.$procmux$1257_CMP0 ($eq).
Removed top 1 bits (of 4) from port B of cell peweaver_ppa_dual_fft_icg.$flatten\u_fft64.\u_fft64.\core.\SU2.\TW.$procmux$1253_CMP0 ($eq).
Removed top 1 bits (of 4) from port B of cell peweaver_ppa_dual_fft_icg.$flatten\u_fft64.\u_fft64.\core.\SU2.\TW.$procmux$1249_CMP0 ($eq).
Removed top 1 bits (of 4) from port B of cell peweaver_ppa_dual_fft_icg.$flatten\u_fft64.\u_fft64.\core.\SU2.\TW.$procmux$1245_CMP0 ($eq).
Removed top 1 bits (of 4) from port B of cell peweaver_ppa_dual_fft_icg.$flatten\u_fft64.\u_fft64.\core.\SU2.\TW.$procmux$1241_CMP0 ($eq).
Removed top 1 bits (of 32) from port Y of cell peweaver_ppa_dual_fft_icg.$flatten\u_fft64.\u_fft64.\core.\SU2.\MU.$mul$../third_party/r22sdf/Multiply.v:22$909 ($mul).
Removed top 1 bits (of 32) from port Y of cell peweaver_ppa_dual_fft_icg.$flatten\u_fft64.\u_fft64.\core.\SU2.\MU.$mul$../third_party/r22sdf/Multiply.v:21$908 ($mul).
Removed top 1 bits (of 32) from port Y of cell peweaver_ppa_dual_fft_icg.$flatten\u_fft64.\u_fft64.\core.\SU2.\MU.$mul$../third_party/r22sdf/Multiply.v:20$907 ($mul).
Removed top 1 bits (of 6) from port B of cell peweaver_ppa_dual_fft_icg.$flatten\u_fft64.\u_fft64.\core.\SU1.$eq$../third_party/r22sdf/SdfUnit.v:151$694 ($eq).
Removed top 2 bits (of 6) from port B of cell peweaver_ppa_dual_fft_icg.$flatten\u_fft64.\u_fft64.\core.\SU1.$eq$../third_party/r22sdf/SdfUnit.v:210$713 ($eq).
Removed top 1 bits (of 32) from port Y of cell peweaver_ppa_dual_fft_icg.$flatten\u_fft64.\u_fft64.\core.\SU1.\MU.$mul$../third_party/r22sdf/Multiply.v:19$906 ($mul).
Removed top 30 bits (of 32) from port B of cell peweaver_ppa_dual_fft_icg.$flatten\u_fft64.\u_fft64.\core.\SU1.\BF2.$add$../third_party/r22sdf/Butterfly.v:30$927 ($add).
Removed top 15 bits (of 32) from port Y of cell peweaver_ppa_dual_fft_icg.$flatten\u_fft64.\u_fft64.\core.\SU1.\BF2.$add$../third_party/r22sdf/Butterfly.v:30$927 ($add).
Removed top 30 bits (of 32) from port B of cell peweaver_ppa_dual_fft_icg.$flatten\u_fft64.\u_fft64.\core.\SU1.\BF2.$add$../third_party/r22sdf/Butterfly.v:28$923 ($add).
Removed top 15 bits (of 32) from port Y of cell peweaver_ppa_dual_fft_icg.$flatten\u_fft64.\u_fft64.\core.\SU1.\BF2.$add$../third_party/r22sdf/Butterfly.v:28$923 ($add).
Removed top 30 bits (of 32) from port B of cell peweaver_ppa_dual_fft_icg.$flatten\u_fft64.\u_fft64.\core.\SU1.\BF2.$add$../third_party/r22sdf/Butterfly.v:29$925 ($add).
Removed top 15 bits (of 32) from port Y of cell peweaver_ppa_dual_fft_icg.$flatten\u_fft64.\u_fft64.\core.\SU1.\BF2.$add$../third_party/r22sdf/Butterfly.v:29$925 ($add).
Removed top 30 bits (of 32) from port B of cell peweaver_ppa_dual_fft_icg.$flatten\u_fft64.\u_fft64.\core.\SU1.\BF2.$add$../third_party/r22sdf/Butterfly.v:27$921 ($add).
Removed top 15 bits (of 32) from port Y of cell peweaver_ppa_dual_fft_icg.$flatten\u_fft64.\u_fft64.\core.\SU1.\BF2.$add$../third_party/r22sdf/Butterfly.v:27$921 ($add).
Removed top 5 bits (of 6) from port B of cell peweaver_ppa_dual_fft_icg.$flatten\u_fft64.\u_fft64.\core.\SU1.\TW.$procmux$1268_CMP0 ($eq).
Removed top 4 bits (of 6) from port B of cell peweaver_ppa_dual_fft_icg.$flatten\u_fft64.\u_fft64.\core.\SU1.\TW.$procmux$1267_CMP0 ($eq).
Removed top 4 bits (of 6) from port B of cell peweaver_ppa_dual_fft_icg.$flatten\u_fft64.\u_fft64.\core.\SU1.\TW.$procmux$1266_CMP0 ($eq).
Removed top 3 bits (of 6) from port B of cell peweaver_ppa_dual_fft_icg.$flatten\u_fft64.\u_fft64.\core.\SU1.\TW.$procmux$1265_CMP0 ($eq).
Removed top 3 bits (of 6) from port B of cell peweaver_ppa_dual_fft_icg.$flatten\u_fft64.\u_fft64.\core.\SU1.\TW.$procmux$1264_CMP0 ($eq).
Removed top 3 bits (of 6) from port B of cell peweaver_ppa_dual_fft_icg.$flatten\u_fft64.\u_fft64.\core.\SU1.\TW.$procmux$1263_CMP0 ($eq).
Removed top 3 bits (of 6) from port B of cell peweaver_ppa_dual_fft_icg.$flatten\u_fft64.\u_fft64.\core.\SU1.\TW.$procmux$1262_CMP0 ($eq).
Removed top 2 bits (of 6) from port B of cell peweaver_ppa_dual_fft_icg.$flatten\u_fft64.\u_fft64.\core.\SU1.\TW.$procmux$1261_CMP0 ($eq).
Removed top 2 bits (of 6) from port B of cell peweaver_ppa_dual_fft_icg.$flatten\u_fft64.\u_fft64.\core.\SU1.\TW.$procmux$1260_CMP0 ($eq).
Removed top 2 bits (of 6) from port B of cell peweaver_ppa_dual_fft_icg.$flatten\u_fft64.\u_fft64.\core.\SU1.\TW.$procmux$1259_CMP0 ($eq).
Removed top 2 bits (of 6) from port B of cell peweaver_ppa_dual_fft_icg.$flatten\u_fft64.\u_fft64.\core.\SU1.\TW.$procmux$1258_CMP0 ($eq).
Removed top 2 bits (of 6) from port B of cell peweaver_ppa_dual_fft_icg.$flatten\u_fft64.\u_fft64.\core.\SU1.\TW.$procmux$1257_CMP0 ($eq).
Removed top 2 bits (of 6) from port B of cell peweaver_ppa_dual_fft_icg.$flatten\u_fft64.\u_fft64.\core.\SU1.\TW.$procmux$1256_CMP0 ($eq).
Removed top 2 bits (of 6) from port B of cell peweaver_ppa_dual_fft_icg.$flatten\u_fft64.\u_fft64.\core.\SU1.\TW.$procmux$1255_CMP0 ($eq).
Removed top 2 bits (of 6) from port B of cell peweaver_ppa_dual_fft_icg.$flatten\u_fft64.\u_fft64.\core.\SU1.\TW.$procmux$1254_CMP0 ($eq).
Removed top 1 bits (of 6) from port B of cell peweaver_ppa_dual_fft_icg.$flatten\u_fft64.\u_fft64.\core.\SU1.\TW.$procmux$1253_CMP0 ($eq).
Removed top 1 bits (of 6) from port B of cell peweaver_ppa_dual_fft_icg.$flatten\u_fft64.\u_fft64.\core.\SU1.\TW.$procmux$1251_CMP0 ($eq).
Removed top 1 bits (of 6) from port B of cell peweaver_ppa_dual_fft_icg.$flatten\u_fft64.\u_fft64.\core.\SU1.\TW.$procmux$1249_CMP0 ($eq).
Removed top 1 bits (of 6) from port B of cell peweaver_ppa_dual_fft_icg.$flatten\u_fft64.\u_fft64.\core.\SU1.\TW.$procmux$1248_CMP0 ($eq).
Removed top 1 bits (of 6) from port B of cell peweaver_ppa_dual_fft_icg.$flatten\u_fft64.\u_fft64.\core.\SU1.\TW.$procmux$1247_CMP0 ($eq).
Removed top 1 bits (of 6) from port B of cell peweaver_ppa_dual_fft_icg.$flatten\u_fft64.\u_fft64.\core.\SU1.\TW.$procmux$1245_CMP0 ($eq).
Removed top 1 bits (of 6) from port B of cell peweaver_ppa_dual_fft_icg.$flatten\u_fft64.\u_fft64.\core.\SU1.\TW.$procmux$1243_CMP0 ($eq).
Removed top 1 bits (of 6) from port B of cell peweaver_ppa_dual_fft_icg.$flatten\u_fft64.\u_fft64.\core.\SU1.\TW.$procmux$1242_CMP0 ($eq).
Removed top 1 bits (of 6) from port B of cell peweaver_ppa_dual_fft_icg.$flatten\u_fft64.\u_fft64.\core.\SU1.\TW.$procmux$1241_CMP0 ($eq).
Removed top 1 bits (of 6) from port B of cell peweaver_ppa_dual_fft_icg.$flatten\u_fft64.\u_fft64.\core.\SU1.\TW.$procmux$1239_CMP0 ($eq).
Removed top 1 bits (of 32) from port Y of cell peweaver_ppa_dual_fft_icg.$flatten\u_fft64.\u_fft64.\core.\SU1.\MU.$mul$../third_party/r22sdf/Multiply.v:22$909 ($mul).
Removed top 1 bits (of 32) from port Y of cell peweaver_ppa_dual_fft_icg.$flatten\u_fft64.\u_fft64.\core.\SU1.\MU.$mul$../third_party/r22sdf/Multiply.v:21$908 ($mul).
Removed top 1 bits (of 32) from port Y of cell peweaver_ppa_dual_fft_icg.$flatten\u_fft64.\u_fft64.\core.\SU1.\MU.$mul$../third_party/r22sdf/Multiply.v:20$907 ($mul).
Removed top 5 bits (of 7) from port B of cell peweaver_ppa_dual_fft_icg.$flatten\u_fft128.\u_fft128.\core.\SU3.$eq$rtl/dual/sdfunit128.v:151$762 ($eq).
Removed top 6 bits (of 7) from port B of cell peweaver_ppa_dual_fft_icg.$flatten\u_fft128.\u_fft128.\core.\SU3.$eq$rtl/dual/sdfunit128.v:210$781 ($eq).
Removed top 1 bits (of 32) from port Y of cell peweaver_ppa_dual_fft_icg.$flatten\u_fft128.\u_fft128.\core.\SU3.\MU.$mul$../third_party/r22sdf/Multiply.v:19$906 ($mul).
Removed top 30 bits (of 32) from port B of cell peweaver_ppa_dual_fft_icg.$flatten\u_fft128.\u_fft128.\core.\SU3.\BF2.$add$../third_party/r22sdf/Butterfly.v:30$927 ($add).
Removed top 15 bits (of 32) from port Y of cell peweaver_ppa_dual_fft_icg.$flatten\u_fft128.\u_fft128.\core.\SU3.\BF2.$add$../third_party/r22sdf/Butterfly.v:30$927 ($add).
Removed top 30 bits (of 32) from port B of cell peweaver_ppa_dual_fft_icg.$flatten\u_fft128.\u_fft128.\core.\SU3.\BF2.$add$../third_party/r22sdf/Butterfly.v:28$923 ($add).
Removed top 15 bits (of 32) from port Y of cell peweaver_ppa_dual_fft_icg.$flatten\u_fft128.\u_fft128.\core.\SU3.\BF2.$add$../third_party/r22sdf/Butterfly.v:28$923 ($add).
Removed top 30 bits (of 32) from port B of cell peweaver_ppa_dual_fft_icg.$flatten\u_fft128.\u_fft128.\core.\SU3.\BF2.$add$../third_party/r22sdf/Butterfly.v:29$925 ($add).
Removed top 15 bits (of 32) from port Y of cell peweaver_ppa_dual_fft_icg.$flatten\u_fft128.\u_fft128.\core.\SU3.\BF2.$add$../third_party/r22sdf/Butterfly.v:29$925 ($add).
Removed top 30 bits (of 32) from port B of cell peweaver_ppa_dual_fft_icg.$flatten\u_fft128.\u_fft128.\core.\SU3.\BF2.$add$../third_party/r22sdf/Butterfly.v:27$921 ($add).
Removed top 15 bits (of 32) from port Y of cell peweaver_ppa_dual_fft_icg.$flatten\u_fft128.\u_fft128.\core.\SU3.\BF2.$add$../third_party/r22sdf/Butterfly.v:27$921 ($add).
Removed top 2 bits (of 3) from port B of cell peweaver_ppa_dual_fft_icg.$flatten\u_fft128.\u_fft128.\core.\SU3.\TW.$procmux$1059_CMP0 ($eq).
Removed top 1 bits (of 3) from port B of cell peweaver_ppa_dual_fft_icg.$flatten\u_fft128.\u_fft128.\core.\SU3.\TW.$procmux$1043_CMP0 ($eq).
Removed top 1 bits (of 3) from port B of cell peweaver_ppa_dual_fft_icg.$flatten\u_fft128.\u_fft128.\core.\SU3.\TW.$procmux$1027_CMP0 ($eq).
Removed top 1 bits (of 32) from port Y of cell peweaver_ppa_dual_fft_icg.$flatten\u_fft128.\u_fft128.\core.\SU3.\MU.$mul$../third_party/r22sdf/Multiply.v:22$909 ($mul).
Removed top 1 bits (of 32) from port Y of cell peweaver_ppa_dual_fft_icg.$flatten\u_fft128.\u_fft128.\core.\SU3.\MU.$mul$../third_party/r22sdf/Multiply.v:21$908 ($mul).
Removed top 1 bits (of 32) from port Y of cell peweaver_ppa_dual_fft_icg.$flatten\u_fft128.\u_fft128.\core.\SU3.\MU.$mul$../third_party/r22sdf/Multiply.v:20$907 ($mul).
Removed top 3 bits (of 7) from port B of cell peweaver_ppa_dual_fft_icg.$flatten\u_fft128.\u_fft128.\core.\SU2.$eq$rtl/dual/sdfunit128.v:151$817 ($eq).
Removed top 4 bits (of 7) from port B of cell peweaver_ppa_dual_fft_icg.$flatten\u_fft128.\u_fft128.\core.\SU2.$eq$rtl/dual/sdfunit128.v:210$836 ($eq).
Removed top 1 bits (of 32) from port Y of cell peweaver_ppa_dual_fft_icg.$flatten\u_fft128.\u_fft128.\core.\SU2.\MU.$mul$../third_party/r22sdf/Multiply.v:19$906 ($mul).
Removed top 30 bits (of 32) from port B of cell peweaver_ppa_dual_fft_icg.$flatten\u_fft128.\u_fft128.\core.\SU2.\BF2.$add$../third_party/r22sdf/Butterfly.v:30$927 ($add).
Removed top 15 bits (of 32) from port Y of cell peweaver_ppa_dual_fft_icg.$flatten\u_fft128.\u_fft128.\core.\SU2.\BF2.$add$../third_party/r22sdf/Butterfly.v:30$927 ($add).
Removed top 30 bits (of 32) from port B of cell peweaver_ppa_dual_fft_icg.$flatten\u_fft128.\u_fft128.\core.\SU2.\BF2.$add$../third_party/r22sdf/Butterfly.v:28$923 ($add).
Removed top 15 bits (of 32) from port Y of cell peweaver_ppa_dual_fft_icg.$flatten\u_fft128.\u_fft128.\core.\SU2.\BF2.$add$../third_party/r22sdf/Butterfly.v:28$923 ($add).
Removed top 30 bits (of 32) from port B of cell peweaver_ppa_dual_fft_icg.$flatten\u_fft128.\u_fft128.\core.\SU2.\BF2.$add$../third_party/r22sdf/Butterfly.v:29$925 ($add).
Removed top 15 bits (of 32) from port Y of cell peweaver_ppa_dual_fft_icg.$flatten\u_fft128.\u_fft128.\core.\SU2.\BF2.$add$../third_party/r22sdf/Butterfly.v:29$925 ($add).
Removed top 30 bits (of 32) from port B of cell peweaver_ppa_dual_fft_icg.$flatten\u_fft128.\u_fft128.\core.\SU2.\BF2.$add$../third_party/r22sdf/Butterfly.v:27$921 ($add).
Removed top 15 bits (of 32) from port Y of cell peweaver_ppa_dual_fft_icg.$flatten\u_fft128.\u_fft128.\core.\SU2.\BF2.$add$../third_party/r22sdf/Butterfly.v:27$921 ($add).
Removed top 1 bits (of 5) from port B of cell peweaver_ppa_dual_fft_icg.$flatten\u_fft128.\u_fft128.\core.\SU2.\TW.$procmux$1144_CMP0 ($eq).
Removed top 4 bits (of 5) from port B of cell peweaver_ppa_dual_fft_icg.$flatten\u_fft128.\u_fft128.\core.\SU2.\TW.$procmux$1071_CMP0 ($eq).
Removed top 3 bits (of 5) from port B of cell peweaver_ppa_dual_fft_icg.$flatten\u_fft128.\u_fft128.\core.\SU2.\TW.$procmux$1067_CMP0 ($eq).
Removed top 3 bits (of 5) from port B of cell peweaver_ppa_dual_fft_icg.$flatten\u_fft128.\u_fft128.\core.\SU2.\TW.$procmux$1063_CMP0 ($eq).
Removed top 2 bits (of 5) from port B of cell peweaver_ppa_dual_fft_icg.$flatten\u_fft128.\u_fft128.\core.\SU2.\TW.$procmux$1059_CMP0 ($eq).
Removed top 2 bits (of 5) from port B of cell peweaver_ppa_dual_fft_icg.$flatten\u_fft128.\u_fft128.\core.\SU2.\TW.$procmux$1055_CMP0 ($eq).
Removed top 2 bits (of 5) from port B of cell peweaver_ppa_dual_fft_icg.$flatten\u_fft128.\u_fft128.\core.\SU2.\TW.$procmux$1051_CMP0 ($eq).
Removed top 2 bits (of 5) from port B of cell peweaver_ppa_dual_fft_icg.$flatten\u_fft128.\u_fft128.\core.\SU2.\TW.$procmux$1047_CMP0 ($eq).
Removed top 1 bits (of 5) from port B of cell peweaver_ppa_dual_fft_icg.$flatten\u_fft128.\u_fft128.\core.\SU2.\TW.$procmux$1043_CMP0 ($eq).
Removed top 1 bits (of 5) from port B of cell peweaver_ppa_dual_fft_icg.$flatten\u_fft128.\u_fft128.\core.\SU2.\TW.$procmux$1039_CMP0 ($eq).
Removed top 1 bits (of 5) from port B of cell peweaver_ppa_dual_fft_icg.$flatten\u_fft128.\u_fft128.\core.\SU2.\TW.$procmux$1035_CMP0 ($eq).
Removed top 1 bits (of 5) from port B of cell peweaver_ppa_dual_fft_icg.$flatten\u_fft128.\u_fft128.\core.\SU2.\TW.$procmux$1031_CMP0 ($eq).
Removed top 1 bits (of 5) from port B of cell peweaver_ppa_dual_fft_icg.$flatten\u_fft128.\u_fft128.\core.\SU2.\TW.$procmux$1027_CMP0 ($eq).
Removed top 1 bits (of 5) from port B of cell peweaver_ppa_dual_fft_icg.$flatten\u_fft128.\u_fft128.\core.\SU2.\TW.$procmux$1023_CMP0 ($eq).
Removed top 1 bits (of 5) from port B of cell peweaver_ppa_dual_fft_icg.$flatten\u_fft128.\u_fft128.\core.\SU2.\TW.$procmux$1019_CMP0 ($eq).
Removed top 1 bits (of 32) from port Y of cell peweaver_ppa_dual_fft_icg.$flatten\u_fft128.\u_fft128.\core.\SU2.\MU.$mul$../third_party/r22sdf/Multiply.v:22$909 ($mul).
Removed top 1 bits (of 32) from port Y of cell peweaver_ppa_dual_fft_icg.$flatten\u_fft128.\u_fft128.\core.\SU2.\MU.$mul$../third_party/r22sdf/Multiply.v:21$908 ($mul).
Removed top 1 bits (of 32) from port Y of cell peweaver_ppa_dual_fft_icg.$flatten\u_fft128.\u_fft128.\core.\SU2.\MU.$mul$../third_party/r22sdf/Multiply.v:20$907 ($mul).
Removed top 1 bits (of 7) from port B of cell peweaver_ppa_dual_fft_icg.$flatten\u_fft128.\u_fft128.\core.\SU1.$eq$rtl/dual/sdfunit128.v:151$872 ($eq).
Removed top 2 bits (of 7) from port B of cell peweaver_ppa_dual_fft_icg.$flatten\u_fft128.\u_fft128.\core.\SU1.$eq$rtl/dual/sdfunit128.v:210$891 ($eq).
Removed top 1 bits (of 32) from port Y of cell peweaver_ppa_dual_fft_icg.$flatten\u_fft128.\u_fft128.\core.\SU1.\MU.$mul$../third_party/r22sdf/Multiply.v:19$906 ($mul).
Removed top 30 bits (of 32) from port B of cell peweaver_ppa_dual_fft_icg.$flatten\u_fft128.\u_fft128.\core.\SU1.\BF2.$add$../third_party/r22sdf/Butterfly.v:30$927 ($add).
Removed top 15 bits (of 32) from port Y of cell peweaver_ppa_dual_fft_icg.$flatten\u_fft128.\u_fft128.\core.\SU1.\BF2.$add$../third_party/r22sdf/Butterfly.v:30$927 ($add).
Removed top 30 bits (of 32) from port B of cell peweaver_ppa_dual_fft_icg.$flatten\u_fft128.\u_fft128.\core.\SU1.\BF2.$add$../third_party/r22sdf/Butterfly.v:28$923 ($add).
Removed top 15 bits (of 32) from port Y of cell peweaver_ppa_dual_fft_icg.$flatten\u_fft128.\u_fft128.\core.\SU1.\BF2.$add$../third_party/r22sdf/Butterfly.v:28$923 ($add).
Removed top 30 bits (of 32) from port B of cell peweaver_ppa_dual_fft_icg.$flatten\u_fft128.\u_fft128.\core.\SU1.\BF2.$add$../third_party/r22sdf/Butterfly.v:29$925 ($add).
Removed top 15 bits (of 32) from port Y of cell peweaver_ppa_dual_fft_icg.$flatten\u_fft128.\u_fft128.\core.\SU1.\BF2.$add$../third_party/r22sdf/Butterfly.v:29$925 ($add).
Removed top 30 bits (of 32) from port B of cell peweaver_ppa_dual_fft_icg.$flatten\u_fft128.\u_fft128.\core.\SU1.\BF2.$add$../third_party/r22sdf/Butterfly.v:27$921 ($add).
Removed top 15 bits (of 32) from port Y of cell peweaver_ppa_dual_fft_icg.$flatten\u_fft128.\u_fft128.\core.\SU1.\BF2.$add$../third_party/r22sdf/Butterfly.v:27$921 ($add).
Removed top 3 bits (of 7) from port B of cell peweaver_ppa_dual_fft_icg.$flatten\u_fft128.\u_fft128.\core.\SU1.\TW.$procmux$1194_CMP0 ($eq).
Removed top 3 bits (of 7) from port B of cell peweaver_ppa_dual_fft_icg.$flatten\u_fft128.\u_fft128.\core.\SU1.\TW.$procmux$1193_CMP0 ($eq).
Removed top 3 bits (of 7) from port B of cell peweaver_ppa_dual_fft_icg.$flatten\u_fft128.\u_fft128.\core.\SU1.\TW.$procmux$1192_CMP0 ($eq).
Removed top 3 bits (of 7) from port B of cell peweaver_ppa_dual_fft_icg.$flatten\u_fft128.\u_fft128.\core.\SU1.\TW.$procmux$1191_CMP0 ($eq).
Removed top 3 bits (of 7) from port B of cell peweaver_ppa_dual_fft_icg.$flatten\u_fft128.\u_fft128.\core.\SU1.\TW.$procmux$1190_CMP0 ($eq).
Removed top 3 bits (of 7) from port B of cell peweaver_ppa_dual_fft_icg.$flatten\u_fft128.\u_fft128.\core.\SU1.\TW.$procmux$1189_CMP0 ($eq).
Removed top 2 bits (of 7) from port B of cell peweaver_ppa_dual_fft_icg.$flatten\u_fft128.\u_fft128.\core.\SU1.\TW.$procmux$1188_CMP0 ($eq).
Removed top 2 bits (of 7) from port B of cell peweaver_ppa_dual_fft_icg.$flatten\u_fft128.\u_fft128.\core.\SU1.\TW.$procmux$1187_CMP0 ($eq).
Removed top 2 bits (of 7) from port B of cell peweaver_ppa_dual_fft_icg.$flatten\u_fft128.\u_fft128.\core.\SU1.\TW.$procmux$1186_CMP0 ($eq).
Removed top 2 bits (of 7) from port B of cell peweaver_ppa_dual_fft_icg.$flatten\u_fft128.\u_fft128.\core.\SU1.\TW.$procmux$1185_CMP0 ($eq).
Removed top 2 bits (of 7) from port B of cell peweaver_ppa_dual_fft_icg.$flatten\u_fft128.\u_fft128.\core.\SU1.\TW.$procmux$1184_CMP0 ($eq).
Removed top 2 bits (of 7) from port B of cell peweaver_ppa_dual_fft_icg.$flatten\u_fft128.\u_fft128.\core.\SU1.\TW.$procmux$1183_CMP0 ($eq).
Removed top 2 bits (of 7) from port B of cell peweaver_ppa_dual_fft_icg.$flatten\u_fft128.\u_fft128.\core.\SU1.\TW.$procmux$1182_CMP0 ($eq).
Removed top 2 bits (of 7) from port B of cell peweaver_ppa_dual_fft_icg.$flatten\u_fft128.\u_fft128.\core.\SU1.\TW.$procmux$1181_CMP0 ($eq).
Removed top 2 bits (of 7) from port B of cell peweaver_ppa_dual_fft_icg.$flatten\u_fft128.\u_fft128.\core.\SU1.\TW.$procmux$1180_CMP0 ($eq).
Removed top 2 bits (of 7) from port B of cell peweaver_ppa_dual_fft_icg.$flatten\u_fft128.\u_fft128.\core.\SU1.\TW.$procmux$1179_CMP0 ($eq).
Removed top 2 bits (of 7) from port B of cell peweaver_ppa_dual_fft_icg.$flatten\u_fft128.\u_fft128.\core.\SU1.\TW.$procmux$1178_CMP0 ($eq).
Removed top 2 bits (of 7) from port B of cell peweaver_ppa_dual_fft_icg.$flatten\u_fft128.\u_fft128.\core.\SU1.\TW.$procmux$1177_CMP0 ($eq).
Removed top 2 bits (of 7) from port B of cell peweaver_ppa_dual_fft_icg.$flatten\u_fft128.\u_fft128.\core.\SU1.\TW.$procmux$1176_CMP0 ($eq).
Removed top 2 bits (of 7) from port B of cell peweaver_ppa_dual_fft_icg.$flatten\u_fft128.\u_fft128.\core.\SU1.\TW.$procmux$1175_CMP0 ($eq).
Removed top 2 bits (of 7) from port B of cell peweaver_ppa_dual_fft_icg.$flatten\u_fft128.\u_fft128.\core.\SU1.\TW.$procmux$1174_CMP0 ($eq).
Removed top 2 bits (of 7) from port B of cell peweaver_ppa_dual_fft_icg.$flatten\u_fft128.\u_fft128.\core.\SU1.\TW.$procmux$1173_CMP0 ($eq).
Removed top 1 bits (of 7) from port B of cell peweaver_ppa_dual_fft_icg.$flatten\u_fft128.\u_fft128.\core.\SU1.\TW.$procmux$1172_CMP0 ($eq).
Removed top 1 bits (of 7) from port B of cell peweaver_ppa_dual_fft_icg.$flatten\u_fft128.\u_fft128.\core.\SU1.\TW.$procmux$1171_CMP0 ($eq).
Removed top 1 bits (of 7) from port B of cell peweaver_ppa_dual_fft_icg.$flatten\u_fft128.\u_fft128.\core.\SU1.\TW.$procmux$1170_CMP0 ($eq).
Removed top 1 bits (of 7) from port B of cell peweaver_ppa_dual_fft_icg.$flatten\u_fft128.\u_fft128.\core.\SU1.\TW.$procmux$1168_CMP0 ($eq).
Removed top 1 bits (of 7) from port B of cell peweaver_ppa_dual_fft_icg.$flatten\u_fft128.\u_fft128.\core.\SU1.\TW.$procmux$1166_CMP0 ($eq).
Removed top 1 bits (of 7) from port B of cell peweaver_ppa_dual_fft_icg.$flatten\u_fft128.\u_fft128.\core.\SU1.\TW.$procmux$1165_CMP0 ($eq).
Removed top 1 bits (of 7) from port B of cell peweaver_ppa_dual_fft_icg.$flatten\u_fft128.\u_fft128.\core.\SU1.\TW.$procmux$1164_CMP0 ($eq).
Removed top 1 bits (of 7) from port B of cell peweaver_ppa_dual_fft_icg.$flatten\u_fft128.\u_fft128.\core.\SU1.\TW.$procmux$1162_CMP0 ($eq).
Removed top 1 bits (of 7) from port B of cell peweaver_ppa_dual_fft_icg.$flatten\u_fft128.\u_fft128.\core.\SU1.\TW.$procmux$1160_CMP0 ($eq).
Removed top 1 bits (of 7) from port B of cell peweaver_ppa_dual_fft_icg.$flatten\u_fft128.\u_fft128.\core.\SU1.\TW.$procmux$1159_CMP0 ($eq).
Removed top 1 bits (of 7) from port B of cell peweaver_ppa_dual_fft_icg.$flatten\u_fft128.\u_fft128.\core.\SU1.\TW.$procmux$1158_CMP0 ($eq).
Removed top 1 bits (of 7) from port B of cell peweaver_ppa_dual_fft_icg.$flatten\u_fft128.\u_fft128.\core.\SU1.\TW.$procmux$1156_CMP0 ($eq).
Removed top 1 bits (of 7) from port B of cell peweaver_ppa_dual_fft_icg.$flatten\u_fft128.\u_fft128.\core.\SU1.\TW.$procmux$1154_CMP0 ($eq).
Removed top 1 bits (of 7) from port B of cell peweaver_ppa_dual_fft_icg.$flatten\u_fft128.\u_fft128.\core.\SU1.\TW.$procmux$1153_CMP0 ($eq).
Removed top 1 bits (of 7) from port B of cell peweaver_ppa_dual_fft_icg.$flatten\u_fft128.\u_fft128.\core.\SU1.\TW.$procmux$1152_CMP0 ($eq).
Removed top 1 bits (of 7) from port B of cell peweaver_ppa_dual_fft_icg.$flatten\u_fft128.\u_fft128.\core.\SU1.\TW.$procmux$1150_CMP0 ($eq).
Removed top 1 bits (of 7) from port B of cell peweaver_ppa_dual_fft_icg.$flatten\u_fft128.\u_fft128.\core.\SU1.\TW.$procmux$1148_CMP0 ($eq).
Removed top 1 bits (of 7) from port B of cell peweaver_ppa_dual_fft_icg.$flatten\u_fft128.\u_fft128.\core.\SU1.\TW.$procmux$1147_CMP0 ($eq).
Removed top 1 bits (of 7) from port B of cell peweaver_ppa_dual_fft_icg.$flatten\u_fft128.\u_fft128.\core.\SU1.\TW.$procmux$1146_CMP0 ($eq).
Removed top 1 bits (of 7) from port B of cell peweaver_ppa_dual_fft_icg.$flatten\u_fft128.\u_fft128.\core.\SU1.\TW.$procmux$1144_CMP0 ($eq).
Removed top 1 bits (of 7) from port B of cell peweaver_ppa_dual_fft_icg.$flatten\u_fft128.\u_fft128.\core.\SU1.\TW.$procmux$1142_CMP0 ($eq).
Removed top 1 bits (of 7) from port B of cell peweaver_ppa_dual_fft_icg.$flatten\u_fft128.\u_fft128.\core.\SU1.\TW.$procmux$1141_CMP0 ($eq).
Removed top 6 bits (of 7) from port B of cell peweaver_ppa_dual_fft_icg.$flatten\u_fft128.\u_fft128.\core.\SU1.\TW.$procmux$1074_CMP0 ($eq).
Removed top 5 bits (of 7) from port B of cell peweaver_ppa_dual_fft_icg.$flatten\u_fft128.\u_fft128.\core.\SU1.\TW.$procmux$1073_CMP0 ($eq).
Removed top 5 bits (of 7) from port B of cell peweaver_ppa_dual_fft_icg.$flatten\u_fft128.\u_fft128.\core.\SU1.\TW.$procmux$1072_CMP0 ($eq).
Removed top 4 bits (of 7) from port B of cell peweaver_ppa_dual_fft_icg.$flatten\u_fft128.\u_fft128.\core.\SU1.\TW.$procmux$1071_CMP0 ($eq).
Removed top 4 bits (of 7) from port B of cell peweaver_ppa_dual_fft_icg.$flatten\u_fft128.\u_fft128.\core.\SU1.\TW.$procmux$1070_CMP0 ($eq).
Removed top 4 bits (of 7) from port B of cell peweaver_ppa_dual_fft_icg.$flatten\u_fft128.\u_fft128.\core.\SU1.\TW.$procmux$1069_CMP0 ($eq).
Removed top 4 bits (of 7) from port B of cell peweaver_ppa_dual_fft_icg.$flatten\u_fft128.\u_fft128.\core.\SU1.\TW.$procmux$1068_CMP0 ($eq).
Removed top 3 bits (of 7) from port B of cell peweaver_ppa_dual_fft_icg.$flatten\u_fft128.\u_fft128.\core.\SU1.\TW.$procmux$1067_CMP0 ($eq).
Removed top 3 bits (of 7) from port B of cell peweaver_ppa_dual_fft_icg.$flatten\u_fft128.\u_fft128.\core.\SU1.\TW.$procmux$1066_CMP0 ($eq).
Removed top 1 bits (of 32) from port Y of cell peweaver_ppa_dual_fft_icg.$flatten\u_fft128.\u_fft128.\core.\SU1.\MU.$mul$../third_party/r22sdf/Multiply.v:22$909 ($mul).
Removed top 1 bits (of 32) from port Y of cell peweaver_ppa_dual_fft_icg.$flatten\u_fft128.\u_fft128.\core.\SU1.\MU.$mul$../third_party/r22sdf/Multiply.v:21$908 ($mul).
Removed top 1 bits (of 32) from port Y of cell peweaver_ppa_dual_fft_icg.$flatten\u_fft128.\u_fft128.\core.\SU1.\MU.$mul$../third_party/r22sdf/Multiply.v:20$907 ($mul).
Removed top 15 bits (of 32) from wire peweaver_ppa_dual_fft_icg.$flatten\u_fft128.\u_fft128.\core.\SU3.\BF2.$add$../third_party/r22sdf/Butterfly.v:27$921_Y.
Removed top 15 bits (of 32) from wire peweaver_ppa_dual_fft_icg.$flatten\u_fft128.\u_fft128.\core.\SU3.\BF2.$add$../third_party/r22sdf/Butterfly.v:28$923_Y.
Removed top 15 bits (of 32) from wire peweaver_ppa_dual_fft_icg.$flatten\u_fft128.\u_fft128.\core.\SU3.\BF2.$add$../third_party/r22sdf/Butterfly.v:29$925_Y.
Removed top 15 bits (of 32) from wire peweaver_ppa_dual_fft_icg.$flatten\u_fft128.\u_fft128.\core.\SU3.\BF2.$add$../third_party/r22sdf/Butterfly.v:30$927_Y.
Removed top 15 bits (of 32) from wire peweaver_ppa_dual_fft_icg.$flatten\u_fft128.\u_fft128.\core.\SU1.\BF2.$add$../third_party/r22sdf/Butterfly.v:30$927_Y.
Removed top 15 bits (of 32) from wire peweaver_ppa_dual_fft_icg.$flatten\u_fft128.\u_fft128.\core.\SU1.\BF2.$add$../third_party/r22sdf/Butterfly.v:29$925_Y.
Removed top 15 bits (of 32) from wire peweaver_ppa_dual_fft_icg.$flatten\u_fft128.\u_fft128.\core.\SU1.\BF2.$add$../third_party/r22sdf/Butterfly.v:28$923_Y.
Removed top 15 bits (of 32) from wire peweaver_ppa_dual_fft_icg.$flatten\u_fft128.\u_fft128.\core.\SU1.\BF2.$add$../third_party/r22sdf/Butterfly.v:27$921_Y.
Removed top 15 bits (of 32) from wire peweaver_ppa_dual_fft_icg.$flatten\u_fft64.\u_fft64.\core.\SU1.\BF2.$add$../third_party/r22sdf/Butterfly.v:27$921_Y.
Removed top 15 bits (of 32) from wire peweaver_ppa_dual_fft_icg.$flatten\u_fft64.\u_fft64.\core.\SU1.\BF2.$add$../third_party/r22sdf/Butterfly.v:28$923_Y.
Removed top 15 bits (of 32) from wire peweaver_ppa_dual_fft_icg.$flatten\u_fft64.\u_fft64.\core.\SU1.\BF2.$add$../third_party/r22sdf/Butterfly.v:29$925_Y.
Removed top 15 bits (of 32) from wire peweaver_ppa_dual_fft_icg.$flatten\u_fft64.\u_fft64.\core.\SU1.\BF2.$add$../third_party/r22sdf/Butterfly.v:30$927_Y.
Removed top 15 bits (of 32) from wire peweaver_ppa_dual_fft_icg.$flatten\u_fft64.\u_fft64.\core.\SU2.\BF2.$add$../third_party/r22sdf/Butterfly.v:27$921_Y.
Removed top 15 bits (of 32) from wire peweaver_ppa_dual_fft_icg.$flatten\u_fft64.\u_fft64.\core.\SU2.\BF2.$add$../third_party/r22sdf/Butterfly.v:28$923_Y.
Removed top 15 bits (of 32) from wire peweaver_ppa_dual_fft_icg.$flatten\u_fft64.\u_fft64.\core.\SU2.\BF2.$add$../third_party/r22sdf/Butterfly.v:29$925_Y.
Removed top 15 bits (of 32) from wire peweaver_ppa_dual_fft_icg.$flatten\u_fft64.\u_fft64.\core.\SU2.\BF2.$add$../third_party/r22sdf/Butterfly.v:30$927_Y.
Removed top 15 bits (of 32) from wire peweaver_ppa_dual_fft_icg.$flatten\u_fft128.\u_fft128.\core.\SU2.\BF2.$add$../third_party/r22sdf/Butterfly.v:30$927_Y.
Removed top 15 bits (of 32) from wire peweaver_ppa_dual_fft_icg.$flatten\u_fft128.\u_fft128.\core.\SU2.\BF2.$add$../third_party/r22sdf/Butterfly.v:29$925_Y.
Removed top 15 bits (of 32) from wire peweaver_ppa_dual_fft_icg.$flatten\u_fft128.\u_fft128.\core.\SU2.\BF2.$add$../third_party/r22sdf/Butterfly.v:28$923_Y.
Removed top 15 bits (of 32) from wire peweaver_ppa_dual_fft_icg.$flatten\u_fft128.\u_fft128.\core.\SU2.\BF2.$add$../third_party/r22sdf/Butterfly.v:27$921_Y.
Removed top 15 bits (of 32) from wire peweaver_ppa_dual_fft_icg.$flatten\u_fft64.\u_fft64.\core.\SU3.\BF2.$add$../third_party/r22sdf/Butterfly.v:27$921_Y.
Removed top 15 bits (of 32) from wire peweaver_ppa_dual_fft_icg.$flatten\u_fft64.\u_fft64.\core.\SU3.\BF2.$add$../third_party/r22sdf/Butterfly.v:28$923_Y.
Removed top 15 bits (of 32) from wire peweaver_ppa_dual_fft_icg.$flatten\u_fft64.\u_fft64.\core.\SU3.\BF2.$add$../third_party/r22sdf/Butterfly.v:29$925_Y.
Removed top 15 bits (of 32) from wire peweaver_ppa_dual_fft_icg.$flatten\u_fft64.\u_fft64.\core.\SU3.\BF2.$add$../third_party/r22sdf/Butterfly.v:30$927_Y.

18.12. Executing PEEPOPT pass (run peephole optimizers).

18.13. Executing OPT_CLEAN pass (remove unused cells and wires).
Finding unused cells or wires in module \peweaver_ppa_dual_fft_icg..
Removed 0 unused cells and 24 unused wires.
<suppressed ~1 debug messages>

18.14. Executing ALUMACC pass (create $alu and $macc cells).
Extracting $alu and $macc cells in module peweaver_ppa_dual_fft_icg:
  creating $macc model for $flatten\u_fft128.\u_fft128.\core.\SU1.\BF2.$add$../third_party/r22sdf/Butterfly.v:30$927 ($add).
  creating $macc model for $flatten\u_fft128.\u_fft128.\core.\SU1.\BF2.$add$../third_party/r22sdf/Butterfly.v:28$923 ($add).
  creating $macc model for $flatten\u_fft128.\u_fft128.\core.\SU1.\BF2.$add$../third_party/r22sdf/Butterfly.v:29$925 ($add).
  creating $macc model for $flatten\u_fft128.\u_fft128.\core.\SU1.\BF2.$add$../third_party/r22sdf/Butterfly.v:27$921 ($add).
  creating $macc model for $flatten\u_fft128.\u_fft128.\core.\SU1.\BF2.$sub$../third_party/r22sdf/Butterfly.v:24$920 ($sub).
  creating $macc model for $flatten\u_fft128.\u_fft128.\core.\SU1.\BF2.$sub$../third_party/r22sdf/Butterfly.v:23$919 ($sub).
  creating $macc model for $flatten\u_fft128.\u_fft128.\core.\SU1.\BF2.$add$../third_party/r22sdf/Butterfly.v:22$918 ($add).
  creating $macc model for $flatten\u_fft128.\u_fft128.\core.\SU3.\BF2.$add$../third_party/r22sdf/Butterfly.v:22$918 ($add).
  creating $macc model for $flatten\u_fft128.\u_fft128.\core.\SU3.\BF2.$sub$../third_party/r22sdf/Butterfly.v:23$919 ($sub).
  creating $macc model for $flatten\u_fft128.\u_fft128.\core.\SU3.\BF2.$sub$../third_party/r22sdf/Butterfly.v:24$920 ($sub).
  creating $macc model for $flatten\u_fft128.\u_fft128.\core.\SU3.\BF2.$add$../third_party/r22sdf/Butterfly.v:27$921 ($add).
  creating $macc model for $flatten\u_fft128.\u_fft128.\core.\SU3.\BF2.$add$../third_party/r22sdf/Butterfly.v:29$925 ($add).
  creating $macc model for $flatten\u_fft128.\u_fft128.\core.\SU3.\BF2.$add$../third_party/r22sdf/Butterfly.v:28$923 ($add).
  creating $macc model for $flatten\u_fft128.\u_fft128.\core.\SU3.\BF2.$add$../third_party/r22sdf/Butterfly.v:30$927 ($add).
  creating $macc model for $flatten\u_fft128.\u_fft128.\core.\SU3.\BF1.$add$../third_party/r22sdf/Butterfly.v:22$931 ($add).
  creating $macc model for $flatten\u_fft128.\u_fft128.\core.\SU3.\BF1.$sub$../third_party/r22sdf/Butterfly.v:23$932 ($sub).
  creating $macc model for $flatten\u_fft128.\u_fft128.\core.\SU3.\BF1.$sub$../third_party/r22sdf/Butterfly.v:24$933 ($sub).
  creating $macc model for $flatten\u_fft128.\u_fft128.\core.\SU3.\MU.$mul$../third_party/r22sdf/Multiply.v:19$906 ($mul).
  creating $macc model for $flatten\u_fft128.\u_fft128.\core.\SU3.$mul$rtl/dual/sdfunit128.v:233$787 ($mul).
  creating $macc model for $flatten\u_fft128.\u_fft128.\core.\SU3.$add$rtl/dual/sdfunit128.v:205$778 ($add).
  creating $macc model for $flatten\u_fft128.\u_fft128.\core.\SU3.\BF2.$add$../third_party/r22sdf/Butterfly.v:21$917 ($add).
  creating $macc model for $flatten\u_fft128.\u_fft128.\core.\SU3.$add$rtl/dual/sdfunit128.v:148$760 ($add).
  creating $macc model for $flatten\u_fft128.\u_fft128.\core.\SU3.$neg$rtl/dual/sdfunit128.v:140$754 ($neg).
  creating $macc model for $flatten\u_fft128.\u_fft128.\core.\SU3.\BF1.$add$../third_party/r22sdf/Butterfly.v:21$930 ($add).
  creating $macc model for $flatten\u_fft128.\u_fft128.\core.\SU4.\BF.$add$../third_party/r22sdf/Butterfly.v:22$931 ($add).
  creating $macc model for $flatten\u_fft128.\u_fft128.\core.\SU4.\BF.$sub$../third_party/r22sdf/Butterfly.v:23$932 ($sub).
  creating $macc model for $flatten\u_fft128.\u_fft128.\core.\SU4.\BF.$sub$../third_party/r22sdf/Butterfly.v:24$933 ($sub).
  creating $macc model for $flatten\u_fft128.\u_fft128.\core.\SU4.\BF.$add$../third_party/r22sdf/Butterfly.v:21$930 ($add).
  creating $macc model for $flatten\u_fft64.\u_fft64.\core.\SU1.$add$../third_party/r22sdf/SdfUnit.v:107$676 ($add).
  creating $macc model for $flatten\u_fft64.\u_fft64.\core.\SU2.$add$../third_party/r22sdf/SdfUnit.v:107$621 ($add).
  creating $macc model for $flatten\u_fft64.\u_fft64.\core.\SU3.$add$../third_party/r22sdf/SdfUnit.v:107$566 ($add).
  creating $macc model for $flatten\u_fft64.\u_fft64.\core.\SU1.\MU.$mul$../third_party/r22sdf/Multiply.v:20$907 ($mul).
  creating $macc model for $flatten\u_fft64.\u_fft64.\core.\SU1.\MU.$mul$../third_party/r22sdf/Multiply.v:21$908 ($mul).
  creating $macc model for $flatten\u_fft64.\u_fft64.\core.\SU1.\MU.$mul$../third_party/r22sdf/Multiply.v:22$909 ($mul).
  creating $macc model for $flatten\u_fft64.\u_fft64.\core.\SU1.\MU.$add$../third_party/r22sdf/Multiply.v:33$915 ($add).
  creating $macc model for $flatten\u_fft64.\u_fft64.\core.\SU1.\MU.$sub$../third_party/r22sdf/Multiply.v:32$914 ($sub).
  creating $macc model for $flatten\u_fft128.\u_fft128.\core.\SU2.\MU.$sub$../third_party/r22sdf/Multiply.v:32$914 ($sub).
  creating $macc model for $flatten\u_fft128.\u_fft128.\core.\SU2.\MU.$add$../third_party/r22sdf/Multiply.v:33$915 ($add).
  creating $macc model for $flatten\u_fft128.\u_fft128.\core.\SU2.\MU.$mul$../third_party/r22sdf/Multiply.v:22$909 ($mul).
  creating $macc model for $flatten\u_fft128.\u_fft128.\core.\SU2.\MU.$mul$../third_party/r22sdf/Multiply.v:21$908 ($mul).
  creating $macc model for $flatten\u_fft128.\u_fft128.\core.\SU2.\MU.$mul$../third_party/r22sdf/Multiply.v:20$907 ($mul).
  creating $macc model for $flatten\u_fft128.\u_fft128.\core.\SU1.\BF1.$add$../third_party/r22sdf/Butterfly.v:21$930 ($add).
  creating $macc model for $flatten\u_fft128.\u_fft128.\core.\SU1.$neg$rtl/dual/sdfunit128.v:140$864 ($neg).
  creating $macc model for $flatten\u_fft128.\u_fft128.\core.\SU1.$add$rtl/dual/sdfunit128.v:148$870 ($add).
  creating $macc model for $flatten\u_fft64.\u_fft64.\core.\SU1.\BF2.$add$../third_party/r22sdf/Butterfly.v:22$918 ($add).
  creating $macc model for $flatten\u_fft64.\u_fft64.\core.\SU1.\BF2.$sub$../third_party/r22sdf/Butterfly.v:23$919 ($sub).
  creating $macc model for $flatten\u_fft64.\u_fft64.\core.\SU1.\BF2.$sub$../third_party/r22sdf/Butterfly.v:24$920 ($sub).
  creating $macc model for $flatten\u_fft64.\u_fft64.\core.\SU1.\BF2.$add$../third_party/r22sdf/Butterfly.v:27$921 ($add).
  creating $macc model for $flatten\u_fft64.\u_fft64.\core.\SU1.\BF2.$add$../third_party/r22sdf/Butterfly.v:29$925 ($add).
  creating $macc model for $flatten\u_fft64.\u_fft64.\core.\SU1.\BF2.$add$../third_party/r22sdf/Butterfly.v:28$923 ($add).
  creating $macc model for $flatten\u_fft64.\u_fft64.\core.\SU1.\BF2.$add$../third_party/r22sdf/Butterfly.v:30$927 ($add).
  creating $macc model for $flatten\u_fft64.\u_fft64.\core.\SU1.\BF1.$add$../third_party/r22sdf/Butterfly.v:22$931 ($add).
  creating $macc model for $flatten\u_fft64.\u_fft64.\core.\SU1.\BF1.$sub$../third_party/r22sdf/Butterfly.v:23$932 ($sub).
  creating $macc model for $flatten\u_fft64.\u_fft64.\core.\SU1.\BF1.$sub$../third_party/r22sdf/Butterfly.v:24$933 ($sub).
  creating $macc model for $flatten\u_fft64.\u_fft64.\core.\SU1.\MU.$mul$../third_party/r22sdf/Multiply.v:19$906 ($mul).
  creating $macc model for $flatten\u_fft64.\u_fft64.\core.\SU1.$mul$../third_party/r22sdf/SdfUnit.v:233$719 ($mul).
  creating $macc model for $flatten\u_fft64.\u_fft64.\core.\SU1.$add$../third_party/r22sdf/SdfUnit.v:205$710 ($add).
  creating $macc model for $flatten\u_fft64.\u_fft64.\core.\SU1.\BF2.$add$../third_party/r22sdf/Butterfly.v:21$917 ($add).
  creating $macc model for $flatten\u_fft64.\u_fft64.\core.\SU1.$add$../third_party/r22sdf/SdfUnit.v:148$692 ($add).
  creating $macc model for $flatten\u_fft64.\u_fft64.\core.\SU1.$neg$../third_party/r22sdf/SdfUnit.v:140$686 ($neg).
  creating $macc model for $flatten\u_fft64.\u_fft64.\core.\SU1.\BF1.$add$../third_party/r22sdf/Butterfly.v:21$930 ($add).
  creating $macc model for $flatten\u_fft64.\u_fft64.\core.\SU2.\MU.$mul$../third_party/r22sdf/Multiply.v:20$907 ($mul).
  creating $macc model for $flatten\u_fft64.\u_fft64.\core.\SU2.\MU.$mul$../third_party/r22sdf/Multiply.v:21$908 ($mul).
  creating $macc model for $flatten\u_fft64.\u_fft64.\core.\SU2.\MU.$mul$../third_party/r22sdf/Multiply.v:22$909 ($mul).
  creating $macc model for $flatten\u_fft64.\u_fft64.\core.\SU2.\MU.$add$../third_party/r22sdf/Multiply.v:33$915 ($add).
  creating $macc model for $flatten\u_fft64.\u_fft64.\core.\SU2.\MU.$sub$../third_party/r22sdf/Multiply.v:32$914 ($sub).
  creating $macc model for $flatten\u_fft128.\u_fft128.\core.\SU2.\BF2.$add$../third_party/r22sdf/Butterfly.v:22$918 ($add).
  creating $macc model for $flatten\u_fft128.\u_fft128.\core.\SU2.\BF2.$sub$../third_party/r22sdf/Butterfly.v:23$919 ($sub).
  creating $macc model for $flatten\u_fft128.\u_fft128.\core.\SU1.$mul$rtl/dual/sdfunit128.v:233$897 ($mul).
  creating $macc model for $flatten\u_fft128.\u_fft128.\core.\SU2.\BF2.$sub$../third_party/r22sdf/Butterfly.v:24$920 ($sub).
  creating $macc model for $flatten\u_fft128.\u_fft128.\core.\SU2.\BF2.$add$../third_party/r22sdf/Butterfly.v:27$921 ($add).
  creating $macc model for $flatten\u_fft128.\u_fft128.\core.\SU2.\BF2.$add$../third_party/r22sdf/Butterfly.v:29$925 ($add).
  creating $macc model for $flatten\u_fft128.\u_fft128.\core.\SU2.\BF2.$add$../third_party/r22sdf/Butterfly.v:28$923 ($add).
  creating $macc model for $flatten\u_fft128.\u_fft128.\core.\SU2.\BF2.$add$../third_party/r22sdf/Butterfly.v:30$927 ($add).
  creating $macc model for $flatten\u_fft128.\u_fft128.\core.\SU1.\MU.$mul$../third_party/r22sdf/Multiply.v:19$906 ($mul).
  creating $macc model for $flatten\u_fft64.\u_fft64.\core.\SU2.\BF2.$add$../third_party/r22sdf/Butterfly.v:22$918 ($add).
  creating $macc model for $flatten\u_fft64.\u_fft64.\core.\SU2.\BF2.$sub$../third_party/r22sdf/Butterfly.v:23$919 ($sub).
  creating $macc model for $flatten\u_fft64.\u_fft64.\core.\SU2.\BF2.$sub$../third_party/r22sdf/Butterfly.v:24$920 ($sub).
  creating $macc model for $flatten\u_fft64.\u_fft64.\core.\SU2.\BF2.$add$../third_party/r22sdf/Butterfly.v:27$921 ($add).
  creating $macc model for $flatten\u_fft64.\u_fft64.\core.\SU2.\BF2.$add$../third_party/r22sdf/Butterfly.v:29$925 ($add).
  creating $macc model for $flatten\u_fft64.\u_fft64.\core.\SU2.\BF2.$add$../third_party/r22sdf/Butterfly.v:28$923 ($add).
  creating $macc model for $flatten\u_fft64.\u_fft64.\core.\SU2.\BF2.$add$../third_party/r22sdf/Butterfly.v:30$927 ($add).
  creating $macc model for $flatten\u_fft64.\u_fft64.\core.\SU2.\BF1.$add$../third_party/r22sdf/Butterfly.v:22$931 ($add).
  creating $macc model for $flatten\u_fft64.\u_fft64.\core.\SU2.\BF1.$sub$../third_party/r22sdf/Butterfly.v:23$932 ($sub).
  creating $macc model for $flatten\u_fft64.\u_fft64.\core.\SU2.\BF1.$sub$../third_party/r22sdf/Butterfly.v:24$933 ($sub).
  creating $macc model for $flatten\u_fft64.\u_fft64.\core.\SU2.\MU.$mul$../third_party/r22sdf/Multiply.v:19$906 ($mul).
  creating $macc model for $flatten\u_fft64.\u_fft64.\core.\SU2.$mul$../third_party/r22sdf/SdfUnit.v:233$664 ($mul).
  creating $macc model for $flatten\u_fft64.\u_fft64.\core.\SU2.$add$../third_party/r22sdf/SdfUnit.v:205$655 ($add).
  creating $macc model for $flatten\u_fft64.\u_fft64.\core.\SU2.\BF2.$add$../third_party/r22sdf/Butterfly.v:21$917 ($add).
  creating $macc model for $flatten\u_fft64.\u_fft64.\core.\SU2.$add$../third_party/r22sdf/SdfUnit.v:148$637 ($add).
  creating $macc model for $flatten\u_fft64.\u_fft64.\core.\SU2.$neg$../third_party/r22sdf/SdfUnit.v:140$631 ($neg).
  creating $macc model for $flatten\u_fft128.\u_fft128.\core.\SU1.\BF1.$sub$../third_party/r22sdf/Butterfly.v:24$933 ($sub).
  creating $macc model for $flatten\u_fft64.\u_fft64.\core.\SU2.\BF1.$add$../third_party/r22sdf/Butterfly.v:21$930 ($add).
  creating $macc model for $flatten\u_fft128.\u_fft128.\core.\SU1.\BF1.$sub$../third_party/r22sdf/Butterfly.v:23$932 ($sub).
  creating $macc model for $flatten\u_fft128.\u_fft128.\core.\SU1.\BF1.$add$../third_party/r22sdf/Butterfly.v:22$931 ($add).
  creating $macc model for $flatten\u_fft128.\u_fft128.\core.\SU2.\BF1.$add$../third_party/r22sdf/Butterfly.v:22$931 ($add).
  creating $macc model for $flatten\u_fft128.\u_fft128.\core.\SU2.\BF1.$sub$../third_party/r22sdf/Butterfly.v:23$932 ($sub).
  creating $macc model for $flatten\u_fft128.\u_fft128.\core.\SU2.\BF1.$sub$../third_party/r22sdf/Butterfly.v:24$933 ($sub).
  creating $macc model for $flatten\u_fft128.\u_fft128.\core.\SU2.\MU.$mul$../third_party/r22sdf/Multiply.v:19$906 ($mul).
  creating $macc model for $flatten\u_fft128.\u_fft128.\core.\SU2.$mul$rtl/dual/sdfunit128.v:233$842 ($mul).
  creating $macc model for $flatten\u_fft128.\u_fft128.\core.\SU2.$add$rtl/dual/sdfunit128.v:205$833 ($add).
  creating $macc model for $flatten\u_fft128.\u_fft128.\core.\SU2.\BF2.$add$../third_party/r22sdf/Butterfly.v:21$917 ($add).
  creating $macc model for $flatten\u_fft128.\u_fft128.\core.\SU2.$add$rtl/dual/sdfunit128.v:148$815 ($add).
  creating $macc model for $flatten\u_fft128.\u_fft128.\core.\SU2.$neg$rtl/dual/sdfunit128.v:140$809 ($neg).
  creating $macc model for $flatten\u_fft128.\u_fft128.\core.\SU2.\BF1.$add$../third_party/r22sdf/Butterfly.v:21$930 ($add).
  creating $macc model for $flatten\u_fft128.\u_fft128.\core.\SU3.\MU.$mul$../third_party/r22sdf/Multiply.v:20$907 ($mul).
  creating $macc model for $flatten\u_fft128.\u_fft128.\core.\SU3.\MU.$mul$../third_party/r22sdf/Multiply.v:21$908 ($mul).
  creating $macc model for $flatten\u_fft128.\u_fft128.\core.\SU3.\MU.$mul$../third_party/r22sdf/Multiply.v:22$909 ($mul).
  creating $macc model for $flatten\u_fft128.\u_fft128.\core.\SU3.\MU.$add$../third_party/r22sdf/Multiply.v:33$915 ($add).
  creating $macc model for $flatten\u_fft128.\u_fft128.\core.\SU3.\MU.$sub$../third_party/r22sdf/Multiply.v:32$914 ($sub).
  creating $macc model for $flatten\u_fft128.\u_fft128.\core.\SU1.\MU.$sub$../third_party/r22sdf/Multiply.v:32$914 ($sub).
  creating $macc model for $flatten\u_fft128.\u_fft128.\core.\SU1.\MU.$add$../third_party/r22sdf/Multiply.v:33$915 ($add).
  creating $macc model for $flatten\u_fft128.\u_fft128.\core.\SU1.\MU.$mul$../third_party/r22sdf/Multiply.v:22$909 ($mul).
  creating $macc model for $flatten\u_fft128.\u_fft128.\core.\SU1.\MU.$mul$../third_party/r22sdf/Multiply.v:21$908 ($mul).
  creating $macc model for $flatten\u_fft128.\u_fft128.\core.\SU1.\MU.$mul$../third_party/r22sdf/Multiply.v:20$907 ($mul).
  creating $macc model for $flatten\u_fft128.\u_fft128.\core.\SU3.$add$rtl/dual/sdfunit128.v:107$744 ($add).
  creating $macc model for $flatten\u_fft64.\u_fft64.\core.\SU3.\BF2.$add$../third_party/r22sdf/Butterfly.v:22$918 ($add).
  creating $macc model for $flatten\u_fft64.\u_fft64.\core.\SU3.\BF2.$sub$../third_party/r22sdf/Butterfly.v:23$919 ($sub).
  creating $macc model for $flatten\u_fft64.\u_fft64.\core.\SU3.\BF2.$sub$../third_party/r22sdf/Butterfly.v:24$920 ($sub).
  creating $macc model for $flatten\u_fft64.\u_fft64.\core.\SU3.\BF2.$add$../third_party/r22sdf/Butterfly.v:27$921 ($add).
  creating $macc model for $flatten\u_fft64.\u_fft64.\core.\SU3.\BF2.$add$../third_party/r22sdf/Butterfly.v:29$925 ($add).
  creating $macc model for $flatten\u_fft64.\u_fft64.\core.\SU3.\BF2.$add$../third_party/r22sdf/Butterfly.v:28$923 ($add).
  creating $macc model for $flatten\u_fft64.\u_fft64.\core.\SU3.\BF2.$add$../third_party/r22sdf/Butterfly.v:30$927 ($add).
  creating $macc model for $flatten\u_fft64.\u_fft64.\core.\SU3.\BF1.$add$../third_party/r22sdf/Butterfly.v:22$931 ($add).
  creating $macc model for $flatten\u_fft64.\u_fft64.\core.\SU3.\BF1.$sub$../third_party/r22sdf/Butterfly.v:23$932 ($sub).
  creating $macc model for $flatten\u_fft64.\u_fft64.\core.\SU3.\BF1.$sub$../third_party/r22sdf/Butterfly.v:24$933 ($sub).
  creating $macc model for $flatten\u_fft128.\u_fft128.\core.\SU1.\BF2.$add$../third_party/r22sdf/Butterfly.v:21$917 ($add).
  creating $macc model for $flatten\u_fft128.\u_fft128.\core.\SU1.$add$rtl/dual/sdfunit128.v:205$888 ($add).
  creating $macc model for $flatten\u_fft128.\u_fft128.\core.\SU1.$add$rtl/dual/sdfunit128.v:107$854 ($add).
  creating $macc model for $flatten\u_fft128.\u_fft128.\core.\SU2.$add$rtl/dual/sdfunit128.v:107$799 ($add).
  creating $macc model for $flatten\u_fft64.\u_fft64.\core.\SU3.$add$../third_party/r22sdf/SdfUnit.v:205$600 ($add).
  creating $macc model for $flatten\u_fft64.\u_fft64.\core.\SU3.\BF2.$add$../third_party/r22sdf/Butterfly.v:21$917 ($add).
  creating $macc model for $flatten\u_fft64.\u_fft64.\core.\SU3.$add$../third_party/r22sdf/SdfUnit.v:148$582 ($add).
  creating $macc model for $flatten\u_fft64.\u_fft64.\core.\SU3.$neg$../third_party/r22sdf/SdfUnit.v:140$576 ($neg).
  creating $macc model for $flatten\u_fft64.\u_fft64.\core.\SU3.\BF1.$add$../third_party/r22sdf/Butterfly.v:21$930 ($add).
  merging $macc model for $flatten\u_fft64.\u_fft64.\core.\SU3.\BF2.$sub$../third_party/r22sdf/Butterfly.v:24$920 into $flatten\u_fft64.\u_fft64.\core.\SU3.\BF2.$add$../third_party/r22sdf/Butterfly.v:30$927.
  merging $macc model for $flatten\u_fft64.\u_fft64.\core.\SU3.\BF2.$add$../third_party/r22sdf/Butterfly.v:22$918 into $flatten\u_fft64.\u_fft64.\core.\SU3.\BF2.$add$../third_party/r22sdf/Butterfly.v:28$923.
  merging $macc model for $flatten\u_fft64.\u_fft64.\core.\SU3.\BF2.$sub$../third_party/r22sdf/Butterfly.v:23$919 into $flatten\u_fft64.\u_fft64.\core.\SU3.\BF2.$add$../third_party/r22sdf/Butterfly.v:29$925.
  merging $macc model for $flatten\u_fft64.\u_fft64.\core.\SU3.\BF2.$add$../third_party/r22sdf/Butterfly.v:21$917 into $flatten\u_fft64.\u_fft64.\core.\SU3.\BF2.$add$../third_party/r22sdf/Butterfly.v:27$921.
  merging $macc model for $flatten\u_fft64.\u_fft64.\core.\SU2.\BF2.$sub$../third_party/r22sdf/Butterfly.v:24$920 into $flatten\u_fft64.\u_fft64.\core.\SU2.\BF2.$add$../third_party/r22sdf/Butterfly.v:30$927.
  merging $macc model for $flatten\u_fft64.\u_fft64.\core.\SU2.\BF2.$add$../third_party/r22sdf/Butterfly.v:22$918 into $flatten\u_fft64.\u_fft64.\core.\SU2.\BF2.$add$../third_party/r22sdf/Butterfly.v:28$923.
  merging $macc model for $flatten\u_fft64.\u_fft64.\core.\SU2.\BF2.$sub$../third_party/r22sdf/Butterfly.v:23$919 into $flatten\u_fft64.\u_fft64.\core.\SU2.\BF2.$add$../third_party/r22sdf/Butterfly.v:29$925.
  merging $macc model for $flatten\u_fft64.\u_fft64.\core.\SU2.\BF2.$add$../third_party/r22sdf/Butterfly.v:21$917 into $flatten\u_fft64.\u_fft64.\core.\SU2.\BF2.$add$../third_party/r22sdf/Butterfly.v:27$921.
  merging $macc model for $flatten\u_fft128.\u_fft128.\core.\SU2.\BF2.$sub$../third_party/r22sdf/Butterfly.v:24$920 into $flatten\u_fft128.\u_fft128.\core.\SU2.\BF2.$add$../third_party/r22sdf/Butterfly.v:30$927.
  merging $macc model for $flatten\u_fft128.\u_fft128.\core.\SU2.\BF2.$add$../third_party/r22sdf/Butterfly.v:22$918 into $flatten\u_fft128.\u_fft128.\core.\SU2.\BF2.$add$../third_party/r22sdf/Butterfly.v:28$923.
  merging $macc model for $flatten\u_fft128.\u_fft128.\core.\SU2.\BF2.$sub$../third_party/r22sdf/Butterfly.v:23$919 into $flatten\u_fft128.\u_fft128.\core.\SU2.\BF2.$add$../third_party/r22sdf/Butterfly.v:29$925.
  merging $macc model for $flatten\u_fft128.\u_fft128.\core.\SU2.\BF2.$add$../third_party/r22sdf/Butterfly.v:21$917 into $flatten\u_fft128.\u_fft128.\core.\SU2.\BF2.$add$../third_party/r22sdf/Butterfly.v:27$921.
  merging $macc model for $flatten\u_fft64.\u_fft64.\core.\SU1.\BF2.$sub$../third_party/r22sdf/Butterfly.v:24$920 into $flatten\u_fft64.\u_fft64.\core.\SU1.\BF2.$add$../third_party/r22sdf/Butterfly.v:30$927.
  merging $macc model for $flatten\u_fft64.\u_fft64.\core.\SU1.\BF2.$add$../third_party/r22sdf/Butterfly.v:22$918 into $flatten\u_fft64.\u_fft64.\core.\SU1.\BF2.$add$../third_party/r22sdf/Butterfly.v:28$923.
  merging $macc model for $flatten\u_fft64.\u_fft64.\core.\SU1.\BF2.$sub$../third_party/r22sdf/Butterfly.v:23$919 into $flatten\u_fft64.\u_fft64.\core.\SU1.\BF2.$add$../third_party/r22sdf/Butterfly.v:29$925.
  merging $macc model for $flatten\u_fft64.\u_fft64.\core.\SU1.\BF2.$add$../third_party/r22sdf/Butterfly.v:21$917 into $flatten\u_fft64.\u_fft64.\core.\SU1.\BF2.$add$../third_party/r22sdf/Butterfly.v:27$921.
  merging $macc model for $flatten\u_fft128.\u_fft128.\core.\SU3.\BF2.$sub$../third_party/r22sdf/Butterfly.v:24$920 into $flatten\u_fft128.\u_fft128.\core.\SU3.\BF2.$add$../third_party/r22sdf/Butterfly.v:30$927.
  merging $macc model for $flatten\u_fft128.\u_fft128.\core.\SU3.\BF2.$add$../third_party/r22sdf/Butterfly.v:22$918 into $flatten\u_fft128.\u_fft128.\core.\SU3.\BF2.$add$../third_party/r22sdf/Butterfly.v:28$923.
  merging $macc model for $flatten\u_fft128.\u_fft128.\core.\SU3.\BF2.$sub$../third_party/r22sdf/Butterfly.v:23$919 into $flatten\u_fft128.\u_fft128.\core.\SU3.\BF2.$add$../third_party/r22sdf/Butterfly.v:29$925.
  merging $macc model for $flatten\u_fft128.\u_fft128.\core.\SU3.\BF2.$add$../third_party/r22sdf/Butterfly.v:21$917 into $flatten\u_fft128.\u_fft128.\core.\SU3.\BF2.$add$../third_party/r22sdf/Butterfly.v:27$921.
  merging $macc model for $flatten\u_fft128.\u_fft128.\core.\SU1.\BF2.$add$../third_party/r22sdf/Butterfly.v:21$917 into $flatten\u_fft128.\u_fft128.\core.\SU1.\BF2.$add$../third_party/r22sdf/Butterfly.v:27$921.
  merging $macc model for $flatten\u_fft128.\u_fft128.\core.\SU1.\BF2.$sub$../third_party/r22sdf/Butterfly.v:23$919 into $flatten\u_fft128.\u_fft128.\core.\SU1.\BF2.$add$../third_party/r22sdf/Butterfly.v:29$925.
  merging $macc model for $flatten\u_fft128.\u_fft128.\core.\SU1.\BF2.$add$../third_party/r22sdf/Butterfly.v:22$918 into $flatten\u_fft128.\u_fft128.\core.\SU1.\BF2.$add$../third_party/r22sdf/Butterfly.v:28$923.
  merging $macc model for $flatten\u_fft128.\u_fft128.\core.\SU1.\BF2.$sub$../third_party/r22sdf/Butterfly.v:24$920 into $flatten\u_fft128.\u_fft128.\core.\SU1.\BF2.$add$../third_party/r22sdf/Butterfly.v:30$927.
  creating $alu model for $macc $flatten\u_fft128.\u_fft128.\core.\SU1.\MU.$sub$../third_party/r22sdf/Multiply.v:32$914.
  creating $alu model for $macc $flatten\u_fft128.\u_fft128.\core.\SU3.\MU.$sub$../third_party/r22sdf/Multiply.v:32$914.
  creating $alu model for $macc $flatten\u_fft128.\u_fft128.\core.\SU3.\MU.$add$../third_party/r22sdf/Multiply.v:33$915.
  creating $alu model for $macc $flatten\u_fft128.\u_fft128.\core.\SU2.\BF1.$add$../third_party/r22sdf/Butterfly.v:21$930.
  creating $alu model for $macc $flatten\u_fft128.\u_fft128.\core.\SU2.$neg$rtl/dual/sdfunit128.v:140$809.
  creating $alu model for $macc $flatten\u_fft128.\u_fft128.\core.\SU2.$add$rtl/dual/sdfunit128.v:148$815.
  creating $alu model for $macc $flatten\u_fft128.\u_fft128.\core.\SU2.$add$rtl/dual/sdfunit128.v:205$833.
  creating $alu model for $macc $flatten\u_fft128.\u_fft128.\core.\SU2.\BF1.$sub$../third_party/r22sdf/Butterfly.v:24$933.
  creating $alu model for $macc $flatten\u_fft128.\u_fft128.\core.\SU2.\BF1.$sub$../third_party/r22sdf/Butterfly.v:23$932.
  creating $alu model for $macc $flatten\u_fft128.\u_fft128.\core.\SU2.\BF1.$add$../third_party/r22sdf/Butterfly.v:22$931.
  creating $alu model for $macc $flatten\u_fft128.\u_fft128.\core.\SU1.\BF1.$add$../third_party/r22sdf/Butterfly.v:22$931.
  creating $alu model for $macc $flatten\u_fft128.\u_fft128.\core.\SU1.\BF1.$sub$../third_party/r22sdf/Butterfly.v:23$932.
  creating $alu model for $macc $flatten\u_fft64.\u_fft64.\core.\SU2.\BF1.$add$../third_party/r22sdf/Butterfly.v:21$930.
  creating $alu model for $macc $flatten\u_fft128.\u_fft128.\core.\SU1.\BF1.$sub$../third_party/r22sdf/Butterfly.v:24$933.
  creating $alu model for $macc $flatten\u_fft64.\u_fft64.\core.\SU2.$neg$../third_party/r22sdf/SdfUnit.v:140$631.
  creating $alu model for $macc $flatten\u_fft64.\u_fft64.\core.\SU2.$add$../third_party/r22sdf/SdfUnit.v:148$637.
  creating $alu model for $macc $flatten\u_fft128.\u_fft128.\core.\SU1.\MU.$add$../third_party/r22sdf/Multiply.v:33$915.
  creating $alu model for $macc $flatten\u_fft64.\u_fft64.\core.\SU2.$add$../third_party/r22sdf/SdfUnit.v:205$655.
  creating $alu model for $macc $flatten\u_fft64.\u_fft64.\core.\SU2.\BF1.$sub$../third_party/r22sdf/Butterfly.v:24$933.
  creating $alu model for $macc $flatten\u_fft64.\u_fft64.\core.\SU2.\BF1.$sub$../third_party/r22sdf/Butterfly.v:23$932.
  creating $alu model for $macc $flatten\u_fft64.\u_fft64.\core.\SU2.\BF1.$add$../third_party/r22sdf/Butterfly.v:22$931.
  creating $alu model for $macc $flatten\u_fft128.\u_fft128.\core.\SU3.$add$rtl/dual/sdfunit128.v:107$744.
  creating $alu model for $macc $flatten\u_fft64.\u_fft64.\core.\SU2.\MU.$sub$../third_party/r22sdf/Multiply.v:32$914.
  creating $alu model for $macc $flatten\u_fft64.\u_fft64.\core.\SU2.\MU.$add$../third_party/r22sdf/Multiply.v:33$915.
  creating $alu model for $macc $flatten\u_fft64.\u_fft64.\core.\SU1.\BF1.$add$../third_party/r22sdf/Butterfly.v:21$930.
  creating $alu model for $macc $flatten\u_fft64.\u_fft64.\core.\SU1.$neg$../third_party/r22sdf/SdfUnit.v:140$686.
  creating $alu model for $macc $flatten\u_fft64.\u_fft64.\core.\SU1.$add$../third_party/r22sdf/SdfUnit.v:148$692.
  creating $alu model for $macc $flatten\u_fft64.\u_fft64.\core.\SU1.$add$../third_party/r22sdf/SdfUnit.v:205$710.
  creating $alu model for $macc $flatten\u_fft64.\u_fft64.\core.\SU1.\BF1.$sub$../third_party/r22sdf/Butterfly.v:24$933.
  creating $alu model for $macc $flatten\u_fft64.\u_fft64.\core.\SU1.\BF1.$sub$../third_party/r22sdf/Butterfly.v:23$932.
  creating $alu model for $macc $flatten\u_fft64.\u_fft64.\core.\SU1.\BF1.$add$../third_party/r22sdf/Butterfly.v:22$931.
  creating $alu model for $macc $flatten\u_fft64.\u_fft64.\core.\SU3.\BF1.$add$../third_party/r22sdf/Butterfly.v:22$931.
  creating $alu model for $macc $flatten\u_fft64.\u_fft64.\core.\SU3.\BF1.$sub$../third_party/r22sdf/Butterfly.v:24$933.
  creating $alu model for $macc $flatten\u_fft64.\u_fft64.\core.\SU3.\BF1.$sub$../third_party/r22sdf/Butterfly.v:23$932.
  creating $alu model for $macc $flatten\u_fft128.\u_fft128.\core.\SU1.$add$rtl/dual/sdfunit128.v:148$870.
  creating $alu model for $macc $flatten\u_fft128.\u_fft128.\core.\SU1.$neg$rtl/dual/sdfunit128.v:140$864.
  creating $alu model for $macc $flatten\u_fft128.\u_fft128.\core.\SU1.\BF1.$add$../third_party/r22sdf/Butterfly.v:21$930.
  creating $alu model for $macc $flatten\u_fft128.\u_fft128.\core.\SU2.\MU.$add$../third_party/r22sdf/Multiply.v:33$915.
  creating $alu model for $macc $flatten\u_fft128.\u_fft128.\core.\SU2.\MU.$sub$../third_party/r22sdf/Multiply.v:32$914.
  creating $alu model for $macc $flatten\u_fft64.\u_fft64.\core.\SU1.\MU.$sub$../third_party/r22sdf/Multiply.v:32$914.
  creating $alu model for $macc $flatten\u_fft64.\u_fft64.\core.\SU1.\MU.$add$../third_party/r22sdf/Multiply.v:33$915.
  creating $alu model for $macc $flatten\u_fft64.\u_fft64.\core.\SU3.$add$../third_party/r22sdf/SdfUnit.v:107$566.
  creating $alu model for $macc $flatten\u_fft64.\u_fft64.\core.\SU2.$add$../third_party/r22sdf/SdfUnit.v:107$621.
  creating $alu model for $macc $flatten\u_fft64.\u_fft64.\core.\SU1.$add$../third_party/r22sdf/SdfUnit.v:107$676.
  creating $alu model for $macc $flatten\u_fft128.\u_fft128.\core.\SU4.\BF.$add$../third_party/r22sdf/Butterfly.v:21$930.
  creating $alu model for $macc $flatten\u_fft128.\u_fft128.\core.\SU4.\BF.$sub$../third_party/r22sdf/Butterfly.v:24$933.
  creating $alu model for $macc $flatten\u_fft128.\u_fft128.\core.\SU4.\BF.$sub$../third_party/r22sdf/Butterfly.v:23$932.
  creating $alu model for $macc $flatten\u_fft128.\u_fft128.\core.\SU4.\BF.$add$../third_party/r22sdf/Butterfly.v:22$931.
  creating $alu model for $macc $flatten\u_fft128.\u_fft128.\core.\SU3.\BF1.$add$../third_party/r22sdf/Butterfly.v:21$930.
  creating $alu model for $macc $flatten\u_fft128.\u_fft128.\core.\SU3.$neg$rtl/dual/sdfunit128.v:140$754.
  creating $alu model for $macc $flatten\u_fft128.\u_fft128.\core.\SU3.$add$rtl/dual/sdfunit128.v:148$760.
  creating $alu model for $macc $flatten\u_fft64.\u_fft64.\core.\SU3.$add$../third_party/r22sdf/SdfUnit.v:205$600.
  creating $alu model for $macc $flatten\u_fft128.\u_fft128.\core.\SU3.$add$rtl/dual/sdfunit128.v:205$778.
  creating $alu model for $macc $flatten\u_fft128.\u_fft128.\core.\SU3.\BF1.$sub$../third_party/r22sdf/Butterfly.v:24$933.
  creating $alu model for $macc $flatten\u_fft128.\u_fft128.\core.\SU3.\BF1.$sub$../third_party/r22sdf/Butterfly.v:23$932.
  creating $alu model for $macc $flatten\u_fft128.\u_fft128.\core.\SU3.\BF1.$add$../third_party/r22sdf/Butterfly.v:22$931.
  creating $alu model for $macc $flatten\u_fft128.\u_fft128.\core.\SU1.$add$rtl/dual/sdfunit128.v:205$888.
  creating $alu model for $macc $flatten\u_fft128.\u_fft128.\core.\SU2.$add$rtl/dual/sdfunit128.v:107$799.
  creating $alu model for $macc $flatten\u_fft128.\u_fft128.\core.\SU1.$add$rtl/dual/sdfunit128.v:107$854.
  creating $alu model for $macc $flatten\u_fft64.\u_fft64.\core.\SU3.$neg$../third_party/r22sdf/SdfUnit.v:140$576.
  creating $alu model for $macc $flatten\u_fft64.\u_fft64.\core.\SU3.$add$../third_party/r22sdf/SdfUnit.v:148$582.
  creating $alu model for $macc $flatten\u_fft64.\u_fft64.\core.\SU3.\BF1.$add$../third_party/r22sdf/Butterfly.v:21$930.
  creating $macc cell for $flatten\u_fft64.\u_fft64.\core.\SU1.\BF2.$add$../third_party/r22sdf/Butterfly.v:29$925: $auto$alumacc.cc:399:replace_macc$2022
  creating $macc cell for $flatten\u_fft64.\u_fft64.\core.\SU1.\BF2.$add$../third_party/r22sdf/Butterfly.v:27$921: $auto$alumacc.cc:399:replace_macc$2023
  creating $macc cell for $flatten\u_fft64.\u_fft64.\core.\SU2.\BF2.$add$../third_party/r22sdf/Butterfly.v:28$923: $auto$alumacc.cc:399:replace_macc$2024
  creating $macc cell for $flatten\u_fft64.\u_fft64.\core.\SU2.\BF2.$add$../third_party/r22sdf/Butterfly.v:30$927: $auto$alumacc.cc:399:replace_macc$2025
  creating $macc cell for $flatten\u_fft64.\u_fft64.\core.\SU3.\BF2.$add$../third_party/r22sdf/Butterfly.v:27$921: $auto$alumacc.cc:399:replace_macc$2026
  creating $macc cell for $flatten\u_fft128.\u_fft128.\core.\SU1.$mul$rtl/dual/sdfunit128.v:233$897: $auto$alumacc.cc:399:replace_macc$2027
  creating $macc cell for $flatten\u_fft64.\u_fft64.\core.\SU3.\BF2.$add$../third_party/r22sdf/Butterfly.v:28$923: $auto$alumacc.cc:399:replace_macc$2028
  creating $macc cell for $flatten\u_fft64.\u_fft64.\core.\SU2.\MU.$mul$../third_party/r22sdf/Multiply.v:19$906: $auto$alumacc.cc:399:replace_macc$2029
  creating $macc cell for $flatten\u_fft128.\u_fft128.\core.\SU2.\MU.$mul$../third_party/r22sdf/Multiply.v:20$907: $auto$alumacc.cc:399:replace_macc$2030
  creating $macc cell for $flatten\u_fft128.\u_fft128.\core.\SU2.\MU.$mul$../third_party/r22sdf/Multiply.v:21$908: $auto$alumacc.cc:399:replace_macc$2031
  creating $macc cell for $flatten\u_fft128.\u_fft128.\core.\SU2.\MU.$mul$../third_party/r22sdf/Multiply.v:22$909: $auto$alumacc.cc:399:replace_macc$2032
  creating $macc cell for $flatten\u_fft64.\u_fft64.\core.\SU2.$mul$../third_party/r22sdf/SdfUnit.v:233$664: $auto$alumacc.cc:399:replace_macc$2033
  creating $macc cell for $flatten\u_fft64.\u_fft64.\core.\SU3.\BF2.$add$../third_party/r22sdf/Butterfly.v:29$925: $auto$alumacc.cc:399:replace_macc$2034
  creating $macc cell for $flatten\u_fft128.\u_fft128.\core.\SU2.\BF2.$add$../third_party/r22sdf/Butterfly.v:29$925: $auto$alumacc.cc:399:replace_macc$2035
  creating $macc cell for $flatten\u_fft128.\u_fft128.\core.\SU2.\BF2.$add$../third_party/r22sdf/Butterfly.v:28$923: $auto$alumacc.cc:399:replace_macc$2036
  creating $macc cell for $flatten\u_fft64.\u_fft64.\core.\SU1.\MU.$mul$../third_party/r22sdf/Multiply.v:22$909: $auto$alumacc.cc:399:replace_macc$2037
  creating $macc cell for $flatten\u_fft64.\u_fft64.\core.\SU1.\MU.$mul$../third_party/r22sdf/Multiply.v:21$908: $auto$alumacc.cc:399:replace_macc$2038
  creating $macc cell for $flatten\u_fft64.\u_fft64.\core.\SU1.\MU.$mul$../third_party/r22sdf/Multiply.v:20$907: $auto$alumacc.cc:399:replace_macc$2039
  creating $macc cell for $flatten\u_fft64.\u_fft64.\core.\SU2.\MU.$mul$../third_party/r22sdf/Multiply.v:22$909: $auto$alumacc.cc:399:replace_macc$2040
  creating $macc cell for $flatten\u_fft64.\u_fft64.\core.\SU2.\MU.$mul$../third_party/r22sdf/Multiply.v:21$908: $auto$alumacc.cc:399:replace_macc$2041
  creating $macc cell for $flatten\u_fft64.\u_fft64.\core.\SU2.\MU.$mul$../third_party/r22sdf/Multiply.v:20$907: $auto$alumacc.cc:399:replace_macc$2042
  creating $macc cell for $flatten\u_fft128.\u_fft128.\core.\SU2.\BF2.$add$../third_party/r22sdf/Butterfly.v:30$927: $auto$alumacc.cc:399:replace_macc$2043
  creating $macc cell for $flatten\u_fft128.\u_fft128.\core.\SU1.\MU.$mul$../third_party/r22sdf/Multiply.v:19$906: $auto$alumacc.cc:399:replace_macc$2044
  creating $macc cell for $flatten\u_fft128.\u_fft128.\core.\SU1.\MU.$mul$../third_party/r22sdf/Multiply.v:22$909: $auto$alumacc.cc:399:replace_macc$2045
  creating $macc cell for $flatten\u_fft128.\u_fft128.\core.\SU1.\MU.$mul$../third_party/r22sdf/Multiply.v:20$907: $auto$alumacc.cc:399:replace_macc$2046
  creating $macc cell for $flatten\u_fft128.\u_fft128.\core.\SU1.\MU.$mul$../third_party/r22sdf/Multiply.v:21$908: $auto$alumacc.cc:399:replace_macc$2047
  creating $macc cell for $flatten\u_fft128.\u_fft128.\core.\SU2.\MU.$mul$../third_party/r22sdf/Multiply.v:19$906: $auto$alumacc.cc:399:replace_macc$2048
  creating $macc cell for $flatten\u_fft128.\u_fft128.\core.\SU2.$mul$rtl/dual/sdfunit128.v:233$842: $auto$alumacc.cc:399:replace_macc$2049
  creating $macc cell for $flatten\u_fft64.\u_fft64.\core.\SU1.$mul$../third_party/r22sdf/SdfUnit.v:233$719: $auto$alumacc.cc:399:replace_macc$2050
  creating $macc cell for $flatten\u_fft64.\u_fft64.\core.\SU3.\BF2.$add$../third_party/r22sdf/Butterfly.v:30$927: $auto$alumacc.cc:399:replace_macc$2051
  creating $macc cell for $flatten\u_fft128.\u_fft128.\core.\SU3.$mul$rtl/dual/sdfunit128.v:233$787: $auto$alumacc.cc:399:replace_macc$2052
  creating $macc cell for $flatten\u_fft128.\u_fft128.\core.\SU3.\MU.$mul$../third_party/r22sdf/Multiply.v:19$906: $auto$alumacc.cc:399:replace_macc$2053
  creating $macc cell for $flatten\u_fft64.\u_fft64.\core.\SU1.\MU.$mul$../third_party/r22sdf/Multiply.v:19$906: $auto$alumacc.cc:399:replace_macc$2054
  creating $macc cell for $flatten\u_fft128.\u_fft128.\core.\SU2.\BF2.$add$../third_party/r22sdf/Butterfly.v:27$921: $auto$alumacc.cc:399:replace_macc$2055
  creating $macc cell for $flatten\u_fft64.\u_fft64.\core.\SU2.\BF2.$add$../third_party/r22sdf/Butterfly.v:27$921: $auto$alumacc.cc:399:replace_macc$2056
  creating $macc cell for $flatten\u_fft128.\u_fft128.\core.\SU3.\BF2.$add$../third_party/r22sdf/Butterfly.v:30$927: $auto$alumacc.cc:399:replace_macc$2057
  creating $macc cell for $flatten\u_fft128.\u_fft128.\core.\SU3.\BF2.$add$../third_party/r22sdf/Butterfly.v:28$923: $auto$alumacc.cc:399:replace_macc$2058
  creating $macc cell for $flatten\u_fft128.\u_fft128.\core.\SU3.\BF2.$add$../third_party/r22sdf/Butterfly.v:29$925: $auto$alumacc.cc:399:replace_macc$2059
  creating $macc cell for $flatten\u_fft128.\u_fft128.\core.\SU3.\BF2.$add$../third_party/r22sdf/Butterfly.v:27$921: $auto$alumacc.cc:399:replace_macc$2060
  creating $macc cell for $flatten\u_fft128.\u_fft128.\core.\SU3.\MU.$mul$../third_party/r22sdf/Multiply.v:20$907: $auto$alumacc.cc:399:replace_macc$2061
  creating $macc cell for $flatten\u_fft128.\u_fft128.\core.\SU3.\MU.$mul$../third_party/r22sdf/Multiply.v:21$908: $auto$alumacc.cc:399:replace_macc$2062
  creating $macc cell for $flatten\u_fft128.\u_fft128.\core.\SU3.\MU.$mul$../third_party/r22sdf/Multiply.v:22$909: $auto$alumacc.cc:399:replace_macc$2063
  creating $macc cell for $flatten\u_fft64.\u_fft64.\core.\SU2.\BF2.$add$../third_party/r22sdf/Butterfly.v:29$925: $auto$alumacc.cc:399:replace_macc$2064
  creating $macc cell for $flatten\u_fft64.\u_fft64.\core.\SU1.\BF2.$add$../third_party/r22sdf/Butterfly.v:30$927: $auto$alumacc.cc:399:replace_macc$2065
  creating $macc cell for $flatten\u_fft64.\u_fft64.\core.\SU1.\BF2.$add$../third_party/r22sdf/Butterfly.v:28$923: $auto$alumacc.cc:399:replace_macc$2066
  creating $macc cell for $flatten\u_fft128.\u_fft128.\core.\SU1.\BF2.$add$../third_party/r22sdf/Butterfly.v:27$921: $auto$alumacc.cc:399:replace_macc$2067
  creating $macc cell for $flatten\u_fft128.\u_fft128.\core.\SU1.\BF2.$add$../third_party/r22sdf/Butterfly.v:29$925: $auto$alumacc.cc:399:replace_macc$2068
  creating $macc cell for $flatten\u_fft128.\u_fft128.\core.\SU1.\BF2.$add$../third_party/r22sdf/Butterfly.v:28$923: $auto$alumacc.cc:399:replace_macc$2069
  creating $macc cell for $flatten\u_fft128.\u_fft128.\core.\SU1.\BF2.$add$../third_party/r22sdf/Butterfly.v:30$927: $auto$alumacc.cc:399:replace_macc$2070
  creating $alu cell for $flatten\u_fft64.\u_fft64.\core.\SU3.\BF1.$add$../third_party/r22sdf/Butterfly.v:21$930: $auto$alumacc.cc:548:replace_alu$2071
  creating $alu cell for $flatten\u_fft64.\u_fft64.\core.\SU3.$add$../third_party/r22sdf/SdfUnit.v:148$582: $auto$alumacc.cc:548:replace_alu$2074
  creating $alu cell for $flatten\u_fft64.\u_fft64.\core.\SU3.$neg$../third_party/r22sdf/SdfUnit.v:140$576: $auto$alumacc.cc:548:replace_alu$2077
  creating $alu cell for $flatten\u_fft128.\u_fft128.\core.\SU1.$add$rtl/dual/sdfunit128.v:107$854: $auto$alumacc.cc:548:replace_alu$2080
  creating $alu cell for $flatten\u_fft128.\u_fft128.\core.\SU2.$add$rtl/dual/sdfunit128.v:107$799: $auto$alumacc.cc:548:replace_alu$2083
  creating $alu cell for $flatten\u_fft128.\u_fft128.\core.\SU1.$add$rtl/dual/sdfunit128.v:205$888: $auto$alumacc.cc:548:replace_alu$2086
  creating $alu cell for $flatten\u_fft128.\u_fft128.\core.\SU3.\BF1.$add$../third_party/r22sdf/Butterfly.v:22$931: $auto$alumacc.cc:548:replace_alu$2089
  creating $alu cell for $flatten\u_fft128.\u_fft128.\core.\SU3.\BF1.$sub$../third_party/r22sdf/Butterfly.v:23$932: $auto$alumacc.cc:548:replace_alu$2092
  creating $alu cell for $flatten\u_fft128.\u_fft128.\core.\SU3.\BF1.$sub$../third_party/r22sdf/Butterfly.v:24$933: $auto$alumacc.cc:548:replace_alu$2095
  creating $alu cell for $flatten\u_fft128.\u_fft128.\core.\SU3.$add$rtl/dual/sdfunit128.v:205$778: $auto$alumacc.cc:548:replace_alu$2098
  creating $alu cell for $flatten\u_fft64.\u_fft64.\core.\SU3.$add$../third_party/r22sdf/SdfUnit.v:205$600: $auto$alumacc.cc:548:replace_alu$2101
  creating $alu cell for $flatten\u_fft128.\u_fft128.\core.\SU3.$add$rtl/dual/sdfunit128.v:148$760: $auto$alumacc.cc:548:replace_alu$2104
  creating $alu cell for $flatten\u_fft128.\u_fft128.\core.\SU3.$neg$rtl/dual/sdfunit128.v:140$754: $auto$alumacc.cc:548:replace_alu$2107
  creating $alu cell for $flatten\u_fft128.\u_fft128.\core.\SU3.\BF1.$add$../third_party/r22sdf/Butterfly.v:21$930: $auto$alumacc.cc:548:replace_alu$2110
  creating $alu cell for $flatten\u_fft128.\u_fft128.\core.\SU4.\BF.$add$../third_party/r22sdf/Butterfly.v:22$931: $auto$alumacc.cc:548:replace_alu$2113
  creating $alu cell for $flatten\u_fft128.\u_fft128.\core.\SU4.\BF.$sub$../third_party/r22sdf/Butterfly.v:23$932: $auto$alumacc.cc:548:replace_alu$2116
  creating $alu cell for $flatten\u_fft128.\u_fft128.\core.\SU4.\BF.$sub$../third_party/r22sdf/Butterfly.v:24$933: $auto$alumacc.cc:548:replace_alu$2119
  creating $alu cell for $flatten\u_fft128.\u_fft128.\core.\SU4.\BF.$add$../third_party/r22sdf/Butterfly.v:21$930: $auto$alumacc.cc:548:replace_alu$2122
  creating $alu cell for $flatten\u_fft64.\u_fft64.\core.\SU1.$add$../third_party/r22sdf/SdfUnit.v:107$676: $auto$alumacc.cc:548:replace_alu$2125
  creating $alu cell for $flatten\u_fft64.\u_fft64.\core.\SU2.$add$../third_party/r22sdf/SdfUnit.v:107$621: $auto$alumacc.cc:548:replace_alu$2128
  creating $alu cell for $flatten\u_fft64.\u_fft64.\core.\SU3.$add$../third_party/r22sdf/SdfUnit.v:107$566: $auto$alumacc.cc:548:replace_alu$2131
  creating $alu cell for $flatten\u_fft64.\u_fft64.\core.\SU1.\MU.$add$../third_party/r22sdf/Multiply.v:33$915: $auto$alumacc.cc:548:replace_alu$2134
  creating $alu cell for $flatten\u_fft64.\u_fft64.\core.\SU1.\MU.$sub$../third_party/r22sdf/Multiply.v:32$914: $auto$alumacc.cc:548:replace_alu$2137
  creating $alu cell for $flatten\u_fft128.\u_fft128.\core.\SU2.\MU.$sub$../third_party/r22sdf/Multiply.v:32$914: $auto$alumacc.cc:548:replace_alu$2140
  creating $alu cell for $flatten\u_fft128.\u_fft128.\core.\SU2.\MU.$add$../third_party/r22sdf/Multiply.v:33$915: $auto$alumacc.cc:548:replace_alu$2143
  creating $alu cell for $flatten\u_fft128.\u_fft128.\core.\SU1.\BF1.$add$../third_party/r22sdf/Butterfly.v:21$930: $auto$alumacc.cc:548:replace_alu$2146
  creating $alu cell for $flatten\u_fft128.\u_fft128.\core.\SU1.$neg$rtl/dual/sdfunit128.v:140$864: $auto$alumacc.cc:548:replace_alu$2149
  creating $alu cell for $flatten\u_fft128.\u_fft128.\core.\SU1.$add$rtl/dual/sdfunit128.v:148$870: $auto$alumacc.cc:548:replace_alu$2152
  creating $alu cell for $flatten\u_fft64.\u_fft64.\core.\SU3.\BF1.$sub$../third_party/r22sdf/Butterfly.v:23$932: $auto$alumacc.cc:548:replace_alu$2155
  creating $alu cell for $flatten\u_fft64.\u_fft64.\core.\SU3.\BF1.$sub$../third_party/r22sdf/Butterfly.v:24$933: $auto$alumacc.cc:548:replace_alu$2158
  creating $alu cell for $flatten\u_fft64.\u_fft64.\core.\SU3.\BF1.$add$../third_party/r22sdf/Butterfly.v:22$931: $auto$alumacc.cc:548:replace_alu$2161
  creating $alu cell for $flatten\u_fft64.\u_fft64.\core.\SU1.\BF1.$add$../third_party/r22sdf/Butterfly.v:22$931: $auto$alumacc.cc:548:replace_alu$2164
  creating $alu cell for $flatten\u_fft64.\u_fft64.\core.\SU1.\BF1.$sub$../third_party/r22sdf/Butterfly.v:23$932: $auto$alumacc.cc:548:replace_alu$2167
  creating $alu cell for $flatten\u_fft64.\u_fft64.\core.\SU1.\BF1.$sub$../third_party/r22sdf/Butterfly.v:24$933: $auto$alumacc.cc:548:replace_alu$2170
  creating $alu cell for $flatten\u_fft64.\u_fft64.\core.\SU1.$add$../third_party/r22sdf/SdfUnit.v:205$710: $auto$alumacc.cc:548:replace_alu$2173
  creating $alu cell for $flatten\u_fft64.\u_fft64.\core.\SU1.$add$../third_party/r22sdf/SdfUnit.v:148$692: $auto$alumacc.cc:548:replace_alu$2176
  creating $alu cell for $flatten\u_fft64.\u_fft64.\core.\SU1.$neg$../third_party/r22sdf/SdfUnit.v:140$686: $auto$alumacc.cc:548:replace_alu$2179
  creating $alu cell for $flatten\u_fft64.\u_fft64.\core.\SU1.\BF1.$add$../third_party/r22sdf/Butterfly.v:21$930: $auto$alumacc.cc:548:replace_alu$2182
  creating $alu cell for $flatten\u_fft64.\u_fft64.\core.\SU2.\MU.$add$../third_party/r22sdf/Multiply.v:33$915: $auto$alumacc.cc:548:replace_alu$2185
  creating $alu cell for $flatten\u_fft64.\u_fft64.\core.\SU2.\MU.$sub$../third_party/r22sdf/Multiply.v:32$914: $auto$alumacc.cc:548:replace_alu$2188
  creating $alu cell for $flatten\u_fft128.\u_fft128.\core.\SU3.$add$rtl/dual/sdfunit128.v:107$744: $auto$alumacc.cc:548:replace_alu$2191
  creating $alu cell for $flatten\u_fft64.\u_fft64.\core.\SU2.\BF1.$add$../third_party/r22sdf/Butterfly.v:22$931: $auto$alumacc.cc:548:replace_alu$2194
  creating $alu cell for $flatten\u_fft64.\u_fft64.\core.\SU2.\BF1.$sub$../third_party/r22sdf/Butterfly.v:23$932: $auto$alumacc.cc:548:replace_alu$2197
  creating $alu cell for $flatten\u_fft64.\u_fft64.\core.\SU2.\BF1.$sub$../third_party/r22sdf/Butterfly.v:24$933: $auto$alumacc.cc:548:replace_alu$2200
  creating $alu cell for $flatten\u_fft64.\u_fft64.\core.\SU2.$add$../third_party/r22sdf/SdfUnit.v:205$655: $auto$alumacc.cc:548:replace_alu$2203
  creating $alu cell for $flatten\u_fft128.\u_fft128.\core.\SU1.\MU.$add$../third_party/r22sdf/Multiply.v:33$915: $auto$alumacc.cc:548:replace_alu$2206
  creating $alu cell for $flatten\u_fft64.\u_fft64.\core.\SU2.$add$../third_party/r22sdf/SdfUnit.v:148$637: $auto$alumacc.cc:548:replace_alu$2209
  creating $alu cell for $flatten\u_fft64.\u_fft64.\core.\SU2.$neg$../third_party/r22sdf/SdfUnit.v:140$631: $auto$alumacc.cc:548:replace_alu$2212
  creating $alu cell for $flatten\u_fft128.\u_fft128.\core.\SU1.\BF1.$sub$../third_party/r22sdf/Butterfly.v:24$933: $auto$alumacc.cc:548:replace_alu$2215
  creating $alu cell for $flatten\u_fft64.\u_fft64.\core.\SU2.\BF1.$add$../third_party/r22sdf/Butterfly.v:21$930: $auto$alumacc.cc:548:replace_alu$2218
  creating $alu cell for $flatten\u_fft128.\u_fft128.\core.\SU1.\BF1.$sub$../third_party/r22sdf/Butterfly.v:23$932: $auto$alumacc.cc:548:replace_alu$2221
  creating $alu cell for $flatten\u_fft128.\u_fft128.\core.\SU1.\BF1.$add$../third_party/r22sdf/Butterfly.v:22$931: $auto$alumacc.cc:548:replace_alu$2224
  creating $alu cell for $flatten\u_fft128.\u_fft128.\core.\SU2.\BF1.$add$../third_party/r22sdf/Butterfly.v:22$931: $auto$alumacc.cc:548:replace_alu$2227
  creating $alu cell for $flatten\u_fft128.\u_fft128.\core.\SU2.\BF1.$sub$../third_party/r22sdf/Butterfly.v:23$932: $auto$alumacc.cc:548:replace_alu$2230
  creating $alu cell for $flatten\u_fft128.\u_fft128.\core.\SU2.\BF1.$sub$../third_party/r22sdf/Butterfly.v:24$933: $auto$alumacc.cc:548:replace_alu$2233
  creating $alu cell for $flatten\u_fft128.\u_fft128.\core.\SU2.$add$rtl/dual/sdfunit128.v:205$833: $auto$alumacc.cc:548:replace_alu$2236
  creating $alu cell for $flatten\u_fft128.\u_fft128.\core.\SU2.$add$rtl/dual/sdfunit128.v:148$815: $auto$alumacc.cc:548:replace_alu$2239
  creating $alu cell for $flatten\u_fft128.\u_fft128.\core.\SU2.$neg$rtl/dual/sdfunit128.v:140$809: $auto$alumacc.cc:548:replace_alu$2242
  creating $alu cell for $flatten\u_fft128.\u_fft128.\core.\SU2.\BF1.$add$../third_party/r22sdf/Butterfly.v:21$930: $auto$alumacc.cc:548:replace_alu$2245
  creating $alu cell for $flatten\u_fft128.\u_fft128.\core.\SU3.\MU.$add$../third_party/r22sdf/Multiply.v:33$915: $auto$alumacc.cc:548:replace_alu$2248
  creating $alu cell for $flatten\u_fft128.\u_fft128.\core.\SU3.\MU.$sub$../third_party/r22sdf/Multiply.v:32$914: $auto$alumacc.cc:548:replace_alu$2251
  creating $alu cell for $flatten\u_fft128.\u_fft128.\core.\SU1.\MU.$sub$../third_party/r22sdf/Multiply.v:32$914: $auto$alumacc.cc:548:replace_alu$2254
  created 62 $alu and 49 $macc cells.

18.15. Executing SHARE pass (SAT-based resource sharing).

18.16. Executing OPT pass (performing simple optimizations).

18.16.1. Executing OPT_EXPR pass (perform const folding).
Optimizing module peweaver_ppa_dual_fft_icg.

18.16.2. Executing OPT_MERGE pass (detect identical cells).
Finding identical cells in module `\peweaver_ppa_dual_fft_icg'.
Computing hashes of 1112 cells of `\peweaver_ppa_dual_fft_icg'.
Finding duplicate cells in `\peweaver_ppa_dual_fft_icg'.
Removed a total of 0 cells.

18.16.3. Executing OPT_MUXTREE pass (detect dead branches in mux trees).
Running muxtree optimizer on module \peweaver_ppa_dual_fft_icg..
  Creating internal representation of mux trees.
  Evaluating internal representation of mux trees.
  Analyzing evaluation results.
Removed 0 multiplexer ports.
<suppressed ~360 debug messages>

18.16.4. Executing OPT_REDUCE pass (consolidate $*mux and $reduce_* inputs).
  Optimizing cells in module \peweaver_ppa_dual_fft_icg.
Performed a total of 0 changes.

18.16.5. Executing OPT_MERGE pass (detect identical cells).
Finding identical cells in module `\peweaver_ppa_dual_fft_icg'.
Computing hashes of 1112 cells of `\peweaver_ppa_dual_fft_icg'.
Finding duplicate cells in `\peweaver_ppa_dual_fft_icg'.
Removed a total of 0 cells.

18.16.6. Executing OPT_DFF pass (perform DFF optimizations).

18.16.7. Executing OPT_CLEAN pass (remove unused cells and wires).
Finding unused cells or wires in module \peweaver_ppa_dual_fft_icg..
Removed 24 unused cells and 24 unused wires.
<suppressed ~48 debug messages>

18.16.8. Executing OPT_EXPR pass (perform const folding).
Optimizing module peweaver_ppa_dual_fft_icg.

18.16.9. Rerunning OPT passes. (Maybe there is more to do..)

18.16.10. Executing OPT_MUXTREE pass (detect dead branches in mux trees).
Running muxtree optimizer on module \peweaver_ppa_dual_fft_icg..
  Creating internal representation of mux trees.
  Evaluating internal representation of mux trees.
  Analyzing evaluation results.
Removed 0 multiplexer ports.
<suppressed ~360 debug messages>

18.16.11. Executing OPT_REDUCE pass (consolidate $*mux and $reduce_* inputs).
  Optimizing cells in module \peweaver_ppa_dual_fft_icg.
Performed a total of 0 changes.

18.16.12. Executing OPT_MERGE pass (detect identical cells).
Finding identical cells in module `\peweaver_ppa_dual_fft_icg'.
Computing hashes of 1088 cells of `\peweaver_ppa_dual_fft_icg'.
Finding duplicate cells in `\peweaver_ppa_dual_fft_icg'.
Removed a total of 0 cells.

18.16.13. Executing OPT_DFF pass (perform DFF optimizations).

18.16.14. Executing OPT_CLEAN pass (remove unused cells and wires).
Finding unused cells or wires in module \peweaver_ppa_dual_fft_icg..

18.16.15. Executing OPT_EXPR pass (perform const folding).
Optimizing module peweaver_ppa_dual_fft_icg.

18.16.16. Finished fast OPT passes. (There is nothing left to do.)

18.17. Executing MEMORY pass.

18.17.1. Executing OPT_MEM pass (optimize memories).
Performed a total of 0 transformations.

18.17.2. Executing OPT_MEM_PRIORITY pass (removing unnecessary memory write priority relations).
Performed a total of 0 transformations.

18.17.3. Executing OPT_MEM_FEEDBACK pass (finding memory read-to-write feedback paths).

18.17.4. Executing MEMORY_BMUX2ROM pass (converting muxes to ROMs).

18.17.5. Executing MEMORY_DFF pass (merging $dff cells to $memrd).

18.17.6. Executing OPT_CLEAN pass (remove unused cells and wires).
Finding unused cells or wires in module \peweaver_ppa_dual_fft_icg..

18.17.7. Executing MEMORY_SHARE pass (consolidating $memrd/$memwr cells).

18.17.8. Executing OPT_MEM_WIDEN pass (optimize memories where all ports are wide).
Performed a total of 0 transformations.

18.17.9. Executing OPT_CLEAN pass (remove unused cells and wires).
Finding unused cells or wires in module \peweaver_ppa_dual_fft_icg..

18.17.10. Executing MEMORY_COLLECT pass (generating $mem cells).

18.18. Executing OPT_CLEAN pass (remove unused cells and wires).
Finding unused cells or wires in module \peweaver_ppa_dual_fft_icg..

18.19. Executing OPT pass (performing simple optimizations).

18.19.1. Executing OPT_EXPR pass (perform const folding).
Optimizing module peweaver_ppa_dual_fft_icg.
<suppressed ~135 debug messages>

18.19.2. Executing OPT_MERGE pass (detect identical cells).
Finding identical cells in module `\peweaver_ppa_dual_fft_icg'.
Computing hashes of 1002 cells of `\peweaver_ppa_dual_fft_icg'.
Finding duplicate cells in `\peweaver_ppa_dual_fft_icg'.
Removed a total of 0 cells.

18.19.3. Executing OPT_DFF pass (perform DFF optimizations).

18.19.4. Executing OPT_CLEAN pass (remove unused cells and wires).
Finding unused cells or wires in module \peweaver_ppa_dual_fft_icg..
Removed 8 unused cells and 32 unused wires.
<suppressed ~9 debug messages>

18.19.5. Finished fast OPT passes.

18.20. Executing MEMORY_MAP pass (converting memories to logic and flip-flops).

18.21. Executing OPT pass (performing simple optimizations).

18.21.1. Executing OPT_EXPR pass (perform const folding).
Optimizing module peweaver_ppa_dual_fft_icg.

18.21.2. Executing OPT_MERGE pass (detect identical cells).
Finding identical cells in module `\peweaver_ppa_dual_fft_icg'.
Computing hashes of 994 cells of `\peweaver_ppa_dual_fft_icg'.
Finding duplicate cells in `\peweaver_ppa_dual_fft_icg'.
Removed a total of 0 cells.

18.21.3. Executing OPT_MUXTREE pass (detect dead branches in mux trees).
Running muxtree optimizer on module \peweaver_ppa_dual_fft_icg..
  Creating internal representation of mux trees.
  Evaluating internal representation of mux trees.
  Analyzing evaluation results.
Removed 0 multiplexer ports.
<suppressed ~198 debug messages>

18.21.4. Executing OPT_REDUCE pass (consolidate $*mux and $reduce_* inputs).
  Optimizing cells in module \peweaver_ppa_dual_fft_icg.
    Consolidated identical input bits for $pmux cell $flatten\u_fft128.\u_fft128.\core.\SU3.\TW.$procmux$1076:
      Old ports: A=16'1010010101111110, B=23170, Y=\u_fft128.u_fft128.core.SU3.TW.mx_re
      New ports: A=3'011, B=6'000101, Y={ \u_fft128.u_fft128.core.SU3.TW.mx_re [7] \u_fft128.u_fft128.core.SU3.TW.mx_re [2:1] }
      New connections: { \u_fft128.u_fft128.core.SU3.TW.mx_re [15:8] \u_fft128.u_fft128.core.SU3.TW.mx_re [6:3] \u_fft128.u_fft128.core.SU3.TW.mx_re [0] } = { \u_fft128.u_fft128.core.SU3.TW.mx_re [2] \u_fft128.u_fft128.core.SU3.TW.mx_re [7] \u_fft128.u_fft128.core.SU3.TW.mx_re [2] \u_fft128.u_fft128.core.SU3.TW.mx_re [7] \u_fft128.u_fft128.core.SU3.TW.mx_re [7] \u_fft128.u_fft128.core.SU3.TW.mx_re [2] \u_fft128.u_fft128.core.SU3.TW.mx_re [7] \u_fft128.u_fft128.core.SU3.TW.mx_re [2] \u_fft128.u_fft128.core.SU3.TW.mx_re [2] \u_fft128.u_fft128.core.SU3.TW.mx_re [2] \u_fft128.u_fft128.core.SU3.TW.mx_re [2] \u_fft128.u_fft128.core.SU3.TW.mx_re [2] 1'0 }
    Consolidated identical input bits for $pmux cell $flatten\u_fft64.\u_fft64.\core.\SU2.\TW.$procmux$1205:
      Old ports: A=16'0011000011111100, B=80'11001111000001001010010101111110100010011011111010000000000000000000000000000000, Y=\u_fft64.u_fft64.core.SU2.TW.mx_im
      New ports: A=11'01000011110, B=55'1011110001010010101111101001101111000000000000000000000, Y={ \u_fft64.u_fft64.core.SU2.TW.mx_im [15] \u_fft64.u_fft64.core.SU2.TW.mx_im [12:6] \u_fft64.u_fft64.core.SU2.TW.mx_im [3:1] }
      New connections: { \u_fft64.u_fft64.core.SU2.TW.mx_im [14:13] \u_fft64.u_fft64.core.SU2.TW.mx_im [5:4] \u_fft64.u_fft64.core.SU2.TW.mx_im [0] } = { \u_fft64.u_fft64.core.SU2.TW.mx_im [9] \u_fft64.u_fft64.core.SU2.TW.mx_im [6] \u_fft64.u_fft64.core.SU2.TW.mx_im [3] \u_fft64.u_fft64.core.SU2.TW.mx_im [3] 1'0 }
    Consolidated identical input bits for $pmux cell $flatten\u_fft64.\u_fft64.\core.\SU2.\TW.$procmux$1270:
      Old ports: A=16'1000100110111110, B=96'101001010111111011001111000001000000000000000000001100001111110001011010100000100111011001000010, Y=\u_fft64.u_fft64.core.SU2.TW.mx_re
      New ports: A=10'0100110111, B=60'001010111101111000100000000000100001111011010100011011001001, Y={ \u_fft64.u_fft64.core.SU2.TW.mx_re [12:6] \u_fft64.u_fft64.core.SU2.TW.mx_re [3:1] }
      New connections: { \u_fft64.u_fft64.core.SU2.TW.mx_re [15:13] \u_fft64.u_fft64.core.SU2.TW.mx_re [5:4] \u_fft64.u_fft64.core.SU2.TW.mx_re [0] } = { \u_fft64.u_fft64.core.SU2.TW.mx_re [8] \u_fft64.u_fft64.core.SU2.TW.mx_re [9] \u_fft64.u_fft64.core.SU2.TW.mx_re [6] \u_fft64.u_fft64.core.SU2.TW.mx_re [3] \u_fft64.u_fft64.core.SU2.TW.mx_re [3] 1'0 }
    Consolidated identical input bits for $pmux cell $flatten\u_fft128.\u_fft128.\core.\SU3.\TW.$procmux$947:
      Old ports: A=16'1010010101111110, B=32'10000000000000000000000000000000, Y=\u_fft128.u_fft128.core.SU3.TW.mx_im
      New ports: A=2'11, B=4'1000, Y={ \u_fft128.u_fft128.core.SU3.TW.mx_im [15] \u_fft128.u_fft128.core.SU3.TW.mx_im [1] }
      New connections: { \u_fft128.u_fft128.core.SU3.TW.mx_im [14:2] \u_fft128.u_fft128.core.SU3.TW.mx_im [0] } = { 1'0 \u_fft128.u_fft128.core.SU3.TW.mx_im [1] 2'00 \u_fft128.u_fft128.core.SU3.TW.mx_im [1] 1'0 \u_fft128.u_fft128.core.SU3.TW.mx_im [1] 1'0 \u_fft128.u_fft128.core.SU3.TW.mx_im [1] \u_fft128.u_fft128.core.SU3.TW.mx_im [1] \u_fft128.u_fft128.core.SU3.TW.mx_im [1] \u_fft128.u_fft128.core.SU3.TW.mx_im [1] \u_fft128.u_fft128.core.SU3.TW.mx_im [1] 1'0 }
  Optimizing cells in module \peweaver_ppa_dual_fft_icg.
Performed a total of 4 changes.

18.21.5. Executing OPT_MERGE pass (detect identical cells).
Finding identical cells in module `\peweaver_ppa_dual_fft_icg'.
Computing hashes of 994 cells of `\peweaver_ppa_dual_fft_icg'.
Finding duplicate cells in `\peweaver_ppa_dual_fft_icg'.
Removed a total of 0 cells.

18.21.6. Executing OPT_SHARE pass.

18.21.7. Executing OPT_DFF pass (perform DFF optimizations).

18.21.8. Executing OPT_CLEAN pass (remove unused cells and wires).
Finding unused cells or wires in module \peweaver_ppa_dual_fft_icg..

18.21.9. Executing OPT_EXPR pass (perform const folding).
Optimizing module peweaver_ppa_dual_fft_icg.

18.21.10. Rerunning OPT passes. (Maybe there is more to do..)

18.21.11. Executing OPT_MUXTREE pass (detect dead branches in mux trees).
Running muxtree optimizer on module \peweaver_ppa_dual_fft_icg..
  Creating internal representation of mux trees.
  Evaluating internal representation of mux trees.
  Analyzing evaluation results.
Removed 0 multiplexer ports.
<suppressed ~198 debug messages>

18.21.12. Executing OPT_REDUCE pass (consolidate $*mux and $reduce_* inputs).
  Optimizing cells in module \peweaver_ppa_dual_fft_icg.
Performed a total of 0 changes.

18.21.13. Executing OPT_MERGE pass (detect identical cells).
Finding identical cells in module `\peweaver_ppa_dual_fft_icg'.
Computing hashes of 994 cells of `\peweaver_ppa_dual_fft_icg'.
Finding duplicate cells in `\peweaver_ppa_dual_fft_icg'.
Removed a total of 0 cells.

18.21.14. Executing OPT_SHARE pass.

18.21.15. Executing OPT_DFF pass (perform DFF optimizations).
Setting constant 0-bit at position 0 on $flatten\u_fft128.\u_fft128.\core.\SU3.\TW.$procdff$1559 ($dff) from module peweaver_ppa_dual_fft_icg.
Setting constant 0-bit at position 0 on $flatten\u_fft128.\u_fft128.\core.\SU3.\TW.$procdff$1560 ($dff) from module peweaver_ppa_dual_fft_icg.
Setting constant 0-bit at position 7 on $flatten\u_fft128.\u_fft128.\core.\SU3.\TW.$procdff$1560 ($dff) from module peweaver_ppa_dual_fft_icg.
Setting constant 0-bit at position 9 on $flatten\u_fft128.\u_fft128.\core.\SU3.\TW.$procdff$1560 ($dff) from module peweaver_ppa_dual_fft_icg.
Setting constant 0-bit at position 11 on $flatten\u_fft128.\u_fft128.\core.\SU3.\TW.$procdff$1560 ($dff) from module peweaver_ppa_dual_fft_icg.
Setting constant 0-bit at position 12 on $flatten\u_fft128.\u_fft128.\core.\SU3.\TW.$procdff$1560 ($dff) from module peweaver_ppa_dual_fft_icg.
Setting constant 0-bit at position 14 on $flatten\u_fft128.\u_fft128.\core.\SU3.\TW.$procdff$1560 ($dff) from module peweaver_ppa_dual_fft_icg.
Setting constant 0-bit at position 0 on $flatten\u_fft64.\u_fft64.\core.\SU2.\TW.$procdff$1707 ($dff) from module peweaver_ppa_dual_fft_icg.
Setting constant 0-bit at position 0 on $flatten\u_fft64.\u_fft64.\core.\SU2.\TW.$procdff$1708 ($dff) from module peweaver_ppa_dual_fft_icg.

18.21.16. Executing OPT_CLEAN pass (remove unused cells and wires).
Finding unused cells or wires in module \peweaver_ppa_dual_fft_icg..

18.21.17. Executing OPT_EXPR pass (perform const folding).
Optimizing module peweaver_ppa_dual_fft_icg.

18.21.18. Rerunning OPT passes. (Maybe there is more to do..)

18.21.19. Executing OPT_MUXTREE pass (detect dead branches in mux trees).
Running muxtree optimizer on module \peweaver_ppa_dual_fft_icg..
  Creating internal representation of mux trees.
  Evaluating internal representation of mux trees.
  Analyzing evaluation results.
Removed 0 multiplexer ports.
<suppressed ~198 debug messages>

18.21.20. Executing OPT_REDUCE pass (consolidate $*mux and $reduce_* inputs).
  Optimizing cells in module \peweaver_ppa_dual_fft_icg.
Performed a total of 0 changes.

18.21.21. Executing OPT_MERGE pass (detect identical cells).
Finding identical cells in module `\peweaver_ppa_dual_fft_icg'.
Computing hashes of 994 cells of `\peweaver_ppa_dual_fft_icg'.
Finding duplicate cells in `\peweaver_ppa_dual_fft_icg'.
Removed a total of 0 cells.

18.21.22. Executing OPT_SHARE pass.

18.21.23. Executing OPT_DFF pass (perform DFF optimizations).

18.21.24. Executing OPT_CLEAN pass (remove unused cells and wires).
Finding unused cells or wires in module \peweaver_ppa_dual_fft_icg..

18.21.25. Executing OPT_EXPR pass (perform const folding).
Optimizing module peweaver_ppa_dual_fft_icg.

18.21.26. Finished fast OPT passes. (There is nothing left to do.)

18.22. Executing TECHMAP pass (map to technology primitives).

18.22.1. Executing Verilog-2005 frontend: /work/peweaver/toolchains/oss-cad-suite/lib/../share/yosys/techmap.v
Parsing Verilog input from `/work/peweaver/toolchains/oss-cad-suite/lib/../share/yosys/techmap.v' to AST representation.
Generating RTLIL representation for module `\_90_simplemap_bool_ops'.
Generating RTLIL representation for module `\_90_simplemap_reduce_ops'.
Generating RTLIL representation for module `\_90_simplemap_logic_ops'.
Generating RTLIL representation for module `\_90_simplemap_compare_ops'.
Generating RTLIL representation for module `\_90_simplemap_various'.
Generating RTLIL representation for module `\_90_simplemap_registers'.
Generating RTLIL representation for module `\_90_shift_ops_shr_shl_sshl_sshr'.
Generating RTLIL representation for module `\_90_shift_shiftx'.
Generating RTLIL representation for module `\_90_fa'.
Generating RTLIL representation for module `\_90_lcu_brent_kung'.
Generating RTLIL representation for module `\_90_alu'.
Generating RTLIL representation for module `\_90_macc'.
Generating RTLIL representation for module `\_90_alumacc'.
Generating RTLIL representation for module `$__div_mod_u'.
Generating RTLIL representation for module `$__div_mod_trunc'.
Generating RTLIL representation for module `\_90_div'.
Generating RTLIL representation for module `\_90_mod'.
Generating RTLIL representation for module `$__div_mod_floor'.
Generating RTLIL representation for module `\_90_divfloor'.
Generating RTLIL representation for module `\_90_modfloor'.
Generating RTLIL representation for module `\_90_pow'.
Generating RTLIL representation for module `\_90_demux'.
Generating RTLIL representation for module `\_90_lut'.
Generating RTLIL representation for module `$connect'.
Generating RTLIL representation for module `$input_port'.
Successfully finished Verilog frontend.

18.22.2. Continuing TECHMAP pass.
Using extmapper simplemap for cells of type $dff.
Using template $paramod$d4c0c20b0ee59f495e14575c4397dc0a6dd9e8e6\_90_alu for cells of type $alu.
Using template $paramod$2470b7ea32c975a55c3ab8b283381b72d09e16d3\_90_alu for cells of type $alu.
Using template $paramod$02488ff6fa51b28bbfa470bdd9b0e548b3357746\_90_alu for cells of type $alu.
Using template $paramod$103b4016182df467cceab67bcf3e18e6361ec0fd\_90_alu for cells of type $alu.
Using template $paramod$32efbfac1c4dc57230cf86180788fdfd12e3b511\_90_alu for cells of type $alu.
Using extmapper maccmap for cells of type $macc_v2.
  add \u_fft128.u_fft128.core.SU1.DB2.buf_im[31] (16 bits, signed)
  sub \u_fft128.u_fft128.core.SU1.bf1_do_im (16 bits, signed)
  add 17'00000000000000001 (17 bits, unsigned)
  add \u_fft128.u_fft128.core.SU1.DB2.buf_im[31] (16 bits, signed)
  add \u_fft128.u_fft128.core.SU1.bf1_do_im (16 bits, signed)
  add 17'00000000000000001 (17 bits, unsigned)
  packed 1 (1) bits / 1 words into adder tree
  add \u_fft128.u_fft128.core.SU1.DB2.buf_re[31] (16 bits, signed)
  sub \u_fft128.u_fft128.core.SU1.bf1_do_re (16 bits, signed)
  add 17'00000000000000001 (17 bits, unsigned)
  add \u_fft128.u_fft128.core.SU1.DB2.buf_re[31] (16 bits, signed)
  add \u_fft128.u_fft128.core.SU1.bf1_do_re (16 bits, signed)
  add 17'00000000000000001 (17 bits, unsigned)
  packed 1 (1) bits / 1 words into adder tree
  add \u_fft64.u_fft64.core.SU1.DB2.buf_im[15] (16 bits, signed)
  add \u_fft64.u_fft64.core.SU1.bf1_do_im (16 bits, signed)
  add 17'00000000000000001 (17 bits, unsigned)
  packed 1 (1) bits / 1 words into adder tree
  add \u_fft64.u_fft64.core.SU1.DB2.buf_im[15] (16 bits, signed)
  sub \u_fft64.u_fft64.core.SU1.bf1_do_im (16 bits, signed)
  add 17'00000000000000001 (17 bits, unsigned)
  add \u_fft64.u_fft64.core.SU2.DB2.buf_re[3] (16 bits, signed)
  sub \u_fft64.u_fft64.core.SU2.bf1_do_re (16 bits, signed)
  add 17'00000000000000001 (17 bits, unsigned)
  add \u_fft128.u_fft128.core.SU3.bf2_do_im * { \u_fft128.u_fft128.core.SU3.TW.ff_im [15] 1'0 \u_fft128.u_fft128.core.SU3.TW.ff_im [13] 2'00 \u_fft128.u_fft128.core.SU3.TW.ff_im [10] 1'0 \u_fft128.u_fft128.core.SU3.TW.ff_im [8] 1'0 \u_fft128.u_fft128.core.SU3.TW.ff_im [6:1] 1'0 } (16x16 bits, signed)
  add \u_fft128.u_fft128.core.SU3.bf2_do_im * { \u_fft128.u_fft128.core.SU3.TW.ff_re [15:1] 1'0 } (16x16 bits, signed)
  add \u_fft128.u_fft128.core.SU3.bf2_do_re * { \u_fft128.u_fft128.core.SU3.TW.ff_im [15] 1'0 \u_fft128.u_fft128.core.SU3.TW.ff_im [13] 2'00 \u_fft128.u_fft128.core.SU3.TW.ff_im [10] 1'0 \u_fft128.u_fft128.core.SU3.TW.ff_im [8] 1'0 \u_fft128.u_fft128.core.SU3.TW.ff_im [6:1] 1'0 } (16x16 bits, signed)
  add \u_fft128.u_fft128.core.SU3.DB2.buf_re[1] (16 bits, signed)
  add \u_fft128.u_fft128.core.SU3.bf1_do_re (16 bits, signed)
  add 17'00000000000000001 (17 bits, unsigned)
  packed 1 (1) bits / 1 words into adder tree
  add \u_fft128.u_fft128.core.SU3.DB2.buf_re[1] (16 bits, signed)
  sub \u_fft128.u_fft128.core.SU3.bf1_do_re (16 bits, signed)
  add 17'00000000000000001 (17 bits, unsigned)
  add \u_fft128.u_fft128.core.SU3.DB2.buf_im[1] (16 bits, signed)
  add \u_fft128.u_fft128.core.SU3.bf1_do_im (16 bits, signed)
  add 17'00000000000000001 (17 bits, unsigned)
  packed 1 (1) bits / 1 words into adder tree
  add \u_fft128.u_fft128.core.SU3.DB2.buf_im[1] (16 bits, signed)
  sub \u_fft128.u_fft128.core.SU3.bf1_do_im (16 bits, signed)
  add 17'00000000000000001 (17 bits, unsigned)
  add \u_fft64.u_fft64.core.SU2.DB2.buf_re[3] (16 bits, signed)
  add \u_fft64.u_fft64.core.SU2.bf1_do_re (16 bits, signed)
  add 17'00000000000000001 (17 bits, unsigned)
  packed 1 (1) bits / 1 words into adder tree
  add \u_fft128.u_fft128.core.SU2.DB2.buf_re[7] (16 bits, signed)
  add \u_fft128.u_fft128.core.SU2.bf1_do_re (16 bits, signed)
  add 17'00000000000000001 (17 bits, unsigned)
  packed 1 (1) bits / 1 words into adder tree
  add \u_fft64.u_fft64.core.SU1.bf2_do_re * \u_fft64.u_fft64.core.SU1.TW.ff_re (16x16 bits, signed)
  add \u_fft128.u_fft128.core.SU3.bf2_do_re * { \u_fft128.u_fft128.core.SU3.TW.ff_re [15:1] 1'0 } (16x16 bits, signed)
  add { \u_fft128.u_fft128.core.SU3.bf2_count [1] \u_fft128.u_fft128.core.SU3.bf2_count [2] } * \u_fft128.u_fft128.core.SU3.bf2_count [0] (2x1 bits, unsigned)
  add \u_fft64.u_fft64.core.SU3.DB2.buf_im[0] (16 bits, signed)
  sub \u_fft64.u_fft64.core.SU3.bf1_do_im (16 bits, signed)
  add 17'00000000000000001 (17 bits, unsigned)
  add \u_fft64.u_fft64.core.SU1.bf2_count [3:0] * { \u_fft64.u_fft64.core.SU1.bf2_count [4] \u_fft64.u_fft64.core.SU1.bf2_count [5] } (4x2 bits, unsigned)
  add \u_fft128.u_fft128.core.SU2.bf2_count [2:0] * { \u_fft128.u_fft128.core.SU2.bf2_count [3] \u_fft128.u_fft128.core.SU2.bf2_count [4] } (3x2 bits, unsigned)
  add \u_fft128.u_fft128.core.SU2.bf2_do_re * \u_fft128.u_fft128.core.SU2.TW.ff_re (16x16 bits, signed)
  add \u_fft128.u_fft128.core.SU1.bf2_do_im * \u_fft128.u_fft128.core.SU1.TW.ff_re (16x16 bits, signed)
  add \u_fft128.u_fft128.core.SU1.bf2_do_re * \u_fft128.u_fft128.core.SU1.TW.ff_im (16x16 bits, signed)
  add \u_fft128.u_fft128.core.SU1.bf2_do_im * \u_fft128.u_fft128.core.SU1.TW.ff_im (16x16 bits, signed)
  add \u_fft128.u_fft128.core.SU1.bf2_do_re * \u_fft128.u_fft128.core.SU1.TW.ff_re (16x16 bits, signed)
  add \u_fft128.u_fft128.core.SU2.DB2.buf_im[7] (16 bits, signed)
  sub \u_fft128.u_fft128.core.SU2.bf1_do_im (16 bits, signed)
  add 17'00000000000000001 (17 bits, unsigned)
  add \u_fft64.u_fft64.core.SU2.bf2_do_re * { \u_fft64.u_fft64.core.SU2.TW.ff_im [15:1] 1'0 } (16x16 bits, signed)
  add \u_fft64.u_fft64.core.SU2.bf2_do_im * { \u_fft64.u_fft64.core.SU2.TW.ff_re [15:1] 1'0 } (16x16 bits, signed)
  add \u_fft64.u_fft64.core.SU2.bf2_do_im * { \u_fft64.u_fft64.core.SU2.TW.ff_im [15:1] 1'0 } (16x16 bits, signed)
  add \u_fft64.u_fft64.core.SU1.bf2_do_re * \u_fft64.u_fft64.core.SU1.TW.ff_im (16x16 bits, signed)
  add \u_fft64.u_fft64.core.SU1.bf2_do_im * \u_fft64.u_fft64.core.SU1.TW.ff_re (16x16 bits, signed)
  add \u_fft64.u_fft64.core.SU1.bf2_do_im * \u_fft64.u_fft64.core.SU1.TW.ff_im (16x16 bits, signed)
  add \u_fft128.u_fft128.core.SU2.DB2.buf_im[7] (16 bits, signed)
  add \u_fft128.u_fft128.core.SU2.bf1_do_im (16 bits, signed)
  add 17'00000000000000001 (17 bits, unsigned)
  packed 1 (1) bits / 1 words into adder tree
  add \u_fft128.u_fft128.core.SU2.DB2.buf_re[7] (16 bits, signed)
  sub \u_fft128.u_fft128.core.SU2.bf1_do_re (16 bits, signed)
  add 17'00000000000000001 (17 bits, unsigned)
  add \u_fft64.u_fft64.core.SU3.DB2.buf_re[0] (16 bits, signed)
  sub \u_fft64.u_fft64.core.SU3.bf1_do_re (16 bits, signed)
  add 17'00000000000000001 (17 bits, unsigned)
  add \u_fft64.u_fft64.core.SU2.bf2_count [1:0] * { \u_fft64.u_fft64.core.SU2.bf2_count [2] \u_fft64.u_fft64.core.SU2.bf2_count [3] } (2x2 bits, unsigned)
  add \u_fft128.u_fft128.core.SU2.bf2_do_im * \u_fft128.u_fft128.core.SU2.TW.ff_im (16x16 bits, signed)
  add \u_fft128.u_fft128.core.SU2.bf2_do_im * \u_fft128.u_fft128.core.SU2.TW.ff_re (16x16 bits, signed)
  add \u_fft128.u_fft128.core.SU2.bf2_do_re * \u_fft128.u_fft128.core.SU2.TW.ff_im (16x16 bits, signed)
  add \u_fft64.u_fft64.core.SU2.bf2_do_re * { \u_fft64.u_fft64.core.SU2.TW.ff_re [15:1] 1'0 } (16x16 bits, signed)
  add \u_fft64.u_fft64.core.SU3.DB2.buf_im[0] (16 bits, signed)
  add \u_fft64.u_fft64.core.SU3.bf1_do_im (16 bits, signed)
  add 17'00000000000000001 (17 bits, unsigned)
  packed 1 (1) bits / 1 words into adder tree
  add \u_fft128.u_fft128.core.SU1.bf2_count [4:0] * { \u_fft128.u_fft128.core.SU1.bf2_count [5] \u_fft128.u_fft128.core.SU1.bf2_count [6] } (5x2 bits, unsigned)
  add \u_fft64.u_fft64.core.SU3.DB2.buf_re[0] (16 bits, signed)
  add \u_fft64.u_fft64.core.SU3.bf1_do_re (16 bits, signed)
  add 17'00000000000000001 (17 bits, unsigned)
  packed 1 (1) bits / 1 words into adder tree
  add \u_fft64.u_fft64.core.SU2.DB2.buf_im[3] (16 bits, signed)
  sub \u_fft64.u_fft64.core.SU2.bf1_do_im (16 bits, signed)
  add 17'00000000000000001 (17 bits, unsigned)
  add \u_fft64.u_fft64.core.SU2.DB2.buf_im[3] (16 bits, signed)
  add \u_fft64.u_fft64.core.SU2.bf1_do_im (16 bits, signed)
  add 17'00000000000000001 (17 bits, unsigned)
  packed 1 (1) bits / 1 words into adder tree
  add \u_fft64.u_fft64.core.SU1.DB2.buf_re[15] (16 bits, signed)
  add \u_fft64.u_fft64.core.SU1.bf1_do_re (16 bits, signed)
  add 17'00000000000000001 (17 bits, unsigned)
  packed 1 (1) bits / 1 words into adder tree
  add \u_fft64.u_fft64.core.SU1.DB2.buf_re[15] (16 bits, signed)
  sub \u_fft64.u_fft64.core.SU1.bf1_do_re (16 bits, signed)
  add 17'00000000000000001 (17 bits, unsigned)
Using extmapper simplemap for cells of type $reduce_bool.
Using extmapper simplemap for cells of type $adffe.
Using extmapper simplemap for cells of type $reduce_or.
Using extmapper simplemap for cells of type $or.
Using extmapper simplemap for cells of type $not.
Using extmapper simplemap for cells of type $and.
Using extmapper simplemap for cells of type $mux.
Using extmapper simplemap for cells of type $eq.
Using extmapper simplemap for cells of type $logic_not.
Using extmapper simplemap for cells of type $adff.
Using extmapper simplemap for cells of type $pmux.
Using template $paramod\_90_fa\WIDTH=32'00000000000000000000000000010001 for cells of type $fa.
Using template $paramod$3bb72ad0665cdca279bbc49ed6a39f403f16497f\_90_alu for cells of type $alu.
Using template $paramod$dbcdc7e8aa1a4080cea2deda6fdc8772064f4d90\_90_alu for cells of type $alu.
Using template $paramod\_90_fa\WIDTH=32'00000000000000000000000000011111 for cells of type $fa.
Using template $paramod$ebf89ea36a793f0f77858f212141d47c833068ad\_90_alu for cells of type $alu.
Using template $paramod$740b056ede97228d3eae64ea2fdc81f0a33e0fe7\_90_alu for cells of type $alu.
Using template $paramod$b18e16801adf491a64caa0542270798e5d4ac6b6\_90_alu for cells of type $alu.
Using template $paramod$00298f3f8094950cb9a5ff2fda48d0d8bde8806c\_90_alu for cells of type $alu.
Using extmapper simplemap for cells of type $pos.
Using template $paramod\_90_fa\WIDTH=32'00000000000000000000000000010000 for cells of type $fa.
Using template $paramod\_90_lcu_brent_kung\WIDTH=32'00000000000000000000000000010000 for cells of type $lcu.
Using extmapper simplemap for cells of type $xor.
Using template $paramod\_90_lcu_brent_kung\WIDTH=32'00000000000000000000000000010001 for cells of type $lcu.
Using template $paramod\_90_fa\WIDTH=32'00000000000000000000000000000110 for cells of type $fa.
Using template $paramod\_90_lcu_brent_kung\WIDTH=32'00000000000000000000000000000110 for cells of type $lcu.
Using template $paramod\_90_fa\WIDTH=32'00000000000000000000000000000111 for cells of type $fa.
Using template $paramod\_90_lcu_brent_kung\WIDTH=32'00000000000000000000000000000111 for cells of type $lcu.
Using template $paramod\_90_lcu_brent_kung\WIDTH=32'00000000000000000000000000011111 for cells of type $lcu.
Using template $paramod\_90_fa\WIDTH=32'00000000000000000000000000000101 for cells of type $fa.
Using template $paramod\_90_lcu_brent_kung\WIDTH=32'00000000000000000000000000000101 for cells of type $lcu.
Using template $paramod\_90_fa\WIDTH=32'00000000000000000000000000000100 for cells of type $fa.
Using template $paramod\_90_lcu_brent_kung\WIDTH=32'00000000000000000000000000000100 for cells of type $lcu.
No more expansions possible.
<suppressed ~13226 debug messages>

18.23. Executing OPT pass (performing simple optimizations).

18.23.1. Executing OPT_EXPR pass (perform const folding).
Optimizing module peweaver_ppa_dual_fft_icg.
<suppressed ~34113 debug messages>

18.23.2. Executing OPT_MERGE pass (detect identical cells).
Finding identical cells in module `\peweaver_ppa_dual_fft_icg'.
Computing hashes of 63528 cells of `\peweaver_ppa_dual_fft_icg'.
Finding duplicate cells in `\peweaver_ppa_dual_fft_icg'.
Computing hashes of 59886 cells of `\peweaver_ppa_dual_fft_icg'.
Finding duplicate cells in `\peweaver_ppa_dual_fft_icg'.
Computing hashes of 57443 cells of `\peweaver_ppa_dual_fft_icg'.
Finding duplicate cells in `\peweaver_ppa_dual_fft_icg'.
Computing hashes of 56012 cells of `\peweaver_ppa_dual_fft_icg'.
Finding duplicate cells in `\peweaver_ppa_dual_fft_icg'.
Computing hashes of 55360 cells of `\peweaver_ppa_dual_fft_icg'.
Finding duplicate cells in `\peweaver_ppa_dual_fft_icg'.
Computing hashes of 54667 cells of `\peweaver_ppa_dual_fft_icg'.
Finding duplicate cells in `\peweaver_ppa_dual_fft_icg'.
Computing hashes of 54275 cells of `\peweaver_ppa_dual_fft_icg'.
Finding duplicate cells in `\peweaver_ppa_dual_fft_icg'.
Computing hashes of 54079 cells of `\peweaver_ppa_dual_fft_icg'.
Finding duplicate cells in `\peweaver_ppa_dual_fft_icg'.
Computing hashes of 54015 cells of `\peweaver_ppa_dual_fft_icg'.
Finding duplicate cells in `\peweaver_ppa_dual_fft_icg'.
Computing hashes of 53955 cells of `\peweaver_ppa_dual_fft_icg'.
Finding duplicate cells in `\peweaver_ppa_dual_fft_icg'.
Computing hashes of 53937 cells of `\peweaver_ppa_dual_fft_icg'.
Finding duplicate cells in `\peweaver_ppa_dual_fft_icg'.
<suppressed ~28773 debug messages>
Removed a total of 9591 cells.

18.23.3. Executing OPT_DFF pass (perform DFF optimizations).
Adding SRST signal on $auto$ff.cc:337:slice$2386 ($_DFF_P_) from module peweaver_ppa_dual_fft_icg (D = $auto$simplemap.cc:189:logic_reduce$6211, Q = \u_fft64.u_fft64.core.SU2.TW.ff_im [15], rval = 1'0).
Adding SRST signal on $auto$ff.cc:337:slice$18546 ($_DFF_P_) from module peweaver_ppa_dual_fft_icg (D = $auto$simplemap.cc:189:logic_reduce$22604, Q = \u_fft128.u_fft128.core.SU1.TW.ff_re [15], rval = 1'1).
Adding SRST signal on $auto$ff.cc:337:slice$18530 ($_DFF_P_) from module peweaver_ppa_dual_fft_icg (D = $auto$simplemap.cc:189:logic_reduce$24971, Q = \u_fft128.u_fft128.core.SU1.TW.ff_im [15], rval = 1'0).
Adding SRST signal on $auto$ff.cc:337:slice$8193 ($_DFF_P_) from module peweaver_ppa_dual_fft_icg (D = $auto$simplemap.cc:189:logic_reduce$11316, Q = \u_fft64.u_fft64.core.SU1.TW.ff_im [15], rval = 1'0).
Adding SRST signal on $auto$ff.cc:337:slice$8209 ($_DFF_P_) from module peweaver_ppa_dual_fft_icg (D = $auto$simplemap.cc:189:logic_reduce$9614, Q = \u_fft64.u_fft64.core.SU1.TW.ff_re [15], rval = 1'1).
Adding SRST signal on $auto$ff.cc:337:slice$13377 ($_DFF_P_) from module peweaver_ppa_dual_fft_icg (D = $auto$simplemap.cc:189:logic_reduce$14997, Q = \u_fft128.u_fft128.core.SU2.TW.ff_im [15], rval = 1'0).
Adding SRST signal on $auto$ff.cc:337:slice$13393 ($_DFF_P_) from module peweaver_ppa_dual_fft_icg (D = $auto$simplemap.cc:189:logic_reduce$14180, Q = \u_fft128.u_fft128.core.SU2.TW.ff_re [15], rval = 1'1).
Adding SRST signal on $auto$ff.cc:337:slice$2356 ($_DFF_P_) from module peweaver_ppa_dual_fft_icg (D = $auto$simplemap.cc:189:logic_reduce$12150, Q = \u_fft128.u_fft128.core.SU3.TW.ff_im [15], rval = 1'1).
Adding SRST signal on $auto$ff.cc:337:slice$2332 ($_DFF_P_) from module peweaver_ppa_dual_fft_icg (D = $auto$simplemap.cc:189:logic_reduce$12089, Q = \u_fft128.u_fft128.core.SU3.TW.ff_re [1], rval = 1'1).
Adding SRST signal on $auto$ff.cc:337:slice$2345 ($_DFF_P_) from module peweaver_ppa_dual_fft_icg (D = $auto$simplemap.cc:189:logic_reduce$12103, Q = \u_fft128.u_fft128.core.SU3.TW.ff_re [14], rval = 1'0).
Adding SRST signal on $auto$ff.cc:337:slice$2357 ($_DFF_P_) from module peweaver_ppa_dual_fft_icg (D = $auto$simplemap.cc:189:logic_reduce$5706, Q = \u_fft64.u_fft64.core.SU2.TW.ff_re [1], rval = 1'1).
Adding SRST signal on $auto$ff.cc:337:slice$2358 ($_DFF_P_) from module peweaver_ppa_dual_fft_icg (D = $auto$simplemap.cc:189:logic_reduce$5727, Q = \u_fft64.u_fft64.core.SU2.TW.ff_re [2], rval = 1'1).
Adding SRST signal on $auto$ff.cc:337:slice$2361 ($_DFF_P_) from module peweaver_ppa_dual_fft_icg (D = $auto$simplemap.cc:189:logic_reduce$5748, Q = \u_fft64.u_fft64.core.SU2.TW.ff_re [5], rval = 1'1).
Adding SRST signal on $auto$ff.cc:337:slice$2363 ($_DFF_P_) from module peweaver_ppa_dual_fft_icg (D = $auto$simplemap.cc:189:logic_reduce$5790, Q = \u_fft64.u_fft64.core.SU2.TW.ff_re [7], rval = 1'1).
Adding SRST signal on $auto$ff.cc:337:slice$2364 ($_DFF_P_) from module peweaver_ppa_dual_fft_icg (D = $auto$simplemap.cc:189:logic_reduce$5811, Q = \u_fft64.u_fft64.core.SU2.TW.ff_re [8], rval = 1'1).
Adding SRST signal on $auto$ff.cc:337:slice$2366 ($_DFF_P_) from module peweaver_ppa_dual_fft_icg (D = $auto$simplemap.cc:189:logic_reduce$5853, Q = \u_fft64.u_fft64.core.SU2.TW.ff_re [10], rval = 1'0).
Adding SRST signal on $auto$ff.cc:337:slice$2367 ($_DFF_P_) from module peweaver_ppa_dual_fft_icg (D = $auto$simplemap.cc:189:logic_reduce$5874, Q = \u_fft64.u_fft64.core.SU2.TW.ff_re [11], rval = 1'1).
Adding SRST signal on $auto$ff.cc:337:slice$2368 ($_DFF_P_) from module peweaver_ppa_dual_fft_icg (D = $auto$simplemap.cc:189:logic_reduce$5895, Q = \u_fft64.u_fft64.core.SU2.TW.ff_re [12], rval = 1'0).
Adding SRST signal on $auto$ff.cc:337:slice$2369 ($_DFF_P_) from module peweaver_ppa_dual_fft_icg (D = $auto$simplemap.cc:189:logic_reduce$5769, Q = \u_fft64.u_fft64.core.SU2.TW.ff_re [13], rval = 1'0).
Adding SRST signal on $auto$ff.cc:337:slice$2370 ($_DFF_P_) from module peweaver_ppa_dual_fft_icg (D = $auto$simplemap.cc:189:logic_reduce$5832, Q = \u_fft64.u_fft64.core.SU2.TW.ff_re [14], rval = 1'0).
Adding SRST signal on $auto$ff.cc:337:slice$2372 ($_DFF_P_) from module peweaver_ppa_dual_fft_icg (D = $auto$simplemap.cc:189:logic_reduce$6031, Q = \u_fft64.u_fft64.core.SU2.TW.ff_im [1], rval = 1'0).
Adding SRST signal on $auto$ff.cc:337:slice$2373 ($_DFF_P_) from module peweaver_ppa_dual_fft_icg (D = $auto$simplemap.cc:189:logic_reduce$6049, Q = \u_fft64.u_fft64.core.SU2.TW.ff_im [2], rval = 1'1).
Adding SRST signal on $auto$ff.cc:337:slice$2376 ($_DFF_P_) from module peweaver_ppa_dual_fft_icg (D = $auto$simplemap.cc:189:logic_reduce$6067, Q = \u_fft64.u_fft64.core.SU2.TW.ff_im [5], rval = 1'1).
Adding SRST signal on $auto$ff.cc:337:slice$2378 ($_DFF_P_) from module peweaver_ppa_dual_fft_icg (D = $auto$simplemap.cc:189:logic_reduce$6103, Q = \u_fft64.u_fft64.core.SU2.TW.ff_im [7], rval = 1'1).
Adding SRST signal on $auto$ff.cc:337:slice$2379 ($_DFF_P_) from module peweaver_ppa_dual_fft_icg (D = $auto$simplemap.cc:189:logic_reduce$6121, Q = \u_fft64.u_fft64.core.SU2.TW.ff_im [8], rval = 1'0).
Adding SRST signal on $auto$ff.cc:337:slice$2381 ($_DFF_P_) from module peweaver_ppa_dual_fft_icg (D = $auto$simplemap.cc:189:logic_reduce$6157, Q = \u_fft64.u_fft64.core.SU2.TW.ff_im [10], rval = 1'0).
Adding SRST signal on $auto$ff.cc:337:slice$2382 ($_DFF_P_) from module peweaver_ppa_dual_fft_icg (D = $auto$simplemap.cc:189:logic_reduce$6175, Q = \u_fft64.u_fft64.core.SU2.TW.ff_im [11], rval = 1'0).
Adding SRST signal on $auto$ff.cc:337:slice$2384 ($_DFF_P_) from module peweaver_ppa_dual_fft_icg (D = $auto$simplemap.cc:189:logic_reduce$6085, Q = \u_fft64.u_fft64.core.SU2.TW.ff_im [13], rval = 1'1).
Adding SRST signal on $auto$ff.cc:337:slice$2385 ($_DFF_P_) from module peweaver_ppa_dual_fft_icg (D = $auto$simplemap.cc:189:logic_reduce$6139, Q = \u_fft64.u_fft64.core.SU2.TW.ff_im [14], rval = 1'0).
Adding SRST signal on $auto$ff.cc:337:slice$8178 ($_DFF_P_) from module peweaver_ppa_dual_fft_icg (D = $auto$simplemap.cc:189:logic_reduce$10296, Q = \u_fft64.u_fft64.core.SU1.TW.ff_im [0], rval = 1'1).
Adding SRST signal on $auto$ff.cc:337:slice$8179 ($_DFF_P_) from module peweaver_ppa_dual_fft_icg (D = $auto$simplemap.cc:189:logic_reduce$10364, Q = \u_fft64.u_fft64.core.SU1.TW.ff_im [1], rval = 1'0).
Adding SRST signal on $auto$ff.cc:337:slice$8180 ($_DFF_P_) from module peweaver_ppa_dual_fft_icg (D = $auto$simplemap.cc:189:logic_reduce$10432, Q = \u_fft64.u_fft64.core.SU1.TW.ff_im [2], rval = 1'1).
Adding SRST signal on $auto$ff.cc:337:slice$8181 ($_DFF_P_) from module peweaver_ppa_dual_fft_icg (D = $auto$simplemap.cc:189:logic_reduce$10500, Q = \u_fft64.u_fft64.core.SU1.TW.ff_im [3], rval = 1'1).
Adding SRST signal on $auto$ff.cc:337:slice$8182 ($_DFF_P_) from module peweaver_ppa_dual_fft_icg (D = $auto$simplemap.cc:189:logic_reduce$10568, Q = \u_fft64.u_fft64.core.SU1.TW.ff_im [4], rval = 1'1).
Adding SRST signal on $auto$ff.cc:337:slice$8183 ($_DFF_P_) from module peweaver_ppa_dual_fft_icg (D = $auto$simplemap.cc:189:logic_reduce$10636, Q = \u_fft64.u_fft64.core.SU1.TW.ff_im [5], rval = 1'1).
Adding SRST signal on $auto$ff.cc:337:slice$8184 ($_DFF_P_) from module peweaver_ppa_dual_fft_icg (D = $auto$simplemap.cc:189:logic_reduce$10704, Q = \u_fft64.u_fft64.core.SU1.TW.ff_im [6], rval = 1'1).
Adding SRST signal on $auto$ff.cc:337:slice$8185 ($_DFF_P_) from module peweaver_ppa_dual_fft_icg (D = $auto$simplemap.cc:189:logic_reduce$10772, Q = \u_fft64.u_fft64.core.SU1.TW.ff_im [7], rval = 1'0).
Adding SRST signal on $auto$ff.cc:337:slice$8186 ($_DFF_P_) from module peweaver_ppa_dual_fft_icg (D = $auto$simplemap.cc:189:logic_reduce$10840, Q = \u_fft64.u_fft64.core.SU1.TW.ff_im [8], rval = 1'0).
Adding SRST signal on $auto$ff.cc:337:slice$8187 ($_DFF_P_) from module peweaver_ppa_dual_fft_icg (D = $auto$simplemap.cc:189:logic_reduce$10908, Q = \u_fft64.u_fft64.core.SU1.TW.ff_im [9], rval = 1'1).
Adding SRST signal on $auto$ff.cc:337:slice$8188 ($_DFF_P_) from module peweaver_ppa_dual_fft_icg (D = $auto$simplemap.cc:189:logic_reduce$10976, Q = \u_fft64.u_fft64.core.SU1.TW.ff_im [10], rval = 1'0).
Adding SRST signal on $auto$ff.cc:337:slice$8189 ($_DFF_P_) from module peweaver_ppa_dual_fft_icg (D = $auto$simplemap.cc:189:logic_reduce$11044, Q = \u_fft64.u_fft64.core.SU1.TW.ff_im [11], rval = 1'1).
Adding SRST signal on $auto$ff.cc:337:slice$8190 ($_DFF_P_) from module peweaver_ppa_dual_fft_icg (D = $auto$simplemap.cc:189:logic_reduce$11112, Q = \u_fft64.u_fft64.core.SU1.TW.ff_im [12], rval = 1'1).
Adding SRST signal on $auto$ff.cc:337:slice$8191 ($_DFF_P_) from module peweaver_ppa_dual_fft_icg (D = $auto$simplemap.cc:189:logic_reduce$11180, Q = \u_fft64.u_fft64.core.SU1.TW.ff_im [13], rval = 1'1).
Adding SRST signal on $auto$ff.cc:337:slice$8192 ($_DFF_P_) from module peweaver_ppa_dual_fft_icg (D = $auto$simplemap.cc:189:logic_reduce$11248, Q = \u_fft64.u_fft64.core.SU1.TW.ff_im [14], rval = 1'1).
Adding SRST signal on $auto$ff.cc:337:slice$8194 ($_DFF_P_) from module peweaver_ppa_dual_fft_icg (D = $auto$simplemap.cc:189:logic_reduce$8324, Q = \u_fft64.u_fft64.core.SU1.TW.ff_re [0], rval = 1'0).
Adding SRST signal on $auto$ff.cc:337:slice$8195 ($_DFF_P_) from module peweaver_ppa_dual_fft_icg (D = $auto$simplemap.cc:189:logic_reduce$8410, Q = \u_fft64.u_fft64.core.SU1.TW.ff_re [1], rval = 1'0).
Adding SRST signal on $auto$ff.cc:337:slice$8196 ($_DFF_P_) from module peweaver_ppa_dual_fft_icg (D = $auto$simplemap.cc:189:logic_reduce$8496, Q = \u_fft64.u_fft64.core.SU1.TW.ff_re [2], rval = 1'0).
Adding SRST signal on $auto$ff.cc:337:slice$8197 ($_DFF_P_) from module peweaver_ppa_dual_fft_icg (D = $auto$simplemap.cc:189:logic_reduce$8582, Q = \u_fft64.u_fft64.core.SU1.TW.ff_re [3], rval = 1'1).
Adding SRST signal on $auto$ff.cc:337:slice$8198 ($_DFF_P_) from module peweaver_ppa_dual_fft_icg (D = $auto$simplemap.cc:189:logic_reduce$8668, Q = \u_fft64.u_fft64.core.SU1.TW.ff_re [4], rval = 1'1).
Adding SRST signal on $auto$ff.cc:337:slice$8199 ($_DFF_P_) from module peweaver_ppa_dual_fft_icg (D = $auto$simplemap.cc:189:logic_reduce$8754, Q = \u_fft64.u_fft64.core.SU1.TW.ff_re [5], rval = 1'0).
Adding SRST signal on $auto$ff.cc:337:slice$8200 ($_DFF_P_) from module peweaver_ppa_dual_fft_icg (D = $auto$simplemap.cc:189:logic_reduce$8840, Q = \u_fft64.u_fft64.core.SU1.TW.ff_re [6], rval = 1'1).
Adding SRST signal on $auto$ff.cc:337:slice$8201 ($_DFF_P_) from module peweaver_ppa_dual_fft_icg (D = $auto$simplemap.cc:189:logic_reduce$8926, Q = \u_fft64.u_fft64.core.SU1.TW.ff_re [7], rval = 1'1).
Adding SRST signal on $auto$ff.cc:337:slice$8202 ($_DFF_P_) from module peweaver_ppa_dual_fft_icg (D = $auto$simplemap.cc:189:logic_reduce$9012, Q = \u_fft64.u_fft64.core.SU1.TW.ff_re [8], rval = 1'0).
Adding SRST signal on $auto$ff.cc:337:slice$8203 ($_DFF_P_) from module peweaver_ppa_dual_fft_icg (D = $auto$simplemap.cc:189:logic_reduce$9098, Q = \u_fft64.u_fft64.core.SU1.TW.ff_re [9], rval = 1'1).
Adding SRST signal on $auto$ff.cc:337:slice$8204 ($_DFF_P_) from module peweaver_ppa_dual_fft_icg (D = $auto$simplemap.cc:189:logic_reduce$9184, Q = \u_fft64.u_fft64.core.SU1.TW.ff_re [10], rval = 1'0).
Adding SRST signal on $auto$ff.cc:337:slice$8205 ($_DFF_P_) from module peweaver_ppa_dual_fft_icg (D = $auto$simplemap.cc:189:logic_reduce$9270, Q = \u_fft64.u_fft64.core.SU1.TW.ff_re [11], rval = 1'1).
Adding SRST signal on $auto$ff.cc:337:slice$8206 ($_DFF_P_) from module peweaver_ppa_dual_fft_icg (D = $auto$simplemap.cc:189:logic_reduce$9356, Q = \u_fft64.u_fft64.core.SU1.TW.ff_re [12], rval = 1'1).
Adding SRST signal on $auto$ff.cc:337:slice$8207 ($_DFF_P_) from module peweaver_ppa_dual_fft_icg (D = $auto$simplemap.cc:189:logic_reduce$9442, Q = \u_fft64.u_fft64.core.SU1.TW.ff_re [13], rval = 1'0).
Adding SRST signal on $auto$ff.cc:337:slice$8208 ($_DFF_P_) from module peweaver_ppa_dual_fft_icg (D = $auto$simplemap.cc:189:logic_reduce$9528, Q = \u_fft64.u_fft64.core.SU1.TW.ff_re [14], rval = 1'1).
Adding SRST signal on $auto$ff.cc:337:slice$13362 ($_DFF_P_) from module peweaver_ppa_dual_fft_icg (D = $auto$simplemap.cc:189:logic_reduce$14487, Q = \u_fft128.u_fft128.core.SU2.TW.ff_im [0], rval = 1'0).
Adding SRST signal on $auto$ff.cc:337:slice$13363 ($_DFF_P_) from module peweaver_ppa_dual_fft_icg (D = $auto$simplemap.cc:189:logic_reduce$14521, Q = \u_fft128.u_fft128.core.SU2.TW.ff_im [1], rval = 1'1).
Adding SRST signal on $auto$ff.cc:337:slice$13364 ($_DFF_P_) from module peweaver_ppa_dual_fft_icg (D = $auto$simplemap.cc:189:logic_reduce$14555, Q = \u_fft128.u_fft128.core.SU2.TW.ff_im [2], rval = 1'1).
Adding SRST signal on $auto$ff.cc:337:slice$13365 ($_DFF_P_) from module peweaver_ppa_dual_fft_icg (D = $auto$simplemap.cc:189:logic_reduce$14589, Q = \u_fft128.u_fft128.core.SU2.TW.ff_im [3], rval = 1'1).
Adding SRST signal on $auto$ff.cc:337:slice$13366 ($_DFF_P_) from module peweaver_ppa_dual_fft_icg (D = $auto$simplemap.cc:189:logic_reduce$14623, Q = \u_fft128.u_fft128.core.SU2.TW.ff_im [4], rval = 1'0).
Adding SRST signal on $auto$ff.cc:337:slice$13367 ($_DFF_P_) from module peweaver_ppa_dual_fft_icg (D = $auto$simplemap.cc:189:logic_reduce$14657, Q = \u_fft128.u_fft128.core.SU2.TW.ff_im [5], rval = 1'1).
Adding SRST signal on $auto$ff.cc:337:slice$13368 ($_DFF_P_) from module peweaver_ppa_dual_fft_icg (D = $auto$simplemap.cc:189:logic_reduce$14691, Q = \u_fft128.u_fft128.core.SU2.TW.ff_im [6], rval = 1'1).
Adding SRST signal on $auto$ff.cc:337:slice$13369 ($_DFF_P_) from module peweaver_ppa_dual_fft_icg (D = $auto$simplemap.cc:189:logic_reduce$14725, Q = \u_fft128.u_fft128.core.SU2.TW.ff_im [7], rval = 1'0).
Adding SRST signal on $auto$ff.cc:337:slice$13370 ($_DFF_P_) from module peweaver_ppa_dual_fft_icg (D = $auto$simplemap.cc:189:logic_reduce$14759, Q = \u_fft128.u_fft128.core.SU2.TW.ff_im [8], rval = 1'0).
Adding SRST signal on $auto$ff.cc:337:slice$13371 ($_DFF_P_) from module peweaver_ppa_dual_fft_icg (D = $auto$simplemap.cc:189:logic_reduce$14793, Q = \u_fft128.u_fft128.core.SU2.TW.ff_im [9], rval = 1'1).
Adding SRST signal on $auto$ff.cc:337:slice$13372 ($_DFF_P_) from module peweaver_ppa_dual_fft_icg (D = $auto$simplemap.cc:189:logic_reduce$14827, Q = \u_fft128.u_fft128.core.SU2.TW.ff_im [10], rval = 1'0).
Adding SRST signal on $auto$ff.cc:337:slice$13373 ($_DFF_P_) from module peweaver_ppa_dual_fft_icg (D = $auto$simplemap.cc:189:logic_reduce$14861, Q = \u_fft128.u_fft128.core.SU2.TW.ff_im [11], rval = 1'1).
Adding SRST signal on $auto$ff.cc:337:slice$13374 ($_DFF_P_) from module peweaver_ppa_dual_fft_icg (D = $auto$simplemap.cc:189:logic_reduce$14895, Q = \u_fft128.u_fft128.core.SU2.TW.ff_im [12], rval = 1'0).
Adding SRST signal on $auto$ff.cc:337:slice$13375 ($_DFF_P_) from module peweaver_ppa_dual_fft_icg (D = $auto$simplemap.cc:189:logic_reduce$14929, Q = \u_fft128.u_fft128.core.SU2.TW.ff_im [13], rval = 1'1).
Adding SRST signal on $auto$ff.cc:337:slice$13376 ($_DFF_P_) from module peweaver_ppa_dual_fft_icg (D = $auto$simplemap.cc:189:logic_reduce$14963, Q = \u_fft128.u_fft128.core.SU2.TW.ff_im [14], rval = 1'1).
Adding SRST signal on $auto$ff.cc:337:slice$13378 ($_DFF_P_) from module peweaver_ppa_dual_fft_icg (D = $auto$simplemap.cc:189:logic_reduce$13490, Q = \u_fft128.u_fft128.core.SU2.TW.ff_re [0], rval = 1'1).
Adding SRST signal on $auto$ff.cc:337:slice$13379 ($_DFF_P_) from module peweaver_ppa_dual_fft_icg (D = $auto$simplemap.cc:189:logic_reduce$13536, Q = \u_fft128.u_fft128.core.SU2.TW.ff_re [1], rval = 1'1).
Adding SRST signal on $auto$ff.cc:337:slice$13380 ($_DFF_P_) from module peweaver_ppa_dual_fft_icg (D = $auto$simplemap.cc:189:logic_reduce$13582, Q = \u_fft128.u_fft128.core.SU2.TW.ff_re [2], rval = 1'0).
Adding SRST signal on $auto$ff.cc:337:slice$13381 ($_DFF_P_) from module peweaver_ppa_dual_fft_icg (D = $auto$simplemap.cc:189:logic_reduce$13628, Q = \u_fft128.u_fft128.core.SU2.TW.ff_re [3], rval = 1'0).
Adding SRST signal on $auto$ff.cc:337:slice$13382 ($_DFF_P_) from module peweaver_ppa_dual_fft_icg (D = $auto$simplemap.cc:189:logic_reduce$13674, Q = \u_fft128.u_fft128.core.SU2.TW.ff_re [4], rval = 1'0).
Adding SRST signal on $auto$ff.cc:337:slice$13383 ($_DFF_P_) from module peweaver_ppa_dual_fft_icg (D = $auto$simplemap.cc:189:logic_reduce$13720, Q = \u_fft128.u_fft128.core.SU2.TW.ff_re [5], rval = 1'1).
Adding SRST signal on $auto$ff.cc:337:slice$13384 ($_DFF_P_) from module peweaver_ppa_dual_fft_icg (D = $auto$simplemap.cc:189:logic_reduce$13766, Q = \u_fft128.u_fft128.core.SU2.TW.ff_re [6], rval = 1'1).
Adding SRST signal on $auto$ff.cc:337:slice$13385 ($_DFF_P_) from module peweaver_ppa_dual_fft_icg (D = $auto$simplemap.cc:189:logic_reduce$13812, Q = \u_fft128.u_fft128.core.SU2.TW.ff_re [7], rval = 1'1).
Adding SRST signal on $auto$ff.cc:337:slice$13386 ($_DFF_P_) from module peweaver_ppa_dual_fft_icg (D = $auto$simplemap.cc:189:logic_reduce$13858, Q = \u_fft128.u_fft128.core.SU2.TW.ff_re [8], rval = 1'0).
Adding SRST signal on $auto$ff.cc:337:slice$13387 ($_DFF_P_) from module peweaver_ppa_dual_fft_icg (D = $auto$simplemap.cc:189:logic_reduce$13904, Q = \u_fft128.u_fft128.core.SU2.TW.ff_re [9], rval = 1'0).
Adding SRST signal on $auto$ff.cc:337:slice$13388 ($_DFF_P_) from module peweaver_ppa_dual_fft_icg (D = $auto$simplemap.cc:189:logic_reduce$13950, Q = \u_fft128.u_fft128.core.SU2.TW.ff_re [10], rval = 1'0).
Adding SRST signal on $auto$ff.cc:337:slice$13389 ($_DFF_P_) from module peweaver_ppa_dual_fft_icg (D = $auto$simplemap.cc:189:logic_reduce$13996, Q = \u_fft128.u_fft128.core.SU2.TW.ff_re [11], rval = 1'1).
Adding SRST signal on $auto$ff.cc:337:slice$13390 ($_DFF_P_) from module peweaver_ppa_dual_fft_icg (D = $auto$simplemap.cc:189:logic_reduce$14042, Q = \u_fft128.u_fft128.core.SU2.TW.ff_re [12], rval = 1'1).
Adding SRST signal on $auto$ff.cc:337:slice$13391 ($_DFF_P_) from module peweaver_ppa_dual_fft_icg (D = $auto$simplemap.cc:189:logic_reduce$14088, Q = \u_fft128.u_fft128.core.SU2.TW.ff_re [13], rval = 1'1).
Adding SRST signal on $auto$ff.cc:337:slice$13392 ($_DFF_P_) from module peweaver_ppa_dual_fft_icg (D = $auto$simplemap.cc:189:logic_reduce$14134, Q = \u_fft128.u_fft128.core.SU2.TW.ff_re [14], rval = 1'0).
Adding SRST signal on $auto$ff.cc:337:slice$18515 ($_DFF_P_) from module peweaver_ppa_dual_fft_icg (D = $auto$simplemap.cc:189:logic_reduce$22991, Q = \u_fft128.u_fft128.core.SU1.TW.ff_im [0], rval = 1'1).
Adding SRST signal on $auto$ff.cc:337:slice$18516 ($_DFF_P_) from module peweaver_ppa_dual_fft_icg (D = $auto$simplemap.cc:189:logic_reduce$23123, Q = \u_fft128.u_fft128.core.SU1.TW.ff_im [1], rval = 1'0).
Adding SRST signal on $auto$ff.cc:337:slice$18517 ($_DFF_P_) from module peweaver_ppa_dual_fft_icg (D = $auto$simplemap.cc:189:logic_reduce$23255, Q = \u_fft128.u_fft128.core.SU1.TW.ff_im [2], rval = 1'1).
Adding SRST signal on $auto$ff.cc:337:slice$18518 ($_DFF_P_) from module peweaver_ppa_dual_fft_icg (D = $auto$simplemap.cc:189:logic_reduce$23387, Q = \u_fft128.u_fft128.core.SU1.TW.ff_im [3], rval = 1'1).
Adding SRST signal on $auto$ff.cc:337:slice$18519 ($_DFF_P_) from module peweaver_ppa_dual_fft_icg (D = $auto$simplemap.cc:189:logic_reduce$23519, Q = \u_fft128.u_fft128.core.SU1.TW.ff_im [4], rval = 1'1).
Adding SRST signal on $auto$ff.cc:337:slice$18520 ($_DFF_P_) from module peweaver_ppa_dual_fft_icg (D = $auto$simplemap.cc:189:logic_reduce$23651, Q = \u_fft128.u_fft128.core.SU1.TW.ff_im [5], rval = 1'0).
Adding SRST signal on $auto$ff.cc:337:slice$18521 ($_DFF_P_) from module peweaver_ppa_dual_fft_icg (D = $auto$simplemap.cc:189:logic_reduce$23783, Q = \u_fft128.u_fft128.core.SU1.TW.ff_im [6], rval = 1'0).
Adding SRST signal on $auto$ff.cc:337:slice$18522 ($_DFF_P_) from module peweaver_ppa_dual_fft_icg (D = $auto$simplemap.cc:189:logic_reduce$23915, Q = \u_fft128.u_fft128.core.SU1.TW.ff_im [7], rval = 1'1).
Adding SRST signal on $auto$ff.cc:337:slice$18523 ($_DFF_P_) from module peweaver_ppa_dual_fft_icg (D = $auto$simplemap.cc:189:logic_reduce$24047, Q = \u_fft128.u_fft128.core.SU1.TW.ff_im [8], rval = 1'0).
Adding SRST signal on $auto$ff.cc:337:slice$18524 ($_DFF_P_) from module peweaver_ppa_dual_fft_icg (D = $auto$simplemap.cc:189:logic_reduce$24179, Q = \u_fft128.u_fft128.core.SU1.TW.ff_im [9], rval = 1'1).
Adding SRST signal on $auto$ff.cc:337:slice$18525 ($_DFF_P_) from module peweaver_ppa_dual_fft_icg (D = $auto$simplemap.cc:189:logic_reduce$24311, Q = \u_fft128.u_fft128.core.SU1.TW.ff_im [10], rval = 1'1).
Adding SRST signal on $auto$ff.cc:337:slice$18526 ($_DFF_P_) from module peweaver_ppa_dual_fft_icg (D = $auto$simplemap.cc:189:logic_reduce$24443, Q = \u_fft128.u_fft128.core.SU1.TW.ff_im [11], rval = 1'1).
Adding SRST signal on $auto$ff.cc:337:slice$18527 ($_DFF_P_) from module peweaver_ppa_dual_fft_icg (D = $auto$simplemap.cc:189:logic_reduce$24575, Q = \u_fft128.u_fft128.core.SU1.TW.ff_im [12], rval = 1'1).
Adding SRST signal on $auto$ff.cc:337:slice$18528 ($_DFF_P_) from module peweaver_ppa_dual_fft_icg (D = $auto$simplemap.cc:189:logic_reduce$24707, Q = \u_fft128.u_fft128.core.SU1.TW.ff_im [13], rval = 1'1).
Adding SRST signal on $auto$ff.cc:337:slice$18529 ($_DFF_P_) from module peweaver_ppa_dual_fft_icg (D = $auto$simplemap.cc:189:logic_reduce$24839, Q = \u_fft128.u_fft128.core.SU1.TW.ff_im [14], rval = 1'1).
Adding SRST signal on $auto$ff.cc:337:slice$18531 ($_DFF_P_) from module peweaver_ppa_dual_fft_icg (D = $auto$simplemap.cc:189:logic_reduce$19949, Q = \u_fft128.u_fft128.core.SU1.TW.ff_re [0], rval = 1'0).
Adding SRST signal on $auto$ff.cc:337:slice$18532 ($_DFF_P_) from module peweaver_ppa_dual_fft_icg (D = $auto$simplemap.cc:189:logic_reduce$20126, Q = \u_fft128.u_fft128.core.SU1.TW.ff_re [1], rval = 1'0).
Adding SRST signal on $auto$ff.cc:337:slice$18533 ($_DFF_P_) from module peweaver_ppa_dual_fft_icg (D = $auto$simplemap.cc:189:logic_reduce$20303, Q = \u_fft128.u_fft128.core.SU1.TW.ff_re [2], rval = 1'0).
Adding SRST signal on $auto$ff.cc:337:slice$18534 ($_DFF_P_) from module peweaver_ppa_dual_fft_icg (D = $auto$simplemap.cc:189:logic_reduce$20480, Q = \u_fft128.u_fft128.core.SU1.TW.ff_re [3], rval = 1'1).
Adding SRST signal on $auto$ff.cc:337:slice$18535 ($_DFF_P_) from module peweaver_ppa_dual_fft_icg (D = $auto$simplemap.cc:189:logic_reduce$20657, Q = \u_fft128.u_fft128.core.SU1.TW.ff_re [4], rval = 1'1).
Adding SRST signal on $auto$ff.cc:337:slice$18536 ($_DFF_P_) from module peweaver_ppa_dual_fft_icg (D = $auto$simplemap.cc:189:logic_reduce$20834, Q = \u_fft128.u_fft128.core.SU1.TW.ff_re [5], rval = 1'1).
Adding SRST signal on $auto$ff.cc:337:slice$18537 ($_DFF_P_) from module peweaver_ppa_dual_fft_icg (D = $auto$simplemap.cc:189:logic_reduce$21011, Q = \u_fft128.u_fft128.core.SU1.TW.ff_re [6], rval = 1'0).
Adding SRST signal on $auto$ff.cc:337:slice$18538 ($_DFF_P_) from module peweaver_ppa_dual_fft_icg (D = $auto$simplemap.cc:189:logic_reduce$21188, Q = \u_fft128.u_fft128.core.SU1.TW.ff_re [7], rval = 1'0).
Adding SRST signal on $auto$ff.cc:337:slice$18539 ($_DFF_P_) from module peweaver_ppa_dual_fft_icg (D = $auto$simplemap.cc:189:logic_reduce$21365, Q = \u_fft128.u_fft128.core.SU1.TW.ff_re [8], rval = 1'1).
Adding SRST signal on $auto$ff.cc:337:slice$18540 ($_DFF_P_) from module peweaver_ppa_dual_fft_icg (D = $auto$simplemap.cc:189:logic_reduce$21542, Q = \u_fft128.u_fft128.core.SU1.TW.ff_re [9], rval = 1'0).
Adding SRST signal on $auto$ff.cc:337:slice$18541 ($_DFF_P_) from module peweaver_ppa_dual_fft_icg (D = $auto$simplemap.cc:189:logic_reduce$21719, Q = \u_fft128.u_fft128.core.SU1.TW.ff_re [10], rval = 1'1).
Adding SRST signal on $auto$ff.cc:337:slice$18542 ($_DFF_P_) from module peweaver_ppa_dual_fft_icg (D = $auto$simplemap.cc:189:logic_reduce$21896, Q = \u_fft128.u_fft128.core.SU1.TW.ff_re [11], rval = 1'1).
Adding SRST signal on $auto$ff.cc:337:slice$18543 ($_DFF_P_) from module peweaver_ppa_dual_fft_icg (D = $auto$simplemap.cc:189:logic_reduce$22073, Q = \u_fft128.u_fft128.core.SU1.TW.ff_re [12], rval = 1'0).
Adding SRST signal on $auto$ff.cc:337:slice$18544 ($_DFF_P_) from module peweaver_ppa_dual_fft_icg (D = $auto$simplemap.cc:189:logic_reduce$22250, Q = \u_fft128.u_fft128.core.SU1.TW.ff_re [13], rval = 1'1).
Adding SRST signal on $auto$ff.cc:337:slice$18545 ($_DFF_P_) from module peweaver_ppa_dual_fft_icg (D = $auto$simplemap.cc:189:logic_reduce$22427, Q = \u_fft128.u_fft128.core.SU1.TW.ff_re [14], rval = 1'1).

18.23.4. Executing OPT_CLEAN pass (remove unused cells and wires).
Finding unused cells or wires in module \peweaver_ppa_dual_fft_icg..
Removed 2632 unused cells and 12641 unused wires.
<suppressed ~2645 debug messages>

18.23.5. Rerunning OPT passes. (Removed registers in this run.)

18.23.6. Executing OPT_EXPR pass (perform const folding).
Optimizing module peweaver_ppa_dual_fft_icg.
<suppressed ~146 debug messages>

18.23.7. Executing OPT_MERGE pass (detect identical cells).
Finding identical cells in module `\peweaver_ppa_dual_fft_icg'.
Computing hashes of 51159 cells of `\peweaver_ppa_dual_fft_icg'.
Finding duplicate cells in `\peweaver_ppa_dual_fft_icg'.
Removed a total of 0 cells.

18.23.8. Executing OPT_DFF pass (perform DFF optimizations).

18.23.9. Executing OPT_CLEAN pass (remove unused cells and wires).
Finding unused cells or wires in module \peweaver_ppa_dual_fft_icg..

18.23.10. Finished fast OPT passes.

18.24. Executing ABC pass (technology mapping using ABC).

18.24.1. Extracting gate netlist of module `\peweaver_ppa_dual_fft_icg' to `<abc-temp-dir>/input.blif'..

18.24.1.1. Executed ABC.
Extracted 44162 gates and 45466 wires to a netlist network with 1303 inputs and 1303 outputs.
Running ABC script: <abc-temp-dir>/abc.script
ABC: UC Berkeley, ABC 1.01 (compiled Aug 28 2026 12:09:00)
ABC: abc 01> empty
ABC: abc 01> source <abc-temp-dir>/abc.script
ABC: + read_blif <abc-temp-dir>/input.blif 
ABC: + read_library <abc-temp-dir>/stdcells.genlib 
ABC: + strash 
ABC: + &get -n 
ABC: + &fraig -x 
ABC: + &put 
ABC: + scorr 
ABC: Warning: The network is combinational (run "fraig" or "fraig_sweep").
ABC: + dc2 
ABC: + dretime 
ABC: + strash 
ABC: + &get -n 
ABC: + &dch -f 
ABC: + &nf 
ABC: + &put 
ABC: + write_blif <abc-temp-dir>/output.blif 
ABC: 
ABC: YOSYS_ABC_DONE 

18.24.1.2. Re-integrating ABC results.
ABC RESULTS:               AND cells:     6568
ABC RESULTS:            ANDNOT cells:      895
ABC RESULTS:               MUX cells:     1256
ABC RESULTS:              NAND cells:    16538
ABC RESULTS:               NOR cells:      150
ABC RESULTS:               NOT cells:       90
ABC RESULTS:                OR cells:     1042
ABC RESULTS:             ORNOT cells:     1051
ABC RESULTS:              XNOR cells:     1801
ABC RESULTS:               XOR cells:    10179
ABC RESULTS:        internal signals:    42860
ABC RESULTS:           input signals:     1303
ABC RESULTS:          output signals:     1303
Removing temp directory.
Removing global temp directory.

18.25. Executing OPT pass (performing simple optimizations).

18.25.1. Executing OPT_EXPR pass (perform const folding).
Optimizing module peweaver_ppa_dual_fft_icg.
<suppressed ~4 debug messages>

18.25.2. Executing OPT_MERGE pass (detect identical cells).
Finding identical cells in module `\peweaver_ppa_dual_fft_icg'.
Computing hashes of 46567 cells of `\peweaver_ppa_dual_fft_icg'.
Finding duplicate cells in `\peweaver_ppa_dual_fft_icg'.
Computing hashes of 46561 cells of `\peweaver_ppa_dual_fft_icg'.
Finding duplicate cells in `\peweaver_ppa_dual_fft_icg'.
Computing hashes of 46560 cells of `\peweaver_ppa_dual_fft_icg'.
Finding duplicate cells in `\peweaver_ppa_dual_fft_icg'.
Computing hashes of 46541 cells of `\peweaver_ppa_dual_fft_icg'.
Finding duplicate cells in `\peweaver_ppa_dual_fft_icg'.
<suppressed ~78 debug messages>
Removed a total of 26 cells.

18.25.3. Executing OPT_DFF pass (perform DFF optimizations).

18.25.4. Executing OPT_CLEAN pass (remove unused cells and wires).
Finding unused cells or wires in module \peweaver_ppa_dual_fft_icg..
Removed 0 unused cells and 9973 unused wires.
<suppressed ~179 debug messages>

18.25.5. Finished fast OPT passes.

18.26. Executing HIERARCHY pass (managing design hierarchy).
Attribute `top' found on module `peweaver_ppa_dual_fft_icg'. Setting top module to peweaver_ppa_dual_fft_icg.

18.26.1. Analyzing design hierarchy..
Top module:  \peweaver_ppa_dual_fft_icg

18.26.2. Analyzing design hierarchy..
Top module:  \peweaver_ppa_dual_fft_icg
Removed 0 unused modules.

18.27. Printing statistics.

=== peweaver_ppa_dual_fft_icg ===

        +----------Local Count, excluding submodules.
        | 
    40826 wires
    70958 wire bits
     2157 public wires
    32289 public wire bits
        9 ports
       69 port bits
    46541 cells
      895   $_ANDNOT_
     6549   $_AND_
       12   $_DFFE_PP0P_
      131   $_DFF_PP0_
        4   $_DFF_PP1_
     6676   $_DFF_P_
     1255   $_MUX_
    16537   $_NAND_
      150   $_NOR_
       89   $_NOT_
     1048   $_ORNOT_
     1042   $_OR_
       49   $_SDFF_PN0_
       69   $_SDFF_PN1_
     1801   $_XNOR_
    10179   $_XOR_
       53   $scopeinfo
        2   sky130_fd_sc_hd__dlclkp_4

18.28. Executing CHECK pass (checking for obvious problems).
Checking module peweaver_ppa_dual_fft_icg...
Found and reported 0 problems.

19. Executing DFFLIBMAP pass (mapping DFF/DLATCH cells to sequential cells from liberty file).
  cell sky130_fd_sc_hd__dfxtp_1 (noninv, pins=3, area=20.02) is a direct match for cell type $_DFF_P_.
  cell sky130_fd_sc_hd__dfrtn_1 (noninv, pins=4, area=25.02) is a direct match for cell type $_DFF_NN0_.
  cell sky130_fd_sc_hd__dfrtp_1 (noninv, pins=4, area=25.02) is a direct match for cell type $_DFF_PN0_.
  cell sky130_fd_sc_hd__dfstp_1 (noninv, pins=4, area=26.28) is a direct match for cell type $_DFF_PN1_.
  cell sky130_fd_sc_hd__edfxtp_1 (noninv, pins=4, area=30.03) is a direct match for cell type $_DFFE_PP_.
  cell sky130_fd_sc_hd__dfbbn_1 (noninv, pins=6, area=32.53) is a direct match for cell type $_DFFSR_NNN_.
  cell sky130_fd_sc_hd__dfbbp_1 (noninv, pins=6, area=32.53) is a direct match for cell type $_DFFSR_PNN_.
  cell sky130_fd_sc_hd__dlxtn_1 (noninv, pins=3, area=15.01) is a direct match for cell type $_DLATCH_N_.
  cell sky130_fd_sc_hd__dlxtp_1 (noninv, pins=3, area=15.01) is a direct match for cell type $_DLATCH_P_.
  cell sky130_fd_sc_hd__dlrtn_1 (noninv, pins=4, area=17.52) is a direct match for cell type $_DLATCH_NN0_.
  cell sky130_fd_sc_hd__dlrtp_1 (noninv, pins=4, area=16.27) is a direct match for cell type $_DLATCH_PN0_.
  final dff/dlatch cell mappings:
    unmapped dff/dlatch cell: $_DFF_N_
    \sky130_fd_sc_hd__dfxtp_1 _DFF_P_ (.CLK( C), .D( D), .Q( Q));
    \sky130_fd_sc_hd__dfrtn_1 _DFF_NN0_ (.CLK_N( C), .D( D), .Q( Q), .RESET_B( R));
    unmapped dff/dlatch cell: $_DFF_NN1_
    unmapped dff/dlatch cell: $_DFF_NP0_
    unmapped dff/dlatch cell: $_DFF_NP1_
    \sky130_fd_sc_hd__dfrtp_1 _DFF_PN0_ (.CLK( C), .D( D), .Q( Q), .RESET_B( R));
    \sky130_fd_sc_hd__dfstp_1 _DFF_PN1_ (.CLK( C), .D( D), .Q( Q), .SET_B( R));
    unmapped dff/dlatch cell: $_DFF_PP0_
    unmapped dff/dlatch cell: $_DFF_PP1_
    unmapped dff/dlatch cell: $_DFFE_NN_
    unmapped dff/dlatch cell: $_DFFE_NP_
    unmapped dff/dlatch cell: $_DFFE_PN_
    \sky130_fd_sc_hd__edfxtp_1 _DFFE_PP_ (.CLK( C), .D( D), .DE( E), .Q( Q));
    \sky130_fd_sc_hd__dfbbn_1 _DFFSR_NNN_ (.CLK_N( C), .D( D), .Q( Q), .Q_N(~Q), .RESET_B( R), .SET_B( S));
    unmapped dff/dlatch cell: $_DFFSR_NNP_
    unmapped dff/dlatch cell: $_DFFSR_NPN_
    unmapped dff/dlatch cell: $_DFFSR_NPP_
    \sky130_fd_sc_hd__dfbbp_1 _DFFSR_PNN_ (.CLK( C), .D( D), .Q( Q), .Q_N(~Q), .RESET_B( R), .SET_B( S));
    unmapped dff/dlatch cell: $_DFFSR_PNP_
    unmapped dff/dlatch cell: $_DFFSR_PPN_
    unmapped dff/dlatch cell: $_DFFSR_PPP_
    \sky130_fd_sc_hd__dlxtn_1 _DLATCH_N_ (.D( D), .GATE_N( E), .Q( Q));
    \sky130_fd_sc_hd__dlxtp_1 _DLATCH_P_ (.D( D), .GATE( E), .Q( Q));
    \sky130_fd_sc_hd__dlrtn_1 _DLATCH_NN0_ (.D( D), .GATE_N( E), .Q( Q), .RESET_B( R));
    unmapped dff/dlatch cell: $_DLATCH_NN1_
    unmapped dff/dlatch cell: $_DLATCH_NP0_
    unmapped dff/dlatch cell: $_DLATCH_NP1_
    \sky130_fd_sc_hd__dlrtp_1 _DLATCH_PN0_ (.D( D), .GATE( E), .Q( Q), .RESET_B( R));
    unmapped dff/dlatch cell: $_DLATCH_PN1_
    unmapped dff/dlatch cell: $_DLATCH_PP0_
    unmapped dff/dlatch cell: $_DLATCH_PP1_
    unmapped dff/dlatch cell: $_DLATCHSR_NNN_
    unmapped dff/dlatch cell: $_DLATCHSR_NNP_
    unmapped dff/dlatch cell: $_DLATCHSR_NPN_
    unmapped dff/dlatch cell: $_DLATCHSR_NPP_
    unmapped dff/dlatch cell: $_DLATCHSR_PNN_
    unmapped dff/dlatch cell: $_DLATCHSR_PNP_
    unmapped dff/dlatch cell: $_DLATCHSR_PPN_
    unmapped dff/dlatch cell: $_DLATCHSR_PPP_

19.1. Executing DFFLEGALIZE pass (convert FFs and LATCHes to types supported by the target).
<suppressed ~24 debug messages>
Mapping DFF/DLATCH cells in module `\peweaver_ppa_dual_fft_icg':
  mapped 143 $_DFF_PN0_ cells to \sky130_fd_sc_hd__dfrtp_1 cells.
  mapped 4 $_DFF_PN1_ cells to \sky130_fd_sc_hd__dfstp_1 cells.
  mapped 6794 $_DFF_P_ cells to \sky130_fd_sc_hd__dfxtp_1 cells.

20. Executing ABC pass (technology mapping using ABC).

20.1. Extracting gate netlist of module `\peweaver_ppa_dual_fft_icg' to `<abc-temp-dir>/input.blif'..

20.1.1. Executed ABC.
Extracted 39822 gates and 41128 wires to a netlist network with 1304 inputs and 1436 outputs.
Running ABC script: <abc-temp-dir>/abc.script
ABC: UC Berkeley, ABC 1.01 (compiled Aug 28 2026 12:09:00)
ABC: abc 01> empty
ABC: abc 01> source <abc-temp-dir>/abc.script
ABC: + read_blif <abc-temp-dir>/input.blif 
ABC: + read_scl /tmp/yosys-liberty-scl-cache/yosys_merged_727fd3b1.scl 
ABC: Warning: Detected 9 multi-output cells (for example, "sky130_fd_sc_hd__fa_1").
ABC: + strash 
ABC: + &get -n 
ABC: + &fraig -x 
ABC: + &put 
ABC: + scorr 
ABC: Warning: The network is combinational (run "fraig" or "fraig_sweep").
ABC: + dc2 
ABC: + dretime 
ABC: + retime -o -D 10000 
ABC: + strash 
ABC: + &get -n 
ABC: + &dch -f 
ABC: + &nf -D 10000 
ABC: + &put 
ABC: + write_blif <abc-temp-dir>/output.blif 
ABC: 
ABC: YOSYS_ABC_DONE 

20.1.2. Re-integrating ABC results.
ABC RESULTS:   sky130_fd_sc_hd__a2111oi_0 cells:        3
ABC RESULTS:   sky130_fd_sc_hd__a211o_1 cells:        7
ABC RESULTS:   sky130_fd_sc_hd__a211oi_1 cells:       37
ABC RESULTS:   sky130_fd_sc_hd__a21bo_1 cells:        5
ABC RESULTS:   sky130_fd_sc_hd__a21boi_0 cells:      122
ABC RESULTS:   sky130_fd_sc_hd__a21o_1 cells:      295
ABC RESULTS:   sky130_fd_sc_hd__a21oi_1 cells:     1944
ABC RESULTS:   sky130_fd_sc_hd__a221o_1 cells:        2
ABC RESULTS:   sky130_fd_sc_hd__a221oi_1 cells:       12
ABC RESULTS:   sky130_fd_sc_hd__a222oi_1 cells:        1
ABC RESULTS:   sky130_fd_sc_hd__a22o_1 cells:      105
ABC RESULTS:   sky130_fd_sc_hd__a22oi_1 cells:      256
ABC RESULTS:   sky130_fd_sc_hd__a2bb2o_1 cells:        3
ABC RESULTS:   sky130_fd_sc_hd__a2bb2oi_1 cells:       35
ABC RESULTS:   sky130_fd_sc_hd__a311o_1 cells:        4
ABC RESULTS:   sky130_fd_sc_hd__a311oi_1 cells:        2
ABC RESULTS:   sky130_fd_sc_hd__a31o_1 cells:       14
ABC RESULTS:   sky130_fd_sc_hd__a31oi_1 cells:      180
ABC RESULTS:   sky130_fd_sc_hd__a32o_1 cells:       25
ABC RESULTS:   sky130_fd_sc_hd__a32oi_1 cells:       13
ABC RESULTS:   sky130_fd_sc_hd__a41oi_1 cells:        1
ABC RESULTS:   sky130_fd_sc_hd__and2_0 cells:      786
ABC RESULTS:   sky130_fd_sc_hd__and3_1 cells:      290
ABC RESULTS:   sky130_fd_sc_hd__and3b_1 cells:        3
ABC RESULTS:   sky130_fd_sc_hd__and4_1 cells:       50
ABC RESULTS:   sky130_fd_sc_hd__clkinv_1 cells:      767
ABC RESULTS:   sky130_fd_sc_hd__maj3_1 cells:     2629
ABC RESULTS:   sky130_fd_sc_hd__mux2_1 cells:       72
ABC RESULTS:   sky130_fd_sc_hd__mux2i_1 cells:       37
ABC RESULTS:   sky130_fd_sc_hd__nand2_1 cells:     5357
ABC RESULTS:   sky130_fd_sc_hd__nand2b_1 cells:      850
ABC RESULTS:   sky130_fd_sc_hd__nand3_1 cells:      630
ABC RESULTS:   sky130_fd_sc_hd__nand3b_1 cells:        7
ABC RESULTS:   sky130_fd_sc_hd__nand4_1 cells:      165
ABC RESULTS:   sky130_fd_sc_hd__nand4b_1 cells:        6
ABC RESULTS:   sky130_fd_sc_hd__nand4bb_1 cells:        1
ABC RESULTS:   sky130_fd_sc_hd__nor2_1 cells:     3401
ABC RESULTS:   sky130_fd_sc_hd__nor2b_1 cells:      832
ABC RESULTS:   sky130_fd_sc_hd__nor3_1 cells:      379
ABC RESULTS:   sky130_fd_sc_hd__nor3b_1 cells:       42
ABC RESULTS:   sky130_fd_sc_hd__nor4_1 cells:       57
ABC RESULTS:   sky130_fd_sc_hd__nor4b_1 cells:        6
ABC RESULTS:   sky130_fd_sc_hd__o2111ai_1 cells:       12
ABC RESULTS:   sky130_fd_sc_hd__o211a_1 cells:        5
ABC RESULTS:   sky130_fd_sc_hd__o211ai_1 cells:       24
ABC RESULTS:   sky130_fd_sc_hd__o21a_1 cells:      209
ABC RESULTS:   sky130_fd_sc_hd__o21ai_0 cells:     1314
ABC RESULTS:   sky130_fd_sc_hd__o21ba_1 cells:       12
ABC RESULTS:   sky130_fd_sc_hd__o21bai_1 cells:       84
ABC RESULTS:   sky130_fd_sc_hd__o221a_1 cells:        1
ABC RESULTS:   sky130_fd_sc_hd__o221ai_1 cells:        7
ABC RESULTS:   sky130_fd_sc_hd__o22a_1 cells:       84
ABC RESULTS:   sky130_fd_sc_hd__o22ai_1 cells:      123
ABC RESULTS:   sky130_fd_sc_hd__o2bb2ai_1 cells:       31
ABC RESULTS:   sky130_fd_sc_hd__o311a_1 cells:        2
ABC RESULTS:   sky130_fd_sc_hd__o311ai_0 cells:        2
ABC RESULTS:   sky130_fd_sc_hd__o31a_1 cells:       20
ABC RESULTS:   sky130_fd_sc_hd__o31ai_1 cells:       78
ABC RESULTS:   sky130_fd_sc_hd__o32a_1 cells:        2
ABC RESULTS:   sky130_fd_sc_hd__o32ai_1 cells:       82
ABC RESULTS:   sky130_fd_sc_hd__o41ai_1 cells:        2
ABC RESULTS:   sky130_fd_sc_hd__or2_0 cells:      135
ABC RESULTS:   sky130_fd_sc_hd__or3_1 cells:      121
ABC RESULTS:   sky130_fd_sc_hd__or3b_1 cells:        5
ABC RESULTS:   sky130_fd_sc_hd__or4_1 cells:       19
ABC RESULTS:   sky130_fd_sc_hd__xnor2_1 cells:     5537
ABC RESULTS:   sky130_fd_sc_hd__xnor3_1 cells:      655
ABC RESULTS:   sky130_fd_sc_hd__xor2_1 cells:     3137
ABC RESULTS:   sky130_fd_sc_hd__xor3_1 cells:      452
ABC RESULTS:        internal signals:    38388
ABC RESULTS:           input signals:     1304
ABC RESULTS:          output signals:     1436
Removing temp directory.
Removing global temp directory.

21. Executing SETUNDEF pass (replace undef values with defined constants).

22. Executing SPLITNETS pass (splitting up multi-bit signals).

23. Executing OPT_CLEAN pass (remove unused cells and wires).
Finding unused cells or wires in module \peweaver_ppa_dual_fft_icg..
Removed 53 unused cells and 65560 unused wires.
<suppressed ~24494 debug messages>

24. Executing CHECK pass (checking for obvious problems).
Checking module peweaver_ppa_dual_fft_icg...
Warning: Wire peweaver_ppa_dual_fft_icg.\do_en is used but has no driver.
Warning: Wire peweaver_ppa_dual_fft_icg.\do_re [15] is used but has no driver.
Warning: Wire peweaver_ppa_dual_fft_icg.\do_re [14] is used but has no driver.
Warning: Wire peweaver_ppa_dual_fft_icg.\do_re [13] is used but has no driver.
Warning: Wire peweaver_ppa_dual_fft_icg.\do_re [12] is used but has no driver.
Warning: Wire peweaver_ppa_dual_fft_icg.\do_re [11] is used but has no driver.
Warning: Wire peweaver_ppa_dual_fft_icg.\do_re [10] is used but has no driver.
Warning: Wire peweaver_ppa_dual_fft_icg.\do_re [9] is used but has no driver.
Warning: Wire peweaver_ppa_dual_fft_icg.\do_re [8] is used but has no driver.
Warning: Wire peweaver_ppa_dual_fft_icg.\do_re [7] is used but has no driver.
Warning: Wire peweaver_ppa_dual_fft_icg.\do_re [6] is used but has no driver.
Warning: Wire peweaver_ppa_dual_fft_icg.\do_re [5] is used but has no driver.
Warning: Wire peweaver_ppa_dual_fft_icg.\do_re [4] is used but has no driver.
Warning: Wire peweaver_ppa_dual_fft_icg.\do_re [3] is used but has no driver.
Warning: Wire peweaver_ppa_dual_fft_icg.\do_re [2] is used but has no driver.
Warning: Wire peweaver_ppa_dual_fft_icg.\do_re [1] is used but has no driver.
Warning: Wire peweaver_ppa_dual_fft_icg.\do_re [0] is used but has no driver.
Warning: Wire peweaver_ppa_dual_fft_icg.\do_im [15] is used but has no driver.
Warning: Wire peweaver_ppa_dual_fft_icg.\do_im [14] is used but has no driver.
Warning: Wire peweaver_ppa_dual_fft_icg.\do_im [13] is used but has no driver.
Warning: Wire peweaver_ppa_dual_fft_icg.\do_im [12] is used but has no driver.
Warning: Wire peweaver_ppa_dual_fft_icg.\do_im [11] is used but has no driver.
Warning: Wire peweaver_ppa_dual_fft_icg.\do_im [10] is used but has no driver.
Warning: Wire peweaver_ppa_dual_fft_icg.\do_im [9] is used but has no driver.
Warning: Wire peweaver_ppa_dual_fft_icg.\do_im [8] is used but has no driver.
Warning: Wire peweaver_ppa_dual_fft_icg.\do_im [7] is used but has no driver.
Warning: Wire peweaver_ppa_dual_fft_icg.\do_im [6] is used but has no driver.
Warning: Wire peweaver_ppa_dual_fft_icg.\do_im [5] is used but has no driver.
Warning: Wire peweaver_ppa_dual_fft_icg.\do_im [4] is used but has no driver.
Warning: Wire peweaver_ppa_dual_fft_icg.\do_im [3] is used but has no driver.
Warning: Wire peweaver_ppa_dual_fft_icg.\do_im [2] is used but has no driver.
Warning: Wire peweaver_ppa_dual_fft_icg.\do_im [1] is used but has no driver.
Warning: Wire peweaver_ppa_dual_fft_icg.\do_im [0] is used but has no driver.
Warning: Wire peweaver_ppa_dual_fft_icg.\gate_core64 is used but has no driver.
Warning: Wire peweaver_ppa_dual_fft_icg.\gate_core128 is used but has no driver.
Found and reported 35 problems.

25. Printing statistics.

=== peweaver_ppa_dual_fft_icg ===

        +----------Local Count, excluding submodules.
        |        +-Local Area, excluding submodules.
        |        | 
    38507        - wires
    38567        - wire bits
     7789        - public wires
     7849        - public wire bits
        9        - ports
       69        - port bits
    38531 3.62E+05 cells
        3   26.275   sky130_fd_sc_hd__a2111oi_0
        7   61.309   sky130_fd_sc_hd__a211o_1
       37  277.766   sky130_fd_sc_hd__a211oi_1
        5   50.048   sky130_fd_sc_hd__a21bo_1
      122  915.878   sky130_fd_sc_hd__a21boi_0
      295 2.21E+03   sky130_fd_sc_hd__a21o_1
     1944 9.73E+03   sky130_fd_sc_hd__a21oi_1
        2   20.019   sky130_fd_sc_hd__a221o_1
       12  105.101   sky130_fd_sc_hd__a221oi_1
        1    10.01   sky130_fd_sc_hd__a222oi_1
      105  919.632   sky130_fd_sc_hd__a22o_1
      256 1.92E+03   sky130_fd_sc_hd__a22oi_1
        3   30.029   sky130_fd_sc_hd__a2bb2o_1
       35  306.544   sky130_fd_sc_hd__a2bb2oi_1
        4   40.038   sky130_fd_sc_hd__a311o_1
        2   17.517   sky130_fd_sc_hd__a311oi_1
       14  122.618   sky130_fd_sc_hd__a31o_1
      180  1126.08   sky130_fd_sc_hd__a31oi_1
       25   250.24   sky130_fd_sc_hd__a32o_1
       13  113.859   sky130_fd_sc_hd__a32oi_1
        1    8.758   sky130_fd_sc_hd__a41oi_1
      786 4.92E+03   sky130_fd_sc_hd__and2_0
      290  1814.24   sky130_fd_sc_hd__and3_1
        3   26.275   sky130_fd_sc_hd__and3b_1
       50   437.92   sky130_fd_sc_hd__and4_1
      767 2.88E+03   sky130_fd_sc_hd__clkinv_1
      143 3.58E+03   sky130_fd_sc_hd__dfrtp_1
        4  105.101   sky130_fd_sc_hd__dfstp_1
     6794 1.36E+05   sky130_fd_sc_hd__dfxtp_1
        2   42.541   sky130_fd_sc_hd__dlclkp_4
     2629 2.63E+04   sky130_fd_sc_hd__maj3_1
       72  810.778   sky130_fd_sc_hd__mux2_1
       37  370.355   sky130_fd_sc_hd__mux2i_1
     5357 2.01E+04   sky130_fd_sc_hd__nand2_1
      850   5317.6   sky130_fd_sc_hd__nand2b_1
      630 3.15E+03   sky130_fd_sc_hd__nand3_1
        7    52.55   sky130_fd_sc_hd__nand3b_1
      165  1032.24   sky130_fd_sc_hd__nand4_1
        6    52.55   sky130_fd_sc_hd__nand4b_1
        1   11.261   sky130_fd_sc_hd__nand4bb_1
     3401 1.28E+04   sky130_fd_sc_hd__nor2_1
      832  5.2E+03   sky130_fd_sc_hd__nor2b_1
      379  1.9E+03   sky130_fd_sc_hd__nor3_1
       42  315.302   sky130_fd_sc_hd__nor3b_1
       57  356.592   sky130_fd_sc_hd__nor4_1
        6    52.55   sky130_fd_sc_hd__nor4b_1
       12  105.101   sky130_fd_sc_hd__o2111ai_1
        5   50.048   sky130_fd_sc_hd__o211a_1
       24  180.173   sky130_fd_sc_hd__o211ai_1
      209 1.57E+03   sky130_fd_sc_hd__o21a_1
     1314 6.58E+03   sky130_fd_sc_hd__o21ai_0
       12  120.115   sky130_fd_sc_hd__o21ba_1
       84  630.605   sky130_fd_sc_hd__o21bai_1
        1   11.261   sky130_fd_sc_hd__o221a_1
        7   61.309   sky130_fd_sc_hd__o221ai_1
       84  735.706   sky130_fd_sc_hd__o22a_1
      123  769.488   sky130_fd_sc_hd__o22ai_1
       31   271.51   sky130_fd_sc_hd__o2bb2ai_1
        2   20.019   sky130_fd_sc_hd__o311a_1
        2   17.517   sky130_fd_sc_hd__o311ai_0
       20  175.168   sky130_fd_sc_hd__o31a_1
       78  585.562   sky130_fd_sc_hd__o31ai_1
        2   20.019   sky130_fd_sc_hd__o32a_1
       82  718.189   sky130_fd_sc_hd__o32ai_1
        2   17.517   sky130_fd_sc_hd__o41ai_1
      135   844.56   sky130_fd_sc_hd__or2_0
      121  756.976   sky130_fd_sc_hd__or3_1
        5   43.792   sky130_fd_sc_hd__or3b_1
       19  142.637   sky130_fd_sc_hd__or4_1
     5537 4.85E+04   sky130_fd_sc_hd__xnor2_1
      655 1.48E+04   sky130_fd_sc_hd__xnor3_1
     3137 2.75E+04   sky130_fd_sc_hd__xor2_1
      452 1.07E+04   sky130_fd_sc_hd__xor3_1

   Chip area for module '\peweaver_ppa_dual_fft_icg': 361784.480000
     of which used for sequential elements: 139693.977600 (38.61%)

26. Executing Verilog backend.
Dumping module `\peweaver_ppa_dual_fft_icg'.

Warnings: 39 unique messages, 51 total
End of script. Logfile hash: 989f380f97, time: 14.45s, user: 7.72s, system: 0.34s, MEM: 239.00 MB peak
Yosys 0.68+136 (git sha1 c30457480-dirty, Release, Clang /usr/bin/clang++ 21.1.8)
Time spent: 56% 2x abc (9 sec), 11% 27x opt_clean (1 sec), ...
