run-physical.sh: verifying tool/PDK pins against tool-lock.json
run-physical.sh: tool binaries match tool-lock.json
run-physical.sh: pins verified (openroad/yosys/verilator/volare)
run-physical.sh: stage 1 synthesis (yosys -> sky130_fd_sc_hd)
filter_liberty.py: kept 392 cells, removed 36: sky130_fd_sc_hd__lpflow_bleeder_1, sky130_fd_sc_hd__lpflow_clkbufkapwr_1, sky130_fd_sc_hd__lpflow_clkbufkapwr_16, sky130_fd_sc_hd__lpflow_clkbufkapwr_2, sky130_fd_sc_hd__lpflow_clkbufkapwr_4, sky130_fd_sc_hd__lpflow_clkbufkapwr_8, sky130_fd_sc_hd__lpflow_clkinvkapwr_1, sky130_fd_sc_hd__lpflow_clkinvkapwr_16, sky130_fd_sc_hd__lpflow_clkinvkapwr_2, sky130_fd_sc_hd__lpflow_clkinvkapwr_4, sky130_fd_sc_hd__lpflow_clkinvkapwr_8, sky130_fd_sc_hd__lpflow_decapkapwr_12, sky130_fd_sc_hd__lpflow_decapkapwr_3, sky130_fd_sc_hd__lpflow_decapkapwr_4, sky130_fd_sc_hd__lpflow_decapkapwr_6, sky130_fd_sc_hd__lpflow_decapkapwr_8, sky130_fd_sc_hd__lpflow_inputiso0n_1, sky130_fd_sc_hd__lpflow_inputiso0p_1, sky130_fd_sc_hd__lpflow_inputiso1n_1, sky130_fd_sc_hd__lpflow_inputiso1p_1, sky130_fd_sc_hd__lpflow_inputisolatch_1, sky130_fd_sc_hd__lpflow_isobufsrc_1, sky130_fd_sc_hd__lpflow_isobufsrc_16, sky130_fd_sc_hd__lpflow_isobufsrc_2, sky130_fd_sc_hd__lpflow_isobufsrc_4, sky130_fd_sc_hd__lpflow_isobufsrc_8, sky130_fd_sc_hd__lpflow_isobufsrckapwr_16, sky130_fd_sc_hd__lpflow_lsbuf_lh_hl_isowell_tap_1, sky130_fd_sc_hd__lpflow_lsbuf_lh_hl_isowell_tap_2, sky130_fd_sc_hd__lpflow_lsbuf_lh_hl_isowell_tap_4, sky130_fd_sc_hd__lpflow_lsbuf_lh_isowell_4, sky130_fd_sc_hd__lpflow_lsbuf_lh_isowell_tap_1, sky130_fd_sc_hd__lpflow_lsbuf_lh_isowell_tap_2, sky130_fd_sc_hd__lpflow_lsbuf_lh_isowell_tap_4, sky130_fd_sc_hd__probe_p_8, sky130_fd_sc_hd__probec_p_8; wrote /home/peweaver-user/Documents/chialoop/chia/examples/peweaver/physical/results/work/lib_fft128_tt_synth.lib

 /----------------------------------------------------------------------------\
 |  yosys -- Yosys Open SYnthesis Suite                                       |
 |  Copyright (C) 2012 - 2026  Claire Xenia Wolf <claire@yosyshq.com>         |
 |  Distributed under an ISC-like license, type "license" to see terms        |
 \----------------------------------------------------------------------------/
 Yosys 0.68+136 (git sha1 c30457480-dirty, Release, Clang /usr/bin/clang++ 21.1.8)

-- Executing script file `/home/peweaver-user/Documents/chialoop/chia/examples/peweaver/physical/results/work/fft128_synth_run.ys' --

1. Executing Verilog-2005 frontend: rtl/peweaver_ppa_fft128.v
Parsing SystemVerilog input from `rtl/peweaver_ppa_fft128.v' to AST representation.
Generating RTLIL representation for module `\peweaver_ppa_reset_sync_128'.
Generating RTLIL representation for module `\peweaver_ppa_fft128'.
Successfully finished Verilog frontend.

2. Executing Verilog-2005 frontend: ../benchmarks/halo_fft128_reference/peweaver_halo_fft128_reference.v
Parsing SystemVerilog input from `../benchmarks/halo_fft128_reference/peweaver_halo_fft128_reference.v' to AST representation.
Generating RTLIL representation for module `\peweaver_halo_fft128_reference'.
Successfully finished Verilog frontend.

3. Executing Verilog-2005 frontend: ../third_party/r22sdf/FFT128.v
Parsing SystemVerilog input from `../third_party/r22sdf/FFT128.v' to AST representation.
Generating RTLIL representation for module `\FFT'.
Successfully finished Verilog frontend.

4. Executing Verilog-2005 frontend: ../third_party/r22sdf/SdfUnit.v
Parsing SystemVerilog input from `../third_party/r22sdf/SdfUnit.v' to AST representation.
Generating RTLIL representation for module `\SdfUnit'.
Successfully finished Verilog frontend.

5. Executing Verilog-2005 frontend: ../third_party/r22sdf/SdfUnit2.v
Parsing SystemVerilog input from `../third_party/r22sdf/SdfUnit2.v' to AST representation.
Generating RTLIL representation for module `\SdfUnit2'.
Successfully finished Verilog frontend.

6. Executing Verilog-2005 frontend: ../third_party/r22sdf/Butterfly.v
Parsing SystemVerilog input from `../third_party/r22sdf/Butterfly.v' to AST representation.
Generating RTLIL representation for module `\Butterfly'.
Successfully finished Verilog frontend.

7. Executing Verilog-2005 frontend: ../third_party/r22sdf/DelayBuffer.v
Parsing SystemVerilog input from `../third_party/r22sdf/DelayBuffer.v' to AST representation.
Generating RTLIL representation for module `\DelayBuffer'.
Warning: Replacing memory \buf_im with list of registers. See ../third_party/r22sdf/DelayBuffer.v:23
Warning: Replacing memory \buf_re with list of registers. See ../third_party/r22sdf/DelayBuffer.v:22
Successfully finished Verilog frontend.

8. Executing Verilog-2005 frontend: ../third_party/r22sdf/Multiply.v
Parsing SystemVerilog input from `../third_party/r22sdf/Multiply.v' to AST representation.
Generating RTLIL representation for module `\Multiply'.
Successfully finished Verilog frontend.

9. Executing Verilog-2005 frontend: ../third_party/r22sdf/Twiddle128.v
Parsing SystemVerilog input from `../third_party/r22sdf/Twiddle128.v' to AST representation.
Generating RTLIL representation for module `\Twiddle'.
Successfully finished Verilog frontend.

10. Executing HIERARCHY pass (managing design hierarchy).

10.1. Analyzing design hierarchy..
Top module:  \peweaver_ppa_fft128
Used module:     \peweaver_halo_fft128_reference
Used module:         \FFT
Used module:             \SdfUnit2
Used module:                 \DelayBuffer
Used module:                 \Butterfly
Used module:             \SdfUnit
Used module:                 \Multiply
Used module:                 \Twiddle
Used module:     \peweaver_ppa_reset_sync_128
Parameter \WIDTH = 16

10.2. Executing AST frontend in derive mode using pre-parsed AST for module `\FFT'.
Parameter \WIDTH = 16
Generating RTLIL representation for module `$paramod\FFT\WIDTH=s32'00000000000000000000000000010000'.
Parameter \WIDTH = 16

10.3. Executing AST frontend in derive mode using pre-parsed AST for module `\SdfUnit2'.
Parameter \WIDTH = 16
Generating RTLIL representation for module `$paramod\SdfUnit2\WIDTH=s32'00000000000000000000000000010000'.
Parameter \N = 128
Parameter \M = 8
Parameter \WIDTH = 16

10.4. Executing AST frontend in derive mode using pre-parsed AST for module `\SdfUnit'.
Parameter \N = 128
Parameter \M = 8
Parameter \WIDTH = 16
Generating RTLIL representation for module `$paramod$2ddc66fc3ffa8db41a4fa756ec19a2c9a0dc42f0\SdfUnit'.
Parameter \N = 128
Parameter \M = 32
Parameter \WIDTH = 16

10.5. Executing AST frontend in derive mode using pre-parsed AST for module `\SdfUnit'.
Parameter \N = 128
Parameter \M = 32
Parameter \WIDTH = 16
Generating RTLIL representation for module `$paramod$fe7cc57cd3904973768bae95b58499efa37dd589\SdfUnit'.
Parameter \N = 128
Parameter \M = 128
Parameter \WIDTH = 16

10.6. Executing AST frontend in derive mode using pre-parsed AST for module `\SdfUnit'.
Parameter \N = 128
Parameter \M = 128
Parameter \WIDTH = 16
Generating RTLIL representation for module `$paramod$9ca5e247a0178b82f50f6db69488375424044dda\SdfUnit'.
Parameter \WIDTH = 16

10.7. Executing AST frontend in derive mode using pre-parsed AST for module `\Multiply'.
Parameter \WIDTH = 16
Generating RTLIL representation for module `$paramod\Multiply\WIDTH=s32'00000000000000000000000000010000'.
Parameter \DEPTH = 16
Parameter \WIDTH = 16

10.8. Executing AST frontend in derive mode using pre-parsed AST for module `\DelayBuffer'.
Parameter \DEPTH = 16
Parameter \WIDTH = 16
Generating RTLIL representation for module `$paramod$c542f2cdb8cf3fb2f7011f6438933e7913c8a609\DelayBuffer'.
Warning: Replacing memory \buf_im with list of registers. See ../third_party/r22sdf/DelayBuffer.v:23
Warning: Replacing memory \buf_re with list of registers. See ../third_party/r22sdf/DelayBuffer.v:22
Parameter \WIDTH = 16
Parameter \RH = 1

10.9. Executing AST frontend in derive mode using pre-parsed AST for module `\Butterfly'.
Parameter \WIDTH = 16
Parameter \RH = 1
Generating RTLIL representation for module `$paramod$cc7e198dbe1c7d8352a2bac47477dedd9788e883\Butterfly'.
Parameter \DEPTH = 32
Parameter \WIDTH = 16

10.10. Executing AST frontend in derive mode using pre-parsed AST for module `\DelayBuffer'.
Parameter \DEPTH = 32
Parameter \WIDTH = 16
Generating RTLIL representation for module `$paramod$468b6055748c1a70021cd219779b5d26906274a5\DelayBuffer'.
Warning: Replacing memory \buf_im with list of registers. See ../third_party/r22sdf/DelayBuffer.v:23
Warning: Replacing memory \buf_re with list of registers. See ../third_party/r22sdf/DelayBuffer.v:22
Parameter \WIDTH = 16
Parameter \RH = 0

10.11. Executing AST frontend in derive mode using pre-parsed AST for module `\Butterfly'.
Parameter \WIDTH = 16
Parameter \RH = 0
Generating RTLIL representation for module `$paramod$5480229501c9659b6947fa834aa4fdab0727c259\Butterfly'.
Parameter \DEPTH = 1
Parameter \WIDTH = 16

10.12. Executing AST frontend in derive mode using pre-parsed AST for module `\DelayBuffer'.
Parameter \DEPTH = 1
Parameter \WIDTH = 16
Generating RTLIL representation for module `$paramod$17914cfb50699f154dc59f1c3f8fd47b6e195f44\DelayBuffer'.
Warning: Replacing memory \buf_im with list of registers. See ../third_party/r22sdf/DelayBuffer.v:26
Warning: Replacing memory \buf_re with list of registers. See ../third_party/r22sdf/DelayBuffer.v:25
Parameter \WIDTH = 16
Parameter \RH = 0
Found cached RTLIL representation for module `$paramod$5480229501c9659b6947fa834aa4fdab0727c259\Butterfly'.

10.13. Analyzing design hierarchy..
Top module:  \peweaver_ppa_fft128
Used module:     \peweaver_halo_fft128_reference
Used module:         $paramod\FFT\WIDTH=s32'00000000000000000000000000010000
Used module:             \SdfUnit2
Used module:                 $paramod$17914cfb50699f154dc59f1c3f8fd47b6e195f44\DelayBuffer
Used module:                 $paramod$5480229501c9659b6947fa834aa4fdab0727c259\Butterfly
Used module:             \SdfUnit
Used module:                 $paramod\Multiply\WIDTH=s32'00000000000000000000000000010000
Used module:                 \Twiddle
Used module:                 $paramod$c542f2cdb8cf3fb2f7011f6438933e7913c8a609\DelayBuffer
Used module:                 $paramod$cc7e198dbe1c7d8352a2bac47477dedd9788e883\Butterfly
Used module:                 $paramod$468b6055748c1a70021cd219779b5d26906274a5\DelayBuffer
Used module:     \peweaver_ppa_reset_sync_128
Parameter \WIDTH = 16
Found cached RTLIL representation for module `$paramod\SdfUnit2\WIDTH=s32'00000000000000000000000000010000'.
Parameter \N = 128
Parameter \M = 8
Parameter \WIDTH = 16
Found cached RTLIL representation for module `$paramod$2ddc66fc3ffa8db41a4fa756ec19a2c9a0dc42f0\SdfUnit'.
Parameter \N = 128
Parameter \M = 32
Parameter \WIDTH = 16
Found cached RTLIL representation for module `$paramod$fe7cc57cd3904973768bae95b58499efa37dd589\SdfUnit'.
Parameter \N = 128
Parameter \M = 128
Parameter \WIDTH = 16
Found cached RTLIL representation for module `$paramod$9ca5e247a0178b82f50f6db69488375424044dda\SdfUnit'.

10.14. Analyzing design hierarchy..
Top module:  \peweaver_ppa_fft128
Used module:     \peweaver_halo_fft128_reference
Used module:         $paramod\FFT\WIDTH=s32'00000000000000000000000000010000
Used module:             $paramod\SdfUnit2\WIDTH=s32'00000000000000000000000000010000
Used module:                 \DelayBuffer
Used module:                 \Butterfly
Used module:             $paramod$2ddc66fc3ffa8db41a4fa756ec19a2c9a0dc42f0\SdfUnit
Used module:                 \Multiply
Used module:                 \Twiddle
Used module:             $paramod$fe7cc57cd3904973768bae95b58499efa37dd589\SdfUnit
Used module:             $paramod$9ca5e247a0178b82f50f6db69488375424044dda\SdfUnit
Used module:     \peweaver_ppa_reset_sync_128
Parameter \DEPTH = 1
Parameter \WIDTH = 16
Found cached RTLIL representation for module `$paramod$17914cfb50699f154dc59f1c3f8fd47b6e195f44\DelayBuffer'.
Parameter \WIDTH = 16
Parameter \RH = 0
Found cached RTLIL representation for module `$paramod$5480229501c9659b6947fa834aa4fdab0727c259\Butterfly'.
Parameter \WIDTH = 16
Found cached RTLIL representation for module `$paramod\Multiply\WIDTH=s32'00000000000000000000000000010000'.
Parameter \DEPTH = 2
Parameter \WIDTH = 16

10.15. Executing AST frontend in derive mode using pre-parsed AST for module `\DelayBuffer'.
Parameter \DEPTH = 2
Parameter \WIDTH = 16
Generating RTLIL representation for module `$paramod$e31bf182a78b6901a30a1eec46d5e35479708b24\DelayBuffer'.
Warning: Replacing memory \buf_im with list of registers. See ../third_party/r22sdf/DelayBuffer.v:23
Warning: Replacing memory \buf_re with list of registers. See ../third_party/r22sdf/DelayBuffer.v:22
Parameter \WIDTH = 16
Parameter \RH = 1
Found cached RTLIL representation for module `$paramod$cc7e198dbe1c7d8352a2bac47477dedd9788e883\Butterfly'.
Parameter \DEPTH = 4
Parameter \WIDTH = 16

10.16. Executing AST frontend in derive mode using pre-parsed AST for module `\DelayBuffer'.
Parameter \DEPTH = 4
Parameter \WIDTH = 16
Generating RTLIL representation for module `$paramod$e8759a57fc147882a254734ce5d86afa730d93e5\DelayBuffer'.
Warning: Replacing memory \buf_im with list of registers. See ../third_party/r22sdf/DelayBuffer.v:23
Warning: Replacing memory \buf_re with list of registers. See ../third_party/r22sdf/DelayBuffer.v:22
Parameter \WIDTH = 16
Parameter \RH = 0
Found cached RTLIL representation for module `$paramod$5480229501c9659b6947fa834aa4fdab0727c259\Butterfly'.
Parameter \WIDTH = 16
Found cached RTLIL representation for module `$paramod\Multiply\WIDTH=s32'00000000000000000000000000010000'.
Parameter \DEPTH = 8
Parameter \WIDTH = 16

10.17. Executing AST frontend in derive mode using pre-parsed AST for module `\DelayBuffer'.
Parameter \DEPTH = 8
Parameter \WIDTH = 16
Generating RTLIL representation for module `$paramod$520663d7382152bf6f78fc2a37b254cea736bbce\DelayBuffer'.
Warning: Replacing memory \buf_im with list of registers. See ../third_party/r22sdf/DelayBuffer.v:23
Warning: Replacing memory \buf_re with list of registers. See ../third_party/r22sdf/DelayBuffer.v:22
Parameter \WIDTH = 16
Parameter \RH = 1
Found cached RTLIL representation for module `$paramod$cc7e198dbe1c7d8352a2bac47477dedd9788e883\Butterfly'.
Parameter \DEPTH = 16
Parameter \WIDTH = 16
Found cached RTLIL representation for module `$paramod$c542f2cdb8cf3fb2f7011f6438933e7913c8a609\DelayBuffer'.
Parameter \WIDTH = 16
Parameter \RH = 0
Found cached RTLIL representation for module `$paramod$5480229501c9659b6947fa834aa4fdab0727c259\Butterfly'.
Parameter \WIDTH = 16
Found cached RTLIL representation for module `$paramod\Multiply\WIDTH=s32'00000000000000000000000000010000'.
Parameter \DEPTH = 32
Parameter \WIDTH = 16
Found cached RTLIL representation for module `$paramod$468b6055748c1a70021cd219779b5d26906274a5\DelayBuffer'.
Parameter \WIDTH = 16
Parameter \RH = 1
Found cached RTLIL representation for module `$paramod$cc7e198dbe1c7d8352a2bac47477dedd9788e883\Butterfly'.
Parameter \DEPTH = 64
Parameter \WIDTH = 16

10.18. Executing AST frontend in derive mode using pre-parsed AST for module `\DelayBuffer'.
Parameter \DEPTH = 64
Parameter \WIDTH = 16
Generating RTLIL representation for module `$paramod$6010395c8740f19344fd93aacef13621d2f67395\DelayBuffer'.
Warning: Replacing memory \buf_im with list of registers. See ../third_party/r22sdf/DelayBuffer.v:23
Warning: Replacing memory \buf_re with list of registers. See ../third_party/r22sdf/DelayBuffer.v:22
Parameter \WIDTH = 16
Parameter \RH = 0
Found cached RTLIL representation for module `$paramod$5480229501c9659b6947fa834aa4fdab0727c259\Butterfly'.

10.19. Analyzing design hierarchy..
Top module:  \peweaver_ppa_fft128
Used module:     \peweaver_halo_fft128_reference
Used module:         $paramod\FFT\WIDTH=s32'00000000000000000000000000010000
Used module:             $paramod\SdfUnit2\WIDTH=s32'00000000000000000000000000010000
Used module:                 $paramod$17914cfb50699f154dc59f1c3f8fd47b6e195f44\DelayBuffer
Used module:                 $paramod$5480229501c9659b6947fa834aa4fdab0727c259\Butterfly
Used module:             $paramod$2ddc66fc3ffa8db41a4fa756ec19a2c9a0dc42f0\SdfUnit
Used module:                 $paramod\Multiply\WIDTH=s32'00000000000000000000000000010000
Used module:                 \Twiddle
Used module:                 $paramod$e31bf182a78b6901a30a1eec46d5e35479708b24\DelayBuffer
Used module:                 $paramod$cc7e198dbe1c7d8352a2bac47477dedd9788e883\Butterfly
Used module:                 $paramod$e8759a57fc147882a254734ce5d86afa730d93e5\DelayBuffer
Used module:             $paramod$fe7cc57cd3904973768bae95b58499efa37dd589\SdfUnit
Used module:                 $paramod$520663d7382152bf6f78fc2a37b254cea736bbce\DelayBuffer
Used module:                 $paramod$c542f2cdb8cf3fb2f7011f6438933e7913c8a609\DelayBuffer
Used module:             $paramod$9ca5e247a0178b82f50f6db69488375424044dda\SdfUnit
Used module:                 $paramod$468b6055748c1a70021cd219779b5d26906274a5\DelayBuffer
Used module:                 $paramod$6010395c8740f19344fd93aacef13621d2f67395\DelayBuffer
Used module:     \peweaver_ppa_reset_sync_128

10.20. Analyzing design hierarchy..
Top module:  \peweaver_ppa_fft128
Used module:     \peweaver_halo_fft128_reference
Used module:         $paramod\FFT\WIDTH=s32'00000000000000000000000000010000
Used module:             $paramod\SdfUnit2\WIDTH=s32'00000000000000000000000000010000
Used module:                 $paramod$17914cfb50699f154dc59f1c3f8fd47b6e195f44\DelayBuffer
Used module:                 $paramod$5480229501c9659b6947fa834aa4fdab0727c259\Butterfly
Used module:             $paramod$2ddc66fc3ffa8db41a4fa756ec19a2c9a0dc42f0\SdfUnit
Used module:                 $paramod\Multiply\WIDTH=s32'00000000000000000000000000010000
Used module:                 \Twiddle
Used module:                 $paramod$e31bf182a78b6901a30a1eec46d5e35479708b24\DelayBuffer
Used module:                 $paramod$cc7e198dbe1c7d8352a2bac47477dedd9788e883\Butterfly
Used module:                 $paramod$e8759a57fc147882a254734ce5d86afa730d93e5\DelayBuffer
Used module:             $paramod$fe7cc57cd3904973768bae95b58499efa37dd589\SdfUnit
Used module:                 $paramod$520663d7382152bf6f78fc2a37b254cea736bbce\DelayBuffer
Used module:                 $paramod$c542f2cdb8cf3fb2f7011f6438933e7913c8a609\DelayBuffer
Used module:             $paramod$9ca5e247a0178b82f50f6db69488375424044dda\SdfUnit
Used module:                 $paramod$468b6055748c1a70021cd219779b5d26906274a5\DelayBuffer
Used module:                 $paramod$6010395c8740f19344fd93aacef13621d2f67395\DelayBuffer
Used module:     \peweaver_ppa_reset_sync_128
Removing unused module `\Multiply'.
Removing unused module `\DelayBuffer'.
Removing unused module `\Butterfly'.
Removing unused module `\SdfUnit2'.
Removing unused module `\SdfUnit'.
Removing unused module `\FFT'.
Removed 6 unused modules.

11. Executing SYNTH pass.

11.1. Executing HIERARCHY pass (managing design hierarchy).

11.1.1. Analyzing design hierarchy..
Top module:  \peweaver_ppa_fft128
Used module:     \peweaver_halo_fft128_reference
Used module:         $paramod\FFT\WIDTH=s32'00000000000000000000000000010000
Used module:             $paramod\SdfUnit2\WIDTH=s32'00000000000000000000000000010000
Used module:                 $paramod$17914cfb50699f154dc59f1c3f8fd47b6e195f44\DelayBuffer
Used module:                 $paramod$5480229501c9659b6947fa834aa4fdab0727c259\Butterfly
Used module:             $paramod$2ddc66fc3ffa8db41a4fa756ec19a2c9a0dc42f0\SdfUnit
Used module:                 $paramod\Multiply\WIDTH=s32'00000000000000000000000000010000
Used module:                 \Twiddle
Used module:                 $paramod$e31bf182a78b6901a30a1eec46d5e35479708b24\DelayBuffer
Used module:                 $paramod$cc7e198dbe1c7d8352a2bac47477dedd9788e883\Butterfly
Used module:                 $paramod$e8759a57fc147882a254734ce5d86afa730d93e5\DelayBuffer
Used module:             $paramod$fe7cc57cd3904973768bae95b58499efa37dd589\SdfUnit
Used module:                 $paramod$520663d7382152bf6f78fc2a37b254cea736bbce\DelayBuffer
Used module:                 $paramod$c542f2cdb8cf3fb2f7011f6438933e7913c8a609\DelayBuffer
Used module:             $paramod$9ca5e247a0178b82f50f6db69488375424044dda\SdfUnit
Used module:                 $paramod$468b6055748c1a70021cd219779b5d26906274a5\DelayBuffer
Used module:                 $paramod$6010395c8740f19344fd93aacef13621d2f67395\DelayBuffer
Used module:     \peweaver_ppa_reset_sync_128

11.1.2. Analyzing design hierarchy..
Top module:  \peweaver_ppa_fft128
Used module:     \peweaver_halo_fft128_reference
Used module:         $paramod\FFT\WIDTH=s32'00000000000000000000000000010000
Used module:             $paramod\SdfUnit2\WIDTH=s32'00000000000000000000000000010000
Used module:                 $paramod$17914cfb50699f154dc59f1c3f8fd47b6e195f44\DelayBuffer
Used module:                 $paramod$5480229501c9659b6947fa834aa4fdab0727c259\Butterfly
Used module:             $paramod$2ddc66fc3ffa8db41a4fa756ec19a2c9a0dc42f0\SdfUnit
Used module:                 $paramod\Multiply\WIDTH=s32'00000000000000000000000000010000
Used module:                 \Twiddle
Used module:                 $paramod$e31bf182a78b6901a30a1eec46d5e35479708b24\DelayBuffer
Used module:                 $paramod$cc7e198dbe1c7d8352a2bac47477dedd9788e883\Butterfly
Used module:                 $paramod$e8759a57fc147882a254734ce5d86afa730d93e5\DelayBuffer
Used module:             $paramod$fe7cc57cd3904973768bae95b58499efa37dd589\SdfUnit
Used module:                 $paramod$520663d7382152bf6f78fc2a37b254cea736bbce\DelayBuffer
Used module:                 $paramod$c542f2cdb8cf3fb2f7011f6438933e7913c8a609\DelayBuffer
Used module:             $paramod$9ca5e247a0178b82f50f6db69488375424044dda\SdfUnit
Used module:                 $paramod$468b6055748c1a70021cd219779b5d26906274a5\DelayBuffer
Used module:                 $paramod$6010395c8740f19344fd93aacef13621d2f67395\DelayBuffer
Used module:     \peweaver_ppa_reset_sync_128
Removed 0 unused modules.

11.2. Executing PROC pass (convert processes to netlists).

11.2.1. Executing PROC_CLEAN pass (remove empty switches from decision trees).
Cleaned up 0 empty switches.

11.2.2. Executing PROC_RMDEAD pass (remove dead branches from decision trees).
Marked 1 switch rules as full_case in process $proc$../third_party/r22sdf/SdfUnit.v:264$537 in module $paramod$9ca5e247a0178b82f50f6db69488375424044dda\SdfUnit.
Marked 1 switch rules as full_case in process $proc$../third_party/r22sdf/SdfUnit.v:219$527 in module $paramod$9ca5e247a0178b82f50f6db69488375424044dda\SdfUnit.
Marked 1 switch rules as full_case in process $proc$../third_party/r22sdf/SdfUnit.v:199$517 in module $paramod$9ca5e247a0178b82f50f6db69488375424044dda\SdfUnit.
Marked 1 switch rules as full_case in process $proc$../third_party/r22sdf/SdfUnit.v:142$499 in module $paramod$9ca5e247a0178b82f50f6db69488375424044dda\SdfUnit.
Marked 1 switch rules as full_case in process $proc$../third_party/r22sdf/SdfUnit.v:103$485 in module $paramod$9ca5e247a0178b82f50f6db69488375424044dda\SdfUnit.
Marked 1 switch rules as full_case in process $proc$../third_party/r22sdf/SdfUnit.v:264$482 in module $paramod$fe7cc57cd3904973768bae95b58499efa37dd589\SdfUnit.
Marked 1 switch rules as full_case in process $proc$../third_party/r22sdf/SdfUnit.v:219$472 in module $paramod$fe7cc57cd3904973768bae95b58499efa37dd589\SdfUnit.
Marked 1 switch rules as full_case in process $proc$../third_party/r22sdf/SdfUnit.v:199$462 in module $paramod$fe7cc57cd3904973768bae95b58499efa37dd589\SdfUnit.
Marked 1 switch rules as full_case in process $proc$../third_party/r22sdf/SdfUnit.v:142$444 in module $paramod$fe7cc57cd3904973768bae95b58499efa37dd589\SdfUnit.
Marked 1 switch rules as full_case in process $proc$../third_party/r22sdf/SdfUnit.v:103$430 in module $paramod$fe7cc57cd3904973768bae95b58499efa37dd589\SdfUnit.
Marked 1 switch rules as full_case in process $proc$../third_party/r22sdf/SdfUnit.v:264$427 in module $paramod$2ddc66fc3ffa8db41a4fa756ec19a2c9a0dc42f0\SdfUnit.
Marked 1 switch rules as full_case in process $proc$../third_party/r22sdf/SdfUnit.v:219$417 in module $paramod$2ddc66fc3ffa8db41a4fa756ec19a2c9a0dc42f0\SdfUnit.
Marked 1 switch rules as full_case in process $proc$../third_party/r22sdf/SdfUnit.v:199$407 in module $paramod$2ddc66fc3ffa8db41a4fa756ec19a2c9a0dc42f0\SdfUnit.
Marked 1 switch rules as full_case in process $proc$../third_party/r22sdf/SdfUnit.v:142$389 in module $paramod$2ddc66fc3ffa8db41a4fa756ec19a2c9a0dc42f0\SdfUnit.
Marked 1 switch rules as full_case in process $proc$../third_party/r22sdf/SdfUnit.v:103$375 in module $paramod$2ddc66fc3ffa8db41a4fa756ec19a2c9a0dc42f0\SdfUnit.
Marked 1 switch rules as full_case in process $proc$../third_party/r22sdf/SdfUnit2.v:79$371 in module $paramod\SdfUnit2\WIDTH=s32'00000000000000000000000000010000.
Marked 1 switch rules as full_case in process $proc$../third_party/r22sdf/SdfUnit2.v:41$360 in module $paramod\SdfUnit2\WIDTH=s32'00000000000000000000000000010000.
Removed 1 dead cases from process $proc$../third_party/r22sdf/Twiddle128.v:21$101 in module Twiddle.
Marked 1 switch rules as full_case in process $proc$../third_party/r22sdf/Twiddle128.v:21$101 in module Twiddle.
Removed 1 dead cases from process $proc$../third_party/r22sdf/Twiddle128.v:20$98 in module Twiddle.
Marked 1 switch rules as full_case in process $proc$../third_party/r22sdf/Twiddle128.v:20$98 in module Twiddle.
Marked 1 switch rules as full_case in process $proc$rtl/peweaver_ppa_fft128.v:18$1 in module peweaver_ppa_reset_sync_128.
Removed a total of 2 dead cases.

11.2.3. Executing PROC_PRUNE pass (remove redundant assignments in processes).
Removed 25 redundant assignments.
Promoted 550 assignments to connections.

11.2.4. Executing PROC_INIT pass (extract init attributes).

11.2.5. Executing PROC_ARST pass (detect async resets in processes).
Found async reset \reset in `$paramod$9ca5e247a0178b82f50f6db69488375424044dda\SdfUnit.$proc$../third_party/r22sdf/SdfUnit.v:264$537'.
Found async reset \reset in `$paramod$9ca5e247a0178b82f50f6db69488375424044dda\SdfUnit.$proc$../third_party/r22sdf/SdfUnit.v:219$527'.
Found async reset \reset in `$paramod$9ca5e247a0178b82f50f6db69488375424044dda\SdfUnit.$proc$../third_party/r22sdf/SdfUnit.v:199$517'.
Found async reset \reset in `$paramod$9ca5e247a0178b82f50f6db69488375424044dda\SdfUnit.$proc$../third_party/r22sdf/SdfUnit.v:142$499'.
Found async reset \reset in `$paramod$9ca5e247a0178b82f50f6db69488375424044dda\SdfUnit.$proc$../third_party/r22sdf/SdfUnit.v:103$485'.
Found async reset \reset in `$paramod$fe7cc57cd3904973768bae95b58499efa37dd589\SdfUnit.$proc$../third_party/r22sdf/SdfUnit.v:264$482'.
Found async reset \reset in `$paramod$fe7cc57cd3904973768bae95b58499efa37dd589\SdfUnit.$proc$../third_party/r22sdf/SdfUnit.v:219$472'.
Found async reset \reset in `$paramod$fe7cc57cd3904973768bae95b58499efa37dd589\SdfUnit.$proc$../third_party/r22sdf/SdfUnit.v:199$462'.
Found async reset \reset in `$paramod$fe7cc57cd3904973768bae95b58499efa37dd589\SdfUnit.$proc$../third_party/r22sdf/SdfUnit.v:142$444'.
Found async reset \reset in `$paramod$fe7cc57cd3904973768bae95b58499efa37dd589\SdfUnit.$proc$../third_party/r22sdf/SdfUnit.v:103$430'.
Found async reset \reset in `$paramod$2ddc66fc3ffa8db41a4fa756ec19a2c9a0dc42f0\SdfUnit.$proc$../third_party/r22sdf/SdfUnit.v:264$427'.
Found async reset \reset in `$paramod$2ddc66fc3ffa8db41a4fa756ec19a2c9a0dc42f0\SdfUnit.$proc$../third_party/r22sdf/SdfUnit.v:219$417'.
Found async reset \reset in `$paramod$2ddc66fc3ffa8db41a4fa756ec19a2c9a0dc42f0\SdfUnit.$proc$../third_party/r22sdf/SdfUnit.v:199$407'.
Found async reset \reset in `$paramod$2ddc66fc3ffa8db41a4fa756ec19a2c9a0dc42f0\SdfUnit.$proc$../third_party/r22sdf/SdfUnit.v:142$389'.
Found async reset \reset in `$paramod$2ddc66fc3ffa8db41a4fa756ec19a2c9a0dc42f0\SdfUnit.$proc$../third_party/r22sdf/SdfUnit.v:103$375'.
Found async reset \reset in `$paramod\SdfUnit2\WIDTH=s32'00000000000000000000000000010000.$proc$../third_party/r22sdf/SdfUnit2.v:79$371'.
Found async reset \reset in `$paramod\SdfUnit2\WIDTH=s32'00000000000000000000000000010000.$proc$../third_party/r22sdf/SdfUnit2.v:41$360'.
Found async reset \reset_async_in in `\peweaver_ppa_reset_sync_128.$proc$rtl/peweaver_ppa_fft128.v:18$1'.

11.2.6. Executing PROC_ROM pass (convert switches to ROMs).
Converted 0 switches.
<suppressed ~2 debug messages>

11.2.7. Executing PROC_MUX pass (convert decision trees to multiplexers).
Creating decoders for process `$paramod$468b6055748c1a70021cd219779b5d26906274a5\DelayBuffer.$proc$../third_party/r22sdf/DelayBuffer.v:20$561'.
Creating decoders for process `$paramod$c542f2cdb8cf3fb2f7011f6438933e7913c8a609\DelayBuffer.$proc$../third_party/r22sdf/DelayBuffer.v:20$548'.
Creating decoders for process `$paramod$9ca5e247a0178b82f50f6db69488375424044dda\SdfUnit.$proc$../third_party/r22sdf/SdfUnit.v:264$537'.
     1/1: $0\mu_do_en[0:0]
Creating decoders for process `$paramod$9ca5e247a0178b82f50f6db69488375424044dda\SdfUnit.$proc$../third_party/r22sdf/SdfUnit.v:259$534'.
Creating decoders for process `$paramod$9ca5e247a0178b82f50f6db69488375424044dda\SdfUnit.$proc$../third_party/r22sdf/SdfUnit.v:243$530'.
Creating decoders for process `$paramod$9ca5e247a0178b82f50f6db69488375424044dda\SdfUnit.$proc$../third_party/r22sdf/SdfUnit.v:219$527'.
     1/1: $0\bf2_do_en[0:0]
Creating decoders for process `$paramod$9ca5e247a0178b82f50f6db69488375424044dda\SdfUnit.$proc$../third_party/r22sdf/SdfUnit.v:214$526'.
Creating decoders for process `$paramod$9ca5e247a0178b82f50f6db69488375424044dda\SdfUnit.$proc$../third_party/r22sdf/SdfUnit.v:209$522'.
Creating decoders for process `$paramod$9ca5e247a0178b82f50f6db69488375424044dda\SdfUnit.$proc$../third_party/r22sdf/SdfUnit.v:199$517'.
     1/2: $0\bf2_count[6:0]
     2/2: $0\bf2_sp_en[0:0]
Creating decoders for process `$paramod$9ca5e247a0178b82f50f6db69488375424044dda\SdfUnit.$proc$../third_party/r22sdf/SdfUnit.v:163$508'.
Creating decoders for process `$paramod$9ca5e247a0178b82f50f6db69488375424044dda\SdfUnit.$proc$../third_party/r22sdf/SdfUnit.v:155$507'.
Creating decoders for process `$paramod$9ca5e247a0178b82f50f6db69488375424044dda\SdfUnit.$proc$../third_party/r22sdf/SdfUnit.v:142$499'.
     1/2: $0\bf1_count[6:0]
     2/2: $0\bf1_sp_en[0:0]
Creating decoders for process `$paramod$9ca5e247a0178b82f50f6db69488375424044dda\SdfUnit.$proc$../third_party/r22sdf/SdfUnit.v:103$485'.
     1/1: $0\di_count[6:0]
Creating decoders for process `$paramod$fe7cc57cd3904973768bae95b58499efa37dd589\SdfUnit.$proc$../third_party/r22sdf/SdfUnit.v:264$482'.
     1/1: $0\mu_do_en[0:0]
Creating decoders for process `$paramod$fe7cc57cd3904973768bae95b58499efa37dd589\SdfUnit.$proc$../third_party/r22sdf/SdfUnit.v:259$479'.
Creating decoders for process `$paramod$fe7cc57cd3904973768bae95b58499efa37dd589\SdfUnit.$proc$../third_party/r22sdf/SdfUnit.v:243$475'.
Creating decoders for process `$paramod$fe7cc57cd3904973768bae95b58499efa37dd589\SdfUnit.$proc$../third_party/r22sdf/SdfUnit.v:219$472'.
     1/1: $0\bf2_do_en[0:0]
Creating decoders for process `$paramod$fe7cc57cd3904973768bae95b58499efa37dd589\SdfUnit.$proc$../third_party/r22sdf/SdfUnit.v:214$471'.
Creating decoders for process `$paramod$fe7cc57cd3904973768bae95b58499efa37dd589\SdfUnit.$proc$../third_party/r22sdf/SdfUnit.v:209$467'.
Creating decoders for process `$paramod$fe7cc57cd3904973768bae95b58499efa37dd589\SdfUnit.$proc$../third_party/r22sdf/SdfUnit.v:199$462'.
     1/2: $0\bf2_count[6:0]
     2/2: $0\bf2_sp_en[0:0]
Creating decoders for process `$paramod$fe7cc57cd3904973768bae95b58499efa37dd589\SdfUnit.$proc$../third_party/r22sdf/SdfUnit.v:163$453'.
Creating decoders for process `$paramod$fe7cc57cd3904973768bae95b58499efa37dd589\SdfUnit.$proc$../third_party/r22sdf/SdfUnit.v:155$452'.
Creating decoders for process `$paramod$fe7cc57cd3904973768bae95b58499efa37dd589\SdfUnit.$proc$../third_party/r22sdf/SdfUnit.v:142$444'.
     1/2: $0\bf1_count[6:0]
     2/2: $0\bf1_sp_en[0:0]
Creating decoders for process `$paramod$fe7cc57cd3904973768bae95b58499efa37dd589\SdfUnit.$proc$../third_party/r22sdf/SdfUnit.v:103$430'.
     1/1: $0\di_count[6:0]
Creating decoders for process `$paramod$2ddc66fc3ffa8db41a4fa756ec19a2c9a0dc42f0\SdfUnit.$proc$../third_party/r22sdf/SdfUnit.v:264$427'.
     1/1: $0\mu_do_en[0:0]
Creating decoders for process `$paramod$2ddc66fc3ffa8db41a4fa756ec19a2c9a0dc42f0\SdfUnit.$proc$../third_party/r22sdf/SdfUnit.v:259$424'.
Creating decoders for process `$paramod$2ddc66fc3ffa8db41a4fa756ec19a2c9a0dc42f0\SdfUnit.$proc$../third_party/r22sdf/SdfUnit.v:243$420'.
Creating decoders for process `$paramod$2ddc66fc3ffa8db41a4fa756ec19a2c9a0dc42f0\SdfUnit.$proc$../third_party/r22sdf/SdfUnit.v:219$417'.
     1/1: $0\bf2_do_en[0:0]
Creating decoders for process `$paramod$2ddc66fc3ffa8db41a4fa756ec19a2c9a0dc42f0\SdfUnit.$proc$../third_party/r22sdf/SdfUnit.v:214$416'.
Creating decoders for process `$paramod$2ddc66fc3ffa8db41a4fa756ec19a2c9a0dc42f0\SdfUnit.$proc$../third_party/r22sdf/SdfUnit.v:209$412'.
Creating decoders for process `$paramod$2ddc66fc3ffa8db41a4fa756ec19a2c9a0dc42f0\SdfUnit.$proc$../third_party/r22sdf/SdfUnit.v:199$407'.
     1/2: $0\bf2_count[6:0]
     2/2: $0\bf2_sp_en[0:0]
Creating decoders for process `$paramod$2ddc66fc3ffa8db41a4fa756ec19a2c9a0dc42f0\SdfUnit.$proc$../third_party/r22sdf/SdfUnit.v:163$398'.
Creating decoders for process `$paramod$2ddc66fc3ffa8db41a4fa756ec19a2c9a0dc42f0\SdfUnit.$proc$../third_party/r22sdf/SdfUnit.v:155$397'.
Creating decoders for process `$paramod$2ddc66fc3ffa8db41a4fa756ec19a2c9a0dc42f0\SdfUnit.$proc$../third_party/r22sdf/SdfUnit.v:142$389'.
     1/2: $0\bf1_count[6:0]
     2/2: $0\bf1_sp_en[0:0]
Creating decoders for process `$paramod$2ddc66fc3ffa8db41a4fa756ec19a2c9a0dc42f0\SdfUnit.$proc$../third_party/r22sdf/SdfUnit.v:103$375'.
     1/1: $0\di_count[6:0]
Creating decoders for process `$paramod\SdfUnit2\WIDTH=s32'00000000000000000000000000010000.$proc$../third_party/r22sdf/SdfUnit2.v:89$372'.
Creating decoders for process `$paramod\SdfUnit2\WIDTH=s32'00000000000000000000000000010000.$proc$../third_party/r22sdf/SdfUnit2.v:79$371'.
     1/2: $0\do_en[0:0]
     2/2: $0\bf_sp_en[0:0]
Creating decoders for process `$paramod\SdfUnit2\WIDTH=s32'00000000000000000000000000010000.$proc$../third_party/r22sdf/SdfUnit2.v:41$360'.
     1/1: $0\bf_en[0:0]
Creating decoders for process `\Twiddle.$proc$../third_party/r22sdf/Twiddle128.v:166$359'.
Creating decoders for process `\Twiddle.$proc$../third_party/r22sdf/Twiddle128.v:166$358'.
Creating decoders for process `\Twiddle.$proc$../third_party/r22sdf/Twiddle128.v:165$357'.
Creating decoders for process `\Twiddle.$proc$../third_party/r22sdf/Twiddle128.v:165$356'.
Creating decoders for process `\Twiddle.$proc$../third_party/r22sdf/Twiddle128.v:164$355'.
Creating decoders for process `\Twiddle.$proc$../third_party/r22sdf/Twiddle128.v:164$354'.
Creating decoders for process `\Twiddle.$proc$../third_party/r22sdf/Twiddle128.v:163$353'.
Creating decoders for process `\Twiddle.$proc$../third_party/r22sdf/Twiddle128.v:163$352'.
Creating decoders for process `\Twiddle.$proc$../third_party/r22sdf/Twiddle128.v:162$351'.
Creating decoders for process `\Twiddle.$proc$../third_party/r22sdf/Twiddle128.v:162$350'.
Creating decoders for process `\Twiddle.$proc$../third_party/r22sdf/Twiddle128.v:161$349'.
Creating decoders for process `\Twiddle.$proc$../third_party/r22sdf/Twiddle128.v:161$348'.
Creating decoders for process `\Twiddle.$proc$../third_party/r22sdf/Twiddle128.v:160$347'.
Creating decoders for process `\Twiddle.$proc$../third_party/r22sdf/Twiddle128.v:160$346'.
Creating decoders for process `\Twiddle.$proc$../third_party/r22sdf/Twiddle128.v:159$345'.
Creating decoders for process `\Twiddle.$proc$../third_party/r22sdf/Twiddle128.v:159$344'.
Creating decoders for process `\Twiddle.$proc$../third_party/r22sdf/Twiddle128.v:158$343'.
Creating decoders for process `\Twiddle.$proc$../third_party/r22sdf/Twiddle128.v:158$342'.
Creating decoders for process `\Twiddle.$proc$../third_party/r22sdf/Twiddle128.v:157$341'.
Creating decoders for process `\Twiddle.$proc$../third_party/r22sdf/Twiddle128.v:157$340'.
Creating decoders for process `\Twiddle.$proc$../third_party/r22sdf/Twiddle128.v:156$339'.
Creating decoders for process `\Twiddle.$proc$../third_party/r22sdf/Twiddle128.v:156$338'.
Creating decoders for process `\Twiddle.$proc$../third_party/r22sdf/Twiddle128.v:155$337'.
Creating decoders for process `\Twiddle.$proc$../third_party/r22sdf/Twiddle128.v:155$336'.
Creating decoders for process `\Twiddle.$proc$../third_party/r22sdf/Twiddle128.v:154$335'.
Creating decoders for process `\Twiddle.$proc$../third_party/r22sdf/Twiddle128.v:154$334'.
Creating decoders for process `\Twiddle.$proc$../third_party/r22sdf/Twiddle128.v:153$333'.
Creating decoders for process `\Twiddle.$proc$../third_party/r22sdf/Twiddle128.v:153$332'.
Creating decoders for process `\Twiddle.$proc$../third_party/r22sdf/Twiddle128.v:152$331'.
Creating decoders for process `\Twiddle.$proc$../third_party/r22sdf/Twiddle128.v:152$330'.
Creating decoders for process `\Twiddle.$proc$../third_party/r22sdf/Twiddle128.v:151$329'.
Creating decoders for process `\Twiddle.$proc$../third_party/r22sdf/Twiddle128.v:151$328'.
Creating decoders for process `\Twiddle.$proc$../third_party/r22sdf/Twiddle128.v:150$327'.
Creating decoders for process `\Twiddle.$proc$../third_party/r22sdf/Twiddle128.v:150$326'.
Creating decoders for process `\Twiddle.$proc$../third_party/r22sdf/Twiddle128.v:149$325'.
Creating decoders for process `\Twiddle.$proc$../third_party/r22sdf/Twiddle128.v:149$324'.
Creating decoders for process `\Twiddle.$proc$../third_party/r22sdf/Twiddle128.v:148$323'.
Creating decoders for process `\Twiddle.$proc$../third_party/r22sdf/Twiddle128.v:148$322'.
Creating decoders for process `\Twiddle.$proc$../third_party/r22sdf/Twiddle128.v:147$321'.
Creating decoders for process `\Twiddle.$proc$../third_party/r22sdf/Twiddle128.v:147$320'.
Creating decoders for process `\Twiddle.$proc$../third_party/r22sdf/Twiddle128.v:146$319'.
Creating decoders for process `\Twiddle.$proc$../third_party/r22sdf/Twiddle128.v:146$318'.
Creating decoders for process `\Twiddle.$proc$../third_party/r22sdf/Twiddle128.v:145$317'.
Creating decoders for process `\Twiddle.$proc$../third_party/r22sdf/Twiddle128.v:145$316'.
Creating decoders for process `\Twiddle.$proc$../third_party/r22sdf/Twiddle128.v:144$315'.
Creating decoders for process `\Twiddle.$proc$../third_party/r22sdf/Twiddle128.v:144$314'.
Creating decoders for process `\Twiddle.$proc$../third_party/r22sdf/Twiddle128.v:143$313'.
Creating decoders for process `\Twiddle.$proc$../third_party/r22sdf/Twiddle128.v:143$312'.
Creating decoders for process `\Twiddle.$proc$../third_party/r22sdf/Twiddle128.v:142$311'.
Creating decoders for process `\Twiddle.$proc$../third_party/r22sdf/Twiddle128.v:142$310'.
Creating decoders for process `\Twiddle.$proc$../third_party/r22sdf/Twiddle128.v:141$309'.
Creating decoders for process `\Twiddle.$proc$../third_party/r22sdf/Twiddle128.v:141$308'.
Creating decoders for process `\Twiddle.$proc$../third_party/r22sdf/Twiddle128.v:140$307'.
Creating decoders for process `\Twiddle.$proc$../third_party/r22sdf/Twiddle128.v:140$306'.
Creating decoders for process `\Twiddle.$proc$../third_party/r22sdf/Twiddle128.v:139$305'.
Creating decoders for process `\Twiddle.$proc$../third_party/r22sdf/Twiddle128.v:139$304'.
Creating decoders for process `\Twiddle.$proc$../third_party/r22sdf/Twiddle128.v:138$303'.
Creating decoders for process `\Twiddle.$proc$../third_party/r22sdf/Twiddle128.v:138$302'.
Creating decoders for process `\Twiddle.$proc$../third_party/r22sdf/Twiddle128.v:137$301'.
Creating decoders for process `\Twiddle.$proc$../third_party/r22sdf/Twiddle128.v:137$300'.
Creating decoders for process `\Twiddle.$proc$../third_party/r22sdf/Twiddle128.v:136$299'.
Creating decoders for process `\Twiddle.$proc$../third_party/r22sdf/Twiddle128.v:136$298'.
Creating decoders for process `\Twiddle.$proc$../third_party/r22sdf/Twiddle128.v:135$297'.
Creating decoders for process `\Twiddle.$proc$../third_party/r22sdf/Twiddle128.v:135$296'.
Creating decoders for process `\Twiddle.$proc$../third_party/r22sdf/Twiddle128.v:134$295'.
Creating decoders for process `\Twiddle.$proc$../third_party/r22sdf/Twiddle128.v:134$294'.
Creating decoders for process `\Twiddle.$proc$../third_party/r22sdf/Twiddle128.v:133$293'.
Creating decoders for process `\Twiddle.$proc$../third_party/r22sdf/Twiddle128.v:133$292'.
Creating decoders for process `\Twiddle.$proc$../third_party/r22sdf/Twiddle128.v:132$291'.
Creating decoders for process `\Twiddle.$proc$../third_party/r22sdf/Twiddle128.v:132$290'.
Creating decoders for process `\Twiddle.$proc$../third_party/r22sdf/Twiddle128.v:131$289'.
Creating decoders for process `\Twiddle.$proc$../third_party/r22sdf/Twiddle128.v:131$288'.
Creating decoders for process `\Twiddle.$proc$../third_party/r22sdf/Twiddle128.v:130$287'.
Creating decoders for process `\Twiddle.$proc$../third_party/r22sdf/Twiddle128.v:130$286'.
Creating decoders for process `\Twiddle.$proc$../third_party/r22sdf/Twiddle128.v:129$285'.
Creating decoders for process `\Twiddle.$proc$../third_party/r22sdf/Twiddle128.v:129$284'.
Creating decoders for process `\Twiddle.$proc$../third_party/r22sdf/Twiddle128.v:128$283'.
Creating decoders for process `\Twiddle.$proc$../third_party/r22sdf/Twiddle128.v:128$282'.
Creating decoders for process `\Twiddle.$proc$../third_party/r22sdf/Twiddle128.v:127$281'.
Creating decoders for process `\Twiddle.$proc$../third_party/r22sdf/Twiddle128.v:127$280'.
Creating decoders for process `\Twiddle.$proc$../third_party/r22sdf/Twiddle128.v:126$279'.
Creating decoders for process `\Twiddle.$proc$../third_party/r22sdf/Twiddle128.v:126$278'.
Creating decoders for process `\Twiddle.$proc$../third_party/r22sdf/Twiddle128.v:125$277'.
Creating decoders for process `\Twiddle.$proc$../third_party/r22sdf/Twiddle128.v:125$276'.
Creating decoders for process `\Twiddle.$proc$../third_party/r22sdf/Twiddle128.v:124$275'.
Creating decoders for process `\Twiddle.$proc$../third_party/r22sdf/Twiddle128.v:124$274'.
Creating decoders for process `\Twiddle.$proc$../third_party/r22sdf/Twiddle128.v:123$273'.
Creating decoders for process `\Twiddle.$proc$../third_party/r22sdf/Twiddle128.v:123$272'.
Creating decoders for process `\Twiddle.$proc$../third_party/r22sdf/Twiddle128.v:122$271'.
Creating decoders for process `\Twiddle.$proc$../third_party/r22sdf/Twiddle128.v:122$270'.
Creating decoders for process `\Twiddle.$proc$../third_party/r22sdf/Twiddle128.v:121$269'.
Creating decoders for process `\Twiddle.$proc$../third_party/r22sdf/Twiddle128.v:121$268'.
Creating decoders for process `\Twiddle.$proc$../third_party/r22sdf/Twiddle128.v:120$267'.
Creating decoders for process `\Twiddle.$proc$../third_party/r22sdf/Twiddle128.v:120$266'.
Creating decoders for process `\Twiddle.$proc$../third_party/r22sdf/Twiddle128.v:119$265'.
Creating decoders for process `\Twiddle.$proc$../third_party/r22sdf/Twiddle128.v:119$264'.
Creating decoders for process `\Twiddle.$proc$../third_party/r22sdf/Twiddle128.v:118$263'.
Creating decoders for process `\Twiddle.$proc$../third_party/r22sdf/Twiddle128.v:118$262'.
Creating decoders for process `\Twiddle.$proc$../third_party/r22sdf/Twiddle128.v:117$261'.
Creating decoders for process `\Twiddle.$proc$../third_party/r22sdf/Twiddle128.v:117$260'.
Creating decoders for process `\Twiddle.$proc$../third_party/r22sdf/Twiddle128.v:116$259'.
Creating decoders for process `\Twiddle.$proc$../third_party/r22sdf/Twiddle128.v:116$258'.
Creating decoders for process `\Twiddle.$proc$../third_party/r22sdf/Twiddle128.v:115$257'.
Creating decoders for process `\Twiddle.$proc$../third_party/r22sdf/Twiddle128.v:115$256'.
Creating decoders for process `\Twiddle.$proc$../third_party/r22sdf/Twiddle128.v:114$255'.
Creating decoders for process `\Twiddle.$proc$../third_party/r22sdf/Twiddle128.v:114$254'.
Creating decoders for process `\Twiddle.$proc$../third_party/r22sdf/Twiddle128.v:113$253'.
Creating decoders for process `\Twiddle.$proc$../third_party/r22sdf/Twiddle128.v:113$252'.
Creating decoders for process `\Twiddle.$proc$../third_party/r22sdf/Twiddle128.v:112$251'.
Creating decoders for process `\Twiddle.$proc$../third_party/r22sdf/Twiddle128.v:112$250'.
Creating decoders for process `\Twiddle.$proc$../third_party/r22sdf/Twiddle128.v:111$249'.
Creating decoders for process `\Twiddle.$proc$../third_party/r22sdf/Twiddle128.v:111$248'.
Creating decoders for process `\Twiddle.$proc$../third_party/r22sdf/Twiddle128.v:110$247'.
Creating decoders for process `\Twiddle.$proc$../third_party/r22sdf/Twiddle128.v:110$246'.
Creating decoders for process `\Twiddle.$proc$../third_party/r22sdf/Twiddle128.v:109$245'.
Creating decoders for process `\Twiddle.$proc$../third_party/r22sdf/Twiddle128.v:109$244'.
Creating decoders for process `\Twiddle.$proc$../third_party/r22sdf/Twiddle128.v:108$243'.
Creating decoders for process `\Twiddle.$proc$../third_party/r22sdf/Twiddle128.v:108$242'.
Creating decoders for process `\Twiddle.$proc$../third_party/r22sdf/Twiddle128.v:107$241'.
Creating decoders for process `\Twiddle.$proc$../third_party/r22sdf/Twiddle128.v:107$240'.
Creating decoders for process `\Twiddle.$proc$../third_party/r22sdf/Twiddle128.v:106$239'.
Creating decoders for process `\Twiddle.$proc$../third_party/r22sdf/Twiddle128.v:106$238'.
Creating decoders for process `\Twiddle.$proc$../third_party/r22sdf/Twiddle128.v:105$237'.
Creating decoders for process `\Twiddle.$proc$../third_party/r22sdf/Twiddle128.v:105$236'.
Creating decoders for process `\Twiddle.$proc$../third_party/r22sdf/Twiddle128.v:104$235'.
Creating decoders for process `\Twiddle.$proc$../third_party/r22sdf/Twiddle128.v:104$234'.
Creating decoders for process `\Twiddle.$proc$../third_party/r22sdf/Twiddle128.v:103$233'.
Creating decoders for process `\Twiddle.$proc$../third_party/r22sdf/Twiddle128.v:103$232'.
Creating decoders for process `\Twiddle.$proc$../third_party/r22sdf/Twiddle128.v:102$231'.
Creating decoders for process `\Twiddle.$proc$../third_party/r22sdf/Twiddle128.v:102$230'.
Creating decoders for process `\Twiddle.$proc$../third_party/r22sdf/Twiddle128.v:101$229'.
Creating decoders for process `\Twiddle.$proc$../third_party/r22sdf/Twiddle128.v:101$228'.
Creating decoders for process `\Twiddle.$proc$../third_party/r22sdf/Twiddle128.v:100$227'.
Creating decoders for process `\Twiddle.$proc$../third_party/r22sdf/Twiddle128.v:100$226'.
Creating decoders for process `\Twiddle.$proc$../third_party/r22sdf/Twiddle128.v:99$225'.
Creating decoders for process `\Twiddle.$proc$../third_party/r22sdf/Twiddle128.v:99$224'.
Creating decoders for process `\Twiddle.$proc$../third_party/r22sdf/Twiddle128.v:98$223'.
Creating decoders for process `\Twiddle.$proc$../third_party/r22sdf/Twiddle128.v:98$222'.
Creating decoders for process `\Twiddle.$proc$../third_party/r22sdf/Twiddle128.v:97$221'.
Creating decoders for process `\Twiddle.$proc$../third_party/r22sdf/Twiddle128.v:97$220'.
Creating decoders for process `\Twiddle.$proc$../third_party/r22sdf/Twiddle128.v:96$219'.
Creating decoders for process `\Twiddle.$proc$../third_party/r22sdf/Twiddle128.v:96$218'.
Creating decoders for process `\Twiddle.$proc$../third_party/r22sdf/Twiddle128.v:95$217'.
Creating decoders for process `\Twiddle.$proc$../third_party/r22sdf/Twiddle128.v:95$216'.
Creating decoders for process `\Twiddle.$proc$../third_party/r22sdf/Twiddle128.v:94$215'.
Creating decoders for process `\Twiddle.$proc$../third_party/r22sdf/Twiddle128.v:94$214'.
Creating decoders for process `\Twiddle.$proc$../third_party/r22sdf/Twiddle128.v:93$213'.
Creating decoders for process `\Twiddle.$proc$../third_party/r22sdf/Twiddle128.v:93$212'.
Creating decoders for process `\Twiddle.$proc$../third_party/r22sdf/Twiddle128.v:92$211'.
Creating decoders for process `\Twiddle.$proc$../third_party/r22sdf/Twiddle128.v:92$210'.
Creating decoders for process `\Twiddle.$proc$../third_party/r22sdf/Twiddle128.v:91$209'.
Creating decoders for process `\Twiddle.$proc$../third_party/r22sdf/Twiddle128.v:91$208'.
Creating decoders for process `\Twiddle.$proc$../third_party/r22sdf/Twiddle128.v:90$207'.
Creating decoders for process `\Twiddle.$proc$../third_party/r22sdf/Twiddle128.v:90$206'.
Creating decoders for process `\Twiddle.$proc$../third_party/r22sdf/Twiddle128.v:89$205'.
Creating decoders for process `\Twiddle.$proc$../third_party/r22sdf/Twiddle128.v:89$204'.
Creating decoders for process `\Twiddle.$proc$../third_party/r22sdf/Twiddle128.v:88$203'.
Creating decoders for process `\Twiddle.$proc$../third_party/r22sdf/Twiddle128.v:88$202'.
Creating decoders for process `\Twiddle.$proc$../third_party/r22sdf/Twiddle128.v:87$201'.
Creating decoders for process `\Twiddle.$proc$../third_party/r22sdf/Twiddle128.v:87$200'.
Creating decoders for process `\Twiddle.$proc$../third_party/r22sdf/Twiddle128.v:86$199'.
Creating decoders for process `\Twiddle.$proc$../third_party/r22sdf/Twiddle128.v:86$198'.
Creating decoders for process `\Twiddle.$proc$../third_party/r22sdf/Twiddle128.v:85$197'.
Creating decoders for process `\Twiddle.$proc$../third_party/r22sdf/Twiddle128.v:85$196'.
Creating decoders for process `\Twiddle.$proc$../third_party/r22sdf/Twiddle128.v:84$195'.
Creating decoders for process `\Twiddle.$proc$../third_party/r22sdf/Twiddle128.v:84$194'.
Creating decoders for process `\Twiddle.$proc$../third_party/r22sdf/Twiddle128.v:83$193'.
Creating decoders for process `\Twiddle.$proc$../third_party/r22sdf/Twiddle128.v:83$192'.
Creating decoders for process `\Twiddle.$proc$../third_party/r22sdf/Twiddle128.v:82$191'.
Creating decoders for process `\Twiddle.$proc$../third_party/r22sdf/Twiddle128.v:82$190'.
Creating decoders for process `\Twiddle.$proc$../third_party/r22sdf/Twiddle128.v:81$189'.
Creating decoders for process `\Twiddle.$proc$../third_party/r22sdf/Twiddle128.v:81$188'.
Creating decoders for process `\Twiddle.$proc$../third_party/r22sdf/Twiddle128.v:80$187'.
Creating decoders for process `\Twiddle.$proc$../third_party/r22sdf/Twiddle128.v:80$186'.
Creating decoders for process `\Twiddle.$proc$../third_party/r22sdf/Twiddle128.v:79$185'.
Creating decoders for process `\Twiddle.$proc$../third_party/r22sdf/Twiddle128.v:79$184'.
Creating decoders for process `\Twiddle.$proc$../third_party/r22sdf/Twiddle128.v:78$183'.
Creating decoders for process `\Twiddle.$proc$../third_party/r22sdf/Twiddle128.v:78$182'.
Creating decoders for process `\Twiddle.$proc$../third_party/r22sdf/Twiddle128.v:77$181'.
Creating decoders for process `\Twiddle.$proc$../third_party/r22sdf/Twiddle128.v:77$180'.
Creating decoders for process `\Twiddle.$proc$../third_party/r22sdf/Twiddle128.v:76$179'.
Creating decoders for process `\Twiddle.$proc$../third_party/r22sdf/Twiddle128.v:76$178'.
Creating decoders for process `\Twiddle.$proc$../third_party/r22sdf/Twiddle128.v:75$177'.
Creating decoders for process `\Twiddle.$proc$../third_party/r22sdf/Twiddle128.v:75$176'.
Creating decoders for process `\Twiddle.$proc$../third_party/r22sdf/Twiddle128.v:74$175'.
Creating decoders for process `\Twiddle.$proc$../third_party/r22sdf/Twiddle128.v:74$174'.
Creating decoders for process `\Twiddle.$proc$../third_party/r22sdf/Twiddle128.v:73$173'.
Creating decoders for process `\Twiddle.$proc$../third_party/r22sdf/Twiddle128.v:73$172'.
Creating decoders for process `\Twiddle.$proc$../third_party/r22sdf/Twiddle128.v:72$171'.
Creating decoders for process `\Twiddle.$proc$../third_party/r22sdf/Twiddle128.v:72$170'.
Creating decoders for process `\Twiddle.$proc$../third_party/r22sdf/Twiddle128.v:71$169'.
Creating decoders for process `\Twiddle.$proc$../third_party/r22sdf/Twiddle128.v:71$168'.
Creating decoders for process `\Twiddle.$proc$../third_party/r22sdf/Twiddle128.v:70$167'.
Creating decoders for process `\Twiddle.$proc$../third_party/r22sdf/Twiddle128.v:70$166'.
Creating decoders for process `\Twiddle.$proc$../third_party/r22sdf/Twiddle128.v:69$165'.
Creating decoders for process `\Twiddle.$proc$../third_party/r22sdf/Twiddle128.v:69$164'.
Creating decoders for process `\Twiddle.$proc$../third_party/r22sdf/Twiddle128.v:68$163'.
Creating decoders for process `\Twiddle.$proc$../third_party/r22sdf/Twiddle128.v:68$162'.
Creating decoders for process `\Twiddle.$proc$../third_party/r22sdf/Twiddle128.v:67$161'.
Creating decoders for process `\Twiddle.$proc$../third_party/r22sdf/Twiddle128.v:67$160'.
Creating decoders for process `\Twiddle.$proc$../third_party/r22sdf/Twiddle128.v:66$159'.
Creating decoders for process `\Twiddle.$proc$../third_party/r22sdf/Twiddle128.v:66$158'.
Creating decoders for process `\Twiddle.$proc$../third_party/r22sdf/Twiddle128.v:65$157'.
Creating decoders for process `\Twiddle.$proc$../third_party/r22sdf/Twiddle128.v:65$156'.
Creating decoders for process `\Twiddle.$proc$../third_party/r22sdf/Twiddle128.v:64$155'.
Creating decoders for process `\Twiddle.$proc$../third_party/r22sdf/Twiddle128.v:64$154'.
Creating decoders for process `\Twiddle.$proc$../third_party/r22sdf/Twiddle128.v:63$153'.
Creating decoders for process `\Twiddle.$proc$../third_party/r22sdf/Twiddle128.v:63$152'.
Creating decoders for process `\Twiddle.$proc$../third_party/r22sdf/Twiddle128.v:62$151'.
Creating decoders for process `\Twiddle.$proc$../third_party/r22sdf/Twiddle128.v:62$150'.
Creating decoders for process `\Twiddle.$proc$../third_party/r22sdf/Twiddle128.v:61$149'.
Creating decoders for process `\Twiddle.$proc$../third_party/r22sdf/Twiddle128.v:61$148'.
Creating decoders for process `\Twiddle.$proc$../third_party/r22sdf/Twiddle128.v:60$147'.
Creating decoders for process `\Twiddle.$proc$../third_party/r22sdf/Twiddle128.v:60$146'.
Creating decoders for process `\Twiddle.$proc$../third_party/r22sdf/Twiddle128.v:59$145'.
Creating decoders for process `\Twiddle.$proc$../third_party/r22sdf/Twiddle128.v:59$144'.
Creating decoders for process `\Twiddle.$proc$../third_party/r22sdf/Twiddle128.v:58$143'.
Creating decoders for process `\Twiddle.$proc$../third_party/r22sdf/Twiddle128.v:58$142'.
Creating decoders for process `\Twiddle.$proc$../third_party/r22sdf/Twiddle128.v:57$141'.
Creating decoders for process `\Twiddle.$proc$../third_party/r22sdf/Twiddle128.v:57$140'.
Creating decoders for process `\Twiddle.$proc$../third_party/r22sdf/Twiddle128.v:56$139'.
Creating decoders for process `\Twiddle.$proc$../third_party/r22sdf/Twiddle128.v:56$138'.
Creating decoders for process `\Twiddle.$proc$../third_party/r22sdf/Twiddle128.v:55$137'.
Creating decoders for process `\Twiddle.$proc$../third_party/r22sdf/Twiddle128.v:55$136'.
Creating decoders for process `\Twiddle.$proc$../third_party/r22sdf/Twiddle128.v:54$135'.
Creating decoders for process `\Twiddle.$proc$../third_party/r22sdf/Twiddle128.v:54$134'.
Creating decoders for process `\Twiddle.$proc$../third_party/r22sdf/Twiddle128.v:53$133'.
Creating decoders for process `\Twiddle.$proc$../third_party/r22sdf/Twiddle128.v:53$132'.
Creating decoders for process `\Twiddle.$proc$../third_party/r22sdf/Twiddle128.v:52$131'.
Creating decoders for process `\Twiddle.$proc$../third_party/r22sdf/Twiddle128.v:52$130'.
Creating decoders for process `\Twiddle.$proc$../third_party/r22sdf/Twiddle128.v:51$129'.
Creating decoders for process `\Twiddle.$proc$../third_party/r22sdf/Twiddle128.v:51$128'.
Creating decoders for process `\Twiddle.$proc$../third_party/r22sdf/Twiddle128.v:50$127'.
Creating decoders for process `\Twiddle.$proc$../third_party/r22sdf/Twiddle128.v:50$126'.
Creating decoders for process `\Twiddle.$proc$../third_party/r22sdf/Twiddle128.v:49$125'.
Creating decoders for process `\Twiddle.$proc$../third_party/r22sdf/Twiddle128.v:49$124'.
Creating decoders for process `\Twiddle.$proc$../third_party/r22sdf/Twiddle128.v:48$123'.
Creating decoders for process `\Twiddle.$proc$../third_party/r22sdf/Twiddle128.v:48$122'.
Creating decoders for process `\Twiddle.$proc$../third_party/r22sdf/Twiddle128.v:47$121'.
Creating decoders for process `\Twiddle.$proc$../third_party/r22sdf/Twiddle128.v:47$120'.
Creating decoders for process `\Twiddle.$proc$../third_party/r22sdf/Twiddle128.v:46$119'.
Creating decoders for process `\Twiddle.$proc$../third_party/r22sdf/Twiddle128.v:46$118'.
Creating decoders for process `\Twiddle.$proc$../third_party/r22sdf/Twiddle128.v:45$117'.
Creating decoders for process `\Twiddle.$proc$../third_party/r22sdf/Twiddle128.v:45$116'.
Creating decoders for process `\Twiddle.$proc$../third_party/r22sdf/Twiddle128.v:44$115'.
Creating decoders for process `\Twiddle.$proc$../third_party/r22sdf/Twiddle128.v:44$114'.
Creating decoders for process `\Twiddle.$proc$../third_party/r22sdf/Twiddle128.v:43$113'.
Creating decoders for process `\Twiddle.$proc$../third_party/r22sdf/Twiddle128.v:43$112'.
Creating decoders for process `\Twiddle.$proc$../third_party/r22sdf/Twiddle128.v:42$111'.
Creating decoders for process `\Twiddle.$proc$../third_party/r22sdf/Twiddle128.v:42$110'.
Creating decoders for process `\Twiddle.$proc$../third_party/r22sdf/Twiddle128.v:41$109'.
Creating decoders for process `\Twiddle.$proc$../third_party/r22sdf/Twiddle128.v:41$108'.
Creating decoders for process `\Twiddle.$proc$../third_party/r22sdf/Twiddle128.v:40$107'.
Creating decoders for process `\Twiddle.$proc$../third_party/r22sdf/Twiddle128.v:40$106'.
Creating decoders for process `\Twiddle.$proc$../third_party/r22sdf/Twiddle128.v:39$105'.
Creating decoders for process `\Twiddle.$proc$../third_party/r22sdf/Twiddle128.v:39$104'.
Creating decoders for process `\Twiddle.$proc$../third_party/r22sdf/Twiddle128.v:21$101'.
     1/1: $1$mem2reg_rd$\wn_im$../third_party/r22sdf/Twiddle128.v:21$96_DATA[15:0]$103
Creating decoders for process `\Twiddle.$proc$../third_party/r22sdf/Twiddle128.v:20$98'.
     1/1: $1$mem2reg_rd$\wn_re$../third_party/r22sdf/Twiddle128.v:20$95_DATA[15:0]$100
Creating decoders for process `\Twiddle.$proc$../third_party/r22sdf/Twiddle128.v:23$97'.
Creating decoders for process `$paramod$6010395c8740f19344fd93aacef13621d2f67395\DelayBuffer.$proc$../third_party/r22sdf/DelayBuffer.v:20$578'.
Creating decoders for process `$paramod$520663d7382152bf6f78fc2a37b254cea736bbce\DelayBuffer.$proc$../third_party/r22sdf/DelayBuffer.v:20$577'.
Creating decoders for process `$paramod$e8759a57fc147882a254734ce5d86afa730d93e5\DelayBuffer.$proc$../third_party/r22sdf/DelayBuffer.v:20$576'.
Creating decoders for process `$paramod$e31bf182a78b6901a30a1eec46d5e35479708b24\DelayBuffer.$proc$../third_party/r22sdf/DelayBuffer.v:20$575'.
Creating decoders for process `$paramod$17914cfb50699f154dc59f1c3f8fd47b6e195f44\DelayBuffer.$proc$../third_party/r22sdf/DelayBuffer.v:20$574'.
Creating decoders for process `\peweaver_ppa_reset_sync_128.$proc$rtl/peweaver_ppa_fft128.v:18$1'.
     1/1: $0\sync_ff[1:0]

11.2.8. Executing PROC_DLATCH pass (convert process syncs to latches).
No latch inferred for signal `\Twiddle.\wn_im[127]' from process `\Twiddle.$proc$../third_party/r22sdf/Twiddle128.v:166$359'.
No latch inferred for signal `\Twiddle.\wn_re[127]' from process `\Twiddle.$proc$../third_party/r22sdf/Twiddle128.v:166$358'.
No latch inferred for signal `\Twiddle.\wn_im[126]' from process `\Twiddle.$proc$../third_party/r22sdf/Twiddle128.v:165$357'.
No latch inferred for signal `\Twiddle.\wn_re[126]' from process `\Twiddle.$proc$../third_party/r22sdf/Twiddle128.v:165$356'.
No latch inferred for signal `\Twiddle.\wn_im[125]' from process `\Twiddle.$proc$../third_party/r22sdf/Twiddle128.v:164$355'.
No latch inferred for signal `\Twiddle.\wn_re[125]' from process `\Twiddle.$proc$../third_party/r22sdf/Twiddle128.v:164$354'.
No latch inferred for signal `\Twiddle.\wn_im[124]' from process `\Twiddle.$proc$../third_party/r22sdf/Twiddle128.v:163$353'.
No latch inferred for signal `\Twiddle.\wn_re[124]' from process `\Twiddle.$proc$../third_party/r22sdf/Twiddle128.v:163$352'.
No latch inferred for signal `\Twiddle.\wn_im[123]' from process `\Twiddle.$proc$../third_party/r22sdf/Twiddle128.v:162$351'.
No latch inferred for signal `\Twiddle.\wn_re[123]' from process `\Twiddle.$proc$../third_party/r22sdf/Twiddle128.v:162$350'.
No latch inferred for signal `\Twiddle.\wn_im[122]' from process `\Twiddle.$proc$../third_party/r22sdf/Twiddle128.v:161$349'.
No latch inferred for signal `\Twiddle.\wn_re[122]' from process `\Twiddle.$proc$../third_party/r22sdf/Twiddle128.v:161$348'.
No latch inferred for signal `\Twiddle.\wn_im[121]' from process `\Twiddle.$proc$../third_party/r22sdf/Twiddle128.v:160$347'.
No latch inferred for signal `\Twiddle.\wn_re[121]' from process `\Twiddle.$proc$../third_party/r22sdf/Twiddle128.v:160$346'.
No latch inferred for signal `\Twiddle.\wn_im[120]' from process `\Twiddle.$proc$../third_party/r22sdf/Twiddle128.v:159$345'.
No latch inferred for signal `\Twiddle.\wn_re[120]' from process `\Twiddle.$proc$../third_party/r22sdf/Twiddle128.v:159$344'.
No latch inferred for signal `\Twiddle.\wn_im[119]' from process `\Twiddle.$proc$../third_party/r22sdf/Twiddle128.v:158$343'.
No latch inferred for signal `\Twiddle.\wn_re[119]' from process `\Twiddle.$proc$../third_party/r22sdf/Twiddle128.v:158$342'.
No latch inferred for signal `\Twiddle.\wn_im[118]' from process `\Twiddle.$proc$../third_party/r22sdf/Twiddle128.v:157$341'.
No latch inferred for signal `\Twiddle.\wn_re[118]' from process `\Twiddle.$proc$../third_party/r22sdf/Twiddle128.v:157$340'.
No latch inferred for signal `\Twiddle.\wn_im[117]' from process `\Twiddle.$proc$../third_party/r22sdf/Twiddle128.v:156$339'.
No latch inferred for signal `\Twiddle.\wn_re[117]' from process `\Twiddle.$proc$../third_party/r22sdf/Twiddle128.v:156$338'.
No latch inferred for signal `\Twiddle.\wn_im[116]' from process `\Twiddle.$proc$../third_party/r22sdf/Twiddle128.v:155$337'.
No latch inferred for signal `\Twiddle.\wn_re[116]' from process `\Twiddle.$proc$../third_party/r22sdf/Twiddle128.v:155$336'.
No latch inferred for signal `\Twiddle.\wn_im[115]' from process `\Twiddle.$proc$../third_party/r22sdf/Twiddle128.v:154$335'.
No latch inferred for signal `\Twiddle.\wn_re[115]' from process `\Twiddle.$proc$../third_party/r22sdf/Twiddle128.v:154$334'.
No latch inferred for signal `\Twiddle.\wn_im[114]' from process `\Twiddle.$proc$../third_party/r22sdf/Twiddle128.v:153$333'.
No latch inferred for signal `\Twiddle.\wn_re[114]' from process `\Twiddle.$proc$../third_party/r22sdf/Twiddle128.v:153$332'.
No latch inferred for signal `\Twiddle.\wn_im[113]' from process `\Twiddle.$proc$../third_party/r22sdf/Twiddle128.v:152$331'.
No latch inferred for signal `\Twiddle.\wn_re[113]' from process `\Twiddle.$proc$../third_party/r22sdf/Twiddle128.v:152$330'.
No latch inferred for signal `\Twiddle.\wn_im[112]' from process `\Twiddle.$proc$../third_party/r22sdf/Twiddle128.v:151$329'.
No latch inferred for signal `\Twiddle.\wn_re[112]' from process `\Twiddle.$proc$../third_party/r22sdf/Twiddle128.v:151$328'.
No latch inferred for signal `\Twiddle.\wn_im[111]' from process `\Twiddle.$proc$../third_party/r22sdf/Twiddle128.v:150$327'.
No latch inferred for signal `\Twiddle.\wn_re[111]' from process `\Twiddle.$proc$../third_party/r22sdf/Twiddle128.v:150$326'.
No latch inferred for signal `\Twiddle.\wn_im[110]' from process `\Twiddle.$proc$../third_party/r22sdf/Twiddle128.v:149$325'.
No latch inferred for signal `\Twiddle.\wn_re[110]' from process `\Twiddle.$proc$../third_party/r22sdf/Twiddle128.v:149$324'.
No latch inferred for signal `\Twiddle.\wn_im[109]' from process `\Twiddle.$proc$../third_party/r22sdf/Twiddle128.v:148$323'.
No latch inferred for signal `\Twiddle.\wn_re[109]' from process `\Twiddle.$proc$../third_party/r22sdf/Twiddle128.v:148$322'.
No latch inferred for signal `\Twiddle.\wn_im[108]' from process `\Twiddle.$proc$../third_party/r22sdf/Twiddle128.v:147$321'.
No latch inferred for signal `\Twiddle.\wn_re[108]' from process `\Twiddle.$proc$../third_party/r22sdf/Twiddle128.v:147$320'.
No latch inferred for signal `\Twiddle.\wn_im[107]' from process `\Twiddle.$proc$../third_party/r22sdf/Twiddle128.v:146$319'.
No latch inferred for signal `\Twiddle.\wn_re[107]' from process `\Twiddle.$proc$../third_party/r22sdf/Twiddle128.v:146$318'.
No latch inferred for signal `\Twiddle.\wn_im[106]' from process `\Twiddle.$proc$../third_party/r22sdf/Twiddle128.v:145$317'.
No latch inferred for signal `\Twiddle.\wn_re[106]' from process `\Twiddle.$proc$../third_party/r22sdf/Twiddle128.v:145$316'.
No latch inferred for signal `\Twiddle.\wn_im[105]' from process `\Twiddle.$proc$../third_party/r22sdf/Twiddle128.v:144$315'.
No latch inferred for signal `\Twiddle.\wn_re[105]' from process `\Twiddle.$proc$../third_party/r22sdf/Twiddle128.v:144$314'.
No latch inferred for signal `\Twiddle.\wn_im[104]' from process `\Twiddle.$proc$../third_party/r22sdf/Twiddle128.v:143$313'.
No latch inferred for signal `\Twiddle.\wn_re[104]' from process `\Twiddle.$proc$../third_party/r22sdf/Twiddle128.v:143$312'.
No latch inferred for signal `\Twiddle.\wn_im[103]' from process `\Twiddle.$proc$../third_party/r22sdf/Twiddle128.v:142$311'.
No latch inferred for signal `\Twiddle.\wn_re[103]' from process `\Twiddle.$proc$../third_party/r22sdf/Twiddle128.v:142$310'.
No latch inferred for signal `\Twiddle.\wn_im[102]' from process `\Twiddle.$proc$../third_party/r22sdf/Twiddle128.v:141$309'.
No latch inferred for signal `\Twiddle.\wn_re[102]' from process `\Twiddle.$proc$../third_party/r22sdf/Twiddle128.v:141$308'.
No latch inferred for signal `\Twiddle.\wn_im[101]' from process `\Twiddle.$proc$../third_party/r22sdf/Twiddle128.v:140$307'.
No latch inferred for signal `\Twiddle.\wn_re[101]' from process `\Twiddle.$proc$../third_party/r22sdf/Twiddle128.v:140$306'.
No latch inferred for signal `\Twiddle.\wn_im[100]' from process `\Twiddle.$proc$../third_party/r22sdf/Twiddle128.v:139$305'.
No latch inferred for signal `\Twiddle.\wn_re[100]' from process `\Twiddle.$proc$../third_party/r22sdf/Twiddle128.v:139$304'.
No latch inferred for signal `\Twiddle.\wn_im[99]' from process `\Twiddle.$proc$../third_party/r22sdf/Twiddle128.v:138$303'.
No latch inferred for signal `\Twiddle.\wn_re[99]' from process `\Twiddle.$proc$../third_party/r22sdf/Twiddle128.v:138$302'.
No latch inferred for signal `\Twiddle.\wn_im[98]' from process `\Twiddle.$proc$../third_party/r22sdf/Twiddle128.v:137$301'.
No latch inferred for signal `\Twiddle.\wn_re[98]' from process `\Twiddle.$proc$../third_party/r22sdf/Twiddle128.v:137$300'.
No latch inferred for signal `\Twiddle.\wn_im[97]' from process `\Twiddle.$proc$../third_party/r22sdf/Twiddle128.v:136$299'.
No latch inferred for signal `\Twiddle.\wn_re[97]' from process `\Twiddle.$proc$../third_party/r22sdf/Twiddle128.v:136$298'.
No latch inferred for signal `\Twiddle.\wn_im[96]' from process `\Twiddle.$proc$../third_party/r22sdf/Twiddle128.v:135$297'.
No latch inferred for signal `\Twiddle.\wn_re[96]' from process `\Twiddle.$proc$../third_party/r22sdf/Twiddle128.v:135$296'.
No latch inferred for signal `\Twiddle.\wn_im[95]' from process `\Twiddle.$proc$../third_party/r22sdf/Twiddle128.v:134$295'.
No latch inferred for signal `\Twiddle.\wn_re[95]' from process `\Twiddle.$proc$../third_party/r22sdf/Twiddle128.v:134$294'.
No latch inferred for signal `\Twiddle.\wn_im[94]' from process `\Twiddle.$proc$../third_party/r22sdf/Twiddle128.v:133$293'.
No latch inferred for signal `\Twiddle.\wn_re[94]' from process `\Twiddle.$proc$../third_party/r22sdf/Twiddle128.v:133$292'.
No latch inferred for signal `\Twiddle.\wn_im[93]' from process `\Twiddle.$proc$../third_party/r22sdf/Twiddle128.v:132$291'.
No latch inferred for signal `\Twiddle.\wn_re[93]' from process `\Twiddle.$proc$../third_party/r22sdf/Twiddle128.v:132$290'.
No latch inferred for signal `\Twiddle.\wn_im[92]' from process `\Twiddle.$proc$../third_party/r22sdf/Twiddle128.v:131$289'.
No latch inferred for signal `\Twiddle.\wn_re[92]' from process `\Twiddle.$proc$../third_party/r22sdf/Twiddle128.v:131$288'.
No latch inferred for signal `\Twiddle.\wn_im[91]' from process `\Twiddle.$proc$../third_party/r22sdf/Twiddle128.v:130$287'.
No latch inferred for signal `\Twiddle.\wn_re[91]' from process `\Twiddle.$proc$../third_party/r22sdf/Twiddle128.v:130$286'.
No latch inferred for signal `\Twiddle.\wn_im[90]' from process `\Twiddle.$proc$../third_party/r22sdf/Twiddle128.v:129$285'.
No latch inferred for signal `\Twiddle.\wn_re[90]' from process `\Twiddle.$proc$../third_party/r22sdf/Twiddle128.v:129$284'.
No latch inferred for signal `\Twiddle.\wn_im[89]' from process `\Twiddle.$proc$../third_party/r22sdf/Twiddle128.v:128$283'.
No latch inferred for signal `\Twiddle.\wn_re[89]' from process `\Twiddle.$proc$../third_party/r22sdf/Twiddle128.v:128$282'.
No latch inferred for signal `\Twiddle.\wn_im[88]' from process `\Twiddle.$proc$../third_party/r22sdf/Twiddle128.v:127$281'.
No latch inferred for signal `\Twiddle.\wn_re[88]' from process `\Twiddle.$proc$../third_party/r22sdf/Twiddle128.v:127$280'.
No latch inferred for signal `\Twiddle.\wn_im[87]' from process `\Twiddle.$proc$../third_party/r22sdf/Twiddle128.v:126$279'.
No latch inferred for signal `\Twiddle.\wn_re[87]' from process `\Twiddle.$proc$../third_party/r22sdf/Twiddle128.v:126$278'.
No latch inferred for signal `\Twiddle.\wn_im[86]' from process `\Twiddle.$proc$../third_party/r22sdf/Twiddle128.v:125$277'.
No latch inferred for signal `\Twiddle.\wn_re[86]' from process `\Twiddle.$proc$../third_party/r22sdf/Twiddle128.v:125$276'.
No latch inferred for signal `\Twiddle.\wn_im[85]' from process `\Twiddle.$proc$../third_party/r22sdf/Twiddle128.v:124$275'.
No latch inferred for signal `\Twiddle.\wn_re[85]' from process `\Twiddle.$proc$../third_party/r22sdf/Twiddle128.v:124$274'.
No latch inferred for signal `\Twiddle.\wn_im[84]' from process `\Twiddle.$proc$../third_party/r22sdf/Twiddle128.v:123$273'.
No latch inferred for signal `\Twiddle.\wn_re[84]' from process `\Twiddle.$proc$../third_party/r22sdf/Twiddle128.v:123$272'.
No latch inferred for signal `\Twiddle.\wn_im[83]' from process `\Twiddle.$proc$../third_party/r22sdf/Twiddle128.v:122$271'.
No latch inferred for signal `\Twiddle.\wn_re[83]' from process `\Twiddle.$proc$../third_party/r22sdf/Twiddle128.v:122$270'.
No latch inferred for signal `\Twiddle.\wn_im[82]' from process `\Twiddle.$proc$../third_party/r22sdf/Twiddle128.v:121$269'.
No latch inferred for signal `\Twiddle.\wn_re[82]' from process `\Twiddle.$proc$../third_party/r22sdf/Twiddle128.v:121$268'.
No latch inferred for signal `\Twiddle.\wn_im[81]' from process `\Twiddle.$proc$../third_party/r22sdf/Twiddle128.v:120$267'.
No latch inferred for signal `\Twiddle.\wn_re[81]' from process `\Twiddle.$proc$../third_party/r22sdf/Twiddle128.v:120$266'.
No latch inferred for signal `\Twiddle.\wn_im[80]' from process `\Twiddle.$proc$../third_party/r22sdf/Twiddle128.v:119$265'.
No latch inferred for signal `\Twiddle.\wn_re[80]' from process `\Twiddle.$proc$../third_party/r22sdf/Twiddle128.v:119$264'.
No latch inferred for signal `\Twiddle.\wn_im[79]' from process `\Twiddle.$proc$../third_party/r22sdf/Twiddle128.v:118$263'.
No latch inferred for signal `\Twiddle.\wn_re[79]' from process `\Twiddle.$proc$../third_party/r22sdf/Twiddle128.v:118$262'.
No latch inferred for signal `\Twiddle.\wn_im[78]' from process `\Twiddle.$proc$../third_party/r22sdf/Twiddle128.v:117$261'.
No latch inferred for signal `\Twiddle.\wn_re[78]' from process `\Twiddle.$proc$../third_party/r22sdf/Twiddle128.v:117$260'.
No latch inferred for signal `\Twiddle.\wn_im[77]' from process `\Twiddle.$proc$../third_party/r22sdf/Twiddle128.v:116$259'.
No latch inferred for signal `\Twiddle.\wn_re[77]' from process `\Twiddle.$proc$../third_party/r22sdf/Twiddle128.v:116$258'.
No latch inferred for signal `\Twiddle.\wn_im[76]' from process `\Twiddle.$proc$../third_party/r22sdf/Twiddle128.v:115$257'.
No latch inferred for signal `\Twiddle.\wn_re[76]' from process `\Twiddle.$proc$../third_party/r22sdf/Twiddle128.v:115$256'.
No latch inferred for signal `\Twiddle.\wn_im[75]' from process `\Twiddle.$proc$../third_party/r22sdf/Twiddle128.v:114$255'.
No latch inferred for signal `\Twiddle.\wn_re[75]' from process `\Twiddle.$proc$../third_party/r22sdf/Twiddle128.v:114$254'.
No latch inferred for signal `\Twiddle.\wn_im[74]' from process `\Twiddle.$proc$../third_party/r22sdf/Twiddle128.v:113$253'.
No latch inferred for signal `\Twiddle.\wn_re[74]' from process `\Twiddle.$proc$../third_party/r22sdf/Twiddle128.v:113$252'.
No latch inferred for signal `\Twiddle.\wn_im[73]' from process `\Twiddle.$proc$../third_party/r22sdf/Twiddle128.v:112$251'.
No latch inferred for signal `\Twiddle.\wn_re[73]' from process `\Twiddle.$proc$../third_party/r22sdf/Twiddle128.v:112$250'.
No latch inferred for signal `\Twiddle.\wn_im[72]' from process `\Twiddle.$proc$../third_party/r22sdf/Twiddle128.v:111$249'.
No latch inferred for signal `\Twiddle.\wn_re[72]' from process `\Twiddle.$proc$../third_party/r22sdf/Twiddle128.v:111$248'.
No latch inferred for signal `\Twiddle.\wn_im[71]' from process `\Twiddle.$proc$../third_party/r22sdf/Twiddle128.v:110$247'.
No latch inferred for signal `\Twiddle.\wn_re[71]' from process `\Twiddle.$proc$../third_party/r22sdf/Twiddle128.v:110$246'.
No latch inferred for signal `\Twiddle.\wn_im[70]' from process `\Twiddle.$proc$../third_party/r22sdf/Twiddle128.v:109$245'.
No latch inferred for signal `\Twiddle.\wn_re[70]' from process `\Twiddle.$proc$../third_party/r22sdf/Twiddle128.v:109$244'.
No latch inferred for signal `\Twiddle.\wn_im[69]' from process `\Twiddle.$proc$../third_party/r22sdf/Twiddle128.v:108$243'.
No latch inferred for signal `\Twiddle.\wn_re[69]' from process `\Twiddle.$proc$../third_party/r22sdf/Twiddle128.v:108$242'.
No latch inferred for signal `\Twiddle.\wn_im[68]' from process `\Twiddle.$proc$../third_party/r22sdf/Twiddle128.v:107$241'.
No latch inferred for signal `\Twiddle.\wn_re[68]' from process `\Twiddle.$proc$../third_party/r22sdf/Twiddle128.v:107$240'.
No latch inferred for signal `\Twiddle.\wn_im[67]' from process `\Twiddle.$proc$../third_party/r22sdf/Twiddle128.v:106$239'.
No latch inferred for signal `\Twiddle.\wn_re[67]' from process `\Twiddle.$proc$../third_party/r22sdf/Twiddle128.v:106$238'.
No latch inferred for signal `\Twiddle.\wn_im[66]' from process `\Twiddle.$proc$../third_party/r22sdf/Twiddle128.v:105$237'.
No latch inferred for signal `\Twiddle.\wn_re[66]' from process `\Twiddle.$proc$../third_party/r22sdf/Twiddle128.v:105$236'.
No latch inferred for signal `\Twiddle.\wn_im[65]' from process `\Twiddle.$proc$../third_party/r22sdf/Twiddle128.v:104$235'.
No latch inferred for signal `\Twiddle.\wn_re[65]' from process `\Twiddle.$proc$../third_party/r22sdf/Twiddle128.v:104$234'.
No latch inferred for signal `\Twiddle.\wn_im[64]' from process `\Twiddle.$proc$../third_party/r22sdf/Twiddle128.v:103$233'.
No latch inferred for signal `\Twiddle.\wn_re[64]' from process `\Twiddle.$proc$../third_party/r22sdf/Twiddle128.v:103$232'.
No latch inferred for signal `\Twiddle.\wn_im[63]' from process `\Twiddle.$proc$../third_party/r22sdf/Twiddle128.v:102$231'.
No latch inferred for signal `\Twiddle.\wn_re[63]' from process `\Twiddle.$proc$../third_party/r22sdf/Twiddle128.v:102$230'.
No latch inferred for signal `\Twiddle.\wn_im[62]' from process `\Twiddle.$proc$../third_party/r22sdf/Twiddle128.v:101$229'.
No latch inferred for signal `\Twiddle.\wn_re[62]' from process `\Twiddle.$proc$../third_party/r22sdf/Twiddle128.v:101$228'.
No latch inferred for signal `\Twiddle.\wn_im[61]' from process `\Twiddle.$proc$../third_party/r22sdf/Twiddle128.v:100$227'.
No latch inferred for signal `\Twiddle.\wn_re[61]' from process `\Twiddle.$proc$../third_party/r22sdf/Twiddle128.v:100$226'.
No latch inferred for signal `\Twiddle.\wn_im[60]' from process `\Twiddle.$proc$../third_party/r22sdf/Twiddle128.v:99$225'.
No latch inferred for signal `\Twiddle.\wn_re[60]' from process `\Twiddle.$proc$../third_party/r22sdf/Twiddle128.v:99$224'.
No latch inferred for signal `\Twiddle.\wn_im[59]' from process `\Twiddle.$proc$../third_party/r22sdf/Twiddle128.v:98$223'.
No latch inferred for signal `\Twiddle.\wn_re[59]' from process `\Twiddle.$proc$../third_party/r22sdf/Twiddle128.v:98$222'.
No latch inferred for signal `\Twiddle.\wn_im[58]' from process `\Twiddle.$proc$../third_party/r22sdf/Twiddle128.v:97$221'.
No latch inferred for signal `\Twiddle.\wn_re[58]' from process `\Twiddle.$proc$../third_party/r22sdf/Twiddle128.v:97$220'.
No latch inferred for signal `\Twiddle.\wn_im[57]' from process `\Twiddle.$proc$../third_party/r22sdf/Twiddle128.v:96$219'.
No latch inferred for signal `\Twiddle.\wn_re[57]' from process `\Twiddle.$proc$../third_party/r22sdf/Twiddle128.v:96$218'.
No latch inferred for signal `\Twiddle.\wn_im[56]' from process `\Twiddle.$proc$../third_party/r22sdf/Twiddle128.v:95$217'.
No latch inferred for signal `\Twiddle.\wn_re[56]' from process `\Twiddle.$proc$../third_party/r22sdf/Twiddle128.v:95$216'.
No latch inferred for signal `\Twiddle.\wn_im[55]' from process `\Twiddle.$proc$../third_party/r22sdf/Twiddle128.v:94$215'.
No latch inferred for signal `\Twiddle.\wn_re[55]' from process `\Twiddle.$proc$../third_party/r22sdf/Twiddle128.v:94$214'.
No latch inferred for signal `\Twiddle.\wn_im[54]' from process `\Twiddle.$proc$../third_party/r22sdf/Twiddle128.v:93$213'.
No latch inferred for signal `\Twiddle.\wn_re[54]' from process `\Twiddle.$proc$../third_party/r22sdf/Twiddle128.v:93$212'.
No latch inferred for signal `\Twiddle.\wn_im[53]' from process `\Twiddle.$proc$../third_party/r22sdf/Twiddle128.v:92$211'.
No latch inferred for signal `\Twiddle.\wn_re[53]' from process `\Twiddle.$proc$../third_party/r22sdf/Twiddle128.v:92$210'.
No latch inferred for signal `\Twiddle.\wn_im[52]' from process `\Twiddle.$proc$../third_party/r22sdf/Twiddle128.v:91$209'.
No latch inferred for signal `\Twiddle.\wn_re[52]' from process `\Twiddle.$proc$../third_party/r22sdf/Twiddle128.v:91$208'.
No latch inferred for signal `\Twiddle.\wn_im[51]' from process `\Twiddle.$proc$../third_party/r22sdf/Twiddle128.v:90$207'.
No latch inferred for signal `\Twiddle.\wn_re[51]' from process `\Twiddle.$proc$../third_party/r22sdf/Twiddle128.v:90$206'.
No latch inferred for signal `\Twiddle.\wn_im[50]' from process `\Twiddle.$proc$../third_party/r22sdf/Twiddle128.v:89$205'.
No latch inferred for signal `\Twiddle.\wn_re[50]' from process `\Twiddle.$proc$../third_party/r22sdf/Twiddle128.v:89$204'.
No latch inferred for signal `\Twiddle.\wn_im[49]' from process `\Twiddle.$proc$../third_party/r22sdf/Twiddle128.v:88$203'.
No latch inferred for signal `\Twiddle.\wn_re[49]' from process `\Twiddle.$proc$../third_party/r22sdf/Twiddle128.v:88$202'.
No latch inferred for signal `\Twiddle.\wn_im[48]' from process `\Twiddle.$proc$../third_party/r22sdf/Twiddle128.v:87$201'.
No latch inferred for signal `\Twiddle.\wn_re[48]' from process `\Twiddle.$proc$../third_party/r22sdf/Twiddle128.v:87$200'.
No latch inferred for signal `\Twiddle.\wn_im[47]' from process `\Twiddle.$proc$../third_party/r22sdf/Twiddle128.v:86$199'.
No latch inferred for signal `\Twiddle.\wn_re[47]' from process `\Twiddle.$proc$../third_party/r22sdf/Twiddle128.v:86$198'.
No latch inferred for signal `\Twiddle.\wn_im[46]' from process `\Twiddle.$proc$../third_party/r22sdf/Twiddle128.v:85$197'.
No latch inferred for signal `\Twiddle.\wn_re[46]' from process `\Twiddle.$proc$../third_party/r22sdf/Twiddle128.v:85$196'.
No latch inferred for signal `\Twiddle.\wn_im[45]' from process `\Twiddle.$proc$../third_party/r22sdf/Twiddle128.v:84$195'.
No latch inferred for signal `\Twiddle.\wn_re[45]' from process `\Twiddle.$proc$../third_party/r22sdf/Twiddle128.v:84$194'.
No latch inferred for signal `\Twiddle.\wn_im[44]' from process `\Twiddle.$proc$../third_party/r22sdf/Twiddle128.v:83$193'.
No latch inferred for signal `\Twiddle.\wn_re[44]' from process `\Twiddle.$proc$../third_party/r22sdf/Twiddle128.v:83$192'.
No latch inferred for signal `\Twiddle.\wn_im[43]' from process `\Twiddle.$proc$../third_party/r22sdf/Twiddle128.v:82$191'.
No latch inferred for signal `\Twiddle.\wn_re[43]' from process `\Twiddle.$proc$../third_party/r22sdf/Twiddle128.v:82$190'.
No latch inferred for signal `\Twiddle.\wn_im[42]' from process `\Twiddle.$proc$../third_party/r22sdf/Twiddle128.v:81$189'.
No latch inferred for signal `\Twiddle.\wn_re[42]' from process `\Twiddle.$proc$../third_party/r22sdf/Twiddle128.v:81$188'.
No latch inferred for signal `\Twiddle.\wn_im[41]' from process `\Twiddle.$proc$../third_party/r22sdf/Twiddle128.v:80$187'.
No latch inferred for signal `\Twiddle.\wn_re[41]' from process `\Twiddle.$proc$../third_party/r22sdf/Twiddle128.v:80$186'.
No latch inferred for signal `\Twiddle.\wn_im[40]' from process `\Twiddle.$proc$../third_party/r22sdf/Twiddle128.v:79$185'.
No latch inferred for signal `\Twiddle.\wn_re[40]' from process `\Twiddle.$proc$../third_party/r22sdf/Twiddle128.v:79$184'.
No latch inferred for signal `\Twiddle.\wn_im[39]' from process `\Twiddle.$proc$../third_party/r22sdf/Twiddle128.v:78$183'.
No latch inferred for signal `\Twiddle.\wn_re[39]' from process `\Twiddle.$proc$../third_party/r22sdf/Twiddle128.v:78$182'.
No latch inferred for signal `\Twiddle.\wn_im[38]' from process `\Twiddle.$proc$../third_party/r22sdf/Twiddle128.v:77$181'.
No latch inferred for signal `\Twiddle.\wn_re[38]' from process `\Twiddle.$proc$../third_party/r22sdf/Twiddle128.v:77$180'.
No latch inferred for signal `\Twiddle.\wn_im[37]' from process `\Twiddle.$proc$../third_party/r22sdf/Twiddle128.v:76$179'.
No latch inferred for signal `\Twiddle.\wn_re[37]' from process `\Twiddle.$proc$../third_party/r22sdf/Twiddle128.v:76$178'.
No latch inferred for signal `\Twiddle.\wn_im[36]' from process `\Twiddle.$proc$../third_party/r22sdf/Twiddle128.v:75$177'.
No latch inferred for signal `\Twiddle.\wn_re[36]' from process `\Twiddle.$proc$../third_party/r22sdf/Twiddle128.v:75$176'.
No latch inferred for signal `\Twiddle.\wn_im[35]' from process `\Twiddle.$proc$../third_party/r22sdf/Twiddle128.v:74$175'.
No latch inferred for signal `\Twiddle.\wn_re[35]' from process `\Twiddle.$proc$../third_party/r22sdf/Twiddle128.v:74$174'.
No latch inferred for signal `\Twiddle.\wn_im[34]' from process `\Twiddle.$proc$../third_party/r22sdf/Twiddle128.v:73$173'.
No latch inferred for signal `\Twiddle.\wn_re[34]' from process `\Twiddle.$proc$../third_party/r22sdf/Twiddle128.v:73$172'.
No latch inferred for signal `\Twiddle.\wn_im[33]' from process `\Twiddle.$proc$../third_party/r22sdf/Twiddle128.v:72$171'.
No latch inferred for signal `\Twiddle.\wn_re[33]' from process `\Twiddle.$proc$../third_party/r22sdf/Twiddle128.v:72$170'.
No latch inferred for signal `\Twiddle.\wn_im[32]' from process `\Twiddle.$proc$../third_party/r22sdf/Twiddle128.v:71$169'.
No latch inferred for signal `\Twiddle.\wn_re[32]' from process `\Twiddle.$proc$../third_party/r22sdf/Twiddle128.v:71$168'.
No latch inferred for signal `\Twiddle.\wn_im[31]' from process `\Twiddle.$proc$../third_party/r22sdf/Twiddle128.v:70$167'.
No latch inferred for signal `\Twiddle.\wn_re[31]' from process `\Twiddle.$proc$../third_party/r22sdf/Twiddle128.v:70$166'.
No latch inferred for signal `\Twiddle.\wn_im[30]' from process `\Twiddle.$proc$../third_party/r22sdf/Twiddle128.v:69$165'.
No latch inferred for signal `\Twiddle.\wn_re[30]' from process `\Twiddle.$proc$../third_party/r22sdf/Twiddle128.v:69$164'.
No latch inferred for signal `\Twiddle.\wn_im[29]' from process `\Twiddle.$proc$../third_party/r22sdf/Twiddle128.v:68$163'.
No latch inferred for signal `\Twiddle.\wn_re[29]' from process `\Twiddle.$proc$../third_party/r22sdf/Twiddle128.v:68$162'.
No latch inferred for signal `\Twiddle.\wn_im[28]' from process `\Twiddle.$proc$../third_party/r22sdf/Twiddle128.v:67$161'.
No latch inferred for signal `\Twiddle.\wn_re[28]' from process `\Twiddle.$proc$../third_party/r22sdf/Twiddle128.v:67$160'.
No latch inferred for signal `\Twiddle.\wn_im[27]' from process `\Twiddle.$proc$../third_party/r22sdf/Twiddle128.v:66$159'.
No latch inferred for signal `\Twiddle.\wn_re[27]' from process `\Twiddle.$proc$../third_party/r22sdf/Twiddle128.v:66$158'.
No latch inferred for signal `\Twiddle.\wn_im[26]' from process `\Twiddle.$proc$../third_party/r22sdf/Twiddle128.v:65$157'.
No latch inferred for signal `\Twiddle.\wn_re[26]' from process `\Twiddle.$proc$../third_party/r22sdf/Twiddle128.v:65$156'.
No latch inferred for signal `\Twiddle.\wn_im[25]' from process `\Twiddle.$proc$../third_party/r22sdf/Twiddle128.v:64$155'.
No latch inferred for signal `\Twiddle.\wn_re[25]' from process `\Twiddle.$proc$../third_party/r22sdf/Twiddle128.v:64$154'.
No latch inferred for signal `\Twiddle.\wn_im[24]' from process `\Twiddle.$proc$../third_party/r22sdf/Twiddle128.v:63$153'.
No latch inferred for signal `\Twiddle.\wn_re[24]' from process `\Twiddle.$proc$../third_party/r22sdf/Twiddle128.v:63$152'.
No latch inferred for signal `\Twiddle.\wn_im[23]' from process `\Twiddle.$proc$../third_party/r22sdf/Twiddle128.v:62$151'.
No latch inferred for signal `\Twiddle.\wn_re[23]' from process `\Twiddle.$proc$../third_party/r22sdf/Twiddle128.v:62$150'.
No latch inferred for signal `\Twiddle.\wn_im[22]' from process `\Twiddle.$proc$../third_party/r22sdf/Twiddle128.v:61$149'.
No latch inferred for signal `\Twiddle.\wn_re[22]' from process `\Twiddle.$proc$../third_party/r22sdf/Twiddle128.v:61$148'.
No latch inferred for signal `\Twiddle.\wn_im[21]' from process `\Twiddle.$proc$../third_party/r22sdf/Twiddle128.v:60$147'.
No latch inferred for signal `\Twiddle.\wn_re[21]' from process `\Twiddle.$proc$../third_party/r22sdf/Twiddle128.v:60$146'.
No latch inferred for signal `\Twiddle.\wn_im[20]' from process `\Twiddle.$proc$../third_party/r22sdf/Twiddle128.v:59$145'.
No latch inferred for signal `\Twiddle.\wn_re[20]' from process `\Twiddle.$proc$../third_party/r22sdf/Twiddle128.v:59$144'.
No latch inferred for signal `\Twiddle.\wn_im[19]' from process `\Twiddle.$proc$../third_party/r22sdf/Twiddle128.v:58$143'.
No latch inferred for signal `\Twiddle.\wn_re[19]' from process `\Twiddle.$proc$../third_party/r22sdf/Twiddle128.v:58$142'.
No latch inferred for signal `\Twiddle.\wn_im[18]' from process `\Twiddle.$proc$../third_party/r22sdf/Twiddle128.v:57$141'.
No latch inferred for signal `\Twiddle.\wn_re[18]' from process `\Twiddle.$proc$../third_party/r22sdf/Twiddle128.v:57$140'.
No latch inferred for signal `\Twiddle.\wn_im[17]' from process `\Twiddle.$proc$../third_party/r22sdf/Twiddle128.v:56$139'.
No latch inferred for signal `\Twiddle.\wn_re[17]' from process `\Twiddle.$proc$../third_party/r22sdf/Twiddle128.v:56$138'.
No latch inferred for signal `\Twiddle.\wn_im[16]' from process `\Twiddle.$proc$../third_party/r22sdf/Twiddle128.v:55$137'.
No latch inferred for signal `\Twiddle.\wn_re[16]' from process `\Twiddle.$proc$../third_party/r22sdf/Twiddle128.v:55$136'.
No latch inferred for signal `\Twiddle.\wn_im[15]' from process `\Twiddle.$proc$../third_party/r22sdf/Twiddle128.v:54$135'.
No latch inferred for signal `\Twiddle.\wn_re[15]' from process `\Twiddle.$proc$../third_party/r22sdf/Twiddle128.v:54$134'.
No latch inferred for signal `\Twiddle.\wn_im[14]' from process `\Twiddle.$proc$../third_party/r22sdf/Twiddle128.v:53$133'.
No latch inferred for signal `\Twiddle.\wn_re[14]' from process `\Twiddle.$proc$../third_party/r22sdf/Twiddle128.v:53$132'.
No latch inferred for signal `\Twiddle.\wn_im[13]' from process `\Twiddle.$proc$../third_party/r22sdf/Twiddle128.v:52$131'.
No latch inferred for signal `\Twiddle.\wn_re[13]' from process `\Twiddle.$proc$../third_party/r22sdf/Twiddle128.v:52$130'.
No latch inferred for signal `\Twiddle.\wn_im[12]' from process `\Twiddle.$proc$../third_party/r22sdf/Twiddle128.v:51$129'.
No latch inferred for signal `\Twiddle.\wn_re[12]' from process `\Twiddle.$proc$../third_party/r22sdf/Twiddle128.v:51$128'.
No latch inferred for signal `\Twiddle.\wn_im[11]' from process `\Twiddle.$proc$../third_party/r22sdf/Twiddle128.v:50$127'.
No latch inferred for signal `\Twiddle.\wn_re[11]' from process `\Twiddle.$proc$../third_party/r22sdf/Twiddle128.v:50$126'.
No latch inferred for signal `\Twiddle.\wn_im[10]' from process `\Twiddle.$proc$../third_party/r22sdf/Twiddle128.v:49$125'.
No latch inferred for signal `\Twiddle.\wn_re[10]' from process `\Twiddle.$proc$../third_party/r22sdf/Twiddle128.v:49$124'.
No latch inferred for signal `\Twiddle.\wn_im[9]' from process `\Twiddle.$proc$../third_party/r22sdf/Twiddle128.v:48$123'.
No latch inferred for signal `\Twiddle.\wn_re[9]' from process `\Twiddle.$proc$../third_party/r22sdf/Twiddle128.v:48$122'.
No latch inferred for signal `\Twiddle.\wn_im[8]' from process `\Twiddle.$proc$../third_party/r22sdf/Twiddle128.v:47$121'.
No latch inferred for signal `\Twiddle.\wn_re[8]' from process `\Twiddle.$proc$../third_party/r22sdf/Twiddle128.v:47$120'.
No latch inferred for signal `\Twiddle.\wn_im[7]' from process `\Twiddle.$proc$../third_party/r22sdf/Twiddle128.v:46$119'.
No latch inferred for signal `\Twiddle.\wn_re[7]' from process `\Twiddle.$proc$../third_party/r22sdf/Twiddle128.v:46$118'.
No latch inferred for signal `\Twiddle.\wn_im[6]' from process `\Twiddle.$proc$../third_party/r22sdf/Twiddle128.v:45$117'.
No latch inferred for signal `\Twiddle.\wn_re[6]' from process `\Twiddle.$proc$../third_party/r22sdf/Twiddle128.v:45$116'.
No latch inferred for signal `\Twiddle.\wn_im[5]' from process `\Twiddle.$proc$../third_party/r22sdf/Twiddle128.v:44$115'.
No latch inferred for signal `\Twiddle.\wn_re[5]' from process `\Twiddle.$proc$../third_party/r22sdf/Twiddle128.v:44$114'.
No latch inferred for signal `\Twiddle.\wn_im[4]' from process `\Twiddle.$proc$../third_party/r22sdf/Twiddle128.v:43$113'.
No latch inferred for signal `\Twiddle.\wn_re[4]' from process `\Twiddle.$proc$../third_party/r22sdf/Twiddle128.v:43$112'.
No latch inferred for signal `\Twiddle.\wn_im[3]' from process `\Twiddle.$proc$../third_party/r22sdf/Twiddle128.v:42$111'.
No latch inferred for signal `\Twiddle.\wn_re[3]' from process `\Twiddle.$proc$../third_party/r22sdf/Twiddle128.v:42$110'.
No latch inferred for signal `\Twiddle.\wn_im[2]' from process `\Twiddle.$proc$../third_party/r22sdf/Twiddle128.v:41$109'.
No latch inferred for signal `\Twiddle.\wn_re[2]' from process `\Twiddle.$proc$../third_party/r22sdf/Twiddle128.v:41$108'.
No latch inferred for signal `\Twiddle.\wn_im[1]' from process `\Twiddle.$proc$../third_party/r22sdf/Twiddle128.v:40$107'.
No latch inferred for signal `\Twiddle.\wn_re[1]' from process `\Twiddle.$proc$../third_party/r22sdf/Twiddle128.v:40$106'.
No latch inferred for signal `\Twiddle.\wn_im[0]' from process `\Twiddle.$proc$../third_party/r22sdf/Twiddle128.v:39$105'.
No latch inferred for signal `\Twiddle.\wn_re[0]' from process `\Twiddle.$proc$../third_party/r22sdf/Twiddle128.v:39$104'.
No latch inferred for signal `\Twiddle.$mem2reg_rd$\wn_im$../third_party/r22sdf/Twiddle128.v:21$96_DATA' from process `\Twiddle.$proc$../third_party/r22sdf/Twiddle128.v:21$101'.
No latch inferred for signal `\Twiddle.$mem2reg_rd$\wn_re$../third_party/r22sdf/Twiddle128.v:20$95_DATA' from process `\Twiddle.$proc$../third_party/r22sdf/Twiddle128.v:20$98'.

11.2.9. Executing PROC_DFF pass (convert process syncs to FFs).
Creating register for signal `$paramod$468b6055748c1a70021cd219779b5d26906274a5\DelayBuffer.\n' using process `$paramod$468b6055748c1a70021cd219779b5d26906274a5\DelayBuffer.$proc$../third_party/r22sdf/DelayBuffer.v:20$561'.
  created $dff cell `$procdff$837' with positive edge clock.
Creating register for signal `$paramod$468b6055748c1a70021cd219779b5d26906274a5\DelayBuffer.\buf_re[0]' using process `$paramod$468b6055748c1a70021cd219779b5d26906274a5\DelayBuffer.$proc$../third_party/r22sdf/DelayBuffer.v:20$561'.
  created $dff cell `$procdff$838' with positive edge clock.
Creating register for signal `$paramod$468b6055748c1a70021cd219779b5d26906274a5\DelayBuffer.\buf_re[1]' using process `$paramod$468b6055748c1a70021cd219779b5d26906274a5\DelayBuffer.$proc$../third_party/r22sdf/DelayBuffer.v:20$561'.
  created $dff cell `$procdff$839' with positive edge clock.
Creating register for signal `$paramod$468b6055748c1a70021cd219779b5d26906274a5\DelayBuffer.\buf_re[2]' using process `$paramod$468b6055748c1a70021cd219779b5d26906274a5\DelayBuffer.$proc$../third_party/r22sdf/DelayBuffer.v:20$561'.
  created $dff cell `$procdff$840' with positive edge clock.
Creating register for signal `$paramod$468b6055748c1a70021cd219779b5d26906274a5\DelayBuffer.\buf_re[3]' using process `$paramod$468b6055748c1a70021cd219779b5d26906274a5\DelayBuffer.$proc$../third_party/r22sdf/DelayBuffer.v:20$561'.
  created $dff cell `$procdff$841' with positive edge clock.
Creating register for signal `$paramod$468b6055748c1a70021cd219779b5d26906274a5\DelayBuffer.\buf_re[4]' using process `$paramod$468b6055748c1a70021cd219779b5d26906274a5\DelayBuffer.$proc$../third_party/r22sdf/DelayBuffer.v:20$561'.
  created $dff cell `$procdff$842' with positive edge clock.
Creating register for signal `$paramod$468b6055748c1a70021cd219779b5d26906274a5\DelayBuffer.\buf_re[5]' using process `$paramod$468b6055748c1a70021cd219779b5d26906274a5\DelayBuffer.$proc$../third_party/r22sdf/DelayBuffer.v:20$561'.
  created $dff cell `$procdff$843' with positive edge clock.
Creating register for signal `$paramod$468b6055748c1a70021cd219779b5d26906274a5\DelayBuffer.\buf_re[6]' using process `$paramod$468b6055748c1a70021cd219779b5d26906274a5\DelayBuffer.$proc$../third_party/r22sdf/DelayBuffer.v:20$561'.
  created $dff cell `$procdff$844' with positive edge clock.
Creating register for signal `$paramod$468b6055748c1a70021cd219779b5d26906274a5\DelayBuffer.\buf_re[7]' using process `$paramod$468b6055748c1a70021cd219779b5d26906274a5\DelayBuffer.$proc$../third_party/r22sdf/DelayBuffer.v:20$561'.
  created $dff cell `$procdff$845' with positive edge clock.
Creating register for signal `$paramod$468b6055748c1a70021cd219779b5d26906274a5\DelayBuffer.\buf_re[8]' using process `$paramod$468b6055748c1a70021cd219779b5d26906274a5\DelayBuffer.$proc$../third_party/r22sdf/DelayBuffer.v:20$561'.
  created $dff cell `$procdff$846' with positive edge clock.
Creating register for signal `$paramod$468b6055748c1a70021cd219779b5d26906274a5\DelayBuffer.\buf_re[9]' using process `$paramod$468b6055748c1a70021cd219779b5d26906274a5\DelayBuffer.$proc$../third_party/r22sdf/DelayBuffer.v:20$561'.
  created $dff cell `$procdff$847' with positive edge clock.
Creating register for signal `$paramod$468b6055748c1a70021cd219779b5d26906274a5\DelayBuffer.\buf_re[10]' using process `$paramod$468b6055748c1a70021cd219779b5d26906274a5\DelayBuffer.$proc$../third_party/r22sdf/DelayBuffer.v:20$561'.
  created $dff cell `$procdff$848' with positive edge clock.
Creating register for signal `$paramod$468b6055748c1a70021cd219779b5d26906274a5\DelayBuffer.\buf_re[11]' using process `$paramod$468b6055748c1a70021cd219779b5d26906274a5\DelayBuffer.$proc$../third_party/r22sdf/DelayBuffer.v:20$561'.
  created $dff cell `$procdff$849' with positive edge clock.
Creating register for signal `$paramod$468b6055748c1a70021cd219779b5d26906274a5\DelayBuffer.\buf_re[12]' using process `$paramod$468b6055748c1a70021cd219779b5d26906274a5\DelayBuffer.$proc$../third_party/r22sdf/DelayBuffer.v:20$561'.
  created $dff cell `$procdff$850' with positive edge clock.
Creating register for signal `$paramod$468b6055748c1a70021cd219779b5d26906274a5\DelayBuffer.\buf_re[13]' using process `$paramod$468b6055748c1a70021cd219779b5d26906274a5\DelayBuffer.$proc$../third_party/r22sdf/DelayBuffer.v:20$561'.
  created $dff cell `$procdff$851' with positive edge clock.
Creating register for signal `$paramod$468b6055748c1a70021cd219779b5d26906274a5\DelayBuffer.\buf_re[14]' using process `$paramod$468b6055748c1a70021cd219779b5d26906274a5\DelayBuffer.$proc$../third_party/r22sdf/DelayBuffer.v:20$561'.
  created $dff cell `$procdff$852' with positive edge clock.
Creating register for signal `$paramod$468b6055748c1a70021cd219779b5d26906274a5\DelayBuffer.\buf_re[15]' using process `$paramod$468b6055748c1a70021cd219779b5d26906274a5\DelayBuffer.$proc$../third_party/r22sdf/DelayBuffer.v:20$561'.
  created $dff cell `$procdff$853' with positive edge clock.
Creating register for signal `$paramod$468b6055748c1a70021cd219779b5d26906274a5\DelayBuffer.\buf_re[16]' using process `$paramod$468b6055748c1a70021cd219779b5d26906274a5\DelayBuffer.$proc$../third_party/r22sdf/DelayBuffer.v:20$561'.
  created $dff cell `$procdff$854' with positive edge clock.
Creating register for signal `$paramod$468b6055748c1a70021cd219779b5d26906274a5\DelayBuffer.\buf_re[17]' using process `$paramod$468b6055748c1a70021cd219779b5d26906274a5\DelayBuffer.$proc$../third_party/r22sdf/DelayBuffer.v:20$561'.
  created $dff cell `$procdff$855' with positive edge clock.
Creating register for signal `$paramod$468b6055748c1a70021cd219779b5d26906274a5\DelayBuffer.\buf_re[18]' using process `$paramod$468b6055748c1a70021cd219779b5d26906274a5\DelayBuffer.$proc$../third_party/r22sdf/DelayBuffer.v:20$561'.
  created $dff cell `$procdff$856' with positive edge clock.
Creating register for signal `$paramod$468b6055748c1a70021cd219779b5d26906274a5\DelayBuffer.\buf_re[19]' using process `$paramod$468b6055748c1a70021cd219779b5d26906274a5\DelayBuffer.$proc$../third_party/r22sdf/DelayBuffer.v:20$561'.
  created $dff cell `$procdff$857' with positive edge clock.
Creating register for signal `$paramod$468b6055748c1a70021cd219779b5d26906274a5\DelayBuffer.\buf_re[20]' using process `$paramod$468b6055748c1a70021cd219779b5d26906274a5\DelayBuffer.$proc$../third_party/r22sdf/DelayBuffer.v:20$561'.
  created $dff cell `$procdff$858' with positive edge clock.
Creating register for signal `$paramod$468b6055748c1a70021cd219779b5d26906274a5\DelayBuffer.\buf_re[21]' using process `$paramod$468b6055748c1a70021cd219779b5d26906274a5\DelayBuffer.$proc$../third_party/r22sdf/DelayBuffer.v:20$561'.
  created $dff cell `$procdff$859' with positive edge clock.
Creating register for signal `$paramod$468b6055748c1a70021cd219779b5d26906274a5\DelayBuffer.\buf_re[22]' using process `$paramod$468b6055748c1a70021cd219779b5d26906274a5\DelayBuffer.$proc$../third_party/r22sdf/DelayBuffer.v:20$561'.
  created $dff cell `$procdff$860' with positive edge clock.
Creating register for signal `$paramod$468b6055748c1a70021cd219779b5d26906274a5\DelayBuffer.\buf_re[23]' using process `$paramod$468b6055748c1a70021cd219779b5d26906274a5\DelayBuffer.$proc$../third_party/r22sdf/DelayBuffer.v:20$561'.
  created $dff cell `$procdff$861' with positive edge clock.
Creating register for signal `$paramod$468b6055748c1a70021cd219779b5d26906274a5\DelayBuffer.\buf_re[24]' using process `$paramod$468b6055748c1a70021cd219779b5d26906274a5\DelayBuffer.$proc$../third_party/r22sdf/DelayBuffer.v:20$561'.
  created $dff cell `$procdff$862' with positive edge clock.
Creating register for signal `$paramod$468b6055748c1a70021cd219779b5d26906274a5\DelayBuffer.\buf_re[25]' using process `$paramod$468b6055748c1a70021cd219779b5d26906274a5\DelayBuffer.$proc$../third_party/r22sdf/DelayBuffer.v:20$561'.
  created $dff cell `$procdff$863' with positive edge clock.
Creating register for signal `$paramod$468b6055748c1a70021cd219779b5d26906274a5\DelayBuffer.\buf_re[26]' using process `$paramod$468b6055748c1a70021cd219779b5d26906274a5\DelayBuffer.$proc$../third_party/r22sdf/DelayBuffer.v:20$561'.
  created $dff cell `$procdff$864' with positive edge clock.
Creating register for signal `$paramod$468b6055748c1a70021cd219779b5d26906274a5\DelayBuffer.\buf_re[27]' using process `$paramod$468b6055748c1a70021cd219779b5d26906274a5\DelayBuffer.$proc$../third_party/r22sdf/DelayBuffer.v:20$561'.
  created $dff cell `$procdff$865' with positive edge clock.
Creating register for signal `$paramod$468b6055748c1a70021cd219779b5d26906274a5\DelayBuffer.\buf_re[28]' using process `$paramod$468b6055748c1a70021cd219779b5d26906274a5\DelayBuffer.$proc$../third_party/r22sdf/DelayBuffer.v:20$561'.
  created $dff cell `$procdff$866' with positive edge clock.
Creating register for signal `$paramod$468b6055748c1a70021cd219779b5d26906274a5\DelayBuffer.\buf_re[29]' using process `$paramod$468b6055748c1a70021cd219779b5d26906274a5\DelayBuffer.$proc$../third_party/r22sdf/DelayBuffer.v:20$561'.
  created $dff cell `$procdff$867' with positive edge clock.
Creating register for signal `$paramod$468b6055748c1a70021cd219779b5d26906274a5\DelayBuffer.\buf_re[30]' using process `$paramod$468b6055748c1a70021cd219779b5d26906274a5\DelayBuffer.$proc$../third_party/r22sdf/DelayBuffer.v:20$561'.
  created $dff cell `$procdff$868' with positive edge clock.
Creating register for signal `$paramod$468b6055748c1a70021cd219779b5d26906274a5\DelayBuffer.\buf_re[31]' using process `$paramod$468b6055748c1a70021cd219779b5d26906274a5\DelayBuffer.$proc$../third_party/r22sdf/DelayBuffer.v:20$561'.
  created $dff cell `$procdff$869' with positive edge clock.
Creating register for signal `$paramod$468b6055748c1a70021cd219779b5d26906274a5\DelayBuffer.\buf_im[0]' using process `$paramod$468b6055748c1a70021cd219779b5d26906274a5\DelayBuffer.$proc$../third_party/r22sdf/DelayBuffer.v:20$561'.
  created $dff cell `$procdff$870' with positive edge clock.
Creating register for signal `$paramod$468b6055748c1a70021cd219779b5d26906274a5\DelayBuffer.\buf_im[1]' using process `$paramod$468b6055748c1a70021cd219779b5d26906274a5\DelayBuffer.$proc$../third_party/r22sdf/DelayBuffer.v:20$561'.
  created $dff cell `$procdff$871' with positive edge clock.
Creating register for signal `$paramod$468b6055748c1a70021cd219779b5d26906274a5\DelayBuffer.\buf_im[2]' using process `$paramod$468b6055748c1a70021cd219779b5d26906274a5\DelayBuffer.$proc$../third_party/r22sdf/DelayBuffer.v:20$561'.
  created $dff cell `$procdff$872' with positive edge clock.
Creating register for signal `$paramod$468b6055748c1a70021cd219779b5d26906274a5\DelayBuffer.\buf_im[3]' using process `$paramod$468b6055748c1a70021cd219779b5d26906274a5\DelayBuffer.$proc$../third_party/r22sdf/DelayBuffer.v:20$561'.
  created $dff cell `$procdff$873' with positive edge clock.
Creating register for signal `$paramod$468b6055748c1a70021cd219779b5d26906274a5\DelayBuffer.\buf_im[4]' using process `$paramod$468b6055748c1a70021cd219779b5d26906274a5\DelayBuffer.$proc$../third_party/r22sdf/DelayBuffer.v:20$561'.
  created $dff cell `$procdff$874' with positive edge clock.
Creating register for signal `$paramod$468b6055748c1a70021cd219779b5d26906274a5\DelayBuffer.\buf_im[5]' using process `$paramod$468b6055748c1a70021cd219779b5d26906274a5\DelayBuffer.$proc$../third_party/r22sdf/DelayBuffer.v:20$561'.
  created $dff cell `$procdff$875' with positive edge clock.
Creating register for signal `$paramod$468b6055748c1a70021cd219779b5d26906274a5\DelayBuffer.\buf_im[6]' using process `$paramod$468b6055748c1a70021cd219779b5d26906274a5\DelayBuffer.$proc$../third_party/r22sdf/DelayBuffer.v:20$561'.
  created $dff cell `$procdff$876' with positive edge clock.
Creating register for signal `$paramod$468b6055748c1a70021cd219779b5d26906274a5\DelayBuffer.\buf_im[7]' using process `$paramod$468b6055748c1a70021cd219779b5d26906274a5\DelayBuffer.$proc$../third_party/r22sdf/DelayBuffer.v:20$561'.
  created $dff cell `$procdff$877' with positive edge clock.
Creating register for signal `$paramod$468b6055748c1a70021cd219779b5d26906274a5\DelayBuffer.\buf_im[8]' using process `$paramod$468b6055748c1a70021cd219779b5d26906274a5\DelayBuffer.$proc$../third_party/r22sdf/DelayBuffer.v:20$561'.
  created $dff cell `$procdff$878' with positive edge clock.
Creating register for signal `$paramod$468b6055748c1a70021cd219779b5d26906274a5\DelayBuffer.\buf_im[9]' using process `$paramod$468b6055748c1a70021cd219779b5d26906274a5\DelayBuffer.$proc$../third_party/r22sdf/DelayBuffer.v:20$561'.
  created $dff cell `$procdff$879' with positive edge clock.
Creating register for signal `$paramod$468b6055748c1a70021cd219779b5d26906274a5\DelayBuffer.\buf_im[10]' using process `$paramod$468b6055748c1a70021cd219779b5d26906274a5\DelayBuffer.$proc$../third_party/r22sdf/DelayBuffer.v:20$561'.
  created $dff cell `$procdff$880' with positive edge clock.
Creating register for signal `$paramod$468b6055748c1a70021cd219779b5d26906274a5\DelayBuffer.\buf_im[11]' using process `$paramod$468b6055748c1a70021cd219779b5d26906274a5\DelayBuffer.$proc$../third_party/r22sdf/DelayBuffer.v:20$561'.
  created $dff cell `$procdff$881' with positive edge clock.
Creating register for signal `$paramod$468b6055748c1a70021cd219779b5d26906274a5\DelayBuffer.\buf_im[12]' using process `$paramod$468b6055748c1a70021cd219779b5d26906274a5\DelayBuffer.$proc$../third_party/r22sdf/DelayBuffer.v:20$561'.
  created $dff cell `$procdff$882' with positive edge clock.
Creating register for signal `$paramod$468b6055748c1a70021cd219779b5d26906274a5\DelayBuffer.\buf_im[13]' using process `$paramod$468b6055748c1a70021cd219779b5d26906274a5\DelayBuffer.$proc$../third_party/r22sdf/DelayBuffer.v:20$561'.
  created $dff cell `$procdff$883' with positive edge clock.
Creating register for signal `$paramod$468b6055748c1a70021cd219779b5d26906274a5\DelayBuffer.\buf_im[14]' using process `$paramod$468b6055748c1a70021cd219779b5d26906274a5\DelayBuffer.$proc$../third_party/r22sdf/DelayBuffer.v:20$561'.
  created $dff cell `$procdff$884' with positive edge clock.
Creating register for signal `$paramod$468b6055748c1a70021cd219779b5d26906274a5\DelayBuffer.\buf_im[15]' using process `$paramod$468b6055748c1a70021cd219779b5d26906274a5\DelayBuffer.$proc$../third_party/r22sdf/DelayBuffer.v:20$561'.
  created $dff cell `$procdff$885' with positive edge clock.
Creating register for signal `$paramod$468b6055748c1a70021cd219779b5d26906274a5\DelayBuffer.\buf_im[16]' using process `$paramod$468b6055748c1a70021cd219779b5d26906274a5\DelayBuffer.$proc$../third_party/r22sdf/DelayBuffer.v:20$561'.
  created $dff cell `$procdff$886' with positive edge clock.
Creating register for signal `$paramod$468b6055748c1a70021cd219779b5d26906274a5\DelayBuffer.\buf_im[17]' using process `$paramod$468b6055748c1a70021cd219779b5d26906274a5\DelayBuffer.$proc$../third_party/r22sdf/DelayBuffer.v:20$561'.
  created $dff cell `$procdff$887' with positive edge clock.
Creating register for signal `$paramod$468b6055748c1a70021cd219779b5d26906274a5\DelayBuffer.\buf_im[18]' using process `$paramod$468b6055748c1a70021cd219779b5d26906274a5\DelayBuffer.$proc$../third_party/r22sdf/DelayBuffer.v:20$561'.
  created $dff cell `$procdff$888' with positive edge clock.
Creating register for signal `$paramod$468b6055748c1a70021cd219779b5d26906274a5\DelayBuffer.\buf_im[19]' using process `$paramod$468b6055748c1a70021cd219779b5d26906274a5\DelayBuffer.$proc$../third_party/r22sdf/DelayBuffer.v:20$561'.
  created $dff cell `$procdff$889' with positive edge clock.
Creating register for signal `$paramod$468b6055748c1a70021cd219779b5d26906274a5\DelayBuffer.\buf_im[20]' using process `$paramod$468b6055748c1a70021cd219779b5d26906274a5\DelayBuffer.$proc$../third_party/r22sdf/DelayBuffer.v:20$561'.
  created $dff cell `$procdff$890' with positive edge clock.
Creating register for signal `$paramod$468b6055748c1a70021cd219779b5d26906274a5\DelayBuffer.\buf_im[21]' using process `$paramod$468b6055748c1a70021cd219779b5d26906274a5\DelayBuffer.$proc$../third_party/r22sdf/DelayBuffer.v:20$561'.
  created $dff cell `$procdff$891' with positive edge clock.
Creating register for signal `$paramod$468b6055748c1a70021cd219779b5d26906274a5\DelayBuffer.\buf_im[22]' using process `$paramod$468b6055748c1a70021cd219779b5d26906274a5\DelayBuffer.$proc$../third_party/r22sdf/DelayBuffer.v:20$561'.
  created $dff cell `$procdff$892' with positive edge clock.
Creating register for signal `$paramod$468b6055748c1a70021cd219779b5d26906274a5\DelayBuffer.\buf_im[23]' using process `$paramod$468b6055748c1a70021cd219779b5d26906274a5\DelayBuffer.$proc$../third_party/r22sdf/DelayBuffer.v:20$561'.
  created $dff cell `$procdff$893' with positive edge clock.
Creating register for signal `$paramod$468b6055748c1a70021cd219779b5d26906274a5\DelayBuffer.\buf_im[24]' using process `$paramod$468b6055748c1a70021cd219779b5d26906274a5\DelayBuffer.$proc$../third_party/r22sdf/DelayBuffer.v:20$561'.
  created $dff cell `$procdff$894' with positive edge clock.
Creating register for signal `$paramod$468b6055748c1a70021cd219779b5d26906274a5\DelayBuffer.\buf_im[25]' using process `$paramod$468b6055748c1a70021cd219779b5d26906274a5\DelayBuffer.$proc$../third_party/r22sdf/DelayBuffer.v:20$561'.
  created $dff cell `$procdff$895' with positive edge clock.
Creating register for signal `$paramod$468b6055748c1a70021cd219779b5d26906274a5\DelayBuffer.\buf_im[26]' using process `$paramod$468b6055748c1a70021cd219779b5d26906274a5\DelayBuffer.$proc$../third_party/r22sdf/DelayBuffer.v:20$561'.
  created $dff cell `$procdff$896' with positive edge clock.
Creating register for signal `$paramod$468b6055748c1a70021cd219779b5d26906274a5\DelayBuffer.\buf_im[27]' using process `$paramod$468b6055748c1a70021cd219779b5d26906274a5\DelayBuffer.$proc$../third_party/r22sdf/DelayBuffer.v:20$561'.
  created $dff cell `$procdff$897' with positive edge clock.
Creating register for signal `$paramod$468b6055748c1a70021cd219779b5d26906274a5\DelayBuffer.\buf_im[28]' using process `$paramod$468b6055748c1a70021cd219779b5d26906274a5\DelayBuffer.$proc$../third_party/r22sdf/DelayBuffer.v:20$561'.
  created $dff cell `$procdff$898' with positive edge clock.
Creating register for signal `$paramod$468b6055748c1a70021cd219779b5d26906274a5\DelayBuffer.\buf_im[29]' using process `$paramod$468b6055748c1a70021cd219779b5d26906274a5\DelayBuffer.$proc$../third_party/r22sdf/DelayBuffer.v:20$561'.
  created $dff cell `$procdff$899' with positive edge clock.
Creating register for signal `$paramod$468b6055748c1a70021cd219779b5d26906274a5\DelayBuffer.\buf_im[30]' using process `$paramod$468b6055748c1a70021cd219779b5d26906274a5\DelayBuffer.$proc$../third_party/r22sdf/DelayBuffer.v:20$561'.
  created $dff cell `$procdff$900' with positive edge clock.
Creating register for signal `$paramod$468b6055748c1a70021cd219779b5d26906274a5\DelayBuffer.\buf_im[31]' using process `$paramod$468b6055748c1a70021cd219779b5d26906274a5\DelayBuffer.$proc$../third_party/r22sdf/DelayBuffer.v:20$561'.
  created $dff cell `$procdff$901' with positive edge clock.
Creating register for signal `$paramod$c542f2cdb8cf3fb2f7011f6438933e7913c8a609\DelayBuffer.\n' using process `$paramod$c542f2cdb8cf3fb2f7011f6438933e7913c8a609\DelayBuffer.$proc$../third_party/r22sdf/DelayBuffer.v:20$548'.
  created $dff cell `$procdff$902' with positive edge clock.
Creating register for signal `$paramod$c542f2cdb8cf3fb2f7011f6438933e7913c8a609\DelayBuffer.\buf_re[0]' using process `$paramod$c542f2cdb8cf3fb2f7011f6438933e7913c8a609\DelayBuffer.$proc$../third_party/r22sdf/DelayBuffer.v:20$548'.
  created $dff cell `$procdff$903' with positive edge clock.
Creating register for signal `$paramod$c542f2cdb8cf3fb2f7011f6438933e7913c8a609\DelayBuffer.\buf_re[1]' using process `$paramod$c542f2cdb8cf3fb2f7011f6438933e7913c8a609\DelayBuffer.$proc$../third_party/r22sdf/DelayBuffer.v:20$548'.
  created $dff cell `$procdff$904' with positive edge clock.
Creating register for signal `$paramod$c542f2cdb8cf3fb2f7011f6438933e7913c8a609\DelayBuffer.\buf_re[2]' using process `$paramod$c542f2cdb8cf3fb2f7011f6438933e7913c8a609\DelayBuffer.$proc$../third_party/r22sdf/DelayBuffer.v:20$548'.
  created $dff cell `$procdff$905' with positive edge clock.
Creating register for signal `$paramod$c542f2cdb8cf3fb2f7011f6438933e7913c8a609\DelayBuffer.\buf_re[3]' using process `$paramod$c542f2cdb8cf3fb2f7011f6438933e7913c8a609\DelayBuffer.$proc$../third_party/r22sdf/DelayBuffer.v:20$548'.
  created $dff cell `$procdff$906' with positive edge clock.
Creating register for signal `$paramod$c542f2cdb8cf3fb2f7011f6438933e7913c8a609\DelayBuffer.\buf_re[4]' using process `$paramod$c542f2cdb8cf3fb2f7011f6438933e7913c8a609\DelayBuffer.$proc$../third_party/r22sdf/DelayBuffer.v:20$548'.
  created $dff cell `$procdff$907' with positive edge clock.
Creating register for signal `$paramod$c542f2cdb8cf3fb2f7011f6438933e7913c8a609\DelayBuffer.\buf_re[5]' using process `$paramod$c542f2cdb8cf3fb2f7011f6438933e7913c8a609\DelayBuffer.$proc$../third_party/r22sdf/DelayBuffer.v:20$548'.
  created $dff cell `$procdff$908' with positive edge clock.
Creating register for signal `$paramod$c542f2cdb8cf3fb2f7011f6438933e7913c8a609\DelayBuffer.\buf_re[6]' using process `$paramod$c542f2cdb8cf3fb2f7011f6438933e7913c8a609\DelayBuffer.$proc$../third_party/r22sdf/DelayBuffer.v:20$548'.
  created $dff cell `$procdff$909' with positive edge clock.
Creating register for signal `$paramod$c542f2cdb8cf3fb2f7011f6438933e7913c8a609\DelayBuffer.\buf_re[7]' using process `$paramod$c542f2cdb8cf3fb2f7011f6438933e7913c8a609\DelayBuffer.$proc$../third_party/r22sdf/DelayBuffer.v:20$548'.
  created $dff cell `$procdff$910' with positive edge clock.
Creating register for signal `$paramod$c542f2cdb8cf3fb2f7011f6438933e7913c8a609\DelayBuffer.\buf_re[8]' using process `$paramod$c542f2cdb8cf3fb2f7011f6438933e7913c8a609\DelayBuffer.$proc$../third_party/r22sdf/DelayBuffer.v:20$548'.
  created $dff cell `$procdff$911' with positive edge clock.
Creating register for signal `$paramod$c542f2cdb8cf3fb2f7011f6438933e7913c8a609\DelayBuffer.\buf_re[9]' using process `$paramod$c542f2cdb8cf3fb2f7011f6438933e7913c8a609\DelayBuffer.$proc$../third_party/r22sdf/DelayBuffer.v:20$548'.
  created $dff cell `$procdff$912' with positive edge clock.
Creating register for signal `$paramod$c542f2cdb8cf3fb2f7011f6438933e7913c8a609\DelayBuffer.\buf_re[10]' using process `$paramod$c542f2cdb8cf3fb2f7011f6438933e7913c8a609\DelayBuffer.$proc$../third_party/r22sdf/DelayBuffer.v:20$548'.
  created $dff cell `$procdff$913' with positive edge clock.
Creating register for signal `$paramod$c542f2cdb8cf3fb2f7011f6438933e7913c8a609\DelayBuffer.\buf_re[11]' using process `$paramod$c542f2cdb8cf3fb2f7011f6438933e7913c8a609\DelayBuffer.$proc$../third_party/r22sdf/DelayBuffer.v:20$548'.
  created $dff cell `$procdff$914' with positive edge clock.
Creating register for signal `$paramod$c542f2cdb8cf3fb2f7011f6438933e7913c8a609\DelayBuffer.\buf_re[12]' using process `$paramod$c542f2cdb8cf3fb2f7011f6438933e7913c8a609\DelayBuffer.$proc$../third_party/r22sdf/DelayBuffer.v:20$548'.
  created $dff cell `$procdff$915' with positive edge clock.
Creating register for signal `$paramod$c542f2cdb8cf3fb2f7011f6438933e7913c8a609\DelayBuffer.\buf_re[13]' using process `$paramod$c542f2cdb8cf3fb2f7011f6438933e7913c8a609\DelayBuffer.$proc$../third_party/r22sdf/DelayBuffer.v:20$548'.
  created $dff cell `$procdff$916' with positive edge clock.
Creating register for signal `$paramod$c542f2cdb8cf3fb2f7011f6438933e7913c8a609\DelayBuffer.\buf_re[14]' using process `$paramod$c542f2cdb8cf3fb2f7011f6438933e7913c8a609\DelayBuffer.$proc$../third_party/r22sdf/DelayBuffer.v:20$548'.
  created $dff cell `$procdff$917' with positive edge clock.
Creating register for signal `$paramod$c542f2cdb8cf3fb2f7011f6438933e7913c8a609\DelayBuffer.\buf_re[15]' using process `$paramod$c542f2cdb8cf3fb2f7011f6438933e7913c8a609\DelayBuffer.$proc$../third_party/r22sdf/DelayBuffer.v:20$548'.
  created $dff cell `$procdff$918' with positive edge clock.
Creating register for signal `$paramod$c542f2cdb8cf3fb2f7011f6438933e7913c8a609\DelayBuffer.\buf_im[0]' using process `$paramod$c542f2cdb8cf3fb2f7011f6438933e7913c8a609\DelayBuffer.$proc$../third_party/r22sdf/DelayBuffer.v:20$548'.
  created $dff cell `$procdff$919' with positive edge clock.
Creating register for signal `$paramod$c542f2cdb8cf3fb2f7011f6438933e7913c8a609\DelayBuffer.\buf_im[1]' using process `$paramod$c542f2cdb8cf3fb2f7011f6438933e7913c8a609\DelayBuffer.$proc$../third_party/r22sdf/DelayBuffer.v:20$548'.
  created $dff cell `$procdff$920' with positive edge clock.
Creating register for signal `$paramod$c542f2cdb8cf3fb2f7011f6438933e7913c8a609\DelayBuffer.\buf_im[2]' using process `$paramod$c542f2cdb8cf3fb2f7011f6438933e7913c8a609\DelayBuffer.$proc$../third_party/r22sdf/DelayBuffer.v:20$548'.
  created $dff cell `$procdff$921' with positive edge clock.
Creating register for signal `$paramod$c542f2cdb8cf3fb2f7011f6438933e7913c8a609\DelayBuffer.\buf_im[3]' using process `$paramod$c542f2cdb8cf3fb2f7011f6438933e7913c8a609\DelayBuffer.$proc$../third_party/r22sdf/DelayBuffer.v:20$548'.
  created $dff cell `$procdff$922' with positive edge clock.
Creating register for signal `$paramod$c542f2cdb8cf3fb2f7011f6438933e7913c8a609\DelayBuffer.\buf_im[4]' using process `$paramod$c542f2cdb8cf3fb2f7011f6438933e7913c8a609\DelayBuffer.$proc$../third_party/r22sdf/DelayBuffer.v:20$548'.
  created $dff cell `$procdff$923' with positive edge clock.
Creating register for signal `$paramod$c542f2cdb8cf3fb2f7011f6438933e7913c8a609\DelayBuffer.\buf_im[5]' using process `$paramod$c542f2cdb8cf3fb2f7011f6438933e7913c8a609\DelayBuffer.$proc$../third_party/r22sdf/DelayBuffer.v:20$548'.
  created $dff cell `$procdff$924' with positive edge clock.
Creating register for signal `$paramod$c542f2cdb8cf3fb2f7011f6438933e7913c8a609\DelayBuffer.\buf_im[6]' using process `$paramod$c542f2cdb8cf3fb2f7011f6438933e7913c8a609\DelayBuffer.$proc$../third_party/r22sdf/DelayBuffer.v:20$548'.
  created $dff cell `$procdff$925' with positive edge clock.
Creating register for signal `$paramod$c542f2cdb8cf3fb2f7011f6438933e7913c8a609\DelayBuffer.\buf_im[7]' using process `$paramod$c542f2cdb8cf3fb2f7011f6438933e7913c8a609\DelayBuffer.$proc$../third_party/r22sdf/DelayBuffer.v:20$548'.
  created $dff cell `$procdff$926' with positive edge clock.
Creating register for signal `$paramod$c542f2cdb8cf3fb2f7011f6438933e7913c8a609\DelayBuffer.\buf_im[8]' using process `$paramod$c542f2cdb8cf3fb2f7011f6438933e7913c8a609\DelayBuffer.$proc$../third_party/r22sdf/DelayBuffer.v:20$548'.
  created $dff cell `$procdff$927' with positive edge clock.
Creating register for signal `$paramod$c542f2cdb8cf3fb2f7011f6438933e7913c8a609\DelayBuffer.\buf_im[9]' using process `$paramod$c542f2cdb8cf3fb2f7011f6438933e7913c8a609\DelayBuffer.$proc$../third_party/r22sdf/DelayBuffer.v:20$548'.
  created $dff cell `$procdff$928' with positive edge clock.
Creating register for signal `$paramod$c542f2cdb8cf3fb2f7011f6438933e7913c8a609\DelayBuffer.\buf_im[10]' using process `$paramod$c542f2cdb8cf3fb2f7011f6438933e7913c8a609\DelayBuffer.$proc$../third_party/r22sdf/DelayBuffer.v:20$548'.
  created $dff cell `$procdff$929' with positive edge clock.
Creating register for signal `$paramod$c542f2cdb8cf3fb2f7011f6438933e7913c8a609\DelayBuffer.\buf_im[11]' using process `$paramod$c542f2cdb8cf3fb2f7011f6438933e7913c8a609\DelayBuffer.$proc$../third_party/r22sdf/DelayBuffer.v:20$548'.
  created $dff cell `$procdff$930' with positive edge clock.
Creating register for signal `$paramod$c542f2cdb8cf3fb2f7011f6438933e7913c8a609\DelayBuffer.\buf_im[12]' using process `$paramod$c542f2cdb8cf3fb2f7011f6438933e7913c8a609\DelayBuffer.$proc$../third_party/r22sdf/DelayBuffer.v:20$548'.
  created $dff cell `$procdff$931' with positive edge clock.
Creating register for signal `$paramod$c542f2cdb8cf3fb2f7011f6438933e7913c8a609\DelayBuffer.\buf_im[13]' using process `$paramod$c542f2cdb8cf3fb2f7011f6438933e7913c8a609\DelayBuffer.$proc$../third_party/r22sdf/DelayBuffer.v:20$548'.
  created $dff cell `$procdff$932' with positive edge clock.
Creating register for signal `$paramod$c542f2cdb8cf3fb2f7011f6438933e7913c8a609\DelayBuffer.\buf_im[14]' using process `$paramod$c542f2cdb8cf3fb2f7011f6438933e7913c8a609\DelayBuffer.$proc$../third_party/r22sdf/DelayBuffer.v:20$548'.
  created $dff cell `$procdff$933' with positive edge clock.
Creating register for signal `$paramod$c542f2cdb8cf3fb2f7011f6438933e7913c8a609\DelayBuffer.\buf_im[15]' using process `$paramod$c542f2cdb8cf3fb2f7011f6438933e7913c8a609\DelayBuffer.$proc$../third_party/r22sdf/DelayBuffer.v:20$548'.
  created $dff cell `$procdff$934' with positive edge clock.
Creating register for signal `$paramod$9ca5e247a0178b82f50f6db69488375424044dda\SdfUnit.\mu_do_en' using process `$paramod$9ca5e247a0178b82f50f6db69488375424044dda\SdfUnit.$proc$../third_party/r22sdf/SdfUnit.v:264$537'.
  created $adff cell `$procdff$937' with positive edge clock and positive level reset.
Creating register for signal `$paramod$9ca5e247a0178b82f50f6db69488375424044dda\SdfUnit.\mu_do_re' using process `$paramod$9ca5e247a0178b82f50f6db69488375424044dda\SdfUnit.$proc$../third_party/r22sdf/SdfUnit.v:259$534'.
  created $dff cell `$procdff$938' with positive edge clock.
Creating register for signal `$paramod$9ca5e247a0178b82f50f6db69488375424044dda\SdfUnit.\mu_do_im' using process `$paramod$9ca5e247a0178b82f50f6db69488375424044dda\SdfUnit.$proc$../third_party/r22sdf/SdfUnit.v:259$534'.
  created $dff cell `$procdff$939' with positive edge clock.
Creating register for signal `$paramod$9ca5e247a0178b82f50f6db69488375424044dda\SdfUnit.\mu_en' using process `$paramod$9ca5e247a0178b82f50f6db69488375424044dda\SdfUnit.$proc$../third_party/r22sdf/SdfUnit.v:243$530'.
  created $dff cell `$procdff$940' with positive edge clock.
Creating register for signal `$paramod$9ca5e247a0178b82f50f6db69488375424044dda\SdfUnit.\bf2_do_en' using process `$paramod$9ca5e247a0178b82f50f6db69488375424044dda\SdfUnit.$proc$../third_party/r22sdf/SdfUnit.v:219$527'.
  created $adff cell `$procdff$943' with positive edge clock and positive level reset.
Creating register for signal `$paramod$9ca5e247a0178b82f50f6db69488375424044dda\SdfUnit.\bf2_do_re' using process `$paramod$9ca5e247a0178b82f50f6db69488375424044dda\SdfUnit.$proc$../third_party/r22sdf/SdfUnit.v:214$526'.
  created $dff cell `$procdff$944' with positive edge clock.
Creating register for signal `$paramod$9ca5e247a0178b82f50f6db69488375424044dda\SdfUnit.\bf2_do_im' using process `$paramod$9ca5e247a0178b82f50f6db69488375424044dda\SdfUnit.$proc$../third_party/r22sdf/SdfUnit.v:214$526'.
  created $dff cell `$procdff$945' with positive edge clock.
Creating register for signal `$paramod$9ca5e247a0178b82f50f6db69488375424044dda\SdfUnit.\bf2_start' using process `$paramod$9ca5e247a0178b82f50f6db69488375424044dda\SdfUnit.$proc$../third_party/r22sdf/SdfUnit.v:209$522'.
  created $dff cell `$procdff$946' with positive edge clock.
Creating register for signal `$paramod$9ca5e247a0178b82f50f6db69488375424044dda\SdfUnit.\bf2_sp_en' using process `$paramod$9ca5e247a0178b82f50f6db69488375424044dda\SdfUnit.$proc$../third_party/r22sdf/SdfUnit.v:199$517'.
  created $adff cell `$procdff$949' with positive edge clock and positive level reset.
Creating register for signal `$paramod$9ca5e247a0178b82f50f6db69488375424044dda\SdfUnit.\bf2_count' using process `$paramod$9ca5e247a0178b82f50f6db69488375424044dda\SdfUnit.$proc$../third_party/r22sdf/SdfUnit.v:199$517'.
  created $adff cell `$procdff$952' with positive edge clock and positive level reset.
Creating register for signal `$paramod$9ca5e247a0178b82f50f6db69488375424044dda\SdfUnit.\bf2_bf' using process `$paramod$9ca5e247a0178b82f50f6db69488375424044dda\SdfUnit.$proc$../third_party/r22sdf/SdfUnit.v:163$508'.
  created $dff cell `$procdff$953' with positive edge clock.
Creating register for signal `$paramod$9ca5e247a0178b82f50f6db69488375424044dda\SdfUnit.\bf1_do_re' using process `$paramod$9ca5e247a0178b82f50f6db69488375424044dda\SdfUnit.$proc$../third_party/r22sdf/SdfUnit.v:155$507'.
  created $dff cell `$procdff$954' with positive edge clock.
Creating register for signal `$paramod$9ca5e247a0178b82f50f6db69488375424044dda\SdfUnit.\bf1_do_im' using process `$paramod$9ca5e247a0178b82f50f6db69488375424044dda\SdfUnit.$proc$../third_party/r22sdf/SdfUnit.v:155$507'.
  created $dff cell `$procdff$955' with positive edge clock.
Creating register for signal `$paramod$9ca5e247a0178b82f50f6db69488375424044dda\SdfUnit.\bf1_sp_en' using process `$paramod$9ca5e247a0178b82f50f6db69488375424044dda\SdfUnit.$proc$../third_party/r22sdf/SdfUnit.v:142$499'.
  created $adff cell `$procdff$958' with positive edge clock and positive level reset.
Creating register for signal `$paramod$9ca5e247a0178b82f50f6db69488375424044dda\SdfUnit.\bf1_count' using process `$paramod$9ca5e247a0178b82f50f6db69488375424044dda\SdfUnit.$proc$../third_party/r22sdf/SdfUnit.v:142$499'.
  created $adff cell `$procdff$961' with positive edge clock and positive level reset.
Creating register for signal `$paramod$9ca5e247a0178b82f50f6db69488375424044dda\SdfUnit.\di_count' using process `$paramod$9ca5e247a0178b82f50f6db69488375424044dda\SdfUnit.$proc$../third_party/r22sdf/SdfUnit.v:103$485'.
  created $adff cell `$procdff$964' with positive edge clock and positive level reset.
Creating register for signal `$paramod$fe7cc57cd3904973768bae95b58499efa37dd589\SdfUnit.\mu_do_en' using process `$paramod$fe7cc57cd3904973768bae95b58499efa37dd589\SdfUnit.$proc$../third_party/r22sdf/SdfUnit.v:264$482'.
  created $adff cell `$procdff$967' with positive edge clock and positive level reset.
Creating register for signal `$paramod$fe7cc57cd3904973768bae95b58499efa37dd589\SdfUnit.\mu_do_re' using process `$paramod$fe7cc57cd3904973768bae95b58499efa37dd589\SdfUnit.$proc$../third_party/r22sdf/SdfUnit.v:259$479'.
  created $dff cell `$procdff$968' with positive edge clock.
Creating register for signal `$paramod$fe7cc57cd3904973768bae95b58499efa37dd589\SdfUnit.\mu_do_im' using process `$paramod$fe7cc57cd3904973768bae95b58499efa37dd589\SdfUnit.$proc$../third_party/r22sdf/SdfUnit.v:259$479'.
  created $dff cell `$procdff$969' with positive edge clock.
Creating register for signal `$paramod$fe7cc57cd3904973768bae95b58499efa37dd589\SdfUnit.\mu_en' using process `$paramod$fe7cc57cd3904973768bae95b58499efa37dd589\SdfUnit.$proc$../third_party/r22sdf/SdfUnit.v:243$475'.
  created $dff cell `$procdff$970' with positive edge clock.
Creating register for signal `$paramod$fe7cc57cd3904973768bae95b58499efa37dd589\SdfUnit.\bf2_do_en' using process `$paramod$fe7cc57cd3904973768bae95b58499efa37dd589\SdfUnit.$proc$../third_party/r22sdf/SdfUnit.v:219$472'.
  created $adff cell `$procdff$973' with positive edge clock and positive level reset.
Creating register for signal `$paramod$fe7cc57cd3904973768bae95b58499efa37dd589\SdfUnit.\bf2_do_re' using process `$paramod$fe7cc57cd3904973768bae95b58499efa37dd589\SdfUnit.$proc$../third_party/r22sdf/SdfUnit.v:214$471'.
  created $dff cell `$procdff$974' with positive edge clock.
Creating register for signal `$paramod$fe7cc57cd3904973768bae95b58499efa37dd589\SdfUnit.\bf2_do_im' using process `$paramod$fe7cc57cd3904973768bae95b58499efa37dd589\SdfUnit.$proc$../third_party/r22sdf/SdfUnit.v:214$471'.
  created $dff cell `$procdff$975' with positive edge clock.
Creating register for signal `$paramod$fe7cc57cd3904973768bae95b58499efa37dd589\SdfUnit.\bf2_start' using process `$paramod$fe7cc57cd3904973768bae95b58499efa37dd589\SdfUnit.$proc$../third_party/r22sdf/SdfUnit.v:209$467'.
  created $dff cell `$procdff$976' with positive edge clock.
Creating register for signal `$paramod$fe7cc57cd3904973768bae95b58499efa37dd589\SdfUnit.\bf2_sp_en' using process `$paramod$fe7cc57cd3904973768bae95b58499efa37dd589\SdfUnit.$proc$../third_party/r22sdf/SdfUnit.v:199$462'.
  created $adff cell `$procdff$979' with positive edge clock and positive level reset.
Creating register for signal `$paramod$fe7cc57cd3904973768bae95b58499efa37dd589\SdfUnit.\bf2_count' using process `$paramod$fe7cc57cd3904973768bae95b58499efa37dd589\SdfUnit.$proc$../third_party/r22sdf/SdfUnit.v:199$462'.
  created $adff cell `$procdff$982' with positive edge clock and positive level reset.
Creating register for signal `$paramod$fe7cc57cd3904973768bae95b58499efa37dd589\SdfUnit.\bf2_bf' using process `$paramod$fe7cc57cd3904973768bae95b58499efa37dd589\SdfUnit.$proc$../third_party/r22sdf/SdfUnit.v:163$453'.
  created $dff cell `$procdff$983' with positive edge clock.
Creating register for signal `$paramod$fe7cc57cd3904973768bae95b58499efa37dd589\SdfUnit.\bf1_do_re' using process `$paramod$fe7cc57cd3904973768bae95b58499efa37dd589\SdfUnit.$proc$../third_party/r22sdf/SdfUnit.v:155$452'.
  created $dff cell `$procdff$984' with positive edge clock.
Creating register for signal `$paramod$fe7cc57cd3904973768bae95b58499efa37dd589\SdfUnit.\bf1_do_im' using process `$paramod$fe7cc57cd3904973768bae95b58499efa37dd589\SdfUnit.$proc$../third_party/r22sdf/SdfUnit.v:155$452'.
  created $dff cell `$procdff$985' with positive edge clock.
Creating register for signal `$paramod$fe7cc57cd3904973768bae95b58499efa37dd589\SdfUnit.\bf1_sp_en' using process `$paramod$fe7cc57cd3904973768bae95b58499efa37dd589\SdfUnit.$proc$../third_party/r22sdf/SdfUnit.v:142$444'.
  created $adff cell `$procdff$988' with positive edge clock and positive level reset.
Creating register for signal `$paramod$fe7cc57cd3904973768bae95b58499efa37dd589\SdfUnit.\bf1_count' using process `$paramod$fe7cc57cd3904973768bae95b58499efa37dd589\SdfUnit.$proc$../third_party/r22sdf/SdfUnit.v:142$444'.
  created $adff cell `$procdff$991' with positive edge clock and positive level reset.
Creating register for signal `$paramod$fe7cc57cd3904973768bae95b58499efa37dd589\SdfUnit.\di_count' using process `$paramod$fe7cc57cd3904973768bae95b58499efa37dd589\SdfUnit.$proc$../third_party/r22sdf/SdfUnit.v:103$430'.
  created $adff cell `$procdff$994' with positive edge clock and positive level reset.
Creating register for signal `$paramod$2ddc66fc3ffa8db41a4fa756ec19a2c9a0dc42f0\SdfUnit.\mu_do_en' using process `$paramod$2ddc66fc3ffa8db41a4fa756ec19a2c9a0dc42f0\SdfUnit.$proc$../third_party/r22sdf/SdfUnit.v:264$427'.
  created $adff cell `$procdff$997' with positive edge clock and positive level reset.
Creating register for signal `$paramod$2ddc66fc3ffa8db41a4fa756ec19a2c9a0dc42f0\SdfUnit.\mu_do_re' using process `$paramod$2ddc66fc3ffa8db41a4fa756ec19a2c9a0dc42f0\SdfUnit.$proc$../third_party/r22sdf/SdfUnit.v:259$424'.
  created $dff cell `$procdff$998' with positive edge clock.
Creating register for signal `$paramod$2ddc66fc3ffa8db41a4fa756ec19a2c9a0dc42f0\SdfUnit.\mu_do_im' using process `$paramod$2ddc66fc3ffa8db41a4fa756ec19a2c9a0dc42f0\SdfUnit.$proc$../third_party/r22sdf/SdfUnit.v:259$424'.
  created $dff cell `$procdff$999' with positive edge clock.
Creating register for signal `$paramod$2ddc66fc3ffa8db41a4fa756ec19a2c9a0dc42f0\SdfUnit.\mu_en' using process `$paramod$2ddc66fc3ffa8db41a4fa756ec19a2c9a0dc42f0\SdfUnit.$proc$../third_party/r22sdf/SdfUnit.v:243$420'.
  created $dff cell `$procdff$1000' with positive edge clock.
Creating register for signal `$paramod$2ddc66fc3ffa8db41a4fa756ec19a2c9a0dc42f0\SdfUnit.\bf2_do_en' using process `$paramod$2ddc66fc3ffa8db41a4fa756ec19a2c9a0dc42f0\SdfUnit.$proc$../third_party/r22sdf/SdfUnit.v:219$417'.
  created $adff cell `$procdff$1003' with positive edge clock and positive level reset.
Creating register for signal `$paramod$2ddc66fc3ffa8db41a4fa756ec19a2c9a0dc42f0\SdfUnit.\bf2_do_re' using process `$paramod$2ddc66fc3ffa8db41a4fa756ec19a2c9a0dc42f0\SdfUnit.$proc$../third_party/r22sdf/SdfUnit.v:214$416'.
  created $dff cell `$procdff$1004' with positive edge clock.
Creating register for signal `$paramod$2ddc66fc3ffa8db41a4fa756ec19a2c9a0dc42f0\SdfUnit.\bf2_do_im' using process `$paramod$2ddc66fc3ffa8db41a4fa756ec19a2c9a0dc42f0\SdfUnit.$proc$../third_party/r22sdf/SdfUnit.v:214$416'.
  created $dff cell `$procdff$1005' with positive edge clock.
Creating register for signal `$paramod$2ddc66fc3ffa8db41a4fa756ec19a2c9a0dc42f0\SdfUnit.\bf2_start' using process `$paramod$2ddc66fc3ffa8db41a4fa756ec19a2c9a0dc42f0\SdfUnit.$proc$../third_party/r22sdf/SdfUnit.v:209$412'.
  created $dff cell `$procdff$1006' with positive edge clock.
Creating register for signal `$paramod$2ddc66fc3ffa8db41a4fa756ec19a2c9a0dc42f0\SdfUnit.\bf2_sp_en' using process `$paramod$2ddc66fc3ffa8db41a4fa756ec19a2c9a0dc42f0\SdfUnit.$proc$../third_party/r22sdf/SdfUnit.v:199$407'.
  created $adff cell `$procdff$1009' with positive edge clock and positive level reset.
Creating register for signal `$paramod$2ddc66fc3ffa8db41a4fa756ec19a2c9a0dc42f0\SdfUnit.\bf2_count' using process `$paramod$2ddc66fc3ffa8db41a4fa756ec19a2c9a0dc42f0\SdfUnit.$proc$../third_party/r22sdf/SdfUnit.v:199$407'.
  created $adff cell `$procdff$1012' with positive edge clock and positive level reset.
Creating register for signal `$paramod$2ddc66fc3ffa8db41a4fa756ec19a2c9a0dc42f0\SdfUnit.\bf2_bf' using process `$paramod$2ddc66fc3ffa8db41a4fa756ec19a2c9a0dc42f0\SdfUnit.$proc$../third_party/r22sdf/SdfUnit.v:163$398'.
  created $dff cell `$procdff$1013' with positive edge clock.
Creating register for signal `$paramod$2ddc66fc3ffa8db41a4fa756ec19a2c9a0dc42f0\SdfUnit.\bf1_do_re' using process `$paramod$2ddc66fc3ffa8db41a4fa756ec19a2c9a0dc42f0\SdfUnit.$proc$../third_party/r22sdf/SdfUnit.v:155$397'.
  created $dff cell `$procdff$1014' with positive edge clock.
Creating register for signal `$paramod$2ddc66fc3ffa8db41a4fa756ec19a2c9a0dc42f0\SdfUnit.\bf1_do_im' using process `$paramod$2ddc66fc3ffa8db41a4fa756ec19a2c9a0dc42f0\SdfUnit.$proc$../third_party/r22sdf/SdfUnit.v:155$397'.
  created $dff cell `$procdff$1015' with positive edge clock.
Creating register for signal `$paramod$2ddc66fc3ffa8db41a4fa756ec19a2c9a0dc42f0\SdfUnit.\bf1_sp_en' using process `$paramod$2ddc66fc3ffa8db41a4fa756ec19a2c9a0dc42f0\SdfUnit.$proc$../third_party/r22sdf/SdfUnit.v:142$389'.
  created $adff cell `$procdff$1018' with positive edge clock and positive level reset.
Creating register for signal `$paramod$2ddc66fc3ffa8db41a4fa756ec19a2c9a0dc42f0\SdfUnit.\bf1_count' using process `$paramod$2ddc66fc3ffa8db41a4fa756ec19a2c9a0dc42f0\SdfUnit.$proc$../third_party/r22sdf/SdfUnit.v:142$389'.
  created $adff cell `$procdff$1021' with positive edge clock and positive level reset.
Creating register for signal `$paramod$2ddc66fc3ffa8db41a4fa756ec19a2c9a0dc42f0\SdfUnit.\di_count' using process `$paramod$2ddc66fc3ffa8db41a4fa756ec19a2c9a0dc42f0\SdfUnit.$proc$../third_party/r22sdf/SdfUnit.v:103$375'.
  created $adff cell `$procdff$1024' with positive edge clock and positive level reset.
Creating register for signal `$paramod\SdfUnit2\WIDTH=s32'00000000000000000000000000010000.\do_re' using process `$paramod\SdfUnit2\WIDTH=s32'00000000000000000000000000010000.$proc$../third_party/r22sdf/SdfUnit2.v:89$372'.
  created $dff cell `$procdff$1025' with positive edge clock.
Creating register for signal `$paramod\SdfUnit2\WIDTH=s32'00000000000000000000000000010000.\do_im' using process `$paramod\SdfUnit2\WIDTH=s32'00000000000000000000000000010000.$proc$../third_party/r22sdf/SdfUnit2.v:89$372'.
  created $dff cell `$procdff$1026' with positive edge clock.
Creating register for signal `$paramod\SdfUnit2\WIDTH=s32'00000000000000000000000000010000.\do_en' using process `$paramod\SdfUnit2\WIDTH=s32'00000000000000000000000000010000.$proc$../third_party/r22sdf/SdfUnit2.v:79$371'.
  created $adff cell `$procdff$1029' with positive edge clock and positive level reset.
Creating register for signal `$paramod\SdfUnit2\WIDTH=s32'00000000000000000000000000010000.\bf_sp_en' using process `$paramod\SdfUnit2\WIDTH=s32'00000000000000000000000000010000.$proc$../third_party/r22sdf/SdfUnit2.v:79$371'.
  created $adff cell `$procdff$1032' with positive edge clock and positive level reset.
Creating register for signal `$paramod\SdfUnit2\WIDTH=s32'00000000000000000000000000010000.\bf_en' using process `$paramod\SdfUnit2\WIDTH=s32'00000000000000000000000000010000.$proc$../third_party/r22sdf/SdfUnit2.v:41$360'.
  created $adff cell `$procdff$1035' with positive edge clock and positive level reset.
Creating register for signal `\Twiddle.\ff_re' using process `\Twiddle.$proc$../third_party/r22sdf/Twiddle128.v:23$97'.
  created $dff cell `$procdff$1036' with positive edge clock.
Creating register for signal `\Twiddle.\ff_im' using process `\Twiddle.$proc$../third_party/r22sdf/Twiddle128.v:23$97'.
  created $dff cell `$procdff$1037' with positive edge clock.
Creating register for signal `$paramod$6010395c8740f19344fd93aacef13621d2f67395\DelayBuffer.\n' using process `$paramod$6010395c8740f19344fd93aacef13621d2f67395\DelayBuffer.$proc$../third_party/r22sdf/DelayBuffer.v:20$578'.
  created $dff cell `$procdff$1038' with positive edge clock.
Creating register for signal `$paramod$6010395c8740f19344fd93aacef13621d2f67395\DelayBuffer.\buf_re[0]' using process `$paramod$6010395c8740f19344fd93aacef13621d2f67395\DelayBuffer.$proc$../third_party/r22sdf/DelayBuffer.v:20$578'.
  created $dff cell `$procdff$1039' with positive edge clock.
Creating register for signal `$paramod$6010395c8740f19344fd93aacef13621d2f67395\DelayBuffer.\buf_re[1]' using process `$paramod$6010395c8740f19344fd93aacef13621d2f67395\DelayBuffer.$proc$../third_party/r22sdf/DelayBuffer.v:20$578'.
  created $dff cell `$procdff$1040' with positive edge clock.
Creating register for signal `$paramod$6010395c8740f19344fd93aacef13621d2f67395\DelayBuffer.\buf_re[2]' using process `$paramod$6010395c8740f19344fd93aacef13621d2f67395\DelayBuffer.$proc$../third_party/r22sdf/DelayBuffer.v:20$578'.
  created $dff cell `$procdff$1041' with positive edge clock.
Creating register for signal `$paramod$6010395c8740f19344fd93aacef13621d2f67395\DelayBuffer.\buf_re[3]' using process `$paramod$6010395c8740f19344fd93aacef13621d2f67395\DelayBuffer.$proc$../third_party/r22sdf/DelayBuffer.v:20$578'.
  created $dff cell `$procdff$1042' with positive edge clock.
Creating register for signal `$paramod$6010395c8740f19344fd93aacef13621d2f67395\DelayBuffer.\buf_re[4]' using process `$paramod$6010395c8740f19344fd93aacef13621d2f67395\DelayBuffer.$proc$../third_party/r22sdf/DelayBuffer.v:20$578'.
  created $dff cell `$procdff$1043' with positive edge clock.
Creating register for signal `$paramod$6010395c8740f19344fd93aacef13621d2f67395\DelayBuffer.\buf_re[5]' using process `$paramod$6010395c8740f19344fd93aacef13621d2f67395\DelayBuffer.$proc$../third_party/r22sdf/DelayBuffer.v:20$578'.
  created $dff cell `$procdff$1044' with positive edge clock.
Creating register for signal `$paramod$6010395c8740f19344fd93aacef13621d2f67395\DelayBuffer.\buf_re[6]' using process `$paramod$6010395c8740f19344fd93aacef13621d2f67395\DelayBuffer.$proc$../third_party/r22sdf/DelayBuffer.v:20$578'.
  created $dff cell `$procdff$1045' with positive edge clock.
Creating register for signal `$paramod$6010395c8740f19344fd93aacef13621d2f67395\DelayBuffer.\buf_re[7]' using process `$paramod$6010395c8740f19344fd93aacef13621d2f67395\DelayBuffer.$proc$../third_party/r22sdf/DelayBuffer.v:20$578'.
  created $dff cell `$procdff$1046' with positive edge clock.
Creating register for signal `$paramod$6010395c8740f19344fd93aacef13621d2f67395\DelayBuffer.\buf_re[8]' using process `$paramod$6010395c8740f19344fd93aacef13621d2f67395\DelayBuffer.$proc$../third_party/r22sdf/DelayBuffer.v:20$578'.
  created $dff cell `$procdff$1047' with positive edge clock.
Creating register for signal `$paramod$6010395c8740f19344fd93aacef13621d2f67395\DelayBuffer.\buf_re[9]' using process `$paramod$6010395c8740f19344fd93aacef13621d2f67395\DelayBuffer.$proc$../third_party/r22sdf/DelayBuffer.v:20$578'.
  created $dff cell `$procdff$1048' with positive edge clock.
Creating register for signal `$paramod$6010395c8740f19344fd93aacef13621d2f67395\DelayBuffer.\buf_re[10]' using process `$paramod$6010395c8740f19344fd93aacef13621d2f67395\DelayBuffer.$proc$../third_party/r22sdf/DelayBuffer.v:20$578'.
  created $dff cell `$procdff$1049' with positive edge clock.
Creating register for signal `$paramod$6010395c8740f19344fd93aacef13621d2f67395\DelayBuffer.\buf_re[11]' using process `$paramod$6010395c8740f19344fd93aacef13621d2f67395\DelayBuffer.$proc$../third_party/r22sdf/DelayBuffer.v:20$578'.
  created $dff cell `$procdff$1050' with positive edge clock.
Creating register for signal `$paramod$6010395c8740f19344fd93aacef13621d2f67395\DelayBuffer.\buf_re[12]' using process `$paramod$6010395c8740f19344fd93aacef13621d2f67395\DelayBuffer.$proc$../third_party/r22sdf/DelayBuffer.v:20$578'.
  created $dff cell `$procdff$1051' with positive edge clock.
Creating register for signal `$paramod$6010395c8740f19344fd93aacef13621d2f67395\DelayBuffer.\buf_re[13]' using process `$paramod$6010395c8740f19344fd93aacef13621d2f67395\DelayBuffer.$proc$../third_party/r22sdf/DelayBuffer.v:20$578'.
  created $dff cell `$procdff$1052' with positive edge clock.
Creating register for signal `$paramod$6010395c8740f19344fd93aacef13621d2f67395\DelayBuffer.\buf_re[14]' using process `$paramod$6010395c8740f19344fd93aacef13621d2f67395\DelayBuffer.$proc$../third_party/r22sdf/DelayBuffer.v:20$578'.
  created $dff cell `$procdff$1053' with positive edge clock.
Creating register for signal `$paramod$6010395c8740f19344fd93aacef13621d2f67395\DelayBuffer.\buf_re[15]' using process `$paramod$6010395c8740f19344fd93aacef13621d2f67395\DelayBuffer.$proc$../third_party/r22sdf/DelayBuffer.v:20$578'.
  created $dff cell `$procdff$1054' with positive edge clock.
Creating register for signal `$paramod$6010395c8740f19344fd93aacef13621d2f67395\DelayBuffer.\buf_re[16]' using process `$paramod$6010395c8740f19344fd93aacef13621d2f67395\DelayBuffer.$proc$../third_party/r22sdf/DelayBuffer.v:20$578'.
  created $dff cell `$procdff$1055' with positive edge clock.
Creating register for signal `$paramod$6010395c8740f19344fd93aacef13621d2f67395\DelayBuffer.\buf_re[17]' using process `$paramod$6010395c8740f19344fd93aacef13621d2f67395\DelayBuffer.$proc$../third_party/r22sdf/DelayBuffer.v:20$578'.
  created $dff cell `$procdff$1056' with positive edge clock.
Creating register for signal `$paramod$6010395c8740f19344fd93aacef13621d2f67395\DelayBuffer.\buf_re[18]' using process `$paramod$6010395c8740f19344fd93aacef13621d2f67395\DelayBuffer.$proc$../third_party/r22sdf/DelayBuffer.v:20$578'.
  created $dff cell `$procdff$1057' with positive edge clock.
Creating register for signal `$paramod$6010395c8740f19344fd93aacef13621d2f67395\DelayBuffer.\buf_re[19]' using process `$paramod$6010395c8740f19344fd93aacef13621d2f67395\DelayBuffer.$proc$../third_party/r22sdf/DelayBuffer.v:20$578'.
  created $dff cell `$procdff$1058' with positive edge clock.
Creating register for signal `$paramod$6010395c8740f19344fd93aacef13621d2f67395\DelayBuffer.\buf_re[20]' using process `$paramod$6010395c8740f19344fd93aacef13621d2f67395\DelayBuffer.$proc$../third_party/r22sdf/DelayBuffer.v:20$578'.
  created $dff cell `$procdff$1059' with positive edge clock.
Creating register for signal `$paramod$6010395c8740f19344fd93aacef13621d2f67395\DelayBuffer.\buf_re[21]' using process `$paramod$6010395c8740f19344fd93aacef13621d2f67395\DelayBuffer.$proc$../third_party/r22sdf/DelayBuffer.v:20$578'.
  created $dff cell `$procdff$1060' with positive edge clock.
Creating register for signal `$paramod$6010395c8740f19344fd93aacef13621d2f67395\DelayBuffer.\buf_re[22]' using process `$paramod$6010395c8740f19344fd93aacef13621d2f67395\DelayBuffer.$proc$../third_party/r22sdf/DelayBuffer.v:20$578'.
  created $dff cell `$procdff$1061' with positive edge clock.
Creating register for signal `$paramod$6010395c8740f19344fd93aacef13621d2f67395\DelayBuffer.\buf_re[23]' using process `$paramod$6010395c8740f19344fd93aacef13621d2f67395\DelayBuffer.$proc$../third_party/r22sdf/DelayBuffer.v:20$578'.
  created $dff cell `$procdff$1062' with positive edge clock.
Creating register for signal `$paramod$6010395c8740f19344fd93aacef13621d2f67395\DelayBuffer.\buf_re[24]' using process `$paramod$6010395c8740f19344fd93aacef13621d2f67395\DelayBuffer.$proc$../third_party/r22sdf/DelayBuffer.v:20$578'.
  created $dff cell `$procdff$1063' with positive edge clock.
Creating register for signal `$paramod$6010395c8740f19344fd93aacef13621d2f67395\DelayBuffer.\buf_re[25]' using process `$paramod$6010395c8740f19344fd93aacef13621d2f67395\DelayBuffer.$proc$../third_party/r22sdf/DelayBuffer.v:20$578'.
  created $dff cell `$procdff$1064' with positive edge clock.
Creating register for signal `$paramod$6010395c8740f19344fd93aacef13621d2f67395\DelayBuffer.\buf_re[26]' using process `$paramod$6010395c8740f19344fd93aacef13621d2f67395\DelayBuffer.$proc$../third_party/r22sdf/DelayBuffer.v:20$578'.
  created $dff cell `$procdff$1065' with positive edge clock.
Creating register for signal `$paramod$6010395c8740f19344fd93aacef13621d2f67395\DelayBuffer.\buf_re[27]' using process `$paramod$6010395c8740f19344fd93aacef13621d2f67395\DelayBuffer.$proc$../third_party/r22sdf/DelayBuffer.v:20$578'.
  created $dff cell `$procdff$1066' with positive edge clock.
Creating register for signal `$paramod$6010395c8740f19344fd93aacef13621d2f67395\DelayBuffer.\buf_re[28]' using process `$paramod$6010395c8740f19344fd93aacef13621d2f67395\DelayBuffer.$proc$../third_party/r22sdf/DelayBuffer.v:20$578'.
  created $dff cell `$procdff$1067' with positive edge clock.
Creating register for signal `$paramod$6010395c8740f19344fd93aacef13621d2f67395\DelayBuffer.\buf_re[29]' using process `$paramod$6010395c8740f19344fd93aacef13621d2f67395\DelayBuffer.$proc$../third_party/r22sdf/DelayBuffer.v:20$578'.
  created $dff cell `$procdff$1068' with positive edge clock.
Creating register for signal `$paramod$6010395c8740f19344fd93aacef13621d2f67395\DelayBuffer.\buf_re[30]' using process `$paramod$6010395c8740f19344fd93aacef13621d2f67395\DelayBuffer.$proc$../third_party/r22sdf/DelayBuffer.v:20$578'.
  created $dff cell `$procdff$1069' with positive edge clock.
Creating register for signal `$paramod$6010395c8740f19344fd93aacef13621d2f67395\DelayBuffer.\buf_re[31]' using process `$paramod$6010395c8740f19344fd93aacef13621d2f67395\DelayBuffer.$proc$../third_party/r22sdf/DelayBuffer.v:20$578'.
  created $dff cell `$procdff$1070' with positive edge clock.
Creating register for signal `$paramod$6010395c8740f19344fd93aacef13621d2f67395\DelayBuffer.\buf_im[0]' using process `$paramod$6010395c8740f19344fd93aacef13621d2f67395\DelayBuffer.$proc$../third_party/r22sdf/DelayBuffer.v:20$578'.
  created $dff cell `$procdff$1071' with positive edge clock.
Creating register for signal `$paramod$6010395c8740f19344fd93aacef13621d2f67395\DelayBuffer.\buf_im[1]' using process `$paramod$6010395c8740f19344fd93aacef13621d2f67395\DelayBuffer.$proc$../third_party/r22sdf/DelayBuffer.v:20$578'.
  created $dff cell `$procdff$1072' with positive edge clock.
Creating register for signal `$paramod$6010395c8740f19344fd93aacef13621d2f67395\DelayBuffer.\buf_im[2]' using process `$paramod$6010395c8740f19344fd93aacef13621d2f67395\DelayBuffer.$proc$../third_party/r22sdf/DelayBuffer.v:20$578'.
  created $dff cell `$procdff$1073' with positive edge clock.
Creating register for signal `$paramod$6010395c8740f19344fd93aacef13621d2f67395\DelayBuffer.\buf_im[3]' using process `$paramod$6010395c8740f19344fd93aacef13621d2f67395\DelayBuffer.$proc$../third_party/r22sdf/DelayBuffer.v:20$578'.
  created $dff cell `$procdff$1074' with positive edge clock.
Creating register for signal `$paramod$6010395c8740f19344fd93aacef13621d2f67395\DelayBuffer.\buf_im[4]' using process `$paramod$6010395c8740f19344fd93aacef13621d2f67395\DelayBuffer.$proc$../third_party/r22sdf/DelayBuffer.v:20$578'.
  created $dff cell `$procdff$1075' with positive edge clock.
Creating register for signal `$paramod$6010395c8740f19344fd93aacef13621d2f67395\DelayBuffer.\buf_im[5]' using process `$paramod$6010395c8740f19344fd93aacef13621d2f67395\DelayBuffer.$proc$../third_party/r22sdf/DelayBuffer.v:20$578'.
  created $dff cell `$procdff$1076' with positive edge clock.
Creating register for signal `$paramod$6010395c8740f19344fd93aacef13621d2f67395\DelayBuffer.\buf_im[6]' using process `$paramod$6010395c8740f19344fd93aacef13621d2f67395\DelayBuffer.$proc$../third_party/r22sdf/DelayBuffer.v:20$578'.
  created $dff cell `$procdff$1077' with positive edge clock.
Creating register for signal `$paramod$6010395c8740f19344fd93aacef13621d2f67395\DelayBuffer.\buf_im[7]' using process `$paramod$6010395c8740f19344fd93aacef13621d2f67395\DelayBuffer.$proc$../third_party/r22sdf/DelayBuffer.v:20$578'.
  created $dff cell `$procdff$1078' with positive edge clock.
Creating register for signal `$paramod$6010395c8740f19344fd93aacef13621d2f67395\DelayBuffer.\buf_im[8]' using process `$paramod$6010395c8740f19344fd93aacef13621d2f67395\DelayBuffer.$proc$../third_party/r22sdf/DelayBuffer.v:20$578'.
  created $dff cell `$procdff$1079' with positive edge clock.
Creating register for signal `$paramod$6010395c8740f19344fd93aacef13621d2f67395\DelayBuffer.\buf_im[9]' using process `$paramod$6010395c8740f19344fd93aacef13621d2f67395\DelayBuffer.$proc$../third_party/r22sdf/DelayBuffer.v:20$578'.
  created $dff cell `$procdff$1080' with positive edge clock.
Creating register for signal `$paramod$6010395c8740f19344fd93aacef13621d2f67395\DelayBuffer.\buf_im[10]' using process `$paramod$6010395c8740f19344fd93aacef13621d2f67395\DelayBuffer.$proc$../third_party/r22sdf/DelayBuffer.v:20$578'.
  created $dff cell `$procdff$1081' with positive edge clock.
Creating register for signal `$paramod$6010395c8740f19344fd93aacef13621d2f67395\DelayBuffer.\buf_im[11]' using process `$paramod$6010395c8740f19344fd93aacef13621d2f67395\DelayBuffer.$proc$../third_party/r22sdf/DelayBuffer.v:20$578'.
  created $dff cell `$procdff$1082' with positive edge clock.
Creating register for signal `$paramod$6010395c8740f19344fd93aacef13621d2f67395\DelayBuffer.\buf_im[12]' using process `$paramod$6010395c8740f19344fd93aacef13621d2f67395\DelayBuffer.$proc$../third_party/r22sdf/DelayBuffer.v:20$578'.
  created $dff cell `$procdff$1083' with positive edge clock.
Creating register for signal `$paramod$6010395c8740f19344fd93aacef13621d2f67395\DelayBuffer.\buf_im[13]' using process `$paramod$6010395c8740f19344fd93aacef13621d2f67395\DelayBuffer.$proc$../third_party/r22sdf/DelayBuffer.v:20$578'.
  created $dff cell `$procdff$1084' with positive edge clock.
Creating register for signal `$paramod$6010395c8740f19344fd93aacef13621d2f67395\DelayBuffer.\buf_im[14]' using process `$paramod$6010395c8740f19344fd93aacef13621d2f67395\DelayBuffer.$proc$../third_party/r22sdf/DelayBuffer.v:20$578'.
  created $dff cell `$procdff$1085' with positive edge clock.
Creating register for signal `$paramod$6010395c8740f19344fd93aacef13621d2f67395\DelayBuffer.\buf_im[15]' using process `$paramod$6010395c8740f19344fd93aacef13621d2f67395\DelayBuffer.$proc$../third_party/r22sdf/DelayBuffer.v:20$578'.
  created $dff cell `$procdff$1086' with positive edge clock.
Creating register for signal `$paramod$6010395c8740f19344fd93aacef13621d2f67395\DelayBuffer.\buf_im[16]' using process `$paramod$6010395c8740f19344fd93aacef13621d2f67395\DelayBuffer.$proc$../third_party/r22sdf/DelayBuffer.v:20$578'.
  created $dff cell `$procdff$1087' with positive edge clock.
Creating register for signal `$paramod$6010395c8740f19344fd93aacef13621d2f67395\DelayBuffer.\buf_im[17]' using process `$paramod$6010395c8740f19344fd93aacef13621d2f67395\DelayBuffer.$proc$../third_party/r22sdf/DelayBuffer.v:20$578'.
  created $dff cell `$procdff$1088' with positive edge clock.
Creating register for signal `$paramod$6010395c8740f19344fd93aacef13621d2f67395\DelayBuffer.\buf_im[18]' using process `$paramod$6010395c8740f19344fd93aacef13621d2f67395\DelayBuffer.$proc$../third_party/r22sdf/DelayBuffer.v:20$578'.
  created $dff cell `$procdff$1089' with positive edge clock.
Creating register for signal `$paramod$6010395c8740f19344fd93aacef13621d2f67395\DelayBuffer.\buf_im[19]' using process `$paramod$6010395c8740f19344fd93aacef13621d2f67395\DelayBuffer.$proc$../third_party/r22sdf/DelayBuffer.v:20$578'.
  created $dff cell `$procdff$1090' with positive edge clock.
Creating register for signal `$paramod$6010395c8740f19344fd93aacef13621d2f67395\DelayBuffer.\buf_im[20]' using process `$paramod$6010395c8740f19344fd93aacef13621d2f67395\DelayBuffer.$proc$../third_party/r22sdf/DelayBuffer.v:20$578'.
  created $dff cell `$procdff$1091' with positive edge clock.
Creating register for signal `$paramod$6010395c8740f19344fd93aacef13621d2f67395\DelayBuffer.\buf_im[21]' using process `$paramod$6010395c8740f19344fd93aacef13621d2f67395\DelayBuffer.$proc$../third_party/r22sdf/DelayBuffer.v:20$578'.
  created $dff cell `$procdff$1092' with positive edge clock.
Creating register for signal `$paramod$6010395c8740f19344fd93aacef13621d2f67395\DelayBuffer.\buf_im[22]' using process `$paramod$6010395c8740f19344fd93aacef13621d2f67395\DelayBuffer.$proc$../third_party/r22sdf/DelayBuffer.v:20$578'.
  created $dff cell `$procdff$1093' with positive edge clock.
Creating register for signal `$paramod$6010395c8740f19344fd93aacef13621d2f67395\DelayBuffer.\buf_im[23]' using process `$paramod$6010395c8740f19344fd93aacef13621d2f67395\DelayBuffer.$proc$../third_party/r22sdf/DelayBuffer.v:20$578'.
  created $dff cell `$procdff$1094' with positive edge clock.
Creating register for signal `$paramod$6010395c8740f19344fd93aacef13621d2f67395\DelayBuffer.\buf_im[24]' using process `$paramod$6010395c8740f19344fd93aacef13621d2f67395\DelayBuffer.$proc$../third_party/r22sdf/DelayBuffer.v:20$578'.
  created $dff cell `$procdff$1095' with positive edge clock.
Creating register for signal `$paramod$6010395c8740f19344fd93aacef13621d2f67395\DelayBuffer.\buf_im[25]' using process `$paramod$6010395c8740f19344fd93aacef13621d2f67395\DelayBuffer.$proc$../third_party/r22sdf/DelayBuffer.v:20$578'.
  created $dff cell `$procdff$1096' with positive edge clock.
Creating register for signal `$paramod$6010395c8740f19344fd93aacef13621d2f67395\DelayBuffer.\buf_im[26]' using process `$paramod$6010395c8740f19344fd93aacef13621d2f67395\DelayBuffer.$proc$../third_party/r22sdf/DelayBuffer.v:20$578'.
  created $dff cell `$procdff$1097' with positive edge clock.
Creating register for signal `$paramod$6010395c8740f19344fd93aacef13621d2f67395\DelayBuffer.\buf_im[27]' using process `$paramod$6010395c8740f19344fd93aacef13621d2f67395\DelayBuffer.$proc$../third_party/r22sdf/DelayBuffer.v:20$578'.
  created $dff cell `$procdff$1098' with positive edge clock.
Creating register for signal `$paramod$6010395c8740f19344fd93aacef13621d2f67395\DelayBuffer.\buf_im[28]' using process `$paramod$6010395c8740f19344fd93aacef13621d2f67395\DelayBuffer.$proc$../third_party/r22sdf/DelayBuffer.v:20$578'.
  created $dff cell `$procdff$1099' with positive edge clock.
Creating register for signal `$paramod$6010395c8740f19344fd93aacef13621d2f67395\DelayBuffer.\buf_im[29]' using process `$paramod$6010395c8740f19344fd93aacef13621d2f67395\DelayBuffer.$proc$../third_party/r22sdf/DelayBuffer.v:20$578'.
  created $dff cell `$procdff$1100' with positive edge clock.
Creating register for signal `$paramod$6010395c8740f19344fd93aacef13621d2f67395\DelayBuffer.\buf_im[30]' using process `$paramod$6010395c8740f19344fd93aacef13621d2f67395\DelayBuffer.$proc$../third_party/r22sdf/DelayBuffer.v:20$578'.
  created $dff cell `$procdff$1101' with positive edge clock.
Creating register for signal `$paramod$6010395c8740f19344fd93aacef13621d2f67395\DelayBuffer.\buf_im[31]' using process `$paramod$6010395c8740f19344fd93aacef13621d2f67395\DelayBuffer.$proc$../third_party/r22sdf/DelayBuffer.v:20$578'.
  created $dff cell `$procdff$1102' with positive edge clock.
Creating register for signal `$paramod$6010395c8740f19344fd93aacef13621d2f67395\DelayBuffer.\buf_re[32]' using process `$paramod$6010395c8740f19344fd93aacef13621d2f67395\DelayBuffer.$proc$../third_party/r22sdf/DelayBuffer.v:20$578'.
  created $dff cell `$procdff$1103' with positive edge clock.
Creating register for signal `$paramod$6010395c8740f19344fd93aacef13621d2f67395\DelayBuffer.\buf_re[33]' using process `$paramod$6010395c8740f19344fd93aacef13621d2f67395\DelayBuffer.$proc$../third_party/r22sdf/DelayBuffer.v:20$578'.
  created $dff cell `$procdff$1104' with positive edge clock.
Creating register for signal `$paramod$6010395c8740f19344fd93aacef13621d2f67395\DelayBuffer.\buf_re[34]' using process `$paramod$6010395c8740f19344fd93aacef13621d2f67395\DelayBuffer.$proc$../third_party/r22sdf/DelayBuffer.v:20$578'.
  created $dff cell `$procdff$1105' with positive edge clock.
Creating register for signal `$paramod$6010395c8740f19344fd93aacef13621d2f67395\DelayBuffer.\buf_re[35]' using process `$paramod$6010395c8740f19344fd93aacef13621d2f67395\DelayBuffer.$proc$../third_party/r22sdf/DelayBuffer.v:20$578'.
  created $dff cell `$procdff$1106' with positive edge clock.
Creating register for signal `$paramod$6010395c8740f19344fd93aacef13621d2f67395\DelayBuffer.\buf_re[36]' using process `$paramod$6010395c8740f19344fd93aacef13621d2f67395\DelayBuffer.$proc$../third_party/r22sdf/DelayBuffer.v:20$578'.
  created $dff cell `$procdff$1107' with positive edge clock.
Creating register for signal `$paramod$6010395c8740f19344fd93aacef13621d2f67395\DelayBuffer.\buf_re[37]' using process `$paramod$6010395c8740f19344fd93aacef13621d2f67395\DelayBuffer.$proc$../third_party/r22sdf/DelayBuffer.v:20$578'.
  created $dff cell `$procdff$1108' with positive edge clock.
Creating register for signal `$paramod$6010395c8740f19344fd93aacef13621d2f67395\DelayBuffer.\buf_re[38]' using process `$paramod$6010395c8740f19344fd93aacef13621d2f67395\DelayBuffer.$proc$../third_party/r22sdf/DelayBuffer.v:20$578'.
  created $dff cell `$procdff$1109' with positive edge clock.
Creating register for signal `$paramod$6010395c8740f19344fd93aacef13621d2f67395\DelayBuffer.\buf_re[39]' using process `$paramod$6010395c8740f19344fd93aacef13621d2f67395\DelayBuffer.$proc$../third_party/r22sdf/DelayBuffer.v:20$578'.
  created $dff cell `$procdff$1110' with positive edge clock.
Creating register for signal `$paramod$6010395c8740f19344fd93aacef13621d2f67395\DelayBuffer.\buf_re[40]' using process `$paramod$6010395c8740f19344fd93aacef13621d2f67395\DelayBuffer.$proc$../third_party/r22sdf/DelayBuffer.v:20$578'.
  created $dff cell `$procdff$1111' with positive edge clock.
Creating register for signal `$paramod$6010395c8740f19344fd93aacef13621d2f67395\DelayBuffer.\buf_re[41]' using process `$paramod$6010395c8740f19344fd93aacef13621d2f67395\DelayBuffer.$proc$../third_party/r22sdf/DelayBuffer.v:20$578'.
  created $dff cell `$procdff$1112' with positive edge clock.
Creating register for signal `$paramod$6010395c8740f19344fd93aacef13621d2f67395\DelayBuffer.\buf_re[42]' using process `$paramod$6010395c8740f19344fd93aacef13621d2f67395\DelayBuffer.$proc$../third_party/r22sdf/DelayBuffer.v:20$578'.
  created $dff cell `$procdff$1113' with positive edge clock.
Creating register for signal `$paramod$6010395c8740f19344fd93aacef13621d2f67395\DelayBuffer.\buf_re[43]' using process `$paramod$6010395c8740f19344fd93aacef13621d2f67395\DelayBuffer.$proc$../third_party/r22sdf/DelayBuffer.v:20$578'.
  created $dff cell `$procdff$1114' with positive edge clock.
Creating register for signal `$paramod$6010395c8740f19344fd93aacef13621d2f67395\DelayBuffer.\buf_re[44]' using process `$paramod$6010395c8740f19344fd93aacef13621d2f67395\DelayBuffer.$proc$../third_party/r22sdf/DelayBuffer.v:20$578'.
  created $dff cell `$procdff$1115' with positive edge clock.
Creating register for signal `$paramod$6010395c8740f19344fd93aacef13621d2f67395\DelayBuffer.\buf_re[45]' using process `$paramod$6010395c8740f19344fd93aacef13621d2f67395\DelayBuffer.$proc$../third_party/r22sdf/DelayBuffer.v:20$578'.
  created $dff cell `$procdff$1116' with positive edge clock.
Creating register for signal `$paramod$6010395c8740f19344fd93aacef13621d2f67395\DelayBuffer.\buf_re[46]' using process `$paramod$6010395c8740f19344fd93aacef13621d2f67395\DelayBuffer.$proc$../third_party/r22sdf/DelayBuffer.v:20$578'.
  created $dff cell `$procdff$1117' with positive edge clock.
Creating register for signal `$paramod$6010395c8740f19344fd93aacef13621d2f67395\DelayBuffer.\buf_re[47]' using process `$paramod$6010395c8740f19344fd93aacef13621d2f67395\DelayBuffer.$proc$../third_party/r22sdf/DelayBuffer.v:20$578'.
  created $dff cell `$procdff$1118' with positive edge clock.
Creating register for signal `$paramod$6010395c8740f19344fd93aacef13621d2f67395\DelayBuffer.\buf_re[48]' using process `$paramod$6010395c8740f19344fd93aacef13621d2f67395\DelayBuffer.$proc$../third_party/r22sdf/DelayBuffer.v:20$578'.
  created $dff cell `$procdff$1119' with positive edge clock.
Creating register for signal `$paramod$6010395c8740f19344fd93aacef13621d2f67395\DelayBuffer.\buf_re[49]' using process `$paramod$6010395c8740f19344fd93aacef13621d2f67395\DelayBuffer.$proc$../third_party/r22sdf/DelayBuffer.v:20$578'.
  created $dff cell `$procdff$1120' with positive edge clock.
Creating register for signal `$paramod$6010395c8740f19344fd93aacef13621d2f67395\DelayBuffer.\buf_re[50]' using process `$paramod$6010395c8740f19344fd93aacef13621d2f67395\DelayBuffer.$proc$../third_party/r22sdf/DelayBuffer.v:20$578'.
  created $dff cell `$procdff$1121' with positive edge clock.
Creating register for signal `$paramod$6010395c8740f19344fd93aacef13621d2f67395\DelayBuffer.\buf_re[51]' using process `$paramod$6010395c8740f19344fd93aacef13621d2f67395\DelayBuffer.$proc$../third_party/r22sdf/DelayBuffer.v:20$578'.
  created $dff cell `$procdff$1122' with positive edge clock.
Creating register for signal `$paramod$6010395c8740f19344fd93aacef13621d2f67395\DelayBuffer.\buf_re[52]' using process `$paramod$6010395c8740f19344fd93aacef13621d2f67395\DelayBuffer.$proc$../third_party/r22sdf/DelayBuffer.v:20$578'.
  created $dff cell `$procdff$1123' with positive edge clock.
Creating register for signal `$paramod$6010395c8740f19344fd93aacef13621d2f67395\DelayBuffer.\buf_re[53]' using process `$paramod$6010395c8740f19344fd93aacef13621d2f67395\DelayBuffer.$proc$../third_party/r22sdf/DelayBuffer.v:20$578'.
  created $dff cell `$procdff$1124' with positive edge clock.
Creating register for signal `$paramod$6010395c8740f19344fd93aacef13621d2f67395\DelayBuffer.\buf_re[54]' using process `$paramod$6010395c8740f19344fd93aacef13621d2f67395\DelayBuffer.$proc$../third_party/r22sdf/DelayBuffer.v:20$578'.
  created $dff cell `$procdff$1125' with positive edge clock.
Creating register for signal `$paramod$6010395c8740f19344fd93aacef13621d2f67395\DelayBuffer.\buf_re[55]' using process `$paramod$6010395c8740f19344fd93aacef13621d2f67395\DelayBuffer.$proc$../third_party/r22sdf/DelayBuffer.v:20$578'.
  created $dff cell `$procdff$1126' with positive edge clock.
Creating register for signal `$paramod$6010395c8740f19344fd93aacef13621d2f67395\DelayBuffer.\buf_re[56]' using process `$paramod$6010395c8740f19344fd93aacef13621d2f67395\DelayBuffer.$proc$../third_party/r22sdf/DelayBuffer.v:20$578'.
  created $dff cell `$procdff$1127' with positive edge clock.
Creating register for signal `$paramod$6010395c8740f19344fd93aacef13621d2f67395\DelayBuffer.\buf_re[57]' using process `$paramod$6010395c8740f19344fd93aacef13621d2f67395\DelayBuffer.$proc$../third_party/r22sdf/DelayBuffer.v:20$578'.
  created $dff cell `$procdff$1128' with positive edge clock.
Creating register for signal `$paramod$6010395c8740f19344fd93aacef13621d2f67395\DelayBuffer.\buf_re[58]' using process `$paramod$6010395c8740f19344fd93aacef13621d2f67395\DelayBuffer.$proc$../third_party/r22sdf/DelayBuffer.v:20$578'.
  created $dff cell `$procdff$1129' with positive edge clock.
Creating register for signal `$paramod$6010395c8740f19344fd93aacef13621d2f67395\DelayBuffer.\buf_re[59]' using process `$paramod$6010395c8740f19344fd93aacef13621d2f67395\DelayBuffer.$proc$../third_party/r22sdf/DelayBuffer.v:20$578'.
  created $dff cell `$procdff$1130' with positive edge clock.
Creating register for signal `$paramod$6010395c8740f19344fd93aacef13621d2f67395\DelayBuffer.\buf_re[60]' using process `$paramod$6010395c8740f19344fd93aacef13621d2f67395\DelayBuffer.$proc$../third_party/r22sdf/DelayBuffer.v:20$578'.
  created $dff cell `$procdff$1131' with positive edge clock.
Creating register for signal `$paramod$6010395c8740f19344fd93aacef13621d2f67395\DelayBuffer.\buf_re[61]' using process `$paramod$6010395c8740f19344fd93aacef13621d2f67395\DelayBuffer.$proc$../third_party/r22sdf/DelayBuffer.v:20$578'.
  created $dff cell `$procdff$1132' with positive edge clock.
Creating register for signal `$paramod$6010395c8740f19344fd93aacef13621d2f67395\DelayBuffer.\buf_re[62]' using process `$paramod$6010395c8740f19344fd93aacef13621d2f67395\DelayBuffer.$proc$../third_party/r22sdf/DelayBuffer.v:20$578'.
  created $dff cell `$procdff$1133' with positive edge clock.
Creating register for signal `$paramod$6010395c8740f19344fd93aacef13621d2f67395\DelayBuffer.\buf_re[63]' using process `$paramod$6010395c8740f19344fd93aacef13621d2f67395\DelayBuffer.$proc$../third_party/r22sdf/DelayBuffer.v:20$578'.
  created $dff cell `$procdff$1134' with positive edge clock.
Creating register for signal `$paramod$6010395c8740f19344fd93aacef13621d2f67395\DelayBuffer.\buf_im[32]' using process `$paramod$6010395c8740f19344fd93aacef13621d2f67395\DelayBuffer.$proc$../third_party/r22sdf/DelayBuffer.v:20$578'.
  created $dff cell `$procdff$1135' with positive edge clock.
Creating register for signal `$paramod$6010395c8740f19344fd93aacef13621d2f67395\DelayBuffer.\buf_im[33]' using process `$paramod$6010395c8740f19344fd93aacef13621d2f67395\DelayBuffer.$proc$../third_party/r22sdf/DelayBuffer.v:20$578'.
  created $dff cell `$procdff$1136' with positive edge clock.
Creating register for signal `$paramod$6010395c8740f19344fd93aacef13621d2f67395\DelayBuffer.\buf_im[34]' using process `$paramod$6010395c8740f19344fd93aacef13621d2f67395\DelayBuffer.$proc$../third_party/r22sdf/DelayBuffer.v:20$578'.
  created $dff cell `$procdff$1137' with positive edge clock.
Creating register for signal `$paramod$6010395c8740f19344fd93aacef13621d2f67395\DelayBuffer.\buf_im[35]' using process `$paramod$6010395c8740f19344fd93aacef13621d2f67395\DelayBuffer.$proc$../third_party/r22sdf/DelayBuffer.v:20$578'.
  created $dff cell `$procdff$1138' with positive edge clock.
Creating register for signal `$paramod$6010395c8740f19344fd93aacef13621d2f67395\DelayBuffer.\buf_im[36]' using process `$paramod$6010395c8740f19344fd93aacef13621d2f67395\DelayBuffer.$proc$../third_party/r22sdf/DelayBuffer.v:20$578'.
  created $dff cell `$procdff$1139' with positive edge clock.
Creating register for signal `$paramod$6010395c8740f19344fd93aacef13621d2f67395\DelayBuffer.\buf_im[37]' using process `$paramod$6010395c8740f19344fd93aacef13621d2f67395\DelayBuffer.$proc$../third_party/r22sdf/DelayBuffer.v:20$578'.
  created $dff cell `$procdff$1140' with positive edge clock.
Creating register for signal `$paramod$6010395c8740f19344fd93aacef13621d2f67395\DelayBuffer.\buf_im[38]' using process `$paramod$6010395c8740f19344fd93aacef13621d2f67395\DelayBuffer.$proc$../third_party/r22sdf/DelayBuffer.v:20$578'.
  created $dff cell `$procdff$1141' with positive edge clock.
Creating register for signal `$paramod$6010395c8740f19344fd93aacef13621d2f67395\DelayBuffer.\buf_im[39]' using process `$paramod$6010395c8740f19344fd93aacef13621d2f67395\DelayBuffer.$proc$../third_party/r22sdf/DelayBuffer.v:20$578'.
  created $dff cell `$procdff$1142' with positive edge clock.
Creating register for signal `$paramod$6010395c8740f19344fd93aacef13621d2f67395\DelayBuffer.\buf_im[40]' using process `$paramod$6010395c8740f19344fd93aacef13621d2f67395\DelayBuffer.$proc$../third_party/r22sdf/DelayBuffer.v:20$578'.
  created $dff cell `$procdff$1143' with positive edge clock.
Creating register for signal `$paramod$6010395c8740f19344fd93aacef13621d2f67395\DelayBuffer.\buf_im[41]' using process `$paramod$6010395c8740f19344fd93aacef13621d2f67395\DelayBuffer.$proc$../third_party/r22sdf/DelayBuffer.v:20$578'.
  created $dff cell `$procdff$1144' with positive edge clock.
Creating register for signal `$paramod$6010395c8740f19344fd93aacef13621d2f67395\DelayBuffer.\buf_im[42]' using process `$paramod$6010395c8740f19344fd93aacef13621d2f67395\DelayBuffer.$proc$../third_party/r22sdf/DelayBuffer.v:20$578'.
  created $dff cell `$procdff$1145' with positive edge clock.
Creating register for signal `$paramod$6010395c8740f19344fd93aacef13621d2f67395\DelayBuffer.\buf_im[43]' using process `$paramod$6010395c8740f19344fd93aacef13621d2f67395\DelayBuffer.$proc$../third_party/r22sdf/DelayBuffer.v:20$578'.
  created $dff cell `$procdff$1146' with positive edge clock.
Creating register for signal `$paramod$6010395c8740f19344fd93aacef13621d2f67395\DelayBuffer.\buf_im[44]' using process `$paramod$6010395c8740f19344fd93aacef13621d2f67395\DelayBuffer.$proc$../third_party/r22sdf/DelayBuffer.v:20$578'.
  created $dff cell `$procdff$1147' with positive edge clock.
Creating register for signal `$paramod$6010395c8740f19344fd93aacef13621d2f67395\DelayBuffer.\buf_im[45]' using process `$paramod$6010395c8740f19344fd93aacef13621d2f67395\DelayBuffer.$proc$../third_party/r22sdf/DelayBuffer.v:20$578'.
  created $dff cell `$procdff$1148' with positive edge clock.
Creating register for signal `$paramod$6010395c8740f19344fd93aacef13621d2f67395\DelayBuffer.\buf_im[46]' using process `$paramod$6010395c8740f19344fd93aacef13621d2f67395\DelayBuffer.$proc$../third_party/r22sdf/DelayBuffer.v:20$578'.
  created $dff cell `$procdff$1149' with positive edge clock.
Creating register for signal `$paramod$6010395c8740f19344fd93aacef13621d2f67395\DelayBuffer.\buf_im[47]' using process `$paramod$6010395c8740f19344fd93aacef13621d2f67395\DelayBuffer.$proc$../third_party/r22sdf/DelayBuffer.v:20$578'.
  created $dff cell `$procdff$1150' with positive edge clock.
Creating register for signal `$paramod$6010395c8740f19344fd93aacef13621d2f67395\DelayBuffer.\buf_im[48]' using process `$paramod$6010395c8740f19344fd93aacef13621d2f67395\DelayBuffer.$proc$../third_party/r22sdf/DelayBuffer.v:20$578'.
  created $dff cell `$procdff$1151' with positive edge clock.
Creating register for signal `$paramod$6010395c8740f19344fd93aacef13621d2f67395\DelayBuffer.\buf_im[49]' using process `$paramod$6010395c8740f19344fd93aacef13621d2f67395\DelayBuffer.$proc$../third_party/r22sdf/DelayBuffer.v:20$578'.
  created $dff cell `$procdff$1152' with positive edge clock.
Creating register for signal `$paramod$6010395c8740f19344fd93aacef13621d2f67395\DelayBuffer.\buf_im[50]' using process `$paramod$6010395c8740f19344fd93aacef13621d2f67395\DelayBuffer.$proc$../third_party/r22sdf/DelayBuffer.v:20$578'.
  created $dff cell `$procdff$1153' with positive edge clock.
Creating register for signal `$paramod$6010395c8740f19344fd93aacef13621d2f67395\DelayBuffer.\buf_im[51]' using process `$paramod$6010395c8740f19344fd93aacef13621d2f67395\DelayBuffer.$proc$../third_party/r22sdf/DelayBuffer.v:20$578'.
  created $dff cell `$procdff$1154' with positive edge clock.
Creating register for signal `$paramod$6010395c8740f19344fd93aacef13621d2f67395\DelayBuffer.\buf_im[52]' using process `$paramod$6010395c8740f19344fd93aacef13621d2f67395\DelayBuffer.$proc$../third_party/r22sdf/DelayBuffer.v:20$578'.
  created $dff cell `$procdff$1155' with positive edge clock.
Creating register for signal `$paramod$6010395c8740f19344fd93aacef13621d2f67395\DelayBuffer.\buf_im[53]' using process `$paramod$6010395c8740f19344fd93aacef13621d2f67395\DelayBuffer.$proc$../third_party/r22sdf/DelayBuffer.v:20$578'.
  created $dff cell `$procdff$1156' with positive edge clock.
Creating register for signal `$paramod$6010395c8740f19344fd93aacef13621d2f67395\DelayBuffer.\buf_im[54]' using process `$paramod$6010395c8740f19344fd93aacef13621d2f67395\DelayBuffer.$proc$../third_party/r22sdf/DelayBuffer.v:20$578'.
  created $dff cell `$procdff$1157' with positive edge clock.
Creating register for signal `$paramod$6010395c8740f19344fd93aacef13621d2f67395\DelayBuffer.\buf_im[55]' using process `$paramod$6010395c8740f19344fd93aacef13621d2f67395\DelayBuffer.$proc$../third_party/r22sdf/DelayBuffer.v:20$578'.
  created $dff cell `$procdff$1158' with positive edge clock.
Creating register for signal `$paramod$6010395c8740f19344fd93aacef13621d2f67395\DelayBuffer.\buf_im[56]' using process `$paramod$6010395c8740f19344fd93aacef13621d2f67395\DelayBuffer.$proc$../third_party/r22sdf/DelayBuffer.v:20$578'.
  created $dff cell `$procdff$1159' with positive edge clock.
Creating register for signal `$paramod$6010395c8740f19344fd93aacef13621d2f67395\DelayBuffer.\buf_im[57]' using process `$paramod$6010395c8740f19344fd93aacef13621d2f67395\DelayBuffer.$proc$../third_party/r22sdf/DelayBuffer.v:20$578'.
  created $dff cell `$procdff$1160' with positive edge clock.
Creating register for signal `$paramod$6010395c8740f19344fd93aacef13621d2f67395\DelayBuffer.\buf_im[58]' using process `$paramod$6010395c8740f19344fd93aacef13621d2f67395\DelayBuffer.$proc$../third_party/r22sdf/DelayBuffer.v:20$578'.
  created $dff cell `$procdff$1161' with positive edge clock.
Creating register for signal `$paramod$6010395c8740f19344fd93aacef13621d2f67395\DelayBuffer.\buf_im[59]' using process `$paramod$6010395c8740f19344fd93aacef13621d2f67395\DelayBuffer.$proc$../third_party/r22sdf/DelayBuffer.v:20$578'.
  created $dff cell `$procdff$1162' with positive edge clock.
Creating register for signal `$paramod$6010395c8740f19344fd93aacef13621d2f67395\DelayBuffer.\buf_im[60]' using process `$paramod$6010395c8740f19344fd93aacef13621d2f67395\DelayBuffer.$proc$../third_party/r22sdf/DelayBuffer.v:20$578'.
  created $dff cell `$procdff$1163' with positive edge clock.
Creating register for signal `$paramod$6010395c8740f19344fd93aacef13621d2f67395\DelayBuffer.\buf_im[61]' using process `$paramod$6010395c8740f19344fd93aacef13621d2f67395\DelayBuffer.$proc$../third_party/r22sdf/DelayBuffer.v:20$578'.
  created $dff cell `$procdff$1164' with positive edge clock.
Creating register for signal `$paramod$6010395c8740f19344fd93aacef13621d2f67395\DelayBuffer.\buf_im[62]' using process `$paramod$6010395c8740f19344fd93aacef13621d2f67395\DelayBuffer.$proc$../third_party/r22sdf/DelayBuffer.v:20$578'.
  created $dff cell `$procdff$1165' with positive edge clock.
Creating register for signal `$paramod$6010395c8740f19344fd93aacef13621d2f67395\DelayBuffer.\buf_im[63]' using process `$paramod$6010395c8740f19344fd93aacef13621d2f67395\DelayBuffer.$proc$../third_party/r22sdf/DelayBuffer.v:20$578'.
  created $dff cell `$procdff$1166' with positive edge clock.
Creating register for signal `$paramod$520663d7382152bf6f78fc2a37b254cea736bbce\DelayBuffer.\n' using process `$paramod$520663d7382152bf6f78fc2a37b254cea736bbce\DelayBuffer.$proc$../third_party/r22sdf/DelayBuffer.v:20$577'.
  created $dff cell `$procdff$1167' with positive edge clock.
Creating register for signal `$paramod$520663d7382152bf6f78fc2a37b254cea736bbce\DelayBuffer.\buf_re[0]' using process `$paramod$520663d7382152bf6f78fc2a37b254cea736bbce\DelayBuffer.$proc$../third_party/r22sdf/DelayBuffer.v:20$577'.
  created $dff cell `$procdff$1168' with positive edge clock.
Creating register for signal `$paramod$520663d7382152bf6f78fc2a37b254cea736bbce\DelayBuffer.\buf_re[1]' using process `$paramod$520663d7382152bf6f78fc2a37b254cea736bbce\DelayBuffer.$proc$../third_party/r22sdf/DelayBuffer.v:20$577'.
  created $dff cell `$procdff$1169' with positive edge clock.
Creating register for signal `$paramod$520663d7382152bf6f78fc2a37b254cea736bbce\DelayBuffer.\buf_re[2]' using process `$paramod$520663d7382152bf6f78fc2a37b254cea736bbce\DelayBuffer.$proc$../third_party/r22sdf/DelayBuffer.v:20$577'.
  created $dff cell `$procdff$1170' with positive edge clock.
Creating register for signal `$paramod$520663d7382152bf6f78fc2a37b254cea736bbce\DelayBuffer.\buf_re[3]' using process `$paramod$520663d7382152bf6f78fc2a37b254cea736bbce\DelayBuffer.$proc$../third_party/r22sdf/DelayBuffer.v:20$577'.
  created $dff cell `$procdff$1171' with positive edge clock.
Creating register for signal `$paramod$520663d7382152bf6f78fc2a37b254cea736bbce\DelayBuffer.\buf_re[4]' using process `$paramod$520663d7382152bf6f78fc2a37b254cea736bbce\DelayBuffer.$proc$../third_party/r22sdf/DelayBuffer.v:20$577'.
  created $dff cell `$procdff$1172' with positive edge clock.
Creating register for signal `$paramod$520663d7382152bf6f78fc2a37b254cea736bbce\DelayBuffer.\buf_re[5]' using process `$paramod$520663d7382152bf6f78fc2a37b254cea736bbce\DelayBuffer.$proc$../third_party/r22sdf/DelayBuffer.v:20$577'.
  created $dff cell `$procdff$1173' with positive edge clock.
Creating register for signal `$paramod$520663d7382152bf6f78fc2a37b254cea736bbce\DelayBuffer.\buf_re[6]' using process `$paramod$520663d7382152bf6f78fc2a37b254cea736bbce\DelayBuffer.$proc$../third_party/r22sdf/DelayBuffer.v:20$577'.
  created $dff cell `$procdff$1174' with positive edge clock.
Creating register for signal `$paramod$520663d7382152bf6f78fc2a37b254cea736bbce\DelayBuffer.\buf_re[7]' using process `$paramod$520663d7382152bf6f78fc2a37b254cea736bbce\DelayBuffer.$proc$../third_party/r22sdf/DelayBuffer.v:20$577'.
  created $dff cell `$procdff$1175' with positive edge clock.
Creating register for signal `$paramod$520663d7382152bf6f78fc2a37b254cea736bbce\DelayBuffer.\buf_im[0]' using process `$paramod$520663d7382152bf6f78fc2a37b254cea736bbce\DelayBuffer.$proc$../third_party/r22sdf/DelayBuffer.v:20$577'.
  created $dff cell `$procdff$1176' with positive edge clock.
Creating register for signal `$paramod$520663d7382152bf6f78fc2a37b254cea736bbce\DelayBuffer.\buf_im[1]' using process `$paramod$520663d7382152bf6f78fc2a37b254cea736bbce\DelayBuffer.$proc$../third_party/r22sdf/DelayBuffer.v:20$577'.
  created $dff cell `$procdff$1177' with positive edge clock.
Creating register for signal `$paramod$520663d7382152bf6f78fc2a37b254cea736bbce\DelayBuffer.\buf_im[2]' using process `$paramod$520663d7382152bf6f78fc2a37b254cea736bbce\DelayBuffer.$proc$../third_party/r22sdf/DelayBuffer.v:20$577'.
  created $dff cell `$procdff$1178' with positive edge clock.
Creating register for signal `$paramod$520663d7382152bf6f78fc2a37b254cea736bbce\DelayBuffer.\buf_im[3]' using process `$paramod$520663d7382152bf6f78fc2a37b254cea736bbce\DelayBuffer.$proc$../third_party/r22sdf/DelayBuffer.v:20$577'.
  created $dff cell `$procdff$1179' with positive edge clock.
Creating register for signal `$paramod$520663d7382152bf6f78fc2a37b254cea736bbce\DelayBuffer.\buf_im[4]' using process `$paramod$520663d7382152bf6f78fc2a37b254cea736bbce\DelayBuffer.$proc$../third_party/r22sdf/DelayBuffer.v:20$577'.
  created $dff cell `$procdff$1180' with positive edge clock.
Creating register for signal `$paramod$520663d7382152bf6f78fc2a37b254cea736bbce\DelayBuffer.\buf_im[5]' using process `$paramod$520663d7382152bf6f78fc2a37b254cea736bbce\DelayBuffer.$proc$../third_party/r22sdf/DelayBuffer.v:20$577'.
  created $dff cell `$procdff$1181' with positive edge clock.
Creating register for signal `$paramod$520663d7382152bf6f78fc2a37b254cea736bbce\DelayBuffer.\buf_im[6]' using process `$paramod$520663d7382152bf6f78fc2a37b254cea736bbce\DelayBuffer.$proc$../third_party/r22sdf/DelayBuffer.v:20$577'.
  created $dff cell `$procdff$1182' with positive edge clock.
Creating register for signal `$paramod$520663d7382152bf6f78fc2a37b254cea736bbce\DelayBuffer.\buf_im[7]' using process `$paramod$520663d7382152bf6f78fc2a37b254cea736bbce\DelayBuffer.$proc$../third_party/r22sdf/DelayBuffer.v:20$577'.
  created $dff cell `$procdff$1183' with positive edge clock.
Creating register for signal `$paramod$e8759a57fc147882a254734ce5d86afa730d93e5\DelayBuffer.\n' using process `$paramod$e8759a57fc147882a254734ce5d86afa730d93e5\DelayBuffer.$proc$../third_party/r22sdf/DelayBuffer.v:20$576'.
  created $dff cell `$procdff$1184' with positive edge clock.
Creating register for signal `$paramod$e8759a57fc147882a254734ce5d86afa730d93e5\DelayBuffer.\buf_re[0]' using process `$paramod$e8759a57fc147882a254734ce5d86afa730d93e5\DelayBuffer.$proc$../third_party/r22sdf/DelayBuffer.v:20$576'.
  created $dff cell `$procdff$1185' with positive edge clock.
Creating register for signal `$paramod$e8759a57fc147882a254734ce5d86afa730d93e5\DelayBuffer.\buf_re[1]' using process `$paramod$e8759a57fc147882a254734ce5d86afa730d93e5\DelayBuffer.$proc$../third_party/r22sdf/DelayBuffer.v:20$576'.
  created $dff cell `$procdff$1186' with positive edge clock.
Creating register for signal `$paramod$e8759a57fc147882a254734ce5d86afa730d93e5\DelayBuffer.\buf_re[2]' using process `$paramod$e8759a57fc147882a254734ce5d86afa730d93e5\DelayBuffer.$proc$../third_party/r22sdf/DelayBuffer.v:20$576'.
  created $dff cell `$procdff$1187' with positive edge clock.
Creating register for signal `$paramod$e8759a57fc147882a254734ce5d86afa730d93e5\DelayBuffer.\buf_re[3]' using process `$paramod$e8759a57fc147882a254734ce5d86afa730d93e5\DelayBuffer.$proc$../third_party/r22sdf/DelayBuffer.v:20$576'.
  created $dff cell `$procdff$1188' with positive edge clock.
Creating register for signal `$paramod$e8759a57fc147882a254734ce5d86afa730d93e5\DelayBuffer.\buf_im[0]' using process `$paramod$e8759a57fc147882a254734ce5d86afa730d93e5\DelayBuffer.$proc$../third_party/r22sdf/DelayBuffer.v:20$576'.
  created $dff cell `$procdff$1189' with positive edge clock.
Creating register for signal `$paramod$e8759a57fc147882a254734ce5d86afa730d93e5\DelayBuffer.\buf_im[1]' using process `$paramod$e8759a57fc147882a254734ce5d86afa730d93e5\DelayBuffer.$proc$../third_party/r22sdf/DelayBuffer.v:20$576'.
  created $dff cell `$procdff$1190' with positive edge clock.
Creating register for signal `$paramod$e8759a57fc147882a254734ce5d86afa730d93e5\DelayBuffer.\buf_im[2]' using process `$paramod$e8759a57fc147882a254734ce5d86afa730d93e5\DelayBuffer.$proc$../third_party/r22sdf/DelayBuffer.v:20$576'.
  created $dff cell `$procdff$1191' with positive edge clock.
Creating register for signal `$paramod$e8759a57fc147882a254734ce5d86afa730d93e5\DelayBuffer.\buf_im[3]' using process `$paramod$e8759a57fc147882a254734ce5d86afa730d93e5\DelayBuffer.$proc$../third_party/r22sdf/DelayBuffer.v:20$576'.
  created $dff cell `$procdff$1192' with positive edge clock.
Creating register for signal `$paramod$e31bf182a78b6901a30a1eec46d5e35479708b24\DelayBuffer.\n' using process `$paramod$e31bf182a78b6901a30a1eec46d5e35479708b24\DelayBuffer.$proc$../third_party/r22sdf/DelayBuffer.v:20$575'.
  created $dff cell `$procdff$1193' with positive edge clock.
Creating register for signal `$paramod$e31bf182a78b6901a30a1eec46d5e35479708b24\DelayBuffer.\buf_re[0]' using process `$paramod$e31bf182a78b6901a30a1eec46d5e35479708b24\DelayBuffer.$proc$../third_party/r22sdf/DelayBuffer.v:20$575'.
  created $dff cell `$procdff$1194' with positive edge clock.
Creating register for signal `$paramod$e31bf182a78b6901a30a1eec46d5e35479708b24\DelayBuffer.\buf_re[1]' using process `$paramod$e31bf182a78b6901a30a1eec46d5e35479708b24\DelayBuffer.$proc$../third_party/r22sdf/DelayBuffer.v:20$575'.
  created $dff cell `$procdff$1195' with positive edge clock.
Creating register for signal `$paramod$e31bf182a78b6901a30a1eec46d5e35479708b24\DelayBuffer.\buf_im[0]' using process `$paramod$e31bf182a78b6901a30a1eec46d5e35479708b24\DelayBuffer.$proc$../third_party/r22sdf/DelayBuffer.v:20$575'.
  created $dff cell `$procdff$1196' with positive edge clock.
Creating register for signal `$paramod$e31bf182a78b6901a30a1eec46d5e35479708b24\DelayBuffer.\buf_im[1]' using process `$paramod$e31bf182a78b6901a30a1eec46d5e35479708b24\DelayBuffer.$proc$../third_party/r22sdf/DelayBuffer.v:20$575'.
  created $dff cell `$procdff$1197' with positive edge clock.
Creating register for signal `$paramod$17914cfb50699f154dc59f1c3f8fd47b6e195f44\DelayBuffer.\n' using process `$paramod$17914cfb50699f154dc59f1c3f8fd47b6e195f44\DelayBuffer.$proc$../third_party/r22sdf/DelayBuffer.v:20$574'.
  created $dff cell `$procdff$1198' with positive edge clock.
Creating register for signal `$paramod$17914cfb50699f154dc59f1c3f8fd47b6e195f44\DelayBuffer.\buf_re[0]' using process `$paramod$17914cfb50699f154dc59f1c3f8fd47b6e195f44\DelayBuffer.$proc$../third_party/r22sdf/DelayBuffer.v:20$574'.
  created $dff cell `$procdff$1199' with positive edge clock.
Creating register for signal `$paramod$17914cfb50699f154dc59f1c3f8fd47b6e195f44\DelayBuffer.\buf_im[0]' using process `$paramod$17914cfb50699f154dc59f1c3f8fd47b6e195f44\DelayBuffer.$proc$../third_party/r22sdf/DelayBuffer.v:20$574'.
  created $dff cell `$procdff$1200' with positive edge clock.
Creating register for signal `\peweaver_ppa_reset_sync_128.\sync_ff' using process `\peweaver_ppa_reset_sync_128.$proc$rtl/peweaver_ppa_fft128.v:18$1'.
  created $adff cell `$procdff$1203' with positive edge clock and positive level reset.

11.2.10. Executing PROC_MEMWR pass (convert process memory writes to cells).

11.2.11. Executing PROC_CLEAN pass (remove empty switches from decision trees).
Removing empty process `$paramod$468b6055748c1a70021cd219779b5d26906274a5\DelayBuffer.$proc$../third_party/r22sdf/DelayBuffer.v:20$561'.
Removing empty process `$paramod$c542f2cdb8cf3fb2f7011f6438933e7913c8a609\DelayBuffer.$proc$../third_party/r22sdf/DelayBuffer.v:20$548'.
Removing empty process `$paramod$9ca5e247a0178b82f50f6db69488375424044dda\SdfUnit.$proc$../third_party/r22sdf/SdfUnit.v:264$537'.
Removing empty process `$paramod$9ca5e247a0178b82f50f6db69488375424044dda\SdfUnit.$proc$../third_party/r22sdf/SdfUnit.v:259$534'.
Removing empty process `$paramod$9ca5e247a0178b82f50f6db69488375424044dda\SdfUnit.$proc$../third_party/r22sdf/SdfUnit.v:243$530'.
Removing empty process `$paramod$9ca5e247a0178b82f50f6db69488375424044dda\SdfUnit.$proc$../third_party/r22sdf/SdfUnit.v:219$527'.
Removing empty process `$paramod$9ca5e247a0178b82f50f6db69488375424044dda\SdfUnit.$proc$../third_party/r22sdf/SdfUnit.v:214$526'.
Removing empty process `$paramod$9ca5e247a0178b82f50f6db69488375424044dda\SdfUnit.$proc$../third_party/r22sdf/SdfUnit.v:209$522'.
Removing empty process `$paramod$9ca5e247a0178b82f50f6db69488375424044dda\SdfUnit.$proc$../third_party/r22sdf/SdfUnit.v:199$517'.
Removing empty process `$paramod$9ca5e247a0178b82f50f6db69488375424044dda\SdfUnit.$proc$../third_party/r22sdf/SdfUnit.v:163$508'.
Removing empty process `$paramod$9ca5e247a0178b82f50f6db69488375424044dda\SdfUnit.$proc$../third_party/r22sdf/SdfUnit.v:155$507'.
Removing empty process `$paramod$9ca5e247a0178b82f50f6db69488375424044dda\SdfUnit.$proc$../third_party/r22sdf/SdfUnit.v:142$499'.
Removing empty process `$paramod$9ca5e247a0178b82f50f6db69488375424044dda\SdfUnit.$proc$../third_party/r22sdf/SdfUnit.v:103$485'.
Removing empty process `$paramod$fe7cc57cd3904973768bae95b58499efa37dd589\SdfUnit.$proc$../third_party/r22sdf/SdfUnit.v:264$482'.
Removing empty process `$paramod$fe7cc57cd3904973768bae95b58499efa37dd589\SdfUnit.$proc$../third_party/r22sdf/SdfUnit.v:259$479'.
Removing empty process `$paramod$fe7cc57cd3904973768bae95b58499efa37dd589\SdfUnit.$proc$../third_party/r22sdf/SdfUnit.v:243$475'.
Removing empty process `$paramod$fe7cc57cd3904973768bae95b58499efa37dd589\SdfUnit.$proc$../third_party/r22sdf/SdfUnit.v:219$472'.
Removing empty process `$paramod$fe7cc57cd3904973768bae95b58499efa37dd589\SdfUnit.$proc$../third_party/r22sdf/SdfUnit.v:214$471'.
Removing empty process `$paramod$fe7cc57cd3904973768bae95b58499efa37dd589\SdfUnit.$proc$../third_party/r22sdf/SdfUnit.v:209$467'.
Removing empty process `$paramod$fe7cc57cd3904973768bae95b58499efa37dd589\SdfUnit.$proc$../third_party/r22sdf/SdfUnit.v:199$462'.
Removing empty process `$paramod$fe7cc57cd3904973768bae95b58499efa37dd589\SdfUnit.$proc$../third_party/r22sdf/SdfUnit.v:163$453'.
Removing empty process `$paramod$fe7cc57cd3904973768bae95b58499efa37dd589\SdfUnit.$proc$../third_party/r22sdf/SdfUnit.v:155$452'.
Removing empty process `$paramod$fe7cc57cd3904973768bae95b58499efa37dd589\SdfUnit.$proc$../third_party/r22sdf/SdfUnit.v:142$444'.
Removing empty process `$paramod$fe7cc57cd3904973768bae95b58499efa37dd589\SdfUnit.$proc$../third_party/r22sdf/SdfUnit.v:103$430'.
Removing empty process `$paramod$2ddc66fc3ffa8db41a4fa756ec19a2c9a0dc42f0\SdfUnit.$proc$../third_party/r22sdf/SdfUnit.v:264$427'.
Removing empty process `$paramod$2ddc66fc3ffa8db41a4fa756ec19a2c9a0dc42f0\SdfUnit.$proc$../third_party/r22sdf/SdfUnit.v:259$424'.
Removing empty process `$paramod$2ddc66fc3ffa8db41a4fa756ec19a2c9a0dc42f0\SdfUnit.$proc$../third_party/r22sdf/SdfUnit.v:243$420'.
Removing empty process `$paramod$2ddc66fc3ffa8db41a4fa756ec19a2c9a0dc42f0\SdfUnit.$proc$../third_party/r22sdf/SdfUnit.v:219$417'.
Removing empty process `$paramod$2ddc66fc3ffa8db41a4fa756ec19a2c9a0dc42f0\SdfUnit.$proc$../third_party/r22sdf/SdfUnit.v:214$416'.
Removing empty process `$paramod$2ddc66fc3ffa8db41a4fa756ec19a2c9a0dc42f0\SdfUnit.$proc$../third_party/r22sdf/SdfUnit.v:209$412'.
Removing empty process `$paramod$2ddc66fc3ffa8db41a4fa756ec19a2c9a0dc42f0\SdfUnit.$proc$../third_party/r22sdf/SdfUnit.v:199$407'.
Removing empty process `$paramod$2ddc66fc3ffa8db41a4fa756ec19a2c9a0dc42f0\SdfUnit.$proc$../third_party/r22sdf/SdfUnit.v:163$398'.
Removing empty process `$paramod$2ddc66fc3ffa8db41a4fa756ec19a2c9a0dc42f0\SdfUnit.$proc$../third_party/r22sdf/SdfUnit.v:155$397'.
Removing empty process `$paramod$2ddc66fc3ffa8db41a4fa756ec19a2c9a0dc42f0\SdfUnit.$proc$../third_party/r22sdf/SdfUnit.v:142$389'.
Removing empty process `$paramod$2ddc66fc3ffa8db41a4fa756ec19a2c9a0dc42f0\SdfUnit.$proc$../third_party/r22sdf/SdfUnit.v:103$375'.
Removing empty process `$paramod\SdfUnit2\WIDTH=s32'00000000000000000000000000010000.$proc$../third_party/r22sdf/SdfUnit2.v:89$372'.
Removing empty process `$paramod\SdfUnit2\WIDTH=s32'00000000000000000000000000010000.$proc$../third_party/r22sdf/SdfUnit2.v:79$371'.
Removing empty process `$paramod\SdfUnit2\WIDTH=s32'00000000000000000000000000010000.$proc$../third_party/r22sdf/SdfUnit2.v:41$360'.
Removing empty process `Twiddle.$proc$../third_party/r22sdf/Twiddle128.v:166$359'.
Removing empty process `Twiddle.$proc$../third_party/r22sdf/Twiddle128.v:166$358'.
Removing empty process `Twiddle.$proc$../third_party/r22sdf/Twiddle128.v:165$357'.
Removing empty process `Twiddle.$proc$../third_party/r22sdf/Twiddle128.v:165$356'.
Removing empty process `Twiddle.$proc$../third_party/r22sdf/Twiddle128.v:164$355'.
Removing empty process `Twiddle.$proc$../third_party/r22sdf/Twiddle128.v:164$354'.
Removing empty process `Twiddle.$proc$../third_party/r22sdf/Twiddle128.v:163$353'.
Removing empty process `Twiddle.$proc$../third_party/r22sdf/Twiddle128.v:163$352'.
Removing empty process `Twiddle.$proc$../third_party/r22sdf/Twiddle128.v:162$351'.
Removing empty process `Twiddle.$proc$../third_party/r22sdf/Twiddle128.v:162$350'.
Removing empty process `Twiddle.$proc$../third_party/r22sdf/Twiddle128.v:161$349'.
Removing empty process `Twiddle.$proc$../third_party/r22sdf/Twiddle128.v:161$348'.
Removing empty process `Twiddle.$proc$../third_party/r22sdf/Twiddle128.v:160$347'.
Removing empty process `Twiddle.$proc$../third_party/r22sdf/Twiddle128.v:160$346'.
Removing empty process `Twiddle.$proc$../third_party/r22sdf/Twiddle128.v:159$345'.
Removing empty process `Twiddle.$proc$../third_party/r22sdf/Twiddle128.v:159$344'.
Removing empty process `Twiddle.$proc$../third_party/r22sdf/Twiddle128.v:158$343'.
Removing empty process `Twiddle.$proc$../third_party/r22sdf/Twiddle128.v:158$342'.
Removing empty process `Twiddle.$proc$../third_party/r22sdf/Twiddle128.v:157$341'.
Removing empty process `Twiddle.$proc$../third_party/r22sdf/Twiddle128.v:157$340'.
Removing empty process `Twiddle.$proc$../third_party/r22sdf/Twiddle128.v:156$339'.
Removing empty process `Twiddle.$proc$../third_party/r22sdf/Twiddle128.v:156$338'.
Removing empty process `Twiddle.$proc$../third_party/r22sdf/Twiddle128.v:155$337'.
Removing empty process `Twiddle.$proc$../third_party/r22sdf/Twiddle128.v:155$336'.
Removing empty process `Twiddle.$proc$../third_party/r22sdf/Twiddle128.v:154$335'.
Removing empty process `Twiddle.$proc$../third_party/r22sdf/Twiddle128.v:154$334'.
Removing empty process `Twiddle.$proc$../third_party/r22sdf/Twiddle128.v:153$333'.
Removing empty process `Twiddle.$proc$../third_party/r22sdf/Twiddle128.v:153$332'.
Removing empty process `Twiddle.$proc$../third_party/r22sdf/Twiddle128.v:152$331'.
Removing empty process `Twiddle.$proc$../third_party/r22sdf/Twiddle128.v:152$330'.
Removing empty process `Twiddle.$proc$../third_party/r22sdf/Twiddle128.v:151$329'.
Removing empty process `Twiddle.$proc$../third_party/r22sdf/Twiddle128.v:151$328'.
Removing empty process `Twiddle.$proc$../third_party/r22sdf/Twiddle128.v:150$327'.
Removing empty process `Twiddle.$proc$../third_party/r22sdf/Twiddle128.v:150$326'.
Removing empty process `Twiddle.$proc$../third_party/r22sdf/Twiddle128.v:149$325'.
Removing empty process `Twiddle.$proc$../third_party/r22sdf/Twiddle128.v:149$324'.
Removing empty process `Twiddle.$proc$../third_party/r22sdf/Twiddle128.v:148$323'.
Removing empty process `Twiddle.$proc$../third_party/r22sdf/Twiddle128.v:148$322'.
Removing empty process `Twiddle.$proc$../third_party/r22sdf/Twiddle128.v:147$321'.
Removing empty process `Twiddle.$proc$../third_party/r22sdf/Twiddle128.v:147$320'.
Removing empty process `Twiddle.$proc$../third_party/r22sdf/Twiddle128.v:146$319'.
Removing empty process `Twiddle.$proc$../third_party/r22sdf/Twiddle128.v:146$318'.
Removing empty process `Twiddle.$proc$../third_party/r22sdf/Twiddle128.v:145$317'.
Removing empty process `Twiddle.$proc$../third_party/r22sdf/Twiddle128.v:145$316'.
Removing empty process `Twiddle.$proc$../third_party/r22sdf/Twiddle128.v:144$315'.
Removing empty process `Twiddle.$proc$../third_party/r22sdf/Twiddle128.v:144$314'.
Removing empty process `Twiddle.$proc$../third_party/r22sdf/Twiddle128.v:143$313'.
Removing empty process `Twiddle.$proc$../third_party/r22sdf/Twiddle128.v:143$312'.
Removing empty process `Twiddle.$proc$../third_party/r22sdf/Twiddle128.v:142$311'.
Removing empty process `Twiddle.$proc$../third_party/r22sdf/Twiddle128.v:142$310'.
Removing empty process `Twiddle.$proc$../third_party/r22sdf/Twiddle128.v:141$309'.
Removing empty process `Twiddle.$proc$../third_party/r22sdf/Twiddle128.v:141$308'.
Removing empty process `Twiddle.$proc$../third_party/r22sdf/Twiddle128.v:140$307'.
Removing empty process `Twiddle.$proc$../third_party/r22sdf/Twiddle128.v:140$306'.
Removing empty process `Twiddle.$proc$../third_party/r22sdf/Twiddle128.v:139$305'.
Removing empty process `Twiddle.$proc$../third_party/r22sdf/Twiddle128.v:139$304'.
Removing empty process `Twiddle.$proc$../third_party/r22sdf/Twiddle128.v:138$303'.
Removing empty process `Twiddle.$proc$../third_party/r22sdf/Twiddle128.v:138$302'.
Removing empty process `Twiddle.$proc$../third_party/r22sdf/Twiddle128.v:137$301'.
Removing empty process `Twiddle.$proc$../third_party/r22sdf/Twiddle128.v:137$300'.
Removing empty process `Twiddle.$proc$../third_party/r22sdf/Twiddle128.v:136$299'.
Removing empty process `Twiddle.$proc$../third_party/r22sdf/Twiddle128.v:136$298'.
Removing empty process `Twiddle.$proc$../third_party/r22sdf/Twiddle128.v:135$297'.
Removing empty process `Twiddle.$proc$../third_party/r22sdf/Twiddle128.v:135$296'.
Removing empty process `Twiddle.$proc$../third_party/r22sdf/Twiddle128.v:134$295'.
Removing empty process `Twiddle.$proc$../third_party/r22sdf/Twiddle128.v:134$294'.
Removing empty process `Twiddle.$proc$../third_party/r22sdf/Twiddle128.v:133$293'.
Removing empty process `Twiddle.$proc$../third_party/r22sdf/Twiddle128.v:133$292'.
Removing empty process `Twiddle.$proc$../third_party/r22sdf/Twiddle128.v:132$291'.
Removing empty process `Twiddle.$proc$../third_party/r22sdf/Twiddle128.v:132$290'.
Removing empty process `Twiddle.$proc$../third_party/r22sdf/Twiddle128.v:131$289'.
Removing empty process `Twiddle.$proc$../third_party/r22sdf/Twiddle128.v:131$288'.
Removing empty process `Twiddle.$proc$../third_party/r22sdf/Twiddle128.v:130$287'.
Removing empty process `Twiddle.$proc$../third_party/r22sdf/Twiddle128.v:130$286'.
Removing empty process `Twiddle.$proc$../third_party/r22sdf/Twiddle128.v:129$285'.
Removing empty process `Twiddle.$proc$../third_party/r22sdf/Twiddle128.v:129$284'.
Removing empty process `Twiddle.$proc$../third_party/r22sdf/Twiddle128.v:128$283'.
Removing empty process `Twiddle.$proc$../third_party/r22sdf/Twiddle128.v:128$282'.
Removing empty process `Twiddle.$proc$../third_party/r22sdf/Twiddle128.v:127$281'.
Removing empty process `Twiddle.$proc$../third_party/r22sdf/Twiddle128.v:127$280'.
Removing empty process `Twiddle.$proc$../third_party/r22sdf/Twiddle128.v:126$279'.
Removing empty process `Twiddle.$proc$../third_party/r22sdf/Twiddle128.v:126$278'.
Removing empty process `Twiddle.$proc$../third_party/r22sdf/Twiddle128.v:125$277'.
Removing empty process `Twiddle.$proc$../third_party/r22sdf/Twiddle128.v:125$276'.
Removing empty process `Twiddle.$proc$../third_party/r22sdf/Twiddle128.v:124$275'.
Removing empty process `Twiddle.$proc$../third_party/r22sdf/Twiddle128.v:124$274'.
Removing empty process `Twiddle.$proc$../third_party/r22sdf/Twiddle128.v:123$273'.
Removing empty process `Twiddle.$proc$../third_party/r22sdf/Twiddle128.v:123$272'.
Removing empty process `Twiddle.$proc$../third_party/r22sdf/Twiddle128.v:122$271'.
Removing empty process `Twiddle.$proc$../third_party/r22sdf/Twiddle128.v:122$270'.
Removing empty process `Twiddle.$proc$../third_party/r22sdf/Twiddle128.v:121$269'.
Removing empty process `Twiddle.$proc$../third_party/r22sdf/Twiddle128.v:121$268'.
Removing empty process `Twiddle.$proc$../third_party/r22sdf/Twiddle128.v:120$267'.
Removing empty process `Twiddle.$proc$../third_party/r22sdf/Twiddle128.v:120$266'.
Removing empty process `Twiddle.$proc$../third_party/r22sdf/Twiddle128.v:119$265'.
Removing empty process `Twiddle.$proc$../third_party/r22sdf/Twiddle128.v:119$264'.
Removing empty process `Twiddle.$proc$../third_party/r22sdf/Twiddle128.v:118$263'.
Removing empty process `Twiddle.$proc$../third_party/r22sdf/Twiddle128.v:118$262'.
Removing empty process `Twiddle.$proc$../third_party/r22sdf/Twiddle128.v:117$261'.
Removing empty process `Twiddle.$proc$../third_party/r22sdf/Twiddle128.v:117$260'.
Removing empty process `Twiddle.$proc$../third_party/r22sdf/Twiddle128.v:116$259'.
Removing empty process `Twiddle.$proc$../third_party/r22sdf/Twiddle128.v:116$258'.
Removing empty process `Twiddle.$proc$../third_party/r22sdf/Twiddle128.v:115$257'.
Removing empty process `Twiddle.$proc$../third_party/r22sdf/Twiddle128.v:115$256'.
Removing empty process `Twiddle.$proc$../third_party/r22sdf/Twiddle128.v:114$255'.
Removing empty process `Twiddle.$proc$../third_party/r22sdf/Twiddle128.v:114$254'.
Removing empty process `Twiddle.$proc$../third_party/r22sdf/Twiddle128.v:113$253'.
Removing empty process `Twiddle.$proc$../third_party/r22sdf/Twiddle128.v:113$252'.
Removing empty process `Twiddle.$proc$../third_party/r22sdf/Twiddle128.v:112$251'.
Removing empty process `Twiddle.$proc$../third_party/r22sdf/Twiddle128.v:112$250'.
Removing empty process `Twiddle.$proc$../third_party/r22sdf/Twiddle128.v:111$249'.
Removing empty process `Twiddle.$proc$../third_party/r22sdf/Twiddle128.v:111$248'.
Removing empty process `Twiddle.$proc$../third_party/r22sdf/Twiddle128.v:110$247'.
Removing empty process `Twiddle.$proc$../third_party/r22sdf/Twiddle128.v:110$246'.
Removing empty process `Twiddle.$proc$../third_party/r22sdf/Twiddle128.v:109$245'.
Removing empty process `Twiddle.$proc$../third_party/r22sdf/Twiddle128.v:109$244'.
Removing empty process `Twiddle.$proc$../third_party/r22sdf/Twiddle128.v:108$243'.
Removing empty process `Twiddle.$proc$../third_party/r22sdf/Twiddle128.v:108$242'.
Removing empty process `Twiddle.$proc$../third_party/r22sdf/Twiddle128.v:107$241'.
Removing empty process `Twiddle.$proc$../third_party/r22sdf/Twiddle128.v:107$240'.
Removing empty process `Twiddle.$proc$../third_party/r22sdf/Twiddle128.v:106$239'.
Removing empty process `Twiddle.$proc$../third_party/r22sdf/Twiddle128.v:106$238'.
Removing empty process `Twiddle.$proc$../third_party/r22sdf/Twiddle128.v:105$237'.
Removing empty process `Twiddle.$proc$../third_party/r22sdf/Twiddle128.v:105$236'.
Removing empty process `Twiddle.$proc$../third_party/r22sdf/Twiddle128.v:104$235'.
Removing empty process `Twiddle.$proc$../third_party/r22sdf/Twiddle128.v:104$234'.
Removing empty process `Twiddle.$proc$../third_party/r22sdf/Twiddle128.v:103$233'.
Removing empty process `Twiddle.$proc$../third_party/r22sdf/Twiddle128.v:103$232'.
Removing empty process `Twiddle.$proc$../third_party/r22sdf/Twiddle128.v:102$231'.
Removing empty process `Twiddle.$proc$../third_party/r22sdf/Twiddle128.v:102$230'.
Removing empty process `Twiddle.$proc$../third_party/r22sdf/Twiddle128.v:101$229'.
Removing empty process `Twiddle.$proc$../third_party/r22sdf/Twiddle128.v:101$228'.
Removing empty process `Twiddle.$proc$../third_party/r22sdf/Twiddle128.v:100$227'.
Removing empty process `Twiddle.$proc$../third_party/r22sdf/Twiddle128.v:100$226'.
Removing empty process `Twiddle.$proc$../third_party/r22sdf/Twiddle128.v:99$225'.
Removing empty process `Twiddle.$proc$../third_party/r22sdf/Twiddle128.v:99$224'.
Removing empty process `Twiddle.$proc$../third_party/r22sdf/Twiddle128.v:98$223'.
Removing empty process `Twiddle.$proc$../third_party/r22sdf/Twiddle128.v:98$222'.
Removing empty process `Twiddle.$proc$../third_party/r22sdf/Twiddle128.v:97$221'.
Removing empty process `Twiddle.$proc$../third_party/r22sdf/Twiddle128.v:97$220'.
Removing empty process `Twiddle.$proc$../third_party/r22sdf/Twiddle128.v:96$219'.
Removing empty process `Twiddle.$proc$../third_party/r22sdf/Twiddle128.v:96$218'.
Removing empty process `Twiddle.$proc$../third_party/r22sdf/Twiddle128.v:95$217'.
Removing empty process `Twiddle.$proc$../third_party/r22sdf/Twiddle128.v:95$216'.
Removing empty process `Twiddle.$proc$../third_party/r22sdf/Twiddle128.v:94$215'.
Removing empty process `Twiddle.$proc$../third_party/r22sdf/Twiddle128.v:94$214'.
Removing empty process `Twiddle.$proc$../third_party/r22sdf/Twiddle128.v:93$213'.
Removing empty process `Twiddle.$proc$../third_party/r22sdf/Twiddle128.v:93$212'.
Removing empty process `Twiddle.$proc$../third_party/r22sdf/Twiddle128.v:92$211'.
Removing empty process `Twiddle.$proc$../third_party/r22sdf/Twiddle128.v:92$210'.
Removing empty process `Twiddle.$proc$../third_party/r22sdf/Twiddle128.v:91$209'.
Removing empty process `Twiddle.$proc$../third_party/r22sdf/Twiddle128.v:91$208'.
Removing empty process `Twiddle.$proc$../third_party/r22sdf/Twiddle128.v:90$207'.
Removing empty process `Twiddle.$proc$../third_party/r22sdf/Twiddle128.v:90$206'.
Removing empty process `Twiddle.$proc$../third_party/r22sdf/Twiddle128.v:89$205'.
Removing empty process `Twiddle.$proc$../third_party/r22sdf/Twiddle128.v:89$204'.
Removing empty process `Twiddle.$proc$../third_party/r22sdf/Twiddle128.v:88$203'.
Removing empty process `Twiddle.$proc$../third_party/r22sdf/Twiddle128.v:88$202'.
Removing empty process `Twiddle.$proc$../third_party/r22sdf/Twiddle128.v:87$201'.
Removing empty process `Twiddle.$proc$../third_party/r22sdf/Twiddle128.v:87$200'.
Removing empty process `Twiddle.$proc$../third_party/r22sdf/Twiddle128.v:86$199'.
Removing empty process `Twiddle.$proc$../third_party/r22sdf/Twiddle128.v:86$198'.
Removing empty process `Twiddle.$proc$../third_party/r22sdf/Twiddle128.v:85$197'.
Removing empty process `Twiddle.$proc$../third_party/r22sdf/Twiddle128.v:85$196'.
Removing empty process `Twiddle.$proc$../third_party/r22sdf/Twiddle128.v:84$195'.
Removing empty process `Twiddle.$proc$../third_party/r22sdf/Twiddle128.v:84$194'.
Removing empty process `Twiddle.$proc$../third_party/r22sdf/Twiddle128.v:83$193'.
Removing empty process `Twiddle.$proc$../third_party/r22sdf/Twiddle128.v:83$192'.
Removing empty process `Twiddle.$proc$../third_party/r22sdf/Twiddle128.v:82$191'.
Removing empty process `Twiddle.$proc$../third_party/r22sdf/Twiddle128.v:82$190'.
Removing empty process `Twiddle.$proc$../third_party/r22sdf/Twiddle128.v:81$189'.
Removing empty process `Twiddle.$proc$../third_party/r22sdf/Twiddle128.v:81$188'.
Removing empty process `Twiddle.$proc$../third_party/r22sdf/Twiddle128.v:80$187'.
Removing empty process `Twiddle.$proc$../third_party/r22sdf/Twiddle128.v:80$186'.
Removing empty process `Twiddle.$proc$../third_party/r22sdf/Twiddle128.v:79$185'.
Removing empty process `Twiddle.$proc$../third_party/r22sdf/Twiddle128.v:79$184'.
Removing empty process `Twiddle.$proc$../third_party/r22sdf/Twiddle128.v:78$183'.
Removing empty process `Twiddle.$proc$../third_party/r22sdf/Twiddle128.v:78$182'.
Removing empty process `Twiddle.$proc$../third_party/r22sdf/Twiddle128.v:77$181'.
Removing empty process `Twiddle.$proc$../third_party/r22sdf/Twiddle128.v:77$180'.
Removing empty process `Twiddle.$proc$../third_party/r22sdf/Twiddle128.v:76$179'.
Removing empty process `Twiddle.$proc$../third_party/r22sdf/Twiddle128.v:76$178'.
Removing empty process `Twiddle.$proc$../third_party/r22sdf/Twiddle128.v:75$177'.
Removing empty process `Twiddle.$proc$../third_party/r22sdf/Twiddle128.v:75$176'.
Removing empty process `Twiddle.$proc$../third_party/r22sdf/Twiddle128.v:74$175'.
Removing empty process `Twiddle.$proc$../third_party/r22sdf/Twiddle128.v:74$174'.
Removing empty process `Twiddle.$proc$../third_party/r22sdf/Twiddle128.v:73$173'.
Removing empty process `Twiddle.$proc$../third_party/r22sdf/Twiddle128.v:73$172'.
Removing empty process `Twiddle.$proc$../third_party/r22sdf/Twiddle128.v:72$171'.
Removing empty process `Twiddle.$proc$../third_party/r22sdf/Twiddle128.v:72$170'.
Removing empty process `Twiddle.$proc$../third_party/r22sdf/Twiddle128.v:71$169'.
Removing empty process `Twiddle.$proc$../third_party/r22sdf/Twiddle128.v:71$168'.
Removing empty process `Twiddle.$proc$../third_party/r22sdf/Twiddle128.v:70$167'.
Removing empty process `Twiddle.$proc$../third_party/r22sdf/Twiddle128.v:70$166'.
Removing empty process `Twiddle.$proc$../third_party/r22sdf/Twiddle128.v:69$165'.
Removing empty process `Twiddle.$proc$../third_party/r22sdf/Twiddle128.v:69$164'.
Removing empty process `Twiddle.$proc$../third_party/r22sdf/Twiddle128.v:68$163'.
Removing empty process `Twiddle.$proc$../third_party/r22sdf/Twiddle128.v:68$162'.
Removing empty process `Twiddle.$proc$../third_party/r22sdf/Twiddle128.v:67$161'.
Removing empty process `Twiddle.$proc$../third_party/r22sdf/Twiddle128.v:67$160'.
Removing empty process `Twiddle.$proc$../third_party/r22sdf/Twiddle128.v:66$159'.
Removing empty process `Twiddle.$proc$../third_party/r22sdf/Twiddle128.v:66$158'.
Removing empty process `Twiddle.$proc$../third_party/r22sdf/Twiddle128.v:65$157'.
Removing empty process `Twiddle.$proc$../third_party/r22sdf/Twiddle128.v:65$156'.
Removing empty process `Twiddle.$proc$../third_party/r22sdf/Twiddle128.v:64$155'.
Removing empty process `Twiddle.$proc$../third_party/r22sdf/Twiddle128.v:64$154'.
Removing empty process `Twiddle.$proc$../third_party/r22sdf/Twiddle128.v:63$153'.
Removing empty process `Twiddle.$proc$../third_party/r22sdf/Twiddle128.v:63$152'.
Removing empty process `Twiddle.$proc$../third_party/r22sdf/Twiddle128.v:62$151'.
Removing empty process `Twiddle.$proc$../third_party/r22sdf/Twiddle128.v:62$150'.
Removing empty process `Twiddle.$proc$../third_party/r22sdf/Twiddle128.v:61$149'.
Removing empty process `Twiddle.$proc$../third_party/r22sdf/Twiddle128.v:61$148'.
Removing empty process `Twiddle.$proc$../third_party/r22sdf/Twiddle128.v:60$147'.
Removing empty process `Twiddle.$proc$../third_party/r22sdf/Twiddle128.v:60$146'.
Removing empty process `Twiddle.$proc$../third_party/r22sdf/Twiddle128.v:59$145'.
Removing empty process `Twiddle.$proc$../third_party/r22sdf/Twiddle128.v:59$144'.
Removing empty process `Twiddle.$proc$../third_party/r22sdf/Twiddle128.v:58$143'.
Removing empty process `Twiddle.$proc$../third_party/r22sdf/Twiddle128.v:58$142'.
Removing empty process `Twiddle.$proc$../third_party/r22sdf/Twiddle128.v:57$141'.
Removing empty process `Twiddle.$proc$../third_party/r22sdf/Twiddle128.v:57$140'.
Removing empty process `Twiddle.$proc$../third_party/r22sdf/Twiddle128.v:56$139'.
Removing empty process `Twiddle.$proc$../third_party/r22sdf/Twiddle128.v:56$138'.
Removing empty process `Twiddle.$proc$../third_party/r22sdf/Twiddle128.v:55$137'.
Removing empty process `Twiddle.$proc$../third_party/r22sdf/Twiddle128.v:55$136'.
Removing empty process `Twiddle.$proc$../third_party/r22sdf/Twiddle128.v:54$135'.
Removing empty process `Twiddle.$proc$../third_party/r22sdf/Twiddle128.v:54$134'.
Removing empty process `Twiddle.$proc$../third_party/r22sdf/Twiddle128.v:53$133'.
Removing empty process `Twiddle.$proc$../third_party/r22sdf/Twiddle128.v:53$132'.
Removing empty process `Twiddle.$proc$../third_party/r22sdf/Twiddle128.v:52$131'.
Removing empty process `Twiddle.$proc$../third_party/r22sdf/Twiddle128.v:52$130'.
Removing empty process `Twiddle.$proc$../third_party/r22sdf/Twiddle128.v:51$129'.
Removing empty process `Twiddle.$proc$../third_party/r22sdf/Twiddle128.v:51$128'.
Removing empty process `Twiddle.$proc$../third_party/r22sdf/Twiddle128.v:50$127'.
Removing empty process `Twiddle.$proc$../third_party/r22sdf/Twiddle128.v:50$126'.
Removing empty process `Twiddle.$proc$../third_party/r22sdf/Twiddle128.v:49$125'.
Removing empty process `Twiddle.$proc$../third_party/r22sdf/Twiddle128.v:49$124'.
Removing empty process `Twiddle.$proc$../third_party/r22sdf/Twiddle128.v:48$123'.
Removing empty process `Twiddle.$proc$../third_party/r22sdf/Twiddle128.v:48$122'.
Removing empty process `Twiddle.$proc$../third_party/r22sdf/Twiddle128.v:47$121'.
Removing empty process `Twiddle.$proc$../third_party/r22sdf/Twiddle128.v:47$120'.
Removing empty process `Twiddle.$proc$../third_party/r22sdf/Twiddle128.v:46$119'.
Removing empty process `Twiddle.$proc$../third_party/r22sdf/Twiddle128.v:46$118'.
Removing empty process `Twiddle.$proc$../third_party/r22sdf/Twiddle128.v:45$117'.
Removing empty process `Twiddle.$proc$../third_party/r22sdf/Twiddle128.v:45$116'.
Removing empty process `Twiddle.$proc$../third_party/r22sdf/Twiddle128.v:44$115'.
Removing empty process `Twiddle.$proc$../third_party/r22sdf/Twiddle128.v:44$114'.
Removing empty process `Twiddle.$proc$../third_party/r22sdf/Twiddle128.v:43$113'.
Removing empty process `Twiddle.$proc$../third_party/r22sdf/Twiddle128.v:43$112'.
Removing empty process `Twiddle.$proc$../third_party/r22sdf/Twiddle128.v:42$111'.
Removing empty process `Twiddle.$proc$../third_party/r22sdf/Twiddle128.v:42$110'.
Removing empty process `Twiddle.$proc$../third_party/r22sdf/Twiddle128.v:41$109'.
Removing empty process `Twiddle.$proc$../third_party/r22sdf/Twiddle128.v:41$108'.
Removing empty process `Twiddle.$proc$../third_party/r22sdf/Twiddle128.v:40$107'.
Removing empty process `Twiddle.$proc$../third_party/r22sdf/Twiddle128.v:40$106'.
Removing empty process `Twiddle.$proc$../third_party/r22sdf/Twiddle128.v:39$105'.
Removing empty process `Twiddle.$proc$../third_party/r22sdf/Twiddle128.v:39$104'.
Found and cleaned up 1 empty switch in `\Twiddle.$proc$../third_party/r22sdf/Twiddle128.v:21$101'.
Removing empty process `Twiddle.$proc$../third_party/r22sdf/Twiddle128.v:21$101'.
Found and cleaned up 1 empty switch in `\Twiddle.$proc$../third_party/r22sdf/Twiddle128.v:20$98'.
Removing empty process `Twiddle.$proc$../third_party/r22sdf/Twiddle128.v:20$98'.
Removing empty process `Twiddle.$proc$../third_party/r22sdf/Twiddle128.v:23$97'.
Removing empty process `$paramod$6010395c8740f19344fd93aacef13621d2f67395\DelayBuffer.$proc$../third_party/r22sdf/DelayBuffer.v:20$578'.
Removing empty process `$paramod$520663d7382152bf6f78fc2a37b254cea736bbce\DelayBuffer.$proc$../third_party/r22sdf/DelayBuffer.v:20$577'.
Removing empty process `$paramod$e8759a57fc147882a254734ce5d86afa730d93e5\DelayBuffer.$proc$../third_party/r22sdf/DelayBuffer.v:20$576'.
Removing empty process `$paramod$e31bf182a78b6901a30a1eec46d5e35479708b24\DelayBuffer.$proc$../third_party/r22sdf/DelayBuffer.v:20$575'.
Removing empty process `$paramod$17914cfb50699f154dc59f1c3f8fd47b6e195f44\DelayBuffer.$proc$../third_party/r22sdf/DelayBuffer.v:20$574'.
Removing empty process `peweaver_ppa_reset_sync_128.$proc$rtl/peweaver_ppa_fft128.v:18$1'.
Cleaned up 2 empty switches.

11.2.12. Executing OPT_EXPR pass (perform const folding).
Optimizing module $paramod$468b6055748c1a70021cd219779b5d26906274a5\DelayBuffer.
Optimizing module $paramod$cc7e198dbe1c7d8352a2bac47477dedd9788e883\Butterfly.
<suppressed ~4 debug messages>
Optimizing module $paramod$c542f2cdb8cf3fb2f7011f6438933e7913c8a609\DelayBuffer.
Optimizing module $paramod\Multiply\WIDTH=s32'00000000000000000000000000010000.
<suppressed ~4 debug messages>
Optimizing module $paramod$9ca5e247a0178b82f50f6db69488375424044dda\SdfUnit.
<suppressed ~9 debug messages>
Optimizing module $paramod$fe7cc57cd3904973768bae95b58499efa37dd589\SdfUnit.
<suppressed ~9 debug messages>
Optimizing module $paramod$2ddc66fc3ffa8db41a4fa756ec19a2c9a0dc42f0\SdfUnit.
<suppressed ~9 debug messages>
Optimizing module $paramod\SdfUnit2\WIDTH=s32'00000000000000000000000000010000.
<suppressed ~3 debug messages>
Optimizing module $paramod\FFT\WIDTH=s32'00000000000000000000000000010000.
Optimizing module Twiddle.
<suppressed ~2 debug messages>
Optimizing module $paramod$6010395c8740f19344fd93aacef13621d2f67395\DelayBuffer.
Optimizing module $paramod$520663d7382152bf6f78fc2a37b254cea736bbce\DelayBuffer.
Optimizing module $paramod$e8759a57fc147882a254734ce5d86afa730d93e5\DelayBuffer.
Optimizing module $paramod$e31bf182a78b6901a30a1eec46d5e35479708b24\DelayBuffer.
Optimizing module $paramod$17914cfb50699f154dc59f1c3f8fd47b6e195f44\DelayBuffer.
Optimizing module $paramod$5480229501c9659b6947fa834aa4fdab0727c259\Butterfly.
<suppressed ~4 debug messages>
Optimizing module peweaver_halo_fft128_reference.
Optimizing module peweaver_ppa_fft128.
Optimizing module peweaver_ppa_reset_sync_128.
<suppressed ~1 debug messages>

11.3. Executing CHECK pass (checking for obvious problems).
Checking module $paramod$468b6055748c1a70021cd219779b5d26906274a5\DelayBuffer...
Checking module $paramod$cc7e198dbe1c7d8352a2bac47477dedd9788e883\Butterfly...
Checking module $paramod$c542f2cdb8cf3fb2f7011f6438933e7913c8a609\DelayBuffer...
Checking module $paramod\Multiply\WIDTH=s32'00000000000000000000000000010000...
Checking module $paramod$9ca5e247a0178b82f50f6db69488375424044dda\SdfUnit...
Checking module $paramod$fe7cc57cd3904973768bae95b58499efa37dd589\SdfUnit...
Checking module $paramod$2ddc66fc3ffa8db41a4fa756ec19a2c9a0dc42f0\SdfUnit...
Checking module $paramod\SdfUnit2\WIDTH=s32'00000000000000000000000000010000...
Checking module $paramod\FFT\WIDTH=s32'00000000000000000000000000010000...
Checking module Twiddle...
Checking module $paramod$6010395c8740f19344fd93aacef13621d2f67395\DelayBuffer...
Checking module $paramod$520663d7382152bf6f78fc2a37b254cea736bbce\DelayBuffer...
Checking module $paramod$e8759a57fc147882a254734ce5d86afa730d93e5\DelayBuffer...
Checking module $paramod$e31bf182a78b6901a30a1eec46d5e35479708b24\DelayBuffer...
Checking module $paramod$17914cfb50699f154dc59f1c3f8fd47b6e195f44\DelayBuffer...
Checking module $paramod$5480229501c9659b6947fa834aa4fdab0727c259\Butterfly...
Checking module peweaver_halo_fft128_reference...
Checking module peweaver_ppa_fft128...
Checking module peweaver_ppa_reset_sync_128...
Found and reported 0 problems.

11.4. Executing FLATTEN pass (flatten design).
Deleting now unused module $paramod$468b6055748c1a70021cd219779b5d26906274a5\DelayBuffer.
Deleting now unused module $paramod$cc7e198dbe1c7d8352a2bac47477dedd9788e883\Butterfly.
Deleting now unused module $paramod$c542f2cdb8cf3fb2f7011f6438933e7913c8a609\DelayBuffer.
Deleting now unused module $paramod\Multiply\WIDTH=s32'00000000000000000000000000010000.
Deleting now unused module $paramod$9ca5e247a0178b82f50f6db69488375424044dda\SdfUnit.
Deleting now unused module $paramod$fe7cc57cd3904973768bae95b58499efa37dd589\SdfUnit.
Deleting now unused module $paramod$2ddc66fc3ffa8db41a4fa756ec19a2c9a0dc42f0\SdfUnit.
Deleting now unused module $paramod\SdfUnit2\WIDTH=s32'00000000000000000000000000010000.
Deleting now unused module $paramod\FFT\WIDTH=s32'00000000000000000000000000010000.
Deleting now unused module Twiddle.
Deleting now unused module $paramod$6010395c8740f19344fd93aacef13621d2f67395\DelayBuffer.
Deleting now unused module $paramod$520663d7382152bf6f78fc2a37b254cea736bbce\DelayBuffer.
Deleting now unused module $paramod$e8759a57fc147882a254734ce5d86afa730d93e5\DelayBuffer.
Deleting now unused module $paramod$e31bf182a78b6901a30a1eec46d5e35479708b24\DelayBuffer.
Deleting now unused module $paramod$17914cfb50699f154dc59f1c3f8fd47b6e195f44\DelayBuffer.
Deleting now unused module $paramod$5480229501c9659b6947fa834aa4fdab0727c259\Butterfly.
Deleting now unused module peweaver_halo_fft128_reference.
Deleting now unused module peweaver_ppa_reset_sync_128.
<suppressed ~27 debug messages>

11.5. Executing OPT_EXPR pass (perform const folding).
Optimizing module peweaver_ppa_fft128.
<suppressed ~18 debug messages>

11.6. Executing OPT_CLEAN pass (remove unused cells and wires).
Finding unused cells or wires in module \peweaver_ppa_fft128..
Removed 7 unused cells and 1333 unused wires.
<suppressed ~31 debug messages>

11.7. Executing CHECK pass (checking for obvious problems).
Checking module peweaver_ppa_fft128...
Found and reported 0 problems.

11.8. Executing OPT pass (performing simple optimizations).

11.8.1. Executing OPT_EXPR pass (perform const folding).
Optimizing module peweaver_ppa_fft128.
<suppressed ~432 debug messages>

11.8.2. Executing OPT_MERGE pass (detect identical cells).
Finding identical cells in module `\peweaver_ppa_fft128'.
Computing hashes of 874 cells of `\peweaver_ppa_fft128'.
Finding duplicate cells in `\peweaver_ppa_fft128'.
Computing hashes of 706 cells of `\peweaver_ppa_fft128'.
Finding duplicate cells in `\peweaver_ppa_fft128'.
<suppressed ~504 debug messages>
Removed a total of 168 cells.

11.8.3. Executing OPT_MUXTREE pass (detect dead branches in mux trees).
Running muxtree optimizer on module \peweaver_ppa_fft128..
  Creating internal representation of mux trees.
  Evaluating internal representation of mux trees.
  Analyzing evaluation results.
    dead port 1/129 on $pmux $flatten\u_fft128.\core.\SU2.\TW.$procmux$708.
    dead port 2/129 on $pmux $flatten\u_fft128.\core.\SU2.\TW.$procmux$708.
    dead port 3/129 on $pmux $flatten\u_fft128.\core.\SU2.\TW.$procmux$708.
    dead port 5/129 on $pmux $flatten\u_fft128.\core.\SU2.\TW.$procmux$708.
    dead port 6/129 on $pmux $flatten\u_fft128.\core.\SU2.\TW.$procmux$708.
    dead port 7/129 on $pmux $flatten\u_fft128.\core.\SU2.\TW.$procmux$708.
    dead port 9/129 on $pmux $flatten\u_fft128.\core.\SU2.\TW.$procmux$708.
    dead port 10/129 on $pmux $flatten\u_fft128.\core.\SU2.\TW.$procmux$708.
    dead port 11/129 on $pmux $flatten\u_fft128.\core.\SU2.\TW.$procmux$708.
    dead port 13/129 on $pmux $flatten\u_fft128.\core.\SU2.\TW.$procmux$708.
    dead port 14/129 on $pmux $flatten\u_fft128.\core.\SU2.\TW.$procmux$708.
    dead port 15/129 on $pmux $flatten\u_fft128.\core.\SU2.\TW.$procmux$708.
    dead port 17/129 on $pmux $flatten\u_fft128.\core.\SU2.\TW.$procmux$708.
    dead port 18/129 on $pmux $flatten\u_fft128.\core.\SU2.\TW.$procmux$708.
    dead port 19/129 on $pmux $flatten\u_fft128.\core.\SU2.\TW.$procmux$708.
    dead port 21/129 on $pmux $flatten\u_fft128.\core.\SU2.\TW.$procmux$708.
    dead port 22/129 on $pmux $flatten\u_fft128.\core.\SU2.\TW.$procmux$708.
    dead port 23/129 on $pmux $flatten\u_fft128.\core.\SU2.\TW.$procmux$708.
    dead port 25/129 on $pmux $flatten\u_fft128.\core.\SU2.\TW.$procmux$708.
    dead port 26/129 on $pmux $flatten\u_fft128.\core.\SU2.\TW.$procmux$708.
    dead port 27/129 on $pmux $flatten\u_fft128.\core.\SU2.\TW.$procmux$708.
    dead port 29/129 on $pmux $flatten\u_fft128.\core.\SU2.\TW.$procmux$708.
    dead port 30/129 on $pmux $flatten\u_fft128.\core.\SU2.\TW.$procmux$708.
    dead port 31/129 on $pmux $flatten\u_fft128.\core.\SU2.\TW.$procmux$708.
    dead port 33/129 on $pmux $flatten\u_fft128.\core.\SU2.\TW.$procmux$708.
    dead port 34/129 on $pmux $flatten\u_fft128.\core.\SU2.\TW.$procmux$708.
    dead port 35/129 on $pmux $flatten\u_fft128.\core.\SU2.\TW.$procmux$708.
    dead port 37/129 on $pmux $flatten\u_fft128.\core.\SU2.\TW.$procmux$708.
    dead port 38/129 on $pmux $flatten\u_fft128.\core.\SU2.\TW.$procmux$708.
    dead port 39/129 on $pmux $flatten\u_fft128.\core.\SU2.\TW.$procmux$708.
    dead port 41/129 on $pmux $flatten\u_fft128.\core.\SU2.\TW.$procmux$708.
    dead port 42/129 on $pmux $flatten\u_fft128.\core.\SU2.\TW.$procmux$708.
    dead port 43/129 on $pmux $flatten\u_fft128.\core.\SU2.\TW.$procmux$708.
    dead port 45/129 on $pmux $flatten\u_fft128.\core.\SU2.\TW.$procmux$708.
    dead port 46/129 on $pmux $flatten\u_fft128.\core.\SU2.\TW.$procmux$708.
    dead port 47/129 on $pmux $flatten\u_fft128.\core.\SU2.\TW.$procmux$708.
    dead port 49/129 on $pmux $flatten\u_fft128.\core.\SU2.\TW.$procmux$708.
    dead port 50/129 on $pmux $flatten\u_fft128.\core.\SU2.\TW.$procmux$708.
    dead port 51/129 on $pmux $flatten\u_fft128.\core.\SU2.\TW.$procmux$708.
    dead port 53/129 on $pmux $flatten\u_fft128.\core.\SU2.\TW.$procmux$708.
    dead port 54/129 on $pmux $flatten\u_fft128.\core.\SU2.\TW.$procmux$708.
    dead port 55/129 on $pmux $flatten\u_fft128.\core.\SU2.\TW.$procmux$708.
    dead port 57/129 on $pmux $flatten\u_fft128.\core.\SU2.\TW.$procmux$708.
    dead port 58/129 on $pmux $flatten\u_fft128.\core.\SU2.\TW.$procmux$708.
    dead port 59/129 on $pmux $flatten\u_fft128.\core.\SU2.\TW.$procmux$708.
    dead port 61/129 on $pmux $flatten\u_fft128.\core.\SU2.\TW.$procmux$708.
    dead port 62/129 on $pmux $flatten\u_fft128.\core.\SU2.\TW.$procmux$708.
    dead port 63/129 on $pmux $flatten\u_fft128.\core.\SU2.\TW.$procmux$708.
    dead port 65/129 on $pmux $flatten\u_fft128.\core.\SU2.\TW.$procmux$708.
    dead port 66/129 on $pmux $flatten\u_fft128.\core.\SU2.\TW.$procmux$708.
    dead port 67/129 on $pmux $flatten\u_fft128.\core.\SU2.\TW.$procmux$708.
    dead port 69/129 on $pmux $flatten\u_fft128.\core.\SU2.\TW.$procmux$708.
    dead port 70/129 on $pmux $flatten\u_fft128.\core.\SU2.\TW.$procmux$708.
    dead port 71/129 on $pmux $flatten\u_fft128.\core.\SU2.\TW.$procmux$708.
    dead port 73/129 on $pmux $flatten\u_fft128.\core.\SU2.\TW.$procmux$708.
    dead port 74/129 on $pmux $flatten\u_fft128.\core.\SU2.\TW.$procmux$708.
    dead port 75/129 on $pmux $flatten\u_fft128.\core.\SU2.\TW.$procmux$708.
    dead port 77/129 on $pmux $flatten\u_fft128.\core.\SU2.\TW.$procmux$708.
    dead port 78/129 on $pmux $flatten\u_fft128.\core.\SU2.\TW.$procmux$708.
    dead port 79/129 on $pmux $flatten\u_fft128.\core.\SU2.\TW.$procmux$708.
    dead port 81/129 on $pmux $flatten\u_fft128.\core.\SU2.\TW.$procmux$708.
    dead port 82/129 on $pmux $flatten\u_fft128.\core.\SU2.\TW.$procmux$708.
    dead port 83/129 on $pmux $flatten\u_fft128.\core.\SU2.\TW.$procmux$708.
    dead port 85/129 on $pmux $flatten\u_fft128.\core.\SU2.\TW.$procmux$708.
    dead port 86/129 on $pmux $flatten\u_fft128.\core.\SU2.\TW.$procmux$708.
    dead port 87/129 on $pmux $flatten\u_fft128.\core.\SU2.\TW.$procmux$708.
    dead port 89/129 on $pmux $flatten\u_fft128.\core.\SU2.\TW.$procmux$708.
    dead port 90/129 on $pmux $flatten\u_fft128.\core.\SU2.\TW.$procmux$708.
    dead port 91/129 on $pmux $flatten\u_fft128.\core.\SU2.\TW.$procmux$708.
    dead port 93/129 on $pmux $flatten\u_fft128.\core.\SU2.\TW.$procmux$708.
    dead port 94/129 on $pmux $flatten\u_fft128.\core.\SU2.\TW.$procmux$708.
    dead port 95/129 on $pmux $flatten\u_fft128.\core.\SU2.\TW.$procmux$708.
    dead port 97/129 on $pmux $flatten\u_fft128.\core.\SU2.\TW.$procmux$708.
    dead port 98/129 on $pmux $flatten\u_fft128.\core.\SU2.\TW.$procmux$708.
    dead port 99/129 on $pmux $flatten\u_fft128.\core.\SU2.\TW.$procmux$708.
    dead port 101/129 on $pmux $flatten\u_fft128.\core.\SU2.\TW.$procmux$708.
    dead port 102/129 on $pmux $flatten\u_fft128.\core.\SU2.\TW.$procmux$708.
    dead port 103/129 on $pmux $flatten\u_fft128.\core.\SU2.\TW.$procmux$708.
    dead port 105/129 on $pmux $flatten\u_fft128.\core.\SU2.\TW.$procmux$708.
    dead port 106/129 on $pmux $flatten\u_fft128.\core.\SU2.\TW.$procmux$708.
    dead port 107/129 on $pmux $flatten\u_fft128.\core.\SU2.\TW.$procmux$708.
    dead port 109/129 on $pmux $flatten\u_fft128.\core.\SU2.\TW.$procmux$708.
    dead port 110/129 on $pmux $flatten\u_fft128.\core.\SU2.\TW.$procmux$708.
    dead port 111/129 on $pmux $flatten\u_fft128.\core.\SU2.\TW.$procmux$708.
    dead port 113/129 on $pmux $flatten\u_fft128.\core.\SU2.\TW.$procmux$708.
    dead port 114/129 on $pmux $flatten\u_fft128.\core.\SU2.\TW.$procmux$708.
    dead port 115/129 on $pmux $flatten\u_fft128.\core.\SU2.\TW.$procmux$708.
    dead port 117/129 on $pmux $flatten\u_fft128.\core.\SU2.\TW.$procmux$708.
    dead port 118/129 on $pmux $flatten\u_fft128.\core.\SU2.\TW.$procmux$708.
    dead port 119/129 on $pmux $flatten\u_fft128.\core.\SU2.\TW.$procmux$708.
    dead port 121/129 on $pmux $flatten\u_fft128.\core.\SU2.\TW.$procmux$708.
    dead port 122/129 on $pmux $flatten\u_fft128.\core.\SU2.\TW.$procmux$708.
    dead port 123/129 on $pmux $flatten\u_fft128.\core.\SU2.\TW.$procmux$708.
    dead port 125/129 on $pmux $flatten\u_fft128.\core.\SU2.\TW.$procmux$708.
    dead port 126/129 on $pmux $flatten\u_fft128.\core.\SU2.\TW.$procmux$708.
    dead port 127/129 on $pmux $flatten\u_fft128.\core.\SU2.\TW.$procmux$708.
    dead port 1/129 on $pmux $flatten\u_fft128.\core.\SU2.\TW.$procmux$579.
    dead port 2/129 on $pmux $flatten\u_fft128.\core.\SU2.\TW.$procmux$579.
    dead port 3/129 on $pmux $flatten\u_fft128.\core.\SU2.\TW.$procmux$579.
    dead port 5/129 on $pmux $flatten\u_fft128.\core.\SU2.\TW.$procmux$579.
    dead port 6/129 on $pmux $flatten\u_fft128.\core.\SU2.\TW.$procmux$579.
    dead port 7/129 on $pmux $flatten\u_fft128.\core.\SU2.\TW.$procmux$579.
    dead port 9/129 on $pmux $flatten\u_fft128.\core.\SU2.\TW.$procmux$579.
    dead port 10/129 on $pmux $flatten\u_fft128.\core.\SU2.\TW.$procmux$579.
    dead port 11/129 on $pmux $flatten\u_fft128.\core.\SU2.\TW.$procmux$579.
    dead port 13/129 on $pmux $flatten\u_fft128.\core.\SU2.\TW.$procmux$579.
    dead port 14/129 on $pmux $flatten\u_fft128.\core.\SU2.\TW.$procmux$579.
    dead port 15/129 on $pmux $flatten\u_fft128.\core.\SU2.\TW.$procmux$579.
    dead port 17/129 on $pmux $flatten\u_fft128.\core.\SU2.\TW.$procmux$579.
    dead port 18/129 on $pmux $flatten\u_fft128.\core.\SU2.\TW.$procmux$579.
    dead port 19/129 on $pmux $flatten\u_fft128.\core.\SU2.\TW.$procmux$579.
    dead port 21/129 on $pmux $flatten\u_fft128.\core.\SU2.\TW.$procmux$579.
    dead port 22/129 on $pmux $flatten\u_fft128.\core.\SU2.\TW.$procmux$579.
    dead port 23/129 on $pmux $flatten\u_fft128.\core.\SU2.\TW.$procmux$579.
    dead port 25/129 on $pmux $flatten\u_fft128.\core.\SU2.\TW.$procmux$579.
    dead port 26/129 on $pmux $flatten\u_fft128.\core.\SU2.\TW.$procmux$579.
    dead port 27/129 on $pmux $flatten\u_fft128.\core.\SU2.\TW.$procmux$579.
    dead port 29/129 on $pmux $flatten\u_fft128.\core.\SU2.\TW.$procmux$579.
    dead port 30/129 on $pmux $flatten\u_fft128.\core.\SU2.\TW.$procmux$579.
    dead port 31/129 on $pmux $flatten\u_fft128.\core.\SU2.\TW.$procmux$579.
    dead port 33/129 on $pmux $flatten\u_fft128.\core.\SU2.\TW.$procmux$579.
    dead port 34/129 on $pmux $flatten\u_fft128.\core.\SU2.\TW.$procmux$579.
    dead port 35/129 on $pmux $flatten\u_fft128.\core.\SU2.\TW.$procmux$579.
    dead port 37/129 on $pmux $flatten\u_fft128.\core.\SU2.\TW.$procmux$579.
    dead port 38/129 on $pmux $flatten\u_fft128.\core.\SU2.\TW.$procmux$579.
    dead port 39/129 on $pmux $flatten\u_fft128.\core.\SU2.\TW.$procmux$579.
    dead port 41/129 on $pmux $flatten\u_fft128.\core.\SU2.\TW.$procmux$579.
    dead port 42/129 on $pmux $flatten\u_fft128.\core.\SU2.\TW.$procmux$579.
    dead port 43/129 on $pmux $flatten\u_fft128.\core.\SU2.\TW.$procmux$579.
    dead port 45/129 on $pmux $flatten\u_fft128.\core.\SU2.\TW.$procmux$579.
    dead port 46/129 on $pmux $flatten\u_fft128.\core.\SU2.\TW.$procmux$579.
    dead port 47/129 on $pmux $flatten\u_fft128.\core.\SU2.\TW.$procmux$579.
    dead port 49/129 on $pmux $flatten\u_fft128.\core.\SU2.\TW.$procmux$579.
    dead port 50/129 on $pmux $flatten\u_fft128.\core.\SU2.\TW.$procmux$579.
    dead port 51/129 on $pmux $flatten\u_fft128.\core.\SU2.\TW.$procmux$579.
    dead port 53/129 on $pmux $flatten\u_fft128.\core.\SU2.\TW.$procmux$579.
    dead port 54/129 on $pmux $flatten\u_fft128.\core.\SU2.\TW.$procmux$579.
    dead port 55/129 on $pmux $flatten\u_fft128.\core.\SU2.\TW.$procmux$579.
    dead port 57/129 on $pmux $flatten\u_fft128.\core.\SU2.\TW.$procmux$579.
    dead port 58/129 on $pmux $flatten\u_fft128.\core.\SU2.\TW.$procmux$579.
    dead port 59/129 on $pmux $flatten\u_fft128.\core.\SU2.\TW.$procmux$579.
    dead port 61/129 on $pmux $flatten\u_fft128.\core.\SU2.\TW.$procmux$579.
    dead port 62/129 on $pmux $flatten\u_fft128.\core.\SU2.\TW.$procmux$579.
    dead port 63/129 on $pmux $flatten\u_fft128.\core.\SU2.\TW.$procmux$579.
    dead port 65/129 on $pmux $flatten\u_fft128.\core.\SU2.\TW.$procmux$579.
    dead port 66/129 on $pmux $flatten\u_fft128.\core.\SU2.\TW.$procmux$579.
    dead port 67/129 on $pmux $flatten\u_fft128.\core.\SU2.\TW.$procmux$579.
    dead port 69/129 on $pmux $flatten\u_fft128.\core.\SU2.\TW.$procmux$579.
    dead port 70/129 on $pmux $flatten\u_fft128.\core.\SU2.\TW.$procmux$579.
    dead port 71/129 on $pmux $flatten\u_fft128.\core.\SU2.\TW.$procmux$579.
    dead port 73/129 on $pmux $flatten\u_fft128.\core.\SU2.\TW.$procmux$579.
    dead port 74/129 on $pmux $flatten\u_fft128.\core.\SU2.\TW.$procmux$579.
    dead port 75/129 on $pmux $flatten\u_fft128.\core.\SU2.\TW.$procmux$579.
    dead port 77/129 on $pmux $flatten\u_fft128.\core.\SU2.\TW.$procmux$579.
    dead port 78/129 on $pmux $flatten\u_fft128.\core.\SU2.\TW.$procmux$579.
    dead port 79/129 on $pmux $flatten\u_fft128.\core.\SU2.\TW.$procmux$579.
    dead port 81/129 on $pmux $flatten\u_fft128.\core.\SU2.\TW.$procmux$579.
    dead port 82/129 on $pmux $flatten\u_fft128.\core.\SU2.\TW.$procmux$579.
    dead port 83/129 on $pmux $flatten\u_fft128.\core.\SU2.\TW.$procmux$579.
    dead port 85/129 on $pmux $flatten\u_fft128.\core.\SU2.\TW.$procmux$579.
    dead port 86/129 on $pmux $flatten\u_fft128.\core.\SU2.\TW.$procmux$579.
    dead port 87/129 on $pmux $flatten\u_fft128.\core.\SU2.\TW.$procmux$579.
    dead port 89/129 on $pmux $flatten\u_fft128.\core.\SU2.\TW.$procmux$579.
    dead port 90/129 on $pmux $flatten\u_fft128.\core.\SU2.\TW.$procmux$579.
    dead port 91/129 on $pmux $flatten\u_fft128.\core.\SU2.\TW.$procmux$579.
    dead port 93/129 on $pmux $flatten\u_fft128.\core.\SU2.\TW.$procmux$579.
    dead port 94/129 on $pmux $flatten\u_fft128.\core.\SU2.\TW.$procmux$579.
    dead port 95/129 on $pmux $flatten\u_fft128.\core.\SU2.\TW.$procmux$579.
    dead port 97/129 on $pmux $flatten\u_fft128.\core.\SU2.\TW.$procmux$579.
    dead port 98/129 on $pmux $flatten\u_fft128.\core.\SU2.\TW.$procmux$579.
    dead port 99/129 on $pmux $flatten\u_fft128.\core.\SU2.\TW.$procmux$579.
    dead port 101/129 on $pmux $flatten\u_fft128.\core.\SU2.\TW.$procmux$579.
    dead port 102/129 on $pmux $flatten\u_fft128.\core.\SU2.\TW.$procmux$579.
    dead port 103/129 on $pmux $flatten\u_fft128.\core.\SU2.\TW.$procmux$579.
    dead port 105/129 on $pmux $flatten\u_fft128.\core.\SU2.\TW.$procmux$579.
    dead port 106/129 on $pmux $flatten\u_fft128.\core.\SU2.\TW.$procmux$579.
    dead port 107/129 on $pmux $flatten\u_fft128.\core.\SU2.\TW.$procmux$579.
    dead port 109/129 on $pmux $flatten\u_fft128.\core.\SU2.\TW.$procmux$579.
    dead port 110/129 on $pmux $flatten\u_fft128.\core.\SU2.\TW.$procmux$579.
    dead port 111/129 on $pmux $flatten\u_fft128.\core.\SU2.\TW.$procmux$579.
    dead port 113/129 on $pmux $flatten\u_fft128.\core.\SU2.\TW.$procmux$579.
    dead port 114/129 on $pmux $flatten\u_fft128.\core.\SU2.\TW.$procmux$579.
    dead port 115/129 on $pmux $flatten\u_fft128.\core.\SU2.\TW.$procmux$579.
    dead port 117/129 on $pmux $flatten\u_fft128.\core.\SU2.\TW.$procmux$579.
    dead port 118/129 on $pmux $flatten\u_fft128.\core.\SU2.\TW.$procmux$579.
    dead port 119/129 on $pmux $flatten\u_fft128.\core.\SU2.\TW.$procmux$579.
    dead port 121/129 on $pmux $flatten\u_fft128.\core.\SU2.\TW.$procmux$579.
    dead port 122/129 on $pmux $flatten\u_fft128.\core.\SU2.\TW.$procmux$579.
    dead port 123/129 on $pmux $flatten\u_fft128.\core.\SU2.\TW.$procmux$579.
    dead port 125/129 on $pmux $flatten\u_fft128.\core.\SU2.\TW.$procmux$579.
    dead port 126/129 on $pmux $flatten\u_fft128.\core.\SU2.\TW.$procmux$579.
    dead port 127/129 on $pmux $flatten\u_fft128.\core.\SU2.\TW.$procmux$579.
    dead port 1/129 on $pmux $flatten\u_fft128.\core.\SU3.\TW.$procmux$708.
    dead port 2/129 on $pmux $flatten\u_fft128.\core.\SU3.\TW.$procmux$708.
    dead port 3/129 on $pmux $flatten\u_fft128.\core.\SU3.\TW.$procmux$708.
    dead port 4/129 on $pmux $flatten\u_fft128.\core.\SU3.\TW.$procmux$708.
    dead port 5/129 on $pmux $flatten\u_fft128.\core.\SU3.\TW.$procmux$708.
    dead port 6/129 on $pmux $flatten\u_fft128.\core.\SU3.\TW.$procmux$708.
    dead port 7/129 on $pmux $flatten\u_fft128.\core.\SU3.\TW.$procmux$708.
    dead port 8/129 on $pmux $flatten\u_fft128.\core.\SU3.\TW.$procmux$708.
    dead port 9/129 on $pmux $flatten\u_fft128.\core.\SU3.\TW.$procmux$708.
    dead port 10/129 on $pmux $flatten\u_fft128.\core.\SU3.\TW.$procmux$708.
    dead port 11/129 on $pmux $flatten\u_fft128.\core.\SU3.\TW.$procmux$708.
    dead port 12/129 on $pmux $flatten\u_fft128.\core.\SU3.\TW.$procmux$708.
    dead port 13/129 on $pmux $flatten\u_fft128.\core.\SU3.\TW.$procmux$708.
    dead port 14/129 on $pmux $flatten\u_fft128.\core.\SU3.\TW.$procmux$708.
    dead port 15/129 on $pmux $flatten\u_fft128.\core.\SU3.\TW.$procmux$708.
    dead port 17/129 on $pmux $flatten\u_fft128.\core.\SU3.\TW.$procmux$708.
    dead port 18/129 on $pmux $flatten\u_fft128.\core.\SU3.\TW.$procmux$708.
    dead port 19/129 on $pmux $flatten\u_fft128.\core.\SU3.\TW.$procmux$708.
    dead port 20/129 on $pmux $flatten\u_fft128.\core.\SU3.\TW.$procmux$708.
    dead port 21/129 on $pmux $flatten\u_fft128.\core.\SU3.\TW.$procmux$708.
    dead port 22/129 on $pmux $flatten\u_fft128.\core.\SU3.\TW.$procmux$708.
    dead port 23/129 on $pmux $flatten\u_fft128.\core.\SU3.\TW.$procmux$708.
    dead port 24/129 on $pmux $flatten\u_fft128.\core.\SU3.\TW.$procmux$708.
    dead port 25/129 on $pmux $flatten\u_fft128.\core.\SU3.\TW.$procmux$708.
    dead port 26/129 on $pmux $flatten\u_fft128.\core.\SU3.\TW.$procmux$708.
    dead port 27/129 on $pmux $flatten\u_fft128.\core.\SU3.\TW.$procmux$708.
    dead port 28/129 on $pmux $flatten\u_fft128.\core.\SU3.\TW.$procmux$708.
    dead port 29/129 on $pmux $flatten\u_fft128.\core.\SU3.\TW.$procmux$708.
    dead port 30/129 on $pmux $flatten\u_fft128.\core.\SU3.\TW.$procmux$708.
    dead port 31/129 on $pmux $flatten\u_fft128.\core.\SU3.\TW.$procmux$708.
    dead port 33/129 on $pmux $flatten\u_fft128.\core.\SU3.\TW.$procmux$708.
    dead port 34/129 on $pmux $flatten\u_fft128.\core.\SU3.\TW.$procmux$708.
    dead port 35/129 on $pmux $flatten\u_fft128.\core.\SU3.\TW.$procmux$708.
    dead port 36/129 on $pmux $flatten\u_fft128.\core.\SU3.\TW.$procmux$708.
    dead port 37/129 on $pmux $flatten\u_fft128.\core.\SU3.\TW.$procmux$708.
    dead port 38/129 on $pmux $flatten\u_fft128.\core.\SU3.\TW.$procmux$708.
    dead port 39/129 on $pmux $flatten\u_fft128.\core.\SU3.\TW.$procmux$708.
    dead port 40/129 on $pmux $flatten\u_fft128.\core.\SU3.\TW.$procmux$708.
    dead port 41/129 on $pmux $flatten\u_fft128.\core.\SU3.\TW.$procmux$708.
    dead port 42/129 on $pmux $flatten\u_fft128.\core.\SU3.\TW.$procmux$708.
    dead port 43/129 on $pmux $flatten\u_fft128.\core.\SU3.\TW.$procmux$708.
    dead port 44/129 on $pmux $flatten\u_fft128.\core.\SU3.\TW.$procmux$708.
    dead port 45/129 on $pmux $flatten\u_fft128.\core.\SU3.\TW.$procmux$708.
    dead port 46/129 on $pmux $flatten\u_fft128.\core.\SU3.\TW.$procmux$708.
    dead port 47/129 on $pmux $flatten\u_fft128.\core.\SU3.\TW.$procmux$708.
    dead port 49/129 on $pmux $flatten\u_fft128.\core.\SU3.\TW.$procmux$708.
    dead port 50/129 on $pmux $flatten\u_fft128.\core.\SU3.\TW.$procmux$708.
    dead port 51/129 on $pmux $flatten\u_fft128.\core.\SU3.\TW.$procmux$708.
    dead port 52/129 on $pmux $flatten\u_fft128.\core.\SU3.\TW.$procmux$708.
    dead port 53/129 on $pmux $flatten\u_fft128.\core.\SU3.\TW.$procmux$708.
    dead port 54/129 on $pmux $flatten\u_fft128.\core.\SU3.\TW.$procmux$708.
    dead port 55/129 on $pmux $flatten\u_fft128.\core.\SU3.\TW.$procmux$708.
    dead port 56/129 on $pmux $flatten\u_fft128.\core.\SU3.\TW.$procmux$708.
    dead port 57/129 on $pmux $flatten\u_fft128.\core.\SU3.\TW.$procmux$708.
    dead port 58/129 on $pmux $flatten\u_fft128.\core.\SU3.\TW.$procmux$708.
    dead port 59/129 on $pmux $flatten\u_fft128.\core.\SU3.\TW.$procmux$708.
    dead port 60/129 on $pmux $flatten\u_fft128.\core.\SU3.\TW.$procmux$708.
    dead port 61/129 on $pmux $flatten\u_fft128.\core.\SU3.\TW.$procmux$708.
    dead port 62/129 on $pmux $flatten\u_fft128.\core.\SU3.\TW.$procmux$708.
    dead port 63/129 on $pmux $flatten\u_fft128.\core.\SU3.\TW.$procmux$708.
    dead port 65/129 on $pmux $flatten\u_fft128.\core.\SU3.\TW.$procmux$708.
    dead port 66/129 on $pmux $flatten\u_fft128.\core.\SU3.\TW.$procmux$708.
    dead port 67/129 on $pmux $flatten\u_fft128.\core.\SU3.\TW.$procmux$708.
    dead port 68/129 on $pmux $flatten\u_fft128.\core.\SU3.\TW.$procmux$708.
    dead port 69/129 on $pmux $flatten\u_fft128.\core.\SU3.\TW.$procmux$708.
    dead port 70/129 on $pmux $flatten\u_fft128.\core.\SU3.\TW.$procmux$708.
    dead port 71/129 on $pmux $flatten\u_fft128.\core.\SU3.\TW.$procmux$708.
    dead port 72/129 on $pmux $flatten\u_fft128.\core.\SU3.\TW.$procmux$708.
    dead port 73/129 on $pmux $flatten\u_fft128.\core.\SU3.\TW.$procmux$708.
    dead port 74/129 on $pmux $flatten\u_fft128.\core.\SU3.\TW.$procmux$708.
    dead port 75/129 on $pmux $flatten\u_fft128.\core.\SU3.\TW.$procmux$708.
    dead port 76/129 on $pmux $flatten\u_fft128.\core.\SU3.\TW.$procmux$708.
    dead port 77/129 on $pmux $flatten\u_fft128.\core.\SU3.\TW.$procmux$708.
    dead port 78/129 on $pmux $flatten\u_fft128.\core.\SU3.\TW.$procmux$708.
    dead port 79/129 on $pmux $flatten\u_fft128.\core.\SU3.\TW.$procmux$708.
    dead port 81/129 on $pmux $flatten\u_fft128.\core.\SU3.\TW.$procmux$708.
    dead port 82/129 on $pmux $flatten\u_fft128.\core.\SU3.\TW.$procmux$708.
    dead port 83/129 on $pmux $flatten\u_fft128.\core.\SU3.\TW.$procmux$708.
    dead port 84/129 on $pmux $flatten\u_fft128.\core.\SU3.\TW.$procmux$708.
    dead port 85/129 on $pmux $flatten\u_fft128.\core.\SU3.\TW.$procmux$708.
    dead port 86/129 on $pmux $flatten\u_fft128.\core.\SU3.\TW.$procmux$708.
    dead port 87/129 on $pmux $flatten\u_fft128.\core.\SU3.\TW.$procmux$708.
    dead port 88/129 on $pmux $flatten\u_fft128.\core.\SU3.\TW.$procmux$708.
    dead port 89/129 on $pmux $flatten\u_fft128.\core.\SU3.\TW.$procmux$708.
    dead port 90/129 on $pmux $flatten\u_fft128.\core.\SU3.\TW.$procmux$708.
    dead port 91/129 on $pmux $flatten\u_fft128.\core.\SU3.\TW.$procmux$708.
    dead port 92/129 on $pmux $flatten\u_fft128.\core.\SU3.\TW.$procmux$708.
    dead port 93/129 on $pmux $flatten\u_fft128.\core.\SU3.\TW.$procmux$708.
    dead port 94/129 on $pmux $flatten\u_fft128.\core.\SU3.\TW.$procmux$708.
    dead port 95/129 on $pmux $flatten\u_fft128.\core.\SU3.\TW.$procmux$708.
    dead port 97/129 on $pmux $flatten\u_fft128.\core.\SU3.\TW.$procmux$708.
    dead port 98/129 on $pmux $flatten\u_fft128.\core.\SU3.\TW.$procmux$708.
    dead port 99/129 on $pmux $flatten\u_fft128.\core.\SU3.\TW.$procmux$708.
    dead port 100/129 on $pmux $flatten\u_fft128.\core.\SU3.\TW.$procmux$708.
    dead port 101/129 on $pmux $flatten\u_fft128.\core.\SU3.\TW.$procmux$708.
    dead port 102/129 on $pmux $flatten\u_fft128.\core.\SU3.\TW.$procmux$708.
    dead port 103/129 on $pmux $flatten\u_fft128.\core.\SU3.\TW.$procmux$708.
    dead port 104/129 on $pmux $flatten\u_fft128.\core.\SU3.\TW.$procmux$708.
    dead port 105/129 on $pmux $flatten\u_fft128.\core.\SU3.\TW.$procmux$708.
    dead port 106/129 on $pmux $flatten\u_fft128.\core.\SU3.\TW.$procmux$708.
    dead port 107/129 on $pmux $flatten\u_fft128.\core.\SU3.\TW.$procmux$708.
    dead port 108/129 on $pmux $flatten\u_fft128.\core.\SU3.\TW.$procmux$708.
    dead port 109/129 on $pmux $flatten\u_fft128.\core.\SU3.\TW.$procmux$708.
    dead port 110/129 on $pmux $flatten\u_fft128.\core.\SU3.\TW.$procmux$708.
    dead port 111/129 on $pmux $flatten\u_fft128.\core.\SU3.\TW.$procmux$708.
    dead port 113/129 on $pmux $flatten\u_fft128.\core.\SU3.\TW.$procmux$708.
    dead port 114/129 on $pmux $flatten\u_fft128.\core.\SU3.\TW.$procmux$708.
    dead port 115/129 on $pmux $flatten\u_fft128.\core.\SU3.\TW.$procmux$708.
    dead port 116/129 on $pmux $flatten\u_fft128.\core.\SU3.\TW.$procmux$708.
    dead port 117/129 on $pmux $flatten\u_fft128.\core.\SU3.\TW.$procmux$708.
    dead port 118/129 on $pmux $flatten\u_fft128.\core.\SU3.\TW.$procmux$708.
    dead port 119/129 on $pmux $flatten\u_fft128.\core.\SU3.\TW.$procmux$708.
    dead port 120/129 on $pmux $flatten\u_fft128.\core.\SU3.\TW.$procmux$708.
    dead port 121/129 on $pmux $flatten\u_fft128.\core.\SU3.\TW.$procmux$708.
    dead port 122/129 on $pmux $flatten\u_fft128.\core.\SU3.\TW.$procmux$708.
    dead port 123/129 on $pmux $flatten\u_fft128.\core.\SU3.\TW.$procmux$708.
    dead port 124/129 on $pmux $flatten\u_fft128.\core.\SU3.\TW.$procmux$708.
    dead port 125/129 on $pmux $flatten\u_fft128.\core.\SU3.\TW.$procmux$708.
    dead port 126/129 on $pmux $flatten\u_fft128.\core.\SU3.\TW.$procmux$708.
    dead port 127/129 on $pmux $flatten\u_fft128.\core.\SU3.\TW.$procmux$708.
    dead port 1/129 on $pmux $flatten\u_fft128.\core.\SU3.\TW.$procmux$579.
    dead port 2/129 on $pmux $flatten\u_fft128.\core.\SU3.\TW.$procmux$579.
    dead port 3/129 on $pmux $flatten\u_fft128.\core.\SU3.\TW.$procmux$579.
    dead port 4/129 on $pmux $flatten\u_fft128.\core.\SU3.\TW.$procmux$579.
    dead port 5/129 on $pmux $flatten\u_fft128.\core.\SU3.\TW.$procmux$579.
    dead port 6/129 on $pmux $flatten\u_fft128.\core.\SU3.\TW.$procmux$579.
    dead port 7/129 on $pmux $flatten\u_fft128.\core.\SU3.\TW.$procmux$579.
    dead port 8/129 on $pmux $flatten\u_fft128.\core.\SU3.\TW.$procmux$579.
    dead port 9/129 on $pmux $flatten\u_fft128.\core.\SU3.\TW.$procmux$579.
    dead port 10/129 on $pmux $flatten\u_fft128.\core.\SU3.\TW.$procmux$579.
    dead port 11/129 on $pmux $flatten\u_fft128.\core.\SU3.\TW.$procmux$579.
    dead port 12/129 on $pmux $flatten\u_fft128.\core.\SU3.\TW.$procmux$579.
    dead port 13/129 on $pmux $flatten\u_fft128.\core.\SU3.\TW.$procmux$579.
    dead port 14/129 on $pmux $flatten\u_fft128.\core.\SU3.\TW.$procmux$579.
    dead port 15/129 on $pmux $flatten\u_fft128.\core.\SU3.\TW.$procmux$579.
    dead port 17/129 on $pmux $flatten\u_fft128.\core.\SU3.\TW.$procmux$579.
    dead port 18/129 on $pmux $flatten\u_fft128.\core.\SU3.\TW.$procmux$579.
    dead port 19/129 on $pmux $flatten\u_fft128.\core.\SU3.\TW.$procmux$579.
    dead port 20/129 on $pmux $flatten\u_fft128.\core.\SU3.\TW.$procmux$579.
    dead port 21/129 on $pmux $flatten\u_fft128.\core.\SU3.\TW.$procmux$579.
    dead port 22/129 on $pmux $flatten\u_fft128.\core.\SU3.\TW.$procmux$579.
    dead port 23/129 on $pmux $flatten\u_fft128.\core.\SU3.\TW.$procmux$579.
    dead port 24/129 on $pmux $flatten\u_fft128.\core.\SU3.\TW.$procmux$579.
    dead port 25/129 on $pmux $flatten\u_fft128.\core.\SU3.\TW.$procmux$579.
    dead port 26/129 on $pmux $flatten\u_fft128.\core.\SU3.\TW.$procmux$579.
    dead port 27/129 on $pmux $flatten\u_fft128.\core.\SU3.\TW.$procmux$579.
    dead port 28/129 on $pmux $flatten\u_fft128.\core.\SU3.\TW.$procmux$579.
    dead port 29/129 on $pmux $flatten\u_fft128.\core.\SU3.\TW.$procmux$579.
    dead port 30/129 on $pmux $flatten\u_fft128.\core.\SU3.\TW.$procmux$579.
    dead port 31/129 on $pmux $flatten\u_fft128.\core.\SU3.\TW.$procmux$579.
    dead port 33/129 on $pmux $flatten\u_fft128.\core.\SU3.\TW.$procmux$579.
    dead port 34/129 on $pmux $flatten\u_fft128.\core.\SU3.\TW.$procmux$579.
    dead port 35/129 on $pmux $flatten\u_fft128.\core.\SU3.\TW.$procmux$579.
    dead port 36/129 on $pmux $flatten\u_fft128.\core.\SU3.\TW.$procmux$579.
    dead port 37/129 on $pmux $flatten\u_fft128.\core.\SU3.\TW.$procmux$579.
    dead port 38/129 on $pmux $flatten\u_fft128.\core.\SU3.\TW.$procmux$579.
    dead port 39/129 on $pmux $flatten\u_fft128.\core.\SU3.\TW.$procmux$579.
    dead port 40/129 on $pmux $flatten\u_fft128.\core.\SU3.\TW.$procmux$579.
    dead port 41/129 on $pmux $flatten\u_fft128.\core.\SU3.\TW.$procmux$579.
    dead port 42/129 on $pmux $flatten\u_fft128.\core.\SU3.\TW.$procmux$579.
    dead port 43/129 on $pmux $flatten\u_fft128.\core.\SU3.\TW.$procmux$579.
    dead port 44/129 on $pmux $flatten\u_fft128.\core.\SU3.\TW.$procmux$579.
    dead port 45/129 on $pmux $flatten\u_fft128.\core.\SU3.\TW.$procmux$579.
    dead port 46/129 on $pmux $flatten\u_fft128.\core.\SU3.\TW.$procmux$579.
    dead port 47/129 on $pmux $flatten\u_fft128.\core.\SU3.\TW.$procmux$579.
    dead port 49/129 on $pmux $flatten\u_fft128.\core.\SU3.\TW.$procmux$579.
    dead port 50/129 on $pmux $flatten\u_fft128.\core.\SU3.\TW.$procmux$579.
    dead port 51/129 on $pmux $flatten\u_fft128.\core.\SU3.\TW.$procmux$579.
    dead port 52/129 on $pmux $flatten\u_fft128.\core.\SU3.\TW.$procmux$579.
    dead port 53/129 on $pmux $flatten\u_fft128.\core.\SU3.\TW.$procmux$579.
    dead port 54/129 on $pmux $flatten\u_fft128.\core.\SU3.\TW.$procmux$579.
    dead port 55/129 on $pmux $flatten\u_fft128.\core.\SU3.\TW.$procmux$579.
    dead port 56/129 on $pmux $flatten\u_fft128.\core.\SU3.\TW.$procmux$579.
    dead port 57/129 on $pmux $flatten\u_fft128.\core.\SU3.\TW.$procmux$579.
    dead port 58/129 on $pmux $flatten\u_fft128.\core.\SU3.\TW.$procmux$579.
    dead port 59/129 on $pmux $flatten\u_fft128.\core.\SU3.\TW.$procmux$579.
    dead port 60/129 on $pmux $flatten\u_fft128.\core.\SU3.\TW.$procmux$579.
    dead port 61/129 on $pmux $flatten\u_fft128.\core.\SU3.\TW.$procmux$579.
    dead port 62/129 on $pmux $flatten\u_fft128.\core.\SU3.\TW.$procmux$579.
    dead port 63/129 on $pmux $flatten\u_fft128.\core.\SU3.\TW.$procmux$579.
    dead port 65/129 on $pmux $flatten\u_fft128.\core.\SU3.\TW.$procmux$579.
    dead port 66/129 on $pmux $flatten\u_fft128.\core.\SU3.\TW.$procmux$579.
    dead port 67/129 on $pmux $flatten\u_fft128.\core.\SU3.\TW.$procmux$579.
    dead port 68/129 on $pmux $flatten\u_fft128.\core.\SU3.\TW.$procmux$579.
    dead port 69/129 on $pmux $flatten\u_fft128.\core.\SU3.\TW.$procmux$579.
    dead port 70/129 on $pmux $flatten\u_fft128.\core.\SU3.\TW.$procmux$579.
    dead port 71/129 on $pmux $flatten\u_fft128.\core.\SU3.\TW.$procmux$579.
    dead port 72/129 on $pmux $flatten\u_fft128.\core.\SU3.\TW.$procmux$579.
    dead port 73/129 on $pmux $flatten\u_fft128.\core.\SU3.\TW.$procmux$579.
    dead port 74/129 on $pmux $flatten\u_fft128.\core.\SU3.\TW.$procmux$579.
    dead port 75/129 on $pmux $flatten\u_fft128.\core.\SU3.\TW.$procmux$579.
    dead port 76/129 on $pmux $flatten\u_fft128.\core.\SU3.\TW.$procmux$579.
    dead port 77/129 on $pmux $flatten\u_fft128.\core.\SU3.\TW.$procmux$579.
    dead port 78/129 on $pmux $flatten\u_fft128.\core.\SU3.\TW.$procmux$579.
    dead port 79/129 on $pmux $flatten\u_fft128.\core.\SU3.\TW.$procmux$579.
    dead port 81/129 on $pmux $flatten\u_fft128.\core.\SU3.\TW.$procmux$579.
    dead port 82/129 on $pmux $flatten\u_fft128.\core.\SU3.\TW.$procmux$579.
    dead port 83/129 on $pmux $flatten\u_fft128.\core.\SU3.\TW.$procmux$579.
    dead port 84/129 on $pmux $flatten\u_fft128.\core.\SU3.\TW.$procmux$579.
    dead port 85/129 on $pmux $flatten\u_fft128.\core.\SU3.\TW.$procmux$579.
    dead port 86/129 on $pmux $flatten\u_fft128.\core.\SU3.\TW.$procmux$579.
    dead port 87/129 on $pmux $flatten\u_fft128.\core.\SU3.\TW.$procmux$579.
    dead port 88/129 on $pmux $flatten\u_fft128.\core.\SU3.\TW.$procmux$579.
    dead port 89/129 on $pmux $flatten\u_fft128.\core.\SU3.\TW.$procmux$579.
    dead port 90/129 on $pmux $flatten\u_fft128.\core.\SU3.\TW.$procmux$579.
    dead port 91/129 on $pmux $flatten\u_fft128.\core.\SU3.\TW.$procmux$579.
    dead port 92/129 on $pmux $flatten\u_fft128.\core.\SU3.\TW.$procmux$579.
    dead port 93/129 on $pmux $flatten\u_fft128.\core.\SU3.\TW.$procmux$579.
    dead port 94/129 on $pmux $flatten\u_fft128.\core.\SU3.\TW.$procmux$579.
    dead port 95/129 on $pmux $flatten\u_fft128.\core.\SU3.\TW.$procmux$579.
    dead port 97/129 on $pmux $flatten\u_fft128.\core.\SU3.\TW.$procmux$579.
    dead port 98/129 on $pmux $flatten\u_fft128.\core.\SU3.\TW.$procmux$579.
    dead port 99/129 on $pmux $flatten\u_fft128.\core.\SU3.\TW.$procmux$579.
    dead port 100/129 on $pmux $flatten\u_fft128.\core.\SU3.\TW.$procmux$579.
    dead port 101/129 on $pmux $flatten\u_fft128.\core.\SU3.\TW.$procmux$579.
    dead port 102/129 on $pmux $flatten\u_fft128.\core.\SU3.\TW.$procmux$579.
    dead port 103/129 on $pmux $flatten\u_fft128.\core.\SU3.\TW.$procmux$579.
    dead port 104/129 on $pmux $flatten\u_fft128.\core.\SU3.\TW.$procmux$579.
    dead port 105/129 on $pmux $flatten\u_fft128.\core.\SU3.\TW.$procmux$579.
    dead port 106/129 on $pmux $flatten\u_fft128.\core.\SU3.\TW.$procmux$579.
    dead port 107/129 on $pmux $flatten\u_fft128.\core.\SU3.\TW.$procmux$579.
    dead port 108/129 on $pmux $flatten\u_fft128.\core.\SU3.\TW.$procmux$579.
    dead port 109/129 on $pmux $flatten\u_fft128.\core.\SU3.\TW.$procmux$579.
    dead port 110/129 on $pmux $flatten\u_fft128.\core.\SU3.\TW.$procmux$579.
    dead port 111/129 on $pmux $flatten\u_fft128.\core.\SU3.\TW.$procmux$579.
    dead port 113/129 on $pmux $flatten\u_fft128.\core.\SU3.\TW.$procmux$579.
    dead port 114/129 on $pmux $flatten\u_fft128.\core.\SU3.\TW.$procmux$579.
    dead port 115/129 on $pmux $flatten\u_fft128.\core.\SU3.\TW.$procmux$579.
    dead port 116/129 on $pmux $flatten\u_fft128.\core.\SU3.\TW.$procmux$579.
    dead port 117/129 on $pmux $flatten\u_fft128.\core.\SU3.\TW.$procmux$579.
    dead port 118/129 on $pmux $flatten\u_fft128.\core.\SU3.\TW.$procmux$579.
    dead port 119/129 on $pmux $flatten\u_fft128.\core.\SU3.\TW.$procmux$579.
    dead port 120/129 on $pmux $flatten\u_fft128.\core.\SU3.\TW.$procmux$579.
    dead port 121/129 on $pmux $flatten\u_fft128.\core.\SU3.\TW.$procmux$579.
    dead port 122/129 on $pmux $flatten\u_fft128.\core.\SU3.\TW.$procmux$579.
    dead port 123/129 on $pmux $flatten\u_fft128.\core.\SU3.\TW.$procmux$579.
    dead port 124/129 on $pmux $flatten\u_fft128.\core.\SU3.\TW.$procmux$579.
    dead port 125/129 on $pmux $flatten\u_fft128.\core.\SU3.\TW.$procmux$579.
    dead port 126/129 on $pmux $flatten\u_fft128.\core.\SU3.\TW.$procmux$579.
    dead port 127/129 on $pmux $flatten\u_fft128.\core.\SU3.\TW.$procmux$579.
Removed 432 multiplexer ports.
<suppressed ~192 debug messages>

11.8.4. Executing OPT_REDUCE pass (consolidate $*mux and $reduce_* inputs).
  Optimizing cells in module \peweaver_ppa_fft128.
    New ctrl vector for $pmux cell $flatten\u_fft128.\core.\SU2.\TW.$procmux$708: { $auto$opt_reduce.cc:137:opt_pmux$1236 $auto$opt_reduce.cc:137:opt_pmux$1234 $flatten\u_fft128.\core.\SU2.\TW.$procmux$776_CMP $flatten\u_fft128.\core.\SU2.\TW.$procmux$784_CMP $flatten\u_fft128.\core.\SU2.\TW.$procmux$788_CMP $flatten\u_fft128.\core.\SU2.\TW.$procmux$796_CMP $flatten\u_fft128.\core.\SU2.\TW.$procmux$800_CMP $auto$opt_reduce.cc:137:opt_pmux$1232 $flatten\u_fft128.\core.\SU2.\TW.$procmux$808_CMP $flatten\u_fft128.\core.\SU2.\TW.$procmux$812_CMP $flatten\u_fft128.\core.\SU2.\TW.$procmux$816_CMP $flatten\u_fft128.\core.\SU2.\TW.$procmux$820_CMP $flatten\u_fft128.\core.\SU2.\TW.$procmux$824_CMP $flatten\u_fft128.\core.\SU2.\TW.$procmux$828_CMP $flatten\u_fft128.\core.\SU2.\TW.$procmux$832_CMP }
    New ctrl vector for $pmux cell $flatten\u_fft128.\core.\SU2.\TW.$procmux$579: { $flatten\u_fft128.\core.\SU2.\TW.$procmux$752_CMP $flatten\u_fft128.\core.\SU2.\TW.$procmux$764_CMP $auto$opt_reduce.cc:137:opt_pmux$1250 $auto$opt_reduce.cc:137:opt_pmux$1248 $auto$opt_reduce.cc:137:opt_pmux$1246 $auto$opt_reduce.cc:137:opt_pmux$1244 $auto$opt_reduce.cc:137:opt_pmux$1242 $auto$opt_reduce.cc:137:opt_pmux$1240 $auto$opt_reduce.cc:137:opt_pmux$1238 $flatten\u_fft128.\core.\SU2.\TW.$procmux$804_CMP $flatten\u_fft128.\core.\SU2.\TW.$procmux$836_CMP }
    New ctrl vector for $pmux cell $flatten\u_fft128.\core.\SU1.\TW.$procmux$708: { $flatten\u_fft128.\core.\SU1.\TW.$procmux$743_CMP $auto$opt_reduce.cc:137:opt_pmux$1262 $flatten\u_fft128.\core.\SU1.\TW.$procmux$749_CMP $auto$opt_reduce.cc:137:opt_pmux$1260 $flatten\u_fft128.\core.\SU1.\TW.$procmux$755_CMP $auto$opt_reduce.cc:137:opt_pmux$1258 $flatten\u_fft128.\core.\SU1.\TW.$procmux$761_CMP $auto$opt_reduce.cc:137:opt_pmux$1256 $flatten\u_fft128.\core.\SU1.\TW.$procmux$767_CMP $auto$opt_reduce.cc:137:opt_pmux$1254 $flatten\u_fft128.\core.\SU1.\TW.$procmux$773_CMP $flatten\u_fft128.\core.\SU1.\TW.$procmux$776_CMP $flatten\u_fft128.\core.\SU1.\TW.$procmux$778_CMP $flatten\u_fft128.\core.\SU1.\TW.$procmux$779_CMP $flatten\u_fft128.\core.\SU1.\TW.$procmux$782_CMP $flatten\u_fft128.\core.\SU1.\TW.$procmux$784_CMP $flatten\u_fft128.\core.\SU1.\TW.$procmux$785_CMP $flatten\u_fft128.\core.\SU1.\TW.$procmux$788_CMP $flatten\u_fft128.\core.\SU1.\TW.$procmux$790_CMP $flatten\u_fft128.\core.\SU1.\TW.$procmux$791_CMP $flatten\u_fft128.\core.\SU1.\TW.$procmux$794_CMP $flatten\u_fft128.\core.\SU1.\TW.$procmux$796_CMP $flatten\u_fft128.\core.\SU1.\TW.$procmux$797_CMP $flatten\u_fft128.\core.\SU1.\TW.$procmux$800_CMP $flatten\u_fft128.\core.\SU1.\TW.$procmux$802_CMP $flatten\u_fft128.\core.\SU1.\TW.$procmux$803_CMP $auto$opt_reduce.cc:137:opt_pmux$1252 $flatten\u_fft128.\core.\SU1.\TW.$procmux$805_CMP $flatten\u_fft128.\core.\SU1.\TW.$procmux$806_CMP $flatten\u_fft128.\core.\SU1.\TW.$procmux$807_CMP $flatten\u_fft128.\core.\SU1.\TW.$procmux$808_CMP $flatten\u_fft128.\core.\SU1.\TW.$procmux$809_CMP $flatten\u_fft128.\core.\SU1.\TW.$procmux$810_CMP $flatten\u_fft128.\core.\SU1.\TW.$procmux$811_CMP $flatten\u_fft128.\core.\SU1.\TW.$procmux$812_CMP $flatten\u_fft128.\core.\SU1.\TW.$procmux$813_CMP $flatten\u_fft128.\core.\SU1.\TW.$procmux$814_CMP $flatten\u_fft128.\core.\SU1.\TW.$procmux$815_CMP $flatten\u_fft128.\core.\SU1.\TW.$procmux$816_CMP $flatten\u_fft128.\core.\SU1.\TW.$procmux$817_CMP $flatten\u_fft128.\core.\SU1.\TW.$procmux$818_CMP $flatten\u_fft128.\core.\SU1.\TW.$procmux$819_CMP $flatten\u_fft128.\core.\SU1.\TW.$procmux$820_CMP $flatten\u_fft128.\core.\SU1.\TW.$procmux$821_CMP $flatten\u_fft128.\core.\SU1.\TW.$procmux$822_CMP $flatten\u_fft128.\core.\SU1.\TW.$procmux$823_CMP $flatten\u_fft128.\core.\SU1.\TW.$procmux$824_CMP $flatten\u_fft128.\core.\SU1.\TW.$procmux$825_CMP $flatten\u_fft128.\core.\SU1.\TW.$procmux$826_CMP $flatten\u_fft128.\core.\SU1.\TW.$procmux$827_CMP $flatten\u_fft128.\core.\SU1.\TW.$procmux$828_CMP $flatten\u_fft128.\core.\SU1.\TW.$procmux$829_CMP $flatten\u_fft128.\core.\SU1.\TW.$procmux$830_CMP $flatten\u_fft128.\core.\SU1.\TW.$procmux$831_CMP $flatten\u_fft128.\core.\SU1.\TW.$procmux$832_CMP $flatten\u_fft128.\core.\SU1.\TW.$procmux$833_CMP $flatten\u_fft128.\core.\SU1.\TW.$procmux$834_CMP $flatten\u_fft128.\core.\SU1.\TW.$procmux$835_CMP }
    New ctrl vector for $pmux cell $flatten\u_fft128.\core.\SU3.\TW.$procmux$708: { $flatten\u_fft128.\core.\SU3.\TW.$procmux$659_CMP $auto$opt_reduce.cc:137:opt_pmux$1264 $flatten\u_fft128.\core.\SU3.\TW.$procmux$691_CMP }
    New ctrl vector for $pmux cell $flatten\u_fft128.\core.\SU3.\TW.$procmux$579: { $auto$opt_reduce.cc:137:opt_pmux$1266 $flatten\u_fft128.\core.\SU3.\TW.$procmux$804_CMP $flatten\u_fft128.\core.\SU3.\TW.$procmux$707_CMP }
    New ctrl vector for $pmux cell $flatten\u_fft128.\core.\SU1.\TW.$procmux$579: { $flatten\u_fft128.\core.\SU1.\TW.$procmux$743_CMP $flatten\u_fft128.\core.\SU1.\TW.$procmux$746_CMP $flatten\u_fft128.\core.\SU1.\TW.$procmux$749_CMP $flatten\u_fft128.\core.\SU1.\TW.$procmux$752_CMP $flatten\u_fft128.\core.\SU1.\TW.$procmux$755_CMP $flatten\u_fft128.\core.\SU1.\TW.$procmux$758_CMP $flatten\u_fft128.\core.\SU1.\TW.$procmux$761_CMP $flatten\u_fft128.\core.\SU1.\TW.$procmux$764_CMP $flatten\u_fft128.\core.\SU1.\TW.$procmux$767_CMP $flatten\u_fft128.\core.\SU1.\TW.$procmux$770_CMP $auto$opt_reduce.cc:137:opt_pmux$1308 $auto$opt_reduce.cc:137:opt_pmux$1306 $auto$opt_reduce.cc:137:opt_pmux$1304 $auto$opt_reduce.cc:137:opt_pmux$1302 $auto$opt_reduce.cc:137:opt_pmux$1300 $auto$opt_reduce.cc:137:opt_pmux$1298 $auto$opt_reduce.cc:137:opt_pmux$1296 $auto$opt_reduce.cc:137:opt_pmux$1294 $auto$opt_reduce.cc:137:opt_pmux$1292 $auto$opt_reduce.cc:137:opt_pmux$1290 $auto$opt_reduce.cc:137:opt_pmux$1288 $auto$opt_reduce.cc:137:opt_pmux$1286 $auto$opt_reduce.cc:137:opt_pmux$1284 $auto$opt_reduce.cc:137:opt_pmux$1282 $auto$opt_reduce.cc:137:opt_pmux$1280 $auto$opt_reduce.cc:137:opt_pmux$1278 $auto$opt_reduce.cc:137:opt_pmux$1276 $auto$opt_reduce.cc:137:opt_pmux$1274 $auto$opt_reduce.cc:137:opt_pmux$1272 $auto$opt_reduce.cc:137:opt_pmux$1270 $auto$opt_reduce.cc:137:opt_pmux$1268 $flatten\u_fft128.\core.\SU1.\TW.$procmux$804_CMP $flatten\u_fft128.\core.\SU1.\TW.$procmux$807_CMP $flatten\u_fft128.\core.\SU1.\TW.$procmux$809_CMP $flatten\u_fft128.\core.\SU1.\TW.$procmux$813_CMP $flatten\u_fft128.\core.\SU1.\TW.$procmux$815_CMP $flatten\u_fft128.\core.\SU1.\TW.$procmux$819_CMP $flatten\u_fft128.\core.\SU1.\TW.$procmux$821_CMP $flatten\u_fft128.\core.\SU1.\TW.$procmux$825_CMP $flatten\u_fft128.\core.\SU1.\TW.$procmux$827_CMP $flatten\u_fft128.\core.\SU1.\TW.$procmux$831_CMP $flatten\u_fft128.\core.\SU1.\TW.$procmux$833_CMP $flatten\u_fft128.\core.\SU1.\TW.$procmux$836_CMP }
  Optimizing cells in module \peweaver_ppa_fft128.
Performed a total of 6 changes.

11.8.5. Executing OPT_MERGE pass (detect identical cells).
Finding identical cells in module `\peweaver_ppa_fft128'.
Computing hashes of 745 cells of `\peweaver_ppa_fft128'.
Finding duplicate cells in `\peweaver_ppa_fft128'.
Removed a total of 0 cells.

11.8.6. Executing OPT_DFF pass (perform DFF optimizations).

11.8.7. Executing OPT_CLEAN pass (remove unused cells and wires).
Finding unused cells or wires in module \peweaver_ppa_fft128..
Removed 82 unused cells and 682 unused wires.
<suppressed ~83 debug messages>

11.8.8. Executing OPT_EXPR pass (perform const folding).
Optimizing module peweaver_ppa_fft128.

11.8.9. Rerunning OPT passes. (Maybe there is more to do..)

11.8.10. Executing OPT_MUXTREE pass (detect dead branches in mux trees).
Running muxtree optimizer on module \peweaver_ppa_fft128..
  Creating internal representation of mux trees.
  Evaluating internal representation of mux trees.
  Analyzing evaluation results.
Removed 0 multiplexer ports.
<suppressed ~192 debug messages>

11.8.11. Executing OPT_REDUCE pass (consolidate $*mux and $reduce_* inputs).
  Optimizing cells in module \peweaver_ppa_fft128.
Performed a total of 0 changes.

11.8.12. Executing OPT_MERGE pass (detect identical cells).
Finding identical cells in module `\peweaver_ppa_fft128'.
Computing hashes of 663 cells of `\peweaver_ppa_fft128'.
Finding duplicate cells in `\peweaver_ppa_fft128'.
Removed a total of 0 cells.

11.8.13. Executing OPT_DFF pass (perform DFF optimizations).

11.8.14. Executing OPT_CLEAN pass (remove unused cells and wires).
Finding unused cells or wires in module \peweaver_ppa_fft128..

11.8.15. Executing OPT_EXPR pass (perform const folding).
Optimizing module peweaver_ppa_fft128.

11.8.16. Finished fast OPT passes. (There is nothing left to do.)

11.9. Executing FSM pass (extract and optimize FSM).

11.9.1. Executing FSM_DETECT pass (finding FSMs in design).
Not marking peweaver_ppa_fft128.u_fft128.core.SU2.TW.ff_im as FSM state register:
    Users of register don't seem to benefit from recoding.
Not marking peweaver_ppa_fft128.u_fft128.core.SU2.TW.ff_re as FSM state register:
    Users of register don't seem to benefit from recoding.
Not marking peweaver_ppa_fft128.u_fft128.core.SU3.TW.ff_im as FSM state register:
    Users of register don't seem to benefit from recoding.
Not marking peweaver_ppa_fft128.u_fft128.core.SU3.TW.ff_re as FSM state register:
    Users of register don't seem to benefit from recoding.
Not marking peweaver_ppa_fft128.u_fft128.core.SU1.TW.ff_im as FSM state register:
    Users of register don't seem to benefit from recoding.
Not marking peweaver_ppa_fft128.u_fft128.core.SU1.TW.ff_re as FSM state register:
    Users of register don't seem to benefit from recoding.

11.9.2. Executing FSM_EXTRACT pass (extracting FSM from design).

11.9.3. Executing FSM_OPT pass (simple optimizations of FSMs).

11.9.4. Executing OPT_CLEAN pass (remove unused cells and wires).
Finding unused cells or wires in module \peweaver_ppa_fft128..

11.9.5. Executing FSM_OPT pass (simple optimizations of FSMs).

11.9.6. Executing FSM_RECODE pass (re-assigning FSM state encoding).

11.9.7. Executing FSM_INFO pass (dumping all available information on FSM cells).

11.9.8. Executing FSM_MAP pass (mapping FSMs to basic logic).

11.10. Executing OPT pass (performing simple optimizations).

11.10.1. Executing OPT_EXPR pass (perform const folding).
Optimizing module peweaver_ppa_fft128.

11.10.2. Executing OPT_MERGE pass (detect identical cells).
Finding identical cells in module `\peweaver_ppa_fft128'.
Computing hashes of 663 cells of `\peweaver_ppa_fft128'.
Finding duplicate cells in `\peweaver_ppa_fft128'.
Removed a total of 0 cells.

11.10.3. Executing OPT_MUXTREE pass (detect dead branches in mux trees).
Running muxtree optimizer on module \peweaver_ppa_fft128..
  Creating internal representation of mux trees.
  Evaluating internal representation of mux trees.
  Analyzing evaluation results.
Removed 0 multiplexer ports.
<suppressed ~192 debug messages>

11.10.4. Executing OPT_REDUCE pass (consolidate $*mux and $reduce_* inputs).
  Optimizing cells in module \peweaver_ppa_fft128.
Performed a total of 0 changes.

11.10.5. Executing OPT_MERGE pass (detect identical cells).
Finding identical cells in module `\peweaver_ppa_fft128'.
Computing hashes of 663 cells of `\peweaver_ppa_fft128'.
Finding duplicate cells in `\peweaver_ppa_fft128'.
Removed a total of 0 cells.

11.10.6. Executing OPT_DFF pass (perform DFF optimizations).
Adding EN signal on $flatten\u_fft128.\core.\SU2.$procdff$988 ($adff) from module peweaver_ppa_fft128 (D = $flatten\u_fft128.\core.\SU2.$0\bf1_sp_en[0:0], Q = \u_fft128.core.SU2.bf1_sp_en).
Adding EN signal on $flatten\u_fft128.\core.\SU2.$procdff$979 ($adff) from module peweaver_ppa_fft128 (D = $flatten\u_fft128.\core.\SU2.$0\bf2_sp_en[0:0], Q = \u_fft128.core.SU2.bf2_sp_en).
Adding EN signal on $flatten\u_fft128.\core.\SU1.$procdff$949 ($adff) from module peweaver_ppa_fft128 (D = $flatten\u_fft128.\core.\SU1.$0\bf2_sp_en[0:0], Q = \u_fft128.core.SU1.bf2_sp_en).
Adding EN signal on $flatten\u_fft128.\core.\SU1.$procdff$958 ($adff) from module peweaver_ppa_fft128 (D = $flatten\u_fft128.\core.\SU1.$0\bf1_sp_en[0:0], Q = \u_fft128.core.SU1.bf1_sp_en).
Adding EN signal on $flatten\u_fft128.\core.\SU3.$procdff$1018 ($adff) from module peweaver_ppa_fft128 (D = $flatten\u_fft128.\core.\SU3.$0\bf1_sp_en[0:0], Q = \u_fft128.core.SU3.bf1_sp_en).
Adding EN signal on $flatten\u_fft128.\core.\SU3.$procdff$1009 ($adff) from module peweaver_ppa_fft128 (D = $flatten\u_fft128.\core.\SU3.$0\bf2_sp_en[0:0], Q = \u_fft128.core.SU3.bf2_sp_en).

11.10.7. Executing OPT_CLEAN pass (remove unused cells and wires).
Finding unused cells or wires in module \peweaver_ppa_fft128..

11.10.8. Executing OPT_EXPR pass (perform const folding).
Optimizing module peweaver_ppa_fft128.
<suppressed ~6 debug messages>

11.10.9. Rerunning OPT passes. (Maybe there is more to do..)

11.10.10. Executing OPT_MUXTREE pass (detect dead branches in mux trees).
Running muxtree optimizer on module \peweaver_ppa_fft128..
  Creating internal representation of mux trees.
  Evaluating internal representation of mux trees.
  Analyzing evaluation results.
Removed 0 multiplexer ports.
<suppressed ~192 debug messages>

11.10.11. Executing OPT_REDUCE pass (consolidate $*mux and $reduce_* inputs).
  Optimizing cells in module \peweaver_ppa_fft128.
Performed a total of 0 changes.

11.10.12. Executing OPT_MERGE pass (detect identical cells).
Finding identical cells in module `\peweaver_ppa_fft128'.
Computing hashes of 669 cells of `\peweaver_ppa_fft128'.
Finding duplicate cells in `\peweaver_ppa_fft128'.
Removed a total of 0 cells.

11.10.13. Executing OPT_DFF pass (perform DFF optimizations).

11.10.14. Executing OPT_CLEAN pass (remove unused cells and wires).
Finding unused cells or wires in module \peweaver_ppa_fft128..

11.10.15. Executing OPT_EXPR pass (perform const folding).
Optimizing module peweaver_ppa_fft128.

11.10.16. Finished fast OPT passes. (There is nothing left to do.)

11.11. Executing WREDUCE pass (reducing word size of cells).
Removed top 1 bits (of 32) from port Y of cell peweaver_ppa_fft128.$flatten\u_fft128.\core.\SU1.\MU.$mul$../third_party/r22sdf/Multiply.v:20$539 ($mul).
Removed top 1 bits (of 32) from port Y of cell peweaver_ppa_fft128.$flatten\u_fft128.\core.\SU1.\MU.$mul$../third_party/r22sdf/Multiply.v:21$540 ($mul).
Removed top 1 bits (of 32) from port Y of cell peweaver_ppa_fft128.$flatten\u_fft128.\core.\SU1.\MU.$mul$../third_party/r22sdf/Multiply.v:22$541 ($mul).
Removed top 1 bits (of 7) from port B of cell peweaver_ppa_fft128.$flatten\u_fft128.\core.\SU1.\TW.$procmux$773_CMP0 ($eq).
Removed top 1 bits (of 7) from port B of cell peweaver_ppa_fft128.$flatten\u_fft128.\core.\SU1.\TW.$procmux$774_CMP0 ($eq).
Removed top 1 bits (of 7) from port B of cell peweaver_ppa_fft128.$flatten\u_fft128.\core.\SU1.\TW.$procmux$776_CMP0 ($eq).
Removed top 1 bits (of 7) from port B of cell peweaver_ppa_fft128.$flatten\u_fft128.\core.\SU1.\TW.$procmux$778_CMP0 ($eq).
Removed top 1 bits (of 7) from port B of cell peweaver_ppa_fft128.$flatten\u_fft128.\core.\SU1.\TW.$procmux$779_CMP0 ($eq).
Removed top 1 bits (of 7) from port B of cell peweaver_ppa_fft128.$flatten\u_fft128.\core.\SU1.\TW.$procmux$780_CMP0 ($eq).
Removed top 1 bits (of 7) from port B of cell peweaver_ppa_fft128.$flatten\u_fft128.\core.\SU1.\TW.$procmux$782_CMP0 ($eq).
Removed top 1 bits (of 7) from port B of cell peweaver_ppa_fft128.$flatten\u_fft128.\core.\SU1.\TW.$procmux$784_CMP0 ($eq).
Removed top 1 bits (of 7) from port B of cell peweaver_ppa_fft128.$flatten\u_fft128.\core.\SU1.\TW.$procmux$785_CMP0 ($eq).
Removed top 1 bits (of 7) from port B of cell peweaver_ppa_fft128.$flatten\u_fft128.\core.\SU1.\TW.$procmux$786_CMP0 ($eq).
Removed top 1 bits (of 7) from port B of cell peweaver_ppa_fft128.$flatten\u_fft128.\core.\SU1.\TW.$procmux$788_CMP0 ($eq).
Removed top 1 bits (of 7) from port B of cell peweaver_ppa_fft128.$flatten\u_fft128.\core.\SU1.\TW.$procmux$790_CMP0 ($eq).
Removed top 1 bits (of 7) from port B of cell peweaver_ppa_fft128.$flatten\u_fft128.\core.\SU1.\TW.$procmux$791_CMP0 ($eq).
Removed top 1 bits (of 7) from port B of cell peweaver_ppa_fft128.$flatten\u_fft128.\core.\SU1.\TW.$procmux$792_CMP0 ($eq).
Removed top 1 bits (of 7) from port B of cell peweaver_ppa_fft128.$flatten\u_fft128.\core.\SU1.\TW.$procmux$794_CMP0 ($eq).
Removed top 1 bits (of 7) from port B of cell peweaver_ppa_fft128.$flatten\u_fft128.\core.\SU1.\TW.$procmux$796_CMP0 ($eq).
Removed top 1 bits (of 7) from port B of cell peweaver_ppa_fft128.$flatten\u_fft128.\core.\SU1.\TW.$procmux$797_CMP0 ($eq).
Removed top 1 bits (of 7) from port B of cell peweaver_ppa_fft128.$flatten\u_fft128.\core.\SU1.\TW.$procmux$798_CMP0 ($eq).
Removed top 1 bits (of 7) from port B of cell peweaver_ppa_fft128.$flatten\u_fft128.\core.\SU1.\TW.$procmux$800_CMP0 ($eq).
Removed top 1 bits (of 7) from port B of cell peweaver_ppa_fft128.$flatten\u_fft128.\core.\SU1.\TW.$procmux$802_CMP0 ($eq).
Removed top 1 bits (of 7) from port B of cell peweaver_ppa_fft128.$flatten\u_fft128.\core.\SU1.\TW.$procmux$803_CMP0 ($eq).
Removed top 1 bits (of 7) from port B of cell peweaver_ppa_fft128.$flatten\u_fft128.\core.\SU1.\TW.$procmux$804_CMP0 ($eq).
Removed top 2 bits (of 7) from port B of cell peweaver_ppa_fft128.$flatten\u_fft128.\core.\SU1.\TW.$procmux$805_CMP0 ($eq).
Removed top 2 bits (of 7) from port B of cell peweaver_ppa_fft128.$flatten\u_fft128.\core.\SU1.\TW.$procmux$806_CMP0 ($eq).
Removed top 2 bits (of 7) from port B of cell peweaver_ppa_fft128.$flatten\u_fft128.\core.\SU1.\TW.$procmux$807_CMP0 ($eq).
Removed top 2 bits (of 7) from port B of cell peweaver_ppa_fft128.$flatten\u_fft128.\core.\SU1.\TW.$procmux$808_CMP0 ($eq).
Removed top 2 bits (of 7) from port B of cell peweaver_ppa_fft128.$flatten\u_fft128.\core.\SU1.\TW.$procmux$809_CMP0 ($eq).
Removed top 2 bits (of 7) from port B of cell peweaver_ppa_fft128.$flatten\u_fft128.\core.\SU1.\TW.$procmux$810_CMP0 ($eq).
Removed top 2 bits (of 7) from port B of cell peweaver_ppa_fft128.$flatten\u_fft128.\core.\SU1.\TW.$procmux$811_CMP0 ($eq).
Removed top 2 bits (of 7) from port B of cell peweaver_ppa_fft128.$flatten\u_fft128.\core.\SU1.\TW.$procmux$812_CMP0 ($eq).
Removed top 2 bits (of 7) from port B of cell peweaver_ppa_fft128.$flatten\u_fft128.\core.\SU1.\TW.$procmux$813_CMP0 ($eq).
Removed top 2 bits (of 7) from port B of cell peweaver_ppa_fft128.$flatten\u_fft128.\core.\SU1.\TW.$procmux$814_CMP0 ($eq).
Removed top 2 bits (of 7) from port B of cell peweaver_ppa_fft128.$flatten\u_fft128.\core.\SU1.\TW.$procmux$815_CMP0 ($eq).
Removed top 2 bits (of 7) from port B of cell peweaver_ppa_fft128.$flatten\u_fft128.\core.\SU1.\TW.$procmux$816_CMP0 ($eq).
Removed top 2 bits (of 7) from port B of cell peweaver_ppa_fft128.$flatten\u_fft128.\core.\SU1.\TW.$procmux$817_CMP0 ($eq).
Removed top 2 bits (of 7) from port B of cell peweaver_ppa_fft128.$flatten\u_fft128.\core.\SU1.\TW.$procmux$818_CMP0 ($eq).
Removed top 2 bits (of 7) from port B of cell peweaver_ppa_fft128.$flatten\u_fft128.\core.\SU1.\TW.$procmux$819_CMP0 ($eq).
Removed top 2 bits (of 7) from port B of cell peweaver_ppa_fft128.$flatten\u_fft128.\core.\SU1.\TW.$procmux$820_CMP0 ($eq).
Removed top 3 bits (of 7) from port B of cell peweaver_ppa_fft128.$flatten\u_fft128.\core.\SU1.\TW.$procmux$821_CMP0 ($eq).
Removed top 3 bits (of 7) from port B of cell peweaver_ppa_fft128.$flatten\u_fft128.\core.\SU1.\TW.$procmux$822_CMP0 ($eq).
Removed top 3 bits (of 7) from port B of cell peweaver_ppa_fft128.$flatten\u_fft128.\core.\SU1.\TW.$procmux$823_CMP0 ($eq).
Removed top 3 bits (of 7) from port B of cell peweaver_ppa_fft128.$flatten\u_fft128.\core.\SU1.\TW.$procmux$824_CMP0 ($eq).
Removed top 3 bits (of 7) from port B of cell peweaver_ppa_fft128.$flatten\u_fft128.\core.\SU1.\TW.$procmux$825_CMP0 ($eq).
Removed top 3 bits (of 7) from port B of cell peweaver_ppa_fft128.$flatten\u_fft128.\core.\SU1.\TW.$procmux$826_CMP0 ($eq).
Removed top 3 bits (of 7) from port B of cell peweaver_ppa_fft128.$flatten\u_fft128.\core.\SU1.\TW.$procmux$827_CMP0 ($eq).
Removed top 3 bits (of 7) from port B of cell peweaver_ppa_fft128.$flatten\u_fft128.\core.\SU1.\TW.$procmux$828_CMP0 ($eq).
Removed top 4 bits (of 7) from port B of cell peweaver_ppa_fft128.$flatten\u_fft128.\core.\SU1.\TW.$procmux$829_CMP0 ($eq).
Removed top 4 bits (of 7) from port B of cell peweaver_ppa_fft128.$flatten\u_fft128.\core.\SU1.\TW.$procmux$830_CMP0 ($eq).
Removed top 4 bits (of 7) from port B of cell peweaver_ppa_fft128.$flatten\u_fft128.\core.\SU1.\TW.$procmux$831_CMP0 ($eq).
Removed top 4 bits (of 7) from port B of cell peweaver_ppa_fft128.$flatten\u_fft128.\core.\SU1.\TW.$procmux$832_CMP0 ($eq).
Removed top 5 bits (of 7) from port B of cell peweaver_ppa_fft128.$flatten\u_fft128.\core.\SU1.\TW.$procmux$833_CMP0 ($eq).
Removed top 5 bits (of 7) from port B of cell peweaver_ppa_fft128.$flatten\u_fft128.\core.\SU1.\TW.$procmux$834_CMP0 ($eq).
Removed top 6 bits (of 7) from port B of cell peweaver_ppa_fft128.$flatten\u_fft128.\core.\SU1.\TW.$procmux$835_CMP0 ($eq).
Removed top 30 bits (of 32) from port B of cell peweaver_ppa_fft128.$flatten\u_fft128.\core.\SU1.\BF2.$add$../third_party/r22sdf/Butterfly.v:27$553 ($add).
Removed top 15 bits (of 32) from port Y of cell peweaver_ppa_fft128.$flatten\u_fft128.\core.\SU1.\BF2.$add$../third_party/r22sdf/Butterfly.v:27$553 ($add).
Removed top 30 bits (of 32) from port B of cell peweaver_ppa_fft128.$flatten\u_fft128.\core.\SU1.\BF2.$add$../third_party/r22sdf/Butterfly.v:29$557 ($add).
Removed top 15 bits (of 32) from port Y of cell peweaver_ppa_fft128.$flatten\u_fft128.\core.\SU1.\BF2.$add$../third_party/r22sdf/Butterfly.v:29$557 ($add).
Removed top 30 bits (of 32) from port B of cell peweaver_ppa_fft128.$flatten\u_fft128.\core.\SU1.\BF2.$add$../third_party/r22sdf/Butterfly.v:28$555 ($add).
Removed top 15 bits (of 32) from port Y of cell peweaver_ppa_fft128.$flatten\u_fft128.\core.\SU1.\BF2.$add$../third_party/r22sdf/Butterfly.v:28$555 ($add).
Removed top 30 bits (of 32) from port B of cell peweaver_ppa_fft128.$flatten\u_fft128.\core.\SU1.\BF2.$add$../third_party/r22sdf/Butterfly.v:30$559 ($add).
Removed top 15 bits (of 32) from port Y of cell peweaver_ppa_fft128.$flatten\u_fft128.\core.\SU1.\BF2.$add$../third_party/r22sdf/Butterfly.v:30$559 ($add).
Removed top 1 bits (of 32) from port Y of cell peweaver_ppa_fft128.$flatten\u_fft128.\core.\SU1.\MU.$mul$../third_party/r22sdf/Multiply.v:19$538 ($mul).
Removed top 2 bits (of 7) from port B of cell peweaver_ppa_fft128.$flatten\u_fft128.\core.\SU1.$eq$../third_party/r22sdf/SdfUnit.v:210$523 ($eq).
Removed top 1 bits (of 7) from port B of cell peweaver_ppa_fft128.$flatten\u_fft128.\core.\SU1.$eq$../third_party/r22sdf/SdfUnit.v:151$504 ($eq).
Removed top 1 bits (of 32) from port Y of cell peweaver_ppa_fft128.$flatten\u_fft128.\core.\SU2.\MU.$mul$../third_party/r22sdf/Multiply.v:20$539 ($mul).
Removed top 1 bits (of 32) from port Y of cell peweaver_ppa_fft128.$flatten\u_fft128.\core.\SU2.\MU.$mul$../third_party/r22sdf/Multiply.v:21$540 ($mul).
Removed top 1 bits (of 32) from port Y of cell peweaver_ppa_fft128.$flatten\u_fft128.\core.\SU2.\MU.$mul$../third_party/r22sdf/Multiply.v:22$541 ($mul).
Removed top 1 bits (of 5) from port B of cell peweaver_ppa_fft128.$flatten\u_fft128.\core.\SU2.\TW.$procmux$776_CMP0 ($eq).
Removed top 1 bits (of 5) from port B of cell peweaver_ppa_fft128.$flatten\u_fft128.\core.\SU2.\TW.$procmux$780_CMP0 ($eq).
Removed top 1 bits (of 5) from port B of cell peweaver_ppa_fft128.$flatten\u_fft128.\core.\SU2.\TW.$procmux$784_CMP0 ($eq).
Removed top 1 bits (of 5) from port B of cell peweaver_ppa_fft128.$flatten\u_fft128.\core.\SU2.\TW.$procmux$788_CMP0 ($eq).
Removed top 1 bits (of 5) from port B of cell peweaver_ppa_fft128.$flatten\u_fft128.\core.\SU2.\TW.$procmux$792_CMP0 ($eq).
Removed top 1 bits (of 5) from port B of cell peweaver_ppa_fft128.$flatten\u_fft128.\core.\SU2.\TW.$procmux$796_CMP0 ($eq).
Removed top 1 bits (of 5) from port B of cell peweaver_ppa_fft128.$flatten\u_fft128.\core.\SU2.\TW.$procmux$800_CMP0 ($eq).
Removed top 1 bits (of 5) from port B of cell peweaver_ppa_fft128.$flatten\u_fft128.\core.\SU2.\TW.$procmux$804_CMP0 ($eq).
Removed top 2 bits (of 5) from port B of cell peweaver_ppa_fft128.$flatten\u_fft128.\core.\SU2.\TW.$procmux$808_CMP0 ($eq).
Removed top 2 bits (of 5) from port B of cell peweaver_ppa_fft128.$flatten\u_fft128.\core.\SU2.\TW.$procmux$812_CMP0 ($eq).
Removed top 2 bits (of 5) from port B of cell peweaver_ppa_fft128.$flatten\u_fft128.\core.\SU2.\TW.$procmux$816_CMP0 ($eq).
Removed top 2 bits (of 5) from port B of cell peweaver_ppa_fft128.$flatten\u_fft128.\core.\SU2.\TW.$procmux$820_CMP0 ($eq).
Removed top 3 bits (of 5) from port B of cell peweaver_ppa_fft128.$flatten\u_fft128.\core.\SU2.\TW.$procmux$824_CMP0 ($eq).
Removed top 3 bits (of 5) from port B of cell peweaver_ppa_fft128.$flatten\u_fft128.\core.\SU2.\TW.$procmux$828_CMP0 ($eq).
Removed top 4 bits (of 5) from port B of cell peweaver_ppa_fft128.$flatten\u_fft128.\core.\SU2.\TW.$procmux$832_CMP0 ($eq).
Removed top 30 bits (of 32) from port B of cell peweaver_ppa_fft128.$flatten\u_fft128.\core.\SU2.\BF2.$add$../third_party/r22sdf/Butterfly.v:27$553 ($add).
Removed top 15 bits (of 32) from port Y of cell peweaver_ppa_fft128.$flatten\u_fft128.\core.\SU2.\BF2.$add$../third_party/r22sdf/Butterfly.v:27$553 ($add).
Removed top 30 bits (of 32) from port B of cell peweaver_ppa_fft128.$flatten\u_fft128.\core.\SU2.\BF2.$add$../third_party/r22sdf/Butterfly.v:29$557 ($add).
Removed top 15 bits (of 32) from port Y of cell peweaver_ppa_fft128.$flatten\u_fft128.\core.\SU2.\BF2.$add$../third_party/r22sdf/Butterfly.v:29$557 ($add).
Removed top 30 bits (of 32) from port B of cell peweaver_ppa_fft128.$flatten\u_fft128.\core.\SU2.\BF2.$add$../third_party/r22sdf/Butterfly.v:28$555 ($add).
Removed top 15 bits (of 32) from port Y of cell peweaver_ppa_fft128.$flatten\u_fft128.\core.\SU2.\BF2.$add$../third_party/r22sdf/Butterfly.v:28$555 ($add).
Removed top 30 bits (of 32) from port B of cell peweaver_ppa_fft128.$flatten\u_fft128.\core.\SU2.\BF2.$add$../third_party/r22sdf/Butterfly.v:30$559 ($add).
Removed top 15 bits (of 32) from port Y of cell peweaver_ppa_fft128.$flatten\u_fft128.\core.\SU2.\BF2.$add$../third_party/r22sdf/Butterfly.v:30$559 ($add).
Removed top 1 bits (of 32) from port Y of cell peweaver_ppa_fft128.$flatten\u_fft128.\core.\SU2.\MU.$mul$../third_party/r22sdf/Multiply.v:19$538 ($mul).
Removed top 4 bits (of 7) from port B of cell peweaver_ppa_fft128.$flatten\u_fft128.\core.\SU2.$eq$../third_party/r22sdf/SdfUnit.v:210$468 ($eq).
Removed top 3 bits (of 7) from port B of cell peweaver_ppa_fft128.$flatten\u_fft128.\core.\SU2.$eq$../third_party/r22sdf/SdfUnit.v:151$449 ($eq).
Removed top 1 bits (of 32) from port Y of cell peweaver_ppa_fft128.$flatten\u_fft128.\core.\SU3.\MU.$mul$../third_party/r22sdf/Multiply.v:20$539 ($mul).
Removed top 1 bits (of 32) from port Y of cell peweaver_ppa_fft128.$flatten\u_fft128.\core.\SU3.\MU.$mul$../third_party/r22sdf/Multiply.v:21$540 ($mul).
Removed top 1 bits (of 32) from port Y of cell peweaver_ppa_fft128.$flatten\u_fft128.\core.\SU3.\MU.$mul$../third_party/r22sdf/Multiply.v:22$541 ($mul).
Removed top 1 bits (of 3) from port B of cell peweaver_ppa_fft128.$flatten\u_fft128.\core.\SU3.\TW.$procmux$659_CMP0 ($eq).
Removed top 2 bits (of 3) from port B of cell peweaver_ppa_fft128.$flatten\u_fft128.\core.\SU3.\TW.$procmux$691_CMP0 ($eq).
Removed top 1 bits (of 3) from port B of cell peweaver_ppa_fft128.$flatten\u_fft128.\core.\SU3.\TW.$procmux$804_CMP0 ($eq).
Removed top 30 bits (of 32) from port B of cell peweaver_ppa_fft128.$flatten\u_fft128.\core.\SU3.\BF2.$add$../third_party/r22sdf/Butterfly.v:27$553 ($add).
Removed top 15 bits (of 32) from port Y of cell peweaver_ppa_fft128.$flatten\u_fft128.\core.\SU3.\BF2.$add$../third_party/r22sdf/Butterfly.v:27$553 ($add).
Removed top 30 bits (of 32) from port B of cell peweaver_ppa_fft128.$flatten\u_fft128.\core.\SU3.\BF2.$add$../third_party/r22sdf/Butterfly.v:29$557 ($add).
Removed top 15 bits (of 32) from port Y of cell peweaver_ppa_fft128.$flatten\u_fft128.\core.\SU3.\BF2.$add$../third_party/r22sdf/Butterfly.v:29$557 ($add).
Removed top 30 bits (of 32) from port B of cell peweaver_ppa_fft128.$flatten\u_fft128.\core.\SU3.\BF2.$add$../third_party/r22sdf/Butterfly.v:28$555 ($add).
Removed top 15 bits (of 32) from port Y of cell peweaver_ppa_fft128.$flatten\u_fft128.\core.\SU3.\BF2.$add$../third_party/r22sdf/Butterfly.v:28$555 ($add).
Removed top 30 bits (of 32) from port B of cell peweaver_ppa_fft128.$flatten\u_fft128.\core.\SU3.\BF2.$add$../third_party/r22sdf/Butterfly.v:30$559 ($add).
Removed top 15 bits (of 32) from port Y of cell peweaver_ppa_fft128.$flatten\u_fft128.\core.\SU3.\BF2.$add$../third_party/r22sdf/Butterfly.v:30$559 ($add).
Removed top 1 bits (of 32) from port Y of cell peweaver_ppa_fft128.$flatten\u_fft128.\core.\SU3.\MU.$mul$../third_party/r22sdf/Multiply.v:19$538 ($mul).
Removed top 6 bits (of 7) from port B of cell peweaver_ppa_fft128.$flatten\u_fft128.\core.\SU3.$eq$../third_party/r22sdf/SdfUnit.v:210$413 ($eq).
Removed top 5 bits (of 7) from port B of cell peweaver_ppa_fft128.$flatten\u_fft128.\core.\SU3.$eq$../third_party/r22sdf/SdfUnit.v:151$394 ($eq).
Removed top 15 bits (of 32) from wire peweaver_ppa_fft128.$flatten\u_fft128.\core.\SU1.\BF2.$add$../third_party/r22sdf/Butterfly.v:30$559_Y.
Removed top 15 bits (of 32) from wire peweaver_ppa_fft128.$flatten\u_fft128.\core.\SU1.\BF2.$add$../third_party/r22sdf/Butterfly.v:29$557_Y.
Removed top 15 bits (of 32) from wire peweaver_ppa_fft128.$flatten\u_fft128.\core.\SU1.\BF2.$add$../third_party/r22sdf/Butterfly.v:28$555_Y.
Removed top 15 bits (of 32) from wire peweaver_ppa_fft128.$flatten\u_fft128.\core.\SU1.\BF2.$add$../third_party/r22sdf/Butterfly.v:27$553_Y.
Removed top 15 bits (of 32) from wire peweaver_ppa_fft128.$flatten\u_fft128.\core.\SU2.\BF2.$add$../third_party/r22sdf/Butterfly.v:27$553_Y.
Removed top 15 bits (of 32) from wire peweaver_ppa_fft128.$flatten\u_fft128.\core.\SU2.\BF2.$add$../third_party/r22sdf/Butterfly.v:28$555_Y.
Removed top 15 bits (of 32) from wire peweaver_ppa_fft128.$flatten\u_fft128.\core.\SU2.\BF2.$add$../third_party/r22sdf/Butterfly.v:29$557_Y.
Removed top 15 bits (of 32) from wire peweaver_ppa_fft128.$flatten\u_fft128.\core.\SU2.\BF2.$add$../third_party/r22sdf/Butterfly.v:30$559_Y.
Removed top 15 bits (of 32) from wire peweaver_ppa_fft128.$flatten\u_fft128.\core.\SU3.\BF2.$add$../third_party/r22sdf/Butterfly.v:27$553_Y.
Removed top 15 bits (of 32) from wire peweaver_ppa_fft128.$flatten\u_fft128.\core.\SU3.\BF2.$add$../third_party/r22sdf/Butterfly.v:28$555_Y.
Removed top 15 bits (of 32) from wire peweaver_ppa_fft128.$flatten\u_fft128.\core.\SU3.\BF2.$add$../third_party/r22sdf/Butterfly.v:29$557_Y.
Removed top 15 bits (of 32) from wire peweaver_ppa_fft128.$flatten\u_fft128.\core.\SU3.\BF2.$add$../third_party/r22sdf/Butterfly.v:30$559_Y.

11.12. Executing PEEPOPT pass (run peephole optimizers).

11.13. Executing OPT_CLEAN pass (remove unused cells and wires).
Finding unused cells or wires in module \peweaver_ppa_fft128..
Removed 0 unused cells and 12 unused wires.
<suppressed ~1 debug messages>

11.14. Executing ALUMACC pass (create $alu and $macc cells).
Extracting $alu and $macc cells in module peweaver_ppa_fft128:
  creating $macc model for $flatten\u_fft128.\core.\SU3.\BF1.$add$../third_party/r22sdf/Butterfly.v:22$563 ($add).
  creating $macc model for $flatten\u_fft128.\core.\SU3.\BF1.$sub$../third_party/r22sdf/Butterfly.v:23$564 ($sub).
  creating $macc model for $flatten\u_fft128.\core.\SU3.\BF1.$sub$../third_party/r22sdf/Butterfly.v:24$565 ($sub).
  creating $macc model for $flatten\u_fft128.\core.\SU4.\BF.$add$../third_party/r22sdf/Butterfly.v:21$562 ($add).
  creating $macc model for $flatten\u_fft128.\core.\SU3.\MU.$mul$../third_party/r22sdf/Multiply.v:19$538 ($mul).
  creating $macc model for $flatten\u_fft128.\core.\SU3.$mul$../third_party/r22sdf/SdfUnit.v:233$419 ($mul).
  creating $macc model for $flatten\u_fft128.\core.\SU3.$add$../third_party/r22sdf/SdfUnit.v:205$410 ($add).
  creating $macc model for $flatten\u_fft128.\core.\SU3.\BF2.$add$../third_party/r22sdf/Butterfly.v:21$549 ($add).
  creating $macc model for $flatten\u_fft128.\core.\SU3.$add$../third_party/r22sdf/SdfUnit.v:148$392 ($add).
  creating $macc model for $flatten\u_fft128.\core.\SU3.$neg$../third_party/r22sdf/SdfUnit.v:140$386 ($neg).
  creating $macc model for $flatten\u_fft128.\core.\SU3.\BF1.$add$../third_party/r22sdf/Butterfly.v:21$562 ($add).
  creating $macc model for $flatten\u_fft128.\core.\SU2.\BF2.$add$../third_party/r22sdf/Butterfly.v:30$559 ($add).
  creating $macc model for $flatten\u_fft128.\core.\SU2.\BF2.$add$../third_party/r22sdf/Butterfly.v:28$555 ($add).
  creating $macc model for $flatten\u_fft128.\core.\SU2.\BF2.$add$../third_party/r22sdf/Butterfly.v:29$557 ($add).
  creating $macc model for $flatten\u_fft128.\core.\SU4.\BF.$add$../third_party/r22sdf/Butterfly.v:22$563 ($add).
  creating $macc model for $flatten\u_fft128.\core.\SU4.\BF.$sub$../third_party/r22sdf/Butterfly.v:23$564 ($sub).
  creating $macc model for $flatten\u_fft128.\core.\SU2.\MU.$sub$../third_party/r22sdf/Multiply.v:32$546 ($sub).
  creating $macc model for $flatten\u_fft128.\core.\SU2.\MU.$add$../third_party/r22sdf/Multiply.v:33$547 ($add).
  creating $macc model for $flatten\u_fft128.\core.\SU2.\MU.$mul$../third_party/r22sdf/Multiply.v:22$541 ($mul).
  creating $macc model for $flatten\u_fft128.\core.\SU2.\MU.$mul$../third_party/r22sdf/Multiply.v:21$540 ($mul).
  creating $macc model for $flatten\u_fft128.\core.\SU2.\MU.$mul$../third_party/r22sdf/Multiply.v:20$539 ($mul).
  creating $macc model for $flatten\u_fft128.\core.\SU1.\BF1.$add$../third_party/r22sdf/Butterfly.v:21$562 ($add).
  creating $macc model for $flatten\u_fft128.\core.\SU1.$neg$../third_party/r22sdf/SdfUnit.v:140$496 ($neg).
  creating $macc model for $flatten\u_fft128.\core.\SU1.$add$../third_party/r22sdf/SdfUnit.v:148$502 ($add).
  creating $macc model for $flatten\u_fft128.\core.\SU1.\BF2.$add$../third_party/r22sdf/Butterfly.v:21$549 ($add).
  creating $macc model for $flatten\u_fft128.\core.\SU1.$add$../third_party/r22sdf/SdfUnit.v:205$520 ($add).
  creating $macc model for $flatten\u_fft128.\core.\SU1.$mul$../third_party/r22sdf/SdfUnit.v:233$529 ($mul).
  creating $macc model for $flatten\u_fft128.\core.\SU1.\MU.$mul$../third_party/r22sdf/Multiply.v:19$538 ($mul).
  creating $macc model for $flatten\u_fft128.\core.\SU1.\BF1.$sub$../third_party/r22sdf/Butterfly.v:24$565 ($sub).
  creating $macc model for $flatten\u_fft128.\core.\SU1.\BF1.$sub$../third_party/r22sdf/Butterfly.v:23$564 ($sub).
  creating $macc model for $flatten\u_fft128.\core.\SU1.\BF1.$add$../third_party/r22sdf/Butterfly.v:22$563 ($add).
  creating $macc model for $flatten\u_fft128.\core.\SU1.\BF2.$add$../third_party/r22sdf/Butterfly.v:30$559 ($add).
  creating $macc model for $flatten\u_fft128.\core.\SU1.\BF2.$add$../third_party/r22sdf/Butterfly.v:28$555 ($add).
  creating $macc model for $flatten\u_fft128.\core.\SU1.\BF2.$add$../third_party/r22sdf/Butterfly.v:29$557 ($add).
  creating $macc model for $flatten\u_fft128.\core.\SU1.\BF2.$add$../third_party/r22sdf/Butterfly.v:27$553 ($add).
  creating $macc model for $flatten\u_fft128.\core.\SU1.\BF2.$sub$../third_party/r22sdf/Butterfly.v:24$552 ($sub).
  creating $macc model for $flatten\u_fft128.\core.\SU1.\BF2.$sub$../third_party/r22sdf/Butterfly.v:23$551 ($sub).
  creating $macc model for $flatten\u_fft128.\core.\SU1.\BF2.$add$../third_party/r22sdf/Butterfly.v:22$550 ($add).
  creating $macc model for $flatten\u_fft128.\core.\SU4.\BF.$sub$../third_party/r22sdf/Butterfly.v:24$565 ($sub).
  creating $macc model for $flatten\u_fft128.\core.\SU3.\BF2.$add$../third_party/r22sdf/Butterfly.v:22$550 ($add).
  creating $macc model for $flatten\u_fft128.\core.\SU3.\BF2.$sub$../third_party/r22sdf/Butterfly.v:23$551 ($sub).
  creating $macc model for $flatten\u_fft128.\core.\SU2.\BF2.$add$../third_party/r22sdf/Butterfly.v:27$553 ($add).
  creating $macc model for $flatten\u_fft128.\core.\SU2.\BF2.$sub$../third_party/r22sdf/Butterfly.v:24$552 ($sub).
  creating $macc model for $flatten\u_fft128.\core.\SU2.\BF2.$sub$../third_party/r22sdf/Butterfly.v:23$551 ($sub).
  creating $macc model for $flatten\u_fft128.\core.\SU2.\BF2.$add$../third_party/r22sdf/Butterfly.v:22$550 ($add).
  creating $macc model for $flatten\u_fft128.\core.\SU2.\BF1.$sub$../third_party/r22sdf/Butterfly.v:24$565 ($sub).
  creating $macc model for $flatten\u_fft128.\core.\SU2.\BF1.$sub$../third_party/r22sdf/Butterfly.v:23$564 ($sub).
  creating $macc model for $flatten\u_fft128.\core.\SU2.\BF1.$add$../third_party/r22sdf/Butterfly.v:22$563 ($add).
  creating $macc model for $flatten\u_fft128.\core.\SU3.\MU.$sub$../third_party/r22sdf/Multiply.v:32$546 ($sub).
  creating $macc model for $flatten\u_fft128.\core.\SU3.\MU.$add$../third_party/r22sdf/Multiply.v:33$547 ($add).
  creating $macc model for $flatten\u_fft128.\core.\SU3.\MU.$mul$../third_party/r22sdf/Multiply.v:22$541 ($mul).
  creating $macc model for $flatten\u_fft128.\core.\SU3.\MU.$mul$../third_party/r22sdf/Multiply.v:21$540 ($mul).
  creating $macc model for $flatten\u_fft128.\core.\SU3.\MU.$mul$../third_party/r22sdf/Multiply.v:20$539 ($mul).
  creating $macc model for $flatten\u_fft128.\core.\SU2.\BF1.$add$../third_party/r22sdf/Butterfly.v:21$562 ($add).
  creating $macc model for $flatten\u_fft128.\core.\SU2.$neg$../third_party/r22sdf/SdfUnit.v:140$441 ($neg).
  creating $macc model for $flatten\u_fft128.\core.\SU2.$add$../third_party/r22sdf/SdfUnit.v:148$447 ($add).
  creating $macc model for $flatten\u_fft128.\core.\SU2.\BF2.$add$../third_party/r22sdf/Butterfly.v:21$549 ($add).
  creating $macc model for $flatten\u_fft128.\core.\SU2.$add$../third_party/r22sdf/SdfUnit.v:205$465 ($add).
  creating $macc model for $flatten\u_fft128.\core.\SU3.\BF2.$add$../third_party/r22sdf/Butterfly.v:30$559 ($add).
  creating $macc model for $flatten\u_fft128.\core.\SU3.\BF2.$add$../third_party/r22sdf/Butterfly.v:28$555 ($add).
  creating $macc model for $flatten\u_fft128.\core.\SU2.$mul$../third_party/r22sdf/SdfUnit.v:233$474 ($mul).
  creating $macc model for $flatten\u_fft128.\core.\SU3.\BF2.$add$../third_party/r22sdf/Butterfly.v:29$557 ($add).
  creating $macc model for $flatten\u_fft128.\core.\SU2.\MU.$mul$../third_party/r22sdf/Multiply.v:19$538 ($mul).
  creating $macc model for $flatten\u_fft128.\core.\SU3.\BF2.$add$../third_party/r22sdf/Butterfly.v:27$553 ($add).
  creating $macc model for $flatten\u_fft128.\core.\SU3.\BF2.$sub$../third_party/r22sdf/Butterfly.v:24$552 ($sub).
  creating $macc model for $flatten\u_fft128.\core.\SU1.\MU.$sub$../third_party/r22sdf/Multiply.v:32$546 ($sub).
  creating $macc model for $flatten\u_fft128.\core.\SU1.\MU.$add$../third_party/r22sdf/Multiply.v:33$547 ($add).
  creating $macc model for $flatten\u_fft128.\core.\SU1.\MU.$mul$../third_party/r22sdf/Multiply.v:22$541 ($mul).
  creating $macc model for $flatten\u_fft128.\core.\SU1.\MU.$mul$../third_party/r22sdf/Multiply.v:21$540 ($mul).
  creating $macc model for $flatten\u_fft128.\core.\SU1.\MU.$mul$../third_party/r22sdf/Multiply.v:20$539 ($mul).
  creating $macc model for $flatten\u_fft128.\core.\SU3.$add$../third_party/r22sdf/SdfUnit.v:107$376 ($add).
  creating $macc model for $flatten\u_fft128.\core.\SU2.$add$../third_party/r22sdf/SdfUnit.v:107$431 ($add).
  creating $macc model for $flatten\u_fft128.\core.\SU1.$add$../third_party/r22sdf/SdfUnit.v:107$486 ($add).
  merging $macc model for $flatten\u_fft128.\core.\SU3.\BF2.$add$../third_party/r22sdf/Butterfly.v:21$549 into $flatten\u_fft128.\core.\SU3.\BF2.$add$../third_party/r22sdf/Butterfly.v:27$553.
  merging $macc model for $flatten\u_fft128.\core.\SU3.\BF2.$sub$../third_party/r22sdf/Butterfly.v:23$551 into $flatten\u_fft128.\core.\SU3.\BF2.$add$../third_party/r22sdf/Butterfly.v:29$557.
  merging $macc model for $flatten\u_fft128.\core.\SU3.\BF2.$add$../third_party/r22sdf/Butterfly.v:22$550 into $flatten\u_fft128.\core.\SU3.\BF2.$add$../third_party/r22sdf/Butterfly.v:28$555.
  merging $macc model for $flatten\u_fft128.\core.\SU3.\BF2.$sub$../third_party/r22sdf/Butterfly.v:24$552 into $flatten\u_fft128.\core.\SU3.\BF2.$add$../third_party/r22sdf/Butterfly.v:30$559.
  merging $macc model for $flatten\u_fft128.\core.\SU2.\BF2.$add$../third_party/r22sdf/Butterfly.v:21$549 into $flatten\u_fft128.\core.\SU2.\BF2.$add$../third_party/r22sdf/Butterfly.v:27$553.
  merging $macc model for $flatten\u_fft128.\core.\SU1.\BF2.$add$../third_party/r22sdf/Butterfly.v:21$549 into $flatten\u_fft128.\core.\SU1.\BF2.$add$../third_party/r22sdf/Butterfly.v:27$553.
  merging $macc model for $flatten\u_fft128.\core.\SU1.\BF2.$sub$../third_party/r22sdf/Butterfly.v:23$551 into $flatten\u_fft128.\core.\SU1.\BF2.$add$../third_party/r22sdf/Butterfly.v:29$557.
  merging $macc model for $flatten\u_fft128.\core.\SU1.\BF2.$add$../third_party/r22sdf/Butterfly.v:22$550 into $flatten\u_fft128.\core.\SU1.\BF2.$add$../third_party/r22sdf/Butterfly.v:28$555.
  merging $macc model for $flatten\u_fft128.\core.\SU1.\BF2.$sub$../third_party/r22sdf/Butterfly.v:24$552 into $flatten\u_fft128.\core.\SU1.\BF2.$add$../third_party/r22sdf/Butterfly.v:30$559.
  merging $macc model for $flatten\u_fft128.\core.\SU2.\BF2.$sub$../third_party/r22sdf/Butterfly.v:23$551 into $flatten\u_fft128.\core.\SU2.\BF2.$add$../third_party/r22sdf/Butterfly.v:29$557.
  merging $macc model for $flatten\u_fft128.\core.\SU2.\BF2.$add$../third_party/r22sdf/Butterfly.v:22$550 into $flatten\u_fft128.\core.\SU2.\BF2.$add$../third_party/r22sdf/Butterfly.v:28$555.
  merging $macc model for $flatten\u_fft128.\core.\SU2.\BF2.$sub$../third_party/r22sdf/Butterfly.v:24$552 into $flatten\u_fft128.\core.\SU2.\BF2.$add$../third_party/r22sdf/Butterfly.v:30$559.
  creating $alu model for $macc $flatten\u_fft128.\core.\SU2.$add$../third_party/r22sdf/SdfUnit.v:205$465.
  creating $alu model for $macc $flatten\u_fft128.\core.\SU1.\MU.$sub$../third_party/r22sdf/Multiply.v:32$546.
  creating $alu model for $macc $flatten\u_fft128.\core.\SU2.$add$../third_party/r22sdf/SdfUnit.v:148$447.
  creating $alu model for $macc $flatten\u_fft128.\core.\SU2.$neg$../third_party/r22sdf/SdfUnit.v:140$441.
  creating $alu model for $macc $flatten\u_fft128.\core.\SU2.\BF1.$add$../third_party/r22sdf/Butterfly.v:21$562.
  creating $alu model for $macc $flatten\u_fft128.\core.\SU3.\MU.$add$../third_party/r22sdf/Multiply.v:33$547.
  creating $alu model for $macc $flatten\u_fft128.\core.\SU3.\MU.$sub$../third_party/r22sdf/Multiply.v:32$546.
  creating $alu model for $macc $flatten\u_fft128.\core.\SU2.\BF1.$add$../third_party/r22sdf/Butterfly.v:22$563.
  creating $alu model for $macc $flatten\u_fft128.\core.\SU2.\BF1.$sub$../third_party/r22sdf/Butterfly.v:23$564.
  creating $alu model for $macc $flatten\u_fft128.\core.\SU2.\BF1.$sub$../third_party/r22sdf/Butterfly.v:24$565.
  creating $alu model for $macc $flatten\u_fft128.\core.\SU2.$add$../third_party/r22sdf/SdfUnit.v:107$431.
  creating $alu model for $macc $flatten\u_fft128.\core.\SU3.$add$../third_party/r22sdf/SdfUnit.v:107$376.
  creating $alu model for $macc $flatten\u_fft128.\core.\SU1.$add$../third_party/r22sdf/SdfUnit.v:107$486.
  creating $alu model for $macc $flatten\u_fft128.\core.\SU4.\BF.$sub$../third_party/r22sdf/Butterfly.v:24$565.
  creating $alu model for $macc $flatten\u_fft128.\core.\SU1.\BF1.$add$../third_party/r22sdf/Butterfly.v:22$563.
  creating $alu model for $macc $flatten\u_fft128.\core.\SU1.\BF1.$sub$../third_party/r22sdf/Butterfly.v:23$564.
  creating $alu model for $macc $flatten\u_fft128.\core.\SU1.\BF1.$sub$../third_party/r22sdf/Butterfly.v:24$565.
  creating $alu model for $macc $flatten\u_fft128.\core.\SU1.$add$../third_party/r22sdf/SdfUnit.v:205$520.
  creating $alu model for $macc $flatten\u_fft128.\core.\SU1.\MU.$add$../third_party/r22sdf/Multiply.v:33$547.
  creating $alu model for $macc $flatten\u_fft128.\core.\SU1.$add$../third_party/r22sdf/SdfUnit.v:148$502.
  creating $alu model for $macc $flatten\u_fft128.\core.\SU1.$neg$../third_party/r22sdf/SdfUnit.v:140$496.
  creating $alu model for $macc $flatten\u_fft128.\core.\SU1.\BF1.$add$../third_party/r22sdf/Butterfly.v:21$562.
  creating $alu model for $macc $flatten\u_fft128.\core.\SU2.\MU.$add$../third_party/r22sdf/Multiply.v:33$547.
  creating $alu model for $macc $flatten\u_fft128.\core.\SU2.\MU.$sub$../third_party/r22sdf/Multiply.v:32$546.
  creating $alu model for $macc $flatten\u_fft128.\core.\SU4.\BF.$sub$../third_party/r22sdf/Butterfly.v:23$564.
  creating $alu model for $macc $flatten\u_fft128.\core.\SU4.\BF.$add$../third_party/r22sdf/Butterfly.v:22$563.
  creating $alu model for $macc $flatten\u_fft128.\core.\SU3.\BF1.$add$../third_party/r22sdf/Butterfly.v:21$562.
  creating $alu model for $macc $flatten\u_fft128.\core.\SU3.$neg$../third_party/r22sdf/SdfUnit.v:140$386.
  creating $alu model for $macc $flatten\u_fft128.\core.\SU3.$add$../third_party/r22sdf/SdfUnit.v:148$392.
  creating $alu model for $macc $flatten\u_fft128.\core.\SU3.$add$../third_party/r22sdf/SdfUnit.v:205$410.
  creating $alu model for $macc $flatten\u_fft128.\core.\SU4.\BF.$add$../third_party/r22sdf/Butterfly.v:21$562.
  creating $alu model for $macc $flatten\u_fft128.\core.\SU3.\BF1.$sub$../third_party/r22sdf/Butterfly.v:24$565.
  creating $alu model for $macc $flatten\u_fft128.\core.\SU3.\BF1.$sub$../third_party/r22sdf/Butterfly.v:23$564.
  creating $alu model for $macc $flatten\u_fft128.\core.\SU3.\BF1.$add$../third_party/r22sdf/Butterfly.v:22$563.
  creating $macc cell for $flatten\u_fft128.\core.\SU1.$mul$../third_party/r22sdf/SdfUnit.v:233$529: $auto$alumacc.cc:399:replace_macc$1339
  creating $macc cell for $flatten\u_fft128.\core.\SU1.\MU.$mul$../third_party/r22sdf/Multiply.v:21$540: $auto$alumacc.cc:399:replace_macc$1340
  creating $macc cell for $flatten\u_fft128.\core.\SU1.\MU.$mul$../third_party/r22sdf/Multiply.v:22$541: $auto$alumacc.cc:399:replace_macc$1341
  creating $macc cell for $flatten\u_fft128.\core.\SU1.\MU.$mul$../third_party/r22sdf/Multiply.v:20$539: $auto$alumacc.cc:399:replace_macc$1342
  creating $macc cell for $flatten\u_fft128.\core.\SU1.\BF2.$add$../third_party/r22sdf/Butterfly.v:27$553: $auto$alumacc.cc:399:replace_macc$1343
  creating $macc cell for $flatten\u_fft128.\core.\SU1.\BF2.$add$../third_party/r22sdf/Butterfly.v:29$557: $auto$alumacc.cc:399:replace_macc$1344
  creating $macc cell for $flatten\u_fft128.\core.\SU2.\MU.$mul$../third_party/r22sdf/Multiply.v:20$539: $auto$alumacc.cc:399:replace_macc$1345
  creating $macc cell for $flatten\u_fft128.\core.\SU2.\MU.$mul$../third_party/r22sdf/Multiply.v:21$540: $auto$alumacc.cc:399:replace_macc$1346
  creating $macc cell for $flatten\u_fft128.\core.\SU2.\MU.$mul$../third_party/r22sdf/Multiply.v:22$541: $auto$alumacc.cc:399:replace_macc$1347
  creating $macc cell for $flatten\u_fft128.\core.\SU1.\BF2.$add$../third_party/r22sdf/Butterfly.v:28$555: $auto$alumacc.cc:399:replace_macc$1348
  creating $macc cell for $flatten\u_fft128.\core.\SU3.\MU.$mul$../third_party/r22sdf/Multiply.v:22$541: $auto$alumacc.cc:399:replace_macc$1349
  creating $macc cell for $flatten\u_fft128.\core.\SU3.\MU.$mul$../third_party/r22sdf/Multiply.v:21$540: $auto$alumacc.cc:399:replace_macc$1350
  creating $macc cell for $flatten\u_fft128.\core.\SU3.\MU.$mul$../third_party/r22sdf/Multiply.v:20$539: $auto$alumacc.cc:399:replace_macc$1351
  creating $macc cell for $flatten\u_fft128.\core.\SU2.\BF2.$add$../third_party/r22sdf/Butterfly.v:29$557: $auto$alumacc.cc:399:replace_macc$1352
  creating $macc cell for $flatten\u_fft128.\core.\SU2.\BF2.$add$../third_party/r22sdf/Butterfly.v:28$555: $auto$alumacc.cc:399:replace_macc$1353
  creating $macc cell for $flatten\u_fft128.\core.\SU2.\BF2.$add$../third_party/r22sdf/Butterfly.v:30$559: $auto$alumacc.cc:399:replace_macc$1354
  creating $macc cell for $flatten\u_fft128.\core.\SU1.\BF2.$add$../third_party/r22sdf/Butterfly.v:30$559: $auto$alumacc.cc:399:replace_macc$1355
  creating $macc cell for $flatten\u_fft128.\core.\SU2.\BF2.$add$../third_party/r22sdf/Butterfly.v:27$553: $auto$alumacc.cc:399:replace_macc$1356
  creating $macc cell for $flatten\u_fft128.\core.\SU3.\BF2.$add$../third_party/r22sdf/Butterfly.v:27$553: $auto$alumacc.cc:399:replace_macc$1357
  creating $macc cell for $flatten\u_fft128.\core.\SU3.\BF2.$add$../third_party/r22sdf/Butterfly.v:29$557: $auto$alumacc.cc:399:replace_macc$1358
  creating $macc cell for $flatten\u_fft128.\core.\SU2.\MU.$mul$../third_party/r22sdf/Multiply.v:19$538: $auto$alumacc.cc:399:replace_macc$1359
  creating $macc cell for $flatten\u_fft128.\core.\SU3.$mul$../third_party/r22sdf/SdfUnit.v:233$419: $auto$alumacc.cc:399:replace_macc$1360
  creating $macc cell for $flatten\u_fft128.\core.\SU3.\MU.$mul$../third_party/r22sdf/Multiply.v:19$538: $auto$alumacc.cc:399:replace_macc$1361
  creating $macc cell for $flatten\u_fft128.\core.\SU1.\MU.$mul$../third_party/r22sdf/Multiply.v:19$538: $auto$alumacc.cc:399:replace_macc$1362
  creating $macc cell for $flatten\u_fft128.\core.\SU3.\BF2.$add$../third_party/r22sdf/Butterfly.v:30$559: $auto$alumacc.cc:399:replace_macc$1363
  creating $macc cell for $flatten\u_fft128.\core.\SU3.\BF2.$add$../third_party/r22sdf/Butterfly.v:28$555: $auto$alumacc.cc:399:replace_macc$1364
  creating $macc cell for $flatten\u_fft128.\core.\SU2.$mul$../third_party/r22sdf/SdfUnit.v:233$474: $auto$alumacc.cc:399:replace_macc$1365
  creating $alu cell for $flatten\u_fft128.\core.\SU3.\BF1.$add$../third_party/r22sdf/Butterfly.v:22$563: $auto$alumacc.cc:548:replace_alu$1366
  creating $alu cell for $flatten\u_fft128.\core.\SU3.\BF1.$sub$../third_party/r22sdf/Butterfly.v:24$565: $auto$alumacc.cc:548:replace_alu$1369
  creating $alu cell for $flatten\u_fft128.\core.\SU3.$add$../third_party/r22sdf/SdfUnit.v:205$410: $auto$alumacc.cc:548:replace_alu$1372
  creating $alu cell for $flatten\u_fft128.\core.\SU3.$add$../third_party/r22sdf/SdfUnit.v:148$392: $auto$alumacc.cc:548:replace_alu$1375
  creating $alu cell for $flatten\u_fft128.\core.\SU3.$neg$../third_party/r22sdf/SdfUnit.v:140$386: $auto$alumacc.cc:548:replace_alu$1378
  creating $alu cell for $flatten\u_fft128.\core.\SU3.\BF1.$sub$../third_party/r22sdf/Butterfly.v:23$564: $auto$alumacc.cc:548:replace_alu$1381
  creating $alu cell for $flatten\u_fft128.\core.\SU3.\BF1.$add$../third_party/r22sdf/Butterfly.v:21$562: $auto$alumacc.cc:548:replace_alu$1384
  creating $alu cell for $flatten\u_fft128.\core.\SU4.\BF.$add$../third_party/r22sdf/Butterfly.v:21$562: $auto$alumacc.cc:548:replace_alu$1387
  creating $alu cell for $flatten\u_fft128.\core.\SU4.\BF.$sub$../third_party/r22sdf/Butterfly.v:23$564: $auto$alumacc.cc:548:replace_alu$1390
  creating $alu cell for $flatten\u_fft128.\core.\SU2.\MU.$sub$../third_party/r22sdf/Multiply.v:32$546: $auto$alumacc.cc:548:replace_alu$1393
  creating $alu cell for $flatten\u_fft128.\core.\SU2.\MU.$add$../third_party/r22sdf/Multiply.v:33$547: $auto$alumacc.cc:548:replace_alu$1396
  creating $alu cell for $flatten\u_fft128.\core.\SU1.$neg$../third_party/r22sdf/SdfUnit.v:140$496: $auto$alumacc.cc:548:replace_alu$1399
  creating $alu cell for $flatten\u_fft128.\core.\SU1.$add$../third_party/r22sdf/SdfUnit.v:148$502: $auto$alumacc.cc:548:replace_alu$1402
  creating $alu cell for $flatten\u_fft128.\core.\SU1.\MU.$add$../third_party/r22sdf/Multiply.v:33$547: $auto$alumacc.cc:548:replace_alu$1405
  creating $alu cell for $flatten\u_fft128.\core.\SU1.$add$../third_party/r22sdf/SdfUnit.v:205$520: $auto$alumacc.cc:548:replace_alu$1408
  creating $alu cell for $flatten\u_fft128.\core.\SU1.\BF1.$add$../third_party/r22sdf/Butterfly.v:21$562: $auto$alumacc.cc:548:replace_alu$1411
  creating $alu cell for $flatten\u_fft128.\core.\SU1.\BF1.$sub$../third_party/r22sdf/Butterfly.v:23$564: $auto$alumacc.cc:548:replace_alu$1414
  creating $alu cell for $flatten\u_fft128.\core.\SU1.\BF1.$sub$../third_party/r22sdf/Butterfly.v:24$565: $auto$alumacc.cc:548:replace_alu$1417
  creating $alu cell for $flatten\u_fft128.\core.\SU1.\BF1.$add$../third_party/r22sdf/Butterfly.v:22$563: $auto$alumacc.cc:548:replace_alu$1420
  creating $alu cell for $flatten\u_fft128.\core.\SU4.\BF.$add$../third_party/r22sdf/Butterfly.v:22$563: $auto$alumacc.cc:548:replace_alu$1423
  creating $alu cell for $flatten\u_fft128.\core.\SU4.\BF.$sub$../third_party/r22sdf/Butterfly.v:24$565: $auto$alumacc.cc:548:replace_alu$1426
  creating $alu cell for $flatten\u_fft128.\core.\SU1.$add$../third_party/r22sdf/SdfUnit.v:107$486: $auto$alumacc.cc:548:replace_alu$1429
  creating $alu cell for $flatten\u_fft128.\core.\SU3.$add$../third_party/r22sdf/SdfUnit.v:107$376: $auto$alumacc.cc:548:replace_alu$1432
  creating $alu cell for $flatten\u_fft128.\core.\SU2.$add$../third_party/r22sdf/SdfUnit.v:107$431: $auto$alumacc.cc:548:replace_alu$1435
  creating $alu cell for $flatten\u_fft128.\core.\SU2.\BF1.$sub$../third_party/r22sdf/Butterfly.v:24$565: $auto$alumacc.cc:548:replace_alu$1438
  creating $alu cell for $flatten\u_fft128.\core.\SU2.\BF1.$add$../third_party/r22sdf/Butterfly.v:22$563: $auto$alumacc.cc:548:replace_alu$1441
  creating $alu cell for $flatten\u_fft128.\core.\SU3.\MU.$sub$../third_party/r22sdf/Multiply.v:32$546: $auto$alumacc.cc:548:replace_alu$1444
  creating $alu cell for $flatten\u_fft128.\core.\SU3.\MU.$add$../third_party/r22sdf/Multiply.v:33$547: $auto$alumacc.cc:548:replace_alu$1447
  creating $alu cell for $flatten\u_fft128.\core.\SU2.\BF1.$sub$../third_party/r22sdf/Butterfly.v:23$564: $auto$alumacc.cc:548:replace_alu$1450
  creating $alu cell for $flatten\u_fft128.\core.\SU2.\BF1.$add$../third_party/r22sdf/Butterfly.v:21$562: $auto$alumacc.cc:548:replace_alu$1453
  creating $alu cell for $flatten\u_fft128.\core.\SU2.$neg$../third_party/r22sdf/SdfUnit.v:140$441: $auto$alumacc.cc:548:replace_alu$1456
  creating $alu cell for $flatten\u_fft128.\core.\SU2.$add$../third_party/r22sdf/SdfUnit.v:148$447: $auto$alumacc.cc:548:replace_alu$1459
  creating $alu cell for $flatten\u_fft128.\core.\SU1.\MU.$sub$../third_party/r22sdf/Multiply.v:32$546: $auto$alumacc.cc:548:replace_alu$1462
  creating $alu cell for $flatten\u_fft128.\core.\SU2.$add$../third_party/r22sdf/SdfUnit.v:205$465: $auto$alumacc.cc:548:replace_alu$1465
  created 34 $alu and 27 $macc cells.

11.15. Executing SHARE pass (SAT-based resource sharing).

11.16. Executing OPT pass (performing simple optimizations).

11.16.1. Executing OPT_EXPR pass (perform const folding).
Optimizing module peweaver_ppa_fft128.

11.16.2. Executing OPT_MERGE pass (detect identical cells).
Finding identical cells in module `\peweaver_ppa_fft128'.
Computing hashes of 669 cells of `\peweaver_ppa_fft128'.
Finding duplicate cells in `\peweaver_ppa_fft128'.
Removed a total of 0 cells.

11.16.3. Executing OPT_MUXTREE pass (detect dead branches in mux trees).
Running muxtree optimizer on module \peweaver_ppa_fft128..
  Creating internal representation of mux trees.
  Evaluating internal representation of mux trees.
  Analyzing evaluation results.
Removed 0 multiplexer ports.
<suppressed ~192 debug messages>

11.16.4. Executing OPT_REDUCE pass (consolidate $*mux and $reduce_* inputs).
  Optimizing cells in module \peweaver_ppa_fft128.
Performed a total of 0 changes.

11.16.5. Executing OPT_MERGE pass (detect identical cells).
Finding identical cells in module `\peweaver_ppa_fft128'.
Computing hashes of 669 cells of `\peweaver_ppa_fft128'.
Finding duplicate cells in `\peweaver_ppa_fft128'.
Removed a total of 0 cells.

11.16.6. Executing OPT_DFF pass (perform DFF optimizations).

11.16.7. Executing OPT_CLEAN pass (remove unused cells and wires).
Finding unused cells or wires in module \peweaver_ppa_fft128..
Removed 12 unused cells and 12 unused wires.
<suppressed ~24 debug messages>

11.16.8. Executing OPT_EXPR pass (perform const folding).
Optimizing module peweaver_ppa_fft128.

11.16.9. Rerunning OPT passes. (Maybe there is more to do..)

11.16.10. Executing OPT_MUXTREE pass (detect dead branches in mux trees).
Running muxtree optimizer on module \peweaver_ppa_fft128..
  Creating internal representation of mux trees.
  Evaluating internal representation of mux trees.
  Analyzing evaluation results.
Removed 0 multiplexer ports.
<suppressed ~192 debug messages>

11.16.11. Executing OPT_REDUCE pass (consolidate $*mux and $reduce_* inputs).
  Optimizing cells in module \peweaver_ppa_fft128.
Performed a total of 0 changes.

11.16.12. Executing OPT_MERGE pass (detect identical cells).
Finding identical cells in module `\peweaver_ppa_fft128'.
Computing hashes of 657 cells of `\peweaver_ppa_fft128'.
Finding duplicate cells in `\peweaver_ppa_fft128'.
Removed a total of 0 cells.

11.16.13. Executing OPT_DFF pass (perform DFF optimizations).

11.16.14. Executing OPT_CLEAN pass (remove unused cells and wires).
Finding unused cells or wires in module \peweaver_ppa_fft128..

11.16.15. Executing OPT_EXPR pass (perform const folding).
Optimizing module peweaver_ppa_fft128.

11.16.16. Finished fast OPT passes. (There is nothing left to do.)

11.17. Executing MEMORY pass.

11.17.1. Executing OPT_MEM pass (optimize memories).
Performed a total of 0 transformations.

11.17.2. Executing OPT_MEM_PRIORITY pass (removing unnecessary memory write priority relations).
Performed a total of 0 transformations.

11.17.3. Executing OPT_MEM_FEEDBACK pass (finding memory read-to-write feedback paths).

11.17.4. Executing MEMORY_BMUX2ROM pass (converting muxes to ROMs).

11.17.5. Executing MEMORY_DFF pass (merging $dff cells to $memrd).

11.17.6. Executing OPT_CLEAN pass (remove unused cells and wires).
Finding unused cells or wires in module \peweaver_ppa_fft128..

11.17.7. Executing MEMORY_SHARE pass (consolidating $memrd/$memwr cells).

11.17.8. Executing OPT_MEM_WIDEN pass (optimize memories where all ports are wide).
Performed a total of 0 transformations.

11.17.9. Executing OPT_CLEAN pass (remove unused cells and wires).
Finding unused cells or wires in module \peweaver_ppa_fft128..

11.17.10. Executing MEMORY_COLLECT pass (generating $mem cells).

11.18. Executing OPT_CLEAN pass (remove unused cells and wires).
Finding unused cells or wires in module \peweaver_ppa_fft128..

11.19. Executing OPT pass (performing simple optimizations).

11.19.1. Executing OPT_EXPR pass (perform const folding).
Optimizing module peweaver_ppa_fft128.
<suppressed ~75 debug messages>

11.19.2. Executing OPT_MERGE pass (detect identical cells).
Finding identical cells in module `\peweaver_ppa_fft128'.
Computing hashes of 611 cells of `\peweaver_ppa_fft128'.
Finding duplicate cells in `\peweaver_ppa_fft128'.
Removed a total of 0 cells.

11.19.3. Executing OPT_DFF pass (perform DFF optimizations).

11.19.4. Executing OPT_CLEAN pass (remove unused cells and wires).
Finding unused cells or wires in module \peweaver_ppa_fft128..
Removed 5 unused cells and 17 unused wires.
<suppressed ~6 debug messages>

11.19.5. Finished fast OPT passes.

11.20. Executing MEMORY_MAP pass (converting memories to logic and flip-flops).

11.21. Executing OPT pass (performing simple optimizations).

11.21.1. Executing OPT_EXPR pass (perform const folding).
Optimizing module peweaver_ppa_fft128.

11.21.2. Executing OPT_MERGE pass (detect identical cells).
Finding identical cells in module `\peweaver_ppa_fft128'.
Computing hashes of 606 cells of `\peweaver_ppa_fft128'.
Finding duplicate cells in `\peweaver_ppa_fft128'.
Removed a total of 0 cells.

11.21.3. Executing OPT_MUXTREE pass (detect dead branches in mux trees).
Running muxtree optimizer on module \peweaver_ppa_fft128..
  Creating internal representation of mux trees.
  Evaluating internal representation of mux trees.
  Analyzing evaluation results.
Removed 0 multiplexer ports.
<suppressed ~104 debug messages>

11.21.4. Executing OPT_REDUCE pass (consolidate $*mux and $reduce_* inputs).
  Optimizing cells in module \peweaver_ppa_fft128.
    Consolidated identical input bits for $pmux cell $flatten\u_fft128.\core.\SU3.\TW.$procmux$708:
      Old ports: A=16'1010010101111110, B=23170, Y=\u_fft128.core.SU3.TW.mx_re
      New ports: A=3'011, B=6'000101, Y={ \u_fft128.core.SU3.TW.mx_re [7] \u_fft128.core.SU3.TW.mx_re [2:1] }
      New connections: { \u_fft128.core.SU3.TW.mx_re [15:8] \u_fft128.core.SU3.TW.mx_re [6:3] \u_fft128.core.SU3.TW.mx_re [0] } = { \u_fft128.core.SU3.TW.mx_re [2] \u_fft128.core.SU3.TW.mx_re [7] \u_fft128.core.SU3.TW.mx_re [2] \u_fft128.core.SU3.TW.mx_re [7] \u_fft128.core.SU3.TW.mx_re [7] \u_fft128.core.SU3.TW.mx_re [2] \u_fft128.core.SU3.TW.mx_re [7] \u_fft128.core.SU3.TW.mx_re [2] \u_fft128.core.SU3.TW.mx_re [2] \u_fft128.core.SU3.TW.mx_re [2] \u_fft128.core.SU3.TW.mx_re [2] \u_fft128.core.SU3.TW.mx_re [2] 1'0 }
    Consolidated identical input bits for $pmux cell $flatten\u_fft128.\core.\SU3.\TW.$procmux$579:
      Old ports: A=16'1010010101111110, B=32'10000000000000000000000000000000, Y=\u_fft128.core.SU3.TW.mx_im
      New ports: A=2'11, B=4'1000, Y={ \u_fft128.core.SU3.TW.mx_im [15] \u_fft128.core.SU3.TW.mx_im [1] }
      New connections: { \u_fft128.core.SU3.TW.mx_im [14:2] \u_fft128.core.SU3.TW.mx_im [0] } = { 1'0 \u_fft128.core.SU3.TW.mx_im [1] 2'00 \u_fft128.core.SU3.TW.mx_im [1] 1'0 \u_fft128.core.SU3.TW.mx_im [1] 1'0 \u_fft128.core.SU3.TW.mx_im [1] \u_fft128.core.SU3.TW.mx_im [1] \u_fft128.core.SU3.TW.mx_im [1] \u_fft128.core.SU3.TW.mx_im [1] \u_fft128.core.SU3.TW.mx_im [1] 1'0 }
  Optimizing cells in module \peweaver_ppa_fft128.
Performed a total of 2 changes.

11.21.5. Executing OPT_MERGE pass (detect identical cells).
Finding identical cells in module `\peweaver_ppa_fft128'.
Computing hashes of 606 cells of `\peweaver_ppa_fft128'.
Finding duplicate cells in `\peweaver_ppa_fft128'.
Removed a total of 0 cells.

11.21.6. Executing OPT_SHARE pass.

11.21.7. Executing OPT_DFF pass (perform DFF optimizations).

11.21.8. Executing OPT_CLEAN pass (remove unused cells and wires).
Finding unused cells or wires in module \peweaver_ppa_fft128..

11.21.9. Executing OPT_EXPR pass (perform const folding).
Optimizing module peweaver_ppa_fft128.

11.21.10. Rerunning OPT passes. (Maybe there is more to do..)

11.21.11. Executing OPT_MUXTREE pass (detect dead branches in mux trees).
Running muxtree optimizer on module \peweaver_ppa_fft128..
  Creating internal representation of mux trees.
  Evaluating internal representation of mux trees.
  Analyzing evaluation results.
Removed 0 multiplexer ports.
<suppressed ~104 debug messages>

11.21.12. Executing OPT_REDUCE pass (consolidate $*mux and $reduce_* inputs).
  Optimizing cells in module \peweaver_ppa_fft128.
Performed a total of 0 changes.

11.21.13. Executing OPT_MERGE pass (detect identical cells).
Finding identical cells in module `\peweaver_ppa_fft128'.
Computing hashes of 606 cells of `\peweaver_ppa_fft128'.
Finding duplicate cells in `\peweaver_ppa_fft128'.
Removed a total of 0 cells.

11.21.14. Executing OPT_SHARE pass.

11.21.15. Executing OPT_DFF pass (perform DFF optimizations).
Setting constant 0-bit at position 0 on $flatten\u_fft128.\core.\SU3.\TW.$procdff$1037 ($dff) from module peweaver_ppa_fft128.
Setting constant 0-bit at position 7 on $flatten\u_fft128.\core.\SU3.\TW.$procdff$1037 ($dff) from module peweaver_ppa_fft128.
Setting constant 0-bit at position 9 on $flatten\u_fft128.\core.\SU3.\TW.$procdff$1037 ($dff) from module peweaver_ppa_fft128.
Setting constant 0-bit at position 11 on $flatten\u_fft128.\core.\SU3.\TW.$procdff$1037 ($dff) from module peweaver_ppa_fft128.
Setting constant 0-bit at position 12 on $flatten\u_fft128.\core.\SU3.\TW.$procdff$1037 ($dff) from module peweaver_ppa_fft128.
Setting constant 0-bit at position 14 on $flatten\u_fft128.\core.\SU3.\TW.$procdff$1037 ($dff) from module peweaver_ppa_fft128.
Setting constant 0-bit at position 0 on $flatten\u_fft128.\core.\SU3.\TW.$procdff$1036 ($dff) from module peweaver_ppa_fft128.

11.21.16. Executing OPT_CLEAN pass (remove unused cells and wires).
Finding unused cells or wires in module \peweaver_ppa_fft128..

11.21.17. Executing OPT_EXPR pass (perform const folding).
Optimizing module peweaver_ppa_fft128.

11.21.18. Rerunning OPT passes. (Maybe there is more to do..)

11.21.19. Executing OPT_MUXTREE pass (detect dead branches in mux trees).
Running muxtree optimizer on module \peweaver_ppa_fft128..
  Creating internal representation of mux trees.
  Evaluating internal representation of mux trees.
  Analyzing evaluation results.
Removed 0 multiplexer ports.
<suppressed ~104 debug messages>

11.21.20. Executing OPT_REDUCE pass (consolidate $*mux and $reduce_* inputs).
  Optimizing cells in module \peweaver_ppa_fft128.
Performed a total of 0 changes.

11.21.21. Executing OPT_MERGE pass (detect identical cells).
Finding identical cells in module `\peweaver_ppa_fft128'.
Computing hashes of 606 cells of `\peweaver_ppa_fft128'.
Finding duplicate cells in `\peweaver_ppa_fft128'.
Removed a total of 0 cells.

11.21.22. Executing OPT_SHARE pass.

11.21.23. Executing OPT_DFF pass (perform DFF optimizations).

11.21.24. Executing OPT_CLEAN pass (remove unused cells and wires).
Finding unused cells or wires in module \peweaver_ppa_fft128..

11.21.25. Executing OPT_EXPR pass (perform const folding).
Optimizing module peweaver_ppa_fft128.

11.21.26. Finished fast OPT passes. (There is nothing left to do.)

11.22. Executing TECHMAP pass (map to technology primitives).

11.22.1. Executing Verilog-2005 frontend: /home/peweaver-user/Documents/chialoop/toolchains/oss-cad-suite/lib/../share/yosys/techmap.v
Parsing Verilog input from `/home/peweaver-user/Documents/chialoop/toolchains/oss-cad-suite/lib/../share/yosys/techmap.v' to AST representation.
Generating RTLIL representation for module `\_90_simplemap_bool_ops'.
Generating RTLIL representation for module `\_90_simplemap_reduce_ops'.
Generating RTLIL representation for module `\_90_simplemap_logic_ops'.
Generating RTLIL representation for module `\_90_simplemap_compare_ops'.
Generating RTLIL representation for module `\_90_simplemap_various'.
Generating RTLIL representation for module `\_90_simplemap_registers'.
Generating RTLIL representation for module `\_90_shift_ops_shr_shl_sshl_sshr'.
Generating RTLIL representation for module `\_90_shift_shiftx'.
Generating RTLIL representation for module `\_90_fa'.
Generating RTLIL representation for module `\_90_lcu_brent_kung'.
Generating RTLIL representation for module `\_90_alu'.
Generating RTLIL representation for module `\_90_macc'.
Generating RTLIL representation for module `\_90_alumacc'.
Generating RTLIL representation for module `$__div_mod_u'.
Generating RTLIL representation for module `$__div_mod_trunc'.
Generating RTLIL representation for module `\_90_div'.
Generating RTLIL representation for module `\_90_mod'.
Generating RTLIL representation for module `$__div_mod_floor'.
Generating RTLIL representation for module `\_90_divfloor'.
Generating RTLIL representation for module `\_90_modfloor'.
Generating RTLIL representation for module `\_90_pow'.
Generating RTLIL representation for module `\_90_demux'.
Generating RTLIL representation for module `\_90_lut'.
Generating RTLIL representation for module `$connect'.
Generating RTLIL representation for module `$input_port'.
Successfully finished Verilog frontend.

11.22.2. Continuing TECHMAP pass.
Using extmapper simplemap for cells of type $dff.
Using template $paramod$103b4016182df467cceab67bcf3e18e6361ec0fd\_90_alu for cells of type $alu.
Using template $paramod$d4c0c20b0ee59f495e14575c4397dc0a6dd9e8e6\_90_alu for cells of type $alu.
Using template $paramod$02488ff6fa51b28bbfa470bdd9b0e548b3357746\_90_alu for cells of type $alu.
Using template $paramod$2470b7ea32c975a55c3ab8b283381b72d09e16d3\_90_alu for cells of type $alu.
Using extmapper maccmap for cells of type $macc_v2.
  add \u_fft128.core.SU2.bf2_count [2:0] * { \u_fft128.core.SU2.bf2_count [3] \u_fft128.core.SU2.bf2_count [4] } (3x2 bits, unsigned)
  add \u_fft128.core.SU3.DB2.buf_im[1] (16 bits, signed)
  add \u_fft128.core.SU3.bf1_do_im (16 bits, signed)
  add 17'00000000000000001 (17 bits, unsigned)
  packed 1 (1) bits / 1 words into adder tree
  add \u_fft128.core.SU3.DB2.buf_im[1] (16 bits, signed)
  sub \u_fft128.core.SU3.bf1_do_im (16 bits, signed)
  add 17'00000000000000001 (17 bits, unsigned)
  add \u_fft128.core.SU1.bf2_do_re * \u_fft128.core.SU1.TW.ff_re (16x16 bits, signed)
  add \u_fft128.core.SU3.bf2_do_re * { \u_fft128.core.SU3.TW.ff_re [15:1] 1'0 } (16x16 bits, signed)
  add { \u_fft128.core.SU3.bf2_count [1] \u_fft128.core.SU3.bf2_count [2] } * \u_fft128.core.SU3.bf2_count [0] (2x1 bits, unsigned)
  add \u_fft128.core.SU2.bf2_do_re * \u_fft128.core.SU2.TW.ff_re (16x16 bits, signed)
  add \u_fft128.core.SU3.DB2.buf_re[1] (16 bits, signed)
  sub \u_fft128.core.SU3.bf1_do_re (16 bits, signed)
  add 17'00000000000000001 (17 bits, unsigned)
  add \u_fft128.core.SU3.DB2.buf_re[1] (16 bits, signed)
  add \u_fft128.core.SU3.bf1_do_re (16 bits, signed)
  add 17'00000000000000001 (17 bits, unsigned)
  packed 1 (1) bits / 1 words into adder tree
  add \u_fft128.core.SU2.DB2.buf_re[7] (16 bits, signed)
  add \u_fft128.core.SU2.bf1_do_re (16 bits, signed)
  add 17'00000000000000001 (17 bits, unsigned)
  packed 1 (1) bits / 1 words into adder tree
  add \u_fft128.core.SU1.DB2.buf_im[31] (16 bits, signed)
  sub \u_fft128.core.SU1.bf1_do_im (16 bits, signed)
  add 17'00000000000000001 (17 bits, unsigned)
  add \u_fft128.core.SU2.DB2.buf_im[7] (16 bits, signed)
  sub \u_fft128.core.SU2.bf1_do_im (16 bits, signed)
  add 17'00000000000000001 (17 bits, unsigned)
  add \u_fft128.core.SU2.DB2.buf_im[7] (16 bits, signed)
  add \u_fft128.core.SU2.bf1_do_im (16 bits, signed)
  add 17'00000000000000001 (17 bits, unsigned)
  packed 1 (1) bits / 1 words into adder tree
  add \u_fft128.core.SU2.DB2.buf_re[7] (16 bits, signed)
  sub \u_fft128.core.SU2.bf1_do_re (16 bits, signed)
  add 17'00000000000000001 (17 bits, unsigned)
  add \u_fft128.core.SU3.bf2_do_re * { \u_fft128.core.SU3.TW.ff_im [15] 1'0 \u_fft128.core.SU3.TW.ff_im [13] 2'00 \u_fft128.core.SU3.TW.ff_im [10] 1'0 \u_fft128.core.SU3.TW.ff_im [8] 1'0 \u_fft128.core.SU3.TW.ff_im [6:1] 1'0 } (16x16 bits, signed)
  add \u_fft128.core.SU3.bf2_do_im * { \u_fft128.core.SU3.TW.ff_re [15:1] 1'0 } (16x16 bits, signed)
  add \u_fft128.core.SU3.bf2_do_im * { \u_fft128.core.SU3.TW.ff_im [15] 1'0 \u_fft128.core.SU3.TW.ff_im [13] 2'00 \u_fft128.core.SU3.TW.ff_im [10] 1'0 \u_fft128.core.SU3.TW.ff_im [8] 1'0 \u_fft128.core.SU3.TW.ff_im [6:1] 1'0 } (16x16 bits, signed)
  add \u_fft128.core.SU1.DB2.buf_im[31] (16 bits, signed)
  add \u_fft128.core.SU1.bf1_do_im (16 bits, signed)
  add 17'00000000000000001 (17 bits, unsigned)
  packed 1 (1) bits / 1 words into adder tree
  add \u_fft128.core.SU2.bf2_do_im * \u_fft128.core.SU2.TW.ff_im (16x16 bits, signed)
  add \u_fft128.core.SU2.bf2_do_im * \u_fft128.core.SU2.TW.ff_re (16x16 bits, signed)
  add \u_fft128.core.SU2.bf2_do_re * \u_fft128.core.SU2.TW.ff_im (16x16 bits, signed)
  add \u_fft128.core.SU1.DB2.buf_re[31] (16 bits, signed)
  sub \u_fft128.core.SU1.bf1_do_re (16 bits, signed)
  add 17'00000000000000001 (17 bits, unsigned)
  add \u_fft128.core.SU1.DB2.buf_re[31] (16 bits, signed)
  add \u_fft128.core.SU1.bf1_do_re (16 bits, signed)
  add 17'00000000000000001 (17 bits, unsigned)
  packed 1 (1) bits / 1 words into adder tree
  add \u_fft128.core.SU1.bf2_do_re * \u_fft128.core.SU1.TW.ff_im (16x16 bits, signed)
  add \u_fft128.core.SU1.bf2_do_im * \u_fft128.core.SU1.TW.ff_im (16x16 bits, signed)
  add \u_fft128.core.SU1.bf2_do_im * \u_fft128.core.SU1.TW.ff_re (16x16 bits, signed)
  add \u_fft128.core.SU1.bf2_count [4:0] * { \u_fft128.core.SU1.bf2_count [5] \u_fft128.core.SU1.bf2_count [6] } (5x2 bits, unsigned)
Using extmapper simplemap for cells of type $reduce_bool.
Using extmapper simplemap for cells of type $adffe.
Using extmapper simplemap for cells of type $reduce_or.
Using extmapper simplemap for cells of type $adff.
Using extmapper simplemap for cells of type $not.
Using extmapper simplemap for cells of type $pmux.
Using extmapper simplemap for cells of type $eq.
Using extmapper simplemap for cells of type $logic_not.
Using extmapper simplemap for cells of type $mux.
Using extmapper simplemap for cells of type $and.
Using template $paramod$dbcdc7e8aa1a4080cea2deda6fdc8772064f4d90\_90_alu for cells of type $alu.
Using template $paramod\_90_fa\WIDTH=32'00000000000000000000000000011111 for cells of type $fa.
Using template $paramod$ebf89ea36a793f0f77858f212141d47c833068ad\_90_alu for cells of type $alu.
Using template $paramod$3bb72ad0665cdca279bbc49ed6a39f403f16497f\_90_alu for cells of type $alu.
Using template $paramod\_90_fa\WIDTH=32'00000000000000000000000000010001 for cells of type $fa.
Using template $paramod$b18e16801adf491a64caa0542270798e5d4ac6b6\_90_alu for cells of type $alu.
Using extmapper simplemap for cells of type $pos.
Using template $paramod\_90_lcu_brent_kung\WIDTH=32'00000000000000000000000000010001 for cells of type $lcu.
Using extmapper simplemap for cells of type $xor.
Using template $paramod\_90_fa\WIDTH=32'00000000000000000000000000000111 for cells of type $fa.
Using template $paramod\_90_lcu_brent_kung\WIDTH=32'00000000000000000000000000000111 for cells of type $lcu.
Using template $paramod\_90_fa\WIDTH=32'00000000000000000000000000010000 for cells of type $fa.
Using template $paramod\_90_lcu_brent_kung\WIDTH=32'00000000000000000000000000010000 for cells of type $lcu.
Using extmapper simplemap for cells of type $or.
Using template $paramod\_90_fa\WIDTH=32'00000000000000000000000000000101 for cells of type $fa.
Using template $paramod\_90_lcu_brent_kung\WIDTH=32'00000000000000000000000000000101 for cells of type $lcu.
Using template $paramod\_90_lcu_brent_kung\WIDTH=32'00000000000000000000000000011111 for cells of type $lcu.
No more expansions possible.
<suppressed ~7761 debug messages>

11.23. Executing OPT pass (performing simple optimizations).

11.23.1. Executing OPT_EXPR pass (perform const folding).
Optimizing module peweaver_ppa_fft128.
<suppressed ~20732 debug messages>

11.23.2. Executing OPT_MERGE pass (detect identical cells).
Finding identical cells in module `\peweaver_ppa_fft128'.
Computing hashes of 37839 cells of `\peweaver_ppa_fft128'.
Finding duplicate cells in `\peweaver_ppa_fft128'.
Computing hashes of 35457 cells of `\peweaver_ppa_fft128'.
Finding duplicate cells in `\peweaver_ppa_fft128'.
Computing hashes of 33891 cells of `\peweaver_ppa_fft128'.
Finding duplicate cells in `\peweaver_ppa_fft128'.
Computing hashes of 32959 cells of `\peweaver_ppa_fft128'.
Finding duplicate cells in `\peweaver_ppa_fft128'.
Computing hashes of 32548 cells of `\peweaver_ppa_fft128'.
Finding duplicate cells in `\peweaver_ppa_fft128'.
Computing hashes of 32103 cells of `\peweaver_ppa_fft128'.
Finding duplicate cells in `\peweaver_ppa_fft128'.
Computing hashes of 31871 cells of `\peweaver_ppa_fft128'.
Finding duplicate cells in `\peweaver_ppa_fft128'.
Computing hashes of 31755 cells of `\peweaver_ppa_fft128'.
Finding duplicate cells in `\peweaver_ppa_fft128'.
Computing hashes of 31707 cells of `\peweaver_ppa_fft128'.
Finding duplicate cells in `\peweaver_ppa_fft128'.
Computing hashes of 31663 cells of `\peweaver_ppa_fft128'.
Finding duplicate cells in `\peweaver_ppa_fft128'.
Computing hashes of 31653 cells of `\peweaver_ppa_fft128'.
Finding duplicate cells in `\peweaver_ppa_fft128'.
<suppressed ~18558 debug messages>
Removed a total of 6186 cells.

11.23.3. Executing OPT_DFF pass (perform DFF optimizations).
Adding SRST signal on $auto$ff.cc:337:slice$14360 ($_DFF_P_) from module peweaver_ppa_fft128 (D = $auto$simplemap.cc:189:logic_reduce$14046, Q = \u_fft128.core.SU2.TW.ff_re [15], rval = 1'1).
Adding SRST signal on $auto$ff.cc:337:slice$14376 ($_DFF_P_) from module peweaver_ppa_fft128 (D = $auto$simplemap.cc:189:logic_reduce$13293, Q = \u_fft128.core.SU2.TW.ff_im [15], rval = 1'0).
Adding SRST signal on $auto$ff.cc:337:slice$9207 ($_DFF_P_) from module peweaver_ppa_fft128 (D = $auto$simplemap.cc:189:logic_reduce$7815, Q = \u_fft128.core.SU1.TW.ff_re [15], rval = 1'1).
Adding SRST signal on $auto$ff.cc:337:slice$9223 ($_DFF_P_) from module peweaver_ppa_fft128 (D = $auto$simplemap.cc:189:logic_reduce$4921, Q = \u_fft128.core.SU1.TW.ff_im [15], rval = 1'0).
Adding SRST signal on $auto$ff.cc:337:slice$1550 ($_DFF_P_) from module peweaver_ppa_fft128 (D = $auto$simplemap.cc:189:logic_reduce$15599, Q = \u_fft128.core.SU3.TW.ff_im [15], rval = 1'1).
Adding SRST signal on $auto$ff.cc:337:slice$1551 ($_DFF_P_) from module peweaver_ppa_fft128 (D = $auto$simplemap.cc:189:logic_reduce$15626, Q = \u_fft128.core.SU3.TW.ff_re [1], rval = 1'1).
Adding SRST signal on $auto$ff.cc:337:slice$1564 ($_DFF_P_) from module peweaver_ppa_fft128 (D = $auto$simplemap.cc:189:logic_reduce$15640, Q = \u_fft128.core.SU3.TW.ff_re [14], rval = 1'0).
Adding SRST signal on $auto$ff.cc:337:slice$9192 ($_DFF_P_) from module peweaver_ppa_fft128 (D = $auto$simplemap.cc:189:logic_reduce$5160, Q = \u_fft128.core.SU1.TW.ff_re [0], rval = 1'0).
Adding SRST signal on $auto$ff.cc:337:slice$9193 ($_DFF_P_) from module peweaver_ppa_fft128 (D = $auto$simplemap.cc:189:logic_reduce$5337, Q = \u_fft128.core.SU1.TW.ff_re [1], rval = 1'0).
Adding SRST signal on $auto$ff.cc:337:slice$9194 ($_DFF_P_) from module peweaver_ppa_fft128 (D = $auto$simplemap.cc:189:logic_reduce$5514, Q = \u_fft128.core.SU1.TW.ff_re [2], rval = 1'0).
Adding SRST signal on $auto$ff.cc:337:slice$9195 ($_DFF_P_) from module peweaver_ppa_fft128 (D = $auto$simplemap.cc:189:logic_reduce$5691, Q = \u_fft128.core.SU1.TW.ff_re [3], rval = 1'1).
Adding SRST signal on $auto$ff.cc:337:slice$9196 ($_DFF_P_) from module peweaver_ppa_fft128 (D = $auto$simplemap.cc:189:logic_reduce$5868, Q = \u_fft128.core.SU1.TW.ff_re [4], rval = 1'1).
Adding SRST signal on $auto$ff.cc:337:slice$9197 ($_DFF_P_) from module peweaver_ppa_fft128 (D = $auto$simplemap.cc:189:logic_reduce$6045, Q = \u_fft128.core.SU1.TW.ff_re [5], rval = 1'1).
Adding SRST signal on $auto$ff.cc:337:slice$9198 ($_DFF_P_) from module peweaver_ppa_fft128 (D = $auto$simplemap.cc:189:logic_reduce$6222, Q = \u_fft128.core.SU1.TW.ff_re [6], rval = 1'0).
Adding SRST signal on $auto$ff.cc:337:slice$9199 ($_DFF_P_) from module peweaver_ppa_fft128 (D = $auto$simplemap.cc:189:logic_reduce$6399, Q = \u_fft128.core.SU1.TW.ff_re [7], rval = 1'0).
Adding SRST signal on $auto$ff.cc:337:slice$9200 ($_DFF_P_) from module peweaver_ppa_fft128 (D = $auto$simplemap.cc:189:logic_reduce$6576, Q = \u_fft128.core.SU1.TW.ff_re [8], rval = 1'1).
Adding SRST signal on $auto$ff.cc:337:slice$9201 ($_DFF_P_) from module peweaver_ppa_fft128 (D = $auto$simplemap.cc:189:logic_reduce$6753, Q = \u_fft128.core.SU1.TW.ff_re [9], rval = 1'0).
Adding SRST signal on $auto$ff.cc:337:slice$9202 ($_DFF_P_) from module peweaver_ppa_fft128 (D = $auto$simplemap.cc:189:logic_reduce$6930, Q = \u_fft128.core.SU1.TW.ff_re [10], rval = 1'1).
Adding SRST signal on $auto$ff.cc:337:slice$9203 ($_DFF_P_) from module peweaver_ppa_fft128 (D = $auto$simplemap.cc:189:logic_reduce$7107, Q = \u_fft128.core.SU1.TW.ff_re [11], rval = 1'1).
Adding SRST signal on $auto$ff.cc:337:slice$9204 ($_DFF_P_) from module peweaver_ppa_fft128 (D = $auto$simplemap.cc:189:logic_reduce$7284, Q = \u_fft128.core.SU1.TW.ff_re [12], rval = 1'0).
Adding SRST signal on $auto$ff.cc:337:slice$9205 ($_DFF_P_) from module peweaver_ppa_fft128 (D = $auto$simplemap.cc:189:logic_reduce$7461, Q = \u_fft128.core.SU1.TW.ff_re [13], rval = 1'1).
Adding SRST signal on $auto$ff.cc:337:slice$9206 ($_DFF_P_) from module peweaver_ppa_fft128 (D = $auto$simplemap.cc:189:logic_reduce$7638, Q = \u_fft128.core.SU1.TW.ff_re [14], rval = 1'1).
Adding SRST signal on $auto$ff.cc:337:slice$9208 ($_DFF_P_) from module peweaver_ppa_fft128 (D = $auto$simplemap.cc:189:logic_reduce$2941, Q = \u_fft128.core.SU1.TW.ff_im [0], rval = 1'1).
Adding SRST signal on $auto$ff.cc:337:slice$9209 ($_DFF_P_) from module peweaver_ppa_fft128 (D = $auto$simplemap.cc:189:logic_reduce$3073, Q = \u_fft128.core.SU1.TW.ff_im [1], rval = 1'0).
Adding SRST signal on $auto$ff.cc:337:slice$9210 ($_DFF_P_) from module peweaver_ppa_fft128 (D = $auto$simplemap.cc:189:logic_reduce$3205, Q = \u_fft128.core.SU1.TW.ff_im [2], rval = 1'1).
Adding SRST signal on $auto$ff.cc:337:slice$9211 ($_DFF_P_) from module peweaver_ppa_fft128 (D = $auto$simplemap.cc:189:logic_reduce$3337, Q = \u_fft128.core.SU1.TW.ff_im [3], rval = 1'1).
Adding SRST signal on $auto$ff.cc:337:slice$9212 ($_DFF_P_) from module peweaver_ppa_fft128 (D = $auto$simplemap.cc:189:logic_reduce$3469, Q = \u_fft128.core.SU1.TW.ff_im [4], rval = 1'1).
Adding SRST signal on $auto$ff.cc:337:slice$9213 ($_DFF_P_) from module peweaver_ppa_fft128 (D = $auto$simplemap.cc:189:logic_reduce$3601, Q = \u_fft128.core.SU1.TW.ff_im [5], rval = 1'0).
Adding SRST signal on $auto$ff.cc:337:slice$9214 ($_DFF_P_) from module peweaver_ppa_fft128 (D = $auto$simplemap.cc:189:logic_reduce$3733, Q = \u_fft128.core.SU1.TW.ff_im [6], rval = 1'0).
Adding SRST signal on $auto$ff.cc:337:slice$9215 ($_DFF_P_) from module peweaver_ppa_fft128 (D = $auto$simplemap.cc:189:logic_reduce$3865, Q = \u_fft128.core.SU1.TW.ff_im [7], rval = 1'1).
Adding SRST signal on $auto$ff.cc:337:slice$9216 ($_DFF_P_) from module peweaver_ppa_fft128 (D = $auto$simplemap.cc:189:logic_reduce$3997, Q = \u_fft128.core.SU1.TW.ff_im [8], rval = 1'0).
Adding SRST signal on $auto$ff.cc:337:slice$9217 ($_DFF_P_) from module peweaver_ppa_fft128 (D = $auto$simplemap.cc:189:logic_reduce$4129, Q = \u_fft128.core.SU1.TW.ff_im [9], rval = 1'1).
Adding SRST signal on $auto$ff.cc:337:slice$9218 ($_DFF_P_) from module peweaver_ppa_fft128 (D = $auto$simplemap.cc:189:logic_reduce$4261, Q = \u_fft128.core.SU1.TW.ff_im [10], rval = 1'1).
Adding SRST signal on $auto$ff.cc:337:slice$9219 ($_DFF_P_) from module peweaver_ppa_fft128 (D = $auto$simplemap.cc:189:logic_reduce$4393, Q = \u_fft128.core.SU1.TW.ff_im [11], rval = 1'1).
Adding SRST signal on $auto$ff.cc:337:slice$9220 ($_DFF_P_) from module peweaver_ppa_fft128 (D = $auto$simplemap.cc:189:logic_reduce$4525, Q = \u_fft128.core.SU1.TW.ff_im [12], rval = 1'1).
Adding SRST signal on $auto$ff.cc:337:slice$9221 ($_DFF_P_) from module peweaver_ppa_fft128 (D = $auto$simplemap.cc:189:logic_reduce$4657, Q = \u_fft128.core.SU1.TW.ff_im [13], rval = 1'1).
Adding SRST signal on $auto$ff.cc:337:slice$9222 ($_DFF_P_) from module peweaver_ppa_fft128 (D = $auto$simplemap.cc:189:logic_reduce$4789, Q = \u_fft128.core.SU1.TW.ff_im [14], rval = 1'1).
Adding SRST signal on $auto$ff.cc:337:slice$14345 ($_DFF_P_) from module peweaver_ppa_fft128 (D = $auto$simplemap.cc:189:logic_reduce$13356, Q = \u_fft128.core.SU2.TW.ff_re [0], rval = 1'1).
Adding SRST signal on $auto$ff.cc:337:slice$14346 ($_DFF_P_) from module peweaver_ppa_fft128 (D = $auto$simplemap.cc:189:logic_reduce$13402, Q = \u_fft128.core.SU2.TW.ff_re [1], rval = 1'1).
Adding SRST signal on $auto$ff.cc:337:slice$14347 ($_DFF_P_) from module peweaver_ppa_fft128 (D = $auto$simplemap.cc:189:logic_reduce$13448, Q = \u_fft128.core.SU2.TW.ff_re [2], rval = 1'0).
Adding SRST signal on $auto$ff.cc:337:slice$14348 ($_DFF_P_) from module peweaver_ppa_fft128 (D = $auto$simplemap.cc:189:logic_reduce$13494, Q = \u_fft128.core.SU2.TW.ff_re [3], rval = 1'0).
Adding SRST signal on $auto$ff.cc:337:slice$14349 ($_DFF_P_) from module peweaver_ppa_fft128 (D = $auto$simplemap.cc:189:logic_reduce$13540, Q = \u_fft128.core.SU2.TW.ff_re [4], rval = 1'0).
Adding SRST signal on $auto$ff.cc:337:slice$14350 ($_DFF_P_) from module peweaver_ppa_fft128 (D = $auto$simplemap.cc:189:logic_reduce$13586, Q = \u_fft128.core.SU2.TW.ff_re [5], rval = 1'1).
Adding SRST signal on $auto$ff.cc:337:slice$14351 ($_DFF_P_) from module peweaver_ppa_fft128 (D = $auto$simplemap.cc:189:logic_reduce$13632, Q = \u_fft128.core.SU2.TW.ff_re [6], rval = 1'1).
Adding SRST signal on $auto$ff.cc:337:slice$14352 ($_DFF_P_) from module peweaver_ppa_fft128 (D = $auto$simplemap.cc:189:logic_reduce$13678, Q = \u_fft128.core.SU2.TW.ff_re [7], rval = 1'1).
Adding SRST signal on $auto$ff.cc:337:slice$14353 ($_DFF_P_) from module peweaver_ppa_fft128 (D = $auto$simplemap.cc:189:logic_reduce$13724, Q = \u_fft128.core.SU2.TW.ff_re [8], rval = 1'0).
Adding SRST signal on $auto$ff.cc:337:slice$14354 ($_DFF_P_) from module peweaver_ppa_fft128 (D = $auto$simplemap.cc:189:logic_reduce$13770, Q = \u_fft128.core.SU2.TW.ff_re [9], rval = 1'0).
Adding SRST signal on $auto$ff.cc:337:slice$14355 ($_DFF_P_) from module peweaver_ppa_fft128 (D = $auto$simplemap.cc:189:logic_reduce$13816, Q = \u_fft128.core.SU2.TW.ff_re [10], rval = 1'0).
Adding SRST signal on $auto$ff.cc:337:slice$14356 ($_DFF_P_) from module peweaver_ppa_fft128 (D = $auto$simplemap.cc:189:logic_reduce$13862, Q = \u_fft128.core.SU2.TW.ff_re [11], rval = 1'1).
Adding SRST signal on $auto$ff.cc:337:slice$14357 ($_DFF_P_) from module peweaver_ppa_fft128 (D = $auto$simplemap.cc:189:logic_reduce$13908, Q = \u_fft128.core.SU2.TW.ff_re [12], rval = 1'1).
Adding SRST signal on $auto$ff.cc:337:slice$14358 ($_DFF_P_) from module peweaver_ppa_fft128 (D = $auto$simplemap.cc:189:logic_reduce$13954, Q = \u_fft128.core.SU2.TW.ff_re [13], rval = 1'1).
Adding SRST signal on $auto$ff.cc:337:slice$14359 ($_DFF_P_) from module peweaver_ppa_fft128 (D = $auto$simplemap.cc:189:logic_reduce$14000, Q = \u_fft128.core.SU2.TW.ff_re [14], rval = 1'0).
Adding SRST signal on $auto$ff.cc:337:slice$14361 ($_DFF_P_) from module peweaver_ppa_fft128 (D = $auto$simplemap.cc:189:logic_reduce$12783, Q = \u_fft128.core.SU2.TW.ff_im [0], rval = 1'0).
Adding SRST signal on $auto$ff.cc:337:slice$14362 ($_DFF_P_) from module peweaver_ppa_fft128 (D = $auto$simplemap.cc:189:logic_reduce$12817, Q = \u_fft128.core.SU2.TW.ff_im [1], rval = 1'1).
Adding SRST signal on $auto$ff.cc:337:slice$14363 ($_DFF_P_) from module peweaver_ppa_fft128 (D = $auto$simplemap.cc:189:logic_reduce$12851, Q = \u_fft128.core.SU2.TW.ff_im [2], rval = 1'1).
Adding SRST signal on $auto$ff.cc:337:slice$14364 ($_DFF_P_) from module peweaver_ppa_fft128 (D = $auto$simplemap.cc:189:logic_reduce$12885, Q = \u_fft128.core.SU2.TW.ff_im [3], rval = 1'1).
Adding SRST signal on $auto$ff.cc:337:slice$14365 ($_DFF_P_) from module peweaver_ppa_fft128 (D = $auto$simplemap.cc:189:logic_reduce$12919, Q = \u_fft128.core.SU2.TW.ff_im [4], rval = 1'0).
Adding SRST signal on $auto$ff.cc:337:slice$14366 ($_DFF_P_) from module peweaver_ppa_fft128 (D = $auto$simplemap.cc:189:logic_reduce$12953, Q = \u_fft128.core.SU2.TW.ff_im [5], rval = 1'1).
Adding SRST signal on $auto$ff.cc:337:slice$14367 ($_DFF_P_) from module peweaver_ppa_fft128 (D = $auto$simplemap.cc:189:logic_reduce$12987, Q = \u_fft128.core.SU2.TW.ff_im [6], rval = 1'1).
Adding SRST signal on $auto$ff.cc:337:slice$14368 ($_DFF_P_) from module peweaver_ppa_fft128 (D = $auto$simplemap.cc:189:logic_reduce$13021, Q = \u_fft128.core.SU2.TW.ff_im [7], rval = 1'0).
Adding SRST signal on $auto$ff.cc:337:slice$14369 ($_DFF_P_) from module peweaver_ppa_fft128 (D = $auto$simplemap.cc:189:logic_reduce$13055, Q = \u_fft128.core.SU2.TW.ff_im [8], rval = 1'0).
Adding SRST signal on $auto$ff.cc:337:slice$14370 ($_DFF_P_) from module peweaver_ppa_fft128 (D = $auto$simplemap.cc:189:logic_reduce$13089, Q = \u_fft128.core.SU2.TW.ff_im [9], rval = 1'1).
Adding SRST signal on $auto$ff.cc:337:slice$14371 ($_DFF_P_) from module peweaver_ppa_fft128 (D = $auto$simplemap.cc:189:logic_reduce$13123, Q = \u_fft128.core.SU2.TW.ff_im [10], rval = 1'0).
Adding SRST signal on $auto$ff.cc:337:slice$14372 ($_DFF_P_) from module peweaver_ppa_fft128 (D = $auto$simplemap.cc:189:logic_reduce$13157, Q = \u_fft128.core.SU2.TW.ff_im [11], rval = 1'1).
Adding SRST signal on $auto$ff.cc:337:slice$14373 ($_DFF_P_) from module peweaver_ppa_fft128 (D = $auto$simplemap.cc:189:logic_reduce$13191, Q = \u_fft128.core.SU2.TW.ff_im [12], rval = 1'0).
Adding SRST signal on $auto$ff.cc:337:slice$14374 ($_DFF_P_) from module peweaver_ppa_fft128 (D = $auto$simplemap.cc:189:logic_reduce$13225, Q = \u_fft128.core.SU2.TW.ff_im [13], rval = 1'1).
Adding SRST signal on $auto$ff.cc:337:slice$14375 ($_DFF_P_) from module peweaver_ppa_fft128 (D = $auto$simplemap.cc:189:logic_reduce$13259, Q = \u_fft128.core.SU2.TW.ff_im [14], rval = 1'1).

11.23.4. Executing OPT_CLEAN pass (remove unused cells and wires).
Finding unused cells or wires in module \peweaver_ppa_fft128..
Removed 1356 unused cells and 7621 unused wires.
<suppressed ~1364 debug messages>

11.23.5. Rerunning OPT passes. (Removed registers in this run.)

11.23.6. Executing OPT_EXPR pass (perform const folding).
Optimizing module peweaver_ppa_fft128.
<suppressed ~146 debug messages>

11.23.7. Executing OPT_MERGE pass (detect identical cells).
Finding identical cells in module `\peweaver_ppa_fft128'.
Computing hashes of 30151 cells of `\peweaver_ppa_fft128'.
Finding duplicate cells in `\peweaver_ppa_fft128'.
Removed a total of 0 cells.

11.23.8. Executing OPT_DFF pass (perform DFF optimizations).

11.23.9. Executing OPT_CLEAN pass (remove unused cells and wires).
Finding unused cells or wires in module \peweaver_ppa_fft128..

11.23.10. Finished fast OPT passes.

11.24. Executing ABC pass (technology mapping using ABC).

11.24.1. Extracting gate netlist of module `\peweaver_ppa_fft128' to `<abc-temp-dir>/input.blif'..

11.24.1.1. Executed ABC.
Extracted 25582 gates and 26279 wires to a netlist network with 696 inputs and 697 outputs.
Running ABC script: <abc-temp-dir>/abc.script
ABC: UC Berkeley, ABC 1.01 (compiled Aug 28 2026 12:09:00)
ABC: abc 01> empty
ABC: abc 01> source <abc-temp-dir>/abc.script
ABC: + read_blif <abc-temp-dir>/input.blif 
ABC: + read_library <abc-temp-dir>/stdcells.genlib 
ABC: + strash 
ABC: + &get -n 
ABC: + &fraig -x 
ABC: + &put 
ABC: + scorr 
ABC: Warning: The network is combinational (run "fraig" or "fraig_sweep").
ABC: + dc2 
ABC: + dretime 
ABC: + strash 
ABC: + &get -n 
ABC: + &dch -f 
ABC: + &nf 
ABC: + &put 
ABC: + write_blif <abc-temp-dir>/output.blif 
ABC: 
ABC: YOSYS_ABC_DONE 

11.24.1.2. Re-integrating ABC results.
ABC RESULTS:               AND cells:     3766
ABC RESULTS:            ANDNOT cells:      458
ABC RESULTS:               MUX cells:      726
ABC RESULTS:              NAND cells:     9542
ABC RESULTS:               NOR cells:       93
ABC RESULTS:               NOT cells:       52
ABC RESULTS:                OR cells:      660
ABC RESULTS:             ORNOT cells:      628
ABC RESULTS:              XNOR cells:     1112
ABC RESULTS:               XOR cells:     5718
ABC RESULTS:        internal signals:    24886
ABC RESULTS:           input signals:      696
ABC RESULTS:          output signals:      697
Removing temp directory.
Removing global temp directory.

11.25. Executing OPT pass (performing simple optimizations).

11.25.1. Executing OPT_EXPR pass (perform const folding).
Optimizing module peweaver_ppa_fft128.
<suppressed ~1 debug messages>

11.25.2. Executing OPT_MERGE pass (detect identical cells).
Finding identical cells in module `\peweaver_ppa_fft128'.
Computing hashes of 27324 cells of `\peweaver_ppa_fft128'.
Finding duplicate cells in `\peweaver_ppa_fft128'.
Computing hashes of 27322 cells of `\peweaver_ppa_fft128'.
Finding duplicate cells in `\peweaver_ppa_fft128'.
<suppressed ~6 debug messages>
Removed a total of 2 cells.

11.25.3. Executing OPT_DFF pass (perform DFF optimizations).

11.25.4. Executing OPT_CLEAN pass (remove unused cells and wires).
Finding unused cells or wires in module \peweaver_ppa_fft128..
Removed 0 unused cells and 5618 unused wires.
<suppressed ~93 debug messages>

11.25.5. Finished fast OPT passes.

11.26. Executing HIERARCHY pass (managing design hierarchy).
Attribute `top' found on module `peweaver_ppa_fft128'. Setting top module to peweaver_ppa_fft128.

11.26.1. Analyzing design hierarchy..
Top module:  \peweaver_ppa_fft128

11.26.2. Analyzing design hierarchy..
Top module:  \peweaver_ppa_fft128
Removed 0 unused modules.

11.27. Printing statistics.

=== peweaver_ppa_fft128 ===

        +----------Local Count, excluding submodules.
        | 
    23656 wires
    42872 wire bits
     1356 public wires
    20572 public wire bits
        8 ports
       68 port bits
    27322 cells
      458   $_ANDNOT_
     3766   $_AND_
        6   $_DFFE_PP0P_
       72   $_DFF_PP0_
        2   $_DFF_PP1_
     4395   $_DFF_P_
      726   $_MUX_
     9540   $_NAND_
       93   $_NOR_
       52   $_NOT_
      628   $_ORNOT_
      660   $_OR_
       27   $_SDFF_PN0_
       40   $_SDFF_PN1_
     1112   $_XNOR_
     5718   $_XOR_
       27   $scopeinfo

11.28. Executing CHECK pass (checking for obvious problems).
Checking module peweaver_ppa_fft128...
Found and reported 0 problems.

12. Executing DFFLIBMAP pass (mapping DFF/DLATCH cells to sequential cells from liberty file).
  cell sky130_fd_sc_hd__dfxtp_1 (noninv, pins=3, area=20.02) is a direct match for cell type $_DFF_P_.
  cell sky130_fd_sc_hd__dfrtn_1 (noninv, pins=4, area=25.02) is a direct match for cell type $_DFF_NN0_.
  cell sky130_fd_sc_hd__dfrtp_1 (noninv, pins=4, area=25.02) is a direct match for cell type $_DFF_PN0_.
  cell sky130_fd_sc_hd__dfstp_1 (noninv, pins=4, area=26.28) is a direct match for cell type $_DFF_PN1_.
  cell sky130_fd_sc_hd__edfxtp_1 (noninv, pins=4, area=30.03) is a direct match for cell type $_DFFE_PP_.
  cell sky130_fd_sc_hd__dfbbn_1 (noninv, pins=6, area=32.53) is a direct match for cell type $_DFFSR_NNN_.
  cell sky130_fd_sc_hd__dfbbp_1 (noninv, pins=6, area=32.53) is a direct match for cell type $_DFFSR_PNN_.
  cell sky130_fd_sc_hd__dlxtn_1 (noninv, pins=3, area=15.01) is a direct match for cell type $_DLATCH_N_.
  cell sky130_fd_sc_hd__dlxtp_1 (noninv, pins=3, area=15.01) is a direct match for cell type $_DLATCH_P_.
  cell sky130_fd_sc_hd__dlrtn_1 (noninv, pins=4, area=17.52) is a direct match for cell type $_DLATCH_NN0_.
  cell sky130_fd_sc_hd__dlrtp_1 (noninv, pins=4, area=16.27) is a direct match for cell type $_DLATCH_PN0_.
  final dff/dlatch cell mappings:
    unmapped dff/dlatch cell: $_DFF_N_
    \sky130_fd_sc_hd__dfxtp_1 _DFF_P_ (.CLK( C), .D( D), .Q( Q));
    \sky130_fd_sc_hd__dfrtn_1 _DFF_NN0_ (.CLK_N( C), .D( D), .Q( Q), .RESET_B( R));
    unmapped dff/dlatch cell: $_DFF_NN1_
    unmapped dff/dlatch cell: $_DFF_NP0_
    unmapped dff/dlatch cell: $_DFF_NP1_
    \sky130_fd_sc_hd__dfrtp_1 _DFF_PN0_ (.CLK( C), .D( D), .Q( Q), .RESET_B( R));
    \sky130_fd_sc_hd__dfstp_1 _DFF_PN1_ (.CLK( C), .D( D), .Q( Q), .SET_B( R));
    unmapped dff/dlatch cell: $_DFF_PP0_
    unmapped dff/dlatch cell: $_DFF_PP1_
    unmapped dff/dlatch cell: $_DFFE_NN_
    unmapped dff/dlatch cell: $_DFFE_NP_
    unmapped dff/dlatch cell: $_DFFE_PN_
    \sky130_fd_sc_hd__edfxtp_1 _DFFE_PP_ (.CLK( C), .D( D), .DE( E), .Q( Q));
    \sky130_fd_sc_hd__dfbbn_1 _DFFSR_NNN_ (.CLK_N( C), .D( D), .Q( Q), .Q_N(~Q), .RESET_B( R), .SET_B( S));
    unmapped dff/dlatch cell: $_DFFSR_NNP_
    unmapped dff/dlatch cell: $_DFFSR_NPN_
    unmapped dff/dlatch cell: $_DFFSR_NPP_
    \sky130_fd_sc_hd__dfbbp_1 _DFFSR_PNN_ (.CLK( C), .D( D), .Q( Q), .Q_N(~Q), .RESET_B( R), .SET_B( S));
    unmapped dff/dlatch cell: $_DFFSR_PNP_
    unmapped dff/dlatch cell: $_DFFSR_PPN_
    unmapped dff/dlatch cell: $_DFFSR_PPP_
    \sky130_fd_sc_hd__dlxtn_1 _DLATCH_N_ (.D( D), .GATE_N( E), .Q( Q));
    \sky130_fd_sc_hd__dlxtp_1 _DLATCH_P_ (.D( D), .GATE( E), .Q( Q));
    \sky130_fd_sc_hd__dlrtn_1 _DLATCH_NN0_ (.D( D), .GATE_N( E), .Q( Q), .RESET_B( R));
    unmapped dff/dlatch cell: $_DLATCH_NN1_
    unmapped dff/dlatch cell: $_DLATCH_NP0_
    unmapped dff/dlatch cell: $_DLATCH_NP1_
    \sky130_fd_sc_hd__dlrtp_1 _DLATCH_PN0_ (.D( D), .GATE( E), .Q( Q), .RESET_B( R));
    unmapped dff/dlatch cell: $_DLATCH_PN1_
    unmapped dff/dlatch cell: $_DLATCH_PP0_
    unmapped dff/dlatch cell: $_DLATCH_PP1_
    unmapped dff/dlatch cell: $_DLATCHSR_NNN_
    unmapped dff/dlatch cell: $_DLATCHSR_NNP_
    unmapped dff/dlatch cell: $_DLATCHSR_NPN_
    unmapped dff/dlatch cell: $_DLATCHSR_NPP_
    unmapped dff/dlatch cell: $_DLATCHSR_PNN_
    unmapped dff/dlatch cell: $_DLATCHSR_PNP_
    unmapped dff/dlatch cell: $_DLATCHSR_PPN_
    unmapped dff/dlatch cell: $_DLATCHSR_PPP_

12.1. Executing DFFLEGALIZE pass (convert FFs and LATCHes to types supported by the target).
<suppressed ~24 debug messages>
Mapping DFF/DLATCH cells in module `\peweaver_ppa_fft128':
  mapped 78 $_DFF_PN0_ cells to \sky130_fd_sc_hd__dfrtp_1 cells.
  mapped 2 $_DFF_PN1_ cells to \sky130_fd_sc_hd__dfstp_1 cells.
  mapped 4462 $_DFF_P_ cells to \sky130_fd_sc_hd__dfxtp_1 cells.

13. Executing ABC pass (technology mapping using ABC).

13.1. Extracting gate netlist of module `\peweaver_ppa_fft128' to `<abc-temp-dir>/input.blif'..

13.1.1. Executed ABC.
Extracted 22906 gates and 23606 wires to a netlist network with 698 inputs and 769 outputs.
Running ABC script: <abc-temp-dir>/abc.script
ABC: UC Berkeley, ABC 1.01 (compiled Aug 28 2026 12:09:00)
ABC: abc 01> empty
ABC: abc 01> source <abc-temp-dir>/abc.script
ABC: + read_blif <abc-temp-dir>/input.blif 
ABC: + read_scl /tmp/yosys-liberty-scl-cache/yosys_merged_c85f2adb.scl 
ABC: Warning: Detected 9 multi-output cells (for example, "sky130_fd_sc_hd__fa_1").
ABC: + strash 
ABC: + &get -n 
ABC: + &fraig -x 
ABC: + &put 
ABC: + scorr 
ABC: Warning: The network is combinational (run "fraig" or "fraig_sweep").
ABC: + dc2 
ABC: + dretime 
ABC: + retime -o -D 10000 
ABC: + strash 
ABC: + &get -n 
ABC: + &dch -f 
ABC: + &nf -D 10000 
ABC: + &put 
ABC: + write_blif <abc-temp-dir>/output.blif 
ABC: 
ABC: YOSYS_ABC_DONE 

13.1.2. Re-integrating ABC results.
ABC RESULTS:   sky130_fd_sc_hd__a211o_1 cells:        5
ABC RESULTS:   sky130_fd_sc_hd__a211oi_1 cells:       14
ABC RESULTS:   sky130_fd_sc_hd__a21bo_1 cells:        3
ABC RESULTS:   sky130_fd_sc_hd__a21boi_0 cells:       85
ABC RESULTS:   sky130_fd_sc_hd__a21o_1 cells:      171
ABC RESULTS:   sky130_fd_sc_hd__a21oi_1 cells:     1124
ABC RESULTS:   sky130_fd_sc_hd__a221oi_1 cells:       10
ABC RESULTS:   sky130_fd_sc_hd__a222oi_1 cells:        2
ABC RESULTS:   sky130_fd_sc_hd__a22o_1 cells:       97
ABC RESULTS:   sky130_fd_sc_hd__a22oi_1 cells:      163
ABC RESULTS:   sky130_fd_sc_hd__a2bb2o_1 cells:        3
ABC RESULTS:   sky130_fd_sc_hd__a2bb2oi_1 cells:       26
ABC RESULTS:   sky130_fd_sc_hd__a31o_1 cells:       11
ABC RESULTS:   sky130_fd_sc_hd__a31oi_1 cells:      106
ABC RESULTS:   sky130_fd_sc_hd__a32o_1 cells:        8
ABC RESULTS:   sky130_fd_sc_hd__a32oi_1 cells:        7
ABC RESULTS:   sky130_fd_sc_hd__a41oi_1 cells:        1
ABC RESULTS:   sky130_fd_sc_hd__and2_0 cells:      400
ABC RESULTS:   sky130_fd_sc_hd__and3_1 cells:      168
ABC RESULTS:   sky130_fd_sc_hd__and3b_1 cells:        3
ABC RESULTS:   sky130_fd_sc_hd__and4_1 cells:       53
ABC RESULTS:   sky130_fd_sc_hd__clkinv_1 cells:      467
ABC RESULTS:   sky130_fd_sc_hd__maj3_1 cells:     1524
ABC RESULTS:   sky130_fd_sc_hd__mux2_1 cells:       14
ABC RESULTS:   sky130_fd_sc_hd__mux2i_1 cells:       23
ABC RESULTS:   sky130_fd_sc_hd__nand2_1 cells:     2956
ABC RESULTS:   sky130_fd_sc_hd__nand2b_1 cells:      490
ABC RESULTS:   sky130_fd_sc_hd__nand3_1 cells:      424
ABC RESULTS:   sky130_fd_sc_hd__nand3b_1 cells:        4
ABC RESULTS:   sky130_fd_sc_hd__nand4_1 cells:      112
ABC RESULTS:   sky130_fd_sc_hd__nand4b_1 cells:        2
ABC RESULTS:   sky130_fd_sc_hd__nand4bb_1 cells:        1
ABC RESULTS:   sky130_fd_sc_hd__nor2_1 cells:     1898
ABC RESULTS:   sky130_fd_sc_hd__nor2b_1 cells:      498
ABC RESULTS:   sky130_fd_sc_hd__nor3_1 cells:      205
ABC RESULTS:   sky130_fd_sc_hd__nor3b_1 cells:       26
ABC RESULTS:   sky130_fd_sc_hd__nor4_1 cells:       37
ABC RESULTS:   sky130_fd_sc_hd__nor4b_1 cells:        4
ABC RESULTS:   sky130_fd_sc_hd__nor4bb_1 cells:        2
ABC RESULTS:   sky130_fd_sc_hd__o2111ai_1 cells:        3
ABC RESULTS:   sky130_fd_sc_hd__o211a_1 cells:        2
ABC RESULTS:   sky130_fd_sc_hd__o211ai_1 cells:       13
ABC RESULTS:   sky130_fd_sc_hd__o21a_1 cells:       99
ABC RESULTS:   sky130_fd_sc_hd__o21ai_0 cells:      815
ABC RESULTS:   sky130_fd_sc_hd__o21ba_1 cells:       11
ABC RESULTS:   sky130_fd_sc_hd__o21bai_1 cells:       43
ABC RESULTS:   sky130_fd_sc_hd__o22a_1 cells:       45
ABC RESULTS:   sky130_fd_sc_hd__o22ai_1 cells:       71
ABC RESULTS:   sky130_fd_sc_hd__o2bb2ai_1 cells:       41
ABC RESULTS:   sky130_fd_sc_hd__o311a_1 cells:        1
ABC RESULTS:   sky130_fd_sc_hd__o311ai_0 cells:        2
ABC RESULTS:   sky130_fd_sc_hd__o31a_1 cells:       10
ABC RESULTS:   sky130_fd_sc_hd__o31ai_1 cells:       56
ABC RESULTS:   sky130_fd_sc_hd__o32a_1 cells:        5
ABC RESULTS:   sky130_fd_sc_hd__o32ai_1 cells:       26
ABC RESULTS:   sky130_fd_sc_hd__o41ai_1 cells:        4
ABC RESULTS:   sky130_fd_sc_hd__or2_0 cells:       91
ABC RESULTS:   sky130_fd_sc_hd__or3_1 cells:       62
ABC RESULTS:   sky130_fd_sc_hd__or3b_1 cells:        3
ABC RESULTS:   sky130_fd_sc_hd__or4_1 cells:       12
ABC RESULTS:   sky130_fd_sc_hd__or4b_1 cells:        1
ABC RESULTS:   sky130_fd_sc_hd__xnor2_1 cells:     3129
ABC RESULTS:   sky130_fd_sc_hd__xnor3_1 cells:      404
ABC RESULTS:   sky130_fd_sc_hd__xor2_1 cells:     1720
ABC RESULTS:   sky130_fd_sc_hd__xor3_1 cells:      259
ABC RESULTS:        internal signals:    22139
ABC RESULTS:           input signals:      698
ABC RESULTS:          output signals:      769
Removing temp directory.
Removing global temp directory.

14. Executing SETUNDEF pass (replace undef values with defined constants).

15. Executing SPLITNETS pass (splitting up multi-bit signals).

16. Executing OPT_CLEAN pass (remove unused cells and wires).
Finding unused cells or wires in module \peweaver_ppa_fft128..
Removed 27 unused cells and 39146 unused wires.
<suppressed ~15573 debug messages>

17. Executing CHECK pass (checking for obvious problems).
Checking module peweaver_ppa_fft128...
Warning: Wire peweaver_ppa_fft128.\do_en is used but has no driver.
Warning: Wire peweaver_ppa_fft128.\do_re [15] is used but has no driver.
Warning: Wire peweaver_ppa_fft128.\do_re [14] is used but has no driver.
Warning: Wire peweaver_ppa_fft128.\do_re [13] is used but has no driver.
Warning: Wire peweaver_ppa_fft128.\do_re [12] is used but has no driver.
Warning: Wire peweaver_ppa_fft128.\do_re [11] is used but has no driver.
Warning: Wire peweaver_ppa_fft128.\do_re [10] is used but has no driver.
Warning: Wire peweaver_ppa_fft128.\do_re [9] is used but has no driver.
Warning: Wire peweaver_ppa_fft128.\do_re [8] is used but has no driver.
Warning: Wire peweaver_ppa_fft128.\do_re [7] is used but has no driver.
Warning: Wire peweaver_ppa_fft128.\do_re [6] is used but has no driver.
Warning: Wire peweaver_ppa_fft128.\do_re [5] is used but has no driver.
Warning: Wire peweaver_ppa_fft128.\do_re [4] is used but has no driver.
Warning: Wire peweaver_ppa_fft128.\do_re [3] is used but has no driver.
Warning: Wire peweaver_ppa_fft128.\do_re [2] is used but has no driver.
Warning: Wire peweaver_ppa_fft128.\do_re [1] is used but has no driver.
Warning: Wire peweaver_ppa_fft128.\do_re [0] is used but has no driver.
Warning: Wire peweaver_ppa_fft128.\do_im [15] is used but has no driver.
Warning: Wire peweaver_ppa_fft128.\do_im [14] is used but has no driver.
Warning: Wire peweaver_ppa_fft128.\do_im [13] is used but has no driver.
Warning: Wire peweaver_ppa_fft128.\do_im [12] is used but has no driver.
Warning: Wire peweaver_ppa_fft128.\do_im [11] is used but has no driver.
Warning: Wire peweaver_ppa_fft128.\do_im [10] is used but has no driver.
Warning: Wire peweaver_ppa_fft128.\do_im [9] is used but has no driver.
Warning: Wire peweaver_ppa_fft128.\do_im [8] is used but has no driver.
Warning: Wire peweaver_ppa_fft128.\do_im [7] is used but has no driver.
Warning: Wire peweaver_ppa_fft128.\do_im [6] is used but has no driver.
Warning: Wire peweaver_ppa_fft128.\do_im [5] is used but has no driver.
Warning: Wire peweaver_ppa_fft128.\do_im [4] is used but has no driver.
Warning: Wire peweaver_ppa_fft128.\do_im [3] is used but has no driver.
Warning: Wire peweaver_ppa_fft128.\do_im [2] is used but has no driver.
Warning: Wire peweaver_ppa_fft128.\do_im [1] is used but has no driver.
Warning: Wire peweaver_ppa_fft128.\do_im [0] is used but has no driver.
Found and reported 33 problems.

18. Printing statistics.

=== peweaver_ppa_fft128 ===

        +----------Local Count, excluding submodules.
        |        +-Local Area, excluding submodules.
        |        | 
    22592        - wires
    22652        - wire bits
     4967        - public wires
     5027        - public wire bits
        8        - ports
       68        - port bits
    22617 2.19E+05 cells
        5   43.792   sky130_fd_sc_hd__a211o_1
       14  105.101   sky130_fd_sc_hd__a211oi_1
        3   30.029   sky130_fd_sc_hd__a21bo_1
       85  638.112   sky130_fd_sc_hd__a21boi_0
      171 1.28E+03   sky130_fd_sc_hd__a21o_1
     1124 5.63E+03   sky130_fd_sc_hd__a21oi_1
       10   87.584   sky130_fd_sc_hd__a221oi_1
        2   20.019   sky130_fd_sc_hd__a222oi_1
       97  849.565   sky130_fd_sc_hd__a22o_1
      163 1.22E+03   sky130_fd_sc_hd__a22oi_1
        3   30.029   sky130_fd_sc_hd__a2bb2o_1
       26  227.718   sky130_fd_sc_hd__a2bb2oi_1
       11   96.342   sky130_fd_sc_hd__a31o_1
      106  663.136   sky130_fd_sc_hd__a31oi_1
        8   80.077   sky130_fd_sc_hd__a32o_1
        7   61.309   sky130_fd_sc_hd__a32oi_1
        1    8.758   sky130_fd_sc_hd__a41oi_1
      400   2502.4   sky130_fd_sc_hd__and2_0
      168 1.05E+03   sky130_fd_sc_hd__and3_1
        3   26.275   sky130_fd_sc_hd__and3b_1
       53  464.195   sky130_fd_sc_hd__and4_1
      467 1.75E+03   sky130_fd_sc_hd__clkinv_1
       78 1.95E+03   sky130_fd_sc_hd__dfrtp_1
        2    52.55   sky130_fd_sc_hd__dfstp_1
     4462 8.93E+04   sky130_fd_sc_hd__dfxtp_1
     1524 1.53E+04   sky130_fd_sc_hd__maj3_1
       14  157.651   sky130_fd_sc_hd__mux2_1
       23  230.221   sky130_fd_sc_hd__mux2i_1
     2956 1.11E+04   sky130_fd_sc_hd__nand2_1
      490  3065.44   sky130_fd_sc_hd__nand2b_1
      424 2.12E+03   sky130_fd_sc_hd__nand3_1
        4   30.029   sky130_fd_sc_hd__nand3b_1
      112  700.672   sky130_fd_sc_hd__nand4_1
        2   17.517   sky130_fd_sc_hd__nand4b_1
        1   11.261   sky130_fd_sc_hd__nand4bb_1
     1898 7.12E+03   sky130_fd_sc_hd__nor2_1
      498 3.12E+03   sky130_fd_sc_hd__nor2b_1
      205 1.03E+03   sky130_fd_sc_hd__nor3_1
       26  195.187   sky130_fd_sc_hd__nor3b_1
       37  231.472   sky130_fd_sc_hd__nor4_1
        4   35.034   sky130_fd_sc_hd__nor4b_1
        2   20.019   sky130_fd_sc_hd__nor4bb_1
        3   26.275   sky130_fd_sc_hd__o2111ai_1
        2   20.019   sky130_fd_sc_hd__o211a_1
       13   97.594   sky130_fd_sc_hd__o211ai_1
       99  743.213   sky130_fd_sc_hd__o21a_1
      815 4.08E+03   sky130_fd_sc_hd__o21ai_0
       11  110.106   sky130_fd_sc_hd__o21ba_1
       43   322.81   sky130_fd_sc_hd__o21bai_1
       45  394.128   sky130_fd_sc_hd__o22a_1
       71  444.176   sky130_fd_sc_hd__o22ai_1
       41  359.094   sky130_fd_sc_hd__o2bb2ai_1
        1    10.01   sky130_fd_sc_hd__o311a_1
        2   17.517   sky130_fd_sc_hd__o311ai_0
       10   87.584   sky130_fd_sc_hd__o31a_1
       56  420.403   sky130_fd_sc_hd__o31ai_1
        5   50.048   sky130_fd_sc_hd__o32a_1
       26  227.718   sky130_fd_sc_hd__o32ai_1
        4   35.034   sky130_fd_sc_hd__o41ai_1
       91  569.296   sky130_fd_sc_hd__or2_0
       62  387.872   sky130_fd_sc_hd__or3_1
        3   26.275   sky130_fd_sc_hd__or3b_1
       12   90.086   sky130_fd_sc_hd__or4_1
        1    10.01   sky130_fd_sc_hd__or4b_1
     3129 2.74E+04   sky130_fd_sc_hd__xnor2_1
      404  9.1E+03   sky130_fd_sc_hd__xnor3_1
     1720 1.51E+04   sky130_fd_sc_hd__xor2_1
      259 6.16E+03   sky130_fd_sc_hd__xor3_1

   Chip area for module '\peweaver_ppa_fft128': 218887.430400
     of which used for sequential elements: 91330.092800 (41.72%)

19. Executing Verilog backend.
Dumping module `\peweaver_ppa_fft128'.

Warnings: 37 unique messages, 49 total
End of script. Logfile hash: dcbb611de6, time: 8.01s, user: 3.41s, system: 0.11s, MEM: 155.23 MB peak
Yosys 0.68+136 (git sha1 c30457480-dirty, Release, Clang /usr/bin/clang++ 21.1.8)
Time spent: 61% 2x abc (5 sec), 9% 25x opt_clean (0 sec), ...
run-physical.sh: stage 2 activity + golden (RTL reference, then gate-level)
run-physical.sh: stage 3a OpenROAD frontend (floorplan/place/CTS/global route)
OpenROAD v2.0-17598-ga008522d8 
Features included (+) or not (-): +Charts +GPU +GUI +Python : None
This program is licensed under the BSD-3 license. See the LICENSE file for details.
Components of this program may be licensed under more restrictive licenses which must be honored.
[INFO ORD-0030] Using 12 thread(s).
[INFO ODB-0227] LEF file: /home/peweaver-user/.volare/sky130A/libs.ref/sky130_fd_sc_hd/techlef/sky130_fd_sc_hd__nom.tlef, created 14 layers, 25 vias
[WARNING ODB-0220] WARNING (LEFPARS-2008): NOWIREEXTENSIONATPIN statement is obsolete in version 5.6 or later.
The NOWIREEXTENSIONATPIN statement will be ignored. See file /home/peweaver-user/.volare/sky130A/libs.ref/sky130_fd_sc_hd/lef/sky130_fd_sc_hd.lef at line 2.

[INFO ODB-0227] LEF file: /home/peweaver-user/.volare/sky130A/libs.ref/sky130_fd_sc_hd/lef/sky130_fd_sc_hd.lef, created 437 library cells
[WARNING IFP-0028] Core area lower left (5.000, 5.000) snapped to (5.060, 5.440).
[INFO IFP-0001] Added 271 rows of 1608 site unithd.
Found 0 macro blocks.
Using 2 tracks default min distance between IO pins.
[INFO PPL-0001] Number of slots           2728
[INFO PPL-0002] Number of I/O             68
[INFO PPL-0003] Number of I/O w/sink      68
[INFO PPL-0004] Number of I/O w/o sink    0
[INFO PPL-0005] Slots per section         200
[INFO PPL-0008] Successfully assigned pins to sections.
[INFO PPL-0012] I/O nets HPWL: 27063.32 um.
[INFO TAP-0005] Inserted 7234 tapcells.
[INFO IFP-0030] Inserted 1 tiecells using sky130_fd_sc_hd__conb_1/LO.
[INFO PDN-0001] Inserting grid: grid
[INFO GPL-0002] DBU: 1000
[INFO GPL-0003] SiteSize: (  0.460  2.720 ) um
[INFO GPL-0004] CoreBBox: (  5.060  5.440 ) ( 744.740 742.560 ) um
[INFO GPL-0006] NumInstances:             29852
[INFO GPL-0007] NumPlaceInstances:        22618
[INFO GPL-0008] NumFixedInstances:         7234
[INFO GPL-0009] NumDummyInstances:            0
[INFO GPL-0010] NumNets:                  22653
[INFO GPL-0011] NumPins:                  74986
[INFO GPL-0012] DieBBox:  (  0.000  0.000 ) ( 749.740 749.740 ) um
[INFO GPL-0013] CoreBBox: (  5.060  5.440 ) ( 744.740 742.560 ) um
[INFO GPL-0016] CoreArea:            545232.922 um^2
[INFO GPL-0017] NonPlaceInstsArea:     9051.181 um^2
[INFO GPL-0018] PlaceInstsArea:      218891.184 um^2
[INFO GPL-0019] Util:                    40.824 %
[INFO GPL-0020] StdInstsArea:        218891.184 um^2
[INFO GPL-0021] MacroInstsArea:           0.000 um^2
[InitialPlace]  Iter: 1 CG residual: 0.00797098 HPWL: 242052980
[InitialPlace]  Iter: 2 CG residual: 0.00623171 HPWL: 203014658
[InitialPlace]  Iter: 3 CG residual: 0.00670117 HPWL: 202915474
[InitialPlace]  Iter: 4 CG residual: 0.00770386 HPWL: 203179263
[InitialPlace]  Iter: 5 CG residual: 0.00504839 HPWL: 202505360
[InitialPlace]  Iter: 6 CG residual: 0.00731550 HPWL: 203339694
[InitialPlace]  Iter: 7 CG residual: 0.00535246 HPWL: 202043096
[InitialPlace]  Iter: 8 CG residual: 0.00733699 HPWL: 202412233
[InitialPlace]  Iter: 9 CG residual: 0.00516073 HPWL: 201915166
[InitialPlace]  Iter: 10 CG residual: 0.00732364 HPWL: 202788223
[InitialPlace]  Iter: 11 CG residual: 0.00473148 HPWL: 201385236
[InitialPlace]  Iter: 12 CG residual: 0.00695469 HPWL: 201573214
[InitialPlace]  Iter: 13 CG residual: 0.00444745 HPWL: 200546380
[InitialPlace]  Iter: 14 CG residual: 0.00663601 HPWL: 200492280
[InitialPlace]  Iter: 15 CG residual: 0.00409533 HPWL: 199538786
[InitialPlace]  Iter: 16 CG residual: 0.00443932 HPWL: 199979254
[InitialPlace]  Iter: 17 CG residual: 0.00286518 HPWL: 198394024
[InitialPlace]  Iter: 18 CG residual: 0.00212397 HPWL: 198008163
[InitialPlace]  Iter: 19 CG residual: 0.00067003 HPWL: 197187975
[InitialPlace]  Iter: 20 CG residual: 0.00020080 HPWL: 197244540
[INFO GPL-0031] FillerInit:NumGCells:     33657
[INFO GPL-0032] FillerInit:NumGNets:      22653
[INFO GPL-0033] FillerInit:NumGPins:      74986
[INFO GPL-0023] TargetDensity:            0.600
[INFO GPL-0024] AvrgPlaceInstArea:        9.678 um^2
[INFO GPL-0025] IdealBinArea:            16.130 um^2
[INFO GPL-0026] IdealBinCnt:              33803
[INFO GPL-0027] TotalBinArea:        545232.922 um^2
[INFO GPL-0028] BinCnt:       128    128
[INFO GPL-0029] BinSize: (  5.779  5.759 )
[INFO GPL-0030] NumBins: 16384
[NesterovSolve] Iter:    1 overflow: 0.992 HPWL: 65593761
[NesterovSolve] Iter:   10 overflow: 0.989 HPWL: 56880368
[NesterovSolve] Iter:   20 overflow: 0.988 HPWL: 57073640
[NesterovSolve] Iter:   30 overflow: 0.988 HPWL: 57135965
[NesterovSolve] Iter:   40 overflow: 0.987 HPWL: 57073487
[NesterovSolve] Iter:   50 overflow: 0.988 HPWL: 56961236
[NesterovSolve] Iter:   60 overflow: 0.988 HPWL: 56864680
[NesterovSolve] Iter:   70 overflow: 0.989 HPWL: 56740236
[NesterovSolve] Iter:   80 overflow: 0.990 HPWL: 56606632
[NesterovSolve] Iter:   90 overflow: 0.990 HPWL: 56496315
[NesterovSolve] Iter:  100 overflow: 0.991 HPWL: 56420074
[NesterovSolve] Iter:  110 overflow: 0.991 HPWL: 56543007
[NesterovSolve] Iter:  120 overflow: 0.991 HPWL: 57188334
[NesterovSolve] Iter:  130 overflow: 0.988 HPWL: 58872071
[NesterovSolve] Iter:  140 overflow: 0.981 HPWL: 61983989
[NesterovSolve] Iter:  150 overflow: 0.968 HPWL: 67015471
[NesterovSolve] Iter:  160 overflow: 0.947 HPWL: 74736015
[NesterovSolve] Iter:  170 overflow: 0.920 HPWL: 85783281
[NesterovSolve] Iter:  180 overflow: 0.889 HPWL: 100775196
[NesterovSolve] Iter:  190 overflow: 0.854 HPWL: 119285348
[NesterovSolve] Iter:  200 overflow: 0.818 HPWL: 139183993
[NesterovSolve] Iter:  210 overflow: 0.786 HPWL: 160208022
[NesterovSolve] Iter:  220 overflow: 0.755 HPWL: 180128158
[NesterovSolve] Iter:  230 overflow: 0.728 HPWL: 200413751
[NesterovSolve] Iter:  240 overflow: 0.698 HPWL: 221355947
[NesterovSolve] Iter:  250 overflow: 0.660 HPWL: 238156747
[NesterovSolve] Iter:  260 overflow: 0.623 HPWL: 255298870
[NesterovSolve] Iter:  270 overflow: 0.587 HPWL: 276082374
[NesterovSolve] Iter:  280 overflow: 0.548 HPWL: 299494191
[NesterovSolve] Iter:  290 overflow: 0.511 HPWL: 333614954
[NesterovSolve] Iter:  300 overflow: 0.478 HPWL: 323521016
[NesterovSolve] Iter:  310 overflow: 0.440 HPWL: 347072045
[NesterovSolve] Iter:  320 overflow: 0.402 HPWL: 337327275
[NesterovSolve] Iter:  330 overflow: 0.381 HPWL: 346696655
[NesterovSolve] Iter:  340 overflow: 0.346 HPWL: 337235677
[NesterovSolve] Iter:  350 overflow: 0.325 HPWL: 330797053
[NesterovSolve] Iter:  360 overflow: 0.296 HPWL: 327893666
[NesterovSolve] Iter:  370 overflow: 0.270 HPWL: 322197407
[NesterovSolve] Iter:  380 overflow: 0.240 HPWL: 320355527
[NesterovSolve] Iter:  390 overflow: 0.213 HPWL: 317885368
[NesterovSolve] Iter:  400 overflow: 0.189 HPWL: 315965443
[NesterovSolve] Iter:  410 overflow: 0.166 HPWL: 314523851
[NesterovSolve] Iter:  420 overflow: 0.144 HPWL: 313596504
[NesterovSolve] Iter:  430 overflow: 0.124 HPWL: 312925330
[NesterovSolve] Iter:  440 overflow: 0.109 HPWL: 312479169
[NesterovSolve] Finished with Overflow: 0.099818
[INFO RSZ-0058] Using max wire length 1847um.
[INFO RSZ-0035] Found 202 fanout violations.
[INFO RSZ-0038] Inserted 508 buffers in 202 nets.
[INFO RSZ-0039] Resized 2905 instances.
Placement Analysis
---------------------------------
total displacement      64562.4 u
average displacement        2.1 u
max displacement           15.7 u
original HPWL          371411.6 u
legalized HPWL         434098.8 u
delta HPWL                   17 %

[INFO CTS-0050] Root buffer is sky130_fd_sc_hd__clkbuf_4.
[INFO CTS-0051] Sink buffer is sky130_fd_sc_hd__clkbuf_8.
[INFO CTS-0052] The following clock buffers will be used for CTS:
                    sky130_fd_sc_hd__clkbuf_1
                    sky130_fd_sc_hd__clkbuf_2
                    sky130_fd_sc_hd__clkbuf_4
                    sky130_fd_sc_hd__clkbuf_8
[INFO CTS-0049] Characterization buffer is sky130_fd_sc_hd__clkbuf_8.
[INFO CTS-0007] Net "clock" found for clock "core_clock".
[INFO CTS-0010]  Clock net "clock" has 4542 sinks.
[INFO CTS-0008] TritonCTS found 1 clock nets.
[INFO CTS-0097] Characterization used 4 buffer(s) types.
[INFO CTS-0200] 0 placement blockages have been identified.
[INFO CTS-0201] 0 placed hard macros will be treated like blockages.
[INFO CTS-0027] Generating H-Tree topology for net clock.
[INFO CTS-0028]  Total number of sinks: 4542.
[INFO CTS-0090]  Sinks will be clustered based on buffer max cap.
[INFO CTS-0030]  Number of static layers: 0.
[INFO CTS-0020]  Wire segment unit: 13600  dbu (13 um).
[INFO CTS-0206] Best clustering solution was found from clustering size of 30 and clustering diameter of 50.
[INFO CTS-0019]  Total number of sinks after clustering: 601.
[INFO CTS-0024]  Normalized sink region: [(4.91423, 6.0739), (54.1661, 52.3)].
[INFO CTS-0025]     Width:  49.2519.
[INFO CTS-0026]     Height: 46.2261.
 Level 1
    Direction: Horizontal
    Sinks per sub-region: 301
    Sub-region size: 24.6259 X 46.2261
[INFO CTS-0034]     Segment length (rounded): 12.
 Level 2
    Direction: Vertical
    Sinks per sub-region: 151
    Sub-region size: 24.6259 X 23.1131
[INFO CTS-0034]     Segment length (rounded): 12.
 Level 3
    Direction: Horizontal
    Sinks per sub-region: 76
    Sub-region size: 12.3130 X 23.1131
[INFO CTS-0034]     Segment length (rounded): 6.
 Level 4
    Direction: Vertical
    Sinks per sub-region: 38
    Sub-region size: 12.3130 X 11.5565
[INFO CTS-0034]     Segment length (rounded): 6.
 Level 5
    Direction: Horizontal
    Sinks per sub-region: 19
    Sub-region size: 6.1565 X 11.5565
[INFO CTS-0034]     Segment length (rounded): 4.
 Level 6
    Direction: Vertical
    Sinks per sub-region: 10
    Sub-region size: 6.1565 X 5.7783
[INFO CTS-0034]     Segment length (rounded): 2.
[INFO CTS-0032]  Stop criterion found. Max number of sinks is 15.
[INFO CTS-0035]  Number of sinks covered: 601.
[INFO CTS-0018]     Created 670 clock buffers.
[INFO CTS-0012]     Minimum number of buffers in the clock path: 4.
[INFO CTS-0013]     Maximum number of buffers in the clock path: 4.
[INFO CTS-0015]     Created 670 clock nets.
[INFO CTS-0016]     Fanout distribution for the current clock = 2:4, 3:4, 4:12, 5:35, 6:45, 7:159, 8:248, 9:118, 10:18, 11:5, 12:6, 14:4, 15:4, 16:3..
[INFO CTS-0017]     Max level of the clock tree: 6.
[INFO CTS-0098] Clock net "clock"
[INFO CTS-0099]  Sinks 5058
[INFO CTS-0100]  Leaf buffers 601
[INFO CTS-0101]  Average sink wire length 801.77 um
[INFO CTS-0102]  Path depth 3 - 4
[INFO CTS-0207]  Leaf load cells 516
[WARNING RSZ-0065] max wire length less than 1847u increases wire delays.
[INFO RSZ-0094] Found 4 endpoints with setup violations.
[INFO RSZ-0099] Repairing 4 out of 4 (100.00%) violating endpoints...
[INFO RSZ-0040] Inserted 55 buffers.
[INFO RSZ-0041] Resized 122 instances.
[INFO RSZ-0043] Swapped pins on 49 instances.
[INFO RSZ-0049] Cloned 11 instances.
Placement Analysis
---------------------------------
total displacement       7813.4 u
average displacement        0.2 u
max displacement           15.9 u
original HPWL          467120.0 u
legalized HPWL         470766.7 u
delta HPWL                    1 %

[INFO RSZ-0094] Found 2 endpoints with setup violations.
[INFO RSZ-0099] Repairing 2 out of 2 (100.00%) violating endpoints...
[INFO RSZ-0040] Inserted 31 buffers.
[INFO RSZ-0041] Resized 102 instances.
[INFO RSZ-0043] Swapped pins on 86 instances.
[INFO RSZ-0049] Cloned 15 instances.
[WARNING RSZ-0062] Unable to repair all setup violations.
Placement Analysis
---------------------------------
total displacement        839.7 u
average displacement        0.0 u
max displacement           11.0 u
original HPWL          474027.6 u
legalized HPWL         474713.1 u
delta HPWL                    0 %

PEWEAVER_PHYSICAL_FRONTEND_DONE
run-physical.sh: stage 3b OpenROAD backend (detailed route/extract/STA/power)
OpenROAD v2.0-17598-ga008522d8 
Features included (+) or not (-): +Charts +GPU +GUI +Python : None
This program is licensed under the BSD-3 license. See the LICENSE file for details.
Components of this program may be licensed under more restrictive licenses which must be honored.
[INFO ORD-0030] Using 12 thread(s).
[WARNING DRT-0349] LEF58_ENCLOSURE with no CUTCLASS is not supported. Skipping for layer mcon
[WARNING DRT-0349] LEF58_ENCLOSURE with no CUTCLASS is not supported. Skipping for layer mcon
[WARNING DRT-0349] LEF58_ENCLOSURE with no CUTCLASS is not supported. Skipping for layer via
[WARNING DRT-0349] LEF58_ENCLOSURE with no CUTCLASS is not supported. Skipping for layer via
[WARNING DRT-0349] LEF58_ENCLOSURE with no CUTCLASS is not supported. Skipping for layer via2
[WARNING DRT-0349] LEF58_ENCLOSURE with no CUTCLASS is not supported. Skipping for layer via2
[WARNING DRT-0349] LEF58_ENCLOSURE with no CUTCLASS is not supported. Skipping for layer via3
[WARNING DRT-0349] LEF58_ENCLOSURE with no CUTCLASS is not supported. Skipping for layer via3
[WARNING DRT-0349] LEF58_ENCLOSURE with no CUTCLASS is not supported. Skipping for layer via4
[WARNING DRT-0349] LEF58_ENCLOSURE with no CUTCLASS is not supported. Skipping for layer via4
[WARNING DRT-0422] No routing tracks pass through the center of Term VSS.
[WARNING DRT-0422] No routing tracks pass through the center of Term VDD.
[INFO DRT-0167] List of default vias:
  Layer via
    default via: M1M2_PR
  Layer via2
    default via: M2M3_PR
  Layer via3
    default via: M3M4_PR
  Layer via4
    default via: M4M5_PR
[INFO DRT-0168] Init region query.
[INFO DRT-0033] FR_MASTERSLICE shape region query size = 0.
[INFO DRT-0033] licon shape region query size = 0.
[INFO DRT-0033] li1 shape region query size = 798814.
[INFO DRT-0033] mcon shape region query size = 0.
[INFO DRT-0033] met1 shape region query size = 116330.
[INFO DRT-0033] via shape region query size = 36720.
[INFO DRT-0033] met2 shape region query size = 22032.
[INFO DRT-0033] via2 shape region query size = 29376.
[INFO DRT-0033] met3 shape region query size = 22100.
[INFO DRT-0033] via3 shape region query size = 29376.
[INFO DRT-0033] met4 shape region query size = 8856.
[INFO DRT-0033] via4 shape region query size = 1458.
[INFO DRT-0033] met5 shape region query size = 1566.
[INFO DRT-0156] guideIn read 100000 guides.
[INFO DRT-0178] Init guide query.
[INFO DRT-0036] FR_MASTERSLICE guide region query size = 0.
[INFO DRT-0036] licon guide region query size = 0.
[INFO DRT-0036] li1 guide region query size = 59333.
[INFO DRT-0036] mcon guide region query size = 0.
[INFO DRT-0036] met1 guide region query size = 40277.
[INFO DRT-0036] via guide region query size = 0.
[INFO DRT-0036] met2 guide region query size = 17347.
[INFO DRT-0036] via2 guide region query size = 0.
[INFO DRT-0036] met3 guide region query size = 1083.
[INFO DRT-0036] via3 guide region query size = 0.
[INFO DRT-0036] met4 guide region query size = 455.
[INFO DRT-0036] via4 guide region query size = 0.
[INFO DRT-0036] met5 guide region query size = 0.
[INFO DRT-0179] Init gr pin query.
[INFO RCX-0431] Defined process_corner X with ext_model_index 0
[INFO RCX-0029] Defined extraction corner X
[INFO RCX-0435] Reading extraction model file /home/peweaver-user/Documents/chialoop/chia/examples/peweaver/physical/pdk/sky130hd/rcx_patterns.rules ...
[INFO RCX-0436] RC segment generation peweaver_ppa_fft128 (max_merge_res 50.0) ...
[INFO RCX-0040] Final 87551 rc segments
[INFO RCX-0439] Coupling Cap extraction peweaver_ppa_fft128 ...
[INFO RCX-0440] Coupling threshhold is 0.1000 fF, coupling capacitance less than 0.1000 fF will be grounded.
[INFO RCX-0442] 54% of 179027 wires extracted
[INFO RCX-0442] 100% of 179027 wires extracted
[INFO RCX-0045] Extract 23943 nets, 111494 rsegs, 111494 caps, 187147 ccs
[INFO RCX-0443] 23943 nets finished
[WARNING STA-0305] read_power_activities is deprecated. Use read_vcd.
[WARNING STA-1452] clock core_clock vcd period 25.207 differs from SDC clock period 10.000
Annotated 74985 pin activities.
[WARNING STA-0305] read_power_activities is deprecated. Use read_vcd.
Annotated 74985 pin activities.
Design area 260477 u^2 48% utilization.
PEWEAVER_PHYSICAL_FLOW_DONE
run-physical.sh: stage 4 result assembly
assemble_results.py: wrote /home/peweaver-user/Documents/chialoop/chia/examples/peweaver/physical/results/fft128_baseline_sky130.json
  synth: 22617 cells, 218887.4 um2
  pnr:   31658 instances, 260477.0 um2, 48.0% util, wns(max)=0.122 ns, wns(min)=0.043 ns, timing_met=True
  power (streaming): total=36.1878 mW (internal=27.7393, switching=8.4483, leakage=0.000098)
  power (scenario):  total=37.0781 mW
  energy/FFT: 46.320 nJ; throughput: 0.7812 MFFT/s
  annotated pins: streaming=74985, scenario=74985
run-physical.sh: DONE — results/fft128_baseline_sky130.json
