run-physical.sh: verifying tool/PDK pins against tool-lock.json
run-physical.sh: tool binaries match tool-lock.json
run-physical.sh: pins verified (openroad/yosys/verilator/volare)
run-physical.sh: stage 1 synthesis (yosys -> sky130_fd_sc_hd)
filter_liberty.py: kept 392 cells, removed 36: sky130_fd_sc_hd__lpflow_bleeder_1, sky130_fd_sc_hd__lpflow_clkbufkapwr_1, sky130_fd_sc_hd__lpflow_clkbufkapwr_16, sky130_fd_sc_hd__lpflow_clkbufkapwr_2, sky130_fd_sc_hd__lpflow_clkbufkapwr_4, sky130_fd_sc_hd__lpflow_clkbufkapwr_8, sky130_fd_sc_hd__lpflow_clkinvkapwr_1, sky130_fd_sc_hd__lpflow_clkinvkapwr_16, sky130_fd_sc_hd__lpflow_clkinvkapwr_2, sky130_fd_sc_hd__lpflow_clkinvkapwr_4, sky130_fd_sc_hd__lpflow_clkinvkapwr_8, sky130_fd_sc_hd__lpflow_decapkapwr_12, sky130_fd_sc_hd__lpflow_decapkapwr_3, sky130_fd_sc_hd__lpflow_decapkapwr_4, sky130_fd_sc_hd__lpflow_decapkapwr_6, sky130_fd_sc_hd__lpflow_decapkapwr_8, sky130_fd_sc_hd__lpflow_inputiso0n_1, sky130_fd_sc_hd__lpflow_inputiso0p_1, sky130_fd_sc_hd__lpflow_inputiso1n_1, sky130_fd_sc_hd__lpflow_inputiso1p_1, sky130_fd_sc_hd__lpflow_inputisolatch_1, sky130_fd_sc_hd__lpflow_isobufsrc_1, sky130_fd_sc_hd__lpflow_isobufsrc_16, sky130_fd_sc_hd__lpflow_isobufsrc_2, sky130_fd_sc_hd__lpflow_isobufsrc_4, sky130_fd_sc_hd__lpflow_isobufsrc_8, sky130_fd_sc_hd__lpflow_isobufsrckapwr_16, sky130_fd_sc_hd__lpflow_lsbuf_lh_hl_isowell_tap_1, sky130_fd_sc_hd__lpflow_lsbuf_lh_hl_isowell_tap_2, sky130_fd_sc_hd__lpflow_lsbuf_lh_hl_isowell_tap_4, sky130_fd_sc_hd__lpflow_lsbuf_lh_isowell_4, sky130_fd_sc_hd__lpflow_lsbuf_lh_isowell_tap_1, sky130_fd_sc_hd__lpflow_lsbuf_lh_isowell_tap_2, sky130_fd_sc_hd__lpflow_lsbuf_lh_isowell_tap_4, sky130_fd_sc_hd__probe_p_8, sky130_fd_sc_hd__probec_p_8; wrote results/work/lib_tt_synth.lib

 /----------------------------------------------------------------------------\
 |  yosys -- Yosys Open SYnthesis Suite                                       |
 |  Copyright (C) 2012 - 2026  Claire Xenia Wolf <claire@yosyshq.com>         |
 |  Distributed under an ISC-like license, type "license" to see terms        |
 \----------------------------------------------------------------------------/
 Yosys 0.68+136 (git sha1 c30457480-dirty, Release, Clang /usr/bin/clang++ 21.1.8)

-- Executing script file `results/work/fft64_synth_run.ys' --

1. Executing Verilog-2005 frontend: ../benchmarks/halo_fft64_reference/peweaver_halo_fft64_reference.v
Parsing SystemVerilog input from `../benchmarks/halo_fft64_reference/peweaver_halo_fft64_reference.v' to AST representation.
Generating RTLIL representation for module `\peweaver_halo_fft64_reference'.
Successfully finished Verilog frontend.

2. Executing Verilog-2005 frontend: ../third_party/r22sdf/FFT64.v
Parsing SystemVerilog input from `../third_party/r22sdf/FFT64.v' to AST representation.
Generating RTLIL representation for module `\FFT'.
Successfully finished Verilog frontend.

3. Executing Verilog-2005 frontend: ../third_party/r22sdf/SdfUnit.v
Parsing SystemVerilog input from `../third_party/r22sdf/SdfUnit.v' to AST representation.
Generating RTLIL representation for module `\SdfUnit'.
Successfully finished Verilog frontend.

4. Executing Verilog-2005 frontend: ../third_party/r22sdf/SdfUnit2.v
Parsing SystemVerilog input from `../third_party/r22sdf/SdfUnit2.v' to AST representation.
Generating RTLIL representation for module `\SdfUnit2'.
Successfully finished Verilog frontend.

5. Executing Verilog-2005 frontend: ../third_party/r22sdf/Butterfly.v
Parsing SystemVerilog input from `../third_party/r22sdf/Butterfly.v' to AST representation.
Generating RTLIL representation for module `\Butterfly'.
Successfully finished Verilog frontend.

6. Executing Verilog-2005 frontend: ../third_party/r22sdf/DelayBuffer.v
Parsing SystemVerilog input from `../third_party/r22sdf/DelayBuffer.v' to AST representation.
Generating RTLIL representation for module `\DelayBuffer'.
Warning: Replacing memory \buf_im with list of registers. See ../third_party/r22sdf/DelayBuffer.v:23
Warning: Replacing memory \buf_re with list of registers. See ../third_party/r22sdf/DelayBuffer.v:22
Successfully finished Verilog frontend.

7. Executing Verilog-2005 frontend: ../third_party/r22sdf/Multiply.v
Parsing SystemVerilog input from `../third_party/r22sdf/Multiply.v' to AST representation.
Generating RTLIL representation for module `\Multiply'.
Successfully finished Verilog frontend.

8. Executing Verilog-2005 frontend: ../third_party/r22sdf/Twiddle64.v
Parsing SystemVerilog input from `../third_party/r22sdf/Twiddle64.v' to AST representation.
Generating RTLIL representation for module `\Twiddle'.
Successfully finished Verilog frontend.

9. Executing HIERARCHY pass (managing design hierarchy).

9.1. Analyzing design hierarchy..
Top module:  \peweaver_halo_fft64_reference
Used module:     \FFT
Used module:         \SdfUnit
Used module:             \Multiply
Used module:             \Twiddle
Used module:             \DelayBuffer
Used module:             \Butterfly
Parameter \WIDTH = 16

9.2. Executing AST frontend in derive mode using pre-parsed AST for module `\FFT'.
Parameter \WIDTH = 16
Generating RTLIL representation for module `$paramod\FFT\WIDTH=s32'00000000000000000000000000010000'.
Parameter \N = 64
Parameter \M = 4
Parameter \WIDTH = 16

9.3. Executing AST frontend in derive mode using pre-parsed AST for module `\SdfUnit'.
Parameter \N = 64
Parameter \M = 4
Parameter \WIDTH = 16
Generating RTLIL representation for module `$paramod$25bb70cf5a48aa945caa779105562d3b5b1e4265\SdfUnit'.
Parameter \N = 64
Parameter \M = 16
Parameter \WIDTH = 16

9.4. Executing AST frontend in derive mode using pre-parsed AST for module `\SdfUnit'.
Parameter \N = 64
Parameter \M = 16
Parameter \WIDTH = 16
Generating RTLIL representation for module `$paramod$e3b428dd0e3d22a099d4960bb16875dbfc951f1c\SdfUnit'.
Parameter \N = 64
Parameter \M = 64
Parameter \WIDTH = 16

9.5. Executing AST frontend in derive mode using pre-parsed AST for module `\SdfUnit'.
Parameter \N = 64
Parameter \M = 64
Parameter \WIDTH = 16
Generating RTLIL representation for module `$paramod$31b4a60d4c392c8032c765add59e3b1dd88721d8\SdfUnit'.
Parameter \WIDTH = 16

9.6. Executing AST frontend in derive mode using pre-parsed AST for module `\Multiply'.
Parameter \WIDTH = 16
Generating RTLIL representation for module `$paramod\Multiply\WIDTH=s32'00000000000000000000000000010000'.
Parameter \DEPTH = 16
Parameter \WIDTH = 16

9.7. Executing AST frontend in derive mode using pre-parsed AST for module `\DelayBuffer'.
Parameter \DEPTH = 16
Parameter \WIDTH = 16
Generating RTLIL representation for module `$paramod$c542f2cdb8cf3fb2f7011f6438933e7913c8a609\DelayBuffer'.
Warning: Replacing memory \buf_im with list of registers. See ../third_party/r22sdf/DelayBuffer.v:23
Warning: Replacing memory \buf_re with list of registers. See ../third_party/r22sdf/DelayBuffer.v:22
Parameter \WIDTH = 16
Parameter \RH = 1

9.8. Executing AST frontend in derive mode using pre-parsed AST for module `\Butterfly'.
Parameter \WIDTH = 16
Parameter \RH = 1
Generating RTLIL representation for module `$paramod$cc7e198dbe1c7d8352a2bac47477dedd9788e883\Butterfly'.
Parameter \DEPTH = 32
Parameter \WIDTH = 16

9.9. Executing AST frontend in derive mode using pre-parsed AST for module `\DelayBuffer'.
Parameter \DEPTH = 32
Parameter \WIDTH = 16
Generating RTLIL representation for module `$paramod$468b6055748c1a70021cd219779b5d26906274a5\DelayBuffer'.
Warning: Replacing memory \buf_im with list of registers. See ../third_party/r22sdf/DelayBuffer.v:23
Warning: Replacing memory \buf_re with list of registers. See ../third_party/r22sdf/DelayBuffer.v:22
Parameter \WIDTH = 16
Parameter \RH = 0

9.10. Executing AST frontend in derive mode using pre-parsed AST for module `\Butterfly'.
Parameter \WIDTH = 16
Parameter \RH = 0
Generating RTLIL representation for module `$paramod$5480229501c9659b6947fa834aa4fdab0727c259\Butterfly'.

9.11. Analyzing design hierarchy..
Top module:  \peweaver_halo_fft64_reference
Used module:     $paramod\FFT\WIDTH=s32'00000000000000000000000000010000
Used module:         \SdfUnit
Used module:             $paramod\Multiply\WIDTH=s32'00000000000000000000000000010000
Used module:             \Twiddle
Used module:             $paramod$c542f2cdb8cf3fb2f7011f6438933e7913c8a609\DelayBuffer
Used module:             $paramod$cc7e198dbe1c7d8352a2bac47477dedd9788e883\Butterfly
Used module:             $paramod$468b6055748c1a70021cd219779b5d26906274a5\DelayBuffer
Used module:             $paramod$5480229501c9659b6947fa834aa4fdab0727c259\Butterfly
Parameter \N = 64
Parameter \M = 4
Parameter \WIDTH = 16
Found cached RTLIL representation for module `$paramod$25bb70cf5a48aa945caa779105562d3b5b1e4265\SdfUnit'.
Parameter \N = 64
Parameter \M = 16
Parameter \WIDTH = 16
Found cached RTLIL representation for module `$paramod$e3b428dd0e3d22a099d4960bb16875dbfc951f1c\SdfUnit'.
Parameter \N = 64
Parameter \M = 64
Parameter \WIDTH = 16
Found cached RTLIL representation for module `$paramod$31b4a60d4c392c8032c765add59e3b1dd88721d8\SdfUnit'.

9.12. Analyzing design hierarchy..
Top module:  \peweaver_halo_fft64_reference
Used module:     $paramod\FFT\WIDTH=s32'00000000000000000000000000010000
Used module:         $paramod$25bb70cf5a48aa945caa779105562d3b5b1e4265\SdfUnit
Used module:             \Multiply
Used module:             \Twiddle
Used module:             \DelayBuffer
Used module:             \Butterfly
Used module:         $paramod$e3b428dd0e3d22a099d4960bb16875dbfc951f1c\SdfUnit
Used module:         $paramod$31b4a60d4c392c8032c765add59e3b1dd88721d8\SdfUnit
Parameter \WIDTH = 16
Found cached RTLIL representation for module `$paramod\Multiply\WIDTH=s32'00000000000000000000000000010000'.
Parameter \DEPTH = 1
Parameter \WIDTH = 16

9.13. Executing AST frontend in derive mode using pre-parsed AST for module `\DelayBuffer'.
Parameter \DEPTH = 1
Parameter \WIDTH = 16
Generating RTLIL representation for module `$paramod$17914cfb50699f154dc59f1c3f8fd47b6e195f44\DelayBuffer'.
Warning: Replacing memory \buf_im with list of registers. See ../third_party/r22sdf/DelayBuffer.v:26
Warning: Replacing memory \buf_re with list of registers. See ../third_party/r22sdf/DelayBuffer.v:25
Parameter \WIDTH = 16
Parameter \RH = 1
Found cached RTLIL representation for module `$paramod$cc7e198dbe1c7d8352a2bac47477dedd9788e883\Butterfly'.
Parameter \DEPTH = 2
Parameter \WIDTH = 16

9.14. Executing AST frontend in derive mode using pre-parsed AST for module `\DelayBuffer'.
Parameter \DEPTH = 2
Parameter \WIDTH = 16
Generating RTLIL representation for module `$paramod$e31bf182a78b6901a30a1eec46d5e35479708b24\DelayBuffer'.
Warning: Replacing memory \buf_im with list of registers. See ../third_party/r22sdf/DelayBuffer.v:23
Warning: Replacing memory \buf_re with list of registers. See ../third_party/r22sdf/DelayBuffer.v:22
Parameter \WIDTH = 16
Parameter \RH = 0
Found cached RTLIL representation for module `$paramod$5480229501c9659b6947fa834aa4fdab0727c259\Butterfly'.
Parameter \WIDTH = 16
Found cached RTLIL representation for module `$paramod\Multiply\WIDTH=s32'00000000000000000000000000010000'.
Parameter \DEPTH = 4
Parameter \WIDTH = 16

9.15. Executing AST frontend in derive mode using pre-parsed AST for module `\DelayBuffer'.
Parameter \DEPTH = 4
Parameter \WIDTH = 16
Generating RTLIL representation for module `$paramod$e8759a57fc147882a254734ce5d86afa730d93e5\DelayBuffer'.
Warning: Replacing memory \buf_im with list of registers. See ../third_party/r22sdf/DelayBuffer.v:23
Warning: Replacing memory \buf_re with list of registers. See ../third_party/r22sdf/DelayBuffer.v:22
Parameter \WIDTH = 16
Parameter \RH = 1
Found cached RTLIL representation for module `$paramod$cc7e198dbe1c7d8352a2bac47477dedd9788e883\Butterfly'.
Parameter \DEPTH = 8
Parameter \WIDTH = 16

9.16. Executing AST frontend in derive mode using pre-parsed AST for module `\DelayBuffer'.
Parameter \DEPTH = 8
Parameter \WIDTH = 16
Generating RTLIL representation for module `$paramod$520663d7382152bf6f78fc2a37b254cea736bbce\DelayBuffer'.
Warning: Replacing memory \buf_im with list of registers. See ../third_party/r22sdf/DelayBuffer.v:23
Warning: Replacing memory \buf_re with list of registers. See ../third_party/r22sdf/DelayBuffer.v:22
Parameter \WIDTH = 16
Parameter \RH = 0
Found cached RTLIL representation for module `$paramod$5480229501c9659b6947fa834aa4fdab0727c259\Butterfly'.
Parameter \WIDTH = 16
Found cached RTLIL representation for module `$paramod\Multiply\WIDTH=s32'00000000000000000000000000010000'.
Parameter \DEPTH = 16
Parameter \WIDTH = 16
Found cached RTLIL representation for module `$paramod$c542f2cdb8cf3fb2f7011f6438933e7913c8a609\DelayBuffer'.
Parameter \WIDTH = 16
Parameter \RH = 1
Found cached RTLIL representation for module `$paramod$cc7e198dbe1c7d8352a2bac47477dedd9788e883\Butterfly'.
Parameter \DEPTH = 32
Parameter \WIDTH = 16
Found cached RTLIL representation for module `$paramod$468b6055748c1a70021cd219779b5d26906274a5\DelayBuffer'.
Parameter \WIDTH = 16
Parameter \RH = 0
Found cached RTLIL representation for module `$paramod$5480229501c9659b6947fa834aa4fdab0727c259\Butterfly'.

9.17. Analyzing design hierarchy..
Top module:  \peweaver_halo_fft64_reference
Used module:     $paramod\FFT\WIDTH=s32'00000000000000000000000000010000
Used module:         $paramod$25bb70cf5a48aa945caa779105562d3b5b1e4265\SdfUnit
Used module:             $paramod\Multiply\WIDTH=s32'00000000000000000000000000010000
Used module:             \Twiddle
Used module:             $paramod$17914cfb50699f154dc59f1c3f8fd47b6e195f44\DelayBuffer
Used module:             $paramod$cc7e198dbe1c7d8352a2bac47477dedd9788e883\Butterfly
Used module:             $paramod$e31bf182a78b6901a30a1eec46d5e35479708b24\DelayBuffer
Used module:             $paramod$5480229501c9659b6947fa834aa4fdab0727c259\Butterfly
Used module:         $paramod$e3b428dd0e3d22a099d4960bb16875dbfc951f1c\SdfUnit
Used module:             $paramod$e8759a57fc147882a254734ce5d86afa730d93e5\DelayBuffer
Used module:             $paramod$520663d7382152bf6f78fc2a37b254cea736bbce\DelayBuffer
Used module:         $paramod$31b4a60d4c392c8032c765add59e3b1dd88721d8\SdfUnit
Used module:             $paramod$c542f2cdb8cf3fb2f7011f6438933e7913c8a609\DelayBuffer
Used module:             $paramod$468b6055748c1a70021cd219779b5d26906274a5\DelayBuffer

9.18. Analyzing design hierarchy..
Top module:  \peweaver_halo_fft64_reference
Used module:     $paramod\FFT\WIDTH=s32'00000000000000000000000000010000
Used module:         $paramod$25bb70cf5a48aa945caa779105562d3b5b1e4265\SdfUnit
Used module:             $paramod\Multiply\WIDTH=s32'00000000000000000000000000010000
Used module:             \Twiddle
Used module:             $paramod$17914cfb50699f154dc59f1c3f8fd47b6e195f44\DelayBuffer
Used module:             $paramod$cc7e198dbe1c7d8352a2bac47477dedd9788e883\Butterfly
Used module:             $paramod$e31bf182a78b6901a30a1eec46d5e35479708b24\DelayBuffer
Used module:             $paramod$5480229501c9659b6947fa834aa4fdab0727c259\Butterfly
Used module:         $paramod$e3b428dd0e3d22a099d4960bb16875dbfc951f1c\SdfUnit
Used module:             $paramod$e8759a57fc147882a254734ce5d86afa730d93e5\DelayBuffer
Used module:             $paramod$520663d7382152bf6f78fc2a37b254cea736bbce\DelayBuffer
Used module:         $paramod$31b4a60d4c392c8032c765add59e3b1dd88721d8\SdfUnit
Used module:             $paramod$c542f2cdb8cf3fb2f7011f6438933e7913c8a609\DelayBuffer
Used module:             $paramod$468b6055748c1a70021cd219779b5d26906274a5\DelayBuffer
Removing unused module `\Multiply'.
Removing unused module `\DelayBuffer'.
Removing unused module `\Butterfly'.
Removing unused module `\SdfUnit2'.
Removing unused module `\SdfUnit'.
Removing unused module `\FFT'.
Removed 6 unused modules.

10. Executing SYNTH pass.

10.1. Executing HIERARCHY pass (managing design hierarchy).

10.1.1. Analyzing design hierarchy..
Top module:  \peweaver_halo_fft64_reference
Used module:     $paramod\FFT\WIDTH=s32'00000000000000000000000000010000
Used module:         $paramod$25bb70cf5a48aa945caa779105562d3b5b1e4265\SdfUnit
Used module:             $paramod\Multiply\WIDTH=s32'00000000000000000000000000010000
Used module:             \Twiddle
Used module:             $paramod$17914cfb50699f154dc59f1c3f8fd47b6e195f44\DelayBuffer
Used module:             $paramod$cc7e198dbe1c7d8352a2bac47477dedd9788e883\Butterfly
Used module:             $paramod$e31bf182a78b6901a30a1eec46d5e35479708b24\DelayBuffer
Used module:             $paramod$5480229501c9659b6947fa834aa4fdab0727c259\Butterfly
Used module:         $paramod$e3b428dd0e3d22a099d4960bb16875dbfc951f1c\SdfUnit
Used module:             $paramod$e8759a57fc147882a254734ce5d86afa730d93e5\DelayBuffer
Used module:             $paramod$520663d7382152bf6f78fc2a37b254cea736bbce\DelayBuffer
Used module:         $paramod$31b4a60d4c392c8032c765add59e3b1dd88721d8\SdfUnit
Used module:             $paramod$c542f2cdb8cf3fb2f7011f6438933e7913c8a609\DelayBuffer
Used module:             $paramod$468b6055748c1a70021cd219779b5d26906274a5\DelayBuffer

10.1.2. Analyzing design hierarchy..
Top module:  \peweaver_halo_fft64_reference
Used module:     $paramod\FFT\WIDTH=s32'00000000000000000000000000010000
Used module:         $paramod$25bb70cf5a48aa945caa779105562d3b5b1e4265\SdfUnit
Used module:             $paramod\Multiply\WIDTH=s32'00000000000000000000000000010000
Used module:             \Twiddle
Used module:             $paramod$17914cfb50699f154dc59f1c3f8fd47b6e195f44\DelayBuffer
Used module:             $paramod$cc7e198dbe1c7d8352a2bac47477dedd9788e883\Butterfly
Used module:             $paramod$e31bf182a78b6901a30a1eec46d5e35479708b24\DelayBuffer
Used module:             $paramod$5480229501c9659b6947fa834aa4fdab0727c259\Butterfly
Used module:         $paramod$e3b428dd0e3d22a099d4960bb16875dbfc951f1c\SdfUnit
Used module:             $paramod$e8759a57fc147882a254734ce5d86afa730d93e5\DelayBuffer
Used module:             $paramod$520663d7382152bf6f78fc2a37b254cea736bbce\DelayBuffer
Used module:         $paramod$31b4a60d4c392c8032c765add59e3b1dd88721d8\SdfUnit
Used module:             $paramod$c542f2cdb8cf3fb2f7011f6438933e7913c8a609\DelayBuffer
Used module:             $paramod$468b6055748c1a70021cd219779b5d26906274a5\DelayBuffer
Removed 0 unused modules.

10.2. Executing PROC pass (convert processes to netlists).

10.2.1. Executing PROC_CLEAN pass (remove empty switches from decision trees).
Cleaned up 0 empty switches.

10.2.2. Executing PROC_RMDEAD pass (remove dead branches from decision trees).
Marked 1 switch rules as full_case in process $proc$../third_party/r22sdf/SdfUnit.v:264$395 in module $paramod$31b4a60d4c392c8032c765add59e3b1dd88721d8\SdfUnit.
Marked 1 switch rules as full_case in process $proc$../third_party/r22sdf/SdfUnit.v:219$385 in module $paramod$31b4a60d4c392c8032c765add59e3b1dd88721d8\SdfUnit.
Marked 1 switch rules as full_case in process $proc$../third_party/r22sdf/SdfUnit.v:199$375 in module $paramod$31b4a60d4c392c8032c765add59e3b1dd88721d8\SdfUnit.
Marked 1 switch rules as full_case in process $proc$../third_party/r22sdf/SdfUnit.v:142$357 in module $paramod$31b4a60d4c392c8032c765add59e3b1dd88721d8\SdfUnit.
Marked 1 switch rules as full_case in process $proc$../third_party/r22sdf/SdfUnit.v:103$343 in module $paramod$31b4a60d4c392c8032c765add59e3b1dd88721d8\SdfUnit.
Marked 1 switch rules as full_case in process $proc$../third_party/r22sdf/SdfUnit.v:264$340 in module $paramod$e3b428dd0e3d22a099d4960bb16875dbfc951f1c\SdfUnit.
Marked 1 switch rules as full_case in process $proc$../third_party/r22sdf/SdfUnit.v:219$330 in module $paramod$e3b428dd0e3d22a099d4960bb16875dbfc951f1c\SdfUnit.
Marked 1 switch rules as full_case in process $proc$../third_party/r22sdf/SdfUnit.v:199$320 in module $paramod$e3b428dd0e3d22a099d4960bb16875dbfc951f1c\SdfUnit.
Marked 1 switch rules as full_case in process $proc$../third_party/r22sdf/SdfUnit.v:142$302 in module $paramod$e3b428dd0e3d22a099d4960bb16875dbfc951f1c\SdfUnit.
Marked 1 switch rules as full_case in process $proc$../third_party/r22sdf/SdfUnit.v:103$288 in module $paramod$e3b428dd0e3d22a099d4960bb16875dbfc951f1c\SdfUnit.
Marked 1 switch rules as full_case in process $proc$../third_party/r22sdf/SdfUnit.v:264$285 in module $paramod$25bb70cf5a48aa945caa779105562d3b5b1e4265\SdfUnit.
Marked 1 switch rules as full_case in process $proc$../third_party/r22sdf/SdfUnit.v:219$275 in module $paramod$25bb70cf5a48aa945caa779105562d3b5b1e4265\SdfUnit.
Marked 1 switch rules as full_case in process $proc$../third_party/r22sdf/SdfUnit.v:199$265 in module $paramod$25bb70cf5a48aa945caa779105562d3b5b1e4265\SdfUnit.
Marked 1 switch rules as full_case in process $proc$../third_party/r22sdf/SdfUnit.v:142$247 in module $paramod$25bb70cf5a48aa945caa779105562d3b5b1e4265\SdfUnit.
Marked 1 switch rules as full_case in process $proc$../third_party/r22sdf/SdfUnit.v:103$233 in module $paramod$25bb70cf5a48aa945caa779105562d3b5b1e4265\SdfUnit.
Removed 1 dead cases from process $proc$../third_party/r22sdf/Twiddle64.v:21$100 in module Twiddle.
Marked 1 switch rules as full_case in process $proc$../third_party/r22sdf/Twiddle64.v:21$100 in module Twiddle.
Removed 1 dead cases from process $proc$../third_party/r22sdf/Twiddle64.v:20$97 in module Twiddle.
Marked 1 switch rules as full_case in process $proc$../third_party/r22sdf/Twiddle64.v:20$97 in module Twiddle.
Removed a total of 2 dead cases.

10.2.3. Executing PROC_PRUNE pass (remove redundant assignments in processes).
Removed 21 redundant assignments.
Promoted 291 assignments to connections.

10.2.4. Executing PROC_INIT pass (extract init attributes).

10.2.5. Executing PROC_ARST pass (detect async resets in processes).
Found async reset \reset in `$paramod$31b4a60d4c392c8032c765add59e3b1dd88721d8\SdfUnit.$proc$../third_party/r22sdf/SdfUnit.v:264$395'.
Found async reset \reset in `$paramod$31b4a60d4c392c8032c765add59e3b1dd88721d8\SdfUnit.$proc$../third_party/r22sdf/SdfUnit.v:219$385'.
Found async reset \reset in `$paramod$31b4a60d4c392c8032c765add59e3b1dd88721d8\SdfUnit.$proc$../third_party/r22sdf/SdfUnit.v:199$375'.
Found async reset \reset in `$paramod$31b4a60d4c392c8032c765add59e3b1dd88721d8\SdfUnit.$proc$../third_party/r22sdf/SdfUnit.v:142$357'.
Found async reset \reset in `$paramod$31b4a60d4c392c8032c765add59e3b1dd88721d8\SdfUnit.$proc$../third_party/r22sdf/SdfUnit.v:103$343'.
Found async reset \reset in `$paramod$e3b428dd0e3d22a099d4960bb16875dbfc951f1c\SdfUnit.$proc$../third_party/r22sdf/SdfUnit.v:264$340'.
Found async reset \reset in `$paramod$e3b428dd0e3d22a099d4960bb16875dbfc951f1c\SdfUnit.$proc$../third_party/r22sdf/SdfUnit.v:219$330'.
Found async reset \reset in `$paramod$e3b428dd0e3d22a099d4960bb16875dbfc951f1c\SdfUnit.$proc$../third_party/r22sdf/SdfUnit.v:199$320'.
Found async reset \reset in `$paramod$e3b428dd0e3d22a099d4960bb16875dbfc951f1c\SdfUnit.$proc$../third_party/r22sdf/SdfUnit.v:142$302'.
Found async reset \reset in `$paramod$e3b428dd0e3d22a099d4960bb16875dbfc951f1c\SdfUnit.$proc$../third_party/r22sdf/SdfUnit.v:103$288'.
Found async reset \reset in `$paramod$25bb70cf5a48aa945caa779105562d3b5b1e4265\SdfUnit.$proc$../third_party/r22sdf/SdfUnit.v:264$285'.
Found async reset \reset in `$paramod$25bb70cf5a48aa945caa779105562d3b5b1e4265\SdfUnit.$proc$../third_party/r22sdf/SdfUnit.v:219$275'.
Found async reset \reset in `$paramod$25bb70cf5a48aa945caa779105562d3b5b1e4265\SdfUnit.$proc$../third_party/r22sdf/SdfUnit.v:199$265'.
Found async reset \reset in `$paramod$25bb70cf5a48aa945caa779105562d3b5b1e4265\SdfUnit.$proc$../third_party/r22sdf/SdfUnit.v:142$247'.
Found async reset \reset in `$paramod$25bb70cf5a48aa945caa779105562d3b5b1e4265\SdfUnit.$proc$../third_party/r22sdf/SdfUnit.v:103$233'.

10.2.6. Executing PROC_ROM pass (convert switches to ROMs).
Converted 0 switches.
<suppressed ~2 debug messages>

10.2.7. Executing PROC_MUX pass (convert decision trees to multiplexers).
Creating decoders for process `$paramod$c542f2cdb8cf3fb2f7011f6438933e7913c8a609\DelayBuffer.$proc$../third_party/r22sdf/DelayBuffer.v:20$406'.
Creating decoders for process `$paramod$31b4a60d4c392c8032c765add59e3b1dd88721d8\SdfUnit.$proc$../third_party/r22sdf/SdfUnit.v:264$395'.
     1/1: $0\mu_do_en[0:0]
Creating decoders for process `$paramod$31b4a60d4c392c8032c765add59e3b1dd88721d8\SdfUnit.$proc$../third_party/r22sdf/SdfUnit.v:259$392'.
Creating decoders for process `$paramod$31b4a60d4c392c8032c765add59e3b1dd88721d8\SdfUnit.$proc$../third_party/r22sdf/SdfUnit.v:243$388'.
Creating decoders for process `$paramod$31b4a60d4c392c8032c765add59e3b1dd88721d8\SdfUnit.$proc$../third_party/r22sdf/SdfUnit.v:219$385'.
     1/1: $0\bf2_do_en[0:0]
Creating decoders for process `$paramod$31b4a60d4c392c8032c765add59e3b1dd88721d8\SdfUnit.$proc$../third_party/r22sdf/SdfUnit.v:214$384'.
Creating decoders for process `$paramod$31b4a60d4c392c8032c765add59e3b1dd88721d8\SdfUnit.$proc$../third_party/r22sdf/SdfUnit.v:209$380'.
Creating decoders for process `$paramod$31b4a60d4c392c8032c765add59e3b1dd88721d8\SdfUnit.$proc$../third_party/r22sdf/SdfUnit.v:199$375'.
     1/2: $0\bf2_count[5:0]
     2/2: $0\bf2_sp_en[0:0]
Creating decoders for process `$paramod$31b4a60d4c392c8032c765add59e3b1dd88721d8\SdfUnit.$proc$../third_party/r22sdf/SdfUnit.v:163$366'.
Creating decoders for process `$paramod$31b4a60d4c392c8032c765add59e3b1dd88721d8\SdfUnit.$proc$../third_party/r22sdf/SdfUnit.v:155$365'.
Creating decoders for process `$paramod$31b4a60d4c392c8032c765add59e3b1dd88721d8\SdfUnit.$proc$../third_party/r22sdf/SdfUnit.v:142$357'.
     1/2: $0\bf1_count[5:0]
     2/2: $0\bf1_sp_en[0:0]
Creating decoders for process `$paramod$31b4a60d4c392c8032c765add59e3b1dd88721d8\SdfUnit.$proc$../third_party/r22sdf/SdfUnit.v:103$343'.
     1/1: $0\di_count[5:0]
Creating decoders for process `$paramod$e3b428dd0e3d22a099d4960bb16875dbfc951f1c\SdfUnit.$proc$../third_party/r22sdf/SdfUnit.v:264$340'.
     1/1: $0\mu_do_en[0:0]
Creating decoders for process `$paramod$e3b428dd0e3d22a099d4960bb16875dbfc951f1c\SdfUnit.$proc$../third_party/r22sdf/SdfUnit.v:259$337'.
Creating decoders for process `$paramod$e3b428dd0e3d22a099d4960bb16875dbfc951f1c\SdfUnit.$proc$../third_party/r22sdf/SdfUnit.v:243$333'.
Creating decoders for process `$paramod$e3b428dd0e3d22a099d4960bb16875dbfc951f1c\SdfUnit.$proc$../third_party/r22sdf/SdfUnit.v:219$330'.
     1/1: $0\bf2_do_en[0:0]
Creating decoders for process `$paramod$e3b428dd0e3d22a099d4960bb16875dbfc951f1c\SdfUnit.$proc$../third_party/r22sdf/SdfUnit.v:214$329'.
Creating decoders for process `$paramod$e3b428dd0e3d22a099d4960bb16875dbfc951f1c\SdfUnit.$proc$../third_party/r22sdf/SdfUnit.v:209$325'.
Creating decoders for process `$paramod$e3b428dd0e3d22a099d4960bb16875dbfc951f1c\SdfUnit.$proc$../third_party/r22sdf/SdfUnit.v:199$320'.
     1/2: $0\bf2_count[5:0]
     2/2: $0\bf2_sp_en[0:0]
Creating decoders for process `$paramod$e3b428dd0e3d22a099d4960bb16875dbfc951f1c\SdfUnit.$proc$../third_party/r22sdf/SdfUnit.v:163$311'.
Creating decoders for process `$paramod$e3b428dd0e3d22a099d4960bb16875dbfc951f1c\SdfUnit.$proc$../third_party/r22sdf/SdfUnit.v:155$310'.
Creating decoders for process `$paramod$e3b428dd0e3d22a099d4960bb16875dbfc951f1c\SdfUnit.$proc$../third_party/r22sdf/SdfUnit.v:142$302'.
     1/2: $0\bf1_count[5:0]
     2/2: $0\bf1_sp_en[0:0]
Creating decoders for process `$paramod$e3b428dd0e3d22a099d4960bb16875dbfc951f1c\SdfUnit.$proc$../third_party/r22sdf/SdfUnit.v:103$288'.
     1/1: $0\di_count[5:0]
Creating decoders for process `$paramod$25bb70cf5a48aa945caa779105562d3b5b1e4265\SdfUnit.$proc$../third_party/r22sdf/SdfUnit.v:264$285'.
     1/1: $0\mu_do_en[0:0]
Creating decoders for process `$paramod$25bb70cf5a48aa945caa779105562d3b5b1e4265\SdfUnit.$proc$../third_party/r22sdf/SdfUnit.v:259$282'.
Creating decoders for process `$paramod$25bb70cf5a48aa945caa779105562d3b5b1e4265\SdfUnit.$proc$../third_party/r22sdf/SdfUnit.v:243$278'.
Creating decoders for process `$paramod$25bb70cf5a48aa945caa779105562d3b5b1e4265\SdfUnit.$proc$../third_party/r22sdf/SdfUnit.v:219$275'.
     1/1: $0\bf2_do_en[0:0]
Creating decoders for process `$paramod$25bb70cf5a48aa945caa779105562d3b5b1e4265\SdfUnit.$proc$../third_party/r22sdf/SdfUnit.v:214$274'.
Creating decoders for process `$paramod$25bb70cf5a48aa945caa779105562d3b5b1e4265\SdfUnit.$proc$../third_party/r22sdf/SdfUnit.v:209$270'.
Creating decoders for process `$paramod$25bb70cf5a48aa945caa779105562d3b5b1e4265\SdfUnit.$proc$../third_party/r22sdf/SdfUnit.v:199$265'.
     1/2: $0\bf2_count[5:0]
     2/2: $0\bf2_sp_en[0:0]
Creating decoders for process `$paramod$25bb70cf5a48aa945caa779105562d3b5b1e4265\SdfUnit.$proc$../third_party/r22sdf/SdfUnit.v:163$256'.
Creating decoders for process `$paramod$25bb70cf5a48aa945caa779105562d3b5b1e4265\SdfUnit.$proc$../third_party/r22sdf/SdfUnit.v:155$255'.
Creating decoders for process `$paramod$25bb70cf5a48aa945caa779105562d3b5b1e4265\SdfUnit.$proc$../third_party/r22sdf/SdfUnit.v:142$247'.
     1/2: $0\bf1_count[5:0]
     2/2: $0\bf1_sp_en[0:0]
Creating decoders for process `$paramod$25bb70cf5a48aa945caa779105562d3b5b1e4265\SdfUnit.$proc$../third_party/r22sdf/SdfUnit.v:103$233'.
     1/1: $0\di_count[5:0]
Creating decoders for process `\Twiddle.$proc$../third_party/r22sdf/Twiddle64.v:102$230'.
Creating decoders for process `\Twiddle.$proc$../third_party/r22sdf/Twiddle64.v:102$229'.
Creating decoders for process `\Twiddle.$proc$../third_party/r22sdf/Twiddle64.v:101$228'.
Creating decoders for process `\Twiddle.$proc$../third_party/r22sdf/Twiddle64.v:101$227'.
Creating decoders for process `\Twiddle.$proc$../third_party/r22sdf/Twiddle64.v:100$226'.
Creating decoders for process `\Twiddle.$proc$../third_party/r22sdf/Twiddle64.v:100$225'.
Creating decoders for process `\Twiddle.$proc$../third_party/r22sdf/Twiddle64.v:99$224'.
Creating decoders for process `\Twiddle.$proc$../third_party/r22sdf/Twiddle64.v:99$223'.
Creating decoders for process `\Twiddle.$proc$../third_party/r22sdf/Twiddle64.v:98$222'.
Creating decoders for process `\Twiddle.$proc$../third_party/r22sdf/Twiddle64.v:98$221'.
Creating decoders for process `\Twiddle.$proc$../third_party/r22sdf/Twiddle64.v:97$220'.
Creating decoders for process `\Twiddle.$proc$../third_party/r22sdf/Twiddle64.v:97$219'.
Creating decoders for process `\Twiddle.$proc$../third_party/r22sdf/Twiddle64.v:96$218'.
Creating decoders for process `\Twiddle.$proc$../third_party/r22sdf/Twiddle64.v:96$217'.
Creating decoders for process `\Twiddle.$proc$../third_party/r22sdf/Twiddle64.v:95$216'.
Creating decoders for process `\Twiddle.$proc$../third_party/r22sdf/Twiddle64.v:95$215'.
Creating decoders for process `\Twiddle.$proc$../third_party/r22sdf/Twiddle64.v:94$214'.
Creating decoders for process `\Twiddle.$proc$../third_party/r22sdf/Twiddle64.v:94$213'.
Creating decoders for process `\Twiddle.$proc$../third_party/r22sdf/Twiddle64.v:93$212'.
Creating decoders for process `\Twiddle.$proc$../third_party/r22sdf/Twiddle64.v:93$211'.
Creating decoders for process `\Twiddle.$proc$../third_party/r22sdf/Twiddle64.v:92$210'.
Creating decoders for process `\Twiddle.$proc$../third_party/r22sdf/Twiddle64.v:92$209'.
Creating decoders for process `\Twiddle.$proc$../third_party/r22sdf/Twiddle64.v:91$208'.
Creating decoders for process `\Twiddle.$proc$../third_party/r22sdf/Twiddle64.v:91$207'.
Creating decoders for process `\Twiddle.$proc$../third_party/r22sdf/Twiddle64.v:90$206'.
Creating decoders for process `\Twiddle.$proc$../third_party/r22sdf/Twiddle64.v:90$205'.
Creating decoders for process `\Twiddle.$proc$../third_party/r22sdf/Twiddle64.v:89$204'.
Creating decoders for process `\Twiddle.$proc$../third_party/r22sdf/Twiddle64.v:89$203'.
Creating decoders for process `\Twiddle.$proc$../third_party/r22sdf/Twiddle64.v:88$202'.
Creating decoders for process `\Twiddle.$proc$../third_party/r22sdf/Twiddle64.v:88$201'.
Creating decoders for process `\Twiddle.$proc$../third_party/r22sdf/Twiddle64.v:87$200'.
Creating decoders for process `\Twiddle.$proc$../third_party/r22sdf/Twiddle64.v:87$199'.
Creating decoders for process `\Twiddle.$proc$../third_party/r22sdf/Twiddle64.v:86$198'.
Creating decoders for process `\Twiddle.$proc$../third_party/r22sdf/Twiddle64.v:86$197'.
Creating decoders for process `\Twiddle.$proc$../third_party/r22sdf/Twiddle64.v:85$196'.
Creating decoders for process `\Twiddle.$proc$../third_party/r22sdf/Twiddle64.v:85$195'.
Creating decoders for process `\Twiddle.$proc$../third_party/r22sdf/Twiddle64.v:84$194'.
Creating decoders for process `\Twiddle.$proc$../third_party/r22sdf/Twiddle64.v:84$193'.
Creating decoders for process `\Twiddle.$proc$../third_party/r22sdf/Twiddle64.v:83$192'.
Creating decoders for process `\Twiddle.$proc$../third_party/r22sdf/Twiddle64.v:83$191'.
Creating decoders for process `\Twiddle.$proc$../third_party/r22sdf/Twiddle64.v:82$190'.
Creating decoders for process `\Twiddle.$proc$../third_party/r22sdf/Twiddle64.v:82$189'.
Creating decoders for process `\Twiddle.$proc$../third_party/r22sdf/Twiddle64.v:81$188'.
Creating decoders for process `\Twiddle.$proc$../third_party/r22sdf/Twiddle64.v:81$187'.
Creating decoders for process `\Twiddle.$proc$../third_party/r22sdf/Twiddle64.v:80$186'.
Creating decoders for process `\Twiddle.$proc$../third_party/r22sdf/Twiddle64.v:80$185'.
Creating decoders for process `\Twiddle.$proc$../third_party/r22sdf/Twiddle64.v:79$184'.
Creating decoders for process `\Twiddle.$proc$../third_party/r22sdf/Twiddle64.v:79$183'.
Creating decoders for process `\Twiddle.$proc$../third_party/r22sdf/Twiddle64.v:78$182'.
Creating decoders for process `\Twiddle.$proc$../third_party/r22sdf/Twiddle64.v:78$181'.
Creating decoders for process `\Twiddle.$proc$../third_party/r22sdf/Twiddle64.v:77$180'.
Creating decoders for process `\Twiddle.$proc$../third_party/r22sdf/Twiddle64.v:77$179'.
Creating decoders for process `\Twiddle.$proc$../third_party/r22sdf/Twiddle64.v:76$178'.
Creating decoders for process `\Twiddle.$proc$../third_party/r22sdf/Twiddle64.v:76$177'.
Creating decoders for process `\Twiddle.$proc$../third_party/r22sdf/Twiddle64.v:75$176'.
Creating decoders for process `\Twiddle.$proc$../third_party/r22sdf/Twiddle64.v:75$175'.
Creating decoders for process `\Twiddle.$proc$../third_party/r22sdf/Twiddle64.v:74$174'.
Creating decoders for process `\Twiddle.$proc$../third_party/r22sdf/Twiddle64.v:74$173'.
Creating decoders for process `\Twiddle.$proc$../third_party/r22sdf/Twiddle64.v:73$172'.
Creating decoders for process `\Twiddle.$proc$../third_party/r22sdf/Twiddle64.v:73$171'.
Creating decoders for process `\Twiddle.$proc$../third_party/r22sdf/Twiddle64.v:72$170'.
Creating decoders for process `\Twiddle.$proc$../third_party/r22sdf/Twiddle64.v:72$169'.
Creating decoders for process `\Twiddle.$proc$../third_party/r22sdf/Twiddle64.v:71$168'.
Creating decoders for process `\Twiddle.$proc$../third_party/r22sdf/Twiddle64.v:71$167'.
Creating decoders for process `\Twiddle.$proc$../third_party/r22sdf/Twiddle64.v:70$166'.
Creating decoders for process `\Twiddle.$proc$../third_party/r22sdf/Twiddle64.v:70$165'.
Creating decoders for process `\Twiddle.$proc$../third_party/r22sdf/Twiddle64.v:69$164'.
Creating decoders for process `\Twiddle.$proc$../third_party/r22sdf/Twiddle64.v:69$163'.
Creating decoders for process `\Twiddle.$proc$../third_party/r22sdf/Twiddle64.v:68$162'.
Creating decoders for process `\Twiddle.$proc$../third_party/r22sdf/Twiddle64.v:68$161'.
Creating decoders for process `\Twiddle.$proc$../third_party/r22sdf/Twiddle64.v:67$160'.
Creating decoders for process `\Twiddle.$proc$../third_party/r22sdf/Twiddle64.v:67$159'.
Creating decoders for process `\Twiddle.$proc$../third_party/r22sdf/Twiddle64.v:66$158'.
Creating decoders for process `\Twiddle.$proc$../third_party/r22sdf/Twiddle64.v:66$157'.
Creating decoders for process `\Twiddle.$proc$../third_party/r22sdf/Twiddle64.v:65$156'.
Creating decoders for process `\Twiddle.$proc$../third_party/r22sdf/Twiddle64.v:65$155'.
Creating decoders for process `\Twiddle.$proc$../third_party/r22sdf/Twiddle64.v:64$154'.
Creating decoders for process `\Twiddle.$proc$../third_party/r22sdf/Twiddle64.v:64$153'.
Creating decoders for process `\Twiddle.$proc$../third_party/r22sdf/Twiddle64.v:63$152'.
Creating decoders for process `\Twiddle.$proc$../third_party/r22sdf/Twiddle64.v:63$151'.
Creating decoders for process `\Twiddle.$proc$../third_party/r22sdf/Twiddle64.v:62$150'.
Creating decoders for process `\Twiddle.$proc$../third_party/r22sdf/Twiddle64.v:62$149'.
Creating decoders for process `\Twiddle.$proc$../third_party/r22sdf/Twiddle64.v:61$148'.
Creating decoders for process `\Twiddle.$proc$../third_party/r22sdf/Twiddle64.v:61$147'.
Creating decoders for process `\Twiddle.$proc$../third_party/r22sdf/Twiddle64.v:60$146'.
Creating decoders for process `\Twiddle.$proc$../third_party/r22sdf/Twiddle64.v:60$145'.
Creating decoders for process `\Twiddle.$proc$../third_party/r22sdf/Twiddle64.v:59$144'.
Creating decoders for process `\Twiddle.$proc$../third_party/r22sdf/Twiddle64.v:59$143'.
Creating decoders for process `\Twiddle.$proc$../third_party/r22sdf/Twiddle64.v:58$142'.
Creating decoders for process `\Twiddle.$proc$../third_party/r22sdf/Twiddle64.v:58$141'.
Creating decoders for process `\Twiddle.$proc$../third_party/r22sdf/Twiddle64.v:57$140'.
Creating decoders for process `\Twiddle.$proc$../third_party/r22sdf/Twiddle64.v:57$139'.
Creating decoders for process `\Twiddle.$proc$../third_party/r22sdf/Twiddle64.v:56$138'.
Creating decoders for process `\Twiddle.$proc$../third_party/r22sdf/Twiddle64.v:56$137'.
Creating decoders for process `\Twiddle.$proc$../third_party/r22sdf/Twiddle64.v:55$136'.
Creating decoders for process `\Twiddle.$proc$../third_party/r22sdf/Twiddle64.v:55$135'.
Creating decoders for process `\Twiddle.$proc$../third_party/r22sdf/Twiddle64.v:54$134'.
Creating decoders for process `\Twiddle.$proc$../third_party/r22sdf/Twiddle64.v:54$133'.
Creating decoders for process `\Twiddle.$proc$../third_party/r22sdf/Twiddle64.v:53$132'.
Creating decoders for process `\Twiddle.$proc$../third_party/r22sdf/Twiddle64.v:53$131'.
Creating decoders for process `\Twiddle.$proc$../third_party/r22sdf/Twiddle64.v:52$130'.
Creating decoders for process `\Twiddle.$proc$../third_party/r22sdf/Twiddle64.v:52$129'.
Creating decoders for process `\Twiddle.$proc$../third_party/r22sdf/Twiddle64.v:51$128'.
Creating decoders for process `\Twiddle.$proc$../third_party/r22sdf/Twiddle64.v:51$127'.
Creating decoders for process `\Twiddle.$proc$../third_party/r22sdf/Twiddle64.v:50$126'.
Creating decoders for process `\Twiddle.$proc$../third_party/r22sdf/Twiddle64.v:50$125'.
Creating decoders for process `\Twiddle.$proc$../third_party/r22sdf/Twiddle64.v:49$124'.
Creating decoders for process `\Twiddle.$proc$../third_party/r22sdf/Twiddle64.v:49$123'.
Creating decoders for process `\Twiddle.$proc$../third_party/r22sdf/Twiddle64.v:48$122'.
Creating decoders for process `\Twiddle.$proc$../third_party/r22sdf/Twiddle64.v:48$121'.
Creating decoders for process `\Twiddle.$proc$../third_party/r22sdf/Twiddle64.v:47$120'.
Creating decoders for process `\Twiddle.$proc$../third_party/r22sdf/Twiddle64.v:47$119'.
Creating decoders for process `\Twiddle.$proc$../third_party/r22sdf/Twiddle64.v:46$118'.
Creating decoders for process `\Twiddle.$proc$../third_party/r22sdf/Twiddle64.v:46$117'.
Creating decoders for process `\Twiddle.$proc$../third_party/r22sdf/Twiddle64.v:45$116'.
Creating decoders for process `\Twiddle.$proc$../third_party/r22sdf/Twiddle64.v:45$115'.
Creating decoders for process `\Twiddle.$proc$../third_party/r22sdf/Twiddle64.v:44$114'.
Creating decoders for process `\Twiddle.$proc$../third_party/r22sdf/Twiddle64.v:44$113'.
Creating decoders for process `\Twiddle.$proc$../third_party/r22sdf/Twiddle64.v:43$112'.
Creating decoders for process `\Twiddle.$proc$../third_party/r22sdf/Twiddle64.v:43$111'.
Creating decoders for process `\Twiddle.$proc$../third_party/r22sdf/Twiddle64.v:42$110'.
Creating decoders for process `\Twiddle.$proc$../third_party/r22sdf/Twiddle64.v:42$109'.
Creating decoders for process `\Twiddle.$proc$../third_party/r22sdf/Twiddle64.v:41$108'.
Creating decoders for process `\Twiddle.$proc$../third_party/r22sdf/Twiddle64.v:41$107'.
Creating decoders for process `\Twiddle.$proc$../third_party/r22sdf/Twiddle64.v:40$106'.
Creating decoders for process `\Twiddle.$proc$../third_party/r22sdf/Twiddle64.v:40$105'.
Creating decoders for process `\Twiddle.$proc$../third_party/r22sdf/Twiddle64.v:39$104'.
Creating decoders for process `\Twiddle.$proc$../third_party/r22sdf/Twiddle64.v:39$103'.
Creating decoders for process `\Twiddle.$proc$../third_party/r22sdf/Twiddle64.v:21$100'.
     1/1: $1$mem2reg_rd$\wn_im$../third_party/r22sdf/Twiddle64.v:21$95_DATA[15:0]$102
Creating decoders for process `\Twiddle.$proc$../third_party/r22sdf/Twiddle64.v:20$97'.
     1/1: $1$mem2reg_rd$\wn_re$../third_party/r22sdf/Twiddle64.v:20$94_DATA[15:0]$99
Creating decoders for process `\Twiddle.$proc$../third_party/r22sdf/Twiddle64.v:23$96'.
Creating decoders for process `$paramod$520663d7382152bf6f78fc2a37b254cea736bbce\DelayBuffer.$proc$../third_party/r22sdf/DelayBuffer.v:20$435'.
Creating decoders for process `$paramod$e8759a57fc147882a254734ce5d86afa730d93e5\DelayBuffer.$proc$../third_party/r22sdf/DelayBuffer.v:20$434'.
Creating decoders for process `$paramod$e31bf182a78b6901a30a1eec46d5e35479708b24\DelayBuffer.$proc$../third_party/r22sdf/DelayBuffer.v:20$433'.
Creating decoders for process `$paramod$17914cfb50699f154dc59f1c3f8fd47b6e195f44\DelayBuffer.$proc$../third_party/r22sdf/DelayBuffer.v:20$432'.
Creating decoders for process `$paramod$468b6055748c1a70021cd219779b5d26906274a5\DelayBuffer.$proc$../third_party/r22sdf/DelayBuffer.v:20$419'.

10.2.8. Executing PROC_DLATCH pass (convert process syncs to latches).
No latch inferred for signal `\Twiddle.\wn_im[63]' from process `\Twiddle.$proc$../third_party/r22sdf/Twiddle64.v:102$230'.
No latch inferred for signal `\Twiddle.\wn_re[63]' from process `\Twiddle.$proc$../third_party/r22sdf/Twiddle64.v:102$229'.
No latch inferred for signal `\Twiddle.\wn_im[62]' from process `\Twiddle.$proc$../third_party/r22sdf/Twiddle64.v:101$228'.
No latch inferred for signal `\Twiddle.\wn_re[62]' from process `\Twiddle.$proc$../third_party/r22sdf/Twiddle64.v:101$227'.
No latch inferred for signal `\Twiddle.\wn_im[61]' from process `\Twiddle.$proc$../third_party/r22sdf/Twiddle64.v:100$226'.
No latch inferred for signal `\Twiddle.\wn_re[61]' from process `\Twiddle.$proc$../third_party/r22sdf/Twiddle64.v:100$225'.
No latch inferred for signal `\Twiddle.\wn_im[60]' from process `\Twiddle.$proc$../third_party/r22sdf/Twiddle64.v:99$224'.
No latch inferred for signal `\Twiddle.\wn_re[60]' from process `\Twiddle.$proc$../third_party/r22sdf/Twiddle64.v:99$223'.
No latch inferred for signal `\Twiddle.\wn_im[59]' from process `\Twiddle.$proc$../third_party/r22sdf/Twiddle64.v:98$222'.
No latch inferred for signal `\Twiddle.\wn_re[59]' from process `\Twiddle.$proc$../third_party/r22sdf/Twiddle64.v:98$221'.
No latch inferred for signal `\Twiddle.\wn_im[58]' from process `\Twiddle.$proc$../third_party/r22sdf/Twiddle64.v:97$220'.
No latch inferred for signal `\Twiddle.\wn_re[58]' from process `\Twiddle.$proc$../third_party/r22sdf/Twiddle64.v:97$219'.
No latch inferred for signal `\Twiddle.\wn_im[57]' from process `\Twiddle.$proc$../third_party/r22sdf/Twiddle64.v:96$218'.
No latch inferred for signal `\Twiddle.\wn_re[57]' from process `\Twiddle.$proc$../third_party/r22sdf/Twiddle64.v:96$217'.
No latch inferred for signal `\Twiddle.\wn_im[56]' from process `\Twiddle.$proc$../third_party/r22sdf/Twiddle64.v:95$216'.
No latch inferred for signal `\Twiddle.\wn_re[56]' from process `\Twiddle.$proc$../third_party/r22sdf/Twiddle64.v:95$215'.
No latch inferred for signal `\Twiddle.\wn_im[55]' from process `\Twiddle.$proc$../third_party/r22sdf/Twiddle64.v:94$214'.
No latch inferred for signal `\Twiddle.\wn_re[55]' from process `\Twiddle.$proc$../third_party/r22sdf/Twiddle64.v:94$213'.
No latch inferred for signal `\Twiddle.\wn_im[54]' from process `\Twiddle.$proc$../third_party/r22sdf/Twiddle64.v:93$212'.
No latch inferred for signal `\Twiddle.\wn_re[54]' from process `\Twiddle.$proc$../third_party/r22sdf/Twiddle64.v:93$211'.
No latch inferred for signal `\Twiddle.\wn_im[53]' from process `\Twiddle.$proc$../third_party/r22sdf/Twiddle64.v:92$210'.
No latch inferred for signal `\Twiddle.\wn_re[53]' from process `\Twiddle.$proc$../third_party/r22sdf/Twiddle64.v:92$209'.
No latch inferred for signal `\Twiddle.\wn_im[52]' from process `\Twiddle.$proc$../third_party/r22sdf/Twiddle64.v:91$208'.
No latch inferred for signal `\Twiddle.\wn_re[52]' from process `\Twiddle.$proc$../third_party/r22sdf/Twiddle64.v:91$207'.
No latch inferred for signal `\Twiddle.\wn_im[51]' from process `\Twiddle.$proc$../third_party/r22sdf/Twiddle64.v:90$206'.
No latch inferred for signal `\Twiddle.\wn_re[51]' from process `\Twiddle.$proc$../third_party/r22sdf/Twiddle64.v:90$205'.
No latch inferred for signal `\Twiddle.\wn_im[50]' from process `\Twiddle.$proc$../third_party/r22sdf/Twiddle64.v:89$204'.
No latch inferred for signal `\Twiddle.\wn_re[50]' from process `\Twiddle.$proc$../third_party/r22sdf/Twiddle64.v:89$203'.
No latch inferred for signal `\Twiddle.\wn_im[49]' from process `\Twiddle.$proc$../third_party/r22sdf/Twiddle64.v:88$202'.
No latch inferred for signal `\Twiddle.\wn_re[49]' from process `\Twiddle.$proc$../third_party/r22sdf/Twiddle64.v:88$201'.
No latch inferred for signal `\Twiddle.\wn_im[48]' from process `\Twiddle.$proc$../third_party/r22sdf/Twiddle64.v:87$200'.
No latch inferred for signal `\Twiddle.\wn_re[48]' from process `\Twiddle.$proc$../third_party/r22sdf/Twiddle64.v:87$199'.
No latch inferred for signal `\Twiddle.\wn_im[47]' from process `\Twiddle.$proc$../third_party/r22sdf/Twiddle64.v:86$198'.
No latch inferred for signal `\Twiddle.\wn_re[47]' from process `\Twiddle.$proc$../third_party/r22sdf/Twiddle64.v:86$197'.
No latch inferred for signal `\Twiddle.\wn_im[46]' from process `\Twiddle.$proc$../third_party/r22sdf/Twiddle64.v:85$196'.
No latch inferred for signal `\Twiddle.\wn_re[46]' from process `\Twiddle.$proc$../third_party/r22sdf/Twiddle64.v:85$195'.
No latch inferred for signal `\Twiddle.\wn_im[45]' from process `\Twiddle.$proc$../third_party/r22sdf/Twiddle64.v:84$194'.
No latch inferred for signal `\Twiddle.\wn_re[45]' from process `\Twiddle.$proc$../third_party/r22sdf/Twiddle64.v:84$193'.
No latch inferred for signal `\Twiddle.\wn_im[44]' from process `\Twiddle.$proc$../third_party/r22sdf/Twiddle64.v:83$192'.
No latch inferred for signal `\Twiddle.\wn_re[44]' from process `\Twiddle.$proc$../third_party/r22sdf/Twiddle64.v:83$191'.
No latch inferred for signal `\Twiddle.\wn_im[43]' from process `\Twiddle.$proc$../third_party/r22sdf/Twiddle64.v:82$190'.
No latch inferred for signal `\Twiddle.\wn_re[43]' from process `\Twiddle.$proc$../third_party/r22sdf/Twiddle64.v:82$189'.
No latch inferred for signal `\Twiddle.\wn_im[42]' from process `\Twiddle.$proc$../third_party/r22sdf/Twiddle64.v:81$188'.
No latch inferred for signal `\Twiddle.\wn_re[42]' from process `\Twiddle.$proc$../third_party/r22sdf/Twiddle64.v:81$187'.
No latch inferred for signal `\Twiddle.\wn_im[41]' from process `\Twiddle.$proc$../third_party/r22sdf/Twiddle64.v:80$186'.
No latch inferred for signal `\Twiddle.\wn_re[41]' from process `\Twiddle.$proc$../third_party/r22sdf/Twiddle64.v:80$185'.
No latch inferred for signal `\Twiddle.\wn_im[40]' from process `\Twiddle.$proc$../third_party/r22sdf/Twiddle64.v:79$184'.
No latch inferred for signal `\Twiddle.\wn_re[40]' from process `\Twiddle.$proc$../third_party/r22sdf/Twiddle64.v:79$183'.
No latch inferred for signal `\Twiddle.\wn_im[39]' from process `\Twiddle.$proc$../third_party/r22sdf/Twiddle64.v:78$182'.
No latch inferred for signal `\Twiddle.\wn_re[39]' from process `\Twiddle.$proc$../third_party/r22sdf/Twiddle64.v:78$181'.
No latch inferred for signal `\Twiddle.\wn_im[38]' from process `\Twiddle.$proc$../third_party/r22sdf/Twiddle64.v:77$180'.
No latch inferred for signal `\Twiddle.\wn_re[38]' from process `\Twiddle.$proc$../third_party/r22sdf/Twiddle64.v:77$179'.
No latch inferred for signal `\Twiddle.\wn_im[37]' from process `\Twiddle.$proc$../third_party/r22sdf/Twiddle64.v:76$178'.
No latch inferred for signal `\Twiddle.\wn_re[37]' from process `\Twiddle.$proc$../third_party/r22sdf/Twiddle64.v:76$177'.
No latch inferred for signal `\Twiddle.\wn_im[36]' from process `\Twiddle.$proc$../third_party/r22sdf/Twiddle64.v:75$176'.
No latch inferred for signal `\Twiddle.\wn_re[36]' from process `\Twiddle.$proc$../third_party/r22sdf/Twiddle64.v:75$175'.
No latch inferred for signal `\Twiddle.\wn_im[35]' from process `\Twiddle.$proc$../third_party/r22sdf/Twiddle64.v:74$174'.
No latch inferred for signal `\Twiddle.\wn_re[35]' from process `\Twiddle.$proc$../third_party/r22sdf/Twiddle64.v:74$173'.
No latch inferred for signal `\Twiddle.\wn_im[34]' from process `\Twiddle.$proc$../third_party/r22sdf/Twiddle64.v:73$172'.
No latch inferred for signal `\Twiddle.\wn_re[34]' from process `\Twiddle.$proc$../third_party/r22sdf/Twiddle64.v:73$171'.
No latch inferred for signal `\Twiddle.\wn_im[33]' from process `\Twiddle.$proc$../third_party/r22sdf/Twiddle64.v:72$170'.
No latch inferred for signal `\Twiddle.\wn_re[33]' from process `\Twiddle.$proc$../third_party/r22sdf/Twiddle64.v:72$169'.
No latch inferred for signal `\Twiddle.\wn_im[32]' from process `\Twiddle.$proc$../third_party/r22sdf/Twiddle64.v:71$168'.
No latch inferred for signal `\Twiddle.\wn_re[32]' from process `\Twiddle.$proc$../third_party/r22sdf/Twiddle64.v:71$167'.
No latch inferred for signal `\Twiddle.\wn_im[31]' from process `\Twiddle.$proc$../third_party/r22sdf/Twiddle64.v:70$166'.
No latch inferred for signal `\Twiddle.\wn_re[31]' from process `\Twiddle.$proc$../third_party/r22sdf/Twiddle64.v:70$165'.
No latch inferred for signal `\Twiddle.\wn_im[30]' from process `\Twiddle.$proc$../third_party/r22sdf/Twiddle64.v:69$164'.
No latch inferred for signal `\Twiddle.\wn_re[30]' from process `\Twiddle.$proc$../third_party/r22sdf/Twiddle64.v:69$163'.
No latch inferred for signal `\Twiddle.\wn_im[29]' from process `\Twiddle.$proc$../third_party/r22sdf/Twiddle64.v:68$162'.
No latch inferred for signal `\Twiddle.\wn_re[29]' from process `\Twiddle.$proc$../third_party/r22sdf/Twiddle64.v:68$161'.
No latch inferred for signal `\Twiddle.\wn_im[28]' from process `\Twiddle.$proc$../third_party/r22sdf/Twiddle64.v:67$160'.
No latch inferred for signal `\Twiddle.\wn_re[28]' from process `\Twiddle.$proc$../third_party/r22sdf/Twiddle64.v:67$159'.
No latch inferred for signal `\Twiddle.\wn_im[27]' from process `\Twiddle.$proc$../third_party/r22sdf/Twiddle64.v:66$158'.
No latch inferred for signal `\Twiddle.\wn_re[27]' from process `\Twiddle.$proc$../third_party/r22sdf/Twiddle64.v:66$157'.
No latch inferred for signal `\Twiddle.\wn_im[26]' from process `\Twiddle.$proc$../third_party/r22sdf/Twiddle64.v:65$156'.
No latch inferred for signal `\Twiddle.\wn_re[26]' from process `\Twiddle.$proc$../third_party/r22sdf/Twiddle64.v:65$155'.
No latch inferred for signal `\Twiddle.\wn_im[25]' from process `\Twiddle.$proc$../third_party/r22sdf/Twiddle64.v:64$154'.
No latch inferred for signal `\Twiddle.\wn_re[25]' from process `\Twiddle.$proc$../third_party/r22sdf/Twiddle64.v:64$153'.
No latch inferred for signal `\Twiddle.\wn_im[24]' from process `\Twiddle.$proc$../third_party/r22sdf/Twiddle64.v:63$152'.
No latch inferred for signal `\Twiddle.\wn_re[24]' from process `\Twiddle.$proc$../third_party/r22sdf/Twiddle64.v:63$151'.
No latch inferred for signal `\Twiddle.\wn_im[23]' from process `\Twiddle.$proc$../third_party/r22sdf/Twiddle64.v:62$150'.
No latch inferred for signal `\Twiddle.\wn_re[23]' from process `\Twiddle.$proc$../third_party/r22sdf/Twiddle64.v:62$149'.
No latch inferred for signal `\Twiddle.\wn_im[22]' from process `\Twiddle.$proc$../third_party/r22sdf/Twiddle64.v:61$148'.
No latch inferred for signal `\Twiddle.\wn_re[22]' from process `\Twiddle.$proc$../third_party/r22sdf/Twiddle64.v:61$147'.
No latch inferred for signal `\Twiddle.\wn_im[21]' from process `\Twiddle.$proc$../third_party/r22sdf/Twiddle64.v:60$146'.
No latch inferred for signal `\Twiddle.\wn_re[21]' from process `\Twiddle.$proc$../third_party/r22sdf/Twiddle64.v:60$145'.
No latch inferred for signal `\Twiddle.\wn_im[20]' from process `\Twiddle.$proc$../third_party/r22sdf/Twiddle64.v:59$144'.
No latch inferred for signal `\Twiddle.\wn_re[20]' from process `\Twiddle.$proc$../third_party/r22sdf/Twiddle64.v:59$143'.
No latch inferred for signal `\Twiddle.\wn_im[19]' from process `\Twiddle.$proc$../third_party/r22sdf/Twiddle64.v:58$142'.
No latch inferred for signal `\Twiddle.\wn_re[19]' from process `\Twiddle.$proc$../third_party/r22sdf/Twiddle64.v:58$141'.
No latch inferred for signal `\Twiddle.\wn_im[18]' from process `\Twiddle.$proc$../third_party/r22sdf/Twiddle64.v:57$140'.
No latch inferred for signal `\Twiddle.\wn_re[18]' from process `\Twiddle.$proc$../third_party/r22sdf/Twiddle64.v:57$139'.
No latch inferred for signal `\Twiddle.\wn_im[17]' from process `\Twiddle.$proc$../third_party/r22sdf/Twiddle64.v:56$138'.
No latch inferred for signal `\Twiddle.\wn_re[17]' from process `\Twiddle.$proc$../third_party/r22sdf/Twiddle64.v:56$137'.
No latch inferred for signal `\Twiddle.\wn_im[16]' from process `\Twiddle.$proc$../third_party/r22sdf/Twiddle64.v:55$136'.
No latch inferred for signal `\Twiddle.\wn_re[16]' from process `\Twiddle.$proc$../third_party/r22sdf/Twiddle64.v:55$135'.
No latch inferred for signal `\Twiddle.\wn_im[15]' from process `\Twiddle.$proc$../third_party/r22sdf/Twiddle64.v:54$134'.
No latch inferred for signal `\Twiddle.\wn_re[15]' from process `\Twiddle.$proc$../third_party/r22sdf/Twiddle64.v:54$133'.
No latch inferred for signal `\Twiddle.\wn_im[14]' from process `\Twiddle.$proc$../third_party/r22sdf/Twiddle64.v:53$132'.
No latch inferred for signal `\Twiddle.\wn_re[14]' from process `\Twiddle.$proc$../third_party/r22sdf/Twiddle64.v:53$131'.
No latch inferred for signal `\Twiddle.\wn_im[13]' from process `\Twiddle.$proc$../third_party/r22sdf/Twiddle64.v:52$130'.
No latch inferred for signal `\Twiddle.\wn_re[13]' from process `\Twiddle.$proc$../third_party/r22sdf/Twiddle64.v:52$129'.
No latch inferred for signal `\Twiddle.\wn_im[12]' from process `\Twiddle.$proc$../third_party/r22sdf/Twiddle64.v:51$128'.
No latch inferred for signal `\Twiddle.\wn_re[12]' from process `\Twiddle.$proc$../third_party/r22sdf/Twiddle64.v:51$127'.
No latch inferred for signal `\Twiddle.\wn_im[11]' from process `\Twiddle.$proc$../third_party/r22sdf/Twiddle64.v:50$126'.
No latch inferred for signal `\Twiddle.\wn_re[11]' from process `\Twiddle.$proc$../third_party/r22sdf/Twiddle64.v:50$125'.
No latch inferred for signal `\Twiddle.\wn_im[10]' from process `\Twiddle.$proc$../third_party/r22sdf/Twiddle64.v:49$124'.
No latch inferred for signal `\Twiddle.\wn_re[10]' from process `\Twiddle.$proc$../third_party/r22sdf/Twiddle64.v:49$123'.
No latch inferred for signal `\Twiddle.\wn_im[9]' from process `\Twiddle.$proc$../third_party/r22sdf/Twiddle64.v:48$122'.
No latch inferred for signal `\Twiddle.\wn_re[9]' from process `\Twiddle.$proc$../third_party/r22sdf/Twiddle64.v:48$121'.
No latch inferred for signal `\Twiddle.\wn_im[8]' from process `\Twiddle.$proc$../third_party/r22sdf/Twiddle64.v:47$120'.
No latch inferred for signal `\Twiddle.\wn_re[8]' from process `\Twiddle.$proc$../third_party/r22sdf/Twiddle64.v:47$119'.
No latch inferred for signal `\Twiddle.\wn_im[7]' from process `\Twiddle.$proc$../third_party/r22sdf/Twiddle64.v:46$118'.
No latch inferred for signal `\Twiddle.\wn_re[7]' from process `\Twiddle.$proc$../third_party/r22sdf/Twiddle64.v:46$117'.
No latch inferred for signal `\Twiddle.\wn_im[6]' from process `\Twiddle.$proc$../third_party/r22sdf/Twiddle64.v:45$116'.
No latch inferred for signal `\Twiddle.\wn_re[6]' from process `\Twiddle.$proc$../third_party/r22sdf/Twiddle64.v:45$115'.
No latch inferred for signal `\Twiddle.\wn_im[5]' from process `\Twiddle.$proc$../third_party/r22sdf/Twiddle64.v:44$114'.
No latch inferred for signal `\Twiddle.\wn_re[5]' from process `\Twiddle.$proc$../third_party/r22sdf/Twiddle64.v:44$113'.
No latch inferred for signal `\Twiddle.\wn_im[4]' from process `\Twiddle.$proc$../third_party/r22sdf/Twiddle64.v:43$112'.
No latch inferred for signal `\Twiddle.\wn_re[4]' from process `\Twiddle.$proc$../third_party/r22sdf/Twiddle64.v:43$111'.
No latch inferred for signal `\Twiddle.\wn_im[3]' from process `\Twiddle.$proc$../third_party/r22sdf/Twiddle64.v:42$110'.
No latch inferred for signal `\Twiddle.\wn_re[3]' from process `\Twiddle.$proc$../third_party/r22sdf/Twiddle64.v:42$109'.
No latch inferred for signal `\Twiddle.\wn_im[2]' from process `\Twiddle.$proc$../third_party/r22sdf/Twiddle64.v:41$108'.
No latch inferred for signal `\Twiddle.\wn_re[2]' from process `\Twiddle.$proc$../third_party/r22sdf/Twiddle64.v:41$107'.
No latch inferred for signal `\Twiddle.\wn_im[1]' from process `\Twiddle.$proc$../third_party/r22sdf/Twiddle64.v:40$106'.
No latch inferred for signal `\Twiddle.\wn_re[1]' from process `\Twiddle.$proc$../third_party/r22sdf/Twiddle64.v:40$105'.
No latch inferred for signal `\Twiddle.\wn_im[0]' from process `\Twiddle.$proc$../third_party/r22sdf/Twiddle64.v:39$104'.
No latch inferred for signal `\Twiddle.\wn_re[0]' from process `\Twiddle.$proc$../third_party/r22sdf/Twiddle64.v:39$103'.
No latch inferred for signal `\Twiddle.$mem2reg_rd$\wn_im$../third_party/r22sdf/Twiddle64.v:21$95_DATA' from process `\Twiddle.$proc$../third_party/r22sdf/Twiddle64.v:21$100'.
No latch inferred for signal `\Twiddle.$mem2reg_rd$\wn_re$../third_party/r22sdf/Twiddle64.v:20$94_DATA' from process `\Twiddle.$proc$../third_party/r22sdf/Twiddle64.v:20$97'.

10.2.9. Executing PROC_DFF pass (convert process syncs to FFs).
Creating register for signal `$paramod$c542f2cdb8cf3fb2f7011f6438933e7913c8a609\DelayBuffer.\n' using process `$paramod$c542f2cdb8cf3fb2f7011f6438933e7913c8a609\DelayBuffer.$proc$../third_party/r22sdf/DelayBuffer.v:20$406'.
  created $dff cell `$procdff$566' with positive edge clock.
Creating register for signal `$paramod$c542f2cdb8cf3fb2f7011f6438933e7913c8a609\DelayBuffer.\buf_re[0]' using process `$paramod$c542f2cdb8cf3fb2f7011f6438933e7913c8a609\DelayBuffer.$proc$../third_party/r22sdf/DelayBuffer.v:20$406'.
  created $dff cell `$procdff$567' with positive edge clock.
Creating register for signal `$paramod$c542f2cdb8cf3fb2f7011f6438933e7913c8a609\DelayBuffer.\buf_re[1]' using process `$paramod$c542f2cdb8cf3fb2f7011f6438933e7913c8a609\DelayBuffer.$proc$../third_party/r22sdf/DelayBuffer.v:20$406'.
  created $dff cell `$procdff$568' with positive edge clock.
Creating register for signal `$paramod$c542f2cdb8cf3fb2f7011f6438933e7913c8a609\DelayBuffer.\buf_re[2]' using process `$paramod$c542f2cdb8cf3fb2f7011f6438933e7913c8a609\DelayBuffer.$proc$../third_party/r22sdf/DelayBuffer.v:20$406'.
  created $dff cell `$procdff$569' with positive edge clock.
Creating register for signal `$paramod$c542f2cdb8cf3fb2f7011f6438933e7913c8a609\DelayBuffer.\buf_re[3]' using process `$paramod$c542f2cdb8cf3fb2f7011f6438933e7913c8a609\DelayBuffer.$proc$../third_party/r22sdf/DelayBuffer.v:20$406'.
  created $dff cell `$procdff$570' with positive edge clock.
Creating register for signal `$paramod$c542f2cdb8cf3fb2f7011f6438933e7913c8a609\DelayBuffer.\buf_re[4]' using process `$paramod$c542f2cdb8cf3fb2f7011f6438933e7913c8a609\DelayBuffer.$proc$../third_party/r22sdf/DelayBuffer.v:20$406'.
  created $dff cell `$procdff$571' with positive edge clock.
Creating register for signal `$paramod$c542f2cdb8cf3fb2f7011f6438933e7913c8a609\DelayBuffer.\buf_re[5]' using process `$paramod$c542f2cdb8cf3fb2f7011f6438933e7913c8a609\DelayBuffer.$proc$../third_party/r22sdf/DelayBuffer.v:20$406'.
  created $dff cell `$procdff$572' with positive edge clock.
Creating register for signal `$paramod$c542f2cdb8cf3fb2f7011f6438933e7913c8a609\DelayBuffer.\buf_re[6]' using process `$paramod$c542f2cdb8cf3fb2f7011f6438933e7913c8a609\DelayBuffer.$proc$../third_party/r22sdf/DelayBuffer.v:20$406'.
  created $dff cell `$procdff$573' with positive edge clock.
Creating register for signal `$paramod$c542f2cdb8cf3fb2f7011f6438933e7913c8a609\DelayBuffer.\buf_re[7]' using process `$paramod$c542f2cdb8cf3fb2f7011f6438933e7913c8a609\DelayBuffer.$proc$../third_party/r22sdf/DelayBuffer.v:20$406'.
  created $dff cell `$procdff$574' with positive edge clock.
Creating register for signal `$paramod$c542f2cdb8cf3fb2f7011f6438933e7913c8a609\DelayBuffer.\buf_re[8]' using process `$paramod$c542f2cdb8cf3fb2f7011f6438933e7913c8a609\DelayBuffer.$proc$../third_party/r22sdf/DelayBuffer.v:20$406'.
  created $dff cell `$procdff$575' with positive edge clock.
Creating register for signal `$paramod$c542f2cdb8cf3fb2f7011f6438933e7913c8a609\DelayBuffer.\buf_re[9]' using process `$paramod$c542f2cdb8cf3fb2f7011f6438933e7913c8a609\DelayBuffer.$proc$../third_party/r22sdf/DelayBuffer.v:20$406'.
  created $dff cell `$procdff$576' with positive edge clock.
Creating register for signal `$paramod$c542f2cdb8cf3fb2f7011f6438933e7913c8a609\DelayBuffer.\buf_re[10]' using process `$paramod$c542f2cdb8cf3fb2f7011f6438933e7913c8a609\DelayBuffer.$proc$../third_party/r22sdf/DelayBuffer.v:20$406'.
  created $dff cell `$procdff$577' with positive edge clock.
Creating register for signal `$paramod$c542f2cdb8cf3fb2f7011f6438933e7913c8a609\DelayBuffer.\buf_re[11]' using process `$paramod$c542f2cdb8cf3fb2f7011f6438933e7913c8a609\DelayBuffer.$proc$../third_party/r22sdf/DelayBuffer.v:20$406'.
  created $dff cell `$procdff$578' with positive edge clock.
Creating register for signal `$paramod$c542f2cdb8cf3fb2f7011f6438933e7913c8a609\DelayBuffer.\buf_re[12]' using process `$paramod$c542f2cdb8cf3fb2f7011f6438933e7913c8a609\DelayBuffer.$proc$../third_party/r22sdf/DelayBuffer.v:20$406'.
  created $dff cell `$procdff$579' with positive edge clock.
Creating register for signal `$paramod$c542f2cdb8cf3fb2f7011f6438933e7913c8a609\DelayBuffer.\buf_re[13]' using process `$paramod$c542f2cdb8cf3fb2f7011f6438933e7913c8a609\DelayBuffer.$proc$../third_party/r22sdf/DelayBuffer.v:20$406'.
  created $dff cell `$procdff$580' with positive edge clock.
Creating register for signal `$paramod$c542f2cdb8cf3fb2f7011f6438933e7913c8a609\DelayBuffer.\buf_re[14]' using process `$paramod$c542f2cdb8cf3fb2f7011f6438933e7913c8a609\DelayBuffer.$proc$../third_party/r22sdf/DelayBuffer.v:20$406'.
  created $dff cell `$procdff$581' with positive edge clock.
Creating register for signal `$paramod$c542f2cdb8cf3fb2f7011f6438933e7913c8a609\DelayBuffer.\buf_re[15]' using process `$paramod$c542f2cdb8cf3fb2f7011f6438933e7913c8a609\DelayBuffer.$proc$../third_party/r22sdf/DelayBuffer.v:20$406'.
  created $dff cell `$procdff$582' with positive edge clock.
Creating register for signal `$paramod$c542f2cdb8cf3fb2f7011f6438933e7913c8a609\DelayBuffer.\buf_im[0]' using process `$paramod$c542f2cdb8cf3fb2f7011f6438933e7913c8a609\DelayBuffer.$proc$../third_party/r22sdf/DelayBuffer.v:20$406'.
  created $dff cell `$procdff$583' with positive edge clock.
Creating register for signal `$paramod$c542f2cdb8cf3fb2f7011f6438933e7913c8a609\DelayBuffer.\buf_im[1]' using process `$paramod$c542f2cdb8cf3fb2f7011f6438933e7913c8a609\DelayBuffer.$proc$../third_party/r22sdf/DelayBuffer.v:20$406'.
  created $dff cell `$procdff$584' with positive edge clock.
Creating register for signal `$paramod$c542f2cdb8cf3fb2f7011f6438933e7913c8a609\DelayBuffer.\buf_im[2]' using process `$paramod$c542f2cdb8cf3fb2f7011f6438933e7913c8a609\DelayBuffer.$proc$../third_party/r22sdf/DelayBuffer.v:20$406'.
  created $dff cell `$procdff$585' with positive edge clock.
Creating register for signal `$paramod$c542f2cdb8cf3fb2f7011f6438933e7913c8a609\DelayBuffer.\buf_im[3]' using process `$paramod$c542f2cdb8cf3fb2f7011f6438933e7913c8a609\DelayBuffer.$proc$../third_party/r22sdf/DelayBuffer.v:20$406'.
  created $dff cell `$procdff$586' with positive edge clock.
Creating register for signal `$paramod$c542f2cdb8cf3fb2f7011f6438933e7913c8a609\DelayBuffer.\buf_im[4]' using process `$paramod$c542f2cdb8cf3fb2f7011f6438933e7913c8a609\DelayBuffer.$proc$../third_party/r22sdf/DelayBuffer.v:20$406'.
  created $dff cell `$procdff$587' with positive edge clock.
Creating register for signal `$paramod$c542f2cdb8cf3fb2f7011f6438933e7913c8a609\DelayBuffer.\buf_im[5]' using process `$paramod$c542f2cdb8cf3fb2f7011f6438933e7913c8a609\DelayBuffer.$proc$../third_party/r22sdf/DelayBuffer.v:20$406'.
  created $dff cell `$procdff$588' with positive edge clock.
Creating register for signal `$paramod$c542f2cdb8cf3fb2f7011f6438933e7913c8a609\DelayBuffer.\buf_im[6]' using process `$paramod$c542f2cdb8cf3fb2f7011f6438933e7913c8a609\DelayBuffer.$proc$../third_party/r22sdf/DelayBuffer.v:20$406'.
  created $dff cell `$procdff$589' with positive edge clock.
Creating register for signal `$paramod$c542f2cdb8cf3fb2f7011f6438933e7913c8a609\DelayBuffer.\buf_im[7]' using process `$paramod$c542f2cdb8cf3fb2f7011f6438933e7913c8a609\DelayBuffer.$proc$../third_party/r22sdf/DelayBuffer.v:20$406'.
  created $dff cell `$procdff$590' with positive edge clock.
Creating register for signal `$paramod$c542f2cdb8cf3fb2f7011f6438933e7913c8a609\DelayBuffer.\buf_im[8]' using process `$paramod$c542f2cdb8cf3fb2f7011f6438933e7913c8a609\DelayBuffer.$proc$../third_party/r22sdf/DelayBuffer.v:20$406'.
  created $dff cell `$procdff$591' with positive edge clock.
Creating register for signal `$paramod$c542f2cdb8cf3fb2f7011f6438933e7913c8a609\DelayBuffer.\buf_im[9]' using process `$paramod$c542f2cdb8cf3fb2f7011f6438933e7913c8a609\DelayBuffer.$proc$../third_party/r22sdf/DelayBuffer.v:20$406'.
  created $dff cell `$procdff$592' with positive edge clock.
Creating register for signal `$paramod$c542f2cdb8cf3fb2f7011f6438933e7913c8a609\DelayBuffer.\buf_im[10]' using process `$paramod$c542f2cdb8cf3fb2f7011f6438933e7913c8a609\DelayBuffer.$proc$../third_party/r22sdf/DelayBuffer.v:20$406'.
  created $dff cell `$procdff$593' with positive edge clock.
Creating register for signal `$paramod$c542f2cdb8cf3fb2f7011f6438933e7913c8a609\DelayBuffer.\buf_im[11]' using process `$paramod$c542f2cdb8cf3fb2f7011f6438933e7913c8a609\DelayBuffer.$proc$../third_party/r22sdf/DelayBuffer.v:20$406'.
  created $dff cell `$procdff$594' with positive edge clock.
Creating register for signal `$paramod$c542f2cdb8cf3fb2f7011f6438933e7913c8a609\DelayBuffer.\buf_im[12]' using process `$paramod$c542f2cdb8cf3fb2f7011f6438933e7913c8a609\DelayBuffer.$proc$../third_party/r22sdf/DelayBuffer.v:20$406'.
  created $dff cell `$procdff$595' with positive edge clock.
Creating register for signal `$paramod$c542f2cdb8cf3fb2f7011f6438933e7913c8a609\DelayBuffer.\buf_im[13]' using process `$paramod$c542f2cdb8cf3fb2f7011f6438933e7913c8a609\DelayBuffer.$proc$../third_party/r22sdf/DelayBuffer.v:20$406'.
  created $dff cell `$procdff$596' with positive edge clock.
Creating register for signal `$paramod$c542f2cdb8cf3fb2f7011f6438933e7913c8a609\DelayBuffer.\buf_im[14]' using process `$paramod$c542f2cdb8cf3fb2f7011f6438933e7913c8a609\DelayBuffer.$proc$../third_party/r22sdf/DelayBuffer.v:20$406'.
  created $dff cell `$procdff$597' with positive edge clock.
Creating register for signal `$paramod$c542f2cdb8cf3fb2f7011f6438933e7913c8a609\DelayBuffer.\buf_im[15]' using process `$paramod$c542f2cdb8cf3fb2f7011f6438933e7913c8a609\DelayBuffer.$proc$../third_party/r22sdf/DelayBuffer.v:20$406'.
  created $dff cell `$procdff$598' with positive edge clock.
Creating register for signal `$paramod$31b4a60d4c392c8032c765add59e3b1dd88721d8\SdfUnit.\mu_do_en' using process `$paramod$31b4a60d4c392c8032c765add59e3b1dd88721d8\SdfUnit.$proc$../third_party/r22sdf/SdfUnit.v:264$395'.
  created $adff cell `$procdff$601' with positive edge clock and positive level reset.
Creating register for signal `$paramod$31b4a60d4c392c8032c765add59e3b1dd88721d8\SdfUnit.\mu_do_re' using process `$paramod$31b4a60d4c392c8032c765add59e3b1dd88721d8\SdfUnit.$proc$../third_party/r22sdf/SdfUnit.v:259$392'.
  created $dff cell `$procdff$602' with positive edge clock.
Creating register for signal `$paramod$31b4a60d4c392c8032c765add59e3b1dd88721d8\SdfUnit.\mu_do_im' using process `$paramod$31b4a60d4c392c8032c765add59e3b1dd88721d8\SdfUnit.$proc$../third_party/r22sdf/SdfUnit.v:259$392'.
  created $dff cell `$procdff$603' with positive edge clock.
Creating register for signal `$paramod$31b4a60d4c392c8032c765add59e3b1dd88721d8\SdfUnit.\mu_en' using process `$paramod$31b4a60d4c392c8032c765add59e3b1dd88721d8\SdfUnit.$proc$../third_party/r22sdf/SdfUnit.v:243$388'.
  created $dff cell `$procdff$604' with positive edge clock.
Creating register for signal `$paramod$31b4a60d4c392c8032c765add59e3b1dd88721d8\SdfUnit.\bf2_do_en' using process `$paramod$31b4a60d4c392c8032c765add59e3b1dd88721d8\SdfUnit.$proc$../third_party/r22sdf/SdfUnit.v:219$385'.
  created $adff cell `$procdff$607' with positive edge clock and positive level reset.
Creating register for signal `$paramod$31b4a60d4c392c8032c765add59e3b1dd88721d8\SdfUnit.\bf2_do_re' using process `$paramod$31b4a60d4c392c8032c765add59e3b1dd88721d8\SdfUnit.$proc$../third_party/r22sdf/SdfUnit.v:214$384'.
  created $dff cell `$procdff$608' with positive edge clock.
Creating register for signal `$paramod$31b4a60d4c392c8032c765add59e3b1dd88721d8\SdfUnit.\bf2_do_im' using process `$paramod$31b4a60d4c392c8032c765add59e3b1dd88721d8\SdfUnit.$proc$../third_party/r22sdf/SdfUnit.v:214$384'.
  created $dff cell `$procdff$609' with positive edge clock.
Creating register for signal `$paramod$31b4a60d4c392c8032c765add59e3b1dd88721d8\SdfUnit.\bf2_start' using process `$paramod$31b4a60d4c392c8032c765add59e3b1dd88721d8\SdfUnit.$proc$../third_party/r22sdf/SdfUnit.v:209$380'.
  created $dff cell `$procdff$610' with positive edge clock.
Creating register for signal `$paramod$31b4a60d4c392c8032c765add59e3b1dd88721d8\SdfUnit.\bf2_sp_en' using process `$paramod$31b4a60d4c392c8032c765add59e3b1dd88721d8\SdfUnit.$proc$../third_party/r22sdf/SdfUnit.v:199$375'.
  created $adff cell `$procdff$613' with positive edge clock and positive level reset.
Creating register for signal `$paramod$31b4a60d4c392c8032c765add59e3b1dd88721d8\SdfUnit.\bf2_count' using process `$paramod$31b4a60d4c392c8032c765add59e3b1dd88721d8\SdfUnit.$proc$../third_party/r22sdf/SdfUnit.v:199$375'.
  created $adff cell `$procdff$616' with positive edge clock and positive level reset.
Creating register for signal `$paramod$31b4a60d4c392c8032c765add59e3b1dd88721d8\SdfUnit.\bf2_bf' using process `$paramod$31b4a60d4c392c8032c765add59e3b1dd88721d8\SdfUnit.$proc$../third_party/r22sdf/SdfUnit.v:163$366'.
  created $dff cell `$procdff$617' with positive edge clock.
Creating register for signal `$paramod$31b4a60d4c392c8032c765add59e3b1dd88721d8\SdfUnit.\bf1_do_re' using process `$paramod$31b4a60d4c392c8032c765add59e3b1dd88721d8\SdfUnit.$proc$../third_party/r22sdf/SdfUnit.v:155$365'.
  created $dff cell `$procdff$618' with positive edge clock.
Creating register for signal `$paramod$31b4a60d4c392c8032c765add59e3b1dd88721d8\SdfUnit.\bf1_do_im' using process `$paramod$31b4a60d4c392c8032c765add59e3b1dd88721d8\SdfUnit.$proc$../third_party/r22sdf/SdfUnit.v:155$365'.
  created $dff cell `$procdff$619' with positive edge clock.
Creating register for signal `$paramod$31b4a60d4c392c8032c765add59e3b1dd88721d8\SdfUnit.\bf1_sp_en' using process `$paramod$31b4a60d4c392c8032c765add59e3b1dd88721d8\SdfUnit.$proc$../third_party/r22sdf/SdfUnit.v:142$357'.
  created $adff cell `$procdff$622' with positive edge clock and positive level reset.
Creating register for signal `$paramod$31b4a60d4c392c8032c765add59e3b1dd88721d8\SdfUnit.\bf1_count' using process `$paramod$31b4a60d4c392c8032c765add59e3b1dd88721d8\SdfUnit.$proc$../third_party/r22sdf/SdfUnit.v:142$357'.
  created $adff cell `$procdff$625' with positive edge clock and positive level reset.
Creating register for signal `$paramod$31b4a60d4c392c8032c765add59e3b1dd88721d8\SdfUnit.\di_count' using process `$paramod$31b4a60d4c392c8032c765add59e3b1dd88721d8\SdfUnit.$proc$../third_party/r22sdf/SdfUnit.v:103$343'.
  created $adff cell `$procdff$628' with positive edge clock and positive level reset.
Creating register for signal `$paramod$e3b428dd0e3d22a099d4960bb16875dbfc951f1c\SdfUnit.\mu_do_en' using process `$paramod$e3b428dd0e3d22a099d4960bb16875dbfc951f1c\SdfUnit.$proc$../third_party/r22sdf/SdfUnit.v:264$340'.
  created $adff cell `$procdff$631' with positive edge clock and positive level reset.
Creating register for signal `$paramod$e3b428dd0e3d22a099d4960bb16875dbfc951f1c\SdfUnit.\mu_do_re' using process `$paramod$e3b428dd0e3d22a099d4960bb16875dbfc951f1c\SdfUnit.$proc$../third_party/r22sdf/SdfUnit.v:259$337'.
  created $dff cell `$procdff$632' with positive edge clock.
Creating register for signal `$paramod$e3b428dd0e3d22a099d4960bb16875dbfc951f1c\SdfUnit.\mu_do_im' using process `$paramod$e3b428dd0e3d22a099d4960bb16875dbfc951f1c\SdfUnit.$proc$../third_party/r22sdf/SdfUnit.v:259$337'.
  created $dff cell `$procdff$633' with positive edge clock.
Creating register for signal `$paramod$e3b428dd0e3d22a099d4960bb16875dbfc951f1c\SdfUnit.\mu_en' using process `$paramod$e3b428dd0e3d22a099d4960bb16875dbfc951f1c\SdfUnit.$proc$../third_party/r22sdf/SdfUnit.v:243$333'.
  created $dff cell `$procdff$634' with positive edge clock.
Creating register for signal `$paramod$e3b428dd0e3d22a099d4960bb16875dbfc951f1c\SdfUnit.\bf2_do_en' using process `$paramod$e3b428dd0e3d22a099d4960bb16875dbfc951f1c\SdfUnit.$proc$../third_party/r22sdf/SdfUnit.v:219$330'.
  created $adff cell `$procdff$637' with positive edge clock and positive level reset.
Creating register for signal `$paramod$e3b428dd0e3d22a099d4960bb16875dbfc951f1c\SdfUnit.\bf2_do_re' using process `$paramod$e3b428dd0e3d22a099d4960bb16875dbfc951f1c\SdfUnit.$proc$../third_party/r22sdf/SdfUnit.v:214$329'.
  created $dff cell `$procdff$638' with positive edge clock.
Creating register for signal `$paramod$e3b428dd0e3d22a099d4960bb16875dbfc951f1c\SdfUnit.\bf2_do_im' using process `$paramod$e3b428dd0e3d22a099d4960bb16875dbfc951f1c\SdfUnit.$proc$../third_party/r22sdf/SdfUnit.v:214$329'.
  created $dff cell `$procdff$639' with positive edge clock.
Creating register for signal `$paramod$e3b428dd0e3d22a099d4960bb16875dbfc951f1c\SdfUnit.\bf2_start' using process `$paramod$e3b428dd0e3d22a099d4960bb16875dbfc951f1c\SdfUnit.$proc$../third_party/r22sdf/SdfUnit.v:209$325'.
  created $dff cell `$procdff$640' with positive edge clock.
Creating register for signal `$paramod$e3b428dd0e3d22a099d4960bb16875dbfc951f1c\SdfUnit.\bf2_sp_en' using process `$paramod$e3b428dd0e3d22a099d4960bb16875dbfc951f1c\SdfUnit.$proc$../third_party/r22sdf/SdfUnit.v:199$320'.
  created $adff cell `$procdff$643' with positive edge clock and positive level reset.
Creating register for signal `$paramod$e3b428dd0e3d22a099d4960bb16875dbfc951f1c\SdfUnit.\bf2_count' using process `$paramod$e3b428dd0e3d22a099d4960bb16875dbfc951f1c\SdfUnit.$proc$../third_party/r22sdf/SdfUnit.v:199$320'.
  created $adff cell `$procdff$646' with positive edge clock and positive level reset.
Creating register for signal `$paramod$e3b428dd0e3d22a099d4960bb16875dbfc951f1c\SdfUnit.\bf2_bf' using process `$paramod$e3b428dd0e3d22a099d4960bb16875dbfc951f1c\SdfUnit.$proc$../third_party/r22sdf/SdfUnit.v:163$311'.
  created $dff cell `$procdff$647' with positive edge clock.
Creating register for signal `$paramod$e3b428dd0e3d22a099d4960bb16875dbfc951f1c\SdfUnit.\bf1_do_re' using process `$paramod$e3b428dd0e3d22a099d4960bb16875dbfc951f1c\SdfUnit.$proc$../third_party/r22sdf/SdfUnit.v:155$310'.
  created $dff cell `$procdff$648' with positive edge clock.
Creating register for signal `$paramod$e3b428dd0e3d22a099d4960bb16875dbfc951f1c\SdfUnit.\bf1_do_im' using process `$paramod$e3b428dd0e3d22a099d4960bb16875dbfc951f1c\SdfUnit.$proc$../third_party/r22sdf/SdfUnit.v:155$310'.
  created $dff cell `$procdff$649' with positive edge clock.
Creating register for signal `$paramod$e3b428dd0e3d22a099d4960bb16875dbfc951f1c\SdfUnit.\bf1_sp_en' using process `$paramod$e3b428dd0e3d22a099d4960bb16875dbfc951f1c\SdfUnit.$proc$../third_party/r22sdf/SdfUnit.v:142$302'.
  created $adff cell `$procdff$652' with positive edge clock and positive level reset.
Creating register for signal `$paramod$e3b428dd0e3d22a099d4960bb16875dbfc951f1c\SdfUnit.\bf1_count' using process `$paramod$e3b428dd0e3d22a099d4960bb16875dbfc951f1c\SdfUnit.$proc$../third_party/r22sdf/SdfUnit.v:142$302'.
  created $adff cell `$procdff$655' with positive edge clock and positive level reset.
Creating register for signal `$paramod$e3b428dd0e3d22a099d4960bb16875dbfc951f1c\SdfUnit.\di_count' using process `$paramod$e3b428dd0e3d22a099d4960bb16875dbfc951f1c\SdfUnit.$proc$../third_party/r22sdf/SdfUnit.v:103$288'.
  created $adff cell `$procdff$658' with positive edge clock and positive level reset.
Creating register for signal `$paramod$25bb70cf5a48aa945caa779105562d3b5b1e4265\SdfUnit.\mu_do_en' using process `$paramod$25bb70cf5a48aa945caa779105562d3b5b1e4265\SdfUnit.$proc$../third_party/r22sdf/SdfUnit.v:264$285'.
  created $adff cell `$procdff$661' with positive edge clock and positive level reset.
Creating register for signal `$paramod$25bb70cf5a48aa945caa779105562d3b5b1e4265\SdfUnit.\mu_do_re' using process `$paramod$25bb70cf5a48aa945caa779105562d3b5b1e4265\SdfUnit.$proc$../third_party/r22sdf/SdfUnit.v:259$282'.
  created $dff cell `$procdff$662' with positive edge clock.
Creating register for signal `$paramod$25bb70cf5a48aa945caa779105562d3b5b1e4265\SdfUnit.\mu_do_im' using process `$paramod$25bb70cf5a48aa945caa779105562d3b5b1e4265\SdfUnit.$proc$../third_party/r22sdf/SdfUnit.v:259$282'.
  created $dff cell `$procdff$663' with positive edge clock.
Creating register for signal `$paramod$25bb70cf5a48aa945caa779105562d3b5b1e4265\SdfUnit.\mu_en' using process `$paramod$25bb70cf5a48aa945caa779105562d3b5b1e4265\SdfUnit.$proc$../third_party/r22sdf/SdfUnit.v:243$278'.
  created $dff cell `$procdff$664' with positive edge clock.
Creating register for signal `$paramod$25bb70cf5a48aa945caa779105562d3b5b1e4265\SdfUnit.\bf2_do_en' using process `$paramod$25bb70cf5a48aa945caa779105562d3b5b1e4265\SdfUnit.$proc$../third_party/r22sdf/SdfUnit.v:219$275'.
  created $adff cell `$procdff$667' with positive edge clock and positive level reset.
Creating register for signal `$paramod$25bb70cf5a48aa945caa779105562d3b5b1e4265\SdfUnit.\bf2_do_re' using process `$paramod$25bb70cf5a48aa945caa779105562d3b5b1e4265\SdfUnit.$proc$../third_party/r22sdf/SdfUnit.v:214$274'.
  created $dff cell `$procdff$668' with positive edge clock.
Creating register for signal `$paramod$25bb70cf5a48aa945caa779105562d3b5b1e4265\SdfUnit.\bf2_do_im' using process `$paramod$25bb70cf5a48aa945caa779105562d3b5b1e4265\SdfUnit.$proc$../third_party/r22sdf/SdfUnit.v:214$274'.
  created $dff cell `$procdff$669' with positive edge clock.
Creating register for signal `$paramod$25bb70cf5a48aa945caa779105562d3b5b1e4265\SdfUnit.\bf2_start' using process `$paramod$25bb70cf5a48aa945caa779105562d3b5b1e4265\SdfUnit.$proc$../third_party/r22sdf/SdfUnit.v:209$270'.
  created $dff cell `$procdff$670' with positive edge clock.
Creating register for signal `$paramod$25bb70cf5a48aa945caa779105562d3b5b1e4265\SdfUnit.\bf2_sp_en' using process `$paramod$25bb70cf5a48aa945caa779105562d3b5b1e4265\SdfUnit.$proc$../third_party/r22sdf/SdfUnit.v:199$265'.
  created $adff cell `$procdff$673' with positive edge clock and positive level reset.
Creating register for signal `$paramod$25bb70cf5a48aa945caa779105562d3b5b1e4265\SdfUnit.\bf2_count' using process `$paramod$25bb70cf5a48aa945caa779105562d3b5b1e4265\SdfUnit.$proc$../third_party/r22sdf/SdfUnit.v:199$265'.
  created $adff cell `$procdff$676' with positive edge clock and positive level reset.
Creating register for signal `$paramod$25bb70cf5a48aa945caa779105562d3b5b1e4265\SdfUnit.\bf2_bf' using process `$paramod$25bb70cf5a48aa945caa779105562d3b5b1e4265\SdfUnit.$proc$../third_party/r22sdf/SdfUnit.v:163$256'.
  created $dff cell `$procdff$677' with positive edge clock.
Creating register for signal `$paramod$25bb70cf5a48aa945caa779105562d3b5b1e4265\SdfUnit.\bf1_do_re' using process `$paramod$25bb70cf5a48aa945caa779105562d3b5b1e4265\SdfUnit.$proc$../third_party/r22sdf/SdfUnit.v:155$255'.
  created $dff cell `$procdff$678' with positive edge clock.
Creating register for signal `$paramod$25bb70cf5a48aa945caa779105562d3b5b1e4265\SdfUnit.\bf1_do_im' using process `$paramod$25bb70cf5a48aa945caa779105562d3b5b1e4265\SdfUnit.$proc$../third_party/r22sdf/SdfUnit.v:155$255'.
  created $dff cell `$procdff$679' with positive edge clock.
Creating register for signal `$paramod$25bb70cf5a48aa945caa779105562d3b5b1e4265\SdfUnit.\bf1_sp_en' using process `$paramod$25bb70cf5a48aa945caa779105562d3b5b1e4265\SdfUnit.$proc$../third_party/r22sdf/SdfUnit.v:142$247'.
  created $adff cell `$procdff$682' with positive edge clock and positive level reset.
Creating register for signal `$paramod$25bb70cf5a48aa945caa779105562d3b5b1e4265\SdfUnit.\bf1_count' using process `$paramod$25bb70cf5a48aa945caa779105562d3b5b1e4265\SdfUnit.$proc$../third_party/r22sdf/SdfUnit.v:142$247'.
  created $adff cell `$procdff$685' with positive edge clock and positive level reset.
Creating register for signal `$paramod$25bb70cf5a48aa945caa779105562d3b5b1e4265\SdfUnit.\di_count' using process `$paramod$25bb70cf5a48aa945caa779105562d3b5b1e4265\SdfUnit.$proc$../third_party/r22sdf/SdfUnit.v:103$233'.
  created $adff cell `$procdff$688' with positive edge clock and positive level reset.
Creating register for signal `\Twiddle.\ff_re' using process `\Twiddle.$proc$../third_party/r22sdf/Twiddle64.v:23$96'.
  created $dff cell `$procdff$689' with positive edge clock.
Creating register for signal `\Twiddle.\ff_im' using process `\Twiddle.$proc$../third_party/r22sdf/Twiddle64.v:23$96'.
  created $dff cell `$procdff$690' with positive edge clock.
Creating register for signal `$paramod$520663d7382152bf6f78fc2a37b254cea736bbce\DelayBuffer.\n' using process `$paramod$520663d7382152bf6f78fc2a37b254cea736bbce\DelayBuffer.$proc$../third_party/r22sdf/DelayBuffer.v:20$435'.
  created $dff cell `$procdff$691' with positive edge clock.
Creating register for signal `$paramod$520663d7382152bf6f78fc2a37b254cea736bbce\DelayBuffer.\buf_re[0]' using process `$paramod$520663d7382152bf6f78fc2a37b254cea736bbce\DelayBuffer.$proc$../third_party/r22sdf/DelayBuffer.v:20$435'.
  created $dff cell `$procdff$692' with positive edge clock.
Creating register for signal `$paramod$520663d7382152bf6f78fc2a37b254cea736bbce\DelayBuffer.\buf_re[1]' using process `$paramod$520663d7382152bf6f78fc2a37b254cea736bbce\DelayBuffer.$proc$../third_party/r22sdf/DelayBuffer.v:20$435'.
  created $dff cell `$procdff$693' with positive edge clock.
Creating register for signal `$paramod$520663d7382152bf6f78fc2a37b254cea736bbce\DelayBuffer.\buf_re[2]' using process `$paramod$520663d7382152bf6f78fc2a37b254cea736bbce\DelayBuffer.$proc$../third_party/r22sdf/DelayBuffer.v:20$435'.
  created $dff cell `$procdff$694' with positive edge clock.
Creating register for signal `$paramod$520663d7382152bf6f78fc2a37b254cea736bbce\DelayBuffer.\buf_re[3]' using process `$paramod$520663d7382152bf6f78fc2a37b254cea736bbce\DelayBuffer.$proc$../third_party/r22sdf/DelayBuffer.v:20$435'.
  created $dff cell `$procdff$695' with positive edge clock.
Creating register for signal `$paramod$520663d7382152bf6f78fc2a37b254cea736bbce\DelayBuffer.\buf_re[4]' using process `$paramod$520663d7382152bf6f78fc2a37b254cea736bbce\DelayBuffer.$proc$../third_party/r22sdf/DelayBuffer.v:20$435'.
  created $dff cell `$procdff$696' with positive edge clock.
Creating register for signal `$paramod$520663d7382152bf6f78fc2a37b254cea736bbce\DelayBuffer.\buf_re[5]' using process `$paramod$520663d7382152bf6f78fc2a37b254cea736bbce\DelayBuffer.$proc$../third_party/r22sdf/DelayBuffer.v:20$435'.
  created $dff cell `$procdff$697' with positive edge clock.
Creating register for signal `$paramod$520663d7382152bf6f78fc2a37b254cea736bbce\DelayBuffer.\buf_re[6]' using process `$paramod$520663d7382152bf6f78fc2a37b254cea736bbce\DelayBuffer.$proc$../third_party/r22sdf/DelayBuffer.v:20$435'.
  created $dff cell `$procdff$698' with positive edge clock.
Creating register for signal `$paramod$520663d7382152bf6f78fc2a37b254cea736bbce\DelayBuffer.\buf_re[7]' using process `$paramod$520663d7382152bf6f78fc2a37b254cea736bbce\DelayBuffer.$proc$../third_party/r22sdf/DelayBuffer.v:20$435'.
  created $dff cell `$procdff$699' with positive edge clock.
Creating register for signal `$paramod$520663d7382152bf6f78fc2a37b254cea736bbce\DelayBuffer.\buf_im[0]' using process `$paramod$520663d7382152bf6f78fc2a37b254cea736bbce\DelayBuffer.$proc$../third_party/r22sdf/DelayBuffer.v:20$435'.
  created $dff cell `$procdff$700' with positive edge clock.
Creating register for signal `$paramod$520663d7382152bf6f78fc2a37b254cea736bbce\DelayBuffer.\buf_im[1]' using process `$paramod$520663d7382152bf6f78fc2a37b254cea736bbce\DelayBuffer.$proc$../third_party/r22sdf/DelayBuffer.v:20$435'.
  created $dff cell `$procdff$701' with positive edge clock.
Creating register for signal `$paramod$520663d7382152bf6f78fc2a37b254cea736bbce\DelayBuffer.\buf_im[2]' using process `$paramod$520663d7382152bf6f78fc2a37b254cea736bbce\DelayBuffer.$proc$../third_party/r22sdf/DelayBuffer.v:20$435'.
  created $dff cell `$procdff$702' with positive edge clock.
Creating register for signal `$paramod$520663d7382152bf6f78fc2a37b254cea736bbce\DelayBuffer.\buf_im[3]' using process `$paramod$520663d7382152bf6f78fc2a37b254cea736bbce\DelayBuffer.$proc$../third_party/r22sdf/DelayBuffer.v:20$435'.
  created $dff cell `$procdff$703' with positive edge clock.
Creating register for signal `$paramod$520663d7382152bf6f78fc2a37b254cea736bbce\DelayBuffer.\buf_im[4]' using process `$paramod$520663d7382152bf6f78fc2a37b254cea736bbce\DelayBuffer.$proc$../third_party/r22sdf/DelayBuffer.v:20$435'.
  created $dff cell `$procdff$704' with positive edge clock.
Creating register for signal `$paramod$520663d7382152bf6f78fc2a37b254cea736bbce\DelayBuffer.\buf_im[5]' using process `$paramod$520663d7382152bf6f78fc2a37b254cea736bbce\DelayBuffer.$proc$../third_party/r22sdf/DelayBuffer.v:20$435'.
  created $dff cell `$procdff$705' with positive edge clock.
Creating register for signal `$paramod$520663d7382152bf6f78fc2a37b254cea736bbce\DelayBuffer.\buf_im[6]' using process `$paramod$520663d7382152bf6f78fc2a37b254cea736bbce\DelayBuffer.$proc$../third_party/r22sdf/DelayBuffer.v:20$435'.
  created $dff cell `$procdff$706' with positive edge clock.
Creating register for signal `$paramod$520663d7382152bf6f78fc2a37b254cea736bbce\DelayBuffer.\buf_im[7]' using process `$paramod$520663d7382152bf6f78fc2a37b254cea736bbce\DelayBuffer.$proc$../third_party/r22sdf/DelayBuffer.v:20$435'.
  created $dff cell `$procdff$707' with positive edge clock.
Creating register for signal `$paramod$e8759a57fc147882a254734ce5d86afa730d93e5\DelayBuffer.\n' using process `$paramod$e8759a57fc147882a254734ce5d86afa730d93e5\DelayBuffer.$proc$../third_party/r22sdf/DelayBuffer.v:20$434'.
  created $dff cell `$procdff$708' with positive edge clock.
Creating register for signal `$paramod$e8759a57fc147882a254734ce5d86afa730d93e5\DelayBuffer.\buf_re[0]' using process `$paramod$e8759a57fc147882a254734ce5d86afa730d93e5\DelayBuffer.$proc$../third_party/r22sdf/DelayBuffer.v:20$434'.
  created $dff cell `$procdff$709' with positive edge clock.
Creating register for signal `$paramod$e8759a57fc147882a254734ce5d86afa730d93e5\DelayBuffer.\buf_re[1]' using process `$paramod$e8759a57fc147882a254734ce5d86afa730d93e5\DelayBuffer.$proc$../third_party/r22sdf/DelayBuffer.v:20$434'.
  created $dff cell `$procdff$710' with positive edge clock.
Creating register for signal `$paramod$e8759a57fc147882a254734ce5d86afa730d93e5\DelayBuffer.\buf_re[2]' using process `$paramod$e8759a57fc147882a254734ce5d86afa730d93e5\DelayBuffer.$proc$../third_party/r22sdf/DelayBuffer.v:20$434'.
  created $dff cell `$procdff$711' with positive edge clock.
Creating register for signal `$paramod$e8759a57fc147882a254734ce5d86afa730d93e5\DelayBuffer.\buf_re[3]' using process `$paramod$e8759a57fc147882a254734ce5d86afa730d93e5\DelayBuffer.$proc$../third_party/r22sdf/DelayBuffer.v:20$434'.
  created $dff cell `$procdff$712' with positive edge clock.
Creating register for signal `$paramod$e8759a57fc147882a254734ce5d86afa730d93e5\DelayBuffer.\buf_im[0]' using process `$paramod$e8759a57fc147882a254734ce5d86afa730d93e5\DelayBuffer.$proc$../third_party/r22sdf/DelayBuffer.v:20$434'.
  created $dff cell `$procdff$713' with positive edge clock.
Creating register for signal `$paramod$e8759a57fc147882a254734ce5d86afa730d93e5\DelayBuffer.\buf_im[1]' using process `$paramod$e8759a57fc147882a254734ce5d86afa730d93e5\DelayBuffer.$proc$../third_party/r22sdf/DelayBuffer.v:20$434'.
  created $dff cell `$procdff$714' with positive edge clock.
Creating register for signal `$paramod$e8759a57fc147882a254734ce5d86afa730d93e5\DelayBuffer.\buf_im[2]' using process `$paramod$e8759a57fc147882a254734ce5d86afa730d93e5\DelayBuffer.$proc$../third_party/r22sdf/DelayBuffer.v:20$434'.
  created $dff cell `$procdff$715' with positive edge clock.
Creating register for signal `$paramod$e8759a57fc147882a254734ce5d86afa730d93e5\DelayBuffer.\buf_im[3]' using process `$paramod$e8759a57fc147882a254734ce5d86afa730d93e5\DelayBuffer.$proc$../third_party/r22sdf/DelayBuffer.v:20$434'.
  created $dff cell `$procdff$716' with positive edge clock.
Creating register for signal `$paramod$e31bf182a78b6901a30a1eec46d5e35479708b24\DelayBuffer.\n' using process `$paramod$e31bf182a78b6901a30a1eec46d5e35479708b24\DelayBuffer.$proc$../third_party/r22sdf/DelayBuffer.v:20$433'.
  created $dff cell `$procdff$717' with positive edge clock.
Creating register for signal `$paramod$e31bf182a78b6901a30a1eec46d5e35479708b24\DelayBuffer.\buf_re[0]' using process `$paramod$e31bf182a78b6901a30a1eec46d5e35479708b24\DelayBuffer.$proc$../third_party/r22sdf/DelayBuffer.v:20$433'.
  created $dff cell `$procdff$718' with positive edge clock.
Creating register for signal `$paramod$e31bf182a78b6901a30a1eec46d5e35479708b24\DelayBuffer.\buf_re[1]' using process `$paramod$e31bf182a78b6901a30a1eec46d5e35479708b24\DelayBuffer.$proc$../third_party/r22sdf/DelayBuffer.v:20$433'.
  created $dff cell `$procdff$719' with positive edge clock.
Creating register for signal `$paramod$e31bf182a78b6901a30a1eec46d5e35479708b24\DelayBuffer.\buf_im[0]' using process `$paramod$e31bf182a78b6901a30a1eec46d5e35479708b24\DelayBuffer.$proc$../third_party/r22sdf/DelayBuffer.v:20$433'.
  created $dff cell `$procdff$720' with positive edge clock.
Creating register for signal `$paramod$e31bf182a78b6901a30a1eec46d5e35479708b24\DelayBuffer.\buf_im[1]' using process `$paramod$e31bf182a78b6901a30a1eec46d5e35479708b24\DelayBuffer.$proc$../third_party/r22sdf/DelayBuffer.v:20$433'.
  created $dff cell `$procdff$721' with positive edge clock.
Creating register for signal `$paramod$17914cfb50699f154dc59f1c3f8fd47b6e195f44\DelayBuffer.\n' using process `$paramod$17914cfb50699f154dc59f1c3f8fd47b6e195f44\DelayBuffer.$proc$../third_party/r22sdf/DelayBuffer.v:20$432'.
  created $dff cell `$procdff$722' with positive edge clock.
Creating register for signal `$paramod$17914cfb50699f154dc59f1c3f8fd47b6e195f44\DelayBuffer.\buf_re[0]' using process `$paramod$17914cfb50699f154dc59f1c3f8fd47b6e195f44\DelayBuffer.$proc$../third_party/r22sdf/DelayBuffer.v:20$432'.
  created $dff cell `$procdff$723' with positive edge clock.
Creating register for signal `$paramod$17914cfb50699f154dc59f1c3f8fd47b6e195f44\DelayBuffer.\buf_im[0]' using process `$paramod$17914cfb50699f154dc59f1c3f8fd47b6e195f44\DelayBuffer.$proc$../third_party/r22sdf/DelayBuffer.v:20$432'.
  created $dff cell `$procdff$724' with positive edge clock.
Creating register for signal `$paramod$468b6055748c1a70021cd219779b5d26906274a5\DelayBuffer.\n' using process `$paramod$468b6055748c1a70021cd219779b5d26906274a5\DelayBuffer.$proc$../third_party/r22sdf/DelayBuffer.v:20$419'.
  created $dff cell `$procdff$725' with positive edge clock.
Creating register for signal `$paramod$468b6055748c1a70021cd219779b5d26906274a5\DelayBuffer.\buf_re[0]' using process `$paramod$468b6055748c1a70021cd219779b5d26906274a5\DelayBuffer.$proc$../third_party/r22sdf/DelayBuffer.v:20$419'.
  created $dff cell `$procdff$726' with positive edge clock.
Creating register for signal `$paramod$468b6055748c1a70021cd219779b5d26906274a5\DelayBuffer.\buf_re[1]' using process `$paramod$468b6055748c1a70021cd219779b5d26906274a5\DelayBuffer.$proc$../third_party/r22sdf/DelayBuffer.v:20$419'.
  created $dff cell `$procdff$727' with positive edge clock.
Creating register for signal `$paramod$468b6055748c1a70021cd219779b5d26906274a5\DelayBuffer.\buf_re[2]' using process `$paramod$468b6055748c1a70021cd219779b5d26906274a5\DelayBuffer.$proc$../third_party/r22sdf/DelayBuffer.v:20$419'.
  created $dff cell `$procdff$728' with positive edge clock.
Creating register for signal `$paramod$468b6055748c1a70021cd219779b5d26906274a5\DelayBuffer.\buf_re[3]' using process `$paramod$468b6055748c1a70021cd219779b5d26906274a5\DelayBuffer.$proc$../third_party/r22sdf/DelayBuffer.v:20$419'.
  created $dff cell `$procdff$729' with positive edge clock.
Creating register for signal `$paramod$468b6055748c1a70021cd219779b5d26906274a5\DelayBuffer.\buf_re[4]' using process `$paramod$468b6055748c1a70021cd219779b5d26906274a5\DelayBuffer.$proc$../third_party/r22sdf/DelayBuffer.v:20$419'.
  created $dff cell `$procdff$730' with positive edge clock.
Creating register for signal `$paramod$468b6055748c1a70021cd219779b5d26906274a5\DelayBuffer.\buf_re[5]' using process `$paramod$468b6055748c1a70021cd219779b5d26906274a5\DelayBuffer.$proc$../third_party/r22sdf/DelayBuffer.v:20$419'.
  created $dff cell `$procdff$731' with positive edge clock.
Creating register for signal `$paramod$468b6055748c1a70021cd219779b5d26906274a5\DelayBuffer.\buf_re[6]' using process `$paramod$468b6055748c1a70021cd219779b5d26906274a5\DelayBuffer.$proc$../third_party/r22sdf/DelayBuffer.v:20$419'.
  created $dff cell `$procdff$732' with positive edge clock.
Creating register for signal `$paramod$468b6055748c1a70021cd219779b5d26906274a5\DelayBuffer.\buf_re[7]' using process `$paramod$468b6055748c1a70021cd219779b5d26906274a5\DelayBuffer.$proc$../third_party/r22sdf/DelayBuffer.v:20$419'.
  created $dff cell `$procdff$733' with positive edge clock.
Creating register for signal `$paramod$468b6055748c1a70021cd219779b5d26906274a5\DelayBuffer.\buf_re[8]' using process `$paramod$468b6055748c1a70021cd219779b5d26906274a5\DelayBuffer.$proc$../third_party/r22sdf/DelayBuffer.v:20$419'.
  created $dff cell `$procdff$734' with positive edge clock.
Creating register for signal `$paramod$468b6055748c1a70021cd219779b5d26906274a5\DelayBuffer.\buf_re[9]' using process `$paramod$468b6055748c1a70021cd219779b5d26906274a5\DelayBuffer.$proc$../third_party/r22sdf/DelayBuffer.v:20$419'.
  created $dff cell `$procdff$735' with positive edge clock.
Creating register for signal `$paramod$468b6055748c1a70021cd219779b5d26906274a5\DelayBuffer.\buf_re[10]' using process `$paramod$468b6055748c1a70021cd219779b5d26906274a5\DelayBuffer.$proc$../third_party/r22sdf/DelayBuffer.v:20$419'.
  created $dff cell `$procdff$736' with positive edge clock.
Creating register for signal `$paramod$468b6055748c1a70021cd219779b5d26906274a5\DelayBuffer.\buf_re[11]' using process `$paramod$468b6055748c1a70021cd219779b5d26906274a5\DelayBuffer.$proc$../third_party/r22sdf/DelayBuffer.v:20$419'.
  created $dff cell `$procdff$737' with positive edge clock.
Creating register for signal `$paramod$468b6055748c1a70021cd219779b5d26906274a5\DelayBuffer.\buf_re[12]' using process `$paramod$468b6055748c1a70021cd219779b5d26906274a5\DelayBuffer.$proc$../third_party/r22sdf/DelayBuffer.v:20$419'.
  created $dff cell `$procdff$738' with positive edge clock.
Creating register for signal `$paramod$468b6055748c1a70021cd219779b5d26906274a5\DelayBuffer.\buf_re[13]' using process `$paramod$468b6055748c1a70021cd219779b5d26906274a5\DelayBuffer.$proc$../third_party/r22sdf/DelayBuffer.v:20$419'.
  created $dff cell `$procdff$739' with positive edge clock.
Creating register for signal `$paramod$468b6055748c1a70021cd219779b5d26906274a5\DelayBuffer.\buf_re[14]' using process `$paramod$468b6055748c1a70021cd219779b5d26906274a5\DelayBuffer.$proc$../third_party/r22sdf/DelayBuffer.v:20$419'.
  created $dff cell `$procdff$740' with positive edge clock.
Creating register for signal `$paramod$468b6055748c1a70021cd219779b5d26906274a5\DelayBuffer.\buf_re[15]' using process `$paramod$468b6055748c1a70021cd219779b5d26906274a5\DelayBuffer.$proc$../third_party/r22sdf/DelayBuffer.v:20$419'.
  created $dff cell `$procdff$741' with positive edge clock.
Creating register for signal `$paramod$468b6055748c1a70021cd219779b5d26906274a5\DelayBuffer.\buf_re[16]' using process `$paramod$468b6055748c1a70021cd219779b5d26906274a5\DelayBuffer.$proc$../third_party/r22sdf/DelayBuffer.v:20$419'.
  created $dff cell `$procdff$742' with positive edge clock.
Creating register for signal `$paramod$468b6055748c1a70021cd219779b5d26906274a5\DelayBuffer.\buf_re[17]' using process `$paramod$468b6055748c1a70021cd219779b5d26906274a5\DelayBuffer.$proc$../third_party/r22sdf/DelayBuffer.v:20$419'.
  created $dff cell `$procdff$743' with positive edge clock.
Creating register for signal `$paramod$468b6055748c1a70021cd219779b5d26906274a5\DelayBuffer.\buf_re[18]' using process `$paramod$468b6055748c1a70021cd219779b5d26906274a5\DelayBuffer.$proc$../third_party/r22sdf/DelayBuffer.v:20$419'.
  created $dff cell `$procdff$744' with positive edge clock.
Creating register for signal `$paramod$468b6055748c1a70021cd219779b5d26906274a5\DelayBuffer.\buf_re[19]' using process `$paramod$468b6055748c1a70021cd219779b5d26906274a5\DelayBuffer.$proc$../third_party/r22sdf/DelayBuffer.v:20$419'.
  created $dff cell `$procdff$745' with positive edge clock.
Creating register for signal `$paramod$468b6055748c1a70021cd219779b5d26906274a5\DelayBuffer.\buf_re[20]' using process `$paramod$468b6055748c1a70021cd219779b5d26906274a5\DelayBuffer.$proc$../third_party/r22sdf/DelayBuffer.v:20$419'.
  created $dff cell `$procdff$746' with positive edge clock.
Creating register for signal `$paramod$468b6055748c1a70021cd219779b5d26906274a5\DelayBuffer.\buf_re[21]' using process `$paramod$468b6055748c1a70021cd219779b5d26906274a5\DelayBuffer.$proc$../third_party/r22sdf/DelayBuffer.v:20$419'.
  created $dff cell `$procdff$747' with positive edge clock.
Creating register for signal `$paramod$468b6055748c1a70021cd219779b5d26906274a5\DelayBuffer.\buf_re[22]' using process `$paramod$468b6055748c1a70021cd219779b5d26906274a5\DelayBuffer.$proc$../third_party/r22sdf/DelayBuffer.v:20$419'.
  created $dff cell `$procdff$748' with positive edge clock.
Creating register for signal `$paramod$468b6055748c1a70021cd219779b5d26906274a5\DelayBuffer.\buf_re[23]' using process `$paramod$468b6055748c1a70021cd219779b5d26906274a5\DelayBuffer.$proc$../third_party/r22sdf/DelayBuffer.v:20$419'.
  created $dff cell `$procdff$749' with positive edge clock.
Creating register for signal `$paramod$468b6055748c1a70021cd219779b5d26906274a5\DelayBuffer.\buf_re[24]' using process `$paramod$468b6055748c1a70021cd219779b5d26906274a5\DelayBuffer.$proc$../third_party/r22sdf/DelayBuffer.v:20$419'.
  created $dff cell `$procdff$750' with positive edge clock.
Creating register for signal `$paramod$468b6055748c1a70021cd219779b5d26906274a5\DelayBuffer.\buf_re[25]' using process `$paramod$468b6055748c1a70021cd219779b5d26906274a5\DelayBuffer.$proc$../third_party/r22sdf/DelayBuffer.v:20$419'.
  created $dff cell `$procdff$751' with positive edge clock.
Creating register for signal `$paramod$468b6055748c1a70021cd219779b5d26906274a5\DelayBuffer.\buf_re[26]' using process `$paramod$468b6055748c1a70021cd219779b5d26906274a5\DelayBuffer.$proc$../third_party/r22sdf/DelayBuffer.v:20$419'.
  created $dff cell `$procdff$752' with positive edge clock.
Creating register for signal `$paramod$468b6055748c1a70021cd219779b5d26906274a5\DelayBuffer.\buf_re[27]' using process `$paramod$468b6055748c1a70021cd219779b5d26906274a5\DelayBuffer.$proc$../third_party/r22sdf/DelayBuffer.v:20$419'.
  created $dff cell `$procdff$753' with positive edge clock.
Creating register for signal `$paramod$468b6055748c1a70021cd219779b5d26906274a5\DelayBuffer.\buf_re[28]' using process `$paramod$468b6055748c1a70021cd219779b5d26906274a5\DelayBuffer.$proc$../third_party/r22sdf/DelayBuffer.v:20$419'.
  created $dff cell `$procdff$754' with positive edge clock.
Creating register for signal `$paramod$468b6055748c1a70021cd219779b5d26906274a5\DelayBuffer.\buf_re[29]' using process `$paramod$468b6055748c1a70021cd219779b5d26906274a5\DelayBuffer.$proc$../third_party/r22sdf/DelayBuffer.v:20$419'.
  created $dff cell `$procdff$755' with positive edge clock.
Creating register for signal `$paramod$468b6055748c1a70021cd219779b5d26906274a5\DelayBuffer.\buf_re[30]' using process `$paramod$468b6055748c1a70021cd219779b5d26906274a5\DelayBuffer.$proc$../third_party/r22sdf/DelayBuffer.v:20$419'.
  created $dff cell `$procdff$756' with positive edge clock.
Creating register for signal `$paramod$468b6055748c1a70021cd219779b5d26906274a5\DelayBuffer.\buf_re[31]' using process `$paramod$468b6055748c1a70021cd219779b5d26906274a5\DelayBuffer.$proc$../third_party/r22sdf/DelayBuffer.v:20$419'.
  created $dff cell `$procdff$757' with positive edge clock.
Creating register for signal `$paramod$468b6055748c1a70021cd219779b5d26906274a5\DelayBuffer.\buf_im[0]' using process `$paramod$468b6055748c1a70021cd219779b5d26906274a5\DelayBuffer.$proc$../third_party/r22sdf/DelayBuffer.v:20$419'.
  created $dff cell `$procdff$758' with positive edge clock.
Creating register for signal `$paramod$468b6055748c1a70021cd219779b5d26906274a5\DelayBuffer.\buf_im[1]' using process `$paramod$468b6055748c1a70021cd219779b5d26906274a5\DelayBuffer.$proc$../third_party/r22sdf/DelayBuffer.v:20$419'.
  created $dff cell `$procdff$759' with positive edge clock.
Creating register for signal `$paramod$468b6055748c1a70021cd219779b5d26906274a5\DelayBuffer.\buf_im[2]' using process `$paramod$468b6055748c1a70021cd219779b5d26906274a5\DelayBuffer.$proc$../third_party/r22sdf/DelayBuffer.v:20$419'.
  created $dff cell `$procdff$760' with positive edge clock.
Creating register for signal `$paramod$468b6055748c1a70021cd219779b5d26906274a5\DelayBuffer.\buf_im[3]' using process `$paramod$468b6055748c1a70021cd219779b5d26906274a5\DelayBuffer.$proc$../third_party/r22sdf/DelayBuffer.v:20$419'.
  created $dff cell `$procdff$761' with positive edge clock.
Creating register for signal `$paramod$468b6055748c1a70021cd219779b5d26906274a5\DelayBuffer.\buf_im[4]' using process `$paramod$468b6055748c1a70021cd219779b5d26906274a5\DelayBuffer.$proc$../third_party/r22sdf/DelayBuffer.v:20$419'.
  created $dff cell `$procdff$762' with positive edge clock.
Creating register for signal `$paramod$468b6055748c1a70021cd219779b5d26906274a5\DelayBuffer.\buf_im[5]' using process `$paramod$468b6055748c1a70021cd219779b5d26906274a5\DelayBuffer.$proc$../third_party/r22sdf/DelayBuffer.v:20$419'.
  created $dff cell `$procdff$763' with positive edge clock.
Creating register for signal `$paramod$468b6055748c1a70021cd219779b5d26906274a5\DelayBuffer.\buf_im[6]' using process `$paramod$468b6055748c1a70021cd219779b5d26906274a5\DelayBuffer.$proc$../third_party/r22sdf/DelayBuffer.v:20$419'.
  created $dff cell `$procdff$764' with positive edge clock.
Creating register for signal `$paramod$468b6055748c1a70021cd219779b5d26906274a5\DelayBuffer.\buf_im[7]' using process `$paramod$468b6055748c1a70021cd219779b5d26906274a5\DelayBuffer.$proc$../third_party/r22sdf/DelayBuffer.v:20$419'.
  created $dff cell `$procdff$765' with positive edge clock.
Creating register for signal `$paramod$468b6055748c1a70021cd219779b5d26906274a5\DelayBuffer.\buf_im[8]' using process `$paramod$468b6055748c1a70021cd219779b5d26906274a5\DelayBuffer.$proc$../third_party/r22sdf/DelayBuffer.v:20$419'.
  created $dff cell `$procdff$766' with positive edge clock.
Creating register for signal `$paramod$468b6055748c1a70021cd219779b5d26906274a5\DelayBuffer.\buf_im[9]' using process `$paramod$468b6055748c1a70021cd219779b5d26906274a5\DelayBuffer.$proc$../third_party/r22sdf/DelayBuffer.v:20$419'.
  created $dff cell `$procdff$767' with positive edge clock.
Creating register for signal `$paramod$468b6055748c1a70021cd219779b5d26906274a5\DelayBuffer.\buf_im[10]' using process `$paramod$468b6055748c1a70021cd219779b5d26906274a5\DelayBuffer.$proc$../third_party/r22sdf/DelayBuffer.v:20$419'.
  created $dff cell `$procdff$768' with positive edge clock.
Creating register for signal `$paramod$468b6055748c1a70021cd219779b5d26906274a5\DelayBuffer.\buf_im[11]' using process `$paramod$468b6055748c1a70021cd219779b5d26906274a5\DelayBuffer.$proc$../third_party/r22sdf/DelayBuffer.v:20$419'.
  created $dff cell `$procdff$769' with positive edge clock.
Creating register for signal `$paramod$468b6055748c1a70021cd219779b5d26906274a5\DelayBuffer.\buf_im[12]' using process `$paramod$468b6055748c1a70021cd219779b5d26906274a5\DelayBuffer.$proc$../third_party/r22sdf/DelayBuffer.v:20$419'.
  created $dff cell `$procdff$770' with positive edge clock.
Creating register for signal `$paramod$468b6055748c1a70021cd219779b5d26906274a5\DelayBuffer.\buf_im[13]' using process `$paramod$468b6055748c1a70021cd219779b5d26906274a5\DelayBuffer.$proc$../third_party/r22sdf/DelayBuffer.v:20$419'.
  created $dff cell `$procdff$771' with positive edge clock.
Creating register for signal `$paramod$468b6055748c1a70021cd219779b5d26906274a5\DelayBuffer.\buf_im[14]' using process `$paramod$468b6055748c1a70021cd219779b5d26906274a5\DelayBuffer.$proc$../third_party/r22sdf/DelayBuffer.v:20$419'.
  created $dff cell `$procdff$772' with positive edge clock.
Creating register for signal `$paramod$468b6055748c1a70021cd219779b5d26906274a5\DelayBuffer.\buf_im[15]' using process `$paramod$468b6055748c1a70021cd219779b5d26906274a5\DelayBuffer.$proc$../third_party/r22sdf/DelayBuffer.v:20$419'.
  created $dff cell `$procdff$773' with positive edge clock.
Creating register for signal `$paramod$468b6055748c1a70021cd219779b5d26906274a5\DelayBuffer.\buf_im[16]' using process `$paramod$468b6055748c1a70021cd219779b5d26906274a5\DelayBuffer.$proc$../third_party/r22sdf/DelayBuffer.v:20$419'.
  created $dff cell `$procdff$774' with positive edge clock.
Creating register for signal `$paramod$468b6055748c1a70021cd219779b5d26906274a5\DelayBuffer.\buf_im[17]' using process `$paramod$468b6055748c1a70021cd219779b5d26906274a5\DelayBuffer.$proc$../third_party/r22sdf/DelayBuffer.v:20$419'.
  created $dff cell `$procdff$775' with positive edge clock.
Creating register for signal `$paramod$468b6055748c1a70021cd219779b5d26906274a5\DelayBuffer.\buf_im[18]' using process `$paramod$468b6055748c1a70021cd219779b5d26906274a5\DelayBuffer.$proc$../third_party/r22sdf/DelayBuffer.v:20$419'.
  created $dff cell `$procdff$776' with positive edge clock.
Creating register for signal `$paramod$468b6055748c1a70021cd219779b5d26906274a5\DelayBuffer.\buf_im[19]' using process `$paramod$468b6055748c1a70021cd219779b5d26906274a5\DelayBuffer.$proc$../third_party/r22sdf/DelayBuffer.v:20$419'.
  created $dff cell `$procdff$777' with positive edge clock.
Creating register for signal `$paramod$468b6055748c1a70021cd219779b5d26906274a5\DelayBuffer.\buf_im[20]' using process `$paramod$468b6055748c1a70021cd219779b5d26906274a5\DelayBuffer.$proc$../third_party/r22sdf/DelayBuffer.v:20$419'.
  created $dff cell `$procdff$778' with positive edge clock.
Creating register for signal `$paramod$468b6055748c1a70021cd219779b5d26906274a5\DelayBuffer.\buf_im[21]' using process `$paramod$468b6055748c1a70021cd219779b5d26906274a5\DelayBuffer.$proc$../third_party/r22sdf/DelayBuffer.v:20$419'.
  created $dff cell `$procdff$779' with positive edge clock.
Creating register for signal `$paramod$468b6055748c1a70021cd219779b5d26906274a5\DelayBuffer.\buf_im[22]' using process `$paramod$468b6055748c1a70021cd219779b5d26906274a5\DelayBuffer.$proc$../third_party/r22sdf/DelayBuffer.v:20$419'.
  created $dff cell `$procdff$780' with positive edge clock.
Creating register for signal `$paramod$468b6055748c1a70021cd219779b5d26906274a5\DelayBuffer.\buf_im[23]' using process `$paramod$468b6055748c1a70021cd219779b5d26906274a5\DelayBuffer.$proc$../third_party/r22sdf/DelayBuffer.v:20$419'.
  created $dff cell `$procdff$781' with positive edge clock.
Creating register for signal `$paramod$468b6055748c1a70021cd219779b5d26906274a5\DelayBuffer.\buf_im[24]' using process `$paramod$468b6055748c1a70021cd219779b5d26906274a5\DelayBuffer.$proc$../third_party/r22sdf/DelayBuffer.v:20$419'.
  created $dff cell `$procdff$782' with positive edge clock.
Creating register for signal `$paramod$468b6055748c1a70021cd219779b5d26906274a5\DelayBuffer.\buf_im[25]' using process `$paramod$468b6055748c1a70021cd219779b5d26906274a5\DelayBuffer.$proc$../third_party/r22sdf/DelayBuffer.v:20$419'.
  created $dff cell `$procdff$783' with positive edge clock.
Creating register for signal `$paramod$468b6055748c1a70021cd219779b5d26906274a5\DelayBuffer.\buf_im[26]' using process `$paramod$468b6055748c1a70021cd219779b5d26906274a5\DelayBuffer.$proc$../third_party/r22sdf/DelayBuffer.v:20$419'.
  created $dff cell `$procdff$784' with positive edge clock.
Creating register for signal `$paramod$468b6055748c1a70021cd219779b5d26906274a5\DelayBuffer.\buf_im[27]' using process `$paramod$468b6055748c1a70021cd219779b5d26906274a5\DelayBuffer.$proc$../third_party/r22sdf/DelayBuffer.v:20$419'.
  created $dff cell `$procdff$785' with positive edge clock.
Creating register for signal `$paramod$468b6055748c1a70021cd219779b5d26906274a5\DelayBuffer.\buf_im[28]' using process `$paramod$468b6055748c1a70021cd219779b5d26906274a5\DelayBuffer.$proc$../third_party/r22sdf/DelayBuffer.v:20$419'.
  created $dff cell `$procdff$786' with positive edge clock.
Creating register for signal `$paramod$468b6055748c1a70021cd219779b5d26906274a5\DelayBuffer.\buf_im[29]' using process `$paramod$468b6055748c1a70021cd219779b5d26906274a5\DelayBuffer.$proc$../third_party/r22sdf/DelayBuffer.v:20$419'.
  created $dff cell `$procdff$787' with positive edge clock.
Creating register for signal `$paramod$468b6055748c1a70021cd219779b5d26906274a5\DelayBuffer.\buf_im[30]' using process `$paramod$468b6055748c1a70021cd219779b5d26906274a5\DelayBuffer.$proc$../third_party/r22sdf/DelayBuffer.v:20$419'.
  created $dff cell `$procdff$788' with positive edge clock.
Creating register for signal `$paramod$468b6055748c1a70021cd219779b5d26906274a5\DelayBuffer.\buf_im[31]' using process `$paramod$468b6055748c1a70021cd219779b5d26906274a5\DelayBuffer.$proc$../third_party/r22sdf/DelayBuffer.v:20$419'.
  created $dff cell `$procdff$789' with positive edge clock.

10.2.10. Executing PROC_MEMWR pass (convert process memory writes to cells).

10.2.11. Executing PROC_CLEAN pass (remove empty switches from decision trees).
Removing empty process `$paramod$c542f2cdb8cf3fb2f7011f6438933e7913c8a609\DelayBuffer.$proc$../third_party/r22sdf/DelayBuffer.v:20$406'.
Removing empty process `$paramod$31b4a60d4c392c8032c765add59e3b1dd88721d8\SdfUnit.$proc$../third_party/r22sdf/SdfUnit.v:264$395'.
Removing empty process `$paramod$31b4a60d4c392c8032c765add59e3b1dd88721d8\SdfUnit.$proc$../third_party/r22sdf/SdfUnit.v:259$392'.
Removing empty process `$paramod$31b4a60d4c392c8032c765add59e3b1dd88721d8\SdfUnit.$proc$../third_party/r22sdf/SdfUnit.v:243$388'.
Removing empty process `$paramod$31b4a60d4c392c8032c765add59e3b1dd88721d8\SdfUnit.$proc$../third_party/r22sdf/SdfUnit.v:219$385'.
Removing empty process `$paramod$31b4a60d4c392c8032c765add59e3b1dd88721d8\SdfUnit.$proc$../third_party/r22sdf/SdfUnit.v:214$384'.
Removing empty process `$paramod$31b4a60d4c392c8032c765add59e3b1dd88721d8\SdfUnit.$proc$../third_party/r22sdf/SdfUnit.v:209$380'.
Removing empty process `$paramod$31b4a60d4c392c8032c765add59e3b1dd88721d8\SdfUnit.$proc$../third_party/r22sdf/SdfUnit.v:199$375'.
Removing empty process `$paramod$31b4a60d4c392c8032c765add59e3b1dd88721d8\SdfUnit.$proc$../third_party/r22sdf/SdfUnit.v:163$366'.
Removing empty process `$paramod$31b4a60d4c392c8032c765add59e3b1dd88721d8\SdfUnit.$proc$../third_party/r22sdf/SdfUnit.v:155$365'.
Removing empty process `$paramod$31b4a60d4c392c8032c765add59e3b1dd88721d8\SdfUnit.$proc$../third_party/r22sdf/SdfUnit.v:142$357'.
Removing empty process `$paramod$31b4a60d4c392c8032c765add59e3b1dd88721d8\SdfUnit.$proc$../third_party/r22sdf/SdfUnit.v:103$343'.
Removing empty process `$paramod$e3b428dd0e3d22a099d4960bb16875dbfc951f1c\SdfUnit.$proc$../third_party/r22sdf/SdfUnit.v:264$340'.
Removing empty process `$paramod$e3b428dd0e3d22a099d4960bb16875dbfc951f1c\SdfUnit.$proc$../third_party/r22sdf/SdfUnit.v:259$337'.
Removing empty process `$paramod$e3b428dd0e3d22a099d4960bb16875dbfc951f1c\SdfUnit.$proc$../third_party/r22sdf/SdfUnit.v:243$333'.
Removing empty process `$paramod$e3b428dd0e3d22a099d4960bb16875dbfc951f1c\SdfUnit.$proc$../third_party/r22sdf/SdfUnit.v:219$330'.
Removing empty process `$paramod$e3b428dd0e3d22a099d4960bb16875dbfc951f1c\SdfUnit.$proc$../third_party/r22sdf/SdfUnit.v:214$329'.
Removing empty process `$paramod$e3b428dd0e3d22a099d4960bb16875dbfc951f1c\SdfUnit.$proc$../third_party/r22sdf/SdfUnit.v:209$325'.
Removing empty process `$paramod$e3b428dd0e3d22a099d4960bb16875dbfc951f1c\SdfUnit.$proc$../third_party/r22sdf/SdfUnit.v:199$320'.
Removing empty process `$paramod$e3b428dd0e3d22a099d4960bb16875dbfc951f1c\SdfUnit.$proc$../third_party/r22sdf/SdfUnit.v:163$311'.
Removing empty process `$paramod$e3b428dd0e3d22a099d4960bb16875dbfc951f1c\SdfUnit.$proc$../third_party/r22sdf/SdfUnit.v:155$310'.
Removing empty process `$paramod$e3b428dd0e3d22a099d4960bb16875dbfc951f1c\SdfUnit.$proc$../third_party/r22sdf/SdfUnit.v:142$302'.
Removing empty process `$paramod$e3b428dd0e3d22a099d4960bb16875dbfc951f1c\SdfUnit.$proc$../third_party/r22sdf/SdfUnit.v:103$288'.
Removing empty process `$paramod$25bb70cf5a48aa945caa779105562d3b5b1e4265\SdfUnit.$proc$../third_party/r22sdf/SdfUnit.v:264$285'.
Removing empty process `$paramod$25bb70cf5a48aa945caa779105562d3b5b1e4265\SdfUnit.$proc$../third_party/r22sdf/SdfUnit.v:259$282'.
Removing empty process `$paramod$25bb70cf5a48aa945caa779105562d3b5b1e4265\SdfUnit.$proc$../third_party/r22sdf/SdfUnit.v:243$278'.
Removing empty process `$paramod$25bb70cf5a48aa945caa779105562d3b5b1e4265\SdfUnit.$proc$../third_party/r22sdf/SdfUnit.v:219$275'.
Removing empty process `$paramod$25bb70cf5a48aa945caa779105562d3b5b1e4265\SdfUnit.$proc$../third_party/r22sdf/SdfUnit.v:214$274'.
Removing empty process `$paramod$25bb70cf5a48aa945caa779105562d3b5b1e4265\SdfUnit.$proc$../third_party/r22sdf/SdfUnit.v:209$270'.
Removing empty process `$paramod$25bb70cf5a48aa945caa779105562d3b5b1e4265\SdfUnit.$proc$../third_party/r22sdf/SdfUnit.v:199$265'.
Removing empty process `$paramod$25bb70cf5a48aa945caa779105562d3b5b1e4265\SdfUnit.$proc$../third_party/r22sdf/SdfUnit.v:163$256'.
Removing empty process `$paramod$25bb70cf5a48aa945caa779105562d3b5b1e4265\SdfUnit.$proc$../third_party/r22sdf/SdfUnit.v:155$255'.
Removing empty process `$paramod$25bb70cf5a48aa945caa779105562d3b5b1e4265\SdfUnit.$proc$../third_party/r22sdf/SdfUnit.v:142$247'.
Removing empty process `$paramod$25bb70cf5a48aa945caa779105562d3b5b1e4265\SdfUnit.$proc$../third_party/r22sdf/SdfUnit.v:103$233'.
Removing empty process `Twiddle.$proc$../third_party/r22sdf/Twiddle64.v:102$230'.
Removing empty process `Twiddle.$proc$../third_party/r22sdf/Twiddle64.v:102$229'.
Removing empty process `Twiddle.$proc$../third_party/r22sdf/Twiddle64.v:101$228'.
Removing empty process `Twiddle.$proc$../third_party/r22sdf/Twiddle64.v:101$227'.
Removing empty process `Twiddle.$proc$../third_party/r22sdf/Twiddle64.v:100$226'.
Removing empty process `Twiddle.$proc$../third_party/r22sdf/Twiddle64.v:100$225'.
Removing empty process `Twiddle.$proc$../third_party/r22sdf/Twiddle64.v:99$224'.
Removing empty process `Twiddle.$proc$../third_party/r22sdf/Twiddle64.v:99$223'.
Removing empty process `Twiddle.$proc$../third_party/r22sdf/Twiddle64.v:98$222'.
Removing empty process `Twiddle.$proc$../third_party/r22sdf/Twiddle64.v:98$221'.
Removing empty process `Twiddle.$proc$../third_party/r22sdf/Twiddle64.v:97$220'.
Removing empty process `Twiddle.$proc$../third_party/r22sdf/Twiddle64.v:97$219'.
Removing empty process `Twiddle.$proc$../third_party/r22sdf/Twiddle64.v:96$218'.
Removing empty process `Twiddle.$proc$../third_party/r22sdf/Twiddle64.v:96$217'.
Removing empty process `Twiddle.$proc$../third_party/r22sdf/Twiddle64.v:95$216'.
Removing empty process `Twiddle.$proc$../third_party/r22sdf/Twiddle64.v:95$215'.
Removing empty process `Twiddle.$proc$../third_party/r22sdf/Twiddle64.v:94$214'.
Removing empty process `Twiddle.$proc$../third_party/r22sdf/Twiddle64.v:94$213'.
Removing empty process `Twiddle.$proc$../third_party/r22sdf/Twiddle64.v:93$212'.
Removing empty process `Twiddle.$proc$../third_party/r22sdf/Twiddle64.v:93$211'.
Removing empty process `Twiddle.$proc$../third_party/r22sdf/Twiddle64.v:92$210'.
Removing empty process `Twiddle.$proc$../third_party/r22sdf/Twiddle64.v:92$209'.
Removing empty process `Twiddle.$proc$../third_party/r22sdf/Twiddle64.v:91$208'.
Removing empty process `Twiddle.$proc$../third_party/r22sdf/Twiddle64.v:91$207'.
Removing empty process `Twiddle.$proc$../third_party/r22sdf/Twiddle64.v:90$206'.
Removing empty process `Twiddle.$proc$../third_party/r22sdf/Twiddle64.v:90$205'.
Removing empty process `Twiddle.$proc$../third_party/r22sdf/Twiddle64.v:89$204'.
Removing empty process `Twiddle.$proc$../third_party/r22sdf/Twiddle64.v:89$203'.
Removing empty process `Twiddle.$proc$../third_party/r22sdf/Twiddle64.v:88$202'.
Removing empty process `Twiddle.$proc$../third_party/r22sdf/Twiddle64.v:88$201'.
Removing empty process `Twiddle.$proc$../third_party/r22sdf/Twiddle64.v:87$200'.
Removing empty process `Twiddle.$proc$../third_party/r22sdf/Twiddle64.v:87$199'.
Removing empty process `Twiddle.$proc$../third_party/r22sdf/Twiddle64.v:86$198'.
Removing empty process `Twiddle.$proc$../third_party/r22sdf/Twiddle64.v:86$197'.
Removing empty process `Twiddle.$proc$../third_party/r22sdf/Twiddle64.v:85$196'.
Removing empty process `Twiddle.$proc$../third_party/r22sdf/Twiddle64.v:85$195'.
Removing empty process `Twiddle.$proc$../third_party/r22sdf/Twiddle64.v:84$194'.
Removing empty process `Twiddle.$proc$../third_party/r22sdf/Twiddle64.v:84$193'.
Removing empty process `Twiddle.$proc$../third_party/r22sdf/Twiddle64.v:83$192'.
Removing empty process `Twiddle.$proc$../third_party/r22sdf/Twiddle64.v:83$191'.
Removing empty process `Twiddle.$proc$../third_party/r22sdf/Twiddle64.v:82$190'.
Removing empty process `Twiddle.$proc$../third_party/r22sdf/Twiddle64.v:82$189'.
Removing empty process `Twiddle.$proc$../third_party/r22sdf/Twiddle64.v:81$188'.
Removing empty process `Twiddle.$proc$../third_party/r22sdf/Twiddle64.v:81$187'.
Removing empty process `Twiddle.$proc$../third_party/r22sdf/Twiddle64.v:80$186'.
Removing empty process `Twiddle.$proc$../third_party/r22sdf/Twiddle64.v:80$185'.
Removing empty process `Twiddle.$proc$../third_party/r22sdf/Twiddle64.v:79$184'.
Removing empty process `Twiddle.$proc$../third_party/r22sdf/Twiddle64.v:79$183'.
Removing empty process `Twiddle.$proc$../third_party/r22sdf/Twiddle64.v:78$182'.
Removing empty process `Twiddle.$proc$../third_party/r22sdf/Twiddle64.v:78$181'.
Removing empty process `Twiddle.$proc$../third_party/r22sdf/Twiddle64.v:77$180'.
Removing empty process `Twiddle.$proc$../third_party/r22sdf/Twiddle64.v:77$179'.
Removing empty process `Twiddle.$proc$../third_party/r22sdf/Twiddle64.v:76$178'.
Removing empty process `Twiddle.$proc$../third_party/r22sdf/Twiddle64.v:76$177'.
Removing empty process `Twiddle.$proc$../third_party/r22sdf/Twiddle64.v:75$176'.
Removing empty process `Twiddle.$proc$../third_party/r22sdf/Twiddle64.v:75$175'.
Removing empty process `Twiddle.$proc$../third_party/r22sdf/Twiddle64.v:74$174'.
Removing empty process `Twiddle.$proc$../third_party/r22sdf/Twiddle64.v:74$173'.
Removing empty process `Twiddle.$proc$../third_party/r22sdf/Twiddle64.v:73$172'.
Removing empty process `Twiddle.$proc$../third_party/r22sdf/Twiddle64.v:73$171'.
Removing empty process `Twiddle.$proc$../third_party/r22sdf/Twiddle64.v:72$170'.
Removing empty process `Twiddle.$proc$../third_party/r22sdf/Twiddle64.v:72$169'.
Removing empty process `Twiddle.$proc$../third_party/r22sdf/Twiddle64.v:71$168'.
Removing empty process `Twiddle.$proc$../third_party/r22sdf/Twiddle64.v:71$167'.
Removing empty process `Twiddle.$proc$../third_party/r22sdf/Twiddle64.v:70$166'.
Removing empty process `Twiddle.$proc$../third_party/r22sdf/Twiddle64.v:70$165'.
Removing empty process `Twiddle.$proc$../third_party/r22sdf/Twiddle64.v:69$164'.
Removing empty process `Twiddle.$proc$../third_party/r22sdf/Twiddle64.v:69$163'.
Removing empty process `Twiddle.$proc$../third_party/r22sdf/Twiddle64.v:68$162'.
Removing empty process `Twiddle.$proc$../third_party/r22sdf/Twiddle64.v:68$161'.
Removing empty process `Twiddle.$proc$../third_party/r22sdf/Twiddle64.v:67$160'.
Removing empty process `Twiddle.$proc$../third_party/r22sdf/Twiddle64.v:67$159'.
Removing empty process `Twiddle.$proc$../third_party/r22sdf/Twiddle64.v:66$158'.
Removing empty process `Twiddle.$proc$../third_party/r22sdf/Twiddle64.v:66$157'.
Removing empty process `Twiddle.$proc$../third_party/r22sdf/Twiddle64.v:65$156'.
Removing empty process `Twiddle.$proc$../third_party/r22sdf/Twiddle64.v:65$155'.
Removing empty process `Twiddle.$proc$../third_party/r22sdf/Twiddle64.v:64$154'.
Removing empty process `Twiddle.$proc$../third_party/r22sdf/Twiddle64.v:64$153'.
Removing empty process `Twiddle.$proc$../third_party/r22sdf/Twiddle64.v:63$152'.
Removing empty process `Twiddle.$proc$../third_party/r22sdf/Twiddle64.v:63$151'.
Removing empty process `Twiddle.$proc$../third_party/r22sdf/Twiddle64.v:62$150'.
Removing empty process `Twiddle.$proc$../third_party/r22sdf/Twiddle64.v:62$149'.
Removing empty process `Twiddle.$proc$../third_party/r22sdf/Twiddle64.v:61$148'.
Removing empty process `Twiddle.$proc$../third_party/r22sdf/Twiddle64.v:61$147'.
Removing empty process `Twiddle.$proc$../third_party/r22sdf/Twiddle64.v:60$146'.
Removing empty process `Twiddle.$proc$../third_party/r22sdf/Twiddle64.v:60$145'.
Removing empty process `Twiddle.$proc$../third_party/r22sdf/Twiddle64.v:59$144'.
Removing empty process `Twiddle.$proc$../third_party/r22sdf/Twiddle64.v:59$143'.
Removing empty process `Twiddle.$proc$../third_party/r22sdf/Twiddle64.v:58$142'.
Removing empty process `Twiddle.$proc$../third_party/r22sdf/Twiddle64.v:58$141'.
Removing empty process `Twiddle.$proc$../third_party/r22sdf/Twiddle64.v:57$140'.
Removing empty process `Twiddle.$proc$../third_party/r22sdf/Twiddle64.v:57$139'.
Removing empty process `Twiddle.$proc$../third_party/r22sdf/Twiddle64.v:56$138'.
Removing empty process `Twiddle.$proc$../third_party/r22sdf/Twiddle64.v:56$137'.
Removing empty process `Twiddle.$proc$../third_party/r22sdf/Twiddle64.v:55$136'.
Removing empty process `Twiddle.$proc$../third_party/r22sdf/Twiddle64.v:55$135'.
Removing empty process `Twiddle.$proc$../third_party/r22sdf/Twiddle64.v:54$134'.
Removing empty process `Twiddle.$proc$../third_party/r22sdf/Twiddle64.v:54$133'.
Removing empty process `Twiddle.$proc$../third_party/r22sdf/Twiddle64.v:53$132'.
Removing empty process `Twiddle.$proc$../third_party/r22sdf/Twiddle64.v:53$131'.
Removing empty process `Twiddle.$proc$../third_party/r22sdf/Twiddle64.v:52$130'.
Removing empty process `Twiddle.$proc$../third_party/r22sdf/Twiddle64.v:52$129'.
Removing empty process `Twiddle.$proc$../third_party/r22sdf/Twiddle64.v:51$128'.
Removing empty process `Twiddle.$proc$../third_party/r22sdf/Twiddle64.v:51$127'.
Removing empty process `Twiddle.$proc$../third_party/r22sdf/Twiddle64.v:50$126'.
Removing empty process `Twiddle.$proc$../third_party/r22sdf/Twiddle64.v:50$125'.
Removing empty process `Twiddle.$proc$../third_party/r22sdf/Twiddle64.v:49$124'.
Removing empty process `Twiddle.$proc$../third_party/r22sdf/Twiddle64.v:49$123'.
Removing empty process `Twiddle.$proc$../third_party/r22sdf/Twiddle64.v:48$122'.
Removing empty process `Twiddle.$proc$../third_party/r22sdf/Twiddle64.v:48$121'.
Removing empty process `Twiddle.$proc$../third_party/r22sdf/Twiddle64.v:47$120'.
Removing empty process `Twiddle.$proc$../third_party/r22sdf/Twiddle64.v:47$119'.
Removing empty process `Twiddle.$proc$../third_party/r22sdf/Twiddle64.v:46$118'.
Removing empty process `Twiddle.$proc$../third_party/r22sdf/Twiddle64.v:46$117'.
Removing empty process `Twiddle.$proc$../third_party/r22sdf/Twiddle64.v:45$116'.
Removing empty process `Twiddle.$proc$../third_party/r22sdf/Twiddle64.v:45$115'.
Removing empty process `Twiddle.$proc$../third_party/r22sdf/Twiddle64.v:44$114'.
Removing empty process `Twiddle.$proc$../third_party/r22sdf/Twiddle64.v:44$113'.
Removing empty process `Twiddle.$proc$../third_party/r22sdf/Twiddle64.v:43$112'.
Removing empty process `Twiddle.$proc$../third_party/r22sdf/Twiddle64.v:43$111'.
Removing empty process `Twiddle.$proc$../third_party/r22sdf/Twiddle64.v:42$110'.
Removing empty process `Twiddle.$proc$../third_party/r22sdf/Twiddle64.v:42$109'.
Removing empty process `Twiddle.$proc$../third_party/r22sdf/Twiddle64.v:41$108'.
Removing empty process `Twiddle.$proc$../third_party/r22sdf/Twiddle64.v:41$107'.
Removing empty process `Twiddle.$proc$../third_party/r22sdf/Twiddle64.v:40$106'.
Removing empty process `Twiddle.$proc$../third_party/r22sdf/Twiddle64.v:40$105'.
Removing empty process `Twiddle.$proc$../third_party/r22sdf/Twiddle64.v:39$104'.
Removing empty process `Twiddle.$proc$../third_party/r22sdf/Twiddle64.v:39$103'.
Found and cleaned up 1 empty switch in `\Twiddle.$proc$../third_party/r22sdf/Twiddle64.v:21$100'.
Removing empty process `Twiddle.$proc$../third_party/r22sdf/Twiddle64.v:21$100'.
Found and cleaned up 1 empty switch in `\Twiddle.$proc$../third_party/r22sdf/Twiddle64.v:20$97'.
Removing empty process `Twiddle.$proc$../third_party/r22sdf/Twiddle64.v:20$97'.
Removing empty process `Twiddle.$proc$../third_party/r22sdf/Twiddle64.v:23$96'.
Removing empty process `$paramod$520663d7382152bf6f78fc2a37b254cea736bbce\DelayBuffer.$proc$../third_party/r22sdf/DelayBuffer.v:20$435'.
Removing empty process `$paramod$e8759a57fc147882a254734ce5d86afa730d93e5\DelayBuffer.$proc$../third_party/r22sdf/DelayBuffer.v:20$434'.
Removing empty process `$paramod$e31bf182a78b6901a30a1eec46d5e35479708b24\DelayBuffer.$proc$../third_party/r22sdf/DelayBuffer.v:20$433'.
Removing empty process `$paramod$17914cfb50699f154dc59f1c3f8fd47b6e195f44\DelayBuffer.$proc$../third_party/r22sdf/DelayBuffer.v:20$432'.
Removing empty process `$paramod$468b6055748c1a70021cd219779b5d26906274a5\DelayBuffer.$proc$../third_party/r22sdf/DelayBuffer.v:20$419'.
Cleaned up 2 empty switches.

10.2.12. Executing OPT_EXPR pass (perform const folding).
Optimizing module $paramod$cc7e198dbe1c7d8352a2bac47477dedd9788e883\Butterfly.
<suppressed ~4 debug messages>
Optimizing module $paramod$c542f2cdb8cf3fb2f7011f6438933e7913c8a609\DelayBuffer.
Optimizing module $paramod\Multiply\WIDTH=s32'00000000000000000000000000010000.
<suppressed ~4 debug messages>
Optimizing module $paramod$31b4a60d4c392c8032c765add59e3b1dd88721d8\SdfUnit.
<suppressed ~9 debug messages>
Optimizing module $paramod$e3b428dd0e3d22a099d4960bb16875dbfc951f1c\SdfUnit.
<suppressed ~9 debug messages>
Optimizing module $paramod$25bb70cf5a48aa945caa779105562d3b5b1e4265\SdfUnit.
<suppressed ~10 debug messages>
Optimizing module $paramod\FFT\WIDTH=s32'00000000000000000000000000010000.
Optimizing module Twiddle.
<suppressed ~2 debug messages>
Optimizing module $paramod$520663d7382152bf6f78fc2a37b254cea736bbce\DelayBuffer.
Optimizing module $paramod$e8759a57fc147882a254734ce5d86afa730d93e5\DelayBuffer.
Optimizing module $paramod$e31bf182a78b6901a30a1eec46d5e35479708b24\DelayBuffer.
Optimizing module $paramod$17914cfb50699f154dc59f1c3f8fd47b6e195f44\DelayBuffer.
Optimizing module $paramod$5480229501c9659b6947fa834aa4fdab0727c259\Butterfly.
<suppressed ~4 debug messages>
Optimizing module $paramod$468b6055748c1a70021cd219779b5d26906274a5\DelayBuffer.
Optimizing module peweaver_halo_fft64_reference.

10.3. Executing CHECK pass (checking for obvious problems).
Checking module $paramod$cc7e198dbe1c7d8352a2bac47477dedd9788e883\Butterfly...
Checking module $paramod$c542f2cdb8cf3fb2f7011f6438933e7913c8a609\DelayBuffer...
Checking module $paramod\Multiply\WIDTH=s32'00000000000000000000000000010000...
Checking module $paramod$31b4a60d4c392c8032c765add59e3b1dd88721d8\SdfUnit...
Checking module $paramod$e3b428dd0e3d22a099d4960bb16875dbfc951f1c\SdfUnit...
Checking module $paramod$25bb70cf5a48aa945caa779105562d3b5b1e4265\SdfUnit...
Checking module $paramod\FFT\WIDTH=s32'00000000000000000000000000010000...
Checking module Twiddle...
Checking module $paramod$520663d7382152bf6f78fc2a37b254cea736bbce\DelayBuffer...
Checking module $paramod$e8759a57fc147882a254734ce5d86afa730d93e5\DelayBuffer...
Checking module $paramod$e31bf182a78b6901a30a1eec46d5e35479708b24\DelayBuffer...
Checking module $paramod$17914cfb50699f154dc59f1c3f8fd47b6e195f44\DelayBuffer...
Checking module $paramod$5480229501c9659b6947fa834aa4fdab0727c259\Butterfly...
Checking module $paramod$468b6055748c1a70021cd219779b5d26906274a5\DelayBuffer...
Checking module peweaver_halo_fft64_reference...
Found and reported 0 problems.

10.4. Executing FLATTEN pass (flatten design).
Deleting now unused module $paramod$cc7e198dbe1c7d8352a2bac47477dedd9788e883\Butterfly.
Deleting now unused module $paramod$c542f2cdb8cf3fb2f7011f6438933e7913c8a609\DelayBuffer.
Deleting now unused module $paramod\Multiply\WIDTH=s32'00000000000000000000000000010000.
Deleting now unused module $paramod$31b4a60d4c392c8032c765add59e3b1dd88721d8\SdfUnit.
Deleting now unused module $paramod$e3b428dd0e3d22a099d4960bb16875dbfc951f1c\SdfUnit.
Deleting now unused module $paramod$25bb70cf5a48aa945caa779105562d3b5b1e4265\SdfUnit.
Deleting now unused module $paramod\FFT\WIDTH=s32'00000000000000000000000000010000.
Deleting now unused module Twiddle.
Deleting now unused module $paramod$520663d7382152bf6f78fc2a37b254cea736bbce\DelayBuffer.
Deleting now unused module $paramod$e8759a57fc147882a254734ce5d86afa730d93e5\DelayBuffer.
Deleting now unused module $paramod$e31bf182a78b6901a30a1eec46d5e35479708b24\DelayBuffer.
Deleting now unused module $paramod$17914cfb50699f154dc59f1c3f8fd47b6e195f44\DelayBuffer.
Deleting now unused module $paramod$5480229501c9659b6947fa834aa4fdab0727c259\Butterfly.
Deleting now unused module $paramod$468b6055748c1a70021cd219779b5d26906274a5\DelayBuffer.
<suppressed ~22 debug messages>

10.5. Executing OPT_EXPR pass (perform const folding).
Optimizing module peweaver_halo_fft64_reference.
<suppressed ~271 debug messages>

10.6. Executing OPT_CLEAN pass (remove unused cells and wires).
Finding unused cells or wires in module \peweaver_halo_fft64_reference..
Removed 22 unused cells and 948 unused wires.
<suppressed ~69 debug messages>

10.7. Executing CHECK pass (checking for obvious problems).
Checking module peweaver_halo_fft64_reference...
Found and reported 0 problems.

10.8. Executing OPT pass (performing simple optimizations).

10.8.1. Executing OPT_EXPR pass (perform const folding).
Optimizing module peweaver_halo_fft64_reference.
<suppressed ~96 debug messages>

10.8.2. Executing OPT_MERGE pass (detect identical cells).
Finding identical cells in module `\peweaver_halo_fft64_reference'.
Computing hashes of 525 cells of `\peweaver_halo_fft64_reference'.
Finding duplicate cells in `\peweaver_halo_fft64_reference'.
Computing hashes of 445 cells of `\peweaver_halo_fft64_reference'.
Finding duplicate cells in `\peweaver_halo_fft64_reference'.
<suppressed ~240 debug messages>
Removed a total of 80 cells.

10.8.3. Executing OPT_MUXTREE pass (detect dead branches in mux trees).
Running muxtree optimizer on module \peweaver_halo_fft64_reference..
  Creating internal representation of mux trees.
  Evaluating internal representation of mux trees.
  Analyzing evaluation results.
    dead port 1/65 on $pmux $flatten\core.\SU2.\TW.$procmux$501.
    dead port 2/65 on $pmux $flatten\core.\SU2.\TW.$procmux$501.
    dead port 3/65 on $pmux $flatten\core.\SU2.\TW.$procmux$501.
    dead port 5/65 on $pmux $flatten\core.\SU2.\TW.$procmux$501.
    dead port 6/65 on $pmux $flatten\core.\SU2.\TW.$procmux$501.
    dead port 7/65 on $pmux $flatten\core.\SU2.\TW.$procmux$501.
    dead port 9/65 on $pmux $flatten\core.\SU2.\TW.$procmux$501.
    dead port 10/65 on $pmux $flatten\core.\SU2.\TW.$procmux$501.
    dead port 11/65 on $pmux $flatten\core.\SU2.\TW.$procmux$501.
    dead port 13/65 on $pmux $flatten\core.\SU2.\TW.$procmux$501.
    dead port 14/65 on $pmux $flatten\core.\SU2.\TW.$procmux$501.
    dead port 15/65 on $pmux $flatten\core.\SU2.\TW.$procmux$501.
    dead port 17/65 on $pmux $flatten\core.\SU2.\TW.$procmux$501.
    dead port 18/65 on $pmux $flatten\core.\SU2.\TW.$procmux$501.
    dead port 19/65 on $pmux $flatten\core.\SU2.\TW.$procmux$501.
    dead port 21/65 on $pmux $flatten\core.\SU2.\TW.$procmux$501.
    dead port 22/65 on $pmux $flatten\core.\SU2.\TW.$procmux$501.
    dead port 23/65 on $pmux $flatten\core.\SU2.\TW.$procmux$501.
    dead port 25/65 on $pmux $flatten\core.\SU2.\TW.$procmux$501.
    dead port 26/65 on $pmux $flatten\core.\SU2.\TW.$procmux$501.
    dead port 27/65 on $pmux $flatten\core.\SU2.\TW.$procmux$501.
    dead port 29/65 on $pmux $flatten\core.\SU2.\TW.$procmux$501.
    dead port 30/65 on $pmux $flatten\core.\SU2.\TW.$procmux$501.
    dead port 31/65 on $pmux $flatten\core.\SU2.\TW.$procmux$501.
    dead port 33/65 on $pmux $flatten\core.\SU2.\TW.$procmux$501.
    dead port 34/65 on $pmux $flatten\core.\SU2.\TW.$procmux$501.
    dead port 35/65 on $pmux $flatten\core.\SU2.\TW.$procmux$501.
    dead port 37/65 on $pmux $flatten\core.\SU2.\TW.$procmux$501.
    dead port 38/65 on $pmux $flatten\core.\SU2.\TW.$procmux$501.
    dead port 39/65 on $pmux $flatten\core.\SU2.\TW.$procmux$501.
    dead port 41/65 on $pmux $flatten\core.\SU2.\TW.$procmux$501.
    dead port 42/65 on $pmux $flatten\core.\SU2.\TW.$procmux$501.
    dead port 43/65 on $pmux $flatten\core.\SU2.\TW.$procmux$501.
    dead port 45/65 on $pmux $flatten\core.\SU2.\TW.$procmux$501.
    dead port 46/65 on $pmux $flatten\core.\SU2.\TW.$procmux$501.
    dead port 47/65 on $pmux $flatten\core.\SU2.\TW.$procmux$501.
    dead port 49/65 on $pmux $flatten\core.\SU2.\TW.$procmux$501.
    dead port 50/65 on $pmux $flatten\core.\SU2.\TW.$procmux$501.
    dead port 51/65 on $pmux $flatten\core.\SU2.\TW.$procmux$501.
    dead port 53/65 on $pmux $flatten\core.\SU2.\TW.$procmux$501.
    dead port 54/65 on $pmux $flatten\core.\SU2.\TW.$procmux$501.
    dead port 55/65 on $pmux $flatten\core.\SU2.\TW.$procmux$501.
    dead port 57/65 on $pmux $flatten\core.\SU2.\TW.$procmux$501.
    dead port 58/65 on $pmux $flatten\core.\SU2.\TW.$procmux$501.
    dead port 59/65 on $pmux $flatten\core.\SU2.\TW.$procmux$501.
    dead port 61/65 on $pmux $flatten\core.\SU2.\TW.$procmux$501.
    dead port 62/65 on $pmux $flatten\core.\SU2.\TW.$procmux$501.
    dead port 63/65 on $pmux $flatten\core.\SU2.\TW.$procmux$501.
    dead port 1/65 on $pmux $flatten\core.\SU2.\TW.$procmux$436.
    dead port 2/65 on $pmux $flatten\core.\SU2.\TW.$procmux$436.
    dead port 3/65 on $pmux $flatten\core.\SU2.\TW.$procmux$436.
    dead port 5/65 on $pmux $flatten\core.\SU2.\TW.$procmux$436.
    dead port 6/65 on $pmux $flatten\core.\SU2.\TW.$procmux$436.
    dead port 7/65 on $pmux $flatten\core.\SU2.\TW.$procmux$436.
    dead port 9/65 on $pmux $flatten\core.\SU2.\TW.$procmux$436.
    dead port 10/65 on $pmux $flatten\core.\SU2.\TW.$procmux$436.
    dead port 11/65 on $pmux $flatten\core.\SU2.\TW.$procmux$436.
    dead port 13/65 on $pmux $flatten\core.\SU2.\TW.$procmux$436.
    dead port 14/65 on $pmux $flatten\core.\SU2.\TW.$procmux$436.
    dead port 15/65 on $pmux $flatten\core.\SU2.\TW.$procmux$436.
    dead port 17/65 on $pmux $flatten\core.\SU2.\TW.$procmux$436.
    dead port 18/65 on $pmux $flatten\core.\SU2.\TW.$procmux$436.
    dead port 19/65 on $pmux $flatten\core.\SU2.\TW.$procmux$436.
    dead port 21/65 on $pmux $flatten\core.\SU2.\TW.$procmux$436.
    dead port 22/65 on $pmux $flatten\core.\SU2.\TW.$procmux$436.
    dead port 23/65 on $pmux $flatten\core.\SU2.\TW.$procmux$436.
    dead port 25/65 on $pmux $flatten\core.\SU2.\TW.$procmux$436.
    dead port 26/65 on $pmux $flatten\core.\SU2.\TW.$procmux$436.
    dead port 27/65 on $pmux $flatten\core.\SU2.\TW.$procmux$436.
    dead port 29/65 on $pmux $flatten\core.\SU2.\TW.$procmux$436.
    dead port 30/65 on $pmux $flatten\core.\SU2.\TW.$procmux$436.
    dead port 31/65 on $pmux $flatten\core.\SU2.\TW.$procmux$436.
    dead port 33/65 on $pmux $flatten\core.\SU2.\TW.$procmux$436.
    dead port 34/65 on $pmux $flatten\core.\SU2.\TW.$procmux$436.
    dead port 35/65 on $pmux $flatten\core.\SU2.\TW.$procmux$436.
    dead port 37/65 on $pmux $flatten\core.\SU2.\TW.$procmux$436.
    dead port 38/65 on $pmux $flatten\core.\SU2.\TW.$procmux$436.
    dead port 39/65 on $pmux $flatten\core.\SU2.\TW.$procmux$436.
    dead port 41/65 on $pmux $flatten\core.\SU2.\TW.$procmux$436.
    dead port 42/65 on $pmux $flatten\core.\SU2.\TW.$procmux$436.
    dead port 43/65 on $pmux $flatten\core.\SU2.\TW.$procmux$436.
    dead port 45/65 on $pmux $flatten\core.\SU2.\TW.$procmux$436.
    dead port 46/65 on $pmux $flatten\core.\SU2.\TW.$procmux$436.
    dead port 47/65 on $pmux $flatten\core.\SU2.\TW.$procmux$436.
    dead port 49/65 on $pmux $flatten\core.\SU2.\TW.$procmux$436.
    dead port 50/65 on $pmux $flatten\core.\SU2.\TW.$procmux$436.
    dead port 51/65 on $pmux $flatten\core.\SU2.\TW.$procmux$436.
    dead port 53/65 on $pmux $flatten\core.\SU2.\TW.$procmux$436.
    dead port 54/65 on $pmux $flatten\core.\SU2.\TW.$procmux$436.
    dead port 55/65 on $pmux $flatten\core.\SU2.\TW.$procmux$436.
    dead port 57/65 on $pmux $flatten\core.\SU2.\TW.$procmux$436.
    dead port 58/65 on $pmux $flatten\core.\SU2.\TW.$procmux$436.
    dead port 59/65 on $pmux $flatten\core.\SU2.\TW.$procmux$436.
    dead port 61/65 on $pmux $flatten\core.\SU2.\TW.$procmux$436.
    dead port 62/65 on $pmux $flatten\core.\SU2.\TW.$procmux$436.
    dead port 63/65 on $pmux $flatten\core.\SU2.\TW.$procmux$436.
Removed 96 multiplexer ports.
<suppressed ~162 debug messages>

10.8.4. Executing OPT_REDUCE pass (consolidate $*mux and $reduce_* inputs).
  Optimizing cells in module \peweaver_halo_fft64_reference.
    New ctrl vector for $pmux cell $flatten\core.\SU2.\TW.$procmux$501: { $auto$opt_reduce.cc:137:opt_pmux$815 $flatten\core.\SU2.\TW.$procmux$476_CMP $flatten\core.\SU2.\TW.$procmux$480_CMP $auto$opt_reduce.cc:137:opt_pmux$813 $flatten\core.\SU2.\TW.$procmux$488_CMP $flatten\core.\SU2.\TW.$procmux$492_CMP $flatten\core.\SU2.\TW.$procmux$496_CMP }
    New ctrl vector for $pmux cell $flatten\core.\SU1.\TW.$procmux$501: { $flatten\core.\SU1.\TW.$procmux$520_CMP $auto$opt_reduce.cc:137:opt_pmux$821 $flatten\core.\SU1.\TW.$procmux$526_CMP $auto$opt_reduce.cc:137:opt_pmux$819 $flatten\core.\SU1.\TW.$procmux$532_CMP $flatten\core.\SU1.\TW.$procmux$535_CMP $flatten\core.\SU1.\TW.$procmux$538_CMP $flatten\core.\SU1.\TW.$procmux$539_CMP $flatten\core.\SU1.\TW.$procmux$541_CMP $flatten\core.\SU1.\TW.$procmux$544_CMP $flatten\core.\SU1.\TW.$procmux$545_CMP $flatten\core.\SU1.\TW.$procmux$547_CMP $auto$opt_reduce.cc:137:opt_pmux$817 $flatten\core.\SU1.\TW.$procmux$550_CMP $flatten\core.\SU1.\TW.$procmux$551_CMP $flatten\core.\SU1.\TW.$procmux$552_CMP $flatten\core.\SU1.\TW.$procmux$553_CMP $flatten\core.\SU1.\TW.$procmux$554_CMP $flatten\core.\SU1.\TW.$procmux$555_CMP $flatten\core.\SU1.\TW.$procmux$556_CMP $flatten\core.\SU1.\TW.$procmux$557_CMP $flatten\core.\SU1.\TW.$procmux$558_CMP $flatten\core.\SU1.\TW.$procmux$559_CMP $flatten\core.\SU1.\TW.$procmux$560_CMP $flatten\core.\SU1.\TW.$procmux$561_CMP $flatten\core.\SU1.\TW.$procmux$562_CMP $flatten\core.\SU1.\TW.$procmux$563_CMP $flatten\core.\SU1.\TW.$procmux$564_CMP }
    New ctrl vector for $pmux cell $flatten\core.\SU2.\TW.$procmux$436: { $flatten\core.\SU2.\TW.$procmux$464_CMP $auto$opt_reduce.cc:137:opt_pmux$827 $auto$opt_reduce.cc:137:opt_pmux$825 $auto$opt_reduce.cc:137:opt_pmux$823 $flatten\core.\SU2.\TW.$procmux$484_CMP $flatten\core.\SU2.\TW.$procmux$500_CMP }
    New ctrl vector for $pmux cell $flatten\core.\SU1.\TW.$procmux$436: { $flatten\core.\SU1.\TW.$procmux$520_CMP $flatten\core.\SU1.\TW.$procmux$523_CMP $flatten\core.\SU1.\TW.$procmux$526_CMP $flatten\core.\SU1.\TW.$procmux$529_CMP $flatten\core.\SU1.\TW.$procmux$532_CMP $auto$opt_reduce.cc:137:opt_pmux$845 $auto$opt_reduce.cc:137:opt_pmux$843 $auto$opt_reduce.cc:137:opt_pmux$841 $auto$opt_reduce.cc:137:opt_pmux$839 $auto$opt_reduce.cc:137:opt_pmux$837 $auto$opt_reduce.cc:137:opt_pmux$835 $auto$opt_reduce.cc:137:opt_pmux$833 $auto$opt_reduce.cc:137:opt_pmux$831 $auto$opt_reduce.cc:137:opt_pmux$829 $flatten\core.\SU1.\TW.$procmux$549_CMP $flatten\core.\SU1.\TW.$procmux$550_CMP $flatten\core.\SU1.\TW.$procmux$552_CMP $flatten\core.\SU1.\TW.$procmux$556_CMP $flatten\core.\SU1.\TW.$procmux$558_CMP $flatten\core.\SU1.\TW.$procmux$562_CMP $flatten\core.\SU1.\TW.$procmux$564_CMP $flatten\core.\SU1.\TW.$procmux$565_CMP }
  Optimizing cells in module \peweaver_halo_fft64_reference.
Performed a total of 4 changes.

10.8.5. Executing OPT_MERGE pass (detect identical cells).
Finding identical cells in module `\peweaver_halo_fft64_reference'.
Computing hashes of 462 cells of `\peweaver_halo_fft64_reference'.
Finding duplicate cells in `\peweaver_halo_fft64_reference'.
Removed a total of 0 cells.

10.8.6. Executing OPT_DFF pass (perform DFF optimizations).

10.8.7. Executing OPT_CLEAN pass (remove unused cells and wires).
Finding unused cells or wires in module \peweaver_halo_fft64_reference..
Removed 40 unused cells and 216 unused wires.
<suppressed ~41 debug messages>

10.8.8. Executing OPT_EXPR pass (perform const folding).
Optimizing module peweaver_halo_fft64_reference.

10.8.9. Rerunning OPT passes. (Maybe there is more to do..)

10.8.10. Executing OPT_MUXTREE pass (detect dead branches in mux trees).
Running muxtree optimizer on module \peweaver_halo_fft64_reference..
  Creating internal representation of mux trees.
  Evaluating internal representation of mux trees.
  Analyzing evaluation results.
Removed 0 multiplexer ports.
<suppressed ~162 debug messages>

10.8.11. Executing OPT_REDUCE pass (consolidate $*mux and $reduce_* inputs).
  Optimizing cells in module \peweaver_halo_fft64_reference.
Performed a total of 0 changes.

10.8.12. Executing OPT_MERGE pass (detect identical cells).
Finding identical cells in module `\peweaver_halo_fft64_reference'.
Computing hashes of 422 cells of `\peweaver_halo_fft64_reference'.
Finding duplicate cells in `\peweaver_halo_fft64_reference'.
Removed a total of 0 cells.

10.8.13. Executing OPT_DFF pass (perform DFF optimizations).

10.8.14. Executing OPT_CLEAN pass (remove unused cells and wires).
Finding unused cells or wires in module \peweaver_halo_fft64_reference..

10.8.15. Executing OPT_EXPR pass (perform const folding).
Optimizing module peweaver_halo_fft64_reference.

10.8.16. Finished fast OPT passes. (There is nothing left to do.)

10.9. Executing FSM pass (extract and optimize FSM).

10.9.1. Executing FSM_DETECT pass (finding FSMs in design).
Not marking peweaver_halo_fft64_reference.core.SU2.TW.ff_re as FSM state register:
    Users of register don't seem to benefit from recoding.
Not marking peweaver_halo_fft64_reference.core.SU2.TW.ff_im as FSM state register:
    Users of register don't seem to benefit from recoding.
Not marking peweaver_halo_fft64_reference.core.SU1.TW.ff_im as FSM state register:
    Users of register don't seem to benefit from recoding.
Not marking peweaver_halo_fft64_reference.core.SU1.TW.ff_re as FSM state register:
    Users of register don't seem to benefit from recoding.

10.9.2. Executing FSM_EXTRACT pass (extracting FSM from design).

10.9.3. Executing FSM_OPT pass (simple optimizations of FSMs).

10.9.4. Executing OPT_CLEAN pass (remove unused cells and wires).
Finding unused cells or wires in module \peweaver_halo_fft64_reference..

10.9.5. Executing FSM_OPT pass (simple optimizations of FSMs).

10.9.6. Executing FSM_RECODE pass (re-assigning FSM state encoding).

10.9.7. Executing FSM_INFO pass (dumping all available information on FSM cells).

10.9.8. Executing FSM_MAP pass (mapping FSMs to basic logic).

10.10. Executing OPT pass (performing simple optimizations).

10.10.1. Executing OPT_EXPR pass (perform const folding).
Optimizing module peweaver_halo_fft64_reference.

10.10.2. Executing OPT_MERGE pass (detect identical cells).
Finding identical cells in module `\peweaver_halo_fft64_reference'.
Computing hashes of 422 cells of `\peweaver_halo_fft64_reference'.
Finding duplicate cells in `\peweaver_halo_fft64_reference'.
Removed a total of 0 cells.

10.10.3. Executing OPT_MUXTREE pass (detect dead branches in mux trees).
Running muxtree optimizer on module \peweaver_halo_fft64_reference..
  Creating internal representation of mux trees.
  Evaluating internal representation of mux trees.
  Analyzing evaluation results.
Removed 0 multiplexer ports.
<suppressed ~162 debug messages>

10.10.4. Executing OPT_REDUCE pass (consolidate $*mux and $reduce_* inputs).
  Optimizing cells in module \peweaver_halo_fft64_reference.
Performed a total of 0 changes.

10.10.5. Executing OPT_MERGE pass (detect identical cells).
Finding identical cells in module `\peweaver_halo_fft64_reference'.
Computing hashes of 422 cells of `\peweaver_halo_fft64_reference'.
Finding duplicate cells in `\peweaver_halo_fft64_reference'.
Removed a total of 0 cells.

10.10.6. Executing OPT_DFF pass (perform DFF optimizations).
Adding EN signal on $flatten\core.\SU3.$procdff$682 ($adff) from module peweaver_halo_fft64_reference (D = $flatten\core.\SU3.$0\bf1_sp_en[0:0], Q = \core.SU3.bf1_sp_en).
Adding EN signal on $flatten\core.\SU3.$procdff$673 ($adff) from module peweaver_halo_fft64_reference (D = $flatten\core.\SU3.$0\bf2_sp_en[0:0], Q = \core.SU3.bf2_sp_en).
Adding EN signal on $flatten\core.\SU1.$procdff$613 ($adff) from module peweaver_halo_fft64_reference (D = $flatten\core.\SU1.$0\bf2_sp_en[0:0], Q = \core.SU1.bf2_sp_en).
Adding EN signal on $flatten\core.\SU1.$procdff$622 ($adff) from module peweaver_halo_fft64_reference (D = $flatten\core.\SU1.$0\bf1_sp_en[0:0], Q = \core.SU1.bf1_sp_en).
Adding EN signal on $flatten\core.\SU2.$procdff$652 ($adff) from module peweaver_halo_fft64_reference (D = $flatten\core.\SU2.$0\bf1_sp_en[0:0], Q = \core.SU2.bf1_sp_en).
Adding EN signal on $flatten\core.\SU2.$procdff$643 ($adff) from module peweaver_halo_fft64_reference (D = $flatten\core.\SU2.$0\bf2_sp_en[0:0], Q = \core.SU2.bf2_sp_en).

10.10.7. Executing OPT_CLEAN pass (remove unused cells and wires).
Finding unused cells or wires in module \peweaver_halo_fft64_reference..

10.10.8. Executing OPT_EXPR pass (perform const folding).
Optimizing module peweaver_halo_fft64_reference.
<suppressed ~6 debug messages>

10.10.9. Rerunning OPT passes. (Maybe there is more to do..)

10.10.10. Executing OPT_MUXTREE pass (detect dead branches in mux trees).
Running muxtree optimizer on module \peweaver_halo_fft64_reference..
  Creating internal representation of mux trees.
  Evaluating internal representation of mux trees.
  Analyzing evaluation results.
Removed 0 multiplexer ports.
<suppressed ~162 debug messages>

10.10.11. Executing OPT_REDUCE pass (consolidate $*mux and $reduce_* inputs).
  Optimizing cells in module \peweaver_halo_fft64_reference.
Performed a total of 0 changes.

10.10.12. Executing OPT_MERGE pass (detect identical cells).
Finding identical cells in module `\peweaver_halo_fft64_reference'.
Computing hashes of 428 cells of `\peweaver_halo_fft64_reference'.
Finding duplicate cells in `\peweaver_halo_fft64_reference'.
Removed a total of 0 cells.

10.10.13. Executing OPT_DFF pass (perform DFF optimizations).

10.10.14. Executing OPT_CLEAN pass (remove unused cells and wires).
Finding unused cells or wires in module \peweaver_halo_fft64_reference..

10.10.15. Executing OPT_EXPR pass (perform const folding).
Optimizing module peweaver_halo_fft64_reference.

10.10.16. Finished fast OPT passes. (There is nothing left to do.)

10.11. Executing WREDUCE pass (reducing word size of cells).
Removed top 5 bits (of 6) from port B of cell peweaver_halo_fft64_reference.$flatten\core.\SU3.$eq$../third_party/r22sdf/SdfUnit.v:151$252 ($eq).
Removed top 30 bits (of 32) from port B of cell peweaver_halo_fft64_reference.$flatten\core.\SU3.\BF2.$add$../third_party/r22sdf/Butterfly.v:30$417 ($add).
Removed top 15 bits (of 32) from port Y of cell peweaver_halo_fft64_reference.$flatten\core.\SU3.\BF2.$add$../third_party/r22sdf/Butterfly.v:30$417 ($add).
Removed top 30 bits (of 32) from port B of cell peweaver_halo_fft64_reference.$flatten\core.\SU3.\BF2.$add$../third_party/r22sdf/Butterfly.v:28$413 ($add).
Removed top 15 bits (of 32) from port Y of cell peweaver_halo_fft64_reference.$flatten\core.\SU3.\BF2.$add$../third_party/r22sdf/Butterfly.v:28$413 ($add).
Removed top 30 bits (of 32) from port B of cell peweaver_halo_fft64_reference.$flatten\core.\SU3.\BF2.$add$../third_party/r22sdf/Butterfly.v:29$415 ($add).
Removed top 15 bits (of 32) from port Y of cell peweaver_halo_fft64_reference.$flatten\core.\SU3.\BF2.$add$../third_party/r22sdf/Butterfly.v:29$415 ($add).
Removed top 30 bits (of 32) from port B of cell peweaver_halo_fft64_reference.$flatten\core.\SU3.\BF2.$add$../third_party/r22sdf/Butterfly.v:27$411 ($add).
Removed top 15 bits (of 32) from port Y of cell peweaver_halo_fft64_reference.$flatten\core.\SU3.\BF2.$add$../third_party/r22sdf/Butterfly.v:27$411 ($add).
Removed top 3 bits (of 6) from port B of cell peweaver_halo_fft64_reference.$flatten\core.\SU2.$eq$../third_party/r22sdf/SdfUnit.v:151$307 ($eq).
Removed top 4 bits (of 6) from port B of cell peweaver_halo_fft64_reference.$flatten\core.\SU2.$eq$../third_party/r22sdf/SdfUnit.v:210$326 ($eq).
Removed top 1 bits (of 32) from port Y of cell peweaver_halo_fft64_reference.$flatten\core.\SU2.\MU.$mul$../third_party/r22sdf/Multiply.v:19$396 ($mul).
Removed top 30 bits (of 32) from port B of cell peweaver_halo_fft64_reference.$flatten\core.\SU2.\BF2.$add$../third_party/r22sdf/Butterfly.v:30$417 ($add).
Removed top 15 bits (of 32) from port Y of cell peweaver_halo_fft64_reference.$flatten\core.\SU2.\BF2.$add$../third_party/r22sdf/Butterfly.v:30$417 ($add).
Removed top 30 bits (of 32) from port B of cell peweaver_halo_fft64_reference.$flatten\core.\SU2.\BF2.$add$../third_party/r22sdf/Butterfly.v:28$413 ($add).
Removed top 15 bits (of 32) from port Y of cell peweaver_halo_fft64_reference.$flatten\core.\SU2.\BF2.$add$../third_party/r22sdf/Butterfly.v:28$413 ($add).
Removed top 30 bits (of 32) from port B of cell peweaver_halo_fft64_reference.$flatten\core.\SU2.\BF2.$add$../third_party/r22sdf/Butterfly.v:29$415 ($add).
Removed top 15 bits (of 32) from port Y of cell peweaver_halo_fft64_reference.$flatten\core.\SU2.\BF2.$add$../third_party/r22sdf/Butterfly.v:29$415 ($add).
Removed top 30 bits (of 32) from port B of cell peweaver_halo_fft64_reference.$flatten\core.\SU2.\BF2.$add$../third_party/r22sdf/Butterfly.v:27$411 ($add).
Removed top 15 bits (of 32) from port Y of cell peweaver_halo_fft64_reference.$flatten\core.\SU2.\BF2.$add$../third_party/r22sdf/Butterfly.v:27$411 ($add).
Removed top 3 bits (of 4) from port B of cell peweaver_halo_fft64_reference.$flatten\core.\SU2.\TW.$procmux$496_CMP0 ($eq).
Removed top 2 bits (of 4) from port B of cell peweaver_halo_fft64_reference.$flatten\core.\SU2.\TW.$procmux$492_CMP0 ($eq).
Removed top 2 bits (of 4) from port B of cell peweaver_halo_fft64_reference.$flatten\core.\SU2.\TW.$procmux$488_CMP0 ($eq).
Removed top 1 bits (of 4) from port B of cell peweaver_halo_fft64_reference.$flatten\core.\SU2.\TW.$procmux$484_CMP0 ($eq).
Removed top 1 bits (of 4) from port B of cell peweaver_halo_fft64_reference.$flatten\core.\SU2.\TW.$procmux$480_CMP0 ($eq).
Removed top 1 bits (of 4) from port B of cell peweaver_halo_fft64_reference.$flatten\core.\SU2.\TW.$procmux$476_CMP0 ($eq).
Removed top 1 bits (of 4) from port B of cell peweaver_halo_fft64_reference.$flatten\core.\SU2.\TW.$procmux$472_CMP0 ($eq).
Removed top 1 bits (of 32) from port Y of cell peweaver_halo_fft64_reference.$flatten\core.\SU2.\MU.$mul$../third_party/r22sdf/Multiply.v:22$399 ($mul).
Removed top 1 bits (of 32) from port Y of cell peweaver_halo_fft64_reference.$flatten\core.\SU2.\MU.$mul$../third_party/r22sdf/Multiply.v:21$398 ($mul).
Removed top 1 bits (of 32) from port Y of cell peweaver_halo_fft64_reference.$flatten\core.\SU2.\MU.$mul$../third_party/r22sdf/Multiply.v:20$397 ($mul).
Removed top 1 bits (of 6) from port B of cell peweaver_halo_fft64_reference.$flatten\core.\SU1.$eq$../third_party/r22sdf/SdfUnit.v:151$362 ($eq).
Removed top 2 bits (of 6) from port B of cell peweaver_halo_fft64_reference.$flatten\core.\SU1.$eq$../third_party/r22sdf/SdfUnit.v:210$381 ($eq).
Removed top 1 bits (of 32) from port Y of cell peweaver_halo_fft64_reference.$flatten\core.\SU1.\MU.$mul$../third_party/r22sdf/Multiply.v:19$396 ($mul).
Removed top 30 bits (of 32) from port B of cell peweaver_halo_fft64_reference.$flatten\core.\SU1.\BF2.$add$../third_party/r22sdf/Butterfly.v:30$417 ($add).
Removed top 15 bits (of 32) from port Y of cell peweaver_halo_fft64_reference.$flatten\core.\SU1.\BF2.$add$../third_party/r22sdf/Butterfly.v:30$417 ($add).
Removed top 30 bits (of 32) from port B of cell peweaver_halo_fft64_reference.$flatten\core.\SU1.\BF2.$add$../third_party/r22sdf/Butterfly.v:28$413 ($add).
Removed top 15 bits (of 32) from port Y of cell peweaver_halo_fft64_reference.$flatten\core.\SU1.\BF2.$add$../third_party/r22sdf/Butterfly.v:28$413 ($add).
Removed top 30 bits (of 32) from port B of cell peweaver_halo_fft64_reference.$flatten\core.\SU1.\BF2.$add$../third_party/r22sdf/Butterfly.v:29$415 ($add).
Removed top 15 bits (of 32) from port Y of cell peweaver_halo_fft64_reference.$flatten\core.\SU1.\BF2.$add$../third_party/r22sdf/Butterfly.v:29$415 ($add).
Removed top 30 bits (of 32) from port B of cell peweaver_halo_fft64_reference.$flatten\core.\SU1.\BF2.$add$../third_party/r22sdf/Butterfly.v:27$411 ($add).
Removed top 15 bits (of 32) from port Y of cell peweaver_halo_fft64_reference.$flatten\core.\SU1.\BF2.$add$../third_party/r22sdf/Butterfly.v:27$411 ($add).
Removed top 5 bits (of 6) from port B of cell peweaver_halo_fft64_reference.$flatten\core.\SU1.\TW.$procmux$564_CMP0 ($eq).
Removed top 4 bits (of 6) from port B of cell peweaver_halo_fft64_reference.$flatten\core.\SU1.\TW.$procmux$563_CMP0 ($eq).
Removed top 4 bits (of 6) from port B of cell peweaver_halo_fft64_reference.$flatten\core.\SU1.\TW.$procmux$562_CMP0 ($eq).
Removed top 3 bits (of 6) from port B of cell peweaver_halo_fft64_reference.$flatten\core.\SU1.\TW.$procmux$561_CMP0 ($eq).
Removed top 3 bits (of 6) from port B of cell peweaver_halo_fft64_reference.$flatten\core.\SU1.\TW.$procmux$560_CMP0 ($eq).
Removed top 3 bits (of 6) from port B of cell peweaver_halo_fft64_reference.$flatten\core.\SU1.\TW.$procmux$559_CMP0 ($eq).
Removed top 3 bits (of 6) from port B of cell peweaver_halo_fft64_reference.$flatten\core.\SU1.\TW.$procmux$558_CMP0 ($eq).
Removed top 2 bits (of 6) from port B of cell peweaver_halo_fft64_reference.$flatten\core.\SU1.\TW.$procmux$557_CMP0 ($eq).
Removed top 2 bits (of 6) from port B of cell peweaver_halo_fft64_reference.$flatten\core.\SU1.\TW.$procmux$556_CMP0 ($eq).
Removed top 2 bits (of 6) from port B of cell peweaver_halo_fft64_reference.$flatten\core.\SU1.\TW.$procmux$555_CMP0 ($eq).
Removed top 2 bits (of 6) from port B of cell peweaver_halo_fft64_reference.$flatten\core.\SU1.\TW.$procmux$554_CMP0 ($eq).
Removed top 2 bits (of 6) from port B of cell peweaver_halo_fft64_reference.$flatten\core.\SU1.\TW.$procmux$553_CMP0 ($eq).
Removed top 2 bits (of 6) from port B of cell peweaver_halo_fft64_reference.$flatten\core.\SU1.\TW.$procmux$552_CMP0 ($eq).
Removed top 2 bits (of 6) from port B of cell peweaver_halo_fft64_reference.$flatten\core.\SU1.\TW.$procmux$551_CMP0 ($eq).
Removed top 2 bits (of 6) from port B of cell peweaver_halo_fft64_reference.$flatten\core.\SU1.\TW.$procmux$550_CMP0 ($eq).
Removed top 1 bits (of 6) from port B of cell peweaver_halo_fft64_reference.$flatten\core.\SU1.\TW.$procmux$549_CMP0 ($eq).
Removed top 1 bits (of 6) from port B of cell peweaver_halo_fft64_reference.$flatten\core.\SU1.\TW.$procmux$547_CMP0 ($eq).
Removed top 1 bits (of 6) from port B of cell peweaver_halo_fft64_reference.$flatten\core.\SU1.\TW.$procmux$545_CMP0 ($eq).
Removed top 1 bits (of 6) from port B of cell peweaver_halo_fft64_reference.$flatten\core.\SU1.\TW.$procmux$544_CMP0 ($eq).
Removed top 1 bits (of 6) from port B of cell peweaver_halo_fft64_reference.$flatten\core.\SU1.\TW.$procmux$543_CMP0 ($eq).
Removed top 1 bits (of 6) from port B of cell peweaver_halo_fft64_reference.$flatten\core.\SU1.\TW.$procmux$541_CMP0 ($eq).
Removed top 1 bits (of 6) from port B of cell peweaver_halo_fft64_reference.$flatten\core.\SU1.\TW.$procmux$539_CMP0 ($eq).
Removed top 1 bits (of 6) from port B of cell peweaver_halo_fft64_reference.$flatten\core.\SU1.\TW.$procmux$538_CMP0 ($eq).
Removed top 1 bits (of 6) from port B of cell peweaver_halo_fft64_reference.$flatten\core.\SU1.\TW.$procmux$537_CMP0 ($eq).
Removed top 1 bits (of 6) from port B of cell peweaver_halo_fft64_reference.$flatten\core.\SU1.\TW.$procmux$535_CMP0 ($eq).
Removed top 1 bits (of 32) from port Y of cell peweaver_halo_fft64_reference.$flatten\core.\SU1.\MU.$mul$../third_party/r22sdf/Multiply.v:22$399 ($mul).
Removed top 1 bits (of 32) from port Y of cell peweaver_halo_fft64_reference.$flatten\core.\SU1.\MU.$mul$../third_party/r22sdf/Multiply.v:21$398 ($mul).
Removed top 1 bits (of 32) from port Y of cell peweaver_halo_fft64_reference.$flatten\core.\SU1.\MU.$mul$../third_party/r22sdf/Multiply.v:20$397 ($mul).
Removed top 15 bits (of 32) from wire peweaver_halo_fft64_reference.$flatten\core.\SU1.\BF2.$add$../third_party/r22sdf/Butterfly.v:27$411_Y.
Removed top 15 bits (of 32) from wire peweaver_halo_fft64_reference.$flatten\core.\SU1.\BF2.$add$../third_party/r22sdf/Butterfly.v:28$413_Y.
Removed top 15 bits (of 32) from wire peweaver_halo_fft64_reference.$flatten\core.\SU1.\BF2.$add$../third_party/r22sdf/Butterfly.v:29$415_Y.
Removed top 15 bits (of 32) from wire peweaver_halo_fft64_reference.$flatten\core.\SU1.\BF2.$add$../third_party/r22sdf/Butterfly.v:30$417_Y.
Removed top 15 bits (of 32) from wire peweaver_halo_fft64_reference.$flatten\core.\SU2.\BF2.$add$../third_party/r22sdf/Butterfly.v:27$411_Y.
Removed top 15 bits (of 32) from wire peweaver_halo_fft64_reference.$flatten\core.\SU2.\BF2.$add$../third_party/r22sdf/Butterfly.v:28$413_Y.
Removed top 15 bits (of 32) from wire peweaver_halo_fft64_reference.$flatten\core.\SU2.\BF2.$add$../third_party/r22sdf/Butterfly.v:29$415_Y.
Removed top 15 bits (of 32) from wire peweaver_halo_fft64_reference.$flatten\core.\SU2.\BF2.$add$../third_party/r22sdf/Butterfly.v:30$417_Y.
Removed top 15 bits (of 32) from wire peweaver_halo_fft64_reference.$flatten\core.\SU3.\BF2.$add$../third_party/r22sdf/Butterfly.v:27$411_Y.
Removed top 15 bits (of 32) from wire peweaver_halo_fft64_reference.$flatten\core.\SU3.\BF2.$add$../third_party/r22sdf/Butterfly.v:28$413_Y.
Removed top 15 bits (of 32) from wire peweaver_halo_fft64_reference.$flatten\core.\SU3.\BF2.$add$../third_party/r22sdf/Butterfly.v:29$415_Y.
Removed top 15 bits (of 32) from wire peweaver_halo_fft64_reference.$flatten\core.\SU3.\BF2.$add$../third_party/r22sdf/Butterfly.v:30$417_Y.

10.12. Executing PEEPOPT pass (run peephole optimizers).

10.13. Executing OPT_CLEAN pass (remove unused cells and wires).
Finding unused cells or wires in module \peweaver_halo_fft64_reference..
Removed 0 unused cells and 12 unused wires.
<suppressed ~1 debug messages>

10.14. Executing ALUMACC pass (create $alu and $macc cells).
Extracting $alu and $macc cells in module peweaver_halo_fft64_reference:
  creating $macc model for $flatten\core.\SU1.\MU.$mul$../third_party/r22sdf/Multiply.v:19$396 ($mul).
  creating $macc model for $flatten\core.\SU1.\BF2.$add$../third_party/r22sdf/Butterfly.v:30$417 ($add).
  creating $macc model for $flatten\core.\SU1.\BF2.$add$../third_party/r22sdf/Butterfly.v:28$413 ($add).
  creating $macc model for $flatten\core.\SU1.\BF2.$add$../third_party/r22sdf/Butterfly.v:29$415 ($add).
  creating $macc model for $flatten\core.\SU1.\BF2.$add$../third_party/r22sdf/Butterfly.v:27$411 ($add).
  creating $macc model for $flatten\core.\SU1.\BF2.$sub$../third_party/r22sdf/Butterfly.v:24$410 ($sub).
  creating $macc model for $flatten\core.\SU1.\BF2.$sub$../third_party/r22sdf/Butterfly.v:23$409 ($sub).
  creating $macc model for $flatten\core.\SU1.\BF2.$add$../third_party/r22sdf/Butterfly.v:22$408 ($add).
  creating $macc model for $flatten\core.\SU1.$mul$../third_party/r22sdf/SdfUnit.v:233$387 ($mul).
  creating $macc model for $flatten\core.\SU2.\BF2.$add$../third_party/r22sdf/Butterfly.v:22$408 ($add).
  creating $macc model for $flatten\core.\SU2.\BF2.$sub$../third_party/r22sdf/Butterfly.v:23$409 ($sub).
  creating $macc model for $flatten\core.\SU2.\BF2.$sub$../third_party/r22sdf/Butterfly.v:24$410 ($sub).
  creating $macc model for $flatten\core.\SU2.\BF2.$add$../third_party/r22sdf/Butterfly.v:27$411 ($add).
  creating $macc model for $flatten\core.\SU2.\BF2.$add$../third_party/r22sdf/Butterfly.v:29$415 ($add).
  creating $macc model for $flatten\core.\SU2.\BF2.$add$../third_party/r22sdf/Butterfly.v:28$413 ($add).
  creating $macc model for $flatten\core.\SU2.\BF2.$add$../third_party/r22sdf/Butterfly.v:30$417 ($add).
  creating $macc model for $flatten\core.\SU2.\BF1.$add$../third_party/r22sdf/Butterfly.v:22$421 ($add).
  creating $macc model for $flatten\core.\SU2.\BF1.$sub$../third_party/r22sdf/Butterfly.v:23$422 ($sub).
  creating $macc model for $flatten\core.\SU2.\BF1.$sub$../third_party/r22sdf/Butterfly.v:24$423 ($sub).
  creating $macc model for $flatten\core.\SU2.\MU.$mul$../third_party/r22sdf/Multiply.v:19$396 ($mul).
  creating $macc model for $flatten\core.\SU2.$mul$../third_party/r22sdf/SdfUnit.v:233$332 ($mul).
  creating $macc model for $flatten\core.\SU2.$add$../third_party/r22sdf/SdfUnit.v:205$323 ($add).
  creating $macc model for $flatten\core.\SU2.\BF2.$add$../third_party/r22sdf/Butterfly.v:21$407 ($add).
  creating $macc model for $flatten\core.\SU2.$add$../third_party/r22sdf/SdfUnit.v:148$305 ($add).
  creating $macc model for $flatten\core.\SU2.$neg$../third_party/r22sdf/SdfUnit.v:140$299 ($neg).
  creating $macc model for $flatten\core.\SU2.\BF1.$add$../third_party/r22sdf/Butterfly.v:21$420 ($add).
  creating $macc model for $flatten\core.\SU1.\BF1.$sub$../third_party/r22sdf/Butterfly.v:23$422 ($sub).
  creating $macc model for $flatten\core.\SU1.\BF1.$add$../third_party/r22sdf/Butterfly.v:22$421 ($add).
  creating $macc model for $flatten\core.\SU1.$add$../third_party/r22sdf/SdfUnit.v:205$378 ($add).
  creating $macc model for $flatten\core.\SU1.\BF2.$add$../third_party/r22sdf/Butterfly.v:21$407 ($add).
  creating $macc model for $flatten\core.\SU1.$add$../third_party/r22sdf/SdfUnit.v:148$360 ($add).
  creating $macc model for $flatten\core.\SU1.$neg$../third_party/r22sdf/SdfUnit.v:140$354 ($neg).
  creating $macc model for $flatten\core.\SU1.\BF1.$add$../third_party/r22sdf/Butterfly.v:21$420 ($add).
  creating $macc model for $flatten\core.\SU2.\MU.$mul$../third_party/r22sdf/Multiply.v:20$397 ($mul).
  creating $macc model for $flatten\core.\SU2.\MU.$mul$../third_party/r22sdf/Multiply.v:21$398 ($mul).
  creating $macc model for $flatten\core.\SU2.\MU.$mul$../third_party/r22sdf/Multiply.v:22$399 ($mul).
  creating $macc model for $flatten\core.\SU2.\MU.$add$../third_party/r22sdf/Multiply.v:33$405 ($add).
  creating $macc model for $flatten\core.\SU2.\MU.$sub$../third_party/r22sdf/Multiply.v:32$404 ($sub).
  creating $macc model for $flatten\core.\SU1.\BF1.$sub$../third_party/r22sdf/Butterfly.v:24$423 ($sub).
  creating $macc model for $flatten\core.\SU1.\MU.$sub$../third_party/r22sdf/Multiply.v:32$404 ($sub).
  creating $macc model for $flatten\core.\SU1.\MU.$add$../third_party/r22sdf/Multiply.v:33$405 ($add).
  creating $macc model for $flatten\core.\SU1.\MU.$mul$../third_party/r22sdf/Multiply.v:22$399 ($mul).
  creating $macc model for $flatten\core.\SU1.\MU.$mul$../third_party/r22sdf/Multiply.v:21$398 ($mul).
  creating $macc model for $flatten\core.\SU3.$add$../third_party/r22sdf/SdfUnit.v:107$234 ($add).
  creating $macc model for $flatten\core.\SU3.\BF2.$add$../third_party/r22sdf/Butterfly.v:22$408 ($add).
  creating $macc model for $flatten\core.\SU3.\BF2.$sub$../third_party/r22sdf/Butterfly.v:23$409 ($sub).
  creating $macc model for $flatten\core.\SU3.\BF2.$sub$../third_party/r22sdf/Butterfly.v:24$410 ($sub).
  creating $macc model for $flatten\core.\SU3.\BF2.$add$../third_party/r22sdf/Butterfly.v:27$411 ($add).
  creating $macc model for $flatten\core.\SU3.\BF2.$add$../third_party/r22sdf/Butterfly.v:29$415 ($add).
  creating $macc model for $flatten\core.\SU3.\BF2.$add$../third_party/r22sdf/Butterfly.v:28$413 ($add).
  creating $macc model for $flatten\core.\SU3.\BF2.$add$../third_party/r22sdf/Butterfly.v:30$417 ($add).
  creating $macc model for $flatten\core.\SU3.\BF1.$add$../third_party/r22sdf/Butterfly.v:22$421 ($add).
  creating $macc model for $flatten\core.\SU3.\BF1.$sub$../third_party/r22sdf/Butterfly.v:23$422 ($sub).
  creating $macc model for $flatten\core.\SU3.\BF1.$sub$../third_party/r22sdf/Butterfly.v:24$423 ($sub).
  creating $macc model for $flatten\core.\SU2.$add$../third_party/r22sdf/SdfUnit.v:107$289 ($add).
  creating $macc model for $flatten\core.\SU1.\MU.$mul$../third_party/r22sdf/Multiply.v:20$397 ($mul).
  creating $macc model for $flatten\core.\SU3.$add$../third_party/r22sdf/SdfUnit.v:205$268 ($add).
  creating $macc model for $flatten\core.\SU3.\BF2.$add$../third_party/r22sdf/Butterfly.v:21$407 ($add).
  creating $macc model for $flatten\core.\SU3.$add$../third_party/r22sdf/SdfUnit.v:148$250 ($add).
  creating $macc model for $flatten\core.\SU3.$neg$../third_party/r22sdf/SdfUnit.v:140$244 ($neg).
  creating $macc model for $flatten\core.\SU3.\BF1.$add$../third_party/r22sdf/Butterfly.v:21$420 ($add).
  creating $macc model for $flatten\core.\SU1.$add$../third_party/r22sdf/SdfUnit.v:107$344 ($add).
  merging $macc model for $flatten\core.\SU3.\BF2.$sub$../third_party/r22sdf/Butterfly.v:24$410 into $flatten\core.\SU3.\BF2.$add$../third_party/r22sdf/Butterfly.v:30$417.
  merging $macc model for $flatten\core.\SU3.\BF2.$add$../third_party/r22sdf/Butterfly.v:22$408 into $flatten\core.\SU3.\BF2.$add$../third_party/r22sdf/Butterfly.v:28$413.
  merging $macc model for $flatten\core.\SU3.\BF2.$sub$../third_party/r22sdf/Butterfly.v:23$409 into $flatten\core.\SU3.\BF2.$add$../third_party/r22sdf/Butterfly.v:29$415.
  merging $macc model for $flatten\core.\SU3.\BF2.$add$../third_party/r22sdf/Butterfly.v:21$407 into $flatten\core.\SU3.\BF2.$add$../third_party/r22sdf/Butterfly.v:27$411.
  merging $macc model for $flatten\core.\SU2.\BF2.$sub$../third_party/r22sdf/Butterfly.v:24$410 into $flatten\core.\SU2.\BF2.$add$../third_party/r22sdf/Butterfly.v:30$417.
  merging $macc model for $flatten\core.\SU2.\BF2.$add$../third_party/r22sdf/Butterfly.v:22$408 into $flatten\core.\SU2.\BF2.$add$../third_party/r22sdf/Butterfly.v:28$413.
  merging $macc model for $flatten\core.\SU2.\BF2.$sub$../third_party/r22sdf/Butterfly.v:23$409 into $flatten\core.\SU2.\BF2.$add$../third_party/r22sdf/Butterfly.v:29$415.
  merging $macc model for $flatten\core.\SU2.\BF2.$add$../third_party/r22sdf/Butterfly.v:21$407 into $flatten\core.\SU2.\BF2.$add$../third_party/r22sdf/Butterfly.v:27$411.
  merging $macc model for $flatten\core.\SU1.\BF2.$add$../third_party/r22sdf/Butterfly.v:21$407 into $flatten\core.\SU1.\BF2.$add$../third_party/r22sdf/Butterfly.v:27$411.
  merging $macc model for $flatten\core.\SU1.\BF2.$sub$../third_party/r22sdf/Butterfly.v:23$409 into $flatten\core.\SU1.\BF2.$add$../third_party/r22sdf/Butterfly.v:29$415.
  merging $macc model for $flatten\core.\SU1.\BF2.$add$../third_party/r22sdf/Butterfly.v:22$408 into $flatten\core.\SU1.\BF2.$add$../third_party/r22sdf/Butterfly.v:28$413.
  merging $macc model for $flatten\core.\SU1.\BF2.$sub$../third_party/r22sdf/Butterfly.v:24$410 into $flatten\core.\SU1.\BF2.$add$../third_party/r22sdf/Butterfly.v:30$417.
  creating $alu model for $macc $flatten\core.\SU3.\BF1.$sub$../third_party/r22sdf/Butterfly.v:23$422.
  creating $alu model for $macc $flatten\core.\SU3.\BF1.$add$../third_party/r22sdf/Butterfly.v:22$421.
  creating $alu model for $macc $flatten\core.\SU3.$add$../third_party/r22sdf/SdfUnit.v:107$234.
  creating $alu model for $macc $flatten\core.\SU1.\MU.$add$../third_party/r22sdf/Multiply.v:33$405.
  creating $alu model for $macc $flatten\core.\SU1.\MU.$sub$../third_party/r22sdf/Multiply.v:32$404.
  creating $alu model for $macc $flatten\core.\SU1.\BF1.$sub$../third_party/r22sdf/Butterfly.v:24$423.
  creating $alu model for $macc $flatten\core.\SU2.\MU.$sub$../third_party/r22sdf/Multiply.v:32$404.
  creating $alu model for $macc $flatten\core.\SU2.\MU.$add$../third_party/r22sdf/Multiply.v:33$405.
  creating $alu model for $macc $flatten\core.\SU1.\BF1.$add$../third_party/r22sdf/Butterfly.v:21$420.
  creating $alu model for $macc $flatten\core.\SU1.$neg$../third_party/r22sdf/SdfUnit.v:140$354.
  creating $alu model for $macc $flatten\core.\SU1.$add$../third_party/r22sdf/SdfUnit.v:148$360.
  creating $alu model for $macc $flatten\core.\SU3.$add$../third_party/r22sdf/SdfUnit.v:148$250.
  creating $alu model for $macc $flatten\core.\SU1.$add$../third_party/r22sdf/SdfUnit.v:205$378.
  creating $alu model for $macc $flatten\core.\SU1.\BF1.$add$../third_party/r22sdf/Butterfly.v:22$421.
  creating $alu model for $macc $flatten\core.\SU1.\BF1.$sub$../third_party/r22sdf/Butterfly.v:23$422.
  creating $alu model for $macc $flatten\core.\SU2.\BF1.$add$../third_party/r22sdf/Butterfly.v:21$420.
  creating $alu model for $macc $flatten\core.\SU2.$neg$../third_party/r22sdf/SdfUnit.v:140$299.
  creating $alu model for $macc $flatten\core.\SU2.$add$../third_party/r22sdf/SdfUnit.v:148$305.
  creating $alu model for $macc $flatten\core.\SU3.\BF1.$sub$../third_party/r22sdf/Butterfly.v:24$423.
  creating $alu model for $macc $flatten\core.\SU2.$add$../third_party/r22sdf/SdfUnit.v:205$323.
  creating $alu model for $macc $flatten\core.\SU2.\BF1.$sub$../third_party/r22sdf/Butterfly.v:24$423.
  creating $alu model for $macc $flatten\core.\SU2.\BF1.$sub$../third_party/r22sdf/Butterfly.v:23$422.
  creating $alu model for $macc $flatten\core.\SU2.\BF1.$add$../third_party/r22sdf/Butterfly.v:22$421.
  creating $alu model for $macc $flatten\core.\SU2.$add$../third_party/r22sdf/SdfUnit.v:107$289.
  creating $alu model for $macc $flatten\core.\SU3.$add$../third_party/r22sdf/SdfUnit.v:205$268.
  creating $alu model for $macc $flatten\core.\SU3.\BF1.$add$../third_party/r22sdf/Butterfly.v:21$420.
  creating $alu model for $macc $flatten\core.\SU3.$neg$../third_party/r22sdf/SdfUnit.v:140$244.
  creating $alu model for $macc $flatten\core.\SU1.$add$../third_party/r22sdf/SdfUnit.v:107$344.
  creating $macc cell for $flatten\core.\SU1.\MU.$mul$../third_party/r22sdf/Multiply.v:22$399: $auto$alumacc.cc:399:replace_macc$876
  creating $macc cell for $flatten\core.\SU2.$mul$../third_party/r22sdf/SdfUnit.v:233$332: $auto$alumacc.cc:399:replace_macc$877
  creating $macc cell for $flatten\core.\SU2.\MU.$mul$../third_party/r22sdf/Multiply.v:19$396: $auto$alumacc.cc:399:replace_macc$878
  creating $macc cell for $flatten\core.\SU1.\MU.$mul$../third_party/r22sdf/Multiply.v:21$398: $auto$alumacc.cc:399:replace_macc$879
  creating $macc cell for $flatten\core.\SU2.\MU.$mul$../third_party/r22sdf/Multiply.v:22$399: $auto$alumacc.cc:399:replace_macc$880
  creating $macc cell for $flatten\core.\SU2.\MU.$mul$../third_party/r22sdf/Multiply.v:20$397: $auto$alumacc.cc:399:replace_macc$881
  creating $macc cell for $flatten\core.\SU2.\BF2.$add$../third_party/r22sdf/Butterfly.v:30$417: $auto$alumacc.cc:399:replace_macc$882
  creating $macc cell for $flatten\core.\SU2.\BF2.$add$../third_party/r22sdf/Butterfly.v:28$413: $auto$alumacc.cc:399:replace_macc$883
  creating $macc cell for $flatten\core.\SU2.\BF2.$add$../third_party/r22sdf/Butterfly.v:29$415: $auto$alumacc.cc:399:replace_macc$884
  creating $macc cell for $flatten\core.\SU2.\BF2.$add$../third_party/r22sdf/Butterfly.v:27$411: $auto$alumacc.cc:399:replace_macc$885
  creating $macc cell for $flatten\core.\SU2.\MU.$mul$../third_party/r22sdf/Multiply.v:21$398: $auto$alumacc.cc:399:replace_macc$886
  creating $macc cell for $flatten\core.\SU3.\BF2.$add$../third_party/r22sdf/Butterfly.v:30$417: $auto$alumacc.cc:399:replace_macc$887
  creating $macc cell for $flatten\core.\SU1.\MU.$mul$../third_party/r22sdf/Multiply.v:20$397: $auto$alumacc.cc:399:replace_macc$888
  creating $macc cell for $flatten\core.\SU1.$mul$../third_party/r22sdf/SdfUnit.v:233$387: $auto$alumacc.cc:399:replace_macc$889
  creating $macc cell for $flatten\core.\SU3.\BF2.$add$../third_party/r22sdf/Butterfly.v:27$411: $auto$alumacc.cc:399:replace_macc$890
  creating $macc cell for $flatten\core.\SU3.\BF2.$add$../third_party/r22sdf/Butterfly.v:29$415: $auto$alumacc.cc:399:replace_macc$891
  creating $macc cell for $flatten\core.\SU3.\BF2.$add$../third_party/r22sdf/Butterfly.v:28$413: $auto$alumacc.cc:399:replace_macc$892
  creating $macc cell for $flatten\core.\SU1.\BF2.$add$../third_party/r22sdf/Butterfly.v:27$411: $auto$alumacc.cc:399:replace_macc$893
  creating $macc cell for $flatten\core.\SU1.\BF2.$add$../third_party/r22sdf/Butterfly.v:29$415: $auto$alumacc.cc:399:replace_macc$894
  creating $macc cell for $flatten\core.\SU1.\BF2.$add$../third_party/r22sdf/Butterfly.v:28$413: $auto$alumacc.cc:399:replace_macc$895
  creating $macc cell for $flatten\core.\SU1.\BF2.$add$../third_party/r22sdf/Butterfly.v:30$417: $auto$alumacc.cc:399:replace_macc$896
  creating $macc cell for $flatten\core.\SU1.\MU.$mul$../third_party/r22sdf/Multiply.v:19$396: $auto$alumacc.cc:399:replace_macc$897
  creating $alu cell for $flatten\core.\SU1.$add$../third_party/r22sdf/SdfUnit.v:107$344: $auto$alumacc.cc:548:replace_alu$898
  creating $alu cell for $flatten\core.\SU3.$neg$../third_party/r22sdf/SdfUnit.v:140$244: $auto$alumacc.cc:548:replace_alu$901
  creating $alu cell for $flatten\core.\SU3.\BF1.$add$../third_party/r22sdf/Butterfly.v:21$420: $auto$alumacc.cc:548:replace_alu$904
  creating $alu cell for $flatten\core.\SU3.$add$../third_party/r22sdf/SdfUnit.v:205$268: $auto$alumacc.cc:548:replace_alu$907
  creating $alu cell for $flatten\core.\SU2.$add$../third_party/r22sdf/SdfUnit.v:107$289: $auto$alumacc.cc:548:replace_alu$910
  creating $alu cell for $flatten\core.\SU2.\BF1.$add$../third_party/r22sdf/Butterfly.v:22$421: $auto$alumacc.cc:548:replace_alu$913
  creating $alu cell for $flatten\core.\SU2.\BF1.$sub$../third_party/r22sdf/Butterfly.v:23$422: $auto$alumacc.cc:548:replace_alu$916
  creating $alu cell for $flatten\core.\SU2.\BF1.$sub$../third_party/r22sdf/Butterfly.v:24$423: $auto$alumacc.cc:548:replace_alu$919
  creating $alu cell for $flatten\core.\SU2.$add$../third_party/r22sdf/SdfUnit.v:205$323: $auto$alumacc.cc:548:replace_alu$922
  creating $alu cell for $flatten\core.\SU3.\BF1.$sub$../third_party/r22sdf/Butterfly.v:24$423: $auto$alumacc.cc:548:replace_alu$925
  creating $alu cell for $flatten\core.\SU2.$add$../third_party/r22sdf/SdfUnit.v:148$305: $auto$alumacc.cc:548:replace_alu$928
  creating $alu cell for $flatten\core.\SU2.$neg$../third_party/r22sdf/SdfUnit.v:140$299: $auto$alumacc.cc:548:replace_alu$931
  creating $alu cell for $flatten\core.\SU2.\BF1.$add$../third_party/r22sdf/Butterfly.v:21$420: $auto$alumacc.cc:548:replace_alu$934
  creating $alu cell for $flatten\core.\SU1.\BF1.$sub$../third_party/r22sdf/Butterfly.v:23$422: $auto$alumacc.cc:548:replace_alu$937
  creating $alu cell for $flatten\core.\SU1.\BF1.$add$../third_party/r22sdf/Butterfly.v:22$421: $auto$alumacc.cc:548:replace_alu$940
  creating $alu cell for $flatten\core.\SU1.$add$../third_party/r22sdf/SdfUnit.v:205$378: $auto$alumacc.cc:548:replace_alu$943
  creating $alu cell for $flatten\core.\SU3.$add$../third_party/r22sdf/SdfUnit.v:148$250: $auto$alumacc.cc:548:replace_alu$946
  creating $alu cell for $flatten\core.\SU1.$add$../third_party/r22sdf/SdfUnit.v:148$360: $auto$alumacc.cc:548:replace_alu$949
  creating $alu cell for $flatten\core.\SU1.$neg$../third_party/r22sdf/SdfUnit.v:140$354: $auto$alumacc.cc:548:replace_alu$952
  creating $alu cell for $flatten\core.\SU1.\BF1.$add$../third_party/r22sdf/Butterfly.v:21$420: $auto$alumacc.cc:548:replace_alu$955
  creating $alu cell for $flatten\core.\SU2.\MU.$add$../third_party/r22sdf/Multiply.v:33$405: $auto$alumacc.cc:548:replace_alu$958
  creating $alu cell for $flatten\core.\SU2.\MU.$sub$../third_party/r22sdf/Multiply.v:32$404: $auto$alumacc.cc:548:replace_alu$961
  creating $alu cell for $flatten\core.\SU1.\BF1.$sub$../third_party/r22sdf/Butterfly.v:24$423: $auto$alumacc.cc:548:replace_alu$964
  creating $alu cell for $flatten\core.\SU1.\MU.$sub$../third_party/r22sdf/Multiply.v:32$404: $auto$alumacc.cc:548:replace_alu$967
  creating $alu cell for $flatten\core.\SU1.\MU.$add$../third_party/r22sdf/Multiply.v:33$405: $auto$alumacc.cc:548:replace_alu$970
  creating $alu cell for $flatten\core.\SU3.$add$../third_party/r22sdf/SdfUnit.v:107$234: $auto$alumacc.cc:548:replace_alu$973
  creating $alu cell for $flatten\core.\SU3.\BF1.$add$../third_party/r22sdf/Butterfly.v:22$421: $auto$alumacc.cc:548:replace_alu$976
  creating $alu cell for $flatten\core.\SU3.\BF1.$sub$../third_party/r22sdf/Butterfly.v:23$422: $auto$alumacc.cc:548:replace_alu$979
  created 28 $alu and 22 $macc cells.

10.15. Executing SHARE pass (SAT-based resource sharing).

10.16. Executing OPT pass (performing simple optimizations).

10.16.1. Executing OPT_EXPR pass (perform const folding).
Optimizing module peweaver_halo_fft64_reference.

10.16.2. Executing OPT_MERGE pass (detect identical cells).
Finding identical cells in module `\peweaver_halo_fft64_reference'.
Computing hashes of 428 cells of `\peweaver_halo_fft64_reference'.
Finding duplicate cells in `\peweaver_halo_fft64_reference'.
Removed a total of 0 cells.

10.16.3. Executing OPT_MUXTREE pass (detect dead branches in mux trees).
Running muxtree optimizer on module \peweaver_halo_fft64_reference..
  Creating internal representation of mux trees.
  Evaluating internal representation of mux trees.
  Analyzing evaluation results.
Removed 0 multiplexer ports.
<suppressed ~162 debug messages>

10.16.4. Executing OPT_REDUCE pass (consolidate $*mux and $reduce_* inputs).
  Optimizing cells in module \peweaver_halo_fft64_reference.
Performed a total of 0 changes.

10.16.5. Executing OPT_MERGE pass (detect identical cells).
Finding identical cells in module `\peweaver_halo_fft64_reference'.
Computing hashes of 428 cells of `\peweaver_halo_fft64_reference'.
Finding duplicate cells in `\peweaver_halo_fft64_reference'.
Removed a total of 0 cells.

10.16.6. Executing OPT_DFF pass (perform DFF optimizations).

10.16.7. Executing OPT_CLEAN pass (remove unused cells and wires).
Finding unused cells or wires in module \peweaver_halo_fft64_reference..
Removed 12 unused cells and 12 unused wires.
<suppressed ~24 debug messages>

10.16.8. Executing OPT_EXPR pass (perform const folding).
Optimizing module peweaver_halo_fft64_reference.

10.16.9. Rerunning OPT passes. (Maybe there is more to do..)

10.16.10. Executing OPT_MUXTREE pass (detect dead branches in mux trees).
Running muxtree optimizer on module \peweaver_halo_fft64_reference..
  Creating internal representation of mux trees.
  Evaluating internal representation of mux trees.
  Analyzing evaluation results.
Removed 0 multiplexer ports.
<suppressed ~162 debug messages>

10.16.11. Executing OPT_REDUCE pass (consolidate $*mux and $reduce_* inputs).
  Optimizing cells in module \peweaver_halo_fft64_reference.
Performed a total of 0 changes.

10.16.12. Executing OPT_MERGE pass (detect identical cells).
Finding identical cells in module `\peweaver_halo_fft64_reference'.
Computing hashes of 416 cells of `\peweaver_halo_fft64_reference'.
Finding duplicate cells in `\peweaver_halo_fft64_reference'.
Removed a total of 0 cells.

10.16.13. Executing OPT_DFF pass (perform DFF optimizations).

10.16.14. Executing OPT_CLEAN pass (remove unused cells and wires).
Finding unused cells or wires in module \peweaver_halo_fft64_reference..

10.16.15. Executing OPT_EXPR pass (perform const folding).
Optimizing module peweaver_halo_fft64_reference.

10.16.16. Finished fast OPT passes. (There is nothing left to do.)

10.17. Executing MEMORY pass.

10.17.1. Executing OPT_MEM pass (optimize memories).
Performed a total of 0 transformations.

10.17.2. Executing OPT_MEM_PRIORITY pass (removing unnecessary memory write priority relations).
Performed a total of 0 transformations.

10.17.3. Executing OPT_MEM_FEEDBACK pass (finding memory read-to-write feedback paths).

10.17.4. Executing MEMORY_BMUX2ROM pass (converting muxes to ROMs).

10.17.5. Executing MEMORY_DFF pass (merging $dff cells to $memrd).

10.17.6. Executing OPT_CLEAN pass (remove unused cells and wires).
Finding unused cells or wires in module \peweaver_halo_fft64_reference..

10.17.7. Executing MEMORY_SHARE pass (consolidating $memrd/$memwr cells).

10.17.8. Executing OPT_MEM_WIDEN pass (optimize memories where all ports are wide).
Performed a total of 0 transformations.

10.17.9. Executing OPT_CLEAN pass (remove unused cells and wires).
Finding unused cells or wires in module \peweaver_halo_fft64_reference..

10.17.10. Executing MEMORY_COLLECT pass (generating $mem cells).

10.18. Executing OPT_CLEAN pass (remove unused cells and wires).
Finding unused cells or wires in module \peweaver_halo_fft64_reference..

10.19. Executing OPT pass (performing simple optimizations).

10.19.1. Executing OPT_EXPR pass (perform const folding).
Optimizing module peweaver_halo_fft64_reference.
<suppressed ~60 debug messages>

10.19.2. Executing OPT_MERGE pass (detect identical cells).
Finding identical cells in module `\peweaver_halo_fft64_reference'.
Computing hashes of 376 cells of `\peweaver_halo_fft64_reference'.
Finding duplicate cells in `\peweaver_halo_fft64_reference'.
Removed a total of 0 cells.

10.19.3. Executing OPT_DFF pass (perform DFF optimizations).

10.19.4. Executing OPT_CLEAN pass (remove unused cells and wires).
Finding unused cells or wires in module \peweaver_halo_fft64_reference..
Removed 3 unused cells and 15 unused wires.
<suppressed ~4 debug messages>

10.19.5. Finished fast OPT passes.

10.20. Executing MEMORY_MAP pass (converting memories to logic and flip-flops).

10.21. Executing OPT pass (performing simple optimizations).

10.21.1. Executing OPT_EXPR pass (perform const folding).
Optimizing module peweaver_halo_fft64_reference.

10.21.2. Executing OPT_MERGE pass (detect identical cells).
Finding identical cells in module `\peweaver_halo_fft64_reference'.
Computing hashes of 373 cells of `\peweaver_halo_fft64_reference'.
Finding duplicate cells in `\peweaver_halo_fft64_reference'.
Removed a total of 0 cells.

10.21.3. Executing OPT_MUXTREE pass (detect dead branches in mux trees).
Running muxtree optimizer on module \peweaver_halo_fft64_reference..
  Creating internal representation of mux trees.
  Evaluating internal representation of mux trees.
  Analyzing evaluation results.
Removed 0 multiplexer ports.
<suppressed ~88 debug messages>

10.21.4. Executing OPT_REDUCE pass (consolidate $*mux and $reduce_* inputs).
  Optimizing cells in module \peweaver_halo_fft64_reference.
    Consolidated identical input bits for $pmux cell $flatten\core.\SU2.\TW.$procmux$501:
      Old ports: A=16'1000100110111110, B=96'101001010111111011001111000001000000000000000000001100001111110001011010100000100111011001000010, Y=\core.SU2.TW.mx_re
      New ports: A=10'0100110111, B=60'001010111101111000100000000000100001111011010100011011001001, Y={ \core.SU2.TW.mx_re [12:6] \core.SU2.TW.mx_re [3:1] }
      New connections: { \core.SU2.TW.mx_re [15:13] \core.SU2.TW.mx_re [5:4] \core.SU2.TW.mx_re [0] } = { \core.SU2.TW.mx_re [8] \core.SU2.TW.mx_re [9] \core.SU2.TW.mx_re [6] \core.SU2.TW.mx_re [3] \core.SU2.TW.mx_re [3] 1'0 }
    Consolidated identical input bits for $pmux cell $flatten\core.\SU2.\TW.$procmux$436:
      Old ports: A=16'0011000011111100, B=80'11001111000001001010010101111110100010011011111010000000000000000000000000000000, Y=\core.SU2.TW.mx_im
      New ports: A=11'01000011110, B=55'1011110001010010101111101001101111000000000000000000000, Y={ \core.SU2.TW.mx_im [15] \core.SU2.TW.mx_im [12:6] \core.SU2.TW.mx_im [3:1] }
      New connections: { \core.SU2.TW.mx_im [14:13] \core.SU2.TW.mx_im [5:4] \core.SU2.TW.mx_im [0] } = { \core.SU2.TW.mx_im [9] \core.SU2.TW.mx_im [6] \core.SU2.TW.mx_im [3] \core.SU2.TW.mx_im [3] 1'0 }
  Optimizing cells in module \peweaver_halo_fft64_reference.
Performed a total of 2 changes.

10.21.5. Executing OPT_MERGE pass (detect identical cells).
Finding identical cells in module `\peweaver_halo_fft64_reference'.
Computing hashes of 373 cells of `\peweaver_halo_fft64_reference'.
Finding duplicate cells in `\peweaver_halo_fft64_reference'.
Removed a total of 0 cells.

10.21.6. Executing OPT_SHARE pass.

10.21.7. Executing OPT_DFF pass (perform DFF optimizations).

10.21.8. Executing OPT_CLEAN pass (remove unused cells and wires).
Finding unused cells or wires in module \peweaver_halo_fft64_reference..

10.21.9. Executing OPT_EXPR pass (perform const folding).
Optimizing module peweaver_halo_fft64_reference.

10.21.10. Rerunning OPT passes. (Maybe there is more to do..)

10.21.11. Executing OPT_MUXTREE pass (detect dead branches in mux trees).
Running muxtree optimizer on module \peweaver_halo_fft64_reference..
  Creating internal representation of mux trees.
  Evaluating internal representation of mux trees.
  Analyzing evaluation results.
Removed 0 multiplexer ports.
<suppressed ~88 debug messages>

10.21.12. Executing OPT_REDUCE pass (consolidate $*mux and $reduce_* inputs).
  Optimizing cells in module \peweaver_halo_fft64_reference.
Performed a total of 0 changes.

10.21.13. Executing OPT_MERGE pass (detect identical cells).
Finding identical cells in module `\peweaver_halo_fft64_reference'.
Computing hashes of 373 cells of `\peweaver_halo_fft64_reference'.
Finding duplicate cells in `\peweaver_halo_fft64_reference'.
Removed a total of 0 cells.

10.21.14. Executing OPT_SHARE pass.

10.21.15. Executing OPT_DFF pass (perform DFF optimizations).
Setting constant 0-bit at position 0 on $flatten\core.\SU2.\TW.$procdff$689 ($dff) from module peweaver_halo_fft64_reference.
Setting constant 0-bit at position 0 on $flatten\core.\SU2.\TW.$procdff$690 ($dff) from module peweaver_halo_fft64_reference.

10.21.16. Executing OPT_CLEAN pass (remove unused cells and wires).
Finding unused cells or wires in module \peweaver_halo_fft64_reference..

10.21.17. Executing OPT_EXPR pass (perform const folding).
Optimizing module peweaver_halo_fft64_reference.

10.21.18. Rerunning OPT passes. (Maybe there is more to do..)

10.21.19. Executing OPT_MUXTREE pass (detect dead branches in mux trees).
Running muxtree optimizer on module \peweaver_halo_fft64_reference..
  Creating internal representation of mux trees.
  Evaluating internal representation of mux trees.
  Analyzing evaluation results.
Removed 0 multiplexer ports.
<suppressed ~88 debug messages>

10.21.20. Executing OPT_REDUCE pass (consolidate $*mux and $reduce_* inputs).
  Optimizing cells in module \peweaver_halo_fft64_reference.
Performed a total of 0 changes.

10.21.21. Executing OPT_MERGE pass (detect identical cells).
Finding identical cells in module `\peweaver_halo_fft64_reference'.
Computing hashes of 373 cells of `\peweaver_halo_fft64_reference'.
Finding duplicate cells in `\peweaver_halo_fft64_reference'.
Removed a total of 0 cells.

10.21.22. Executing OPT_SHARE pass.

10.21.23. Executing OPT_DFF pass (perform DFF optimizations).

10.21.24. Executing OPT_CLEAN pass (remove unused cells and wires).
Finding unused cells or wires in module \peweaver_halo_fft64_reference..

10.21.25. Executing OPT_EXPR pass (perform const folding).
Optimizing module peweaver_halo_fft64_reference.

10.21.26. Finished fast OPT passes. (There is nothing left to do.)

10.22. Executing TECHMAP pass (map to technology primitives).

10.22.1. Executing Verilog-2005 frontend: /home/peweaver-user/Documents/chialoop/toolchains/oss-cad-suite/lib/../share/yosys/techmap.v
Parsing Verilog input from `/home/peweaver-user/Documents/chialoop/toolchains/oss-cad-suite/lib/../share/yosys/techmap.v' to AST representation.
Generating RTLIL representation for module `\_90_simplemap_bool_ops'.
Generating RTLIL representation for module `\_90_simplemap_reduce_ops'.
Generating RTLIL representation for module `\_90_simplemap_logic_ops'.
Generating RTLIL representation for module `\_90_simplemap_compare_ops'.
Generating RTLIL representation for module `\_90_simplemap_various'.
Generating RTLIL representation for module `\_90_simplemap_registers'.
Generating RTLIL representation for module `\_90_shift_ops_shr_shl_sshl_sshr'.
Generating RTLIL representation for module `\_90_shift_shiftx'.
Generating RTLIL representation for module `\_90_fa'.
Generating RTLIL representation for module `\_90_lcu_brent_kung'.
Generating RTLIL representation for module `\_90_alu'.
Generating RTLIL representation for module `\_90_macc'.
Generating RTLIL representation for module `\_90_alumacc'.
Generating RTLIL representation for module `$__div_mod_u'.
Generating RTLIL representation for module `$__div_mod_trunc'.
Generating RTLIL representation for module `\_90_div'.
Generating RTLIL representation for module `\_90_mod'.
Generating RTLIL representation for module `$__div_mod_floor'.
Generating RTLIL representation for module `\_90_divfloor'.
Generating RTLIL representation for module `\_90_modfloor'.
Generating RTLIL representation for module `\_90_pow'.
Generating RTLIL representation for module `\_90_demux'.
Generating RTLIL representation for module `\_90_lut'.
Generating RTLIL representation for module `$connect'.
Generating RTLIL representation for module `$input_port'.
Successfully finished Verilog frontend.

10.22.2. Continuing TECHMAP pass.
Using extmapper simplemap for cells of type $dff.
Using template $paramod$2470b7ea32c975a55c3ab8b283381b72d09e16d3\_90_alu for cells of type $alu.
Using template $paramod$32efbfac1c4dc57230cf86180788fdfd12e3b511\_90_alu for cells of type $alu.
Using template $paramod$d4c0c20b0ee59f495e14575c4397dc0a6dd9e8e6\_90_alu for cells of type $alu.
Using template $paramod$02488ff6fa51b28bbfa470bdd9b0e548b3357746\_90_alu for cells of type $alu.
Using extmapper maccmap for cells of type $macc_v2.
  add \core.SU1.bf2_do_re * \core.SU1.TW.ff_re (16x16 bits, signed)
  add \core.SU1.DB2.buf_im[15] (16 bits, signed)
  sub \core.SU1.bf1_do_im (16 bits, signed)
  add 17'00000000000000001 (17 bits, unsigned)
  add \core.SU1.DB2.buf_im[15] (16 bits, signed)
  add \core.SU1.bf1_do_im (16 bits, signed)
  add 17'00000000000000001 (17 bits, unsigned)
  packed 1 (1) bits / 1 words into adder tree
  add \core.SU1.DB2.buf_re[15] (16 bits, signed)
  sub \core.SU1.bf1_do_re (16 bits, signed)
  add 17'00000000000000001 (17 bits, unsigned)
  add \core.SU1.DB2.buf_re[15] (16 bits, signed)
  add \core.SU1.bf1_do_re (16 bits, signed)
  add 17'00000000000000001 (17 bits, unsigned)
  packed 1 (1) bits / 1 words into adder tree
  add \core.SU3.DB2.buf_im[0] (16 bits, signed)
  add \core.SU3.bf1_do_im (16 bits, signed)
  add 17'00000000000000001 (17 bits, unsigned)
  packed 1 (1) bits / 1 words into adder tree
  add \core.SU3.DB2.buf_re[0] (16 bits, signed)
  sub \core.SU3.bf1_do_re (16 bits, signed)
  add 17'00000000000000001 (17 bits, unsigned)
  add \core.SU3.DB2.buf_re[0] (16 bits, signed)
  add \core.SU3.bf1_do_re (16 bits, signed)
  add 17'00000000000000001 (17 bits, unsigned)
  packed 1 (1) bits / 1 words into adder tree
  add \core.SU1.bf2_count [3:0] * { \core.SU1.bf2_count [4] \core.SU1.bf2_count [5] } (4x2 bits, unsigned)
  add \core.SU1.bf2_do_re * \core.SU1.TW.ff_im (16x16 bits, signed)
  add \core.SU3.DB2.buf_im[0] (16 bits, signed)
  sub \core.SU3.bf1_do_im (16 bits, signed)
  add 17'00000000000000001 (17 bits, unsigned)
  add \core.SU2.bf2_do_im * { \core.SU2.TW.ff_re [15:1] 1'0 } (16x16 bits, signed)
  add \core.SU2.DB2.buf_re[3] (16 bits, signed)
  add \core.SU2.bf1_do_re (16 bits, signed)
  add 17'00000000000000001 (17 bits, unsigned)
  packed 1 (1) bits / 1 words into adder tree
  add \core.SU2.DB2.buf_re[3] (16 bits, signed)
  sub \core.SU2.bf1_do_re (16 bits, signed)
  add 17'00000000000000001 (17 bits, unsigned)
  add \core.SU2.DB2.buf_im[3] (16 bits, signed)
  add \core.SU2.bf1_do_im (16 bits, signed)
  add 17'00000000000000001 (17 bits, unsigned)
  packed 1 (1) bits / 1 words into adder tree
  add \core.SU2.DB2.buf_im[3] (16 bits, signed)
  sub \core.SU2.bf1_do_im (16 bits, signed)
  add 17'00000000000000001 (17 bits, unsigned)
  add \core.SU2.bf2_do_re * { \core.SU2.TW.ff_im [15:1] 1'0 } (16x16 bits, signed)
  add \core.SU2.bf2_do_im * { \core.SU2.TW.ff_im [15:1] 1'0 } (16x16 bits, signed)
  add \core.SU1.bf2_do_im * \core.SU1.TW.ff_re (16x16 bits, signed)
  add \core.SU2.bf2_do_re * { \core.SU2.TW.ff_re [15:1] 1'0 } (16x16 bits, signed)
  add \core.SU2.bf2_count [1:0] * { \core.SU2.bf2_count [2] \core.SU2.bf2_count [3] } (2x2 bits, unsigned)
  add \core.SU1.bf2_do_im * \core.SU1.TW.ff_im (16x16 bits, signed)
Using extmapper simplemap for cells of type $reduce_bool.
Using extmapper simplemap for cells of type $adffe.
Using extmapper simplemap for cells of type $reduce_or.
Using extmapper simplemap for cells of type $mux.
Using extmapper simplemap for cells of type $eq.
Using extmapper simplemap for cells of type $logic_not.
Using extmapper simplemap for cells of type $and.
Using extmapper simplemap for cells of type $adff.
Using extmapper simplemap for cells of type $pmux.
Using template $paramod\_90_fa\WIDTH=32'00000000000000000000000000011111 for cells of type $fa.
Using template $paramod$ebf89ea36a793f0f77858f212141d47c833068ad\_90_alu for cells of type $alu.
Using extmapper simplemap for cells of type $not.
Using template $paramod$740b056ede97228d3eae64ea2fdc81f0a33e0fe7\_90_alu for cells of type $alu.
Using template $paramod\_90_fa\WIDTH=32'00000000000000000000000000010001 for cells of type $fa.
Using template $paramod$3bb72ad0665cdca279bbc49ed6a39f403f16497f\_90_alu for cells of type $alu.
Using template $paramod$00298f3f8094950cb9a5ff2fda48d0d8bde8806c\_90_alu for cells of type $alu.
Using extmapper simplemap for cells of type $pos.
Using template $paramod\_90_fa\WIDTH=32'00000000000000000000000000000110 for cells of type $fa.
Using template $paramod\_90_lcu_brent_kung\WIDTH=32'00000000000000000000000000000110 for cells of type $lcu.
Using extmapper simplemap for cells of type $xor.
Using template $paramod\_90_fa\WIDTH=32'00000000000000000000000000010000 for cells of type $fa.
Using template $paramod\_90_lcu_brent_kung\WIDTH=32'00000000000000000000000000010000 for cells of type $lcu.
Using template $paramod\_90_lcu_brent_kung\WIDTH=32'00000000000000000000000000010001 for cells of type $lcu.
Using extmapper simplemap for cells of type $or.
Using template $paramod\_90_lcu_brent_kung\WIDTH=32'00000000000000000000000000011111 for cells of type $lcu.
Using template $paramod\_90_fa\WIDTH=32'00000000000000000000000000000100 for cells of type $fa.
Using template $paramod\_90_lcu_brent_kung\WIDTH=32'00000000000000000000000000000100 for cells of type $lcu.
No more expansions possible.
<suppressed ~6046 debug messages>

10.23. Executing OPT pass (performing simple optimizations).

10.23.1. Executing OPT_EXPR pass (perform const folding).
Optimizing module peweaver_halo_fft64_reference.
<suppressed ~13381 debug messages>

10.23.2. Executing OPT_MERGE pass (detect identical cells).
Finding identical cells in module `\peweaver_halo_fft64_reference'.
Computing hashes of 25643 cells of `\peweaver_halo_fft64_reference'.
Finding duplicate cells in `\peweaver_halo_fft64_reference'.
Computing hashes of 24251 cells of `\peweaver_halo_fft64_reference'.
Finding duplicate cells in `\peweaver_halo_fft64_reference'.
Computing hashes of 23386 cells of `\peweaver_halo_fft64_reference'.
Finding duplicate cells in `\peweaver_halo_fft64_reference'.
Computing hashes of 22887 cells of `\peweaver_halo_fft64_reference'.
Finding duplicate cells in `\peweaver_halo_fft64_reference'.
Computing hashes of 22646 cells of `\peweaver_halo_fft64_reference'.
Finding duplicate cells in `\peweaver_halo_fft64_reference'.
Computing hashes of 22398 cells of `\peweaver_halo_fft64_reference'.
Finding duplicate cells in `\peweaver_halo_fft64_reference'.
Computing hashes of 22238 cells of `\peweaver_halo_fft64_reference'.
Finding duplicate cells in `\peweaver_halo_fft64_reference'.
Computing hashes of 22158 cells of `\peweaver_halo_fft64_reference'.
Finding duplicate cells in `\peweaver_halo_fft64_reference'.
Computing hashes of 22142 cells of `\peweaver_halo_fft64_reference'.
Finding duplicate cells in `\peweaver_halo_fft64_reference'.
Computing hashes of 22126 cells of `\peweaver_halo_fft64_reference'.
Finding duplicate cells in `\peweaver_halo_fft64_reference'.
Computing hashes of 22118 cells of `\peweaver_halo_fft64_reference'.
Finding duplicate cells in `\peweaver_halo_fft64_reference'.
<suppressed ~10575 debug messages>
Removed a total of 3525 cells.

10.23.3. Executing OPT_DFF pass (perform DFF optimizations).
Adding SRST signal on $auto$ff.cc:337:slice$5666 ($_DFF_P_) from module peweaver_halo_fft64_reference (D = $auto$simplemap.cc:189:logic_reduce$8789, Q = \core.SU1.TW.ff_im [15], rval = 1'0).
Adding SRST signal on $auto$ff.cc:337:slice$5682 ($_DFF_P_) from module peweaver_halo_fft64_reference (D = $auto$simplemap.cc:189:logic_reduce$7676, Q = \core.SU1.TW.ff_re [15], rval = 1'1).
Adding SRST signal on $auto$ff.cc:337:slice$1084 ($_DFF_P_) from module peweaver_halo_fft64_reference (D = $auto$simplemap.cc:189:logic_reduce$3684, Q = \core.SU2.TW.ff_im [15], rval = 1'0).
Adding SRST signal on $auto$ff.cc:337:slice$1055 ($_DFF_P_) from module peweaver_halo_fft64_reference (D = $auto$simplemap.cc:189:logic_reduce$3179, Q = \core.SU2.TW.ff_re [1], rval = 1'1).
Adding SRST signal on $auto$ff.cc:337:slice$1056 ($_DFF_P_) from module peweaver_halo_fft64_reference (D = $auto$simplemap.cc:189:logic_reduce$3200, Q = \core.SU2.TW.ff_re [2], rval = 1'1).
Adding SRST signal on $auto$ff.cc:337:slice$1059 ($_DFF_P_) from module peweaver_halo_fft64_reference (D = $auto$simplemap.cc:189:logic_reduce$3221, Q = \core.SU2.TW.ff_re [5], rval = 1'1).
Adding SRST signal on $auto$ff.cc:337:slice$1061 ($_DFF_P_) from module peweaver_halo_fft64_reference (D = $auto$simplemap.cc:189:logic_reduce$3263, Q = \core.SU2.TW.ff_re [7], rval = 1'1).
Adding SRST signal on $auto$ff.cc:337:slice$1062 ($_DFF_P_) from module peweaver_halo_fft64_reference (D = $auto$simplemap.cc:189:logic_reduce$3284, Q = \core.SU2.TW.ff_re [8], rval = 1'1).
Adding SRST signal on $auto$ff.cc:337:slice$1064 ($_DFF_P_) from module peweaver_halo_fft64_reference (D = $auto$simplemap.cc:189:logic_reduce$3326, Q = \core.SU2.TW.ff_re [10], rval = 1'0).
Adding SRST signal on $auto$ff.cc:337:slice$1065 ($_DFF_P_) from module peweaver_halo_fft64_reference (D = $auto$simplemap.cc:189:logic_reduce$3347, Q = \core.SU2.TW.ff_re [11], rval = 1'1).
Adding SRST signal on $auto$ff.cc:337:slice$1066 ($_DFF_P_) from module peweaver_halo_fft64_reference (D = $auto$simplemap.cc:189:logic_reduce$3368, Q = \core.SU2.TW.ff_re [12], rval = 1'0).
Adding SRST signal on $auto$ff.cc:337:slice$1067 ($_DFF_P_) from module peweaver_halo_fft64_reference (D = $auto$simplemap.cc:189:logic_reduce$3242, Q = \core.SU2.TW.ff_re [13], rval = 1'0).
Adding SRST signal on $auto$ff.cc:337:slice$1068 ($_DFF_P_) from module peweaver_halo_fft64_reference (D = $auto$simplemap.cc:189:logic_reduce$3305, Q = \core.SU2.TW.ff_re [14], rval = 1'0).
Adding SRST signal on $auto$ff.cc:337:slice$1070 ($_DFF_P_) from module peweaver_halo_fft64_reference (D = $auto$simplemap.cc:189:logic_reduce$3504, Q = \core.SU2.TW.ff_im [1], rval = 1'0).
Adding SRST signal on $auto$ff.cc:337:slice$1071 ($_DFF_P_) from module peweaver_halo_fft64_reference (D = $auto$simplemap.cc:189:logic_reduce$3522, Q = \core.SU2.TW.ff_im [2], rval = 1'1).
Adding SRST signal on $auto$ff.cc:337:slice$1074 ($_DFF_P_) from module peweaver_halo_fft64_reference (D = $auto$simplemap.cc:189:logic_reduce$3540, Q = \core.SU2.TW.ff_im [5], rval = 1'1).
Adding SRST signal on $auto$ff.cc:337:slice$1076 ($_DFF_P_) from module peweaver_halo_fft64_reference (D = $auto$simplemap.cc:189:logic_reduce$3576, Q = \core.SU2.TW.ff_im [7], rval = 1'1).
Adding SRST signal on $auto$ff.cc:337:slice$1077 ($_DFF_P_) from module peweaver_halo_fft64_reference (D = $auto$simplemap.cc:189:logic_reduce$3594, Q = \core.SU2.TW.ff_im [8], rval = 1'0).
Adding SRST signal on $auto$ff.cc:337:slice$1079 ($_DFF_P_) from module peweaver_halo_fft64_reference (D = $auto$simplemap.cc:189:logic_reduce$3630, Q = \core.SU2.TW.ff_im [10], rval = 1'0).
Adding SRST signal on $auto$ff.cc:337:slice$1080 ($_DFF_P_) from module peweaver_halo_fft64_reference (D = $auto$simplemap.cc:189:logic_reduce$3648, Q = \core.SU2.TW.ff_im [11], rval = 1'0).
Adding SRST signal on $auto$ff.cc:337:slice$1082 ($_DFF_P_) from module peweaver_halo_fft64_reference (D = $auto$simplemap.cc:189:logic_reduce$3558, Q = \core.SU2.TW.ff_im [13], rval = 1'1).
Adding SRST signal on $auto$ff.cc:337:slice$1083 ($_DFF_P_) from module peweaver_halo_fft64_reference (D = $auto$simplemap.cc:189:logic_reduce$3612, Q = \core.SU2.TW.ff_im [14], rval = 1'0).
Adding SRST signal on $auto$ff.cc:337:slice$5651 ($_DFF_P_) from module peweaver_halo_fft64_reference (D = $auto$simplemap.cc:189:logic_reduce$7769, Q = \core.SU1.TW.ff_im [0], rval = 1'1).
Adding SRST signal on $auto$ff.cc:337:slice$5652 ($_DFF_P_) from module peweaver_halo_fft64_reference (D = $auto$simplemap.cc:189:logic_reduce$7837, Q = \core.SU1.TW.ff_im [1], rval = 1'0).
Adding SRST signal on $auto$ff.cc:337:slice$5653 ($_DFF_P_) from module peweaver_halo_fft64_reference (D = $auto$simplemap.cc:189:logic_reduce$7905, Q = \core.SU1.TW.ff_im [2], rval = 1'1).
Adding SRST signal on $auto$ff.cc:337:slice$5654 ($_DFF_P_) from module peweaver_halo_fft64_reference (D = $auto$simplemap.cc:189:logic_reduce$7973, Q = \core.SU1.TW.ff_im [3], rval = 1'1).
Adding SRST signal on $auto$ff.cc:337:slice$5655 ($_DFF_P_) from module peweaver_halo_fft64_reference (D = $auto$simplemap.cc:189:logic_reduce$8041, Q = \core.SU1.TW.ff_im [4], rval = 1'1).
Adding SRST signal on $auto$ff.cc:337:slice$5656 ($_DFF_P_) from module peweaver_halo_fft64_reference (D = $auto$simplemap.cc:189:logic_reduce$8109, Q = \core.SU1.TW.ff_im [5], rval = 1'1).
Adding SRST signal on $auto$ff.cc:337:slice$5657 ($_DFF_P_) from module peweaver_halo_fft64_reference (D = $auto$simplemap.cc:189:logic_reduce$8177, Q = \core.SU1.TW.ff_im [6], rval = 1'1).
Adding SRST signal on $auto$ff.cc:337:slice$5658 ($_DFF_P_) from module peweaver_halo_fft64_reference (D = $auto$simplemap.cc:189:logic_reduce$8245, Q = \core.SU1.TW.ff_im [7], rval = 1'0).
Adding SRST signal on $auto$ff.cc:337:slice$5659 ($_DFF_P_) from module peweaver_halo_fft64_reference (D = $auto$simplemap.cc:189:logic_reduce$8313, Q = \core.SU1.TW.ff_im [8], rval = 1'0).
Adding SRST signal on $auto$ff.cc:337:slice$5660 ($_DFF_P_) from module peweaver_halo_fft64_reference (D = $auto$simplemap.cc:189:logic_reduce$8381, Q = \core.SU1.TW.ff_im [9], rval = 1'1).
Adding SRST signal on $auto$ff.cc:337:slice$5661 ($_DFF_P_) from module peweaver_halo_fft64_reference (D = $auto$simplemap.cc:189:logic_reduce$8449, Q = \core.SU1.TW.ff_im [10], rval = 1'0).
Adding SRST signal on $auto$ff.cc:337:slice$5662 ($_DFF_P_) from module peweaver_halo_fft64_reference (D = $auto$simplemap.cc:189:logic_reduce$8517, Q = \core.SU1.TW.ff_im [11], rval = 1'1).
Adding SRST signal on $auto$ff.cc:337:slice$5663 ($_DFF_P_) from module peweaver_halo_fft64_reference (D = $auto$simplemap.cc:189:logic_reduce$8585, Q = \core.SU1.TW.ff_im [12], rval = 1'1).
Adding SRST signal on $auto$ff.cc:337:slice$5664 ($_DFF_P_) from module peweaver_halo_fft64_reference (D = $auto$simplemap.cc:189:logic_reduce$8653, Q = \core.SU1.TW.ff_im [13], rval = 1'1).
Adding SRST signal on $auto$ff.cc:337:slice$5665 ($_DFF_P_) from module peweaver_halo_fft64_reference (D = $auto$simplemap.cc:189:logic_reduce$8721, Q = \core.SU1.TW.ff_im [14], rval = 1'1).
Adding SRST signal on $auto$ff.cc:337:slice$5667 ($_DFF_P_) from module peweaver_halo_fft64_reference (D = $auto$simplemap.cc:189:logic_reduce$6386, Q = \core.SU1.TW.ff_re [0], rval = 1'0).
Adding SRST signal on $auto$ff.cc:337:slice$5668 ($_DFF_P_) from module peweaver_halo_fft64_reference (D = $auto$simplemap.cc:189:logic_reduce$6472, Q = \core.SU1.TW.ff_re [1], rval = 1'0).
Adding SRST signal on $auto$ff.cc:337:slice$5669 ($_DFF_P_) from module peweaver_halo_fft64_reference (D = $auto$simplemap.cc:189:logic_reduce$6558, Q = \core.SU1.TW.ff_re [2], rval = 1'0).
Adding SRST signal on $auto$ff.cc:337:slice$5670 ($_DFF_P_) from module peweaver_halo_fft64_reference (D = $auto$simplemap.cc:189:logic_reduce$6644, Q = \core.SU1.TW.ff_re [3], rval = 1'1).
Adding SRST signal on $auto$ff.cc:337:slice$5671 ($_DFF_P_) from module peweaver_halo_fft64_reference (D = $auto$simplemap.cc:189:logic_reduce$6730, Q = \core.SU1.TW.ff_re [4], rval = 1'1).
Adding SRST signal on $auto$ff.cc:337:slice$5672 ($_DFF_P_) from module peweaver_halo_fft64_reference (D = $auto$simplemap.cc:189:logic_reduce$6816, Q = \core.SU1.TW.ff_re [5], rval = 1'0).
Adding SRST signal on $auto$ff.cc:337:slice$5673 ($_DFF_P_) from module peweaver_halo_fft64_reference (D = $auto$simplemap.cc:189:logic_reduce$6902, Q = \core.SU1.TW.ff_re [6], rval = 1'1).
Adding SRST signal on $auto$ff.cc:337:slice$5674 ($_DFF_P_) from module peweaver_halo_fft64_reference (D = $auto$simplemap.cc:189:logic_reduce$6988, Q = \core.SU1.TW.ff_re [7], rval = 1'1).
Adding SRST signal on $auto$ff.cc:337:slice$5675 ($_DFF_P_) from module peweaver_halo_fft64_reference (D = $auto$simplemap.cc:189:logic_reduce$7074, Q = \core.SU1.TW.ff_re [8], rval = 1'0).
Adding SRST signal on $auto$ff.cc:337:slice$5676 ($_DFF_P_) from module peweaver_halo_fft64_reference (D = $auto$simplemap.cc:189:logic_reduce$7160, Q = \core.SU1.TW.ff_re [9], rval = 1'1).
Adding SRST signal on $auto$ff.cc:337:slice$5677 ($_DFF_P_) from module peweaver_halo_fft64_reference (D = $auto$simplemap.cc:189:logic_reduce$7246, Q = \core.SU1.TW.ff_re [10], rval = 1'0).
Adding SRST signal on $auto$ff.cc:337:slice$5678 ($_DFF_P_) from module peweaver_halo_fft64_reference (D = $auto$simplemap.cc:189:logic_reduce$7332, Q = \core.SU1.TW.ff_re [11], rval = 1'1).
Adding SRST signal on $auto$ff.cc:337:slice$5679 ($_DFF_P_) from module peweaver_halo_fft64_reference (D = $auto$simplemap.cc:189:logic_reduce$7418, Q = \core.SU1.TW.ff_re [12], rval = 1'1).
Adding SRST signal on $auto$ff.cc:337:slice$5680 ($_DFF_P_) from module peweaver_halo_fft64_reference (D = $auto$simplemap.cc:189:logic_reduce$7504, Q = \core.SU1.TW.ff_re [13], rval = 1'0).
Adding SRST signal on $auto$ff.cc:337:slice$5681 ($_DFF_P_) from module peweaver_halo_fft64_reference (D = $auto$simplemap.cc:189:logic_reduce$7590, Q = \core.SU1.TW.ff_re [14], rval = 1'1).

10.23.4. Executing OPT_CLEAN pass (remove unused cells and wires).
Finding unused cells or wires in module \peweaver_halo_fft64_reference..
Removed 1112 unused cells and 5014 unused wires.
<suppressed ~1118 debug messages>

10.23.5. Rerunning OPT passes. (Removed registers in this run.)

10.23.6. Executing OPT_EXPR pass (perform const folding).
Optimizing module peweaver_halo_fft64_reference.

10.23.7. Executing OPT_MERGE pass (detect identical cells).
Finding identical cells in module `\peweaver_halo_fft64_reference'.
Computing hashes of 21006 cells of `\peweaver_halo_fft64_reference'.
Finding duplicate cells in `\peweaver_halo_fft64_reference'.
Removed a total of 0 cells.

10.23.8. Executing OPT_DFF pass (perform DFF optimizations).

10.23.9. Executing OPT_CLEAN pass (remove unused cells and wires).
Finding unused cells or wires in module \peweaver_halo_fft64_reference..

10.23.10. Finished fast OPT passes.

10.24. Executing ABC pass (technology mapping using ABC).

10.24.1. Extracting gate netlist of module `\peweaver_halo_fft64_reference' to `<abc-temp-dir>/input.blif'..

10.24.1.1. Executed ABC.
Extracted 18586 gates and 19159 wires to a netlist network with 572 inputs and 571 outputs.
Running ABC script: <abc-temp-dir>/abc.script
ABC: UC Berkeley, ABC 1.01 (compiled Aug 28 2026 12:09:00)
ABC: abc 01> empty
ABC: abc 01> source <abc-temp-dir>/abc.script
ABC: + read_blif <abc-temp-dir>/input.blif 
ABC: + read_library <abc-temp-dir>/stdcells.genlib 
ABC: + strash 
ABC: + &get -n 
ABC: + &fraig -x 
ABC: + &put 
ABC: + scorr 
ABC: Warning: The network is combinational (run "fraig" or "fraig_sweep").
ABC: + dc2 
ABC: + dretime 
ABC: + strash 
ABC: + &get -n 
ABC: + &dch -f 
ABC: + &nf 
ABC: + &put 
ABC: + write_blif <abc-temp-dir>/output.blif 
ABC: 
ABC: YOSYS_ABC_DONE 

10.24.1.2. Re-integrating ABC results.
ABC RESULTS:               AND cells:     2717
ABC RESULTS:            ANDNOT cells:      361
ABC RESULTS:               MUX cells:      502
ABC RESULTS:              NAND cells:     7128
ABC RESULTS:               NOR cells:       59
ABC RESULTS:               NOT cells:       33
ABC RESULTS:                OR cells:      402
ABC RESULTS:             ORNOT cells:      393
ABC RESULTS:              XNOR cells:      721
ABC RESULTS:               XOR cells:     4410
ABC RESULTS:        internal signals:    18016
ABC RESULTS:           input signals:      572
ABC RESULTS:          output signals:      571
Removing temp directory.
Removing global temp directory.

10.25. Executing OPT pass (performing simple optimizations).

10.25.1. Executing OPT_EXPR pass (perform const folding).
Optimizing module peweaver_halo_fft64_reference.

10.25.2. Executing OPT_MERGE pass (detect identical cells).
Finding identical cells in module `\peweaver_halo_fft64_reference'.
Computing hashes of 19146 cells of `\peweaver_halo_fft64_reference'.
Finding duplicate cells in `\peweaver_halo_fft64_reference'.
Computing hashes of 19142 cells of `\peweaver_halo_fft64_reference'.
Finding duplicate cells in `\peweaver_halo_fft64_reference'.
Computing hashes of 19141 cells of `\peweaver_halo_fft64_reference'.
Finding duplicate cells in `\peweaver_halo_fft64_reference'.
Computing hashes of 19122 cells of `\peweaver_halo_fft64_reference'.
Finding duplicate cells in `\peweaver_halo_fft64_reference'.
<suppressed ~72 debug messages>
Removed a total of 24 cells.

10.25.3. Executing OPT_DFF pass (perform DFF optimizations).

10.25.4. Executing OPT_CLEAN pass (remove unused cells and wires).
Finding unused cells or wires in module \peweaver_halo_fft64_reference..
Removed 0 unused cells and 4280 unused wires.
<suppressed ~77 debug messages>

10.25.5. Finished fast OPT passes.

10.26. Executing HIERARCHY pass (managing design hierarchy).
Attribute `top' found on module `peweaver_halo_fft64_reference'. Setting top module to peweaver_halo_fft64_reference.

10.26.1. Analyzing design hierarchy..
Top module:  \peweaver_halo_fft64_reference

10.26.2. Analyzing design hierarchy..
Top module:  \peweaver_halo_fft64_reference
Removed 0 unused modules.

10.27. Printing statistics.

=== peweaver_halo_fft64_reference ===

        +----------Local Count, excluding submodules.
        | 
    17092 wires
    27827 wire bits
      777 public wires
    11512 public wire bits
        8 ports
       68 port bits
    19122 cells
      361   $_ANDNOT_
     2699   $_AND_
        6   $_DFFE_PP0P_
       59   $_DFF_PP0_
     2281   $_DFF_P_
      501   $_MUX_
     7127   $_NAND_
       59   $_NOR_
       32   $_NOT_
      391   $_ORNOT_
      402   $_OR_
       22   $_SDFF_PN0_
       29   $_SDFF_PN1_
      721   $_XNOR_
     4410   $_XOR_
       22   $scopeinfo

10.28. Executing CHECK pass (checking for obvious problems).
Checking module peweaver_halo_fft64_reference...
Found and reported 0 problems.

11. Executing DFFLIBMAP pass (mapping DFF/DLATCH cells to sequential cells from liberty file).
  cell sky130_fd_sc_hd__dfxtp_1 (noninv, pins=3, area=20.02) is a direct match for cell type $_DFF_P_.
  cell sky130_fd_sc_hd__dfrtn_1 (noninv, pins=4, area=25.02) is a direct match for cell type $_DFF_NN0_.
  cell sky130_fd_sc_hd__dfrtp_1 (noninv, pins=4, area=25.02) is a direct match for cell type $_DFF_PN0_.
  cell sky130_fd_sc_hd__dfstp_1 (noninv, pins=4, area=26.28) is a direct match for cell type $_DFF_PN1_.
  cell sky130_fd_sc_hd__edfxtp_1 (noninv, pins=4, area=30.03) is a direct match for cell type $_DFFE_PP_.
  cell sky130_fd_sc_hd__dfbbn_1 (noninv, pins=6, area=32.53) is a direct match for cell type $_DFFSR_NNN_.
  cell sky130_fd_sc_hd__dfbbp_1 (noninv, pins=6, area=32.53) is a direct match for cell type $_DFFSR_PNN_.
  cell sky130_fd_sc_hd__dlxtn_1 (noninv, pins=3, area=15.01) is a direct match for cell type $_DLATCH_N_.
  cell sky130_fd_sc_hd__dlxtp_1 (noninv, pins=3, area=15.01) is a direct match for cell type $_DLATCH_P_.
  cell sky130_fd_sc_hd__dlrtn_1 (noninv, pins=4, area=17.52) is a direct match for cell type $_DLATCH_NN0_.
  cell sky130_fd_sc_hd__dlrtp_1 (noninv, pins=4, area=16.27) is a direct match for cell type $_DLATCH_PN0_.
  final dff/dlatch cell mappings:
    unmapped dff/dlatch cell: $_DFF_N_
    \sky130_fd_sc_hd__dfxtp_1 _DFF_P_ (.CLK( C), .D( D), .Q( Q));
    \sky130_fd_sc_hd__dfrtn_1 _DFF_NN0_ (.CLK_N( C), .D( D), .Q( Q), .RESET_B( R));
    unmapped dff/dlatch cell: $_DFF_NN1_
    unmapped dff/dlatch cell: $_DFF_NP0_
    unmapped dff/dlatch cell: $_DFF_NP1_
    \sky130_fd_sc_hd__dfrtp_1 _DFF_PN0_ (.CLK( C), .D( D), .Q( Q), .RESET_B( R));
    \sky130_fd_sc_hd__dfstp_1 _DFF_PN1_ (.CLK( C), .D( D), .Q( Q), .SET_B( R));
    unmapped dff/dlatch cell: $_DFF_PP0_
    unmapped dff/dlatch cell: $_DFF_PP1_
    unmapped dff/dlatch cell: $_DFFE_NN_
    unmapped dff/dlatch cell: $_DFFE_NP_
    unmapped dff/dlatch cell: $_DFFE_PN_
    \sky130_fd_sc_hd__edfxtp_1 _DFFE_PP_ (.CLK( C), .D( D), .DE( E), .Q( Q));
    \sky130_fd_sc_hd__dfbbn_1 _DFFSR_NNN_ (.CLK_N( C), .D( D), .Q( Q), .Q_N(~Q), .RESET_B( R), .SET_B( S));
    unmapped dff/dlatch cell: $_DFFSR_NNP_
    unmapped dff/dlatch cell: $_DFFSR_NPN_
    unmapped dff/dlatch cell: $_DFFSR_NPP_
    \sky130_fd_sc_hd__dfbbp_1 _DFFSR_PNN_ (.CLK( C), .D( D), .Q( Q), .Q_N(~Q), .RESET_B( R), .SET_B( S));
    unmapped dff/dlatch cell: $_DFFSR_PNP_
    unmapped dff/dlatch cell: $_DFFSR_PPN_
    unmapped dff/dlatch cell: $_DFFSR_PPP_
    \sky130_fd_sc_hd__dlxtn_1 _DLATCH_N_ (.D( D), .GATE_N( E), .Q( Q));
    \sky130_fd_sc_hd__dlxtp_1 _DLATCH_P_ (.D( D), .GATE( E), .Q( Q));
    \sky130_fd_sc_hd__dlrtn_1 _DLATCH_NN0_ (.D( D), .GATE_N( E), .Q( Q), .RESET_B( R));
    unmapped dff/dlatch cell: $_DLATCH_NN1_
    unmapped dff/dlatch cell: $_DLATCH_NP0_
    unmapped dff/dlatch cell: $_DLATCH_NP1_
    \sky130_fd_sc_hd__dlrtp_1 _DLATCH_PN0_ (.D( D), .GATE( E), .Q( Q), .RESET_B( R));
    unmapped dff/dlatch cell: $_DLATCH_PN1_
    unmapped dff/dlatch cell: $_DLATCH_PP0_
    unmapped dff/dlatch cell: $_DLATCH_PP1_
    unmapped dff/dlatch cell: $_DLATCHSR_NNN_
    unmapped dff/dlatch cell: $_DLATCHSR_NNP_
    unmapped dff/dlatch cell: $_DLATCHSR_NPN_
    unmapped dff/dlatch cell: $_DLATCHSR_NPP_
    unmapped dff/dlatch cell: $_DLATCHSR_PNN_
    unmapped dff/dlatch cell: $_DLATCHSR_PNP_
    unmapped dff/dlatch cell: $_DLATCHSR_PPN_
    unmapped dff/dlatch cell: $_DLATCHSR_PPP_

11.1. Executing DFFLEGALIZE pass (convert FFs and LATCHes to types supported by the target).
<suppressed ~24 debug messages>
Mapping DFF/DLATCH cells in module `\peweaver_halo_fft64_reference':
  mapped 65 $_DFF_PN0_ cells to \sky130_fd_sc_hd__dfrtp_1 cells.
  mapped 2332 $_DFF_P_ cells to \sky130_fd_sc_hd__dfxtp_1 cells.

12. Executing ABC pass (technology mapping using ABC).

12.1. Extracting gate netlist of module `\peweaver_halo_fft64_reference' to `<abc-temp-dir>/input.blif'..

12.1.1. Executed ABC.
Extracted 16825 gates and 17399 wires to a netlist network with 572 inputs and 630 outputs.
Running ABC script: <abc-temp-dir>/abc.script
ABC: UC Berkeley, ABC 1.01 (compiled Aug 28 2026 12:09:00)
ABC: abc 01> empty
ABC: abc 01> source <abc-temp-dir>/abc.script
ABC: + read_blif <abc-temp-dir>/input.blif 
ABC: + read_scl /tmp/yosys-liberty-scl-cache/yosys_merged_fddd6e79.scl 
ABC: Warning: Detected 9 multi-output cells (for example, "sky130_fd_sc_hd__fa_1").
ABC: + strash 
ABC: + &get -n 
ABC: + &fraig -x 
ABC: + &put 
ABC: + scorr 
ABC: Warning: The network is combinational (run "fraig" or "fraig_sweep").
ABC: + dc2 
ABC: + dretime 
ABC: + retime -o -D 10000 
ABC: + strash 
ABC: + &get -n 
ABC: + &dch -f 
ABC: + &nf -D 10000 
ABC: + &put 
ABC: + write_blif <abc-temp-dir>/output.blif 
ABC: 
ABC: YOSYS_ABC_DONE 

12.1.2. Re-integrating ABC results.
ABC RESULTS:   sky130_fd_sc_hd__a2111o_1 cells:        1
ABC RESULTS:   sky130_fd_sc_hd__a211o_1 cells:        1
ABC RESULTS:   sky130_fd_sc_hd__a211oi_1 cells:       23
ABC RESULTS:   sky130_fd_sc_hd__a21boi_0 cells:       37
ABC RESULTS:   sky130_fd_sc_hd__a21o_1 cells:      119
ABC RESULTS:   sky130_fd_sc_hd__a21oi_1 cells:      845
ABC RESULTS:   sky130_fd_sc_hd__a221o_1 cells:        1
ABC RESULTS:   sky130_fd_sc_hd__a221oi_1 cells:        4
ABC RESULTS:   sky130_fd_sc_hd__a22o_1 cells:       42
ABC RESULTS:   sky130_fd_sc_hd__a22oi_1 cells:      101
ABC RESULTS:   sky130_fd_sc_hd__a2bb2o_1 cells:        3
ABC RESULTS:   sky130_fd_sc_hd__a2bb2oi_1 cells:       13
ABC RESULTS:   sky130_fd_sc_hd__a311oi_1 cells:        1
ABC RESULTS:   sky130_fd_sc_hd__a31o_1 cells:        8
ABC RESULTS:   sky130_fd_sc_hd__a31oi_1 cells:       73
ABC RESULTS:   sky130_fd_sc_hd__a32o_1 cells:       12
ABC RESULTS:   sky130_fd_sc_hd__a32oi_1 cells:        9
ABC RESULTS:   sky130_fd_sc_hd__and2_0 cells:      333
ABC RESULTS:   sky130_fd_sc_hd__and3_1 cells:      126
ABC RESULTS:   sky130_fd_sc_hd__and4_1 cells:       34
ABC RESULTS:   sky130_fd_sc_hd__clkinv_1 cells:      307
ABC RESULTS:   sky130_fd_sc_hd__maj3_1 cells:     1129
ABC RESULTS:   sky130_fd_sc_hd__mux2_1 cells:       14
ABC RESULTS:   sky130_fd_sc_hd__mux2i_1 cells:       11
ABC RESULTS:   sky130_fd_sc_hd__nand2_1 cells:     2330
ABC RESULTS:   sky130_fd_sc_hd__nand2b_1 cells:      346
ABC RESULTS:   sky130_fd_sc_hd__nand3_1 cells:      255
ABC RESULTS:   sky130_fd_sc_hd__nand3b_1 cells:        1
ABC RESULTS:   sky130_fd_sc_hd__nand4_1 cells:       59
ABC RESULTS:   sky130_fd_sc_hd__nand4b_1 cells:        2
ABC RESULTS:   sky130_fd_sc_hd__nor2_1 cells:     1488
ABC RESULTS:   sky130_fd_sc_hd__nor2b_1 cells:      359
ABC RESULTS:   sky130_fd_sc_hd__nor3_1 cells:      133
ABC RESULTS:   sky130_fd_sc_hd__nor3b_1 cells:       17
ABC RESULTS:   sky130_fd_sc_hd__nor4_1 cells:       16
ABC RESULTS:   sky130_fd_sc_hd__nor4b_1 cells:        2
ABC RESULTS:   sky130_fd_sc_hd__o2111ai_1 cells:        6
ABC RESULTS:   sky130_fd_sc_hd__o211ai_1 cells:       13
ABC RESULTS:   sky130_fd_sc_hd__o21a_1 cells:       78
ABC RESULTS:   sky130_fd_sc_hd__o21ai_0 cells:      515
ABC RESULTS:   sky130_fd_sc_hd__o21ba_1 cells:        3
ABC RESULTS:   sky130_fd_sc_hd__o21bai_1 cells:       41
ABC RESULTS:   sky130_fd_sc_hd__o221ai_1 cells:        2
ABC RESULTS:   sky130_fd_sc_hd__o22a_1 cells:       59
ABC RESULTS:   sky130_fd_sc_hd__o22ai_1 cells:       51
ABC RESULTS:   sky130_fd_sc_hd__o2bb2ai_1 cells:       16
ABC RESULTS:   sky130_fd_sc_hd__o31a_1 cells:        4
ABC RESULTS:   sky130_fd_sc_hd__o31ai_1 cells:       31
ABC RESULTS:   sky130_fd_sc_hd__o32a_1 cells:        1
ABC RESULTS:   sky130_fd_sc_hd__o32ai_1 cells:       34
ABC RESULTS:   sky130_fd_sc_hd__o41ai_1 cells:        1
ABC RESULTS:   sky130_fd_sc_hd__or2_0 cells:       55
ABC RESULTS:   sky130_fd_sc_hd__or3_1 cells:       38
ABC RESULTS:   sky130_fd_sc_hd__or3b_1 cells:        3
ABC RESULTS:   sky130_fd_sc_hd__or4_1 cells:        8
ABC RESULTS:   sky130_fd_sc_hd__or4b_1 cells:        2
ABC RESULTS:   sky130_fd_sc_hd__xnor2_1 cells:     2444
ABC RESULTS:   sky130_fd_sc_hd__xnor3_1 cells:      243
ABC RESULTS:   sky130_fd_sc_hd__xor2_1 cells:     1367
ABC RESULTS:   sky130_fd_sc_hd__xor3_1 cells:      155
ABC RESULTS:        internal signals:    16197
ABC RESULTS:           input signals:      572
ABC RESULTS:          output signals:      630
Removing temp directory.
Removing global temp directory.

13. Executing SETUNDEF pass (replace undef values with defined constants).

14. Executing SPLITNETS pass (splitting up multi-bit signals).

15. Executing OPT_CLEAN pass (remove unused cells and wires).
Finding unused cells or wires in module \peweaver_halo_fft64_reference..
Removed 22 unused cells and 26089 unused wires.
<suppressed ~8718 debug messages>

16. Executing CHECK pass (checking for obvious problems).
Checking module peweaver_halo_fft64_reference...
Warning: Wire peweaver_halo_fft64_reference.\do_en is used but has no driver.
Warning: Wire peweaver_halo_fft64_reference.\do_re [15] is used but has no driver.
Warning: Wire peweaver_halo_fft64_reference.\do_re [14] is used but has no driver.
Warning: Wire peweaver_halo_fft64_reference.\do_re [13] is used but has no driver.
Warning: Wire peweaver_halo_fft64_reference.\do_re [12] is used but has no driver.
Warning: Wire peweaver_halo_fft64_reference.\do_re [11] is used but has no driver.
Warning: Wire peweaver_halo_fft64_reference.\do_re [10] is used but has no driver.
Warning: Wire peweaver_halo_fft64_reference.\do_re [9] is used but has no driver.
Warning: Wire peweaver_halo_fft64_reference.\do_re [8] is used but has no driver.
Warning: Wire peweaver_halo_fft64_reference.\do_re [7] is used but has no driver.
Warning: Wire peweaver_halo_fft64_reference.\do_re [6] is used but has no driver.
Warning: Wire peweaver_halo_fft64_reference.\do_re [5] is used but has no driver.
Warning: Wire peweaver_halo_fft64_reference.\do_re [4] is used but has no driver.
Warning: Wire peweaver_halo_fft64_reference.\do_re [3] is used but has no driver.
Warning: Wire peweaver_halo_fft64_reference.\do_re [2] is used but has no driver.
Warning: Wire peweaver_halo_fft64_reference.\do_re [1] is used but has no driver.
Warning: Wire peweaver_halo_fft64_reference.\do_re [0] is used but has no driver.
Warning: Wire peweaver_halo_fft64_reference.\do_im [15] is used but has no driver.
Warning: Wire peweaver_halo_fft64_reference.\do_im [14] is used but has no driver.
Warning: Wire peweaver_halo_fft64_reference.\do_im [13] is used but has no driver.
Warning: Wire peweaver_halo_fft64_reference.\do_im [12] is used but has no driver.
Warning: Wire peweaver_halo_fft64_reference.\do_im [11] is used but has no driver.
Warning: Wire peweaver_halo_fft64_reference.\do_im [10] is used but has no driver.
Warning: Wire peweaver_halo_fft64_reference.\do_im [9] is used but has no driver.
Warning: Wire peweaver_halo_fft64_reference.\do_im [8] is used but has no driver.
Warning: Wire peweaver_halo_fft64_reference.\do_im [7] is used but has no driver.
Warning: Wire peweaver_halo_fft64_reference.\do_im [6] is used but has no driver.
Warning: Wire peweaver_halo_fft64_reference.\do_im [5] is used but has no driver.
Warning: Wire peweaver_halo_fft64_reference.\do_im [4] is used but has no driver.
Warning: Wire peweaver_halo_fft64_reference.\do_im [3] is used but has no driver.
Warning: Wire peweaver_halo_fft64_reference.\do_im [2] is used but has no driver.
Warning: Wire peweaver_halo_fft64_reference.\do_im [1] is used but has no driver.
Warning: Wire peweaver_halo_fft64_reference.\do_im [0] is used but has no driver.
Found and reported 33 problems.

17. Printing statistics.

=== peweaver_halo_fft64_reference ===

        +----------Local Count, excluding submodules.
        |        +-Local Area, excluding submodules.
        |        | 
    15797        - wires
    15857        - wire bits
     2757        - public wires
     2817        - public wire bits
        8        - ports
       68        - port bits
    15822 1.42E+05 cells
        1   11.261   sky130_fd_sc_hd__a2111o_1
        1    8.758   sky130_fd_sc_hd__a211o_1
       23  172.666   sky130_fd_sc_hd__a211oi_1
       37  277.766   sky130_fd_sc_hd__a21boi_0
      119  893.357   sky130_fd_sc_hd__a21o_1
      845 4.23E+03   sky130_fd_sc_hd__a21oi_1
        1    10.01   sky130_fd_sc_hd__a221o_1
        4   35.034   sky130_fd_sc_hd__a221oi_1
       42  367.853   sky130_fd_sc_hd__a22o_1
      101  758.227   sky130_fd_sc_hd__a22oi_1
        3   30.029   sky130_fd_sc_hd__a2bb2o_1
       13  113.859   sky130_fd_sc_hd__a2bb2oi_1
        1    8.758   sky130_fd_sc_hd__a311oi_1
        8   70.067   sky130_fd_sc_hd__a31o_1
       73  456.688   sky130_fd_sc_hd__a31oi_1
       12  120.115   sky130_fd_sc_hd__a32o_1
        9   78.826   sky130_fd_sc_hd__a32oi_1
      333 2.08E+03   sky130_fd_sc_hd__and2_0
      126  788.256   sky130_fd_sc_hd__and3_1
       34  297.786   sky130_fd_sc_hd__and4_1
      307 1.15E+03   sky130_fd_sc_hd__clkinv_1
       65  1626.56   sky130_fd_sc_hd__dfrtp_1
     2332 4.67E+04   sky130_fd_sc_hd__dfxtp_1
     1129 1.13E+04   sky130_fd_sc_hd__maj3_1
       14  157.651   sky130_fd_sc_hd__mux2_1
       11  110.106   sky130_fd_sc_hd__mux2i_1
     2330 8.75E+03   sky130_fd_sc_hd__nand2_1
      346 2.16E+03   sky130_fd_sc_hd__nand2b_1
      255 1.28E+03   sky130_fd_sc_hd__nand3_1
        1    7.507   sky130_fd_sc_hd__nand3b_1
       59  369.104   sky130_fd_sc_hd__nand4_1
        2   17.517   sky130_fd_sc_hd__nand4b_1
     1488 5.59E+03   sky130_fd_sc_hd__nor2_1
      359 2.25E+03   sky130_fd_sc_hd__nor2b_1
      133  665.638   sky130_fd_sc_hd__nor3_1
       17  127.622   sky130_fd_sc_hd__nor3b_1
       16  100.096   sky130_fd_sc_hd__nor4_1
        2   17.517   sky130_fd_sc_hd__nor4b_1
        6    52.55   sky130_fd_sc_hd__o2111ai_1
       13   97.594   sky130_fd_sc_hd__o211ai_1
       78  585.562   sky130_fd_sc_hd__o21a_1
      515 2.58E+03   sky130_fd_sc_hd__o21ai_0
        3   30.029   sky130_fd_sc_hd__o21ba_1
       41  307.795   sky130_fd_sc_hd__o21bai_1
        2   17.517   sky130_fd_sc_hd__o221ai_1
       59  516.746   sky130_fd_sc_hd__o22a_1
       51  319.056   sky130_fd_sc_hd__o22ai_1
       16  140.134   sky130_fd_sc_hd__o2bb2ai_1
        4   35.034   sky130_fd_sc_hd__o31a_1
       31  232.723   sky130_fd_sc_hd__o31ai_1
        1    10.01   sky130_fd_sc_hd__o32a_1
       34  297.786   sky130_fd_sc_hd__o32ai_1
        1    8.758   sky130_fd_sc_hd__o41ai_1
       55   344.08   sky130_fd_sc_hd__or2_0
       38  237.728   sky130_fd_sc_hd__or3_1
        3   26.275   sky130_fd_sc_hd__or3b_1
        8   60.058   sky130_fd_sc_hd__or4_1
        2   20.019   sky130_fd_sc_hd__or4b_1
     2444 2.14E+04   sky130_fd_sc_hd__xnor2_1
      243 5.47E+03   sky130_fd_sc_hd__xnor3_1
     1367  1.2E+04   sky130_fd_sc_hd__xor2_1
      155 3.68E+03   sky130_fd_sc_hd__xor3_1

   Chip area for module '\peweaver_halo_fft64_reference': 141619.574400
     of which used for sequential elements: 48311.334400 (34.11%)

18. Executing Verilog backend.
Dumping module `\peweaver_halo_fft64_reference'.

Warnings: 37 unique messages, 47 total
End of script. Logfile hash: 3c52e8fa39, time: 4.39s, user: 2.59s, system: 0.14s, MEM: 111.84 MB peak
Yosys 0.68+136 (git sha1 c30457480-dirty, Release, Clang /usr/bin/clang++ 21.1.8)
Time spent: 54% 2x abc (2 sec), 8% 22x opt_merge (0 sec), ...
run-physical.sh: stage 2 activity trace (verilator -> VCD)
run-physical.sh: stage 3a OpenROAD frontend (floorplan/place/CTS/global route)
OpenROAD v2.0-17598-ga008522d8 
Features included (+) or not (-): +Charts +GPU +GUI +Python : None
This program is licensed under the BSD-3 license. See the LICENSE file for details.
Components of this program may be licensed under more restrictive licenses which must be honored.
[INFO ORD-0030] Using 12 thread(s).
[INFO ODB-0227] LEF file: /home/peweaver-user/.volare/sky130A/libs.ref/sky130_fd_sc_hd/techlef/sky130_fd_sc_hd__nom.tlef, created 14 layers, 25 vias
[WARNING ODB-0220] WARNING (LEFPARS-2008): NOWIREEXTENSIONATPIN statement is obsolete in version 5.6 or later.
The NOWIREEXTENSIONATPIN statement will be ignored. See file /home/peweaver-user/.volare/sky130A/libs.ref/sky130_fd_sc_hd/lef/sky130_fd_sc_hd.lef at line 2.

[INFO ODB-0227] LEF file: /home/peweaver-user/.volare/sky130A/libs.ref/sky130_fd_sc_hd/lef/sky130_fd_sc_hd.lef, created 437 library cells
[WARNING IFP-0028] Core area lower left (5.000, 5.000) snapped to (5.060, 5.440).
[INFO IFP-0001] Added 218 rows of 1293 site unithd.
Found 0 macro blocks.
Using 2 tracks default min distance between IO pins.
[INFO PPL-0001] Number of slots           2202
[INFO PPL-0002] Number of I/O             68
[INFO PPL-0003] Number of I/O w/sink      68
[INFO PPL-0004] Number of I/O w/o sink    0
[INFO PPL-0005] Slots per section         200
[INFO PPL-0008] Successfully assigned pins to sections.
[INFO PPL-0012] I/O nets HPWL: 21634.20 um.
[INFO TAP-0005] Inserted 4730 tapcells.
[INFO PDN-0001] Inserting grid: grid
[INFO GPL-0002] DBU: 1000
[INFO GPL-0003] SiteSize: (  0.460  2.720 ) um
[INFO GPL-0004] CoreBBox: (  5.060  5.440 ) ( 599.840 598.400 ) um
[INFO GPL-0006] NumInstances:             20552
[INFO GPL-0007] NumPlaceInstances:        15822
[INFO GPL-0008] NumFixedInstances:         4730
[INFO GPL-0009] NumDummyInstances:            0
[INFO GPL-0010] NumNets:                  15857
[INFO GPL-0011] NumPins:                  52393
[INFO GPL-0012] DieBBox:  (  0.000  0.000 ) ( 605.020 605.020 ) um
[INFO GPL-0013] CoreBBox: (  5.060  5.440 ) ( 599.840 598.400 ) um
[INFO GPL-0016] CoreArea:            352680.749 um^2
[INFO GPL-0017] NonPlaceInstsArea:     5918.176 um^2
[INFO GPL-0018] PlaceInstsArea:      141619.574 um^2
[INFO GPL-0019] Util:                    40.840 %
[INFO GPL-0020] StdInstsArea:        141619.574 um^2
[INFO GPL-0021] MacroInstsArea:           0.000 um^2
[InitialPlace]  Iter: 1 CG residual: 0.02743835 HPWL: 173170280
[InitialPlace]  Iter: 2 CG residual: 0.02976505 HPWL: 141251630
[InitialPlace]  Iter: 3 CG residual: 0.03448175 HPWL: 139106575
[InitialPlace]  Iter: 4 CG residual: 0.03056919 HPWL: 137162852
[InitialPlace]  Iter: 5 CG residual: 0.01613422 HPWL: 132624879
[InitialPlace]  Iter: 6 CG residual: 0.09170461 HPWL: 132133426
[InitialPlace]  Iter: 7 CG residual: 0.02367594 HPWL: 148560460
[InitialPlace]  Iter: 8 CG residual: 0.03287173 HPWL: 144835698
[InitialPlace]  Iter: 9 CG residual: 0.02088729 HPWL: 135151343
[InitialPlace]  Iter: 10 CG residual: 0.02823590 HPWL: 134153193
[InitialPlace]  Iter: 11 CG residual: 0.01617734 HPWL: 131154237
[InitialPlace]  Iter: 12 CG residual: 0.01540137 HPWL: 130084602
[InitialPlace]  Iter: 13 CG residual: 0.01158328 HPWL: 127706291
[InitialPlace]  Iter: 14 CG residual: 0.00879842 HPWL: 126871804
[InitialPlace]  Iter: 15 CG residual: 0.00443103 HPWL: 124482240
[InitialPlace]  Iter: 16 CG residual: 0.00153036 HPWL: 123697586
[InitialPlace]  Iter: 17 CG residual: 0.00021100 HPWL: 122105850
[InitialPlace]  Iter: 18 CG residual: 0.00007003 HPWL: 121651074
[InitialPlace]  Iter: 19 CG residual: 0.00007537 HPWL: 121563657
[InitialPlace]  Iter: 20 CG residual: 0.00004897 HPWL: 121530399
[INFO GPL-0031] FillerInit:NumGCells:     23623
[INFO GPL-0032] FillerInit:NumGNets:      15857
[INFO GPL-0033] FillerInit:NumGPins:      52393
[INFO GPL-0023] TargetDensity:            0.600
[INFO GPL-0024] AvrgPlaceInstArea:        8.951 um^2
[INFO GPL-0025] IdealBinArea:            14.918 um^2
[INFO GPL-0026] IdealBinCnt:              23641
[INFO GPL-0027] TotalBinArea:        352680.749 um^2
[INFO GPL-0028] BinCnt:       128    128
[INFO GPL-0029] BinSize: (  4.647  4.633 )
[INFO GPL-0030] NumBins: 16384
[NesterovSolve] Iter:    1 overflow: 0.998 HPWL: 34716109
[NesterovSolve] Iter:   10 overflow: 0.998 HPWL: 33006703
[NesterovSolve] Iter:   20 overflow: 0.998 HPWL: 33093595
[NesterovSolve] Iter:   30 overflow: 0.998 HPWL: 33146399
[NesterovSolve] Iter:   40 overflow: 0.998 HPWL: 33178646
[NesterovSolve] Iter:   50 overflow: 0.998 HPWL: 33199834
[NesterovSolve] Iter:   60 overflow: 0.998 HPWL: 33228396
[NesterovSolve] Iter:   70 overflow: 0.998 HPWL: 33247903
[NesterovSolve] Iter:   80 overflow: 0.998 HPWL: 33256189
[NesterovSolve] Iter:   90 overflow: 0.998 HPWL: 33260248
[NesterovSolve] Iter:  100 overflow: 0.998 HPWL: 33266992
[NesterovSolve] Iter:  110 overflow: 0.998 HPWL: 33293790
[NesterovSolve] Iter:  120 overflow: 0.998 HPWL: 33395533
[NesterovSolve] Iter:  130 overflow: 0.997 HPWL: 33651684
[NesterovSolve] Iter:  140 overflow: 0.997 HPWL: 34179765
[NesterovSolve] Iter:  150 overflow: 0.995 HPWL: 35085754
[NesterovSolve] Iter:  160 overflow: 0.992 HPWL: 36581314
[NesterovSolve] Iter:  170 overflow: 0.988 HPWL: 38727902
[NesterovSolve] Iter:  180 overflow: 0.981 HPWL: 41654532
[NesterovSolve] Iter:  190 overflow: 0.973 HPWL: 45918116
[NesterovSolve] Iter:  200 overflow: 0.961 HPWL: 52039003
[NesterovSolve] Iter:  210 overflow: 0.946 HPWL: 60380840
[NesterovSolve] Iter:  220 overflow: 0.926 HPWL: 70767178
[NesterovSolve] Iter:  230 overflow: 0.902 HPWL: 82997937
[NesterovSolve] Iter:  240 overflow: 0.875 HPWL: 96563905
[NesterovSolve] Iter:  250 overflow: 0.848 HPWL: 110686654
[NesterovSolve] Iter:  260 overflow: 0.822 HPWL: 126033624
[NesterovSolve] Iter:  270 overflow: 0.791 HPWL: 141396013
[NesterovSolve] Iter:  280 overflow: 0.764 HPWL: 154902323
[NesterovSolve] Iter:  290 overflow: 0.729 HPWL: 167605185
[NesterovSolve] Iter:  300 overflow: 0.696 HPWL: 181258075
[NesterovSolve] Iter:  310 overflow: 0.659 HPWL: 190020474
[NesterovSolve] Iter:  320 overflow: 0.624 HPWL: 191849016
[NesterovSolve] Iter:  330 overflow: 0.574 HPWL: 212036020
[NesterovSolve] Iter:  340 overflow: 0.531 HPWL: 221104272
[NesterovSolve] Iter:  350 overflow: 0.491 HPWL: 229798230
[NesterovSolve] Iter:  360 overflow: 0.454 HPWL: 228165379
[NesterovSolve] Iter:  370 overflow: 0.428 HPWL: 223406067
[NesterovSolve] Iter:  380 overflow: 0.388 HPWL: 225035415
[NesterovSolve] Iter:  390 overflow: 0.347 HPWL: 225989751
[NesterovSolve] Iter:  400 overflow: 0.317 HPWL: 224372458
[NesterovSolve] Iter:  410 overflow: 0.290 HPWL: 222577492
[NesterovSolve] Iter:  420 overflow: 0.263 HPWL: 221634987
[NesterovSolve] Iter:  430 overflow: 0.235 HPWL: 220716257
[NesterovSolve] Iter:  440 overflow: 0.213 HPWL: 220331767
[NesterovSolve] Iter:  450 overflow: 0.188 HPWL: 220193081
[NesterovSolve] Iter:  460 overflow: 0.167 HPWL: 220275672
[NesterovSolve] Iter:  470 overflow: 0.147 HPWL: 220348358
[NesterovSolve] Iter:  480 overflow: 0.127 HPWL: 220646021
[NesterovSolve] Iter:  490 overflow: 0.110 HPWL: 220986405
[NesterovSolve] Finished with Overflow: 0.099721
[INFO RSZ-0058] Using max wire length 1847um.
[INFO RSZ-0035] Found 146 fanout violations.
[INFO RSZ-0038] Inserted 383 buffers in 146 nets.
[INFO RSZ-0039] Resized 2142 instances.
Placement Analysis
---------------------------------
total displacement      40801.5 u
average displacement        1.9 u
max displacement           14.9 u
original HPWL          265289.1 u
legalized HPWL         305334.9 u
delta HPWL                   15 %

[INFO CTS-0050] Root buffer is sky130_fd_sc_hd__clkbuf_4.
[INFO CTS-0051] Sink buffer is sky130_fd_sc_hd__clkbuf_8.
[INFO CTS-0052] The following clock buffers will be used for CTS:
                    sky130_fd_sc_hd__clkbuf_1
                    sky130_fd_sc_hd__clkbuf_2
                    sky130_fd_sc_hd__clkbuf_4
                    sky130_fd_sc_hd__clkbuf_8
[INFO CTS-0049] Characterization buffer is sky130_fd_sc_hd__clkbuf_8.
[INFO CTS-0007] Net "clock" found for clock "core_clock".
[INFO CTS-0010]  Clock net "clock" has 2397 sinks.
[INFO CTS-0008] TritonCTS found 1 clock nets.
[INFO CTS-0097] Characterization used 4 buffer(s) types.
[INFO CTS-0200] 0 placement blockages have been identified.
[INFO CTS-0201] 0 placed hard macros will be treated like blockages.
[INFO CTS-0027] Generating H-Tree topology for net clock.
[INFO CTS-0028]  Total number of sinks: 2397.
[INFO CTS-0090]  Sinks will be clustered based on buffer max cap.
[INFO CTS-0030]  Number of static layers: 0.
[INFO CTS-0020]  Wire segment unit: 13600  dbu (13 um).
[INFO CTS-0206] Best clustering solution was found from clustering size of 10 and clustering diameter of 50.
[INFO CTS-0019]  Total number of sinks after clustering: 321.
[INFO CTS-0024]  Normalized sink region: [(1.11537, 8.4), (34.621, 43.6478)].
[INFO CTS-0025]     Width:  33.5056.
[INFO CTS-0026]     Height: 35.2478.
 Level 1
    Direction: Vertical
    Sinks per sub-region: 161
    Sub-region size: 33.5056 X 17.6239
[INFO CTS-0034]     Segment length (rounded): 8.
 Level 2
    Direction: Horizontal
    Sinks per sub-region: 81
    Sub-region size: 16.7528 X 17.6239
[INFO CTS-0034]     Segment length (rounded): 8.
 Level 3
    Direction: Vertical
    Sinks per sub-region: 41
    Sub-region size: 16.7528 X 8.8119
[INFO CTS-0034]     Segment length (rounded): 4.
 Level 4
    Direction: Horizontal
    Sinks per sub-region: 21
    Sub-region size: 8.3764 X 8.8119
[INFO CTS-0034]     Segment length (rounded): 4.
 Level 5
    Direction: Vertical
    Sinks per sub-region: 11
    Sub-region size: 8.3764 X 4.4060
[INFO CTS-0034]     Segment length (rounded): 2.
[INFO CTS-0032]  Stop criterion found. Max number of sinks is 15.
[INFO CTS-0035]  Number of sinks covered: 321.
[INFO CTS-0018]     Created 370 clock buffers.
[INFO CTS-0012]     Minimum number of buffers in the clock path: 4.
[INFO CTS-0013]     Maximum number of buffers in the clock path: 4.
[INFO CTS-0015]     Created 370 clock nets.
[INFO CTS-0016]     Fanout distribution for the current clock = 2:3, 3:2, 4:3, 5:14, 6:35, 7:86, 8:126, 9:64, 10:9, 11:5, 12:1, 13:3, 14:1, 18:1..
[INFO CTS-0017]     Max level of the clock tree: 5.
[INFO CTS-0098] Clock net "clock"
[INFO CTS-0099]  Sinks 2665
[INFO CTS-0100]  Leaf buffers 321
[INFO CTS-0101]  Average sink wire length 584.65 um
[INFO CTS-0102]  Path depth 3 - 4
[INFO CTS-0207]  Leaf load cells 268
[WARNING RSZ-0065] max wire length less than 1847u increases wire delays.
Placement Analysis
---------------------------------
total displacement       3786.0 u
average displacement        0.2 u
max displacement           16.1 u
original HPWL          321033.4 u
legalized HPWL         322816.2 u
delta HPWL                    1 %

PEWEAVER_PHYSICAL_FRONTEND_DONE
run-physical.sh: stage 3b OpenROAD backend (detailed route/extract/STA/power)
OpenROAD v2.0-17598-ga008522d8 
Features included (+) or not (-): +Charts +GPU +GUI +Python : None
This program is licensed under the BSD-3 license. See the LICENSE file for details.
Components of this program may be licensed under more restrictive licenses which must be honored.
[INFO ORD-0030] Using 12 thread(s).
[WARNING DRT-0349] LEF58_ENCLOSURE with no CUTCLASS is not supported. Skipping for layer mcon
[WARNING DRT-0349] LEF58_ENCLOSURE with no CUTCLASS is not supported. Skipping for layer mcon
[WARNING DRT-0349] LEF58_ENCLOSURE with no CUTCLASS is not supported. Skipping for layer via
[WARNING DRT-0349] LEF58_ENCLOSURE with no CUTCLASS is not supported. Skipping for layer via
[WARNING DRT-0349] LEF58_ENCLOSURE with no CUTCLASS is not supported. Skipping for layer via2
[WARNING DRT-0349] LEF58_ENCLOSURE with no CUTCLASS is not supported. Skipping for layer via2
[WARNING DRT-0349] LEF58_ENCLOSURE with no CUTCLASS is not supported. Skipping for layer via3
[WARNING DRT-0349] LEF58_ENCLOSURE with no CUTCLASS is not supported. Skipping for layer via3
[WARNING DRT-0349] LEF58_ENCLOSURE with no CUTCLASS is not supported. Skipping for layer via4
[WARNING DRT-0349] LEF58_ENCLOSURE with no CUTCLASS is not supported. Skipping for layer via4
[WARNING DRT-0422] No routing tracks pass through the center of Term VSS.
[WARNING DRT-0422] No routing tracks pass through the center of Term VDD.
[INFO DRT-0167] List of default vias:
  Layer via
    default via: M1M2_PR
  Layer via2
    default via: M2M3_PR
  Layer via3
    default via: M3M4_PR
  Layer via4
    default via: M4M5_PR
[INFO DRT-0168] Init region query.
[INFO DRT-0033] FR_MASTERSLICE shape region query size = 0.
[INFO DRT-0033] licon shape region query size = 0.
[INFO DRT-0033] li1 shape region query size = 513454.
[INFO DRT-0033] mcon shape region query size = 0.
[INFO DRT-0033] met1 shape region query size = 72968.
[INFO DRT-0033] via shape region query size = 23545.
[INFO DRT-0033] met2 shape region query size = 14195.
[INFO DRT-0033] via2 shape region query size = 18836.
[INFO DRT-0033] met3 shape region query size = 14127.
[INFO DRT-0033] via3 shape region query size = 18836.
[INFO DRT-0033] met4 shape region query size = 5677.
[INFO DRT-0033] via4 shape region query size = 925.
[INFO DRT-0033] met5 shape region query size = 1011.
[INFO DRT-0156] guideIn read 100000 guides.
[INFO DRT-0178] Init guide query.
[INFO DRT-0036] FR_MASTERSLICE guide region query size = 0.
[INFO DRT-0036] licon guide region query size = 0.
[INFO DRT-0036] li1 guide region query size = 40409.
[INFO DRT-0036] mcon guide region query size = 0.
[INFO DRT-0036] met1 guide region query size = 26358.
[INFO DRT-0036] via guide region query size = 0.
[INFO DRT-0036] met2 guide region query size = 11367.
[INFO DRT-0036] via2 guide region query size = 0.
[INFO DRT-0036] met3 guide region query size = 575.
[INFO DRT-0036] via3 guide region query size = 0.
[INFO DRT-0036] met4 guide region query size = 264.
[INFO DRT-0036] via4 guide region query size = 0.
[INFO DRT-0036] met5 guide region query size = 0.
[INFO DRT-0179] Init gr pin query.
[INFO RCX-0431] Defined process_corner X with ext_model_index 0
[INFO RCX-0029] Defined extraction corner X
[INFO RCX-0435] Reading extraction model file /home/peweaver-user/Documents/chialoop/chia/examples/peweaver/physical/pdk/sky130hd/rcx_patterns.rules ...
[INFO RCX-0436] RC segment generation peweaver_halo_fft64_reference (max_merge_res 50.0) ...
[INFO RCX-0040] Final 60806 rc segments
[INFO RCX-0439] Coupling Cap extraction peweaver_halo_fft64_reference ...
[INFO RCX-0440] Coupling threshhold is 0.1000 fF, coupling capacitance less than 0.1000 fF will be grounded.
[INFO RCX-0442] 54% of 121184 wires extracted
[INFO RCX-0442] 100% of 121184 wires extracted
[INFO RCX-0045] Extract 16610 nets, 77416 rsegs, 77416 caps, 127749 ccs
[INFO RCX-0443] 16610 nets finished
[WARNING STA-0305] read_power_activities is deprecated. Use read_vcd.
Annotated 68 pin activities.
Design area 166510 u^2 47% utilization.
PEWEAVER_PHYSICAL_FLOW_DONE
run-physical.sh: stage 4 result assembly
assemble_results.py: wrote /home/peweaver-user/Documents/chialoop/chia/examples/peweaver/physical/results/fft64_baseline_sky130.json
  synth: 15822 cells, 141619.6 um2
  pnr:   21573 instances, 166510.0 um2, 47.0% util, wns(max)=0.102 ns, timing_met=True
  power: total=19.7872 mW (internal=15.1442, switching=4.6429, leakage=0.0001)
run-physical.sh: DONE — results/fft64_baseline_sky130.json
