run-physical.sh: verifying tool/PDK pins against tool-lock.json
run-physical.sh: tool binaries match tool-lock.json
run-physical.sh: pins verified (openroad/yosys/verilator/volare)
run-physical.sh: stage 1 synthesis (yosys -> sky130_fd_sc_hd)
filter_liberty.py: kept 392 cells, removed 36: sky130_fd_sc_hd__lpflow_bleeder_1, sky130_fd_sc_hd__lpflow_clkbufkapwr_1, sky130_fd_sc_hd__lpflow_clkbufkapwr_16, sky130_fd_sc_hd__lpflow_clkbufkapwr_2, sky130_fd_sc_hd__lpflow_clkbufkapwr_4, sky130_fd_sc_hd__lpflow_clkbufkapwr_8, sky130_fd_sc_hd__lpflow_clkinvkapwr_1, sky130_fd_sc_hd__lpflow_clkinvkapwr_16, sky130_fd_sc_hd__lpflow_clkinvkapwr_2, sky130_fd_sc_hd__lpflow_clkinvkapwr_4, sky130_fd_sc_hd__lpflow_clkinvkapwr_8, sky130_fd_sc_hd__lpflow_decapkapwr_12, sky130_fd_sc_hd__lpflow_decapkapwr_3, sky130_fd_sc_hd__lpflow_decapkapwr_4, sky130_fd_sc_hd__lpflow_decapkapwr_6, sky130_fd_sc_hd__lpflow_decapkapwr_8, sky130_fd_sc_hd__lpflow_inputiso0n_1, sky130_fd_sc_hd__lpflow_inputiso0p_1, sky130_fd_sc_hd__lpflow_inputiso1n_1, sky130_fd_sc_hd__lpflow_inputiso1p_1, sky130_fd_sc_hd__lpflow_inputisolatch_1, sky130_fd_sc_hd__lpflow_isobufsrc_1, sky130_fd_sc_hd__lpflow_isobufsrc_16, sky130_fd_sc_hd__lpflow_isobufsrc_2, sky130_fd_sc_hd__lpflow_isobufsrc_4, sky130_fd_sc_hd__lpflow_isobufsrc_8, sky130_fd_sc_hd__lpflow_isobufsrckapwr_16, sky130_fd_sc_hd__lpflow_lsbuf_lh_hl_isowell_tap_1, sky130_fd_sc_hd__lpflow_lsbuf_lh_hl_isowell_tap_2, sky130_fd_sc_hd__lpflow_lsbuf_lh_hl_isowell_tap_4, sky130_fd_sc_hd__lpflow_lsbuf_lh_isowell_4, sky130_fd_sc_hd__lpflow_lsbuf_lh_isowell_tap_1, sky130_fd_sc_hd__lpflow_lsbuf_lh_isowell_tap_2, sky130_fd_sc_hd__lpflow_lsbuf_lh_isowell_tap_4, sky130_fd_sc_hd__probe_p_8, sky130_fd_sc_hd__probec_p_8; wrote /home/peweaver-user/Documents/chialoop/chia/examples/peweaver/physical/results/work/lib_fft64_tt_synth.lib

 /----------------------------------------------------------------------------\
 |  yosys -- Yosys Open SYnthesis Suite                                       |
 |  Copyright (C) 2012 - 2026  Claire Xenia Wolf <claire@yosyshq.com>         |
 |  Distributed under an ISC-like license, type "license" to see terms        |
 \----------------------------------------------------------------------------/
 Yosys 0.68+136 (git sha1 c30457480-dirty, Release, Clang /usr/bin/clang++ 21.1.8)

-- Executing script file `/home/peweaver-user/Documents/chialoop/chia/examples/peweaver/physical/results/work/fft64_synth_run.ys' --

1. Executing Verilog-2005 frontend: rtl/peweaver_ppa_fft64.v
Parsing SystemVerilog input from `rtl/peweaver_ppa_fft64.v' to AST representation.
Generating RTLIL representation for module `\peweaver_ppa_reset_sync'.
Generating RTLIL representation for module `\peweaver_ppa_fft64'.
Successfully finished Verilog frontend.

2. Executing Verilog-2005 frontend: ../benchmarks/halo_fft64_reference/peweaver_halo_fft64_reference.v
Parsing SystemVerilog input from `../benchmarks/halo_fft64_reference/peweaver_halo_fft64_reference.v' to AST representation.
Generating RTLIL representation for module `\peweaver_halo_fft64_reference'.
Successfully finished Verilog frontend.

3. Executing Verilog-2005 frontend: ../third_party/r22sdf/FFT64.v
Parsing SystemVerilog input from `../third_party/r22sdf/FFT64.v' to AST representation.
Generating RTLIL representation for module `\FFT'.
Successfully finished Verilog frontend.

4. Executing Verilog-2005 frontend: ../third_party/r22sdf/SdfUnit.v
Parsing SystemVerilog input from `../third_party/r22sdf/SdfUnit.v' to AST representation.
Generating RTLIL representation for module `\SdfUnit'.
Successfully finished Verilog frontend.

5. Executing Verilog-2005 frontend: ../third_party/r22sdf/SdfUnit2.v
Parsing SystemVerilog input from `../third_party/r22sdf/SdfUnit2.v' to AST representation.
Generating RTLIL representation for module `\SdfUnit2'.
Successfully finished Verilog frontend.

6. Executing Verilog-2005 frontend: ../third_party/r22sdf/Butterfly.v
Parsing SystemVerilog input from `../third_party/r22sdf/Butterfly.v' to AST representation.
Generating RTLIL representation for module `\Butterfly'.
Successfully finished Verilog frontend.

7. Executing Verilog-2005 frontend: ../third_party/r22sdf/DelayBuffer.v
Parsing SystemVerilog input from `../third_party/r22sdf/DelayBuffer.v' to AST representation.
Generating RTLIL representation for module `\DelayBuffer'.
Warning: Replacing memory \buf_im with list of registers. See ../third_party/r22sdf/DelayBuffer.v:23
Warning: Replacing memory \buf_re with list of registers. See ../third_party/r22sdf/DelayBuffer.v:22
Successfully finished Verilog frontend.

8. Executing Verilog-2005 frontend: ../third_party/r22sdf/Multiply.v
Parsing SystemVerilog input from `../third_party/r22sdf/Multiply.v' to AST representation.
Generating RTLIL representation for module `\Multiply'.
Successfully finished Verilog frontend.

9. Executing Verilog-2005 frontend: ../third_party/r22sdf/Twiddle64.v
Parsing SystemVerilog input from `../third_party/r22sdf/Twiddle64.v' to AST representation.
Generating RTLIL representation for module `\Twiddle'.
Successfully finished Verilog frontend.

10. Executing HIERARCHY pass (managing design hierarchy).

10.1. Analyzing design hierarchy..
Top module:  \peweaver_ppa_fft64
Used module:     \peweaver_halo_fft64_reference
Used module:         \FFT
Used module:             \SdfUnit
Used module:                 \Multiply
Used module:                 \Twiddle
Used module:                 \DelayBuffer
Used module:                 \Butterfly
Used module:     \peweaver_ppa_reset_sync
Parameter \WIDTH = 16

10.2. Executing AST frontend in derive mode using pre-parsed AST for module `\FFT'.
Parameter \WIDTH = 16
Generating RTLIL representation for module `$paramod\FFT\WIDTH=s32'00000000000000000000000000010000'.
Parameter \N = 64
Parameter \M = 4
Parameter \WIDTH = 16

10.3. Executing AST frontend in derive mode using pre-parsed AST for module `\SdfUnit'.
Parameter \N = 64
Parameter \M = 4
Parameter \WIDTH = 16
Generating RTLIL representation for module `$paramod$25bb70cf5a48aa945caa779105562d3b5b1e4265\SdfUnit'.
Parameter \N = 64
Parameter \M = 16
Parameter \WIDTH = 16

10.4. Executing AST frontend in derive mode using pre-parsed AST for module `\SdfUnit'.
Parameter \N = 64
Parameter \M = 16
Parameter \WIDTH = 16
Generating RTLIL representation for module `$paramod$e3b428dd0e3d22a099d4960bb16875dbfc951f1c\SdfUnit'.
Parameter \N = 64
Parameter \M = 64
Parameter \WIDTH = 16

10.5. Executing AST frontend in derive mode using pre-parsed AST for module `\SdfUnit'.
Parameter \N = 64
Parameter \M = 64
Parameter \WIDTH = 16
Generating RTLIL representation for module `$paramod$31b4a60d4c392c8032c765add59e3b1dd88721d8\SdfUnit'.
Parameter \WIDTH = 16

10.6. Executing AST frontend in derive mode using pre-parsed AST for module `\Multiply'.
Parameter \WIDTH = 16
Generating RTLIL representation for module `$paramod\Multiply\WIDTH=s32'00000000000000000000000000010000'.
Parameter \DEPTH = 16
Parameter \WIDTH = 16

10.7. Executing AST frontend in derive mode using pre-parsed AST for module `\DelayBuffer'.
Parameter \DEPTH = 16
Parameter \WIDTH = 16
Generating RTLIL representation for module `$paramod$c542f2cdb8cf3fb2f7011f6438933e7913c8a609\DelayBuffer'.
Warning: Replacing memory \buf_im with list of registers. See ../third_party/r22sdf/DelayBuffer.v:23
Warning: Replacing memory \buf_re with list of registers. See ../third_party/r22sdf/DelayBuffer.v:22
Parameter \WIDTH = 16
Parameter \RH = 1

10.8. Executing AST frontend in derive mode using pre-parsed AST for module `\Butterfly'.
Parameter \WIDTH = 16
Parameter \RH = 1
Generating RTLIL representation for module `$paramod$cc7e198dbe1c7d8352a2bac47477dedd9788e883\Butterfly'.
Parameter \DEPTH = 32
Parameter \WIDTH = 16

10.9. Executing AST frontend in derive mode using pre-parsed AST for module `\DelayBuffer'.
Parameter \DEPTH = 32
Parameter \WIDTH = 16
Generating RTLIL representation for module `$paramod$468b6055748c1a70021cd219779b5d26906274a5\DelayBuffer'.
Warning: Replacing memory \buf_im with list of registers. See ../third_party/r22sdf/DelayBuffer.v:23
Warning: Replacing memory \buf_re with list of registers. See ../third_party/r22sdf/DelayBuffer.v:22
Parameter \WIDTH = 16
Parameter \RH = 0

10.10. Executing AST frontend in derive mode using pre-parsed AST for module `\Butterfly'.
Parameter \WIDTH = 16
Parameter \RH = 0
Generating RTLIL representation for module `$paramod$5480229501c9659b6947fa834aa4fdab0727c259\Butterfly'.

10.11. Analyzing design hierarchy..
Top module:  \peweaver_ppa_fft64
Used module:     \peweaver_halo_fft64_reference
Used module:         $paramod\FFT\WIDTH=s32'00000000000000000000000000010000
Used module:             \SdfUnit
Used module:                 $paramod\Multiply\WIDTH=s32'00000000000000000000000000010000
Used module:                 \Twiddle
Used module:                 $paramod$c542f2cdb8cf3fb2f7011f6438933e7913c8a609\DelayBuffer
Used module:                 $paramod$cc7e198dbe1c7d8352a2bac47477dedd9788e883\Butterfly
Used module:                 $paramod$468b6055748c1a70021cd219779b5d26906274a5\DelayBuffer
Used module:                 $paramod$5480229501c9659b6947fa834aa4fdab0727c259\Butterfly
Used module:     \peweaver_ppa_reset_sync
Parameter \N = 64
Parameter \M = 4
Parameter \WIDTH = 16
Found cached RTLIL representation for module `$paramod$25bb70cf5a48aa945caa779105562d3b5b1e4265\SdfUnit'.
Parameter \N = 64
Parameter \M = 16
Parameter \WIDTH = 16
Found cached RTLIL representation for module `$paramod$e3b428dd0e3d22a099d4960bb16875dbfc951f1c\SdfUnit'.
Parameter \N = 64
Parameter \M = 64
Parameter \WIDTH = 16
Found cached RTLIL representation for module `$paramod$31b4a60d4c392c8032c765add59e3b1dd88721d8\SdfUnit'.

10.12. Analyzing design hierarchy..
Top module:  \peweaver_ppa_fft64
Used module:     \peweaver_halo_fft64_reference
Used module:         $paramod\FFT\WIDTH=s32'00000000000000000000000000010000
Used module:             $paramod$25bb70cf5a48aa945caa779105562d3b5b1e4265\SdfUnit
Used module:                 \Multiply
Used module:                 \Twiddle
Used module:                 \DelayBuffer
Used module:                 \Butterfly
Used module:             $paramod$e3b428dd0e3d22a099d4960bb16875dbfc951f1c\SdfUnit
Used module:             $paramod$31b4a60d4c392c8032c765add59e3b1dd88721d8\SdfUnit
Used module:     \peweaver_ppa_reset_sync
Parameter \WIDTH = 16
Found cached RTLIL representation for module `$paramod\Multiply\WIDTH=s32'00000000000000000000000000010000'.
Parameter \DEPTH = 1
Parameter \WIDTH = 16

10.13. Executing AST frontend in derive mode using pre-parsed AST for module `\DelayBuffer'.
Parameter \DEPTH = 1
Parameter \WIDTH = 16
Generating RTLIL representation for module `$paramod$17914cfb50699f154dc59f1c3f8fd47b6e195f44\DelayBuffer'.
Warning: Replacing memory \buf_im with list of registers. See ../third_party/r22sdf/DelayBuffer.v:26
Warning: Replacing memory \buf_re with list of registers. See ../third_party/r22sdf/DelayBuffer.v:25
Parameter \WIDTH = 16
Parameter \RH = 1
Found cached RTLIL representation for module `$paramod$cc7e198dbe1c7d8352a2bac47477dedd9788e883\Butterfly'.
Parameter \DEPTH = 2
Parameter \WIDTH = 16

10.14. Executing AST frontend in derive mode using pre-parsed AST for module `\DelayBuffer'.
Parameter \DEPTH = 2
Parameter \WIDTH = 16
Generating RTLIL representation for module `$paramod$e31bf182a78b6901a30a1eec46d5e35479708b24\DelayBuffer'.
Warning: Replacing memory \buf_im with list of registers. See ../third_party/r22sdf/DelayBuffer.v:23
Warning: Replacing memory \buf_re with list of registers. See ../third_party/r22sdf/DelayBuffer.v:22
Parameter \WIDTH = 16
Parameter \RH = 0
Found cached RTLIL representation for module `$paramod$5480229501c9659b6947fa834aa4fdab0727c259\Butterfly'.
Parameter \WIDTH = 16
Found cached RTLIL representation for module `$paramod\Multiply\WIDTH=s32'00000000000000000000000000010000'.
Parameter \DEPTH = 4
Parameter \WIDTH = 16

10.15. Executing AST frontend in derive mode using pre-parsed AST for module `\DelayBuffer'.
Parameter \DEPTH = 4
Parameter \WIDTH = 16
Generating RTLIL representation for module `$paramod$e8759a57fc147882a254734ce5d86afa730d93e5\DelayBuffer'.
Warning: Replacing memory \buf_im with list of registers. See ../third_party/r22sdf/DelayBuffer.v:23
Warning: Replacing memory \buf_re with list of registers. See ../third_party/r22sdf/DelayBuffer.v:22
Parameter \WIDTH = 16
Parameter \RH = 1
Found cached RTLIL representation for module `$paramod$cc7e198dbe1c7d8352a2bac47477dedd9788e883\Butterfly'.
Parameter \DEPTH = 8
Parameter \WIDTH = 16

10.16. Executing AST frontend in derive mode using pre-parsed AST for module `\DelayBuffer'.
Parameter \DEPTH = 8
Parameter \WIDTH = 16
Generating RTLIL representation for module `$paramod$520663d7382152bf6f78fc2a37b254cea736bbce\DelayBuffer'.
Warning: Replacing memory \buf_im with list of registers. See ../third_party/r22sdf/DelayBuffer.v:23
Warning: Replacing memory \buf_re with list of registers. See ../third_party/r22sdf/DelayBuffer.v:22
Parameter \WIDTH = 16
Parameter \RH = 0
Found cached RTLIL representation for module `$paramod$5480229501c9659b6947fa834aa4fdab0727c259\Butterfly'.
Parameter \WIDTH = 16
Found cached RTLIL representation for module `$paramod\Multiply\WIDTH=s32'00000000000000000000000000010000'.
Parameter \DEPTH = 16
Parameter \WIDTH = 16
Found cached RTLIL representation for module `$paramod$c542f2cdb8cf3fb2f7011f6438933e7913c8a609\DelayBuffer'.
Parameter \WIDTH = 16
Parameter \RH = 1
Found cached RTLIL representation for module `$paramod$cc7e198dbe1c7d8352a2bac47477dedd9788e883\Butterfly'.
Parameter \DEPTH = 32
Parameter \WIDTH = 16
Found cached RTLIL representation for module `$paramod$468b6055748c1a70021cd219779b5d26906274a5\DelayBuffer'.
Parameter \WIDTH = 16
Parameter \RH = 0
Found cached RTLIL representation for module `$paramod$5480229501c9659b6947fa834aa4fdab0727c259\Butterfly'.

10.17. Analyzing design hierarchy..
Top module:  \peweaver_ppa_fft64
Used module:     \peweaver_halo_fft64_reference
Used module:         $paramod\FFT\WIDTH=s32'00000000000000000000000000010000
Used module:             $paramod$25bb70cf5a48aa945caa779105562d3b5b1e4265\SdfUnit
Used module:                 $paramod\Multiply\WIDTH=s32'00000000000000000000000000010000
Used module:                 \Twiddle
Used module:                 $paramod$17914cfb50699f154dc59f1c3f8fd47b6e195f44\DelayBuffer
Used module:                 $paramod$cc7e198dbe1c7d8352a2bac47477dedd9788e883\Butterfly
Used module:                 $paramod$e31bf182a78b6901a30a1eec46d5e35479708b24\DelayBuffer
Used module:                 $paramod$5480229501c9659b6947fa834aa4fdab0727c259\Butterfly
Used module:             $paramod$e3b428dd0e3d22a099d4960bb16875dbfc951f1c\SdfUnit
Used module:                 $paramod$e8759a57fc147882a254734ce5d86afa730d93e5\DelayBuffer
Used module:                 $paramod$520663d7382152bf6f78fc2a37b254cea736bbce\DelayBuffer
Used module:             $paramod$31b4a60d4c392c8032c765add59e3b1dd88721d8\SdfUnit
Used module:                 $paramod$c542f2cdb8cf3fb2f7011f6438933e7913c8a609\DelayBuffer
Used module:                 $paramod$468b6055748c1a70021cd219779b5d26906274a5\DelayBuffer
Used module:     \peweaver_ppa_reset_sync

10.18. Analyzing design hierarchy..
Top module:  \peweaver_ppa_fft64
Used module:     \peweaver_halo_fft64_reference
Used module:         $paramod\FFT\WIDTH=s32'00000000000000000000000000010000
Used module:             $paramod$25bb70cf5a48aa945caa779105562d3b5b1e4265\SdfUnit
Used module:                 $paramod\Multiply\WIDTH=s32'00000000000000000000000000010000
Used module:                 \Twiddle
Used module:                 $paramod$17914cfb50699f154dc59f1c3f8fd47b6e195f44\DelayBuffer
Used module:                 $paramod$cc7e198dbe1c7d8352a2bac47477dedd9788e883\Butterfly
Used module:                 $paramod$e31bf182a78b6901a30a1eec46d5e35479708b24\DelayBuffer
Used module:                 $paramod$5480229501c9659b6947fa834aa4fdab0727c259\Butterfly
Used module:             $paramod$e3b428dd0e3d22a099d4960bb16875dbfc951f1c\SdfUnit
Used module:                 $paramod$e8759a57fc147882a254734ce5d86afa730d93e5\DelayBuffer
Used module:                 $paramod$520663d7382152bf6f78fc2a37b254cea736bbce\DelayBuffer
Used module:             $paramod$31b4a60d4c392c8032c765add59e3b1dd88721d8\SdfUnit
Used module:                 $paramod$c542f2cdb8cf3fb2f7011f6438933e7913c8a609\DelayBuffer
Used module:                 $paramod$468b6055748c1a70021cd219779b5d26906274a5\DelayBuffer
Used module:     \peweaver_ppa_reset_sync
Removing unused module `\Multiply'.
Removing unused module `\DelayBuffer'.
Removing unused module `\Butterfly'.
Removing unused module `\SdfUnit2'.
Removing unused module `\SdfUnit'.
Removing unused module `\FFT'.
Removed 6 unused modules.

11. Executing SYNTH pass.

11.1. Executing HIERARCHY pass (managing design hierarchy).

11.1.1. Analyzing design hierarchy..
Top module:  \peweaver_ppa_fft64
Used module:     \peweaver_halo_fft64_reference
Used module:         $paramod\FFT\WIDTH=s32'00000000000000000000000000010000
Used module:             $paramod$25bb70cf5a48aa945caa779105562d3b5b1e4265\SdfUnit
Used module:                 $paramod\Multiply\WIDTH=s32'00000000000000000000000000010000
Used module:                 \Twiddle
Used module:                 $paramod$17914cfb50699f154dc59f1c3f8fd47b6e195f44\DelayBuffer
Used module:                 $paramod$cc7e198dbe1c7d8352a2bac47477dedd9788e883\Butterfly
Used module:                 $paramod$e31bf182a78b6901a30a1eec46d5e35479708b24\DelayBuffer
Used module:                 $paramod$5480229501c9659b6947fa834aa4fdab0727c259\Butterfly
Used module:             $paramod$e3b428dd0e3d22a099d4960bb16875dbfc951f1c\SdfUnit
Used module:                 $paramod$e8759a57fc147882a254734ce5d86afa730d93e5\DelayBuffer
Used module:                 $paramod$520663d7382152bf6f78fc2a37b254cea736bbce\DelayBuffer
Used module:             $paramod$31b4a60d4c392c8032c765add59e3b1dd88721d8\SdfUnit
Used module:                 $paramod$c542f2cdb8cf3fb2f7011f6438933e7913c8a609\DelayBuffer
Used module:                 $paramod$468b6055748c1a70021cd219779b5d26906274a5\DelayBuffer
Used module:     \peweaver_ppa_reset_sync

11.1.2. Analyzing design hierarchy..
Top module:  \peweaver_ppa_fft64
Used module:     \peweaver_halo_fft64_reference
Used module:         $paramod\FFT\WIDTH=s32'00000000000000000000000000010000
Used module:             $paramod$25bb70cf5a48aa945caa779105562d3b5b1e4265\SdfUnit
Used module:                 $paramod\Multiply\WIDTH=s32'00000000000000000000000000010000
Used module:                 \Twiddle
Used module:                 $paramod$17914cfb50699f154dc59f1c3f8fd47b6e195f44\DelayBuffer
Used module:                 $paramod$cc7e198dbe1c7d8352a2bac47477dedd9788e883\Butterfly
Used module:                 $paramod$e31bf182a78b6901a30a1eec46d5e35479708b24\DelayBuffer
Used module:                 $paramod$5480229501c9659b6947fa834aa4fdab0727c259\Butterfly
Used module:             $paramod$e3b428dd0e3d22a099d4960bb16875dbfc951f1c\SdfUnit
Used module:                 $paramod$e8759a57fc147882a254734ce5d86afa730d93e5\DelayBuffer
Used module:                 $paramod$520663d7382152bf6f78fc2a37b254cea736bbce\DelayBuffer
Used module:             $paramod$31b4a60d4c392c8032c765add59e3b1dd88721d8\SdfUnit
Used module:                 $paramod$c542f2cdb8cf3fb2f7011f6438933e7913c8a609\DelayBuffer
Used module:                 $paramod$468b6055748c1a70021cd219779b5d26906274a5\DelayBuffer
Used module:     \peweaver_ppa_reset_sync
Removed 0 unused modules.

11.2. Executing PROC pass (convert processes to netlists).

11.2.1. Executing PROC_CLEAN pass (remove empty switches from decision trees).
Cleaned up 0 empty switches.

11.2.2. Executing PROC_RMDEAD pass (remove dead branches from decision trees).
Marked 1 switch rules as full_case in process $proc$../third_party/r22sdf/SdfUnit.v:264$396 in module $paramod$31b4a60d4c392c8032c765add59e3b1dd88721d8\SdfUnit.
Marked 1 switch rules as full_case in process $proc$../third_party/r22sdf/SdfUnit.v:219$386 in module $paramod$31b4a60d4c392c8032c765add59e3b1dd88721d8\SdfUnit.
Marked 1 switch rules as full_case in process $proc$../third_party/r22sdf/SdfUnit.v:199$376 in module $paramod$31b4a60d4c392c8032c765add59e3b1dd88721d8\SdfUnit.
Marked 1 switch rules as full_case in process $proc$../third_party/r22sdf/SdfUnit.v:142$358 in module $paramod$31b4a60d4c392c8032c765add59e3b1dd88721d8\SdfUnit.
Marked 1 switch rules as full_case in process $proc$../third_party/r22sdf/SdfUnit.v:103$344 in module $paramod$31b4a60d4c392c8032c765add59e3b1dd88721d8\SdfUnit.
Marked 1 switch rules as full_case in process $proc$../third_party/r22sdf/SdfUnit.v:264$341 in module $paramod$e3b428dd0e3d22a099d4960bb16875dbfc951f1c\SdfUnit.
Marked 1 switch rules as full_case in process $proc$../third_party/r22sdf/SdfUnit.v:219$331 in module $paramod$e3b428dd0e3d22a099d4960bb16875dbfc951f1c\SdfUnit.
Marked 1 switch rules as full_case in process $proc$../third_party/r22sdf/SdfUnit.v:199$321 in module $paramod$e3b428dd0e3d22a099d4960bb16875dbfc951f1c\SdfUnit.
Marked 1 switch rules as full_case in process $proc$../third_party/r22sdf/SdfUnit.v:142$303 in module $paramod$e3b428dd0e3d22a099d4960bb16875dbfc951f1c\SdfUnit.
Marked 1 switch rules as full_case in process $proc$../third_party/r22sdf/SdfUnit.v:103$289 in module $paramod$e3b428dd0e3d22a099d4960bb16875dbfc951f1c\SdfUnit.
Marked 1 switch rules as full_case in process $proc$../third_party/r22sdf/SdfUnit.v:264$286 in module $paramod$25bb70cf5a48aa945caa779105562d3b5b1e4265\SdfUnit.
Marked 1 switch rules as full_case in process $proc$../third_party/r22sdf/SdfUnit.v:219$276 in module $paramod$25bb70cf5a48aa945caa779105562d3b5b1e4265\SdfUnit.
Marked 1 switch rules as full_case in process $proc$../third_party/r22sdf/SdfUnit.v:199$266 in module $paramod$25bb70cf5a48aa945caa779105562d3b5b1e4265\SdfUnit.
Marked 1 switch rules as full_case in process $proc$../third_party/r22sdf/SdfUnit.v:142$248 in module $paramod$25bb70cf5a48aa945caa779105562d3b5b1e4265\SdfUnit.
Marked 1 switch rules as full_case in process $proc$../third_party/r22sdf/SdfUnit.v:103$234 in module $paramod$25bb70cf5a48aa945caa779105562d3b5b1e4265\SdfUnit.
Removed 1 dead cases from process $proc$../third_party/r22sdf/Twiddle64.v:21$101 in module Twiddle.
Marked 1 switch rules as full_case in process $proc$../third_party/r22sdf/Twiddle64.v:21$101 in module Twiddle.
Removed 1 dead cases from process $proc$../third_party/r22sdf/Twiddle64.v:20$98 in module Twiddle.
Marked 1 switch rules as full_case in process $proc$../third_party/r22sdf/Twiddle64.v:20$98 in module Twiddle.
Marked 1 switch rules as full_case in process $proc$rtl/peweaver_ppa_fft64.v:26$1 in module peweaver_ppa_reset_sync.
Removed a total of 2 dead cases.

11.2.3. Executing PROC_PRUNE pass (remove redundant assignments in processes).
Removed 22 redundant assignments.
Promoted 291 assignments to connections.

11.2.4. Executing PROC_INIT pass (extract init attributes).

11.2.5. Executing PROC_ARST pass (detect async resets in processes).
Found async reset \reset in `$paramod$31b4a60d4c392c8032c765add59e3b1dd88721d8\SdfUnit.$proc$../third_party/r22sdf/SdfUnit.v:264$396'.
Found async reset \reset in `$paramod$31b4a60d4c392c8032c765add59e3b1dd88721d8\SdfUnit.$proc$../third_party/r22sdf/SdfUnit.v:219$386'.
Found async reset \reset in `$paramod$31b4a60d4c392c8032c765add59e3b1dd88721d8\SdfUnit.$proc$../third_party/r22sdf/SdfUnit.v:199$376'.
Found async reset \reset in `$paramod$31b4a60d4c392c8032c765add59e3b1dd88721d8\SdfUnit.$proc$../third_party/r22sdf/SdfUnit.v:142$358'.
Found async reset \reset in `$paramod$31b4a60d4c392c8032c765add59e3b1dd88721d8\SdfUnit.$proc$../third_party/r22sdf/SdfUnit.v:103$344'.
Found async reset \reset in `$paramod$e3b428dd0e3d22a099d4960bb16875dbfc951f1c\SdfUnit.$proc$../third_party/r22sdf/SdfUnit.v:264$341'.
Found async reset \reset in `$paramod$e3b428dd0e3d22a099d4960bb16875dbfc951f1c\SdfUnit.$proc$../third_party/r22sdf/SdfUnit.v:219$331'.
Found async reset \reset in `$paramod$e3b428dd0e3d22a099d4960bb16875dbfc951f1c\SdfUnit.$proc$../third_party/r22sdf/SdfUnit.v:199$321'.
Found async reset \reset in `$paramod$e3b428dd0e3d22a099d4960bb16875dbfc951f1c\SdfUnit.$proc$../third_party/r22sdf/SdfUnit.v:142$303'.
Found async reset \reset in `$paramod$e3b428dd0e3d22a099d4960bb16875dbfc951f1c\SdfUnit.$proc$../third_party/r22sdf/SdfUnit.v:103$289'.
Found async reset \reset in `$paramod$25bb70cf5a48aa945caa779105562d3b5b1e4265\SdfUnit.$proc$../third_party/r22sdf/SdfUnit.v:264$286'.
Found async reset \reset in `$paramod$25bb70cf5a48aa945caa779105562d3b5b1e4265\SdfUnit.$proc$../third_party/r22sdf/SdfUnit.v:219$276'.
Found async reset \reset in `$paramod$25bb70cf5a48aa945caa779105562d3b5b1e4265\SdfUnit.$proc$../third_party/r22sdf/SdfUnit.v:199$266'.
Found async reset \reset in `$paramod$25bb70cf5a48aa945caa779105562d3b5b1e4265\SdfUnit.$proc$../third_party/r22sdf/SdfUnit.v:142$248'.
Found async reset \reset in `$paramod$25bb70cf5a48aa945caa779105562d3b5b1e4265\SdfUnit.$proc$../third_party/r22sdf/SdfUnit.v:103$234'.
Found async reset \reset_async_in in `\peweaver_ppa_reset_sync.$proc$rtl/peweaver_ppa_fft64.v:26$1'.

11.2.6. Executing PROC_ROM pass (convert switches to ROMs).
Converted 0 switches.
<suppressed ~2 debug messages>

11.2.7. Executing PROC_MUX pass (convert decision trees to multiplexers).
Creating decoders for process `$paramod$c542f2cdb8cf3fb2f7011f6438933e7913c8a609\DelayBuffer.$proc$../third_party/r22sdf/DelayBuffer.v:20$407'.
Creating decoders for process `$paramod$31b4a60d4c392c8032c765add59e3b1dd88721d8\SdfUnit.$proc$../third_party/r22sdf/SdfUnit.v:264$396'.
     1/1: $0\mu_do_en[0:0]
Creating decoders for process `$paramod$31b4a60d4c392c8032c765add59e3b1dd88721d8\SdfUnit.$proc$../third_party/r22sdf/SdfUnit.v:259$393'.
Creating decoders for process `$paramod$31b4a60d4c392c8032c765add59e3b1dd88721d8\SdfUnit.$proc$../third_party/r22sdf/SdfUnit.v:243$389'.
Creating decoders for process `$paramod$31b4a60d4c392c8032c765add59e3b1dd88721d8\SdfUnit.$proc$../third_party/r22sdf/SdfUnit.v:219$386'.
     1/1: $0\bf2_do_en[0:0]
Creating decoders for process `$paramod$31b4a60d4c392c8032c765add59e3b1dd88721d8\SdfUnit.$proc$../third_party/r22sdf/SdfUnit.v:214$385'.
Creating decoders for process `$paramod$31b4a60d4c392c8032c765add59e3b1dd88721d8\SdfUnit.$proc$../third_party/r22sdf/SdfUnit.v:209$381'.
Creating decoders for process `$paramod$31b4a60d4c392c8032c765add59e3b1dd88721d8\SdfUnit.$proc$../third_party/r22sdf/SdfUnit.v:199$376'.
     1/2: $0\bf2_count[5:0]
     2/2: $0\bf2_sp_en[0:0]
Creating decoders for process `$paramod$31b4a60d4c392c8032c765add59e3b1dd88721d8\SdfUnit.$proc$../third_party/r22sdf/SdfUnit.v:163$367'.
Creating decoders for process `$paramod$31b4a60d4c392c8032c765add59e3b1dd88721d8\SdfUnit.$proc$../third_party/r22sdf/SdfUnit.v:155$366'.
Creating decoders for process `$paramod$31b4a60d4c392c8032c765add59e3b1dd88721d8\SdfUnit.$proc$../third_party/r22sdf/SdfUnit.v:142$358'.
     1/2: $0\bf1_count[5:0]
     2/2: $0\bf1_sp_en[0:0]
Creating decoders for process `$paramod$31b4a60d4c392c8032c765add59e3b1dd88721d8\SdfUnit.$proc$../third_party/r22sdf/SdfUnit.v:103$344'.
     1/1: $0\di_count[5:0]
Creating decoders for process `$paramod$e3b428dd0e3d22a099d4960bb16875dbfc951f1c\SdfUnit.$proc$../third_party/r22sdf/SdfUnit.v:264$341'.
     1/1: $0\mu_do_en[0:0]
Creating decoders for process `$paramod$e3b428dd0e3d22a099d4960bb16875dbfc951f1c\SdfUnit.$proc$../third_party/r22sdf/SdfUnit.v:259$338'.
Creating decoders for process `$paramod$e3b428dd0e3d22a099d4960bb16875dbfc951f1c\SdfUnit.$proc$../third_party/r22sdf/SdfUnit.v:243$334'.
Creating decoders for process `$paramod$e3b428dd0e3d22a099d4960bb16875dbfc951f1c\SdfUnit.$proc$../third_party/r22sdf/SdfUnit.v:219$331'.
     1/1: $0\bf2_do_en[0:0]
Creating decoders for process `$paramod$e3b428dd0e3d22a099d4960bb16875dbfc951f1c\SdfUnit.$proc$../third_party/r22sdf/SdfUnit.v:214$330'.
Creating decoders for process `$paramod$e3b428dd0e3d22a099d4960bb16875dbfc951f1c\SdfUnit.$proc$../third_party/r22sdf/SdfUnit.v:209$326'.
Creating decoders for process `$paramod$e3b428dd0e3d22a099d4960bb16875dbfc951f1c\SdfUnit.$proc$../third_party/r22sdf/SdfUnit.v:199$321'.
     1/2: $0\bf2_count[5:0]
     2/2: $0\bf2_sp_en[0:0]
Creating decoders for process `$paramod$e3b428dd0e3d22a099d4960bb16875dbfc951f1c\SdfUnit.$proc$../third_party/r22sdf/SdfUnit.v:163$312'.
Creating decoders for process `$paramod$e3b428dd0e3d22a099d4960bb16875dbfc951f1c\SdfUnit.$proc$../third_party/r22sdf/SdfUnit.v:155$311'.
Creating decoders for process `$paramod$e3b428dd0e3d22a099d4960bb16875dbfc951f1c\SdfUnit.$proc$../third_party/r22sdf/SdfUnit.v:142$303'.
     1/2: $0\bf1_count[5:0]
     2/2: $0\bf1_sp_en[0:0]
Creating decoders for process `$paramod$e3b428dd0e3d22a099d4960bb16875dbfc951f1c\SdfUnit.$proc$../third_party/r22sdf/SdfUnit.v:103$289'.
     1/1: $0\di_count[5:0]
Creating decoders for process `$paramod$25bb70cf5a48aa945caa779105562d3b5b1e4265\SdfUnit.$proc$../third_party/r22sdf/SdfUnit.v:264$286'.
     1/1: $0\mu_do_en[0:0]
Creating decoders for process `$paramod$25bb70cf5a48aa945caa779105562d3b5b1e4265\SdfUnit.$proc$../third_party/r22sdf/SdfUnit.v:259$283'.
Creating decoders for process `$paramod$25bb70cf5a48aa945caa779105562d3b5b1e4265\SdfUnit.$proc$../third_party/r22sdf/SdfUnit.v:243$279'.
Creating decoders for process `$paramod$25bb70cf5a48aa945caa779105562d3b5b1e4265\SdfUnit.$proc$../third_party/r22sdf/SdfUnit.v:219$276'.
     1/1: $0\bf2_do_en[0:0]
Creating decoders for process `$paramod$25bb70cf5a48aa945caa779105562d3b5b1e4265\SdfUnit.$proc$../third_party/r22sdf/SdfUnit.v:214$275'.
Creating decoders for process `$paramod$25bb70cf5a48aa945caa779105562d3b5b1e4265\SdfUnit.$proc$../third_party/r22sdf/SdfUnit.v:209$271'.
Creating decoders for process `$paramod$25bb70cf5a48aa945caa779105562d3b5b1e4265\SdfUnit.$proc$../third_party/r22sdf/SdfUnit.v:199$266'.
     1/2: $0\bf2_count[5:0]
     2/2: $0\bf2_sp_en[0:0]
Creating decoders for process `$paramod$25bb70cf5a48aa945caa779105562d3b5b1e4265\SdfUnit.$proc$../third_party/r22sdf/SdfUnit.v:163$257'.
Creating decoders for process `$paramod$25bb70cf5a48aa945caa779105562d3b5b1e4265\SdfUnit.$proc$../third_party/r22sdf/SdfUnit.v:155$256'.
Creating decoders for process `$paramod$25bb70cf5a48aa945caa779105562d3b5b1e4265\SdfUnit.$proc$../third_party/r22sdf/SdfUnit.v:142$248'.
     1/2: $0\bf1_count[5:0]
     2/2: $0\bf1_sp_en[0:0]
Creating decoders for process `$paramod$25bb70cf5a48aa945caa779105562d3b5b1e4265\SdfUnit.$proc$../third_party/r22sdf/SdfUnit.v:103$234'.
     1/1: $0\di_count[5:0]
Creating decoders for process `\Twiddle.$proc$../third_party/r22sdf/Twiddle64.v:102$231'.
Creating decoders for process `\Twiddle.$proc$../third_party/r22sdf/Twiddle64.v:102$230'.
Creating decoders for process `\Twiddle.$proc$../third_party/r22sdf/Twiddle64.v:101$229'.
Creating decoders for process `\Twiddle.$proc$../third_party/r22sdf/Twiddle64.v:101$228'.
Creating decoders for process `\Twiddle.$proc$../third_party/r22sdf/Twiddle64.v:100$227'.
Creating decoders for process `\Twiddle.$proc$../third_party/r22sdf/Twiddle64.v:100$226'.
Creating decoders for process `\Twiddle.$proc$../third_party/r22sdf/Twiddle64.v:99$225'.
Creating decoders for process `\Twiddle.$proc$../third_party/r22sdf/Twiddle64.v:99$224'.
Creating decoders for process `\Twiddle.$proc$../third_party/r22sdf/Twiddle64.v:98$223'.
Creating decoders for process `\Twiddle.$proc$../third_party/r22sdf/Twiddle64.v:98$222'.
Creating decoders for process `\Twiddle.$proc$../third_party/r22sdf/Twiddle64.v:97$221'.
Creating decoders for process `\Twiddle.$proc$../third_party/r22sdf/Twiddle64.v:97$220'.
Creating decoders for process `\Twiddle.$proc$../third_party/r22sdf/Twiddle64.v:96$219'.
Creating decoders for process `\Twiddle.$proc$../third_party/r22sdf/Twiddle64.v:96$218'.
Creating decoders for process `\Twiddle.$proc$../third_party/r22sdf/Twiddle64.v:95$217'.
Creating decoders for process `\Twiddle.$proc$../third_party/r22sdf/Twiddle64.v:95$216'.
Creating decoders for process `\Twiddle.$proc$../third_party/r22sdf/Twiddle64.v:94$215'.
Creating decoders for process `\Twiddle.$proc$../third_party/r22sdf/Twiddle64.v:94$214'.
Creating decoders for process `\Twiddle.$proc$../third_party/r22sdf/Twiddle64.v:93$213'.
Creating decoders for process `\Twiddle.$proc$../third_party/r22sdf/Twiddle64.v:93$212'.
Creating decoders for process `\Twiddle.$proc$../third_party/r22sdf/Twiddle64.v:92$211'.
Creating decoders for process `\Twiddle.$proc$../third_party/r22sdf/Twiddle64.v:92$210'.
Creating decoders for process `\Twiddle.$proc$../third_party/r22sdf/Twiddle64.v:91$209'.
Creating decoders for process `\Twiddle.$proc$../third_party/r22sdf/Twiddle64.v:91$208'.
Creating decoders for process `\Twiddle.$proc$../third_party/r22sdf/Twiddle64.v:90$207'.
Creating decoders for process `\Twiddle.$proc$../third_party/r22sdf/Twiddle64.v:90$206'.
Creating decoders for process `\Twiddle.$proc$../third_party/r22sdf/Twiddle64.v:89$205'.
Creating decoders for process `\Twiddle.$proc$../third_party/r22sdf/Twiddle64.v:89$204'.
Creating decoders for process `\Twiddle.$proc$../third_party/r22sdf/Twiddle64.v:88$203'.
Creating decoders for process `\Twiddle.$proc$../third_party/r22sdf/Twiddle64.v:88$202'.
Creating decoders for process `\Twiddle.$proc$../third_party/r22sdf/Twiddle64.v:87$201'.
Creating decoders for process `\Twiddle.$proc$../third_party/r22sdf/Twiddle64.v:87$200'.
Creating decoders for process `\Twiddle.$proc$../third_party/r22sdf/Twiddle64.v:86$199'.
Creating decoders for process `\Twiddle.$proc$../third_party/r22sdf/Twiddle64.v:86$198'.
Creating decoders for process `\Twiddle.$proc$../third_party/r22sdf/Twiddle64.v:85$197'.
Creating decoders for process `\Twiddle.$proc$../third_party/r22sdf/Twiddle64.v:85$196'.
Creating decoders for process `\Twiddle.$proc$../third_party/r22sdf/Twiddle64.v:84$195'.
Creating decoders for process `\Twiddle.$proc$../third_party/r22sdf/Twiddle64.v:84$194'.
Creating decoders for process `\Twiddle.$proc$../third_party/r22sdf/Twiddle64.v:83$193'.
Creating decoders for process `\Twiddle.$proc$../third_party/r22sdf/Twiddle64.v:83$192'.
Creating decoders for process `\Twiddle.$proc$../third_party/r22sdf/Twiddle64.v:82$191'.
Creating decoders for process `\Twiddle.$proc$../third_party/r22sdf/Twiddle64.v:82$190'.
Creating decoders for process `\Twiddle.$proc$../third_party/r22sdf/Twiddle64.v:81$189'.
Creating decoders for process `\Twiddle.$proc$../third_party/r22sdf/Twiddle64.v:81$188'.
Creating decoders for process `\Twiddle.$proc$../third_party/r22sdf/Twiddle64.v:80$187'.
Creating decoders for process `\Twiddle.$proc$../third_party/r22sdf/Twiddle64.v:80$186'.
Creating decoders for process `\Twiddle.$proc$../third_party/r22sdf/Twiddle64.v:79$185'.
Creating decoders for process `\Twiddle.$proc$../third_party/r22sdf/Twiddle64.v:79$184'.
Creating decoders for process `\Twiddle.$proc$../third_party/r22sdf/Twiddle64.v:78$183'.
Creating decoders for process `\Twiddle.$proc$../third_party/r22sdf/Twiddle64.v:78$182'.
Creating decoders for process `\Twiddle.$proc$../third_party/r22sdf/Twiddle64.v:77$181'.
Creating decoders for process `\Twiddle.$proc$../third_party/r22sdf/Twiddle64.v:77$180'.
Creating decoders for process `\Twiddle.$proc$../third_party/r22sdf/Twiddle64.v:76$179'.
Creating decoders for process `\Twiddle.$proc$../third_party/r22sdf/Twiddle64.v:76$178'.
Creating decoders for process `\Twiddle.$proc$../third_party/r22sdf/Twiddle64.v:75$177'.
Creating decoders for process `\Twiddle.$proc$../third_party/r22sdf/Twiddle64.v:75$176'.
Creating decoders for process `\Twiddle.$proc$../third_party/r22sdf/Twiddle64.v:74$175'.
Creating decoders for process `\Twiddle.$proc$../third_party/r22sdf/Twiddle64.v:74$174'.
Creating decoders for process `\Twiddle.$proc$../third_party/r22sdf/Twiddle64.v:73$173'.
Creating decoders for process `\Twiddle.$proc$../third_party/r22sdf/Twiddle64.v:73$172'.
Creating decoders for process `\Twiddle.$proc$../third_party/r22sdf/Twiddle64.v:72$171'.
Creating decoders for process `\Twiddle.$proc$../third_party/r22sdf/Twiddle64.v:72$170'.
Creating decoders for process `\Twiddle.$proc$../third_party/r22sdf/Twiddle64.v:71$169'.
Creating decoders for process `\Twiddle.$proc$../third_party/r22sdf/Twiddle64.v:71$168'.
Creating decoders for process `\Twiddle.$proc$../third_party/r22sdf/Twiddle64.v:70$167'.
Creating decoders for process `\Twiddle.$proc$../third_party/r22sdf/Twiddle64.v:70$166'.
Creating decoders for process `\Twiddle.$proc$../third_party/r22sdf/Twiddle64.v:69$165'.
Creating decoders for process `\Twiddle.$proc$../third_party/r22sdf/Twiddle64.v:69$164'.
Creating decoders for process `\Twiddle.$proc$../third_party/r22sdf/Twiddle64.v:68$163'.
Creating decoders for process `\Twiddle.$proc$../third_party/r22sdf/Twiddle64.v:68$162'.
Creating decoders for process `\Twiddle.$proc$../third_party/r22sdf/Twiddle64.v:67$161'.
Creating decoders for process `\Twiddle.$proc$../third_party/r22sdf/Twiddle64.v:67$160'.
Creating decoders for process `\Twiddle.$proc$../third_party/r22sdf/Twiddle64.v:66$159'.
Creating decoders for process `\Twiddle.$proc$../third_party/r22sdf/Twiddle64.v:66$158'.
Creating decoders for process `\Twiddle.$proc$../third_party/r22sdf/Twiddle64.v:65$157'.
Creating decoders for process `\Twiddle.$proc$../third_party/r22sdf/Twiddle64.v:65$156'.
Creating decoders for process `\Twiddle.$proc$../third_party/r22sdf/Twiddle64.v:64$155'.
Creating decoders for process `\Twiddle.$proc$../third_party/r22sdf/Twiddle64.v:64$154'.
Creating decoders for process `\Twiddle.$proc$../third_party/r22sdf/Twiddle64.v:63$153'.
Creating decoders for process `\Twiddle.$proc$../third_party/r22sdf/Twiddle64.v:63$152'.
Creating decoders for process `\Twiddle.$proc$../third_party/r22sdf/Twiddle64.v:62$151'.
Creating decoders for process `\Twiddle.$proc$../third_party/r22sdf/Twiddle64.v:62$150'.
Creating decoders for process `\Twiddle.$proc$../third_party/r22sdf/Twiddle64.v:61$149'.
Creating decoders for process `\Twiddle.$proc$../third_party/r22sdf/Twiddle64.v:61$148'.
Creating decoders for process `\Twiddle.$proc$../third_party/r22sdf/Twiddle64.v:60$147'.
Creating decoders for process `\Twiddle.$proc$../third_party/r22sdf/Twiddle64.v:60$146'.
Creating decoders for process `\Twiddle.$proc$../third_party/r22sdf/Twiddle64.v:59$145'.
Creating decoders for process `\Twiddle.$proc$../third_party/r22sdf/Twiddle64.v:59$144'.
Creating decoders for process `\Twiddle.$proc$../third_party/r22sdf/Twiddle64.v:58$143'.
Creating decoders for process `\Twiddle.$proc$../third_party/r22sdf/Twiddle64.v:58$142'.
Creating decoders for process `\Twiddle.$proc$../third_party/r22sdf/Twiddle64.v:57$141'.
Creating decoders for process `\Twiddle.$proc$../third_party/r22sdf/Twiddle64.v:57$140'.
Creating decoders for process `\Twiddle.$proc$../third_party/r22sdf/Twiddle64.v:56$139'.
Creating decoders for process `\Twiddle.$proc$../third_party/r22sdf/Twiddle64.v:56$138'.
Creating decoders for process `\Twiddle.$proc$../third_party/r22sdf/Twiddle64.v:55$137'.
Creating decoders for process `\Twiddle.$proc$../third_party/r22sdf/Twiddle64.v:55$136'.
Creating decoders for process `\Twiddle.$proc$../third_party/r22sdf/Twiddle64.v:54$135'.
Creating decoders for process `\Twiddle.$proc$../third_party/r22sdf/Twiddle64.v:54$134'.
Creating decoders for process `\Twiddle.$proc$../third_party/r22sdf/Twiddle64.v:53$133'.
Creating decoders for process `\Twiddle.$proc$../third_party/r22sdf/Twiddle64.v:53$132'.
Creating decoders for process `\Twiddle.$proc$../third_party/r22sdf/Twiddle64.v:52$131'.
Creating decoders for process `\Twiddle.$proc$../third_party/r22sdf/Twiddle64.v:52$130'.
Creating decoders for process `\Twiddle.$proc$../third_party/r22sdf/Twiddle64.v:51$129'.
Creating decoders for process `\Twiddle.$proc$../third_party/r22sdf/Twiddle64.v:51$128'.
Creating decoders for process `\Twiddle.$proc$../third_party/r22sdf/Twiddle64.v:50$127'.
Creating decoders for process `\Twiddle.$proc$../third_party/r22sdf/Twiddle64.v:50$126'.
Creating decoders for process `\Twiddle.$proc$../third_party/r22sdf/Twiddle64.v:49$125'.
Creating decoders for process `\Twiddle.$proc$../third_party/r22sdf/Twiddle64.v:49$124'.
Creating decoders for process `\Twiddle.$proc$../third_party/r22sdf/Twiddle64.v:48$123'.
Creating decoders for process `\Twiddle.$proc$../third_party/r22sdf/Twiddle64.v:48$122'.
Creating decoders for process `\Twiddle.$proc$../third_party/r22sdf/Twiddle64.v:47$121'.
Creating decoders for process `\Twiddle.$proc$../third_party/r22sdf/Twiddle64.v:47$120'.
Creating decoders for process `\Twiddle.$proc$../third_party/r22sdf/Twiddle64.v:46$119'.
Creating decoders for process `\Twiddle.$proc$../third_party/r22sdf/Twiddle64.v:46$118'.
Creating decoders for process `\Twiddle.$proc$../third_party/r22sdf/Twiddle64.v:45$117'.
Creating decoders for process `\Twiddle.$proc$../third_party/r22sdf/Twiddle64.v:45$116'.
Creating decoders for process `\Twiddle.$proc$../third_party/r22sdf/Twiddle64.v:44$115'.
Creating decoders for process `\Twiddle.$proc$../third_party/r22sdf/Twiddle64.v:44$114'.
Creating decoders for process `\Twiddle.$proc$../third_party/r22sdf/Twiddle64.v:43$113'.
Creating decoders for process `\Twiddle.$proc$../third_party/r22sdf/Twiddle64.v:43$112'.
Creating decoders for process `\Twiddle.$proc$../third_party/r22sdf/Twiddle64.v:42$111'.
Creating decoders for process `\Twiddle.$proc$../third_party/r22sdf/Twiddle64.v:42$110'.
Creating decoders for process `\Twiddle.$proc$../third_party/r22sdf/Twiddle64.v:41$109'.
Creating decoders for process `\Twiddle.$proc$../third_party/r22sdf/Twiddle64.v:41$108'.
Creating decoders for process `\Twiddle.$proc$../third_party/r22sdf/Twiddle64.v:40$107'.
Creating decoders for process `\Twiddle.$proc$../third_party/r22sdf/Twiddle64.v:40$106'.
Creating decoders for process `\Twiddle.$proc$../third_party/r22sdf/Twiddle64.v:39$105'.
Creating decoders for process `\Twiddle.$proc$../third_party/r22sdf/Twiddle64.v:39$104'.
Creating decoders for process `\Twiddle.$proc$../third_party/r22sdf/Twiddle64.v:21$101'.
     1/1: $1$mem2reg_rd$\wn_im$../third_party/r22sdf/Twiddle64.v:21$96_DATA[15:0]$103
Creating decoders for process `\Twiddle.$proc$../third_party/r22sdf/Twiddle64.v:20$98'.
     1/1: $1$mem2reg_rd$\wn_re$../third_party/r22sdf/Twiddle64.v:20$95_DATA[15:0]$100
Creating decoders for process `\Twiddle.$proc$../third_party/r22sdf/Twiddle64.v:23$97'.
Creating decoders for process `$paramod$520663d7382152bf6f78fc2a37b254cea736bbce\DelayBuffer.$proc$../third_party/r22sdf/DelayBuffer.v:20$436'.
Creating decoders for process `$paramod$e8759a57fc147882a254734ce5d86afa730d93e5\DelayBuffer.$proc$../third_party/r22sdf/DelayBuffer.v:20$435'.
Creating decoders for process `$paramod$e31bf182a78b6901a30a1eec46d5e35479708b24\DelayBuffer.$proc$../third_party/r22sdf/DelayBuffer.v:20$434'.
Creating decoders for process `$paramod$17914cfb50699f154dc59f1c3f8fd47b6e195f44\DelayBuffer.$proc$../third_party/r22sdf/DelayBuffer.v:20$433'.
Creating decoders for process `$paramod$468b6055748c1a70021cd219779b5d26906274a5\DelayBuffer.$proc$../third_party/r22sdf/DelayBuffer.v:20$420'.
Creating decoders for process `\peweaver_ppa_reset_sync.$proc$rtl/peweaver_ppa_fft64.v:26$1'.
     1/1: $0\sync_ff[1:0]

11.2.8. Executing PROC_DLATCH pass (convert process syncs to latches).
No latch inferred for signal `\Twiddle.\wn_im[63]' from process `\Twiddle.$proc$../third_party/r22sdf/Twiddle64.v:102$231'.
No latch inferred for signal `\Twiddle.\wn_re[63]' from process `\Twiddle.$proc$../third_party/r22sdf/Twiddle64.v:102$230'.
No latch inferred for signal `\Twiddle.\wn_im[62]' from process `\Twiddle.$proc$../third_party/r22sdf/Twiddle64.v:101$229'.
No latch inferred for signal `\Twiddle.\wn_re[62]' from process `\Twiddle.$proc$../third_party/r22sdf/Twiddle64.v:101$228'.
No latch inferred for signal `\Twiddle.\wn_im[61]' from process `\Twiddle.$proc$../third_party/r22sdf/Twiddle64.v:100$227'.
No latch inferred for signal `\Twiddle.\wn_re[61]' from process `\Twiddle.$proc$../third_party/r22sdf/Twiddle64.v:100$226'.
No latch inferred for signal `\Twiddle.\wn_im[60]' from process `\Twiddle.$proc$../third_party/r22sdf/Twiddle64.v:99$225'.
No latch inferred for signal `\Twiddle.\wn_re[60]' from process `\Twiddle.$proc$../third_party/r22sdf/Twiddle64.v:99$224'.
No latch inferred for signal `\Twiddle.\wn_im[59]' from process `\Twiddle.$proc$../third_party/r22sdf/Twiddle64.v:98$223'.
No latch inferred for signal `\Twiddle.\wn_re[59]' from process `\Twiddle.$proc$../third_party/r22sdf/Twiddle64.v:98$222'.
No latch inferred for signal `\Twiddle.\wn_im[58]' from process `\Twiddle.$proc$../third_party/r22sdf/Twiddle64.v:97$221'.
No latch inferred for signal `\Twiddle.\wn_re[58]' from process `\Twiddle.$proc$../third_party/r22sdf/Twiddle64.v:97$220'.
No latch inferred for signal `\Twiddle.\wn_im[57]' from process `\Twiddle.$proc$../third_party/r22sdf/Twiddle64.v:96$219'.
No latch inferred for signal `\Twiddle.\wn_re[57]' from process `\Twiddle.$proc$../third_party/r22sdf/Twiddle64.v:96$218'.
No latch inferred for signal `\Twiddle.\wn_im[56]' from process `\Twiddle.$proc$../third_party/r22sdf/Twiddle64.v:95$217'.
No latch inferred for signal `\Twiddle.\wn_re[56]' from process `\Twiddle.$proc$../third_party/r22sdf/Twiddle64.v:95$216'.
No latch inferred for signal `\Twiddle.\wn_im[55]' from process `\Twiddle.$proc$../third_party/r22sdf/Twiddle64.v:94$215'.
No latch inferred for signal `\Twiddle.\wn_re[55]' from process `\Twiddle.$proc$../third_party/r22sdf/Twiddle64.v:94$214'.
No latch inferred for signal `\Twiddle.\wn_im[54]' from process `\Twiddle.$proc$../third_party/r22sdf/Twiddle64.v:93$213'.
No latch inferred for signal `\Twiddle.\wn_re[54]' from process `\Twiddle.$proc$../third_party/r22sdf/Twiddle64.v:93$212'.
No latch inferred for signal `\Twiddle.\wn_im[53]' from process `\Twiddle.$proc$../third_party/r22sdf/Twiddle64.v:92$211'.
No latch inferred for signal `\Twiddle.\wn_re[53]' from process `\Twiddle.$proc$../third_party/r22sdf/Twiddle64.v:92$210'.
No latch inferred for signal `\Twiddle.\wn_im[52]' from process `\Twiddle.$proc$../third_party/r22sdf/Twiddle64.v:91$209'.
No latch inferred for signal `\Twiddle.\wn_re[52]' from process `\Twiddle.$proc$../third_party/r22sdf/Twiddle64.v:91$208'.
No latch inferred for signal `\Twiddle.\wn_im[51]' from process `\Twiddle.$proc$../third_party/r22sdf/Twiddle64.v:90$207'.
No latch inferred for signal `\Twiddle.\wn_re[51]' from process `\Twiddle.$proc$../third_party/r22sdf/Twiddle64.v:90$206'.
No latch inferred for signal `\Twiddle.\wn_im[50]' from process `\Twiddle.$proc$../third_party/r22sdf/Twiddle64.v:89$205'.
No latch inferred for signal `\Twiddle.\wn_re[50]' from process `\Twiddle.$proc$../third_party/r22sdf/Twiddle64.v:89$204'.
No latch inferred for signal `\Twiddle.\wn_im[49]' from process `\Twiddle.$proc$../third_party/r22sdf/Twiddle64.v:88$203'.
No latch inferred for signal `\Twiddle.\wn_re[49]' from process `\Twiddle.$proc$../third_party/r22sdf/Twiddle64.v:88$202'.
No latch inferred for signal `\Twiddle.\wn_im[48]' from process `\Twiddle.$proc$../third_party/r22sdf/Twiddle64.v:87$201'.
No latch inferred for signal `\Twiddle.\wn_re[48]' from process `\Twiddle.$proc$../third_party/r22sdf/Twiddle64.v:87$200'.
No latch inferred for signal `\Twiddle.\wn_im[47]' from process `\Twiddle.$proc$../third_party/r22sdf/Twiddle64.v:86$199'.
No latch inferred for signal `\Twiddle.\wn_re[47]' from process `\Twiddle.$proc$../third_party/r22sdf/Twiddle64.v:86$198'.
No latch inferred for signal `\Twiddle.\wn_im[46]' from process `\Twiddle.$proc$../third_party/r22sdf/Twiddle64.v:85$197'.
No latch inferred for signal `\Twiddle.\wn_re[46]' from process `\Twiddle.$proc$../third_party/r22sdf/Twiddle64.v:85$196'.
No latch inferred for signal `\Twiddle.\wn_im[45]' from process `\Twiddle.$proc$../third_party/r22sdf/Twiddle64.v:84$195'.
No latch inferred for signal `\Twiddle.\wn_re[45]' from process `\Twiddle.$proc$../third_party/r22sdf/Twiddle64.v:84$194'.
No latch inferred for signal `\Twiddle.\wn_im[44]' from process `\Twiddle.$proc$../third_party/r22sdf/Twiddle64.v:83$193'.
No latch inferred for signal `\Twiddle.\wn_re[44]' from process `\Twiddle.$proc$../third_party/r22sdf/Twiddle64.v:83$192'.
No latch inferred for signal `\Twiddle.\wn_im[43]' from process `\Twiddle.$proc$../third_party/r22sdf/Twiddle64.v:82$191'.
No latch inferred for signal `\Twiddle.\wn_re[43]' from process `\Twiddle.$proc$../third_party/r22sdf/Twiddle64.v:82$190'.
No latch inferred for signal `\Twiddle.\wn_im[42]' from process `\Twiddle.$proc$../third_party/r22sdf/Twiddle64.v:81$189'.
No latch inferred for signal `\Twiddle.\wn_re[42]' from process `\Twiddle.$proc$../third_party/r22sdf/Twiddle64.v:81$188'.
No latch inferred for signal `\Twiddle.\wn_im[41]' from process `\Twiddle.$proc$../third_party/r22sdf/Twiddle64.v:80$187'.
No latch inferred for signal `\Twiddle.\wn_re[41]' from process `\Twiddle.$proc$../third_party/r22sdf/Twiddle64.v:80$186'.
No latch inferred for signal `\Twiddle.\wn_im[40]' from process `\Twiddle.$proc$../third_party/r22sdf/Twiddle64.v:79$185'.
No latch inferred for signal `\Twiddle.\wn_re[40]' from process `\Twiddle.$proc$../third_party/r22sdf/Twiddle64.v:79$184'.
No latch inferred for signal `\Twiddle.\wn_im[39]' from process `\Twiddle.$proc$../third_party/r22sdf/Twiddle64.v:78$183'.
No latch inferred for signal `\Twiddle.\wn_re[39]' from process `\Twiddle.$proc$../third_party/r22sdf/Twiddle64.v:78$182'.
No latch inferred for signal `\Twiddle.\wn_im[38]' from process `\Twiddle.$proc$../third_party/r22sdf/Twiddle64.v:77$181'.
No latch inferred for signal `\Twiddle.\wn_re[38]' from process `\Twiddle.$proc$../third_party/r22sdf/Twiddle64.v:77$180'.
No latch inferred for signal `\Twiddle.\wn_im[37]' from process `\Twiddle.$proc$../third_party/r22sdf/Twiddle64.v:76$179'.
No latch inferred for signal `\Twiddle.\wn_re[37]' from process `\Twiddle.$proc$../third_party/r22sdf/Twiddle64.v:76$178'.
No latch inferred for signal `\Twiddle.\wn_im[36]' from process `\Twiddle.$proc$../third_party/r22sdf/Twiddle64.v:75$177'.
No latch inferred for signal `\Twiddle.\wn_re[36]' from process `\Twiddle.$proc$../third_party/r22sdf/Twiddle64.v:75$176'.
No latch inferred for signal `\Twiddle.\wn_im[35]' from process `\Twiddle.$proc$../third_party/r22sdf/Twiddle64.v:74$175'.
No latch inferred for signal `\Twiddle.\wn_re[35]' from process `\Twiddle.$proc$../third_party/r22sdf/Twiddle64.v:74$174'.
No latch inferred for signal `\Twiddle.\wn_im[34]' from process `\Twiddle.$proc$../third_party/r22sdf/Twiddle64.v:73$173'.
No latch inferred for signal `\Twiddle.\wn_re[34]' from process `\Twiddle.$proc$../third_party/r22sdf/Twiddle64.v:73$172'.
No latch inferred for signal `\Twiddle.\wn_im[33]' from process `\Twiddle.$proc$../third_party/r22sdf/Twiddle64.v:72$171'.
No latch inferred for signal `\Twiddle.\wn_re[33]' from process `\Twiddle.$proc$../third_party/r22sdf/Twiddle64.v:72$170'.
No latch inferred for signal `\Twiddle.\wn_im[32]' from process `\Twiddle.$proc$../third_party/r22sdf/Twiddle64.v:71$169'.
No latch inferred for signal `\Twiddle.\wn_re[32]' from process `\Twiddle.$proc$../third_party/r22sdf/Twiddle64.v:71$168'.
No latch inferred for signal `\Twiddle.\wn_im[31]' from process `\Twiddle.$proc$../third_party/r22sdf/Twiddle64.v:70$167'.
No latch inferred for signal `\Twiddle.\wn_re[31]' from process `\Twiddle.$proc$../third_party/r22sdf/Twiddle64.v:70$166'.
No latch inferred for signal `\Twiddle.\wn_im[30]' from process `\Twiddle.$proc$../third_party/r22sdf/Twiddle64.v:69$165'.
No latch inferred for signal `\Twiddle.\wn_re[30]' from process `\Twiddle.$proc$../third_party/r22sdf/Twiddle64.v:69$164'.
No latch inferred for signal `\Twiddle.\wn_im[29]' from process `\Twiddle.$proc$../third_party/r22sdf/Twiddle64.v:68$163'.
No latch inferred for signal `\Twiddle.\wn_re[29]' from process `\Twiddle.$proc$../third_party/r22sdf/Twiddle64.v:68$162'.
No latch inferred for signal `\Twiddle.\wn_im[28]' from process `\Twiddle.$proc$../third_party/r22sdf/Twiddle64.v:67$161'.
No latch inferred for signal `\Twiddle.\wn_re[28]' from process `\Twiddle.$proc$../third_party/r22sdf/Twiddle64.v:67$160'.
No latch inferred for signal `\Twiddle.\wn_im[27]' from process `\Twiddle.$proc$../third_party/r22sdf/Twiddle64.v:66$159'.
No latch inferred for signal `\Twiddle.\wn_re[27]' from process `\Twiddle.$proc$../third_party/r22sdf/Twiddle64.v:66$158'.
No latch inferred for signal `\Twiddle.\wn_im[26]' from process `\Twiddle.$proc$../third_party/r22sdf/Twiddle64.v:65$157'.
No latch inferred for signal `\Twiddle.\wn_re[26]' from process `\Twiddle.$proc$../third_party/r22sdf/Twiddle64.v:65$156'.
No latch inferred for signal `\Twiddle.\wn_im[25]' from process `\Twiddle.$proc$../third_party/r22sdf/Twiddle64.v:64$155'.
No latch inferred for signal `\Twiddle.\wn_re[25]' from process `\Twiddle.$proc$../third_party/r22sdf/Twiddle64.v:64$154'.
No latch inferred for signal `\Twiddle.\wn_im[24]' from process `\Twiddle.$proc$../third_party/r22sdf/Twiddle64.v:63$153'.
No latch inferred for signal `\Twiddle.\wn_re[24]' from process `\Twiddle.$proc$../third_party/r22sdf/Twiddle64.v:63$152'.
No latch inferred for signal `\Twiddle.\wn_im[23]' from process `\Twiddle.$proc$../third_party/r22sdf/Twiddle64.v:62$151'.
No latch inferred for signal `\Twiddle.\wn_re[23]' from process `\Twiddle.$proc$../third_party/r22sdf/Twiddle64.v:62$150'.
No latch inferred for signal `\Twiddle.\wn_im[22]' from process `\Twiddle.$proc$../third_party/r22sdf/Twiddle64.v:61$149'.
No latch inferred for signal `\Twiddle.\wn_re[22]' from process `\Twiddle.$proc$../third_party/r22sdf/Twiddle64.v:61$148'.
No latch inferred for signal `\Twiddle.\wn_im[21]' from process `\Twiddle.$proc$../third_party/r22sdf/Twiddle64.v:60$147'.
No latch inferred for signal `\Twiddle.\wn_re[21]' from process `\Twiddle.$proc$../third_party/r22sdf/Twiddle64.v:60$146'.
No latch inferred for signal `\Twiddle.\wn_im[20]' from process `\Twiddle.$proc$../third_party/r22sdf/Twiddle64.v:59$145'.
No latch inferred for signal `\Twiddle.\wn_re[20]' from process `\Twiddle.$proc$../third_party/r22sdf/Twiddle64.v:59$144'.
No latch inferred for signal `\Twiddle.\wn_im[19]' from process `\Twiddle.$proc$../third_party/r22sdf/Twiddle64.v:58$143'.
No latch inferred for signal `\Twiddle.\wn_re[19]' from process `\Twiddle.$proc$../third_party/r22sdf/Twiddle64.v:58$142'.
No latch inferred for signal `\Twiddle.\wn_im[18]' from process `\Twiddle.$proc$../third_party/r22sdf/Twiddle64.v:57$141'.
No latch inferred for signal `\Twiddle.\wn_re[18]' from process `\Twiddle.$proc$../third_party/r22sdf/Twiddle64.v:57$140'.
No latch inferred for signal `\Twiddle.\wn_im[17]' from process `\Twiddle.$proc$../third_party/r22sdf/Twiddle64.v:56$139'.
No latch inferred for signal `\Twiddle.\wn_re[17]' from process `\Twiddle.$proc$../third_party/r22sdf/Twiddle64.v:56$138'.
No latch inferred for signal `\Twiddle.\wn_im[16]' from process `\Twiddle.$proc$../third_party/r22sdf/Twiddle64.v:55$137'.
No latch inferred for signal `\Twiddle.\wn_re[16]' from process `\Twiddle.$proc$../third_party/r22sdf/Twiddle64.v:55$136'.
No latch inferred for signal `\Twiddle.\wn_im[15]' from process `\Twiddle.$proc$../third_party/r22sdf/Twiddle64.v:54$135'.
No latch inferred for signal `\Twiddle.\wn_re[15]' from process `\Twiddle.$proc$../third_party/r22sdf/Twiddle64.v:54$134'.
No latch inferred for signal `\Twiddle.\wn_im[14]' from process `\Twiddle.$proc$../third_party/r22sdf/Twiddle64.v:53$133'.
No latch inferred for signal `\Twiddle.\wn_re[14]' from process `\Twiddle.$proc$../third_party/r22sdf/Twiddle64.v:53$132'.
No latch inferred for signal `\Twiddle.\wn_im[13]' from process `\Twiddle.$proc$../third_party/r22sdf/Twiddle64.v:52$131'.
No latch inferred for signal `\Twiddle.\wn_re[13]' from process `\Twiddle.$proc$../third_party/r22sdf/Twiddle64.v:52$130'.
No latch inferred for signal `\Twiddle.\wn_im[12]' from process `\Twiddle.$proc$../third_party/r22sdf/Twiddle64.v:51$129'.
No latch inferred for signal `\Twiddle.\wn_re[12]' from process `\Twiddle.$proc$../third_party/r22sdf/Twiddle64.v:51$128'.
No latch inferred for signal `\Twiddle.\wn_im[11]' from process `\Twiddle.$proc$../third_party/r22sdf/Twiddle64.v:50$127'.
No latch inferred for signal `\Twiddle.\wn_re[11]' from process `\Twiddle.$proc$../third_party/r22sdf/Twiddle64.v:50$126'.
No latch inferred for signal `\Twiddle.\wn_im[10]' from process `\Twiddle.$proc$../third_party/r22sdf/Twiddle64.v:49$125'.
No latch inferred for signal `\Twiddle.\wn_re[10]' from process `\Twiddle.$proc$../third_party/r22sdf/Twiddle64.v:49$124'.
No latch inferred for signal `\Twiddle.\wn_im[9]' from process `\Twiddle.$proc$../third_party/r22sdf/Twiddle64.v:48$123'.
No latch inferred for signal `\Twiddle.\wn_re[9]' from process `\Twiddle.$proc$../third_party/r22sdf/Twiddle64.v:48$122'.
No latch inferred for signal `\Twiddle.\wn_im[8]' from process `\Twiddle.$proc$../third_party/r22sdf/Twiddle64.v:47$121'.
No latch inferred for signal `\Twiddle.\wn_re[8]' from process `\Twiddle.$proc$../third_party/r22sdf/Twiddle64.v:47$120'.
No latch inferred for signal `\Twiddle.\wn_im[7]' from process `\Twiddle.$proc$../third_party/r22sdf/Twiddle64.v:46$119'.
No latch inferred for signal `\Twiddle.\wn_re[7]' from process `\Twiddle.$proc$../third_party/r22sdf/Twiddle64.v:46$118'.
No latch inferred for signal `\Twiddle.\wn_im[6]' from process `\Twiddle.$proc$../third_party/r22sdf/Twiddle64.v:45$117'.
No latch inferred for signal `\Twiddle.\wn_re[6]' from process `\Twiddle.$proc$../third_party/r22sdf/Twiddle64.v:45$116'.
No latch inferred for signal `\Twiddle.\wn_im[5]' from process `\Twiddle.$proc$../third_party/r22sdf/Twiddle64.v:44$115'.
No latch inferred for signal `\Twiddle.\wn_re[5]' from process `\Twiddle.$proc$../third_party/r22sdf/Twiddle64.v:44$114'.
No latch inferred for signal `\Twiddle.\wn_im[4]' from process `\Twiddle.$proc$../third_party/r22sdf/Twiddle64.v:43$113'.
No latch inferred for signal `\Twiddle.\wn_re[4]' from process `\Twiddle.$proc$../third_party/r22sdf/Twiddle64.v:43$112'.
No latch inferred for signal `\Twiddle.\wn_im[3]' from process `\Twiddle.$proc$../third_party/r22sdf/Twiddle64.v:42$111'.
No latch inferred for signal `\Twiddle.\wn_re[3]' from process `\Twiddle.$proc$../third_party/r22sdf/Twiddle64.v:42$110'.
No latch inferred for signal `\Twiddle.\wn_im[2]' from process `\Twiddle.$proc$../third_party/r22sdf/Twiddle64.v:41$109'.
No latch inferred for signal `\Twiddle.\wn_re[2]' from process `\Twiddle.$proc$../third_party/r22sdf/Twiddle64.v:41$108'.
No latch inferred for signal `\Twiddle.\wn_im[1]' from process `\Twiddle.$proc$../third_party/r22sdf/Twiddle64.v:40$107'.
No latch inferred for signal `\Twiddle.\wn_re[1]' from process `\Twiddle.$proc$../third_party/r22sdf/Twiddle64.v:40$106'.
No latch inferred for signal `\Twiddle.\wn_im[0]' from process `\Twiddle.$proc$../third_party/r22sdf/Twiddle64.v:39$105'.
No latch inferred for signal `\Twiddle.\wn_re[0]' from process `\Twiddle.$proc$../third_party/r22sdf/Twiddle64.v:39$104'.
No latch inferred for signal `\Twiddle.$mem2reg_rd$\wn_im$../third_party/r22sdf/Twiddle64.v:21$96_DATA' from process `\Twiddle.$proc$../third_party/r22sdf/Twiddle64.v:21$101'.
No latch inferred for signal `\Twiddle.$mem2reg_rd$\wn_re$../third_party/r22sdf/Twiddle64.v:20$95_DATA' from process `\Twiddle.$proc$../third_party/r22sdf/Twiddle64.v:20$98'.

11.2.9. Executing PROC_DFF pass (convert process syncs to FFs).
Creating register for signal `$paramod$c542f2cdb8cf3fb2f7011f6438933e7913c8a609\DelayBuffer.\n' using process `$paramod$c542f2cdb8cf3fb2f7011f6438933e7913c8a609\DelayBuffer.$proc$../third_party/r22sdf/DelayBuffer.v:20$407'.
  created $dff cell `$procdff$567' with positive edge clock.
Creating register for signal `$paramod$c542f2cdb8cf3fb2f7011f6438933e7913c8a609\DelayBuffer.\buf_re[0]' using process `$paramod$c542f2cdb8cf3fb2f7011f6438933e7913c8a609\DelayBuffer.$proc$../third_party/r22sdf/DelayBuffer.v:20$407'.
  created $dff cell `$procdff$568' with positive edge clock.
Creating register for signal `$paramod$c542f2cdb8cf3fb2f7011f6438933e7913c8a609\DelayBuffer.\buf_re[1]' using process `$paramod$c542f2cdb8cf3fb2f7011f6438933e7913c8a609\DelayBuffer.$proc$../third_party/r22sdf/DelayBuffer.v:20$407'.
  created $dff cell `$procdff$569' with positive edge clock.
Creating register for signal `$paramod$c542f2cdb8cf3fb2f7011f6438933e7913c8a609\DelayBuffer.\buf_re[2]' using process `$paramod$c542f2cdb8cf3fb2f7011f6438933e7913c8a609\DelayBuffer.$proc$../third_party/r22sdf/DelayBuffer.v:20$407'.
  created $dff cell `$procdff$570' with positive edge clock.
Creating register for signal `$paramod$c542f2cdb8cf3fb2f7011f6438933e7913c8a609\DelayBuffer.\buf_re[3]' using process `$paramod$c542f2cdb8cf3fb2f7011f6438933e7913c8a609\DelayBuffer.$proc$../third_party/r22sdf/DelayBuffer.v:20$407'.
  created $dff cell `$procdff$571' with positive edge clock.
Creating register for signal `$paramod$c542f2cdb8cf3fb2f7011f6438933e7913c8a609\DelayBuffer.\buf_re[4]' using process `$paramod$c542f2cdb8cf3fb2f7011f6438933e7913c8a609\DelayBuffer.$proc$../third_party/r22sdf/DelayBuffer.v:20$407'.
  created $dff cell `$procdff$572' with positive edge clock.
Creating register for signal `$paramod$c542f2cdb8cf3fb2f7011f6438933e7913c8a609\DelayBuffer.\buf_re[5]' using process `$paramod$c542f2cdb8cf3fb2f7011f6438933e7913c8a609\DelayBuffer.$proc$../third_party/r22sdf/DelayBuffer.v:20$407'.
  created $dff cell `$procdff$573' with positive edge clock.
Creating register for signal `$paramod$c542f2cdb8cf3fb2f7011f6438933e7913c8a609\DelayBuffer.\buf_re[6]' using process `$paramod$c542f2cdb8cf3fb2f7011f6438933e7913c8a609\DelayBuffer.$proc$../third_party/r22sdf/DelayBuffer.v:20$407'.
  created $dff cell `$procdff$574' with positive edge clock.
Creating register for signal `$paramod$c542f2cdb8cf3fb2f7011f6438933e7913c8a609\DelayBuffer.\buf_re[7]' using process `$paramod$c542f2cdb8cf3fb2f7011f6438933e7913c8a609\DelayBuffer.$proc$../third_party/r22sdf/DelayBuffer.v:20$407'.
  created $dff cell `$procdff$575' with positive edge clock.
Creating register for signal `$paramod$c542f2cdb8cf3fb2f7011f6438933e7913c8a609\DelayBuffer.\buf_re[8]' using process `$paramod$c542f2cdb8cf3fb2f7011f6438933e7913c8a609\DelayBuffer.$proc$../third_party/r22sdf/DelayBuffer.v:20$407'.
  created $dff cell `$procdff$576' with positive edge clock.
Creating register for signal `$paramod$c542f2cdb8cf3fb2f7011f6438933e7913c8a609\DelayBuffer.\buf_re[9]' using process `$paramod$c542f2cdb8cf3fb2f7011f6438933e7913c8a609\DelayBuffer.$proc$../third_party/r22sdf/DelayBuffer.v:20$407'.
  created $dff cell `$procdff$577' with positive edge clock.
Creating register for signal `$paramod$c542f2cdb8cf3fb2f7011f6438933e7913c8a609\DelayBuffer.\buf_re[10]' using process `$paramod$c542f2cdb8cf3fb2f7011f6438933e7913c8a609\DelayBuffer.$proc$../third_party/r22sdf/DelayBuffer.v:20$407'.
  created $dff cell `$procdff$578' with positive edge clock.
Creating register for signal `$paramod$c542f2cdb8cf3fb2f7011f6438933e7913c8a609\DelayBuffer.\buf_re[11]' using process `$paramod$c542f2cdb8cf3fb2f7011f6438933e7913c8a609\DelayBuffer.$proc$../third_party/r22sdf/DelayBuffer.v:20$407'.
  created $dff cell `$procdff$579' with positive edge clock.
Creating register for signal `$paramod$c542f2cdb8cf3fb2f7011f6438933e7913c8a609\DelayBuffer.\buf_re[12]' using process `$paramod$c542f2cdb8cf3fb2f7011f6438933e7913c8a609\DelayBuffer.$proc$../third_party/r22sdf/DelayBuffer.v:20$407'.
  created $dff cell `$procdff$580' with positive edge clock.
Creating register for signal `$paramod$c542f2cdb8cf3fb2f7011f6438933e7913c8a609\DelayBuffer.\buf_re[13]' using process `$paramod$c542f2cdb8cf3fb2f7011f6438933e7913c8a609\DelayBuffer.$proc$../third_party/r22sdf/DelayBuffer.v:20$407'.
  created $dff cell `$procdff$581' with positive edge clock.
Creating register for signal `$paramod$c542f2cdb8cf3fb2f7011f6438933e7913c8a609\DelayBuffer.\buf_re[14]' using process `$paramod$c542f2cdb8cf3fb2f7011f6438933e7913c8a609\DelayBuffer.$proc$../third_party/r22sdf/DelayBuffer.v:20$407'.
  created $dff cell `$procdff$582' with positive edge clock.
Creating register for signal `$paramod$c542f2cdb8cf3fb2f7011f6438933e7913c8a609\DelayBuffer.\buf_re[15]' using process `$paramod$c542f2cdb8cf3fb2f7011f6438933e7913c8a609\DelayBuffer.$proc$../third_party/r22sdf/DelayBuffer.v:20$407'.
  created $dff cell `$procdff$583' with positive edge clock.
Creating register for signal `$paramod$c542f2cdb8cf3fb2f7011f6438933e7913c8a609\DelayBuffer.\buf_im[0]' using process `$paramod$c542f2cdb8cf3fb2f7011f6438933e7913c8a609\DelayBuffer.$proc$../third_party/r22sdf/DelayBuffer.v:20$407'.
  created $dff cell `$procdff$584' with positive edge clock.
Creating register for signal `$paramod$c542f2cdb8cf3fb2f7011f6438933e7913c8a609\DelayBuffer.\buf_im[1]' using process `$paramod$c542f2cdb8cf3fb2f7011f6438933e7913c8a609\DelayBuffer.$proc$../third_party/r22sdf/DelayBuffer.v:20$407'.
  created $dff cell `$procdff$585' with positive edge clock.
Creating register for signal `$paramod$c542f2cdb8cf3fb2f7011f6438933e7913c8a609\DelayBuffer.\buf_im[2]' using process `$paramod$c542f2cdb8cf3fb2f7011f6438933e7913c8a609\DelayBuffer.$proc$../third_party/r22sdf/DelayBuffer.v:20$407'.
  created $dff cell `$procdff$586' with positive edge clock.
Creating register for signal `$paramod$c542f2cdb8cf3fb2f7011f6438933e7913c8a609\DelayBuffer.\buf_im[3]' using process `$paramod$c542f2cdb8cf3fb2f7011f6438933e7913c8a609\DelayBuffer.$proc$../third_party/r22sdf/DelayBuffer.v:20$407'.
  created $dff cell `$procdff$587' with positive edge clock.
Creating register for signal `$paramod$c542f2cdb8cf3fb2f7011f6438933e7913c8a609\DelayBuffer.\buf_im[4]' using process `$paramod$c542f2cdb8cf3fb2f7011f6438933e7913c8a609\DelayBuffer.$proc$../third_party/r22sdf/DelayBuffer.v:20$407'.
  created $dff cell `$procdff$588' with positive edge clock.
Creating register for signal `$paramod$c542f2cdb8cf3fb2f7011f6438933e7913c8a609\DelayBuffer.\buf_im[5]' using process `$paramod$c542f2cdb8cf3fb2f7011f6438933e7913c8a609\DelayBuffer.$proc$../third_party/r22sdf/DelayBuffer.v:20$407'.
  created $dff cell `$procdff$589' with positive edge clock.
Creating register for signal `$paramod$c542f2cdb8cf3fb2f7011f6438933e7913c8a609\DelayBuffer.\buf_im[6]' using process `$paramod$c542f2cdb8cf3fb2f7011f6438933e7913c8a609\DelayBuffer.$proc$../third_party/r22sdf/DelayBuffer.v:20$407'.
  created $dff cell `$procdff$590' with positive edge clock.
Creating register for signal `$paramod$c542f2cdb8cf3fb2f7011f6438933e7913c8a609\DelayBuffer.\buf_im[7]' using process `$paramod$c542f2cdb8cf3fb2f7011f6438933e7913c8a609\DelayBuffer.$proc$../third_party/r22sdf/DelayBuffer.v:20$407'.
  created $dff cell `$procdff$591' with positive edge clock.
Creating register for signal `$paramod$c542f2cdb8cf3fb2f7011f6438933e7913c8a609\DelayBuffer.\buf_im[8]' using process `$paramod$c542f2cdb8cf3fb2f7011f6438933e7913c8a609\DelayBuffer.$proc$../third_party/r22sdf/DelayBuffer.v:20$407'.
  created $dff cell `$procdff$592' with positive edge clock.
Creating register for signal `$paramod$c542f2cdb8cf3fb2f7011f6438933e7913c8a609\DelayBuffer.\buf_im[9]' using process `$paramod$c542f2cdb8cf3fb2f7011f6438933e7913c8a609\DelayBuffer.$proc$../third_party/r22sdf/DelayBuffer.v:20$407'.
  created $dff cell `$procdff$593' with positive edge clock.
Creating register for signal `$paramod$c542f2cdb8cf3fb2f7011f6438933e7913c8a609\DelayBuffer.\buf_im[10]' using process `$paramod$c542f2cdb8cf3fb2f7011f6438933e7913c8a609\DelayBuffer.$proc$../third_party/r22sdf/DelayBuffer.v:20$407'.
  created $dff cell `$procdff$594' with positive edge clock.
Creating register for signal `$paramod$c542f2cdb8cf3fb2f7011f6438933e7913c8a609\DelayBuffer.\buf_im[11]' using process `$paramod$c542f2cdb8cf3fb2f7011f6438933e7913c8a609\DelayBuffer.$proc$../third_party/r22sdf/DelayBuffer.v:20$407'.
  created $dff cell `$procdff$595' with positive edge clock.
Creating register for signal `$paramod$c542f2cdb8cf3fb2f7011f6438933e7913c8a609\DelayBuffer.\buf_im[12]' using process `$paramod$c542f2cdb8cf3fb2f7011f6438933e7913c8a609\DelayBuffer.$proc$../third_party/r22sdf/DelayBuffer.v:20$407'.
  created $dff cell `$procdff$596' with positive edge clock.
Creating register for signal `$paramod$c542f2cdb8cf3fb2f7011f6438933e7913c8a609\DelayBuffer.\buf_im[13]' using process `$paramod$c542f2cdb8cf3fb2f7011f6438933e7913c8a609\DelayBuffer.$proc$../third_party/r22sdf/DelayBuffer.v:20$407'.
  created $dff cell `$procdff$597' with positive edge clock.
Creating register for signal `$paramod$c542f2cdb8cf3fb2f7011f6438933e7913c8a609\DelayBuffer.\buf_im[14]' using process `$paramod$c542f2cdb8cf3fb2f7011f6438933e7913c8a609\DelayBuffer.$proc$../third_party/r22sdf/DelayBuffer.v:20$407'.
  created $dff cell `$procdff$598' with positive edge clock.
Creating register for signal `$paramod$c542f2cdb8cf3fb2f7011f6438933e7913c8a609\DelayBuffer.\buf_im[15]' using process `$paramod$c542f2cdb8cf3fb2f7011f6438933e7913c8a609\DelayBuffer.$proc$../third_party/r22sdf/DelayBuffer.v:20$407'.
  created $dff cell `$procdff$599' with positive edge clock.
Creating register for signal `$paramod$31b4a60d4c392c8032c765add59e3b1dd88721d8\SdfUnit.\mu_do_en' using process `$paramod$31b4a60d4c392c8032c765add59e3b1dd88721d8\SdfUnit.$proc$../third_party/r22sdf/SdfUnit.v:264$396'.
  created $adff cell `$procdff$602' with positive edge clock and positive level reset.
Creating register for signal `$paramod$31b4a60d4c392c8032c765add59e3b1dd88721d8\SdfUnit.\mu_do_re' using process `$paramod$31b4a60d4c392c8032c765add59e3b1dd88721d8\SdfUnit.$proc$../third_party/r22sdf/SdfUnit.v:259$393'.
  created $dff cell `$procdff$603' with positive edge clock.
Creating register for signal `$paramod$31b4a60d4c392c8032c765add59e3b1dd88721d8\SdfUnit.\mu_do_im' using process `$paramod$31b4a60d4c392c8032c765add59e3b1dd88721d8\SdfUnit.$proc$../third_party/r22sdf/SdfUnit.v:259$393'.
  created $dff cell `$procdff$604' with positive edge clock.
Creating register for signal `$paramod$31b4a60d4c392c8032c765add59e3b1dd88721d8\SdfUnit.\mu_en' using process `$paramod$31b4a60d4c392c8032c765add59e3b1dd88721d8\SdfUnit.$proc$../third_party/r22sdf/SdfUnit.v:243$389'.
  created $dff cell `$procdff$605' with positive edge clock.
Creating register for signal `$paramod$31b4a60d4c392c8032c765add59e3b1dd88721d8\SdfUnit.\bf2_do_en' using process `$paramod$31b4a60d4c392c8032c765add59e3b1dd88721d8\SdfUnit.$proc$../third_party/r22sdf/SdfUnit.v:219$386'.
  created $adff cell `$procdff$608' with positive edge clock and positive level reset.
Creating register for signal `$paramod$31b4a60d4c392c8032c765add59e3b1dd88721d8\SdfUnit.\bf2_do_re' using process `$paramod$31b4a60d4c392c8032c765add59e3b1dd88721d8\SdfUnit.$proc$../third_party/r22sdf/SdfUnit.v:214$385'.
  created $dff cell `$procdff$609' with positive edge clock.
Creating register for signal `$paramod$31b4a60d4c392c8032c765add59e3b1dd88721d8\SdfUnit.\bf2_do_im' using process `$paramod$31b4a60d4c392c8032c765add59e3b1dd88721d8\SdfUnit.$proc$../third_party/r22sdf/SdfUnit.v:214$385'.
  created $dff cell `$procdff$610' with positive edge clock.
Creating register for signal `$paramod$31b4a60d4c392c8032c765add59e3b1dd88721d8\SdfUnit.\bf2_start' using process `$paramod$31b4a60d4c392c8032c765add59e3b1dd88721d8\SdfUnit.$proc$../third_party/r22sdf/SdfUnit.v:209$381'.
  created $dff cell `$procdff$611' with positive edge clock.
Creating register for signal `$paramod$31b4a60d4c392c8032c765add59e3b1dd88721d8\SdfUnit.\bf2_sp_en' using process `$paramod$31b4a60d4c392c8032c765add59e3b1dd88721d8\SdfUnit.$proc$../third_party/r22sdf/SdfUnit.v:199$376'.
  created $adff cell `$procdff$614' with positive edge clock and positive level reset.
Creating register for signal `$paramod$31b4a60d4c392c8032c765add59e3b1dd88721d8\SdfUnit.\bf2_count' using process `$paramod$31b4a60d4c392c8032c765add59e3b1dd88721d8\SdfUnit.$proc$../third_party/r22sdf/SdfUnit.v:199$376'.
  created $adff cell `$procdff$617' with positive edge clock and positive level reset.
Creating register for signal `$paramod$31b4a60d4c392c8032c765add59e3b1dd88721d8\SdfUnit.\bf2_bf' using process `$paramod$31b4a60d4c392c8032c765add59e3b1dd88721d8\SdfUnit.$proc$../third_party/r22sdf/SdfUnit.v:163$367'.
  created $dff cell `$procdff$618' with positive edge clock.
Creating register for signal `$paramod$31b4a60d4c392c8032c765add59e3b1dd88721d8\SdfUnit.\bf1_do_re' using process `$paramod$31b4a60d4c392c8032c765add59e3b1dd88721d8\SdfUnit.$proc$../third_party/r22sdf/SdfUnit.v:155$366'.
  created $dff cell `$procdff$619' with positive edge clock.
Creating register for signal `$paramod$31b4a60d4c392c8032c765add59e3b1dd88721d8\SdfUnit.\bf1_do_im' using process `$paramod$31b4a60d4c392c8032c765add59e3b1dd88721d8\SdfUnit.$proc$../third_party/r22sdf/SdfUnit.v:155$366'.
  created $dff cell `$procdff$620' with positive edge clock.
Creating register for signal `$paramod$31b4a60d4c392c8032c765add59e3b1dd88721d8\SdfUnit.\bf1_sp_en' using process `$paramod$31b4a60d4c392c8032c765add59e3b1dd88721d8\SdfUnit.$proc$../third_party/r22sdf/SdfUnit.v:142$358'.
  created $adff cell `$procdff$623' with positive edge clock and positive level reset.
Creating register for signal `$paramod$31b4a60d4c392c8032c765add59e3b1dd88721d8\SdfUnit.\bf1_count' using process `$paramod$31b4a60d4c392c8032c765add59e3b1dd88721d8\SdfUnit.$proc$../third_party/r22sdf/SdfUnit.v:142$358'.
  created $adff cell `$procdff$626' with positive edge clock and positive level reset.
Creating register for signal `$paramod$31b4a60d4c392c8032c765add59e3b1dd88721d8\SdfUnit.\di_count' using process `$paramod$31b4a60d4c392c8032c765add59e3b1dd88721d8\SdfUnit.$proc$../third_party/r22sdf/SdfUnit.v:103$344'.
  created $adff cell `$procdff$629' with positive edge clock and positive level reset.
Creating register for signal `$paramod$e3b428dd0e3d22a099d4960bb16875dbfc951f1c\SdfUnit.\mu_do_en' using process `$paramod$e3b428dd0e3d22a099d4960bb16875dbfc951f1c\SdfUnit.$proc$../third_party/r22sdf/SdfUnit.v:264$341'.
  created $adff cell `$procdff$632' with positive edge clock and positive level reset.
Creating register for signal `$paramod$e3b428dd0e3d22a099d4960bb16875dbfc951f1c\SdfUnit.\mu_do_re' using process `$paramod$e3b428dd0e3d22a099d4960bb16875dbfc951f1c\SdfUnit.$proc$../third_party/r22sdf/SdfUnit.v:259$338'.
  created $dff cell `$procdff$633' with positive edge clock.
Creating register for signal `$paramod$e3b428dd0e3d22a099d4960bb16875dbfc951f1c\SdfUnit.\mu_do_im' using process `$paramod$e3b428dd0e3d22a099d4960bb16875dbfc951f1c\SdfUnit.$proc$../third_party/r22sdf/SdfUnit.v:259$338'.
  created $dff cell `$procdff$634' with positive edge clock.
Creating register for signal `$paramod$e3b428dd0e3d22a099d4960bb16875dbfc951f1c\SdfUnit.\mu_en' using process `$paramod$e3b428dd0e3d22a099d4960bb16875dbfc951f1c\SdfUnit.$proc$../third_party/r22sdf/SdfUnit.v:243$334'.
  created $dff cell `$procdff$635' with positive edge clock.
Creating register for signal `$paramod$e3b428dd0e3d22a099d4960bb16875dbfc951f1c\SdfUnit.\bf2_do_en' using process `$paramod$e3b428dd0e3d22a099d4960bb16875dbfc951f1c\SdfUnit.$proc$../third_party/r22sdf/SdfUnit.v:219$331'.
  created $adff cell `$procdff$638' with positive edge clock and positive level reset.
Creating register for signal `$paramod$e3b428dd0e3d22a099d4960bb16875dbfc951f1c\SdfUnit.\bf2_do_re' using process `$paramod$e3b428dd0e3d22a099d4960bb16875dbfc951f1c\SdfUnit.$proc$../third_party/r22sdf/SdfUnit.v:214$330'.
  created $dff cell `$procdff$639' with positive edge clock.
Creating register for signal `$paramod$e3b428dd0e3d22a099d4960bb16875dbfc951f1c\SdfUnit.\bf2_do_im' using process `$paramod$e3b428dd0e3d22a099d4960bb16875dbfc951f1c\SdfUnit.$proc$../third_party/r22sdf/SdfUnit.v:214$330'.
  created $dff cell `$procdff$640' with positive edge clock.
Creating register for signal `$paramod$e3b428dd0e3d22a099d4960bb16875dbfc951f1c\SdfUnit.\bf2_start' using process `$paramod$e3b428dd0e3d22a099d4960bb16875dbfc951f1c\SdfUnit.$proc$../third_party/r22sdf/SdfUnit.v:209$326'.
  created $dff cell `$procdff$641' with positive edge clock.
Creating register for signal `$paramod$e3b428dd0e3d22a099d4960bb16875dbfc951f1c\SdfUnit.\bf2_sp_en' using process `$paramod$e3b428dd0e3d22a099d4960bb16875dbfc951f1c\SdfUnit.$proc$../third_party/r22sdf/SdfUnit.v:199$321'.
  created $adff cell `$procdff$644' with positive edge clock and positive level reset.
Creating register for signal `$paramod$e3b428dd0e3d22a099d4960bb16875dbfc951f1c\SdfUnit.\bf2_count' using process `$paramod$e3b428dd0e3d22a099d4960bb16875dbfc951f1c\SdfUnit.$proc$../third_party/r22sdf/SdfUnit.v:199$321'.
  created $adff cell `$procdff$647' with positive edge clock and positive level reset.
Creating register for signal `$paramod$e3b428dd0e3d22a099d4960bb16875dbfc951f1c\SdfUnit.\bf2_bf' using process `$paramod$e3b428dd0e3d22a099d4960bb16875dbfc951f1c\SdfUnit.$proc$../third_party/r22sdf/SdfUnit.v:163$312'.
  created $dff cell `$procdff$648' with positive edge clock.
Creating register for signal `$paramod$e3b428dd0e3d22a099d4960bb16875dbfc951f1c\SdfUnit.\bf1_do_re' using process `$paramod$e3b428dd0e3d22a099d4960bb16875dbfc951f1c\SdfUnit.$proc$../third_party/r22sdf/SdfUnit.v:155$311'.
  created $dff cell `$procdff$649' with positive edge clock.
Creating register for signal `$paramod$e3b428dd0e3d22a099d4960bb16875dbfc951f1c\SdfUnit.\bf1_do_im' using process `$paramod$e3b428dd0e3d22a099d4960bb16875dbfc951f1c\SdfUnit.$proc$../third_party/r22sdf/SdfUnit.v:155$311'.
  created $dff cell `$procdff$650' with positive edge clock.
Creating register for signal `$paramod$e3b428dd0e3d22a099d4960bb16875dbfc951f1c\SdfUnit.\bf1_sp_en' using process `$paramod$e3b428dd0e3d22a099d4960bb16875dbfc951f1c\SdfUnit.$proc$../third_party/r22sdf/SdfUnit.v:142$303'.
  created $adff cell `$procdff$653' with positive edge clock and positive level reset.
Creating register for signal `$paramod$e3b428dd0e3d22a099d4960bb16875dbfc951f1c\SdfUnit.\bf1_count' using process `$paramod$e3b428dd0e3d22a099d4960bb16875dbfc951f1c\SdfUnit.$proc$../third_party/r22sdf/SdfUnit.v:142$303'.
  created $adff cell `$procdff$656' with positive edge clock and positive level reset.
Creating register for signal `$paramod$e3b428dd0e3d22a099d4960bb16875dbfc951f1c\SdfUnit.\di_count' using process `$paramod$e3b428dd0e3d22a099d4960bb16875dbfc951f1c\SdfUnit.$proc$../third_party/r22sdf/SdfUnit.v:103$289'.
  created $adff cell `$procdff$659' with positive edge clock and positive level reset.
Creating register for signal `$paramod$25bb70cf5a48aa945caa779105562d3b5b1e4265\SdfUnit.\mu_do_en' using process `$paramod$25bb70cf5a48aa945caa779105562d3b5b1e4265\SdfUnit.$proc$../third_party/r22sdf/SdfUnit.v:264$286'.
  created $adff cell `$procdff$662' with positive edge clock and positive level reset.
Creating register for signal `$paramod$25bb70cf5a48aa945caa779105562d3b5b1e4265\SdfUnit.\mu_do_re' using process `$paramod$25bb70cf5a48aa945caa779105562d3b5b1e4265\SdfUnit.$proc$../third_party/r22sdf/SdfUnit.v:259$283'.
  created $dff cell `$procdff$663' with positive edge clock.
Creating register for signal `$paramod$25bb70cf5a48aa945caa779105562d3b5b1e4265\SdfUnit.\mu_do_im' using process `$paramod$25bb70cf5a48aa945caa779105562d3b5b1e4265\SdfUnit.$proc$../third_party/r22sdf/SdfUnit.v:259$283'.
  created $dff cell `$procdff$664' with positive edge clock.
Creating register for signal `$paramod$25bb70cf5a48aa945caa779105562d3b5b1e4265\SdfUnit.\mu_en' using process `$paramod$25bb70cf5a48aa945caa779105562d3b5b1e4265\SdfUnit.$proc$../third_party/r22sdf/SdfUnit.v:243$279'.
  created $dff cell `$procdff$665' with positive edge clock.
Creating register for signal `$paramod$25bb70cf5a48aa945caa779105562d3b5b1e4265\SdfUnit.\bf2_do_en' using process `$paramod$25bb70cf5a48aa945caa779105562d3b5b1e4265\SdfUnit.$proc$../third_party/r22sdf/SdfUnit.v:219$276'.
  created $adff cell `$procdff$668' with positive edge clock and positive level reset.
Creating register for signal `$paramod$25bb70cf5a48aa945caa779105562d3b5b1e4265\SdfUnit.\bf2_do_re' using process `$paramod$25bb70cf5a48aa945caa779105562d3b5b1e4265\SdfUnit.$proc$../third_party/r22sdf/SdfUnit.v:214$275'.
  created $dff cell `$procdff$669' with positive edge clock.
Creating register for signal `$paramod$25bb70cf5a48aa945caa779105562d3b5b1e4265\SdfUnit.\bf2_do_im' using process `$paramod$25bb70cf5a48aa945caa779105562d3b5b1e4265\SdfUnit.$proc$../third_party/r22sdf/SdfUnit.v:214$275'.
  created $dff cell `$procdff$670' with positive edge clock.
Creating register for signal `$paramod$25bb70cf5a48aa945caa779105562d3b5b1e4265\SdfUnit.\bf2_start' using process `$paramod$25bb70cf5a48aa945caa779105562d3b5b1e4265\SdfUnit.$proc$../third_party/r22sdf/SdfUnit.v:209$271'.
  created $dff cell `$procdff$671' with positive edge clock.
Creating register for signal `$paramod$25bb70cf5a48aa945caa779105562d3b5b1e4265\SdfUnit.\bf2_sp_en' using process `$paramod$25bb70cf5a48aa945caa779105562d3b5b1e4265\SdfUnit.$proc$../third_party/r22sdf/SdfUnit.v:199$266'.
  created $adff cell `$procdff$674' with positive edge clock and positive level reset.
Creating register for signal `$paramod$25bb70cf5a48aa945caa779105562d3b5b1e4265\SdfUnit.\bf2_count' using process `$paramod$25bb70cf5a48aa945caa779105562d3b5b1e4265\SdfUnit.$proc$../third_party/r22sdf/SdfUnit.v:199$266'.
  created $adff cell `$procdff$677' with positive edge clock and positive level reset.
Creating register for signal `$paramod$25bb70cf5a48aa945caa779105562d3b5b1e4265\SdfUnit.\bf2_bf' using process `$paramod$25bb70cf5a48aa945caa779105562d3b5b1e4265\SdfUnit.$proc$../third_party/r22sdf/SdfUnit.v:163$257'.
  created $dff cell `$procdff$678' with positive edge clock.
Creating register for signal `$paramod$25bb70cf5a48aa945caa779105562d3b5b1e4265\SdfUnit.\bf1_do_re' using process `$paramod$25bb70cf5a48aa945caa779105562d3b5b1e4265\SdfUnit.$proc$../third_party/r22sdf/SdfUnit.v:155$256'.
  created $dff cell `$procdff$679' with positive edge clock.
Creating register for signal `$paramod$25bb70cf5a48aa945caa779105562d3b5b1e4265\SdfUnit.\bf1_do_im' using process `$paramod$25bb70cf5a48aa945caa779105562d3b5b1e4265\SdfUnit.$proc$../third_party/r22sdf/SdfUnit.v:155$256'.
  created $dff cell `$procdff$680' with positive edge clock.
Creating register for signal `$paramod$25bb70cf5a48aa945caa779105562d3b5b1e4265\SdfUnit.\bf1_sp_en' using process `$paramod$25bb70cf5a48aa945caa779105562d3b5b1e4265\SdfUnit.$proc$../third_party/r22sdf/SdfUnit.v:142$248'.
  created $adff cell `$procdff$683' with positive edge clock and positive level reset.
Creating register for signal `$paramod$25bb70cf5a48aa945caa779105562d3b5b1e4265\SdfUnit.\bf1_count' using process `$paramod$25bb70cf5a48aa945caa779105562d3b5b1e4265\SdfUnit.$proc$../third_party/r22sdf/SdfUnit.v:142$248'.
  created $adff cell `$procdff$686' with positive edge clock and positive level reset.
Creating register for signal `$paramod$25bb70cf5a48aa945caa779105562d3b5b1e4265\SdfUnit.\di_count' using process `$paramod$25bb70cf5a48aa945caa779105562d3b5b1e4265\SdfUnit.$proc$../third_party/r22sdf/SdfUnit.v:103$234'.
  created $adff cell `$procdff$689' with positive edge clock and positive level reset.
Creating register for signal `\Twiddle.\ff_re' using process `\Twiddle.$proc$../third_party/r22sdf/Twiddle64.v:23$97'.
  created $dff cell `$procdff$690' with positive edge clock.
Creating register for signal `\Twiddle.\ff_im' using process `\Twiddle.$proc$../third_party/r22sdf/Twiddle64.v:23$97'.
  created $dff cell `$procdff$691' with positive edge clock.
Creating register for signal `$paramod$520663d7382152bf6f78fc2a37b254cea736bbce\DelayBuffer.\n' using process `$paramod$520663d7382152bf6f78fc2a37b254cea736bbce\DelayBuffer.$proc$../third_party/r22sdf/DelayBuffer.v:20$436'.
  created $dff cell `$procdff$692' with positive edge clock.
Creating register for signal `$paramod$520663d7382152bf6f78fc2a37b254cea736bbce\DelayBuffer.\buf_re[0]' using process `$paramod$520663d7382152bf6f78fc2a37b254cea736bbce\DelayBuffer.$proc$../third_party/r22sdf/DelayBuffer.v:20$436'.
  created $dff cell `$procdff$693' with positive edge clock.
Creating register for signal `$paramod$520663d7382152bf6f78fc2a37b254cea736bbce\DelayBuffer.\buf_re[1]' using process `$paramod$520663d7382152bf6f78fc2a37b254cea736bbce\DelayBuffer.$proc$../third_party/r22sdf/DelayBuffer.v:20$436'.
  created $dff cell `$procdff$694' with positive edge clock.
Creating register for signal `$paramod$520663d7382152bf6f78fc2a37b254cea736bbce\DelayBuffer.\buf_re[2]' using process `$paramod$520663d7382152bf6f78fc2a37b254cea736bbce\DelayBuffer.$proc$../third_party/r22sdf/DelayBuffer.v:20$436'.
  created $dff cell `$procdff$695' with positive edge clock.
Creating register for signal `$paramod$520663d7382152bf6f78fc2a37b254cea736bbce\DelayBuffer.\buf_re[3]' using process `$paramod$520663d7382152bf6f78fc2a37b254cea736bbce\DelayBuffer.$proc$../third_party/r22sdf/DelayBuffer.v:20$436'.
  created $dff cell `$procdff$696' with positive edge clock.
Creating register for signal `$paramod$520663d7382152bf6f78fc2a37b254cea736bbce\DelayBuffer.\buf_re[4]' using process `$paramod$520663d7382152bf6f78fc2a37b254cea736bbce\DelayBuffer.$proc$../third_party/r22sdf/DelayBuffer.v:20$436'.
  created $dff cell `$procdff$697' with positive edge clock.
Creating register for signal `$paramod$520663d7382152bf6f78fc2a37b254cea736bbce\DelayBuffer.\buf_re[5]' using process `$paramod$520663d7382152bf6f78fc2a37b254cea736bbce\DelayBuffer.$proc$../third_party/r22sdf/DelayBuffer.v:20$436'.
  created $dff cell `$procdff$698' with positive edge clock.
Creating register for signal `$paramod$520663d7382152bf6f78fc2a37b254cea736bbce\DelayBuffer.\buf_re[6]' using process `$paramod$520663d7382152bf6f78fc2a37b254cea736bbce\DelayBuffer.$proc$../third_party/r22sdf/DelayBuffer.v:20$436'.
  created $dff cell `$procdff$699' with positive edge clock.
Creating register for signal `$paramod$520663d7382152bf6f78fc2a37b254cea736bbce\DelayBuffer.\buf_re[7]' using process `$paramod$520663d7382152bf6f78fc2a37b254cea736bbce\DelayBuffer.$proc$../third_party/r22sdf/DelayBuffer.v:20$436'.
  created $dff cell `$procdff$700' with positive edge clock.
Creating register for signal `$paramod$520663d7382152bf6f78fc2a37b254cea736bbce\DelayBuffer.\buf_im[0]' using process `$paramod$520663d7382152bf6f78fc2a37b254cea736bbce\DelayBuffer.$proc$../third_party/r22sdf/DelayBuffer.v:20$436'.
  created $dff cell `$procdff$701' with positive edge clock.
Creating register for signal `$paramod$520663d7382152bf6f78fc2a37b254cea736bbce\DelayBuffer.\buf_im[1]' using process `$paramod$520663d7382152bf6f78fc2a37b254cea736bbce\DelayBuffer.$proc$../third_party/r22sdf/DelayBuffer.v:20$436'.
  created $dff cell `$procdff$702' with positive edge clock.
Creating register for signal `$paramod$520663d7382152bf6f78fc2a37b254cea736bbce\DelayBuffer.\buf_im[2]' using process `$paramod$520663d7382152bf6f78fc2a37b254cea736bbce\DelayBuffer.$proc$../third_party/r22sdf/DelayBuffer.v:20$436'.
  created $dff cell `$procdff$703' with positive edge clock.
Creating register for signal `$paramod$520663d7382152bf6f78fc2a37b254cea736bbce\DelayBuffer.\buf_im[3]' using process `$paramod$520663d7382152bf6f78fc2a37b254cea736bbce\DelayBuffer.$proc$../third_party/r22sdf/DelayBuffer.v:20$436'.
  created $dff cell `$procdff$704' with positive edge clock.
Creating register for signal `$paramod$520663d7382152bf6f78fc2a37b254cea736bbce\DelayBuffer.\buf_im[4]' using process `$paramod$520663d7382152bf6f78fc2a37b254cea736bbce\DelayBuffer.$proc$../third_party/r22sdf/DelayBuffer.v:20$436'.
  created $dff cell `$procdff$705' with positive edge clock.
Creating register for signal `$paramod$520663d7382152bf6f78fc2a37b254cea736bbce\DelayBuffer.\buf_im[5]' using process `$paramod$520663d7382152bf6f78fc2a37b254cea736bbce\DelayBuffer.$proc$../third_party/r22sdf/DelayBuffer.v:20$436'.
  created $dff cell `$procdff$706' with positive edge clock.
Creating register for signal `$paramod$520663d7382152bf6f78fc2a37b254cea736bbce\DelayBuffer.\buf_im[6]' using process `$paramod$520663d7382152bf6f78fc2a37b254cea736bbce\DelayBuffer.$proc$../third_party/r22sdf/DelayBuffer.v:20$436'.
  created $dff cell `$procdff$707' with positive edge clock.
Creating register for signal `$paramod$520663d7382152bf6f78fc2a37b254cea736bbce\DelayBuffer.\buf_im[7]' using process `$paramod$520663d7382152bf6f78fc2a37b254cea736bbce\DelayBuffer.$proc$../third_party/r22sdf/DelayBuffer.v:20$436'.
  created $dff cell `$procdff$708' with positive edge clock.
Creating register for signal `$paramod$e8759a57fc147882a254734ce5d86afa730d93e5\DelayBuffer.\n' using process `$paramod$e8759a57fc147882a254734ce5d86afa730d93e5\DelayBuffer.$proc$../third_party/r22sdf/DelayBuffer.v:20$435'.
  created $dff cell `$procdff$709' with positive edge clock.
Creating register for signal `$paramod$e8759a57fc147882a254734ce5d86afa730d93e5\DelayBuffer.\buf_re[0]' using process `$paramod$e8759a57fc147882a254734ce5d86afa730d93e5\DelayBuffer.$proc$../third_party/r22sdf/DelayBuffer.v:20$435'.
  created $dff cell `$procdff$710' with positive edge clock.
Creating register for signal `$paramod$e8759a57fc147882a254734ce5d86afa730d93e5\DelayBuffer.\buf_re[1]' using process `$paramod$e8759a57fc147882a254734ce5d86afa730d93e5\DelayBuffer.$proc$../third_party/r22sdf/DelayBuffer.v:20$435'.
  created $dff cell `$procdff$711' with positive edge clock.
Creating register for signal `$paramod$e8759a57fc147882a254734ce5d86afa730d93e5\DelayBuffer.\buf_re[2]' using process `$paramod$e8759a57fc147882a254734ce5d86afa730d93e5\DelayBuffer.$proc$../third_party/r22sdf/DelayBuffer.v:20$435'.
  created $dff cell `$procdff$712' with positive edge clock.
Creating register for signal `$paramod$e8759a57fc147882a254734ce5d86afa730d93e5\DelayBuffer.\buf_re[3]' using process `$paramod$e8759a57fc147882a254734ce5d86afa730d93e5\DelayBuffer.$proc$../third_party/r22sdf/DelayBuffer.v:20$435'.
  created $dff cell `$procdff$713' with positive edge clock.
Creating register for signal `$paramod$e8759a57fc147882a254734ce5d86afa730d93e5\DelayBuffer.\buf_im[0]' using process `$paramod$e8759a57fc147882a254734ce5d86afa730d93e5\DelayBuffer.$proc$../third_party/r22sdf/DelayBuffer.v:20$435'.
  created $dff cell `$procdff$714' with positive edge clock.
Creating register for signal `$paramod$e8759a57fc147882a254734ce5d86afa730d93e5\DelayBuffer.\buf_im[1]' using process `$paramod$e8759a57fc147882a254734ce5d86afa730d93e5\DelayBuffer.$proc$../third_party/r22sdf/DelayBuffer.v:20$435'.
  created $dff cell `$procdff$715' with positive edge clock.
Creating register for signal `$paramod$e8759a57fc147882a254734ce5d86afa730d93e5\DelayBuffer.\buf_im[2]' using process `$paramod$e8759a57fc147882a254734ce5d86afa730d93e5\DelayBuffer.$proc$../third_party/r22sdf/DelayBuffer.v:20$435'.
  created $dff cell `$procdff$716' with positive edge clock.
Creating register for signal `$paramod$e8759a57fc147882a254734ce5d86afa730d93e5\DelayBuffer.\buf_im[3]' using process `$paramod$e8759a57fc147882a254734ce5d86afa730d93e5\DelayBuffer.$proc$../third_party/r22sdf/DelayBuffer.v:20$435'.
  created $dff cell `$procdff$717' with positive edge clock.
Creating register for signal `$paramod$e31bf182a78b6901a30a1eec46d5e35479708b24\DelayBuffer.\n' using process `$paramod$e31bf182a78b6901a30a1eec46d5e35479708b24\DelayBuffer.$proc$../third_party/r22sdf/DelayBuffer.v:20$434'.
  created $dff cell `$procdff$718' with positive edge clock.
Creating register for signal `$paramod$e31bf182a78b6901a30a1eec46d5e35479708b24\DelayBuffer.\buf_re[0]' using process `$paramod$e31bf182a78b6901a30a1eec46d5e35479708b24\DelayBuffer.$proc$../third_party/r22sdf/DelayBuffer.v:20$434'.
  created $dff cell `$procdff$719' with positive edge clock.
Creating register for signal `$paramod$e31bf182a78b6901a30a1eec46d5e35479708b24\DelayBuffer.\buf_re[1]' using process `$paramod$e31bf182a78b6901a30a1eec46d5e35479708b24\DelayBuffer.$proc$../third_party/r22sdf/DelayBuffer.v:20$434'.
  created $dff cell `$procdff$720' with positive edge clock.
Creating register for signal `$paramod$e31bf182a78b6901a30a1eec46d5e35479708b24\DelayBuffer.\buf_im[0]' using process `$paramod$e31bf182a78b6901a30a1eec46d5e35479708b24\DelayBuffer.$proc$../third_party/r22sdf/DelayBuffer.v:20$434'.
  created $dff cell `$procdff$721' with positive edge clock.
Creating register for signal `$paramod$e31bf182a78b6901a30a1eec46d5e35479708b24\DelayBuffer.\buf_im[1]' using process `$paramod$e31bf182a78b6901a30a1eec46d5e35479708b24\DelayBuffer.$proc$../third_party/r22sdf/DelayBuffer.v:20$434'.
  created $dff cell `$procdff$722' with positive edge clock.
Creating register for signal `$paramod$17914cfb50699f154dc59f1c3f8fd47b6e195f44\DelayBuffer.\n' using process `$paramod$17914cfb50699f154dc59f1c3f8fd47b6e195f44\DelayBuffer.$proc$../third_party/r22sdf/DelayBuffer.v:20$433'.
  created $dff cell `$procdff$723' with positive edge clock.
Creating register for signal `$paramod$17914cfb50699f154dc59f1c3f8fd47b6e195f44\DelayBuffer.\buf_re[0]' using process `$paramod$17914cfb50699f154dc59f1c3f8fd47b6e195f44\DelayBuffer.$proc$../third_party/r22sdf/DelayBuffer.v:20$433'.
  created $dff cell `$procdff$724' with positive edge clock.
Creating register for signal `$paramod$17914cfb50699f154dc59f1c3f8fd47b6e195f44\DelayBuffer.\buf_im[0]' using process `$paramod$17914cfb50699f154dc59f1c3f8fd47b6e195f44\DelayBuffer.$proc$../third_party/r22sdf/DelayBuffer.v:20$433'.
  created $dff cell `$procdff$725' with positive edge clock.
Creating register for signal `$paramod$468b6055748c1a70021cd219779b5d26906274a5\DelayBuffer.\n' using process `$paramod$468b6055748c1a70021cd219779b5d26906274a5\DelayBuffer.$proc$../third_party/r22sdf/DelayBuffer.v:20$420'.
  created $dff cell `$procdff$726' with positive edge clock.
Creating register for signal `$paramod$468b6055748c1a70021cd219779b5d26906274a5\DelayBuffer.\buf_re[0]' using process `$paramod$468b6055748c1a70021cd219779b5d26906274a5\DelayBuffer.$proc$../third_party/r22sdf/DelayBuffer.v:20$420'.
  created $dff cell `$procdff$727' with positive edge clock.
Creating register for signal `$paramod$468b6055748c1a70021cd219779b5d26906274a5\DelayBuffer.\buf_re[1]' using process `$paramod$468b6055748c1a70021cd219779b5d26906274a5\DelayBuffer.$proc$../third_party/r22sdf/DelayBuffer.v:20$420'.
  created $dff cell `$procdff$728' with positive edge clock.
Creating register for signal `$paramod$468b6055748c1a70021cd219779b5d26906274a5\DelayBuffer.\buf_re[2]' using process `$paramod$468b6055748c1a70021cd219779b5d26906274a5\DelayBuffer.$proc$../third_party/r22sdf/DelayBuffer.v:20$420'.
  created $dff cell `$procdff$729' with positive edge clock.
Creating register for signal `$paramod$468b6055748c1a70021cd219779b5d26906274a5\DelayBuffer.\buf_re[3]' using process `$paramod$468b6055748c1a70021cd219779b5d26906274a5\DelayBuffer.$proc$../third_party/r22sdf/DelayBuffer.v:20$420'.
  created $dff cell `$procdff$730' with positive edge clock.
Creating register for signal `$paramod$468b6055748c1a70021cd219779b5d26906274a5\DelayBuffer.\buf_re[4]' using process `$paramod$468b6055748c1a70021cd219779b5d26906274a5\DelayBuffer.$proc$../third_party/r22sdf/DelayBuffer.v:20$420'.
  created $dff cell `$procdff$731' with positive edge clock.
Creating register for signal `$paramod$468b6055748c1a70021cd219779b5d26906274a5\DelayBuffer.\buf_re[5]' using process `$paramod$468b6055748c1a70021cd219779b5d26906274a5\DelayBuffer.$proc$../third_party/r22sdf/DelayBuffer.v:20$420'.
  created $dff cell `$procdff$732' with positive edge clock.
Creating register for signal `$paramod$468b6055748c1a70021cd219779b5d26906274a5\DelayBuffer.\buf_re[6]' using process `$paramod$468b6055748c1a70021cd219779b5d26906274a5\DelayBuffer.$proc$../third_party/r22sdf/DelayBuffer.v:20$420'.
  created $dff cell `$procdff$733' with positive edge clock.
Creating register for signal `$paramod$468b6055748c1a70021cd219779b5d26906274a5\DelayBuffer.\buf_re[7]' using process `$paramod$468b6055748c1a70021cd219779b5d26906274a5\DelayBuffer.$proc$../third_party/r22sdf/DelayBuffer.v:20$420'.
  created $dff cell `$procdff$734' with positive edge clock.
Creating register for signal `$paramod$468b6055748c1a70021cd219779b5d26906274a5\DelayBuffer.\buf_re[8]' using process `$paramod$468b6055748c1a70021cd219779b5d26906274a5\DelayBuffer.$proc$../third_party/r22sdf/DelayBuffer.v:20$420'.
  created $dff cell `$procdff$735' with positive edge clock.
Creating register for signal `$paramod$468b6055748c1a70021cd219779b5d26906274a5\DelayBuffer.\buf_re[9]' using process `$paramod$468b6055748c1a70021cd219779b5d26906274a5\DelayBuffer.$proc$../third_party/r22sdf/DelayBuffer.v:20$420'.
  created $dff cell `$procdff$736' with positive edge clock.
Creating register for signal `$paramod$468b6055748c1a70021cd219779b5d26906274a5\DelayBuffer.\buf_re[10]' using process `$paramod$468b6055748c1a70021cd219779b5d26906274a5\DelayBuffer.$proc$../third_party/r22sdf/DelayBuffer.v:20$420'.
  created $dff cell `$procdff$737' with positive edge clock.
Creating register for signal `$paramod$468b6055748c1a70021cd219779b5d26906274a5\DelayBuffer.\buf_re[11]' using process `$paramod$468b6055748c1a70021cd219779b5d26906274a5\DelayBuffer.$proc$../third_party/r22sdf/DelayBuffer.v:20$420'.
  created $dff cell `$procdff$738' with positive edge clock.
Creating register for signal `$paramod$468b6055748c1a70021cd219779b5d26906274a5\DelayBuffer.\buf_re[12]' using process `$paramod$468b6055748c1a70021cd219779b5d26906274a5\DelayBuffer.$proc$../third_party/r22sdf/DelayBuffer.v:20$420'.
  created $dff cell `$procdff$739' with positive edge clock.
Creating register for signal `$paramod$468b6055748c1a70021cd219779b5d26906274a5\DelayBuffer.\buf_re[13]' using process `$paramod$468b6055748c1a70021cd219779b5d26906274a5\DelayBuffer.$proc$../third_party/r22sdf/DelayBuffer.v:20$420'.
  created $dff cell `$procdff$740' with positive edge clock.
Creating register for signal `$paramod$468b6055748c1a70021cd219779b5d26906274a5\DelayBuffer.\buf_re[14]' using process `$paramod$468b6055748c1a70021cd219779b5d26906274a5\DelayBuffer.$proc$../third_party/r22sdf/DelayBuffer.v:20$420'.
  created $dff cell `$procdff$741' with positive edge clock.
Creating register for signal `$paramod$468b6055748c1a70021cd219779b5d26906274a5\DelayBuffer.\buf_re[15]' using process `$paramod$468b6055748c1a70021cd219779b5d26906274a5\DelayBuffer.$proc$../third_party/r22sdf/DelayBuffer.v:20$420'.
  created $dff cell `$procdff$742' with positive edge clock.
Creating register for signal `$paramod$468b6055748c1a70021cd219779b5d26906274a5\DelayBuffer.\buf_re[16]' using process `$paramod$468b6055748c1a70021cd219779b5d26906274a5\DelayBuffer.$proc$../third_party/r22sdf/DelayBuffer.v:20$420'.
  created $dff cell `$procdff$743' with positive edge clock.
Creating register for signal `$paramod$468b6055748c1a70021cd219779b5d26906274a5\DelayBuffer.\buf_re[17]' using process `$paramod$468b6055748c1a70021cd219779b5d26906274a5\DelayBuffer.$proc$../third_party/r22sdf/DelayBuffer.v:20$420'.
  created $dff cell `$procdff$744' with positive edge clock.
Creating register for signal `$paramod$468b6055748c1a70021cd219779b5d26906274a5\DelayBuffer.\buf_re[18]' using process `$paramod$468b6055748c1a70021cd219779b5d26906274a5\DelayBuffer.$proc$../third_party/r22sdf/DelayBuffer.v:20$420'.
  created $dff cell `$procdff$745' with positive edge clock.
Creating register for signal `$paramod$468b6055748c1a70021cd219779b5d26906274a5\DelayBuffer.\buf_re[19]' using process `$paramod$468b6055748c1a70021cd219779b5d26906274a5\DelayBuffer.$proc$../third_party/r22sdf/DelayBuffer.v:20$420'.
  created $dff cell `$procdff$746' with positive edge clock.
Creating register for signal `$paramod$468b6055748c1a70021cd219779b5d26906274a5\DelayBuffer.\buf_re[20]' using process `$paramod$468b6055748c1a70021cd219779b5d26906274a5\DelayBuffer.$proc$../third_party/r22sdf/DelayBuffer.v:20$420'.
  created $dff cell `$procdff$747' with positive edge clock.
Creating register for signal `$paramod$468b6055748c1a70021cd219779b5d26906274a5\DelayBuffer.\buf_re[21]' using process `$paramod$468b6055748c1a70021cd219779b5d26906274a5\DelayBuffer.$proc$../third_party/r22sdf/DelayBuffer.v:20$420'.
  created $dff cell `$procdff$748' with positive edge clock.
Creating register for signal `$paramod$468b6055748c1a70021cd219779b5d26906274a5\DelayBuffer.\buf_re[22]' using process `$paramod$468b6055748c1a70021cd219779b5d26906274a5\DelayBuffer.$proc$../third_party/r22sdf/DelayBuffer.v:20$420'.
  created $dff cell `$procdff$749' with positive edge clock.
Creating register for signal `$paramod$468b6055748c1a70021cd219779b5d26906274a5\DelayBuffer.\buf_re[23]' using process `$paramod$468b6055748c1a70021cd219779b5d26906274a5\DelayBuffer.$proc$../third_party/r22sdf/DelayBuffer.v:20$420'.
  created $dff cell `$procdff$750' with positive edge clock.
Creating register for signal `$paramod$468b6055748c1a70021cd219779b5d26906274a5\DelayBuffer.\buf_re[24]' using process `$paramod$468b6055748c1a70021cd219779b5d26906274a5\DelayBuffer.$proc$../third_party/r22sdf/DelayBuffer.v:20$420'.
  created $dff cell `$procdff$751' with positive edge clock.
Creating register for signal `$paramod$468b6055748c1a70021cd219779b5d26906274a5\DelayBuffer.\buf_re[25]' using process `$paramod$468b6055748c1a70021cd219779b5d26906274a5\DelayBuffer.$proc$../third_party/r22sdf/DelayBuffer.v:20$420'.
  created $dff cell `$procdff$752' with positive edge clock.
Creating register for signal `$paramod$468b6055748c1a70021cd219779b5d26906274a5\DelayBuffer.\buf_re[26]' using process `$paramod$468b6055748c1a70021cd219779b5d26906274a5\DelayBuffer.$proc$../third_party/r22sdf/DelayBuffer.v:20$420'.
  created $dff cell `$procdff$753' with positive edge clock.
Creating register for signal `$paramod$468b6055748c1a70021cd219779b5d26906274a5\DelayBuffer.\buf_re[27]' using process `$paramod$468b6055748c1a70021cd219779b5d26906274a5\DelayBuffer.$proc$../third_party/r22sdf/DelayBuffer.v:20$420'.
  created $dff cell `$procdff$754' with positive edge clock.
Creating register for signal `$paramod$468b6055748c1a70021cd219779b5d26906274a5\DelayBuffer.\buf_re[28]' using process `$paramod$468b6055748c1a70021cd219779b5d26906274a5\DelayBuffer.$proc$../third_party/r22sdf/DelayBuffer.v:20$420'.
  created $dff cell `$procdff$755' with positive edge clock.
Creating register for signal `$paramod$468b6055748c1a70021cd219779b5d26906274a5\DelayBuffer.\buf_re[29]' using process `$paramod$468b6055748c1a70021cd219779b5d26906274a5\DelayBuffer.$proc$../third_party/r22sdf/DelayBuffer.v:20$420'.
  created $dff cell `$procdff$756' with positive edge clock.
Creating register for signal `$paramod$468b6055748c1a70021cd219779b5d26906274a5\DelayBuffer.\buf_re[30]' using process `$paramod$468b6055748c1a70021cd219779b5d26906274a5\DelayBuffer.$proc$../third_party/r22sdf/DelayBuffer.v:20$420'.
  created $dff cell `$procdff$757' with positive edge clock.
Creating register for signal `$paramod$468b6055748c1a70021cd219779b5d26906274a5\DelayBuffer.\buf_re[31]' using process `$paramod$468b6055748c1a70021cd219779b5d26906274a5\DelayBuffer.$proc$../third_party/r22sdf/DelayBuffer.v:20$420'.
  created $dff cell `$procdff$758' with positive edge clock.
Creating register for signal `$paramod$468b6055748c1a70021cd219779b5d26906274a5\DelayBuffer.\buf_im[0]' using process `$paramod$468b6055748c1a70021cd219779b5d26906274a5\DelayBuffer.$proc$../third_party/r22sdf/DelayBuffer.v:20$420'.
  created $dff cell `$procdff$759' with positive edge clock.
Creating register for signal `$paramod$468b6055748c1a70021cd219779b5d26906274a5\DelayBuffer.\buf_im[1]' using process `$paramod$468b6055748c1a70021cd219779b5d26906274a5\DelayBuffer.$proc$../third_party/r22sdf/DelayBuffer.v:20$420'.
  created $dff cell `$procdff$760' with positive edge clock.
Creating register for signal `$paramod$468b6055748c1a70021cd219779b5d26906274a5\DelayBuffer.\buf_im[2]' using process `$paramod$468b6055748c1a70021cd219779b5d26906274a5\DelayBuffer.$proc$../third_party/r22sdf/DelayBuffer.v:20$420'.
  created $dff cell `$procdff$761' with positive edge clock.
Creating register for signal `$paramod$468b6055748c1a70021cd219779b5d26906274a5\DelayBuffer.\buf_im[3]' using process `$paramod$468b6055748c1a70021cd219779b5d26906274a5\DelayBuffer.$proc$../third_party/r22sdf/DelayBuffer.v:20$420'.
  created $dff cell `$procdff$762' with positive edge clock.
Creating register for signal `$paramod$468b6055748c1a70021cd219779b5d26906274a5\DelayBuffer.\buf_im[4]' using process `$paramod$468b6055748c1a70021cd219779b5d26906274a5\DelayBuffer.$proc$../third_party/r22sdf/DelayBuffer.v:20$420'.
  created $dff cell `$procdff$763' with positive edge clock.
Creating register for signal `$paramod$468b6055748c1a70021cd219779b5d26906274a5\DelayBuffer.\buf_im[5]' using process `$paramod$468b6055748c1a70021cd219779b5d26906274a5\DelayBuffer.$proc$../third_party/r22sdf/DelayBuffer.v:20$420'.
  created $dff cell `$procdff$764' with positive edge clock.
Creating register for signal `$paramod$468b6055748c1a70021cd219779b5d26906274a5\DelayBuffer.\buf_im[6]' using process `$paramod$468b6055748c1a70021cd219779b5d26906274a5\DelayBuffer.$proc$../third_party/r22sdf/DelayBuffer.v:20$420'.
  created $dff cell `$procdff$765' with positive edge clock.
Creating register for signal `$paramod$468b6055748c1a70021cd219779b5d26906274a5\DelayBuffer.\buf_im[7]' using process `$paramod$468b6055748c1a70021cd219779b5d26906274a5\DelayBuffer.$proc$../third_party/r22sdf/DelayBuffer.v:20$420'.
  created $dff cell `$procdff$766' with positive edge clock.
Creating register for signal `$paramod$468b6055748c1a70021cd219779b5d26906274a5\DelayBuffer.\buf_im[8]' using process `$paramod$468b6055748c1a70021cd219779b5d26906274a5\DelayBuffer.$proc$../third_party/r22sdf/DelayBuffer.v:20$420'.
  created $dff cell `$procdff$767' with positive edge clock.
Creating register for signal `$paramod$468b6055748c1a70021cd219779b5d26906274a5\DelayBuffer.\buf_im[9]' using process `$paramod$468b6055748c1a70021cd219779b5d26906274a5\DelayBuffer.$proc$../third_party/r22sdf/DelayBuffer.v:20$420'.
  created $dff cell `$procdff$768' with positive edge clock.
Creating register for signal `$paramod$468b6055748c1a70021cd219779b5d26906274a5\DelayBuffer.\buf_im[10]' using process `$paramod$468b6055748c1a70021cd219779b5d26906274a5\DelayBuffer.$proc$../third_party/r22sdf/DelayBuffer.v:20$420'.
  created $dff cell `$procdff$769' with positive edge clock.
Creating register for signal `$paramod$468b6055748c1a70021cd219779b5d26906274a5\DelayBuffer.\buf_im[11]' using process `$paramod$468b6055748c1a70021cd219779b5d26906274a5\DelayBuffer.$proc$../third_party/r22sdf/DelayBuffer.v:20$420'.
  created $dff cell `$procdff$770' with positive edge clock.
Creating register for signal `$paramod$468b6055748c1a70021cd219779b5d26906274a5\DelayBuffer.\buf_im[12]' using process `$paramod$468b6055748c1a70021cd219779b5d26906274a5\DelayBuffer.$proc$../third_party/r22sdf/DelayBuffer.v:20$420'.
  created $dff cell `$procdff$771' with positive edge clock.
Creating register for signal `$paramod$468b6055748c1a70021cd219779b5d26906274a5\DelayBuffer.\buf_im[13]' using process `$paramod$468b6055748c1a70021cd219779b5d26906274a5\DelayBuffer.$proc$../third_party/r22sdf/DelayBuffer.v:20$420'.
  created $dff cell `$procdff$772' with positive edge clock.
Creating register for signal `$paramod$468b6055748c1a70021cd219779b5d26906274a5\DelayBuffer.\buf_im[14]' using process `$paramod$468b6055748c1a70021cd219779b5d26906274a5\DelayBuffer.$proc$../third_party/r22sdf/DelayBuffer.v:20$420'.
  created $dff cell `$procdff$773' with positive edge clock.
Creating register for signal `$paramod$468b6055748c1a70021cd219779b5d26906274a5\DelayBuffer.\buf_im[15]' using process `$paramod$468b6055748c1a70021cd219779b5d26906274a5\DelayBuffer.$proc$../third_party/r22sdf/DelayBuffer.v:20$420'.
  created $dff cell `$procdff$774' with positive edge clock.
Creating register for signal `$paramod$468b6055748c1a70021cd219779b5d26906274a5\DelayBuffer.\buf_im[16]' using process `$paramod$468b6055748c1a70021cd219779b5d26906274a5\DelayBuffer.$proc$../third_party/r22sdf/DelayBuffer.v:20$420'.
  created $dff cell `$procdff$775' with positive edge clock.
Creating register for signal `$paramod$468b6055748c1a70021cd219779b5d26906274a5\DelayBuffer.\buf_im[17]' using process `$paramod$468b6055748c1a70021cd219779b5d26906274a5\DelayBuffer.$proc$../third_party/r22sdf/DelayBuffer.v:20$420'.
  created $dff cell `$procdff$776' with positive edge clock.
Creating register for signal `$paramod$468b6055748c1a70021cd219779b5d26906274a5\DelayBuffer.\buf_im[18]' using process `$paramod$468b6055748c1a70021cd219779b5d26906274a5\DelayBuffer.$proc$../third_party/r22sdf/DelayBuffer.v:20$420'.
  created $dff cell `$procdff$777' with positive edge clock.
Creating register for signal `$paramod$468b6055748c1a70021cd219779b5d26906274a5\DelayBuffer.\buf_im[19]' using process `$paramod$468b6055748c1a70021cd219779b5d26906274a5\DelayBuffer.$proc$../third_party/r22sdf/DelayBuffer.v:20$420'.
  created $dff cell `$procdff$778' with positive edge clock.
Creating register for signal `$paramod$468b6055748c1a70021cd219779b5d26906274a5\DelayBuffer.\buf_im[20]' using process `$paramod$468b6055748c1a70021cd219779b5d26906274a5\DelayBuffer.$proc$../third_party/r22sdf/DelayBuffer.v:20$420'.
  created $dff cell `$procdff$779' with positive edge clock.
Creating register for signal `$paramod$468b6055748c1a70021cd219779b5d26906274a5\DelayBuffer.\buf_im[21]' using process `$paramod$468b6055748c1a70021cd219779b5d26906274a5\DelayBuffer.$proc$../third_party/r22sdf/DelayBuffer.v:20$420'.
  created $dff cell `$procdff$780' with positive edge clock.
Creating register for signal `$paramod$468b6055748c1a70021cd219779b5d26906274a5\DelayBuffer.\buf_im[22]' using process `$paramod$468b6055748c1a70021cd219779b5d26906274a5\DelayBuffer.$proc$../third_party/r22sdf/DelayBuffer.v:20$420'.
  created $dff cell `$procdff$781' with positive edge clock.
Creating register for signal `$paramod$468b6055748c1a70021cd219779b5d26906274a5\DelayBuffer.\buf_im[23]' using process `$paramod$468b6055748c1a70021cd219779b5d26906274a5\DelayBuffer.$proc$../third_party/r22sdf/DelayBuffer.v:20$420'.
  created $dff cell `$procdff$782' with positive edge clock.
Creating register for signal `$paramod$468b6055748c1a70021cd219779b5d26906274a5\DelayBuffer.\buf_im[24]' using process `$paramod$468b6055748c1a70021cd219779b5d26906274a5\DelayBuffer.$proc$../third_party/r22sdf/DelayBuffer.v:20$420'.
  created $dff cell `$procdff$783' with positive edge clock.
Creating register for signal `$paramod$468b6055748c1a70021cd219779b5d26906274a5\DelayBuffer.\buf_im[25]' using process `$paramod$468b6055748c1a70021cd219779b5d26906274a5\DelayBuffer.$proc$../third_party/r22sdf/DelayBuffer.v:20$420'.
  created $dff cell `$procdff$784' with positive edge clock.
Creating register for signal `$paramod$468b6055748c1a70021cd219779b5d26906274a5\DelayBuffer.\buf_im[26]' using process `$paramod$468b6055748c1a70021cd219779b5d26906274a5\DelayBuffer.$proc$../third_party/r22sdf/DelayBuffer.v:20$420'.
  created $dff cell `$procdff$785' with positive edge clock.
Creating register for signal `$paramod$468b6055748c1a70021cd219779b5d26906274a5\DelayBuffer.\buf_im[27]' using process `$paramod$468b6055748c1a70021cd219779b5d26906274a5\DelayBuffer.$proc$../third_party/r22sdf/DelayBuffer.v:20$420'.
  created $dff cell `$procdff$786' with positive edge clock.
Creating register for signal `$paramod$468b6055748c1a70021cd219779b5d26906274a5\DelayBuffer.\buf_im[28]' using process `$paramod$468b6055748c1a70021cd219779b5d26906274a5\DelayBuffer.$proc$../third_party/r22sdf/DelayBuffer.v:20$420'.
  created $dff cell `$procdff$787' with positive edge clock.
Creating register for signal `$paramod$468b6055748c1a70021cd219779b5d26906274a5\DelayBuffer.\buf_im[29]' using process `$paramod$468b6055748c1a70021cd219779b5d26906274a5\DelayBuffer.$proc$../third_party/r22sdf/DelayBuffer.v:20$420'.
  created $dff cell `$procdff$788' with positive edge clock.
Creating register for signal `$paramod$468b6055748c1a70021cd219779b5d26906274a5\DelayBuffer.\buf_im[30]' using process `$paramod$468b6055748c1a70021cd219779b5d26906274a5\DelayBuffer.$proc$../third_party/r22sdf/DelayBuffer.v:20$420'.
  created $dff cell `$procdff$789' with positive edge clock.
Creating register for signal `$paramod$468b6055748c1a70021cd219779b5d26906274a5\DelayBuffer.\buf_im[31]' using process `$paramod$468b6055748c1a70021cd219779b5d26906274a5\DelayBuffer.$proc$../third_party/r22sdf/DelayBuffer.v:20$420'.
  created $dff cell `$procdff$790' with positive edge clock.
Creating register for signal `\peweaver_ppa_reset_sync.\sync_ff' using process `\peweaver_ppa_reset_sync.$proc$rtl/peweaver_ppa_fft64.v:26$1'.
  created $adff cell `$procdff$793' with positive edge clock and positive level reset.

11.2.10. Executing PROC_MEMWR pass (convert process memory writes to cells).

11.2.11. Executing PROC_CLEAN pass (remove empty switches from decision trees).
Removing empty process `$paramod$c542f2cdb8cf3fb2f7011f6438933e7913c8a609\DelayBuffer.$proc$../third_party/r22sdf/DelayBuffer.v:20$407'.
Removing empty process `$paramod$31b4a60d4c392c8032c765add59e3b1dd88721d8\SdfUnit.$proc$../third_party/r22sdf/SdfUnit.v:264$396'.
Removing empty process `$paramod$31b4a60d4c392c8032c765add59e3b1dd88721d8\SdfUnit.$proc$../third_party/r22sdf/SdfUnit.v:259$393'.
Removing empty process `$paramod$31b4a60d4c392c8032c765add59e3b1dd88721d8\SdfUnit.$proc$../third_party/r22sdf/SdfUnit.v:243$389'.
Removing empty process `$paramod$31b4a60d4c392c8032c765add59e3b1dd88721d8\SdfUnit.$proc$../third_party/r22sdf/SdfUnit.v:219$386'.
Removing empty process `$paramod$31b4a60d4c392c8032c765add59e3b1dd88721d8\SdfUnit.$proc$../third_party/r22sdf/SdfUnit.v:214$385'.
Removing empty process `$paramod$31b4a60d4c392c8032c765add59e3b1dd88721d8\SdfUnit.$proc$../third_party/r22sdf/SdfUnit.v:209$381'.
Removing empty process `$paramod$31b4a60d4c392c8032c765add59e3b1dd88721d8\SdfUnit.$proc$../third_party/r22sdf/SdfUnit.v:199$376'.
Removing empty process `$paramod$31b4a60d4c392c8032c765add59e3b1dd88721d8\SdfUnit.$proc$../third_party/r22sdf/SdfUnit.v:163$367'.
Removing empty process `$paramod$31b4a60d4c392c8032c765add59e3b1dd88721d8\SdfUnit.$proc$../third_party/r22sdf/SdfUnit.v:155$366'.
Removing empty process `$paramod$31b4a60d4c392c8032c765add59e3b1dd88721d8\SdfUnit.$proc$../third_party/r22sdf/SdfUnit.v:142$358'.
Removing empty process `$paramod$31b4a60d4c392c8032c765add59e3b1dd88721d8\SdfUnit.$proc$../third_party/r22sdf/SdfUnit.v:103$344'.
Removing empty process `$paramod$e3b428dd0e3d22a099d4960bb16875dbfc951f1c\SdfUnit.$proc$../third_party/r22sdf/SdfUnit.v:264$341'.
Removing empty process `$paramod$e3b428dd0e3d22a099d4960bb16875dbfc951f1c\SdfUnit.$proc$../third_party/r22sdf/SdfUnit.v:259$338'.
Removing empty process `$paramod$e3b428dd0e3d22a099d4960bb16875dbfc951f1c\SdfUnit.$proc$../third_party/r22sdf/SdfUnit.v:243$334'.
Removing empty process `$paramod$e3b428dd0e3d22a099d4960bb16875dbfc951f1c\SdfUnit.$proc$../third_party/r22sdf/SdfUnit.v:219$331'.
Removing empty process `$paramod$e3b428dd0e3d22a099d4960bb16875dbfc951f1c\SdfUnit.$proc$../third_party/r22sdf/SdfUnit.v:214$330'.
Removing empty process `$paramod$e3b428dd0e3d22a099d4960bb16875dbfc951f1c\SdfUnit.$proc$../third_party/r22sdf/SdfUnit.v:209$326'.
Removing empty process `$paramod$e3b428dd0e3d22a099d4960bb16875dbfc951f1c\SdfUnit.$proc$../third_party/r22sdf/SdfUnit.v:199$321'.
Removing empty process `$paramod$e3b428dd0e3d22a099d4960bb16875dbfc951f1c\SdfUnit.$proc$../third_party/r22sdf/SdfUnit.v:163$312'.
Removing empty process `$paramod$e3b428dd0e3d22a099d4960bb16875dbfc951f1c\SdfUnit.$proc$../third_party/r22sdf/SdfUnit.v:155$311'.
Removing empty process `$paramod$e3b428dd0e3d22a099d4960bb16875dbfc951f1c\SdfUnit.$proc$../third_party/r22sdf/SdfUnit.v:142$303'.
Removing empty process `$paramod$e3b428dd0e3d22a099d4960bb16875dbfc951f1c\SdfUnit.$proc$../third_party/r22sdf/SdfUnit.v:103$289'.
Removing empty process `$paramod$25bb70cf5a48aa945caa779105562d3b5b1e4265\SdfUnit.$proc$../third_party/r22sdf/SdfUnit.v:264$286'.
Removing empty process `$paramod$25bb70cf5a48aa945caa779105562d3b5b1e4265\SdfUnit.$proc$../third_party/r22sdf/SdfUnit.v:259$283'.
Removing empty process `$paramod$25bb70cf5a48aa945caa779105562d3b5b1e4265\SdfUnit.$proc$../third_party/r22sdf/SdfUnit.v:243$279'.
Removing empty process `$paramod$25bb70cf5a48aa945caa779105562d3b5b1e4265\SdfUnit.$proc$../third_party/r22sdf/SdfUnit.v:219$276'.
Removing empty process `$paramod$25bb70cf5a48aa945caa779105562d3b5b1e4265\SdfUnit.$proc$../third_party/r22sdf/SdfUnit.v:214$275'.
Removing empty process `$paramod$25bb70cf5a48aa945caa779105562d3b5b1e4265\SdfUnit.$proc$../third_party/r22sdf/SdfUnit.v:209$271'.
Removing empty process `$paramod$25bb70cf5a48aa945caa779105562d3b5b1e4265\SdfUnit.$proc$../third_party/r22sdf/SdfUnit.v:199$266'.
Removing empty process `$paramod$25bb70cf5a48aa945caa779105562d3b5b1e4265\SdfUnit.$proc$../third_party/r22sdf/SdfUnit.v:163$257'.
Removing empty process `$paramod$25bb70cf5a48aa945caa779105562d3b5b1e4265\SdfUnit.$proc$../third_party/r22sdf/SdfUnit.v:155$256'.
Removing empty process `$paramod$25bb70cf5a48aa945caa779105562d3b5b1e4265\SdfUnit.$proc$../third_party/r22sdf/SdfUnit.v:142$248'.
Removing empty process `$paramod$25bb70cf5a48aa945caa779105562d3b5b1e4265\SdfUnit.$proc$../third_party/r22sdf/SdfUnit.v:103$234'.
Removing empty process `Twiddle.$proc$../third_party/r22sdf/Twiddle64.v:102$231'.
Removing empty process `Twiddle.$proc$../third_party/r22sdf/Twiddle64.v:102$230'.
Removing empty process `Twiddle.$proc$../third_party/r22sdf/Twiddle64.v:101$229'.
Removing empty process `Twiddle.$proc$../third_party/r22sdf/Twiddle64.v:101$228'.
Removing empty process `Twiddle.$proc$../third_party/r22sdf/Twiddle64.v:100$227'.
Removing empty process `Twiddle.$proc$../third_party/r22sdf/Twiddle64.v:100$226'.
Removing empty process `Twiddle.$proc$../third_party/r22sdf/Twiddle64.v:99$225'.
Removing empty process `Twiddle.$proc$../third_party/r22sdf/Twiddle64.v:99$224'.
Removing empty process `Twiddle.$proc$../third_party/r22sdf/Twiddle64.v:98$223'.
Removing empty process `Twiddle.$proc$../third_party/r22sdf/Twiddle64.v:98$222'.
Removing empty process `Twiddle.$proc$../third_party/r22sdf/Twiddle64.v:97$221'.
Removing empty process `Twiddle.$proc$../third_party/r22sdf/Twiddle64.v:97$220'.
Removing empty process `Twiddle.$proc$../third_party/r22sdf/Twiddle64.v:96$219'.
Removing empty process `Twiddle.$proc$../third_party/r22sdf/Twiddle64.v:96$218'.
Removing empty process `Twiddle.$proc$../third_party/r22sdf/Twiddle64.v:95$217'.
Removing empty process `Twiddle.$proc$../third_party/r22sdf/Twiddle64.v:95$216'.
Removing empty process `Twiddle.$proc$../third_party/r22sdf/Twiddle64.v:94$215'.
Removing empty process `Twiddle.$proc$../third_party/r22sdf/Twiddle64.v:94$214'.
Removing empty process `Twiddle.$proc$../third_party/r22sdf/Twiddle64.v:93$213'.
Removing empty process `Twiddle.$proc$../third_party/r22sdf/Twiddle64.v:93$212'.
Removing empty process `Twiddle.$proc$../third_party/r22sdf/Twiddle64.v:92$211'.
Removing empty process `Twiddle.$proc$../third_party/r22sdf/Twiddle64.v:92$210'.
Removing empty process `Twiddle.$proc$../third_party/r22sdf/Twiddle64.v:91$209'.
Removing empty process `Twiddle.$proc$../third_party/r22sdf/Twiddle64.v:91$208'.
Removing empty process `Twiddle.$proc$../third_party/r22sdf/Twiddle64.v:90$207'.
Removing empty process `Twiddle.$proc$../third_party/r22sdf/Twiddle64.v:90$206'.
Removing empty process `Twiddle.$proc$../third_party/r22sdf/Twiddle64.v:89$205'.
Removing empty process `Twiddle.$proc$../third_party/r22sdf/Twiddle64.v:89$204'.
Removing empty process `Twiddle.$proc$../third_party/r22sdf/Twiddle64.v:88$203'.
Removing empty process `Twiddle.$proc$../third_party/r22sdf/Twiddle64.v:88$202'.
Removing empty process `Twiddle.$proc$../third_party/r22sdf/Twiddle64.v:87$201'.
Removing empty process `Twiddle.$proc$../third_party/r22sdf/Twiddle64.v:87$200'.
Removing empty process `Twiddle.$proc$../third_party/r22sdf/Twiddle64.v:86$199'.
Removing empty process `Twiddle.$proc$../third_party/r22sdf/Twiddle64.v:86$198'.
Removing empty process `Twiddle.$proc$../third_party/r22sdf/Twiddle64.v:85$197'.
Removing empty process `Twiddle.$proc$../third_party/r22sdf/Twiddle64.v:85$196'.
Removing empty process `Twiddle.$proc$../third_party/r22sdf/Twiddle64.v:84$195'.
Removing empty process `Twiddle.$proc$../third_party/r22sdf/Twiddle64.v:84$194'.
Removing empty process `Twiddle.$proc$../third_party/r22sdf/Twiddle64.v:83$193'.
Removing empty process `Twiddle.$proc$../third_party/r22sdf/Twiddle64.v:83$192'.
Removing empty process `Twiddle.$proc$../third_party/r22sdf/Twiddle64.v:82$191'.
Removing empty process `Twiddle.$proc$../third_party/r22sdf/Twiddle64.v:82$190'.
Removing empty process `Twiddle.$proc$../third_party/r22sdf/Twiddle64.v:81$189'.
Removing empty process `Twiddle.$proc$../third_party/r22sdf/Twiddle64.v:81$188'.
Removing empty process `Twiddle.$proc$../third_party/r22sdf/Twiddle64.v:80$187'.
Removing empty process `Twiddle.$proc$../third_party/r22sdf/Twiddle64.v:80$186'.
Removing empty process `Twiddle.$proc$../third_party/r22sdf/Twiddle64.v:79$185'.
Removing empty process `Twiddle.$proc$../third_party/r22sdf/Twiddle64.v:79$184'.
Removing empty process `Twiddle.$proc$../third_party/r22sdf/Twiddle64.v:78$183'.
Removing empty process `Twiddle.$proc$../third_party/r22sdf/Twiddle64.v:78$182'.
Removing empty process `Twiddle.$proc$../third_party/r22sdf/Twiddle64.v:77$181'.
Removing empty process `Twiddle.$proc$../third_party/r22sdf/Twiddle64.v:77$180'.
Removing empty process `Twiddle.$proc$../third_party/r22sdf/Twiddle64.v:76$179'.
Removing empty process `Twiddle.$proc$../third_party/r22sdf/Twiddle64.v:76$178'.
Removing empty process `Twiddle.$proc$../third_party/r22sdf/Twiddle64.v:75$177'.
Removing empty process `Twiddle.$proc$../third_party/r22sdf/Twiddle64.v:75$176'.
Removing empty process `Twiddle.$proc$../third_party/r22sdf/Twiddle64.v:74$175'.
Removing empty process `Twiddle.$proc$../third_party/r22sdf/Twiddle64.v:74$174'.
Removing empty process `Twiddle.$proc$../third_party/r22sdf/Twiddle64.v:73$173'.
Removing empty process `Twiddle.$proc$../third_party/r22sdf/Twiddle64.v:73$172'.
Removing empty process `Twiddle.$proc$../third_party/r22sdf/Twiddle64.v:72$171'.
Removing empty process `Twiddle.$proc$../third_party/r22sdf/Twiddle64.v:72$170'.
Removing empty process `Twiddle.$proc$../third_party/r22sdf/Twiddle64.v:71$169'.
Removing empty process `Twiddle.$proc$../third_party/r22sdf/Twiddle64.v:71$168'.
Removing empty process `Twiddle.$proc$../third_party/r22sdf/Twiddle64.v:70$167'.
Removing empty process `Twiddle.$proc$../third_party/r22sdf/Twiddle64.v:70$166'.
Removing empty process `Twiddle.$proc$../third_party/r22sdf/Twiddle64.v:69$165'.
Removing empty process `Twiddle.$proc$../third_party/r22sdf/Twiddle64.v:69$164'.
Removing empty process `Twiddle.$proc$../third_party/r22sdf/Twiddle64.v:68$163'.
Removing empty process `Twiddle.$proc$../third_party/r22sdf/Twiddle64.v:68$162'.
Removing empty process `Twiddle.$proc$../third_party/r22sdf/Twiddle64.v:67$161'.
Removing empty process `Twiddle.$proc$../third_party/r22sdf/Twiddle64.v:67$160'.
Removing empty process `Twiddle.$proc$../third_party/r22sdf/Twiddle64.v:66$159'.
Removing empty process `Twiddle.$proc$../third_party/r22sdf/Twiddle64.v:66$158'.
Removing empty process `Twiddle.$proc$../third_party/r22sdf/Twiddle64.v:65$157'.
Removing empty process `Twiddle.$proc$../third_party/r22sdf/Twiddle64.v:65$156'.
Removing empty process `Twiddle.$proc$../third_party/r22sdf/Twiddle64.v:64$155'.
Removing empty process `Twiddle.$proc$../third_party/r22sdf/Twiddle64.v:64$154'.
Removing empty process `Twiddle.$proc$../third_party/r22sdf/Twiddle64.v:63$153'.
Removing empty process `Twiddle.$proc$../third_party/r22sdf/Twiddle64.v:63$152'.
Removing empty process `Twiddle.$proc$../third_party/r22sdf/Twiddle64.v:62$151'.
Removing empty process `Twiddle.$proc$../third_party/r22sdf/Twiddle64.v:62$150'.
Removing empty process `Twiddle.$proc$../third_party/r22sdf/Twiddle64.v:61$149'.
Removing empty process `Twiddle.$proc$../third_party/r22sdf/Twiddle64.v:61$148'.
Removing empty process `Twiddle.$proc$../third_party/r22sdf/Twiddle64.v:60$147'.
Removing empty process `Twiddle.$proc$../third_party/r22sdf/Twiddle64.v:60$146'.
Removing empty process `Twiddle.$proc$../third_party/r22sdf/Twiddle64.v:59$145'.
Removing empty process `Twiddle.$proc$../third_party/r22sdf/Twiddle64.v:59$144'.
Removing empty process `Twiddle.$proc$../third_party/r22sdf/Twiddle64.v:58$143'.
Removing empty process `Twiddle.$proc$../third_party/r22sdf/Twiddle64.v:58$142'.
Removing empty process `Twiddle.$proc$../third_party/r22sdf/Twiddle64.v:57$141'.
Removing empty process `Twiddle.$proc$../third_party/r22sdf/Twiddle64.v:57$140'.
Removing empty process `Twiddle.$proc$../third_party/r22sdf/Twiddle64.v:56$139'.
Removing empty process `Twiddle.$proc$../third_party/r22sdf/Twiddle64.v:56$138'.
Removing empty process `Twiddle.$proc$../third_party/r22sdf/Twiddle64.v:55$137'.
Removing empty process `Twiddle.$proc$../third_party/r22sdf/Twiddle64.v:55$136'.
Removing empty process `Twiddle.$proc$../third_party/r22sdf/Twiddle64.v:54$135'.
Removing empty process `Twiddle.$proc$../third_party/r22sdf/Twiddle64.v:54$134'.
Removing empty process `Twiddle.$proc$../third_party/r22sdf/Twiddle64.v:53$133'.
Removing empty process `Twiddle.$proc$../third_party/r22sdf/Twiddle64.v:53$132'.
Removing empty process `Twiddle.$proc$../third_party/r22sdf/Twiddle64.v:52$131'.
Removing empty process `Twiddle.$proc$../third_party/r22sdf/Twiddle64.v:52$130'.
Removing empty process `Twiddle.$proc$../third_party/r22sdf/Twiddle64.v:51$129'.
Removing empty process `Twiddle.$proc$../third_party/r22sdf/Twiddle64.v:51$128'.
Removing empty process `Twiddle.$proc$../third_party/r22sdf/Twiddle64.v:50$127'.
Removing empty process `Twiddle.$proc$../third_party/r22sdf/Twiddle64.v:50$126'.
Removing empty process `Twiddle.$proc$../third_party/r22sdf/Twiddle64.v:49$125'.
Removing empty process `Twiddle.$proc$../third_party/r22sdf/Twiddle64.v:49$124'.
Removing empty process `Twiddle.$proc$../third_party/r22sdf/Twiddle64.v:48$123'.
Removing empty process `Twiddle.$proc$../third_party/r22sdf/Twiddle64.v:48$122'.
Removing empty process `Twiddle.$proc$../third_party/r22sdf/Twiddle64.v:47$121'.
Removing empty process `Twiddle.$proc$../third_party/r22sdf/Twiddle64.v:47$120'.
Removing empty process `Twiddle.$proc$../third_party/r22sdf/Twiddle64.v:46$119'.
Removing empty process `Twiddle.$proc$../third_party/r22sdf/Twiddle64.v:46$118'.
Removing empty process `Twiddle.$proc$../third_party/r22sdf/Twiddle64.v:45$117'.
Removing empty process `Twiddle.$proc$../third_party/r22sdf/Twiddle64.v:45$116'.
Removing empty process `Twiddle.$proc$../third_party/r22sdf/Twiddle64.v:44$115'.
Removing empty process `Twiddle.$proc$../third_party/r22sdf/Twiddle64.v:44$114'.
Removing empty process `Twiddle.$proc$../third_party/r22sdf/Twiddle64.v:43$113'.
Removing empty process `Twiddle.$proc$../third_party/r22sdf/Twiddle64.v:43$112'.
Removing empty process `Twiddle.$proc$../third_party/r22sdf/Twiddle64.v:42$111'.
Removing empty process `Twiddle.$proc$../third_party/r22sdf/Twiddle64.v:42$110'.
Removing empty process `Twiddle.$proc$../third_party/r22sdf/Twiddle64.v:41$109'.
Removing empty process `Twiddle.$proc$../third_party/r22sdf/Twiddle64.v:41$108'.
Removing empty process `Twiddle.$proc$../third_party/r22sdf/Twiddle64.v:40$107'.
Removing empty process `Twiddle.$proc$../third_party/r22sdf/Twiddle64.v:40$106'.
Removing empty process `Twiddle.$proc$../third_party/r22sdf/Twiddle64.v:39$105'.
Removing empty process `Twiddle.$proc$../third_party/r22sdf/Twiddle64.v:39$104'.
Found and cleaned up 1 empty switch in `\Twiddle.$proc$../third_party/r22sdf/Twiddle64.v:21$101'.
Removing empty process `Twiddle.$proc$../third_party/r22sdf/Twiddle64.v:21$101'.
Found and cleaned up 1 empty switch in `\Twiddle.$proc$../third_party/r22sdf/Twiddle64.v:20$98'.
Removing empty process `Twiddle.$proc$../third_party/r22sdf/Twiddle64.v:20$98'.
Removing empty process `Twiddle.$proc$../third_party/r22sdf/Twiddle64.v:23$97'.
Removing empty process `$paramod$520663d7382152bf6f78fc2a37b254cea736bbce\DelayBuffer.$proc$../third_party/r22sdf/DelayBuffer.v:20$436'.
Removing empty process `$paramod$e8759a57fc147882a254734ce5d86afa730d93e5\DelayBuffer.$proc$../third_party/r22sdf/DelayBuffer.v:20$435'.
Removing empty process `$paramod$e31bf182a78b6901a30a1eec46d5e35479708b24\DelayBuffer.$proc$../third_party/r22sdf/DelayBuffer.v:20$434'.
Removing empty process `$paramod$17914cfb50699f154dc59f1c3f8fd47b6e195f44\DelayBuffer.$proc$../third_party/r22sdf/DelayBuffer.v:20$433'.
Removing empty process `$paramod$468b6055748c1a70021cd219779b5d26906274a5\DelayBuffer.$proc$../third_party/r22sdf/DelayBuffer.v:20$420'.
Removing empty process `peweaver_ppa_reset_sync.$proc$rtl/peweaver_ppa_fft64.v:26$1'.
Cleaned up 2 empty switches.

11.2.12. Executing OPT_EXPR pass (perform const folding).
Optimizing module $paramod$cc7e198dbe1c7d8352a2bac47477dedd9788e883\Butterfly.
<suppressed ~4 debug messages>
Optimizing module $paramod$c542f2cdb8cf3fb2f7011f6438933e7913c8a609\DelayBuffer.
Optimizing module $paramod\Multiply\WIDTH=s32'00000000000000000000000000010000.
<suppressed ~4 debug messages>
Optimizing module $paramod$31b4a60d4c392c8032c765add59e3b1dd88721d8\SdfUnit.
<suppressed ~9 debug messages>
Optimizing module $paramod$e3b428dd0e3d22a099d4960bb16875dbfc951f1c\SdfUnit.
<suppressed ~9 debug messages>
Optimizing module $paramod$25bb70cf5a48aa945caa779105562d3b5b1e4265\SdfUnit.
<suppressed ~10 debug messages>
Optimizing module $paramod\FFT\WIDTH=s32'00000000000000000000000000010000.
Optimizing module Twiddle.
<suppressed ~2 debug messages>
Optimizing module $paramod$520663d7382152bf6f78fc2a37b254cea736bbce\DelayBuffer.
Optimizing module $paramod$e8759a57fc147882a254734ce5d86afa730d93e5\DelayBuffer.
Optimizing module $paramod$e31bf182a78b6901a30a1eec46d5e35479708b24\DelayBuffer.
Optimizing module $paramod$17914cfb50699f154dc59f1c3f8fd47b6e195f44\DelayBuffer.
Optimizing module $paramod$5480229501c9659b6947fa834aa4fdab0727c259\Butterfly.
<suppressed ~4 debug messages>
Optimizing module $paramod$468b6055748c1a70021cd219779b5d26906274a5\DelayBuffer.
Optimizing module peweaver_halo_fft64_reference.
Optimizing module peweaver_ppa_fft64.
Optimizing module peweaver_ppa_reset_sync.
<suppressed ~1 debug messages>

11.3. Executing CHECK pass (checking for obvious problems).
Checking module $paramod$cc7e198dbe1c7d8352a2bac47477dedd9788e883\Butterfly...
Checking module $paramod$c542f2cdb8cf3fb2f7011f6438933e7913c8a609\DelayBuffer...
Checking module $paramod\Multiply\WIDTH=s32'00000000000000000000000000010000...
Checking module $paramod$31b4a60d4c392c8032c765add59e3b1dd88721d8\SdfUnit...
Checking module $paramod$e3b428dd0e3d22a099d4960bb16875dbfc951f1c\SdfUnit...
Checking module $paramod$25bb70cf5a48aa945caa779105562d3b5b1e4265\SdfUnit...
Checking module $paramod\FFT\WIDTH=s32'00000000000000000000000000010000...
Checking module Twiddle...
Checking module $paramod$520663d7382152bf6f78fc2a37b254cea736bbce\DelayBuffer...
Checking module $paramod$e8759a57fc147882a254734ce5d86afa730d93e5\DelayBuffer...
Checking module $paramod$e31bf182a78b6901a30a1eec46d5e35479708b24\DelayBuffer...
Checking module $paramod$17914cfb50699f154dc59f1c3f8fd47b6e195f44\DelayBuffer...
Checking module $paramod$5480229501c9659b6947fa834aa4fdab0727c259\Butterfly...
Checking module $paramod$468b6055748c1a70021cd219779b5d26906274a5\DelayBuffer...
Checking module peweaver_halo_fft64_reference...
Checking module peweaver_ppa_fft64...
Checking module peweaver_ppa_reset_sync...
Found and reported 0 problems.

11.4. Executing FLATTEN pass (flatten design).
Deleting now unused module $paramod$cc7e198dbe1c7d8352a2bac47477dedd9788e883\Butterfly.
Deleting now unused module $paramod$c542f2cdb8cf3fb2f7011f6438933e7913c8a609\DelayBuffer.
Deleting now unused module $paramod\Multiply\WIDTH=s32'00000000000000000000000000010000.
Deleting now unused module $paramod$31b4a60d4c392c8032c765add59e3b1dd88721d8\SdfUnit.
Deleting now unused module $paramod$e3b428dd0e3d22a099d4960bb16875dbfc951f1c\SdfUnit.
Deleting now unused module $paramod$25bb70cf5a48aa945caa779105562d3b5b1e4265\SdfUnit.
Deleting now unused module $paramod\FFT\WIDTH=s32'00000000000000000000000000010000.
Deleting now unused module Twiddle.
Deleting now unused module $paramod$520663d7382152bf6f78fc2a37b254cea736bbce\DelayBuffer.
Deleting now unused module $paramod$e8759a57fc147882a254734ce5d86afa730d93e5\DelayBuffer.
Deleting now unused module $paramod$e31bf182a78b6901a30a1eec46d5e35479708b24\DelayBuffer.
Deleting now unused module $paramod$17914cfb50699f154dc59f1c3f8fd47b6e195f44\DelayBuffer.
Deleting now unused module $paramod$5480229501c9659b6947fa834aa4fdab0727c259\Butterfly.
Deleting now unused module $paramod$468b6055748c1a70021cd219779b5d26906274a5\DelayBuffer.
Deleting now unused module peweaver_halo_fft64_reference.
Deleting now unused module peweaver_ppa_reset_sync.
<suppressed ~24 debug messages>

11.5. Executing OPT_EXPR pass (perform const folding).
Optimizing module peweaver_ppa_fft64.
<suppressed ~271 debug messages>

11.6. Executing OPT_CLEAN pass (remove unused cells and wires).
Finding unused cells or wires in module \peweaver_ppa_fft64..
Removed 22 unused cells and 950 unused wires.
<suppressed ~69 debug messages>

11.7. Executing CHECK pass (checking for obvious problems).
Checking module peweaver_ppa_fft64...
Found and reported 0 problems.

11.8. Executing OPT pass (performing simple optimizations).

11.8.1. Executing OPT_EXPR pass (perform const folding).
Optimizing module peweaver_ppa_fft64.
<suppressed ~96 debug messages>

11.8.2. Executing OPT_MERGE pass (detect identical cells).
Finding identical cells in module `\peweaver_ppa_fft64'.
Computing hashes of 528 cells of `\peweaver_ppa_fft64'.
Finding duplicate cells in `\peweaver_ppa_fft64'.
Computing hashes of 448 cells of `\peweaver_ppa_fft64'.
Finding duplicate cells in `\peweaver_ppa_fft64'.
<suppressed ~240 debug messages>
Removed a total of 80 cells.

11.8.3. Executing OPT_MUXTREE pass (detect dead branches in mux trees).
Running muxtree optimizer on module \peweaver_ppa_fft64..
  Creating internal representation of mux trees.
  Evaluating internal representation of mux trees.
  Analyzing evaluation results.
    dead port 1/65 on $pmux $flatten\u_fft64.\core.\SU2.\TW.$procmux$502.
    dead port 2/65 on $pmux $flatten\u_fft64.\core.\SU2.\TW.$procmux$502.
    dead port 3/65 on $pmux $flatten\u_fft64.\core.\SU2.\TW.$procmux$502.
    dead port 5/65 on $pmux $flatten\u_fft64.\core.\SU2.\TW.$procmux$502.
    dead port 6/65 on $pmux $flatten\u_fft64.\core.\SU2.\TW.$procmux$502.
    dead port 7/65 on $pmux $flatten\u_fft64.\core.\SU2.\TW.$procmux$502.
    dead port 9/65 on $pmux $flatten\u_fft64.\core.\SU2.\TW.$procmux$502.
    dead port 10/65 on $pmux $flatten\u_fft64.\core.\SU2.\TW.$procmux$502.
    dead port 11/65 on $pmux $flatten\u_fft64.\core.\SU2.\TW.$procmux$502.
    dead port 13/65 on $pmux $flatten\u_fft64.\core.\SU2.\TW.$procmux$502.
    dead port 14/65 on $pmux $flatten\u_fft64.\core.\SU2.\TW.$procmux$502.
    dead port 15/65 on $pmux $flatten\u_fft64.\core.\SU2.\TW.$procmux$502.
    dead port 17/65 on $pmux $flatten\u_fft64.\core.\SU2.\TW.$procmux$502.
    dead port 18/65 on $pmux $flatten\u_fft64.\core.\SU2.\TW.$procmux$502.
    dead port 19/65 on $pmux $flatten\u_fft64.\core.\SU2.\TW.$procmux$502.
    dead port 21/65 on $pmux $flatten\u_fft64.\core.\SU2.\TW.$procmux$502.
    dead port 22/65 on $pmux $flatten\u_fft64.\core.\SU2.\TW.$procmux$502.
    dead port 23/65 on $pmux $flatten\u_fft64.\core.\SU2.\TW.$procmux$502.
    dead port 25/65 on $pmux $flatten\u_fft64.\core.\SU2.\TW.$procmux$502.
    dead port 26/65 on $pmux $flatten\u_fft64.\core.\SU2.\TW.$procmux$502.
    dead port 27/65 on $pmux $flatten\u_fft64.\core.\SU2.\TW.$procmux$502.
    dead port 29/65 on $pmux $flatten\u_fft64.\core.\SU2.\TW.$procmux$502.
    dead port 30/65 on $pmux $flatten\u_fft64.\core.\SU2.\TW.$procmux$502.
    dead port 31/65 on $pmux $flatten\u_fft64.\core.\SU2.\TW.$procmux$502.
    dead port 33/65 on $pmux $flatten\u_fft64.\core.\SU2.\TW.$procmux$502.
    dead port 34/65 on $pmux $flatten\u_fft64.\core.\SU2.\TW.$procmux$502.
    dead port 35/65 on $pmux $flatten\u_fft64.\core.\SU2.\TW.$procmux$502.
    dead port 37/65 on $pmux $flatten\u_fft64.\core.\SU2.\TW.$procmux$502.
    dead port 38/65 on $pmux $flatten\u_fft64.\core.\SU2.\TW.$procmux$502.
    dead port 39/65 on $pmux $flatten\u_fft64.\core.\SU2.\TW.$procmux$502.
    dead port 41/65 on $pmux $flatten\u_fft64.\core.\SU2.\TW.$procmux$502.
    dead port 42/65 on $pmux $flatten\u_fft64.\core.\SU2.\TW.$procmux$502.
    dead port 43/65 on $pmux $flatten\u_fft64.\core.\SU2.\TW.$procmux$502.
    dead port 45/65 on $pmux $flatten\u_fft64.\core.\SU2.\TW.$procmux$502.
    dead port 46/65 on $pmux $flatten\u_fft64.\core.\SU2.\TW.$procmux$502.
    dead port 47/65 on $pmux $flatten\u_fft64.\core.\SU2.\TW.$procmux$502.
    dead port 49/65 on $pmux $flatten\u_fft64.\core.\SU2.\TW.$procmux$502.
    dead port 50/65 on $pmux $flatten\u_fft64.\core.\SU2.\TW.$procmux$502.
    dead port 51/65 on $pmux $flatten\u_fft64.\core.\SU2.\TW.$procmux$502.
    dead port 53/65 on $pmux $flatten\u_fft64.\core.\SU2.\TW.$procmux$502.
    dead port 54/65 on $pmux $flatten\u_fft64.\core.\SU2.\TW.$procmux$502.
    dead port 55/65 on $pmux $flatten\u_fft64.\core.\SU2.\TW.$procmux$502.
    dead port 57/65 on $pmux $flatten\u_fft64.\core.\SU2.\TW.$procmux$502.
    dead port 58/65 on $pmux $flatten\u_fft64.\core.\SU2.\TW.$procmux$502.
    dead port 59/65 on $pmux $flatten\u_fft64.\core.\SU2.\TW.$procmux$502.
    dead port 61/65 on $pmux $flatten\u_fft64.\core.\SU2.\TW.$procmux$502.
    dead port 62/65 on $pmux $flatten\u_fft64.\core.\SU2.\TW.$procmux$502.
    dead port 63/65 on $pmux $flatten\u_fft64.\core.\SU2.\TW.$procmux$502.
    dead port 1/65 on $pmux $flatten\u_fft64.\core.\SU2.\TW.$procmux$437.
    dead port 2/65 on $pmux $flatten\u_fft64.\core.\SU2.\TW.$procmux$437.
    dead port 3/65 on $pmux $flatten\u_fft64.\core.\SU2.\TW.$procmux$437.
    dead port 5/65 on $pmux $flatten\u_fft64.\core.\SU2.\TW.$procmux$437.
    dead port 6/65 on $pmux $flatten\u_fft64.\core.\SU2.\TW.$procmux$437.
    dead port 7/65 on $pmux $flatten\u_fft64.\core.\SU2.\TW.$procmux$437.
    dead port 9/65 on $pmux $flatten\u_fft64.\core.\SU2.\TW.$procmux$437.
    dead port 10/65 on $pmux $flatten\u_fft64.\core.\SU2.\TW.$procmux$437.
    dead port 11/65 on $pmux $flatten\u_fft64.\core.\SU2.\TW.$procmux$437.
    dead port 13/65 on $pmux $flatten\u_fft64.\core.\SU2.\TW.$procmux$437.
    dead port 14/65 on $pmux $flatten\u_fft64.\core.\SU2.\TW.$procmux$437.
    dead port 15/65 on $pmux $flatten\u_fft64.\core.\SU2.\TW.$procmux$437.
    dead port 17/65 on $pmux $flatten\u_fft64.\core.\SU2.\TW.$procmux$437.
    dead port 18/65 on $pmux $flatten\u_fft64.\core.\SU2.\TW.$procmux$437.
    dead port 19/65 on $pmux $flatten\u_fft64.\core.\SU2.\TW.$procmux$437.
    dead port 21/65 on $pmux $flatten\u_fft64.\core.\SU2.\TW.$procmux$437.
    dead port 22/65 on $pmux $flatten\u_fft64.\core.\SU2.\TW.$procmux$437.
    dead port 23/65 on $pmux $flatten\u_fft64.\core.\SU2.\TW.$procmux$437.
    dead port 25/65 on $pmux $flatten\u_fft64.\core.\SU2.\TW.$procmux$437.
    dead port 26/65 on $pmux $flatten\u_fft64.\core.\SU2.\TW.$procmux$437.
    dead port 27/65 on $pmux $flatten\u_fft64.\core.\SU2.\TW.$procmux$437.
    dead port 29/65 on $pmux $flatten\u_fft64.\core.\SU2.\TW.$procmux$437.
    dead port 30/65 on $pmux $flatten\u_fft64.\core.\SU2.\TW.$procmux$437.
    dead port 31/65 on $pmux $flatten\u_fft64.\core.\SU2.\TW.$procmux$437.
    dead port 33/65 on $pmux $flatten\u_fft64.\core.\SU2.\TW.$procmux$437.
    dead port 34/65 on $pmux $flatten\u_fft64.\core.\SU2.\TW.$procmux$437.
    dead port 35/65 on $pmux $flatten\u_fft64.\core.\SU2.\TW.$procmux$437.
    dead port 37/65 on $pmux $flatten\u_fft64.\core.\SU2.\TW.$procmux$437.
    dead port 38/65 on $pmux $flatten\u_fft64.\core.\SU2.\TW.$procmux$437.
    dead port 39/65 on $pmux $flatten\u_fft64.\core.\SU2.\TW.$procmux$437.
    dead port 41/65 on $pmux $flatten\u_fft64.\core.\SU2.\TW.$procmux$437.
    dead port 42/65 on $pmux $flatten\u_fft64.\core.\SU2.\TW.$procmux$437.
    dead port 43/65 on $pmux $flatten\u_fft64.\core.\SU2.\TW.$procmux$437.
    dead port 45/65 on $pmux $flatten\u_fft64.\core.\SU2.\TW.$procmux$437.
    dead port 46/65 on $pmux $flatten\u_fft64.\core.\SU2.\TW.$procmux$437.
    dead port 47/65 on $pmux $flatten\u_fft64.\core.\SU2.\TW.$procmux$437.
    dead port 49/65 on $pmux $flatten\u_fft64.\core.\SU2.\TW.$procmux$437.
    dead port 50/65 on $pmux $flatten\u_fft64.\core.\SU2.\TW.$procmux$437.
    dead port 51/65 on $pmux $flatten\u_fft64.\core.\SU2.\TW.$procmux$437.
    dead port 53/65 on $pmux $flatten\u_fft64.\core.\SU2.\TW.$procmux$437.
    dead port 54/65 on $pmux $flatten\u_fft64.\core.\SU2.\TW.$procmux$437.
    dead port 55/65 on $pmux $flatten\u_fft64.\core.\SU2.\TW.$procmux$437.
    dead port 57/65 on $pmux $flatten\u_fft64.\core.\SU2.\TW.$procmux$437.
    dead port 58/65 on $pmux $flatten\u_fft64.\core.\SU2.\TW.$procmux$437.
    dead port 59/65 on $pmux $flatten\u_fft64.\core.\SU2.\TW.$procmux$437.
    dead port 61/65 on $pmux $flatten\u_fft64.\core.\SU2.\TW.$procmux$437.
    dead port 62/65 on $pmux $flatten\u_fft64.\core.\SU2.\TW.$procmux$437.
    dead port 63/65 on $pmux $flatten\u_fft64.\core.\SU2.\TW.$procmux$437.
Removed 96 multiplexer ports.
<suppressed ~162 debug messages>

11.8.4. Executing OPT_REDUCE pass (consolidate $*mux and $reduce_* inputs).
  Optimizing cells in module \peweaver_ppa_fft64.
    New ctrl vector for $pmux cell $flatten\u_fft64.\core.\SU2.\TW.$procmux$502: { $auto$opt_reduce.cc:137:opt_pmux$821 $flatten\u_fft64.\core.\SU2.\TW.$procmux$542_CMP $flatten\u_fft64.\core.\SU2.\TW.$procmux$546_CMP $auto$opt_reduce.cc:137:opt_pmux$819 $flatten\u_fft64.\core.\SU2.\TW.$procmux$554_CMP $flatten\u_fft64.\core.\SU2.\TW.$procmux$558_CMP $flatten\u_fft64.\core.\SU2.\TW.$procmux$562_CMP }
    New ctrl vector for $pmux cell $flatten\u_fft64.\core.\SU2.\TW.$procmux$437: { $flatten\u_fft64.\core.\SU2.\TW.$procmux$530_CMP $auto$opt_reduce.cc:137:opt_pmux$827 $auto$opt_reduce.cc:137:opt_pmux$825 $auto$opt_reduce.cc:137:opt_pmux$823 $flatten\u_fft64.\core.\SU2.\TW.$procmux$550_CMP $flatten\u_fft64.\core.\SU2.\TW.$procmux$566_CMP }
    New ctrl vector for $pmux cell $flatten\u_fft64.\core.\SU1.\TW.$procmux$502: { $flatten\u_fft64.\core.\SU1.\TW.$procmux$521_CMP $auto$opt_reduce.cc:137:opt_pmux$833 $flatten\u_fft64.\core.\SU1.\TW.$procmux$527_CMP $auto$opt_reduce.cc:137:opt_pmux$831 $flatten\u_fft64.\core.\SU1.\TW.$procmux$533_CMP $flatten\u_fft64.\core.\SU1.\TW.$procmux$536_CMP $flatten\u_fft64.\core.\SU1.\TW.$procmux$539_CMP $flatten\u_fft64.\core.\SU1.\TW.$procmux$540_CMP $flatten\u_fft64.\core.\SU1.\TW.$procmux$542_CMP $flatten\u_fft64.\core.\SU1.\TW.$procmux$545_CMP $flatten\u_fft64.\core.\SU1.\TW.$procmux$546_CMP $flatten\u_fft64.\core.\SU1.\TW.$procmux$548_CMP $auto$opt_reduce.cc:137:opt_pmux$829 $flatten\u_fft64.\core.\SU1.\TW.$procmux$551_CMP $flatten\u_fft64.\core.\SU1.\TW.$procmux$552_CMP $flatten\u_fft64.\core.\SU1.\TW.$procmux$553_CMP $flatten\u_fft64.\core.\SU1.\TW.$procmux$554_CMP $flatten\u_fft64.\core.\SU1.\TW.$procmux$555_CMP $flatten\u_fft64.\core.\SU1.\TW.$procmux$556_CMP $flatten\u_fft64.\core.\SU1.\TW.$procmux$557_CMP $flatten\u_fft64.\core.\SU1.\TW.$procmux$558_CMP $flatten\u_fft64.\core.\SU1.\TW.$procmux$559_CMP $flatten\u_fft64.\core.\SU1.\TW.$procmux$560_CMP $flatten\u_fft64.\core.\SU1.\TW.$procmux$561_CMP $flatten\u_fft64.\core.\SU1.\TW.$procmux$562_CMP $flatten\u_fft64.\core.\SU1.\TW.$procmux$563_CMP $flatten\u_fft64.\core.\SU1.\TW.$procmux$564_CMP $flatten\u_fft64.\core.\SU1.\TW.$procmux$565_CMP }
    New ctrl vector for $pmux cell $flatten\u_fft64.\core.\SU1.\TW.$procmux$437: { $flatten\u_fft64.\core.\SU1.\TW.$procmux$521_CMP $flatten\u_fft64.\core.\SU1.\TW.$procmux$524_CMP $flatten\u_fft64.\core.\SU1.\TW.$procmux$527_CMP $flatten\u_fft64.\core.\SU1.\TW.$procmux$530_CMP $flatten\u_fft64.\core.\SU1.\TW.$procmux$533_CMP $auto$opt_reduce.cc:137:opt_pmux$851 $auto$opt_reduce.cc:137:opt_pmux$849 $auto$opt_reduce.cc:137:opt_pmux$847 $auto$opt_reduce.cc:137:opt_pmux$845 $auto$opt_reduce.cc:137:opt_pmux$843 $auto$opt_reduce.cc:137:opt_pmux$841 $auto$opt_reduce.cc:137:opt_pmux$839 $auto$opt_reduce.cc:137:opt_pmux$837 $auto$opt_reduce.cc:137:opt_pmux$835 $flatten\u_fft64.\core.\SU1.\TW.$procmux$550_CMP $flatten\u_fft64.\core.\SU1.\TW.$procmux$551_CMP $flatten\u_fft64.\core.\SU1.\TW.$procmux$553_CMP $flatten\u_fft64.\core.\SU1.\TW.$procmux$557_CMP $flatten\u_fft64.\core.\SU1.\TW.$procmux$559_CMP $flatten\u_fft64.\core.\SU1.\TW.$procmux$563_CMP $flatten\u_fft64.\core.\SU1.\TW.$procmux$565_CMP $flatten\u_fft64.\core.\SU1.\TW.$procmux$566_CMP }
  Optimizing cells in module \peweaver_ppa_fft64.
Performed a total of 4 changes.

11.8.5. Executing OPT_MERGE pass (detect identical cells).
Finding identical cells in module `\peweaver_ppa_fft64'.
Computing hashes of 465 cells of `\peweaver_ppa_fft64'.
Finding duplicate cells in `\peweaver_ppa_fft64'.
Removed a total of 0 cells.

11.8.6. Executing OPT_DFF pass (perform DFF optimizations).

11.8.7. Executing OPT_CLEAN pass (remove unused cells and wires).
Finding unused cells or wires in module \peweaver_ppa_fft64..
Removed 40 unused cells and 216 unused wires.
<suppressed ~41 debug messages>

11.8.8. Executing OPT_EXPR pass (perform const folding).
Optimizing module peweaver_ppa_fft64.

11.8.9. Rerunning OPT passes. (Maybe there is more to do..)

11.8.10. Executing OPT_MUXTREE pass (detect dead branches in mux trees).
Running muxtree optimizer on module \peweaver_ppa_fft64..
  Creating internal representation of mux trees.
  Evaluating internal representation of mux trees.
  Analyzing evaluation results.
Removed 0 multiplexer ports.
<suppressed ~162 debug messages>

11.8.11. Executing OPT_REDUCE pass (consolidate $*mux and $reduce_* inputs).
  Optimizing cells in module \peweaver_ppa_fft64.
Performed a total of 0 changes.

11.8.12. Executing OPT_MERGE pass (detect identical cells).
Finding identical cells in module `\peweaver_ppa_fft64'.
Computing hashes of 425 cells of `\peweaver_ppa_fft64'.
Finding duplicate cells in `\peweaver_ppa_fft64'.
Removed a total of 0 cells.

11.8.13. Executing OPT_DFF pass (perform DFF optimizations).

11.8.14. Executing OPT_CLEAN pass (remove unused cells and wires).
Finding unused cells or wires in module \peweaver_ppa_fft64..

11.8.15. Executing OPT_EXPR pass (perform const folding).
Optimizing module peweaver_ppa_fft64.

11.8.16. Finished fast OPT passes. (There is nothing left to do.)

11.9. Executing FSM pass (extract and optimize FSM).

11.9.1. Executing FSM_DETECT pass (finding FSMs in design).
Not marking peweaver_ppa_fft64.u_fft64.core.SU2.TW.ff_im as FSM state register:
    Users of register don't seem to benefit from recoding.
Not marking peweaver_ppa_fft64.u_fft64.core.SU2.TW.ff_re as FSM state register:
    Users of register don't seem to benefit from recoding.
Not marking peweaver_ppa_fft64.u_fft64.core.SU1.TW.ff_im as FSM state register:
    Users of register don't seem to benefit from recoding.
Not marking peweaver_ppa_fft64.u_fft64.core.SU1.TW.ff_re as FSM state register:
    Users of register don't seem to benefit from recoding.

11.9.2. Executing FSM_EXTRACT pass (extracting FSM from design).

11.9.3. Executing FSM_OPT pass (simple optimizations of FSMs).

11.9.4. Executing OPT_CLEAN pass (remove unused cells and wires).
Finding unused cells or wires in module \peweaver_ppa_fft64..

11.9.5. Executing FSM_OPT pass (simple optimizations of FSMs).

11.9.6. Executing FSM_RECODE pass (re-assigning FSM state encoding).

11.9.7. Executing FSM_INFO pass (dumping all available information on FSM cells).

11.9.8. Executing FSM_MAP pass (mapping FSMs to basic logic).

11.10. Executing OPT pass (performing simple optimizations).

11.10.1. Executing OPT_EXPR pass (perform const folding).
Optimizing module peweaver_ppa_fft64.

11.10.2. Executing OPT_MERGE pass (detect identical cells).
Finding identical cells in module `\peweaver_ppa_fft64'.
Computing hashes of 425 cells of `\peweaver_ppa_fft64'.
Finding duplicate cells in `\peweaver_ppa_fft64'.
Removed a total of 0 cells.

11.10.3. Executing OPT_MUXTREE pass (detect dead branches in mux trees).
Running muxtree optimizer on module \peweaver_ppa_fft64..
  Creating internal representation of mux trees.
  Evaluating internal representation of mux trees.
  Analyzing evaluation results.
Removed 0 multiplexer ports.
<suppressed ~162 debug messages>

11.10.4. Executing OPT_REDUCE pass (consolidate $*mux and $reduce_* inputs).
  Optimizing cells in module \peweaver_ppa_fft64.
Performed a total of 0 changes.

11.10.5. Executing OPT_MERGE pass (detect identical cells).
Finding identical cells in module `\peweaver_ppa_fft64'.
Computing hashes of 425 cells of `\peweaver_ppa_fft64'.
Finding duplicate cells in `\peweaver_ppa_fft64'.
Removed a total of 0 cells.

11.10.6. Executing OPT_DFF pass (perform DFF optimizations).
Adding EN signal on $flatten\u_fft64.\core.\SU2.$procdff$644 ($adff) from module peweaver_ppa_fft64 (D = $flatten\u_fft64.\core.\SU2.$0\bf2_sp_en[0:0], Q = \u_fft64.core.SU2.bf2_sp_en).
Adding EN signal on $flatten\u_fft64.\core.\SU2.$procdff$653 ($adff) from module peweaver_ppa_fft64 (D = $flatten\u_fft64.\core.\SU2.$0\bf1_sp_en[0:0], Q = \u_fft64.core.SU2.bf1_sp_en).
Adding EN signal on $flatten\u_fft64.\core.\SU1.$procdff$614 ($adff) from module peweaver_ppa_fft64 (D = $flatten\u_fft64.\core.\SU1.$0\bf2_sp_en[0:0], Q = \u_fft64.core.SU1.bf2_sp_en).
Adding EN signal on $flatten\u_fft64.\core.\SU1.$procdff$623 ($adff) from module peweaver_ppa_fft64 (D = $flatten\u_fft64.\core.\SU1.$0\bf1_sp_en[0:0], Q = \u_fft64.core.SU1.bf1_sp_en).
Adding EN signal on $flatten\u_fft64.\core.\SU3.$procdff$674 ($adff) from module peweaver_ppa_fft64 (D = $flatten\u_fft64.\core.\SU3.$0\bf2_sp_en[0:0], Q = \u_fft64.core.SU3.bf2_sp_en).
Adding EN signal on $flatten\u_fft64.\core.\SU3.$procdff$683 ($adff) from module peweaver_ppa_fft64 (D = $flatten\u_fft64.\core.\SU3.$0\bf1_sp_en[0:0], Q = \u_fft64.core.SU3.bf1_sp_en).

11.10.7. Executing OPT_CLEAN pass (remove unused cells and wires).
Finding unused cells or wires in module \peweaver_ppa_fft64..

11.10.8. Executing OPT_EXPR pass (perform const folding).
Optimizing module peweaver_ppa_fft64.
<suppressed ~6 debug messages>

11.10.9. Rerunning OPT passes. (Maybe there is more to do..)

11.10.10. Executing OPT_MUXTREE pass (detect dead branches in mux trees).
Running muxtree optimizer on module \peweaver_ppa_fft64..
  Creating internal representation of mux trees.
  Evaluating internal representation of mux trees.
  Analyzing evaluation results.
Removed 0 multiplexer ports.
<suppressed ~162 debug messages>

11.10.11. Executing OPT_REDUCE pass (consolidate $*mux and $reduce_* inputs).
  Optimizing cells in module \peweaver_ppa_fft64.
Performed a total of 0 changes.

11.10.12. Executing OPT_MERGE pass (detect identical cells).
Finding identical cells in module `\peweaver_ppa_fft64'.
Computing hashes of 431 cells of `\peweaver_ppa_fft64'.
Finding duplicate cells in `\peweaver_ppa_fft64'.
Removed a total of 0 cells.

11.10.13. Executing OPT_DFF pass (perform DFF optimizations).

11.10.14. Executing OPT_CLEAN pass (remove unused cells and wires).
Finding unused cells or wires in module \peweaver_ppa_fft64..

11.10.15. Executing OPT_EXPR pass (perform const folding).
Optimizing module peweaver_ppa_fft64.

11.10.16. Finished fast OPT passes. (There is nothing left to do.)

11.11. Executing WREDUCE pass (reducing word size of cells).
Removed top 1 bits (of 32) from port Y of cell peweaver_ppa_fft64.$flatten\u_fft64.\core.\SU1.\MU.$mul$../third_party/r22sdf/Multiply.v:20$398 ($mul).
Removed top 1 bits (of 32) from port Y of cell peweaver_ppa_fft64.$flatten\u_fft64.\core.\SU1.\MU.$mul$../third_party/r22sdf/Multiply.v:21$399 ($mul).
Removed top 1 bits (of 32) from port Y of cell peweaver_ppa_fft64.$flatten\u_fft64.\core.\SU1.\MU.$mul$../third_party/r22sdf/Multiply.v:22$400 ($mul).
Removed top 1 bits (of 6) from port B of cell peweaver_ppa_fft64.$flatten\u_fft64.\core.\SU1.\TW.$procmux$536_CMP0 ($eq).
Removed top 1 bits (of 6) from port B of cell peweaver_ppa_fft64.$flatten\u_fft64.\core.\SU1.\TW.$procmux$538_CMP0 ($eq).
Removed top 1 bits (of 6) from port B of cell peweaver_ppa_fft64.$flatten\u_fft64.\core.\SU1.\TW.$procmux$539_CMP0 ($eq).
Removed top 1 bits (of 6) from port B of cell peweaver_ppa_fft64.$flatten\u_fft64.\core.\SU1.\TW.$procmux$540_CMP0 ($eq).
Removed top 1 bits (of 6) from port B of cell peweaver_ppa_fft64.$flatten\u_fft64.\core.\SU1.\TW.$procmux$542_CMP0 ($eq).
Removed top 1 bits (of 6) from port B of cell peweaver_ppa_fft64.$flatten\u_fft64.\core.\SU1.\TW.$procmux$544_CMP0 ($eq).
Removed top 1 bits (of 6) from port B of cell peweaver_ppa_fft64.$flatten\u_fft64.\core.\SU1.\TW.$procmux$545_CMP0 ($eq).
Removed top 1 bits (of 6) from port B of cell peweaver_ppa_fft64.$flatten\u_fft64.\core.\SU1.\TW.$procmux$546_CMP0 ($eq).
Removed top 1 bits (of 6) from port B of cell peweaver_ppa_fft64.$flatten\u_fft64.\core.\SU1.\TW.$procmux$548_CMP0 ($eq).
Removed top 1 bits (of 6) from port B of cell peweaver_ppa_fft64.$flatten\u_fft64.\core.\SU1.\TW.$procmux$550_CMP0 ($eq).
Removed top 2 bits (of 6) from port B of cell peweaver_ppa_fft64.$flatten\u_fft64.\core.\SU1.\TW.$procmux$551_CMP0 ($eq).
Removed top 2 bits (of 6) from port B of cell peweaver_ppa_fft64.$flatten\u_fft64.\core.\SU1.\TW.$procmux$552_CMP0 ($eq).
Removed top 2 bits (of 6) from port B of cell peweaver_ppa_fft64.$flatten\u_fft64.\core.\SU1.\TW.$procmux$553_CMP0 ($eq).
Removed top 2 bits (of 6) from port B of cell peweaver_ppa_fft64.$flatten\u_fft64.\core.\SU1.\TW.$procmux$554_CMP0 ($eq).
Removed top 2 bits (of 6) from port B of cell peweaver_ppa_fft64.$flatten\u_fft64.\core.\SU1.\TW.$procmux$555_CMP0 ($eq).
Removed top 2 bits (of 6) from port B of cell peweaver_ppa_fft64.$flatten\u_fft64.\core.\SU1.\TW.$procmux$556_CMP0 ($eq).
Removed top 2 bits (of 6) from port B of cell peweaver_ppa_fft64.$flatten\u_fft64.\core.\SU1.\TW.$procmux$557_CMP0 ($eq).
Removed top 2 bits (of 6) from port B of cell peweaver_ppa_fft64.$flatten\u_fft64.\core.\SU1.\TW.$procmux$558_CMP0 ($eq).
Removed top 3 bits (of 6) from port B of cell peweaver_ppa_fft64.$flatten\u_fft64.\core.\SU1.\TW.$procmux$559_CMP0 ($eq).
Removed top 3 bits (of 6) from port B of cell peweaver_ppa_fft64.$flatten\u_fft64.\core.\SU1.\TW.$procmux$560_CMP0 ($eq).
Removed top 3 bits (of 6) from port B of cell peweaver_ppa_fft64.$flatten\u_fft64.\core.\SU1.\TW.$procmux$561_CMP0 ($eq).
Removed top 3 bits (of 6) from port B of cell peweaver_ppa_fft64.$flatten\u_fft64.\core.\SU1.\TW.$procmux$562_CMP0 ($eq).
Removed top 4 bits (of 6) from port B of cell peweaver_ppa_fft64.$flatten\u_fft64.\core.\SU1.\TW.$procmux$563_CMP0 ($eq).
Removed top 4 bits (of 6) from port B of cell peweaver_ppa_fft64.$flatten\u_fft64.\core.\SU1.\TW.$procmux$564_CMP0 ($eq).
Removed top 5 bits (of 6) from port B of cell peweaver_ppa_fft64.$flatten\u_fft64.\core.\SU1.\TW.$procmux$565_CMP0 ($eq).
Removed top 30 bits (of 32) from port B of cell peweaver_ppa_fft64.$flatten\u_fft64.\core.\SU1.\BF2.$add$../third_party/r22sdf/Butterfly.v:27$412 ($add).
Removed top 15 bits (of 32) from port Y of cell peweaver_ppa_fft64.$flatten\u_fft64.\core.\SU1.\BF2.$add$../third_party/r22sdf/Butterfly.v:27$412 ($add).
Removed top 30 bits (of 32) from port B of cell peweaver_ppa_fft64.$flatten\u_fft64.\core.\SU1.\BF2.$add$../third_party/r22sdf/Butterfly.v:29$416 ($add).
Removed top 15 bits (of 32) from port Y of cell peweaver_ppa_fft64.$flatten\u_fft64.\core.\SU1.\BF2.$add$../third_party/r22sdf/Butterfly.v:29$416 ($add).
Removed top 30 bits (of 32) from port B of cell peweaver_ppa_fft64.$flatten\u_fft64.\core.\SU1.\BF2.$add$../third_party/r22sdf/Butterfly.v:28$414 ($add).
Removed top 15 bits (of 32) from port Y of cell peweaver_ppa_fft64.$flatten\u_fft64.\core.\SU1.\BF2.$add$../third_party/r22sdf/Butterfly.v:28$414 ($add).
Removed top 30 bits (of 32) from port B of cell peweaver_ppa_fft64.$flatten\u_fft64.\core.\SU1.\BF2.$add$../third_party/r22sdf/Butterfly.v:30$418 ($add).
Removed top 15 bits (of 32) from port Y of cell peweaver_ppa_fft64.$flatten\u_fft64.\core.\SU1.\BF2.$add$../third_party/r22sdf/Butterfly.v:30$418 ($add).
Removed top 1 bits (of 32) from port Y of cell peweaver_ppa_fft64.$flatten\u_fft64.\core.\SU1.\MU.$mul$../third_party/r22sdf/Multiply.v:19$397 ($mul).
Removed top 2 bits (of 6) from port B of cell peweaver_ppa_fft64.$flatten\u_fft64.\core.\SU1.$eq$../third_party/r22sdf/SdfUnit.v:210$382 ($eq).
Removed top 1 bits (of 6) from port B of cell peweaver_ppa_fft64.$flatten\u_fft64.\core.\SU1.$eq$../third_party/r22sdf/SdfUnit.v:151$363 ($eq).
Removed top 1 bits (of 32) from port Y of cell peweaver_ppa_fft64.$flatten\u_fft64.\core.\SU2.\MU.$mul$../third_party/r22sdf/Multiply.v:20$398 ($mul).
Removed top 1 bits (of 32) from port Y of cell peweaver_ppa_fft64.$flatten\u_fft64.\core.\SU2.\MU.$mul$../third_party/r22sdf/Multiply.v:21$399 ($mul).
Removed top 1 bits (of 32) from port Y of cell peweaver_ppa_fft64.$flatten\u_fft64.\core.\SU2.\MU.$mul$../third_party/r22sdf/Multiply.v:22$400 ($mul).
Removed top 1 bits (of 4) from port B of cell peweaver_ppa_fft64.$flatten\u_fft64.\core.\SU2.\TW.$procmux$538_CMP0 ($eq).
Removed top 1 bits (of 4) from port B of cell peweaver_ppa_fft64.$flatten\u_fft64.\core.\SU2.\TW.$procmux$542_CMP0 ($eq).
Removed top 1 bits (of 4) from port B of cell peweaver_ppa_fft64.$flatten\u_fft64.\core.\SU2.\TW.$procmux$546_CMP0 ($eq).
Removed top 1 bits (of 4) from port B of cell peweaver_ppa_fft64.$flatten\u_fft64.\core.\SU2.\TW.$procmux$550_CMP0 ($eq).
Removed top 2 bits (of 4) from port B of cell peweaver_ppa_fft64.$flatten\u_fft64.\core.\SU2.\TW.$procmux$554_CMP0 ($eq).
Removed top 2 bits (of 4) from port B of cell peweaver_ppa_fft64.$flatten\u_fft64.\core.\SU2.\TW.$procmux$558_CMP0 ($eq).
Removed top 3 bits (of 4) from port B of cell peweaver_ppa_fft64.$flatten\u_fft64.\core.\SU2.\TW.$procmux$562_CMP0 ($eq).
Removed top 30 bits (of 32) from port B of cell peweaver_ppa_fft64.$flatten\u_fft64.\core.\SU2.\BF2.$add$../third_party/r22sdf/Butterfly.v:27$412 ($add).
Removed top 15 bits (of 32) from port Y of cell peweaver_ppa_fft64.$flatten\u_fft64.\core.\SU2.\BF2.$add$../third_party/r22sdf/Butterfly.v:27$412 ($add).
Removed top 30 bits (of 32) from port B of cell peweaver_ppa_fft64.$flatten\u_fft64.\core.\SU2.\BF2.$add$../third_party/r22sdf/Butterfly.v:29$416 ($add).
Removed top 15 bits (of 32) from port Y of cell peweaver_ppa_fft64.$flatten\u_fft64.\core.\SU2.\BF2.$add$../third_party/r22sdf/Butterfly.v:29$416 ($add).
Removed top 30 bits (of 32) from port B of cell peweaver_ppa_fft64.$flatten\u_fft64.\core.\SU2.\BF2.$add$../third_party/r22sdf/Butterfly.v:28$414 ($add).
Removed top 15 bits (of 32) from port Y of cell peweaver_ppa_fft64.$flatten\u_fft64.\core.\SU2.\BF2.$add$../third_party/r22sdf/Butterfly.v:28$414 ($add).
Removed top 30 bits (of 32) from port B of cell peweaver_ppa_fft64.$flatten\u_fft64.\core.\SU2.\BF2.$add$../third_party/r22sdf/Butterfly.v:30$418 ($add).
Removed top 15 bits (of 32) from port Y of cell peweaver_ppa_fft64.$flatten\u_fft64.\core.\SU2.\BF2.$add$../third_party/r22sdf/Butterfly.v:30$418 ($add).
Removed top 1 bits (of 32) from port Y of cell peweaver_ppa_fft64.$flatten\u_fft64.\core.\SU2.\MU.$mul$../third_party/r22sdf/Multiply.v:19$397 ($mul).
Removed top 4 bits (of 6) from port B of cell peweaver_ppa_fft64.$flatten\u_fft64.\core.\SU2.$eq$../third_party/r22sdf/SdfUnit.v:210$327 ($eq).
Removed top 3 bits (of 6) from port B of cell peweaver_ppa_fft64.$flatten\u_fft64.\core.\SU2.$eq$../third_party/r22sdf/SdfUnit.v:151$308 ($eq).
Removed top 30 bits (of 32) from port B of cell peweaver_ppa_fft64.$flatten\u_fft64.\core.\SU3.\BF2.$add$../third_party/r22sdf/Butterfly.v:27$412 ($add).
Removed top 15 bits (of 32) from port Y of cell peweaver_ppa_fft64.$flatten\u_fft64.\core.\SU3.\BF2.$add$../third_party/r22sdf/Butterfly.v:27$412 ($add).
Removed top 30 bits (of 32) from port B of cell peweaver_ppa_fft64.$flatten\u_fft64.\core.\SU3.\BF2.$add$../third_party/r22sdf/Butterfly.v:29$416 ($add).
Removed top 15 bits (of 32) from port Y of cell peweaver_ppa_fft64.$flatten\u_fft64.\core.\SU3.\BF2.$add$../third_party/r22sdf/Butterfly.v:29$416 ($add).
Removed top 30 bits (of 32) from port B of cell peweaver_ppa_fft64.$flatten\u_fft64.\core.\SU3.\BF2.$add$../third_party/r22sdf/Butterfly.v:28$414 ($add).
Removed top 15 bits (of 32) from port Y of cell peweaver_ppa_fft64.$flatten\u_fft64.\core.\SU3.\BF2.$add$../third_party/r22sdf/Butterfly.v:28$414 ($add).
Removed top 30 bits (of 32) from port B of cell peweaver_ppa_fft64.$flatten\u_fft64.\core.\SU3.\BF2.$add$../third_party/r22sdf/Butterfly.v:30$418 ($add).
Removed top 15 bits (of 32) from port Y of cell peweaver_ppa_fft64.$flatten\u_fft64.\core.\SU3.\BF2.$add$../third_party/r22sdf/Butterfly.v:30$418 ($add).
Removed top 5 bits (of 6) from port B of cell peweaver_ppa_fft64.$flatten\u_fft64.\core.\SU3.$eq$../third_party/r22sdf/SdfUnit.v:151$253 ($eq).
Removed top 15 bits (of 32) from wire peweaver_ppa_fft64.$flatten\u_fft64.\core.\SU2.\BF2.$add$../third_party/r22sdf/Butterfly.v:30$418_Y.
Removed top 15 bits (of 32) from wire peweaver_ppa_fft64.$flatten\u_fft64.\core.\SU2.\BF2.$add$../third_party/r22sdf/Butterfly.v:29$416_Y.
Removed top 15 bits (of 32) from wire peweaver_ppa_fft64.$flatten\u_fft64.\core.\SU2.\BF2.$add$../third_party/r22sdf/Butterfly.v:28$414_Y.
Removed top 15 bits (of 32) from wire peweaver_ppa_fft64.$flatten\u_fft64.\core.\SU2.\BF2.$add$../third_party/r22sdf/Butterfly.v:27$412_Y.
Removed top 15 bits (of 32) from wire peweaver_ppa_fft64.$flatten\u_fft64.\core.\SU1.\BF2.$add$../third_party/r22sdf/Butterfly.v:30$418_Y.
Removed top 15 bits (of 32) from wire peweaver_ppa_fft64.$flatten\u_fft64.\core.\SU1.\BF2.$add$../third_party/r22sdf/Butterfly.v:29$416_Y.
Removed top 15 bits (of 32) from wire peweaver_ppa_fft64.$flatten\u_fft64.\core.\SU1.\BF2.$add$../third_party/r22sdf/Butterfly.v:28$414_Y.
Removed top 15 bits (of 32) from wire peweaver_ppa_fft64.$flatten\u_fft64.\core.\SU1.\BF2.$add$../third_party/r22sdf/Butterfly.v:27$412_Y.
Removed top 15 bits (of 32) from wire peweaver_ppa_fft64.$flatten\u_fft64.\core.\SU3.\BF2.$add$../third_party/r22sdf/Butterfly.v:27$412_Y.
Removed top 15 bits (of 32) from wire peweaver_ppa_fft64.$flatten\u_fft64.\core.\SU3.\BF2.$add$../third_party/r22sdf/Butterfly.v:28$414_Y.
Removed top 15 bits (of 32) from wire peweaver_ppa_fft64.$flatten\u_fft64.\core.\SU3.\BF2.$add$../third_party/r22sdf/Butterfly.v:29$416_Y.
Removed top 15 bits (of 32) from wire peweaver_ppa_fft64.$flatten\u_fft64.\core.\SU3.\BF2.$add$../third_party/r22sdf/Butterfly.v:30$418_Y.

11.12. Executing PEEPOPT pass (run peephole optimizers).

11.13. Executing OPT_CLEAN pass (remove unused cells and wires).
Finding unused cells or wires in module \peweaver_ppa_fft64..
Removed 0 unused cells and 12 unused wires.
<suppressed ~1 debug messages>

11.14. Executing ALUMACC pass (create $alu and $macc cells).
Extracting $alu and $macc cells in module peweaver_ppa_fft64:
  creating $macc model for $flatten\u_fft64.\core.\SU2.$neg$../third_party/r22sdf/SdfUnit.v:140$300 ($neg).
  creating $macc model for $flatten\u_fft64.\core.\SU2.\BF1.$add$../third_party/r22sdf/Butterfly.v:21$421 ($add).
  creating $macc model for $flatten\u_fft64.\core.\SU3.\BF1.$add$../third_party/r22sdf/Butterfly.v:22$422 ($add).
  creating $macc model for $flatten\u_fft64.\core.\SU3.\BF1.$sub$../third_party/r22sdf/Butterfly.v:23$423 ($sub).
  creating $macc model for $flatten\u_fft64.\core.\SU2.$add$../third_party/r22sdf/SdfUnit.v:148$306 ($add).
  creating $macc model for $flatten\u_fft64.\core.\SU3.\BF1.$add$../third_party/r22sdf/Butterfly.v:21$421 ($add).
  creating $macc model for $flatten\u_fft64.\core.\SU3.$neg$../third_party/r22sdf/SdfUnit.v:140$245 ($neg).
  creating $macc model for $flatten\u_fft64.\core.\SU3.$add$../third_party/r22sdf/SdfUnit.v:148$251 ($add).
  creating $macc model for $flatten\u_fft64.\core.\SU2.$mul$../third_party/r22sdf/SdfUnit.v:233$333 ($mul).
  creating $macc model for $flatten\u_fft64.\core.\SU3.\BF2.$add$../third_party/r22sdf/Butterfly.v:21$408 ($add).
  creating $macc model for $flatten\u_fft64.\core.\SU3.$add$../third_party/r22sdf/SdfUnit.v:205$269 ($add).
  creating $macc model for $flatten\u_fft64.\core.\SU2.\MU.$mul$../third_party/r22sdf/Multiply.v:19$397 ($mul).
  creating $macc model for $flatten\u_fft64.\core.\SU3.\BF1.$sub$../third_party/r22sdf/Butterfly.v:24$424 ($sub).
  creating $macc model for $flatten\u_fft64.\core.\SU2.\MU.$sub$../third_party/r22sdf/Multiply.v:32$405 ($sub).
  creating $macc model for $flatten\u_fft64.\core.\SU2.\MU.$add$../third_party/r22sdf/Multiply.v:33$406 ($add).
  creating $macc model for $flatten\u_fft64.\core.\SU2.\MU.$mul$../third_party/r22sdf/Multiply.v:22$400 ($mul).
  creating $macc model for $flatten\u_fft64.\core.\SU2.\MU.$mul$../third_party/r22sdf/Multiply.v:21$399 ($mul).
  creating $macc model for $flatten\u_fft64.\core.\SU2.\MU.$mul$../third_party/r22sdf/Multiply.v:20$398 ($mul).
  creating $macc model for $flatten\u_fft64.\core.\SU1.\BF1.$add$../third_party/r22sdf/Butterfly.v:21$421 ($add).
  creating $macc model for $flatten\u_fft64.\core.\SU1.$neg$../third_party/r22sdf/SdfUnit.v:140$355 ($neg).
  creating $macc model for $flatten\u_fft64.\core.\SU1.$add$../third_party/r22sdf/SdfUnit.v:148$361 ($add).
  creating $macc model for $flatten\u_fft64.\core.\SU1.\BF2.$add$../third_party/r22sdf/Butterfly.v:21$408 ($add).
  creating $macc model for $flatten\u_fft64.\core.\SU3.\BF2.$add$../third_party/r22sdf/Butterfly.v:30$418 ($add).
  creating $macc model for $flatten\u_fft64.\core.\SU1.$add$../third_party/r22sdf/SdfUnit.v:205$379 ($add).
  creating $macc model for $flatten\u_fft64.\core.\SU1.$mul$../third_party/r22sdf/SdfUnit.v:233$388 ($mul).
  creating $macc model for $flatten\u_fft64.\core.\SU1.\MU.$mul$../third_party/r22sdf/Multiply.v:19$397 ($mul).
  creating $macc model for $flatten\u_fft64.\core.\SU3.\BF2.$sub$../third_party/r22sdf/Butterfly.v:24$411 ($sub).
  creating $macc model for $flatten\u_fft64.\core.\SU3.\BF2.$add$../third_party/r22sdf/Butterfly.v:27$412 ($add).
  creating $macc model for $flatten\u_fft64.\core.\SU3.\BF2.$add$../third_party/r22sdf/Butterfly.v:29$416 ($add).
  creating $macc model for $flatten\u_fft64.\core.\SU3.\BF2.$add$../third_party/r22sdf/Butterfly.v:28$414 ($add).
  creating $macc model for $flatten\u_fft64.\core.\SU1.\BF1.$sub$../third_party/r22sdf/Butterfly.v:24$424 ($sub).
  creating $macc model for $flatten\u_fft64.\core.\SU1.\BF1.$sub$../third_party/r22sdf/Butterfly.v:23$423 ($sub).
  creating $macc model for $flatten\u_fft64.\core.\SU1.\BF1.$add$../third_party/r22sdf/Butterfly.v:22$422 ($add).
  creating $macc model for $flatten\u_fft64.\core.\SU1.\BF2.$add$../third_party/r22sdf/Butterfly.v:30$418 ($add).
  creating $macc model for $flatten\u_fft64.\core.\SU1.\BF2.$add$../third_party/r22sdf/Butterfly.v:28$414 ($add).
  creating $macc model for $flatten\u_fft64.\core.\SU1.\BF2.$add$../third_party/r22sdf/Butterfly.v:29$416 ($add).
  creating $macc model for $flatten\u_fft64.\core.\SU1.\BF2.$add$../third_party/r22sdf/Butterfly.v:27$412 ($add).
  creating $macc model for $flatten\u_fft64.\core.\SU1.\BF2.$sub$../third_party/r22sdf/Butterfly.v:24$411 ($sub).
  creating $macc model for $flatten\u_fft64.\core.\SU1.\BF2.$sub$../third_party/r22sdf/Butterfly.v:23$410 ($sub).
  creating $macc model for $flatten\u_fft64.\core.\SU1.\BF2.$add$../third_party/r22sdf/Butterfly.v:22$409 ($add).
  creating $macc model for $flatten\u_fft64.\core.\SU2.\BF2.$add$../third_party/r22sdf/Butterfly.v:21$408 ($add).
  creating $macc model for $flatten\u_fft64.\core.\SU3.\BF2.$add$../third_party/r22sdf/Butterfly.v:22$409 ($add).
  creating $macc model for $flatten\u_fft64.\core.\SU3.\BF2.$sub$../third_party/r22sdf/Butterfly.v:23$410 ($sub).
  creating $macc model for $flatten\u_fft64.\core.\SU2.\BF1.$sub$../third_party/r22sdf/Butterfly.v:24$424 ($sub).
  creating $macc model for $flatten\u_fft64.\core.\SU2.\BF1.$sub$../third_party/r22sdf/Butterfly.v:23$423 ($sub).
  creating $macc model for $flatten\u_fft64.\core.\SU2.\BF1.$add$../third_party/r22sdf/Butterfly.v:22$422 ($add).
  creating $macc model for $flatten\u_fft64.\core.\SU2.\BF2.$add$../third_party/r22sdf/Butterfly.v:30$418 ($add).
  creating $macc model for $flatten\u_fft64.\core.\SU2.\BF2.$add$../third_party/r22sdf/Butterfly.v:28$414 ($add).
  creating $macc model for $flatten\u_fft64.\core.\SU2.\BF2.$add$../third_party/r22sdf/Butterfly.v:29$416 ($add).
  creating $macc model for $flatten\u_fft64.\core.\SU2.\BF2.$add$../third_party/r22sdf/Butterfly.v:27$412 ($add).
  creating $macc model for $flatten\u_fft64.\core.\SU2.\BF2.$sub$../third_party/r22sdf/Butterfly.v:24$411 ($sub).
  creating $macc model for $flatten\u_fft64.\core.\SU2.\BF2.$sub$../third_party/r22sdf/Butterfly.v:23$410 ($sub).
  creating $macc model for $flatten\u_fft64.\core.\SU2.\BF2.$add$../third_party/r22sdf/Butterfly.v:22$409 ($add).
  creating $macc model for $flatten\u_fft64.\core.\SU2.$add$../third_party/r22sdf/SdfUnit.v:205$324 ($add).
  creating $macc model for $flatten\u_fft64.\core.\SU1.\MU.$sub$../third_party/r22sdf/Multiply.v:32$405 ($sub).
  creating $macc model for $flatten\u_fft64.\core.\SU1.\MU.$add$../third_party/r22sdf/Multiply.v:33$406 ($add).
  creating $macc model for $flatten\u_fft64.\core.\SU1.\MU.$mul$../third_party/r22sdf/Multiply.v:22$400 ($mul).
  creating $macc model for $flatten\u_fft64.\core.\SU1.\MU.$mul$../third_party/r22sdf/Multiply.v:21$399 ($mul).
  creating $macc model for $flatten\u_fft64.\core.\SU1.\MU.$mul$../third_party/r22sdf/Multiply.v:20$398 ($mul).
  creating $macc model for $flatten\u_fft64.\core.\SU3.$add$../third_party/r22sdf/SdfUnit.v:107$235 ($add).
  creating $macc model for $flatten\u_fft64.\core.\SU2.$add$../third_party/r22sdf/SdfUnit.v:107$290 ($add).
  creating $macc model for $flatten\u_fft64.\core.\SU1.$add$../third_party/r22sdf/SdfUnit.v:107$345 ($add).
  merging $macc model for $flatten\u_fft64.\core.\SU2.\BF2.$add$../third_party/r22sdf/Butterfly.v:21$408 into $flatten\u_fft64.\core.\SU2.\BF2.$add$../third_party/r22sdf/Butterfly.v:27$412.
  merging $macc model for $flatten\u_fft64.\core.\SU2.\BF2.$sub$../third_party/r22sdf/Butterfly.v:23$410 into $flatten\u_fft64.\core.\SU2.\BF2.$add$../third_party/r22sdf/Butterfly.v:29$416.
  merging $macc model for $flatten\u_fft64.\core.\SU2.\BF2.$add$../third_party/r22sdf/Butterfly.v:22$409 into $flatten\u_fft64.\core.\SU2.\BF2.$add$../third_party/r22sdf/Butterfly.v:28$414.
  merging $macc model for $flatten\u_fft64.\core.\SU2.\BF2.$sub$../third_party/r22sdf/Butterfly.v:24$411 into $flatten\u_fft64.\core.\SU2.\BF2.$add$../third_party/r22sdf/Butterfly.v:30$418.
  merging $macc model for $flatten\u_fft64.\core.\SU1.\BF2.$add$../third_party/r22sdf/Butterfly.v:21$408 into $flatten\u_fft64.\core.\SU1.\BF2.$add$../third_party/r22sdf/Butterfly.v:27$412.
  merging $macc model for $flatten\u_fft64.\core.\SU1.\BF2.$sub$../third_party/r22sdf/Butterfly.v:23$410 into $flatten\u_fft64.\core.\SU1.\BF2.$add$../third_party/r22sdf/Butterfly.v:29$416.
  merging $macc model for $flatten\u_fft64.\core.\SU1.\BF2.$add$../third_party/r22sdf/Butterfly.v:22$409 into $flatten\u_fft64.\core.\SU1.\BF2.$add$../third_party/r22sdf/Butterfly.v:28$414.
  merging $macc model for $flatten\u_fft64.\core.\SU1.\BF2.$sub$../third_party/r22sdf/Butterfly.v:24$411 into $flatten\u_fft64.\core.\SU1.\BF2.$add$../third_party/r22sdf/Butterfly.v:30$418.
  merging $macc model for $flatten\u_fft64.\core.\SU3.\BF2.$add$../third_party/r22sdf/Butterfly.v:22$409 into $flatten\u_fft64.\core.\SU3.\BF2.$add$../third_party/r22sdf/Butterfly.v:28$414.
  merging $macc model for $flatten\u_fft64.\core.\SU3.\BF2.$sub$../third_party/r22sdf/Butterfly.v:23$410 into $flatten\u_fft64.\core.\SU3.\BF2.$add$../third_party/r22sdf/Butterfly.v:29$416.
  merging $macc model for $flatten\u_fft64.\core.\SU3.\BF2.$add$../third_party/r22sdf/Butterfly.v:21$408 into $flatten\u_fft64.\core.\SU3.\BF2.$add$../third_party/r22sdf/Butterfly.v:27$412.
  merging $macc model for $flatten\u_fft64.\core.\SU3.\BF2.$sub$../third_party/r22sdf/Butterfly.v:24$411 into $flatten\u_fft64.\core.\SU3.\BF2.$add$../third_party/r22sdf/Butterfly.v:30$418.
  creating $alu model for $macc $flatten\u_fft64.\core.\SU2.\BF1.$add$../third_party/r22sdf/Butterfly.v:22$422.
  creating $alu model for $macc $flatten\u_fft64.\core.\SU2.\BF1.$sub$../third_party/r22sdf/Butterfly.v:23$423.
  creating $alu model for $macc $flatten\u_fft64.\core.\SU2.\BF1.$sub$../third_party/r22sdf/Butterfly.v:24$424.
  creating $alu model for $macc $flatten\u_fft64.\core.\SU3.$add$../third_party/r22sdf/SdfUnit.v:107$235.
  creating $alu model for $macc $flatten\u_fft64.\core.\SU2.$add$../third_party/r22sdf/SdfUnit.v:205$324.
  creating $alu model for $macc $flatten\u_fft64.\core.\SU1.\MU.$add$../third_party/r22sdf/Multiply.v:33$406.
  creating $alu model for $macc $flatten\u_fft64.\core.\SU1.\BF1.$add$../third_party/r22sdf/Butterfly.v:22$422.
  creating $alu model for $macc $flatten\u_fft64.\core.\SU1.\BF1.$sub$../third_party/r22sdf/Butterfly.v:23$423.
  creating $alu model for $macc $flatten\u_fft64.\core.\SU1.\BF1.$sub$../third_party/r22sdf/Butterfly.v:24$424.
  creating $alu model for $macc $flatten\u_fft64.\core.\SU1.$add$../third_party/r22sdf/SdfUnit.v:107$345.
  creating $alu model for $macc $flatten\u_fft64.\core.\SU1.$add$../third_party/r22sdf/SdfUnit.v:205$379.
  creating $alu model for $macc $flatten\u_fft64.\core.\SU1.\MU.$sub$../third_party/r22sdf/Multiply.v:32$405.
  creating $alu model for $macc $flatten\u_fft64.\core.\SU1.$add$../third_party/r22sdf/SdfUnit.v:148$361.
  creating $alu model for $macc $flatten\u_fft64.\core.\SU1.$neg$../third_party/r22sdf/SdfUnit.v:140$355.
  creating $alu model for $macc $flatten\u_fft64.\core.\SU1.\BF1.$add$../third_party/r22sdf/Butterfly.v:21$421.
  creating $alu model for $macc $flatten\u_fft64.\core.\SU2.\MU.$add$../third_party/r22sdf/Multiply.v:33$406.
  creating $alu model for $macc $flatten\u_fft64.\core.\SU2.\MU.$sub$../third_party/r22sdf/Multiply.v:32$405.
  creating $alu model for $macc $flatten\u_fft64.\core.\SU3.\BF1.$sub$../third_party/r22sdf/Butterfly.v:24$424.
  creating $alu model for $macc $flatten\u_fft64.\core.\SU3.$add$../third_party/r22sdf/SdfUnit.v:205$269.
  creating $alu model for $macc $flatten\u_fft64.\core.\SU2.$add$../third_party/r22sdf/SdfUnit.v:107$290.
  creating $alu model for $macc $flatten\u_fft64.\core.\SU3.$add$../third_party/r22sdf/SdfUnit.v:148$251.
  creating $alu model for $macc $flatten\u_fft64.\core.\SU3.$neg$../third_party/r22sdf/SdfUnit.v:140$245.
  creating $alu model for $macc $flatten\u_fft64.\core.\SU3.\BF1.$add$../third_party/r22sdf/Butterfly.v:21$421.
  creating $alu model for $macc $flatten\u_fft64.\core.\SU2.$add$../third_party/r22sdf/SdfUnit.v:148$306.
  creating $alu model for $macc $flatten\u_fft64.\core.\SU3.\BF1.$sub$../third_party/r22sdf/Butterfly.v:23$423.
  creating $alu model for $macc $flatten\u_fft64.\core.\SU3.\BF1.$add$../third_party/r22sdf/Butterfly.v:22$422.
  creating $alu model for $macc $flatten\u_fft64.\core.\SU2.\BF1.$add$../third_party/r22sdf/Butterfly.v:21$421.
  creating $alu model for $macc $flatten\u_fft64.\core.\SU2.$neg$../third_party/r22sdf/SdfUnit.v:140$300.
  creating $macc cell for $flatten\u_fft64.\core.\SU1.\BF2.$add$../third_party/r22sdf/Butterfly.v:30$418: $auto$alumacc.cc:399:replace_macc$882
  creating $macc cell for $flatten\u_fft64.\core.\SU1.\BF2.$add$../third_party/r22sdf/Butterfly.v:28$414: $auto$alumacc.cc:399:replace_macc$883
  creating $macc cell for $flatten\u_fft64.\core.\SU1.\BF2.$add$../third_party/r22sdf/Butterfly.v:29$416: $auto$alumacc.cc:399:replace_macc$884
  creating $macc cell for $flatten\u_fft64.\core.\SU1.\BF2.$add$../third_party/r22sdf/Butterfly.v:27$412: $auto$alumacc.cc:399:replace_macc$885
  creating $macc cell for $flatten\u_fft64.\core.\SU2.\MU.$mul$../third_party/r22sdf/Multiply.v:20$398: $auto$alumacc.cc:399:replace_macc$886
  creating $macc cell for $flatten\u_fft64.\core.\SU2.\MU.$mul$../third_party/r22sdf/Multiply.v:21$399: $auto$alumacc.cc:399:replace_macc$887
  creating $macc cell for $flatten\u_fft64.\core.\SU2.\MU.$mul$../third_party/r22sdf/Multiply.v:22$400: $auto$alumacc.cc:399:replace_macc$888
  creating $macc cell for $flatten\u_fft64.\core.\SU1.\MU.$mul$../third_party/r22sdf/Multiply.v:21$399: $auto$alumacc.cc:399:replace_macc$889
  creating $macc cell for $flatten\u_fft64.\core.\SU3.\BF2.$add$../third_party/r22sdf/Butterfly.v:27$412: $auto$alumacc.cc:399:replace_macc$890
  creating $macc cell for $flatten\u_fft64.\core.\SU1.\MU.$mul$../third_party/r22sdf/Multiply.v:22$400: $auto$alumacc.cc:399:replace_macc$891
  creating $macc cell for $flatten\u_fft64.\core.\SU2.\MU.$mul$../third_party/r22sdf/Multiply.v:19$397: $auto$alumacc.cc:399:replace_macc$892
  creating $macc cell for $flatten\u_fft64.\core.\SU3.\BF2.$add$../third_party/r22sdf/Butterfly.v:28$414: $auto$alumacc.cc:399:replace_macc$893
  creating $macc cell for $flatten\u_fft64.\core.\SU1.\MU.$mul$../third_party/r22sdf/Multiply.v:20$398: $auto$alumacc.cc:399:replace_macc$894
  creating $macc cell for $flatten\u_fft64.\core.\SU2.$mul$../third_party/r22sdf/SdfUnit.v:233$333: $auto$alumacc.cc:399:replace_macc$895
  creating $macc cell for $flatten\u_fft64.\core.\SU1.\MU.$mul$../third_party/r22sdf/Multiply.v:19$397: $auto$alumacc.cc:399:replace_macc$896
  creating $macc cell for $flatten\u_fft64.\core.\SU1.$mul$../third_party/r22sdf/SdfUnit.v:233$388: $auto$alumacc.cc:399:replace_macc$897
  creating $macc cell for $flatten\u_fft64.\core.\SU3.\BF2.$add$../third_party/r22sdf/Butterfly.v:29$416: $auto$alumacc.cc:399:replace_macc$898
  creating $macc cell for $flatten\u_fft64.\core.\SU3.\BF2.$add$../third_party/r22sdf/Butterfly.v:30$418: $auto$alumacc.cc:399:replace_macc$899
  creating $macc cell for $flatten\u_fft64.\core.\SU2.\BF2.$add$../third_party/r22sdf/Butterfly.v:30$418: $auto$alumacc.cc:399:replace_macc$900
  creating $macc cell for $flatten\u_fft64.\core.\SU2.\BF2.$add$../third_party/r22sdf/Butterfly.v:28$414: $auto$alumacc.cc:399:replace_macc$901
  creating $macc cell for $flatten\u_fft64.\core.\SU2.\BF2.$add$../third_party/r22sdf/Butterfly.v:29$416: $auto$alumacc.cc:399:replace_macc$902
  creating $macc cell for $flatten\u_fft64.\core.\SU2.\BF2.$add$../third_party/r22sdf/Butterfly.v:27$412: $auto$alumacc.cc:399:replace_macc$903
  creating $alu cell for $flatten\u_fft64.\core.\SU2.$neg$../third_party/r22sdf/SdfUnit.v:140$300: $auto$alumacc.cc:548:replace_alu$904
  creating $alu cell for $flatten\u_fft64.\core.\SU2.$add$../third_party/r22sdf/SdfUnit.v:148$306: $auto$alumacc.cc:548:replace_alu$907
  creating $alu cell for $flatten\u_fft64.\core.\SU3.\BF1.$sub$../third_party/r22sdf/Butterfly.v:23$423: $auto$alumacc.cc:548:replace_alu$910
  creating $alu cell for $flatten\u_fft64.\core.\SU3.\BF1.$add$../third_party/r22sdf/Butterfly.v:21$421: $auto$alumacc.cc:548:replace_alu$913
  creating $alu cell for $flatten\u_fft64.\core.\SU3.$neg$../third_party/r22sdf/SdfUnit.v:140$245: $auto$alumacc.cc:548:replace_alu$916
  creating $alu cell for $flatten\u_fft64.\core.\SU3.$add$../third_party/r22sdf/SdfUnit.v:148$251: $auto$alumacc.cc:548:replace_alu$919
  creating $alu cell for $flatten\u_fft64.\core.\SU2.$add$../third_party/r22sdf/SdfUnit.v:107$290: $auto$alumacc.cc:548:replace_alu$922
  creating $alu cell for $flatten\u_fft64.\core.\SU3.$add$../third_party/r22sdf/SdfUnit.v:205$269: $auto$alumacc.cc:548:replace_alu$925
  creating $alu cell for $flatten\u_fft64.\core.\SU3.\BF1.$add$../third_party/r22sdf/Butterfly.v:22$422: $auto$alumacc.cc:548:replace_alu$928
  creating $alu cell for $flatten\u_fft64.\core.\SU3.\BF1.$sub$../third_party/r22sdf/Butterfly.v:24$424: $auto$alumacc.cc:548:replace_alu$931
  creating $alu cell for $flatten\u_fft64.\core.\SU2.\MU.$sub$../third_party/r22sdf/Multiply.v:32$405: $auto$alumacc.cc:548:replace_alu$934
  creating $alu cell for $flatten\u_fft64.\core.\SU2.\MU.$add$../third_party/r22sdf/Multiply.v:33$406: $auto$alumacc.cc:548:replace_alu$937
  creating $alu cell for $flatten\u_fft64.\core.\SU1.$neg$../third_party/r22sdf/SdfUnit.v:140$355: $auto$alumacc.cc:548:replace_alu$940
  creating $alu cell for $flatten\u_fft64.\core.\SU1.$add$../third_party/r22sdf/SdfUnit.v:148$361: $auto$alumacc.cc:548:replace_alu$943
  creating $alu cell for $flatten\u_fft64.\core.\SU1.\MU.$sub$../third_party/r22sdf/Multiply.v:32$405: $auto$alumacc.cc:548:replace_alu$946
  creating $alu cell for $flatten\u_fft64.\core.\SU1.$add$../third_party/r22sdf/SdfUnit.v:205$379: $auto$alumacc.cc:548:replace_alu$949
  creating $alu cell for $flatten\u_fft64.\core.\SU1.$add$../third_party/r22sdf/SdfUnit.v:107$345: $auto$alumacc.cc:548:replace_alu$952
  creating $alu cell for $flatten\u_fft64.\core.\SU1.\BF1.$add$../third_party/r22sdf/Butterfly.v:21$421: $auto$alumacc.cc:548:replace_alu$955
  creating $alu cell for $flatten\u_fft64.\core.\SU1.\BF1.$sub$../third_party/r22sdf/Butterfly.v:23$423: $auto$alumacc.cc:548:replace_alu$958
  creating $alu cell for $flatten\u_fft64.\core.\SU1.\BF1.$sub$../third_party/r22sdf/Butterfly.v:24$424: $auto$alumacc.cc:548:replace_alu$961
  creating $alu cell for $flatten\u_fft64.\core.\SU1.\BF1.$add$../third_party/r22sdf/Butterfly.v:22$422: $auto$alumacc.cc:548:replace_alu$964
  creating $alu cell for $flatten\u_fft64.\core.\SU1.\MU.$add$../third_party/r22sdf/Multiply.v:33$406: $auto$alumacc.cc:548:replace_alu$967
  creating $alu cell for $flatten\u_fft64.\core.\SU2.$add$../third_party/r22sdf/SdfUnit.v:205$324: $auto$alumacc.cc:548:replace_alu$970
  creating $alu cell for $flatten\u_fft64.\core.\SU3.$add$../third_party/r22sdf/SdfUnit.v:107$235: $auto$alumacc.cc:548:replace_alu$973
  creating $alu cell for $flatten\u_fft64.\core.\SU2.\BF1.$add$../third_party/r22sdf/Butterfly.v:21$421: $auto$alumacc.cc:548:replace_alu$976
  creating $alu cell for $flatten\u_fft64.\core.\SU2.\BF1.$sub$../third_party/r22sdf/Butterfly.v:23$423: $auto$alumacc.cc:548:replace_alu$979
  creating $alu cell for $flatten\u_fft64.\core.\SU2.\BF1.$sub$../third_party/r22sdf/Butterfly.v:24$424: $auto$alumacc.cc:548:replace_alu$982
  creating $alu cell for $flatten\u_fft64.\core.\SU2.\BF1.$add$../third_party/r22sdf/Butterfly.v:22$422: $auto$alumacc.cc:548:replace_alu$985
  created 28 $alu and 22 $macc cells.

11.15. Executing SHARE pass (SAT-based resource sharing).

11.16. Executing OPT pass (performing simple optimizations).

11.16.1. Executing OPT_EXPR pass (perform const folding).
Optimizing module peweaver_ppa_fft64.

11.16.2. Executing OPT_MERGE pass (detect identical cells).
Finding identical cells in module `\peweaver_ppa_fft64'.
Computing hashes of 431 cells of `\peweaver_ppa_fft64'.
Finding duplicate cells in `\peweaver_ppa_fft64'.
Removed a total of 0 cells.

11.16.3. Executing OPT_MUXTREE pass (detect dead branches in mux trees).
Running muxtree optimizer on module \peweaver_ppa_fft64..
  Creating internal representation of mux trees.
  Evaluating internal representation of mux trees.
  Analyzing evaluation results.
Removed 0 multiplexer ports.
<suppressed ~162 debug messages>

11.16.4. Executing OPT_REDUCE pass (consolidate $*mux and $reduce_* inputs).
  Optimizing cells in module \peweaver_ppa_fft64.
Performed a total of 0 changes.

11.16.5. Executing OPT_MERGE pass (detect identical cells).
Finding identical cells in module `\peweaver_ppa_fft64'.
Computing hashes of 431 cells of `\peweaver_ppa_fft64'.
Finding duplicate cells in `\peweaver_ppa_fft64'.
Removed a total of 0 cells.

11.16.6. Executing OPT_DFF pass (perform DFF optimizations).

11.16.7. Executing OPT_CLEAN pass (remove unused cells and wires).
Finding unused cells or wires in module \peweaver_ppa_fft64..
Removed 12 unused cells and 12 unused wires.
<suppressed ~24 debug messages>

11.16.8. Executing OPT_EXPR pass (perform const folding).
Optimizing module peweaver_ppa_fft64.

11.16.9. Rerunning OPT passes. (Maybe there is more to do..)

11.16.10. Executing OPT_MUXTREE pass (detect dead branches in mux trees).
Running muxtree optimizer on module \peweaver_ppa_fft64..
  Creating internal representation of mux trees.
  Evaluating internal representation of mux trees.
  Analyzing evaluation results.
Removed 0 multiplexer ports.
<suppressed ~162 debug messages>

11.16.11. Executing OPT_REDUCE pass (consolidate $*mux and $reduce_* inputs).
  Optimizing cells in module \peweaver_ppa_fft64.
Performed a total of 0 changes.

11.16.12. Executing OPT_MERGE pass (detect identical cells).
Finding identical cells in module `\peweaver_ppa_fft64'.
Computing hashes of 419 cells of `\peweaver_ppa_fft64'.
Finding duplicate cells in `\peweaver_ppa_fft64'.
Removed a total of 0 cells.

11.16.13. Executing OPT_DFF pass (perform DFF optimizations).

11.16.14. Executing OPT_CLEAN pass (remove unused cells and wires).
Finding unused cells or wires in module \peweaver_ppa_fft64..

11.16.15. Executing OPT_EXPR pass (perform const folding).
Optimizing module peweaver_ppa_fft64.

11.16.16. Finished fast OPT passes. (There is nothing left to do.)

11.17. Executing MEMORY pass.

11.17.1. Executing OPT_MEM pass (optimize memories).
Performed a total of 0 transformations.

11.17.2. Executing OPT_MEM_PRIORITY pass (removing unnecessary memory write priority relations).
Performed a total of 0 transformations.

11.17.3. Executing OPT_MEM_FEEDBACK pass (finding memory read-to-write feedback paths).

11.17.4. Executing MEMORY_BMUX2ROM pass (converting muxes to ROMs).

11.17.5. Executing MEMORY_DFF pass (merging $dff cells to $memrd).

11.17.6. Executing OPT_CLEAN pass (remove unused cells and wires).
Finding unused cells or wires in module \peweaver_ppa_fft64..

11.17.7. Executing MEMORY_SHARE pass (consolidating $memrd/$memwr cells).

11.17.8. Executing OPT_MEM_WIDEN pass (optimize memories where all ports are wide).
Performed a total of 0 transformations.

11.17.9. Executing OPT_CLEAN pass (remove unused cells and wires).
Finding unused cells or wires in module \peweaver_ppa_fft64..

11.17.10. Executing MEMORY_COLLECT pass (generating $mem cells).

11.18. Executing OPT_CLEAN pass (remove unused cells and wires).
Finding unused cells or wires in module \peweaver_ppa_fft64..

11.19. Executing OPT pass (performing simple optimizations).

11.19.1. Executing OPT_EXPR pass (perform const folding).
Optimizing module peweaver_ppa_fft64.
<suppressed ~60 debug messages>

11.19.2. Executing OPT_MERGE pass (detect identical cells).
Finding identical cells in module `\peweaver_ppa_fft64'.
Computing hashes of 379 cells of `\peweaver_ppa_fft64'.
Finding duplicate cells in `\peweaver_ppa_fft64'.
Removed a total of 0 cells.

11.19.3. Executing OPT_DFF pass (perform DFF optimizations).

11.19.4. Executing OPT_CLEAN pass (remove unused cells and wires).
Finding unused cells or wires in module \peweaver_ppa_fft64..
Removed 3 unused cells and 15 unused wires.
<suppressed ~4 debug messages>

11.19.5. Finished fast OPT passes.

11.20. Executing MEMORY_MAP pass (converting memories to logic and flip-flops).

11.21. Executing OPT pass (performing simple optimizations).

11.21.1. Executing OPT_EXPR pass (perform const folding).
Optimizing module peweaver_ppa_fft64.

11.21.2. Executing OPT_MERGE pass (detect identical cells).
Finding identical cells in module `\peweaver_ppa_fft64'.
Computing hashes of 376 cells of `\peweaver_ppa_fft64'.
Finding duplicate cells in `\peweaver_ppa_fft64'.
Removed a total of 0 cells.

11.21.3. Executing OPT_MUXTREE pass (detect dead branches in mux trees).
Running muxtree optimizer on module \peweaver_ppa_fft64..
  Creating internal representation of mux trees.
  Evaluating internal representation of mux trees.
  Analyzing evaluation results.
Removed 0 multiplexer ports.
<suppressed ~88 debug messages>

11.21.4. Executing OPT_REDUCE pass (consolidate $*mux and $reduce_* inputs).
  Optimizing cells in module \peweaver_ppa_fft64.
    Consolidated identical input bits for $pmux cell $flatten\u_fft64.\core.\SU2.\TW.$procmux$437:
      Old ports: A=16'0011000011111100, B=80'11001111000001001010010101111110100010011011111010000000000000000000000000000000, Y=\u_fft64.core.SU2.TW.mx_im
      New ports: A=11'01000011110, B=55'1011110001010010101111101001101111000000000000000000000, Y={ \u_fft64.core.SU2.TW.mx_im [15] \u_fft64.core.SU2.TW.mx_im [12:6] \u_fft64.core.SU2.TW.mx_im [3:1] }
      New connections: { \u_fft64.core.SU2.TW.mx_im [14:13] \u_fft64.core.SU2.TW.mx_im [5:4] \u_fft64.core.SU2.TW.mx_im [0] } = { \u_fft64.core.SU2.TW.mx_im [9] \u_fft64.core.SU2.TW.mx_im [6] \u_fft64.core.SU2.TW.mx_im [3] \u_fft64.core.SU2.TW.mx_im [3] 1'0 }
    Consolidated identical input bits for $pmux cell $flatten\u_fft64.\core.\SU2.\TW.$procmux$502:
      Old ports: A=16'1000100110111110, B=96'101001010111111011001111000001000000000000000000001100001111110001011010100000100111011001000010, Y=\u_fft64.core.SU2.TW.mx_re
      New ports: A=10'0100110111, B=60'001010111101111000100000000000100001111011010100011011001001, Y={ \u_fft64.core.SU2.TW.mx_re [12:6] \u_fft64.core.SU2.TW.mx_re [3:1] }
      New connections: { \u_fft64.core.SU2.TW.mx_re [15:13] \u_fft64.core.SU2.TW.mx_re [5:4] \u_fft64.core.SU2.TW.mx_re [0] } = { \u_fft64.core.SU2.TW.mx_re [8] \u_fft64.core.SU2.TW.mx_re [9] \u_fft64.core.SU2.TW.mx_re [6] \u_fft64.core.SU2.TW.mx_re [3] \u_fft64.core.SU2.TW.mx_re [3] 1'0 }
  Optimizing cells in module \peweaver_ppa_fft64.
Performed a total of 2 changes.

11.21.5. Executing OPT_MERGE pass (detect identical cells).
Finding identical cells in module `\peweaver_ppa_fft64'.
Computing hashes of 376 cells of `\peweaver_ppa_fft64'.
Finding duplicate cells in `\peweaver_ppa_fft64'.
Removed a total of 0 cells.

11.21.6. Executing OPT_SHARE pass.

11.21.7. Executing OPT_DFF pass (perform DFF optimizations).

11.21.8. Executing OPT_CLEAN pass (remove unused cells and wires).
Finding unused cells or wires in module \peweaver_ppa_fft64..

11.21.9. Executing OPT_EXPR pass (perform const folding).
Optimizing module peweaver_ppa_fft64.

11.21.10. Rerunning OPT passes. (Maybe there is more to do..)

11.21.11. Executing OPT_MUXTREE pass (detect dead branches in mux trees).
Running muxtree optimizer on module \peweaver_ppa_fft64..
  Creating internal representation of mux trees.
  Evaluating internal representation of mux trees.
  Analyzing evaluation results.
Removed 0 multiplexer ports.
<suppressed ~88 debug messages>

11.21.12. Executing OPT_REDUCE pass (consolidate $*mux and $reduce_* inputs).
  Optimizing cells in module \peweaver_ppa_fft64.
Performed a total of 0 changes.

11.21.13. Executing OPT_MERGE pass (detect identical cells).
Finding identical cells in module `\peweaver_ppa_fft64'.
Computing hashes of 376 cells of `\peweaver_ppa_fft64'.
Finding duplicate cells in `\peweaver_ppa_fft64'.
Removed a total of 0 cells.

11.21.14. Executing OPT_SHARE pass.

11.21.15. Executing OPT_DFF pass (perform DFF optimizations).
Setting constant 0-bit at position 0 on $flatten\u_fft64.\core.\SU2.\TW.$procdff$691 ($dff) from module peweaver_ppa_fft64.
Setting constant 0-bit at position 0 on $flatten\u_fft64.\core.\SU2.\TW.$procdff$690 ($dff) from module peweaver_ppa_fft64.

11.21.16. Executing OPT_CLEAN pass (remove unused cells and wires).
Finding unused cells or wires in module \peweaver_ppa_fft64..

11.21.17. Executing OPT_EXPR pass (perform const folding).
Optimizing module peweaver_ppa_fft64.

11.21.18. Rerunning OPT passes. (Maybe there is more to do..)

11.21.19. Executing OPT_MUXTREE pass (detect dead branches in mux trees).
Running muxtree optimizer on module \peweaver_ppa_fft64..
  Creating internal representation of mux trees.
  Evaluating internal representation of mux trees.
  Analyzing evaluation results.
Removed 0 multiplexer ports.
<suppressed ~88 debug messages>

11.21.20. Executing OPT_REDUCE pass (consolidate $*mux and $reduce_* inputs).
  Optimizing cells in module \peweaver_ppa_fft64.
Performed a total of 0 changes.

11.21.21. Executing OPT_MERGE pass (detect identical cells).
Finding identical cells in module `\peweaver_ppa_fft64'.
Computing hashes of 376 cells of `\peweaver_ppa_fft64'.
Finding duplicate cells in `\peweaver_ppa_fft64'.
Removed a total of 0 cells.

11.21.22. Executing OPT_SHARE pass.

11.21.23. Executing OPT_DFF pass (perform DFF optimizations).

11.21.24. Executing OPT_CLEAN pass (remove unused cells and wires).
Finding unused cells or wires in module \peweaver_ppa_fft64..

11.21.25. Executing OPT_EXPR pass (perform const folding).
Optimizing module peweaver_ppa_fft64.

11.21.26. Finished fast OPT passes. (There is nothing left to do.)

11.22. Executing TECHMAP pass (map to technology primitives).

11.22.1. Executing Verilog-2005 frontend: /home/peweaver-user/Documents/chialoop/toolchains/oss-cad-suite/lib/../share/yosys/techmap.v
Parsing Verilog input from `/home/peweaver-user/Documents/chialoop/toolchains/oss-cad-suite/lib/../share/yosys/techmap.v' to AST representation.
Generating RTLIL representation for module `\_90_simplemap_bool_ops'.
Generating RTLIL representation for module `\_90_simplemap_reduce_ops'.
Generating RTLIL representation for module `\_90_simplemap_logic_ops'.
Generating RTLIL representation for module `\_90_simplemap_compare_ops'.
Generating RTLIL representation for module `\_90_simplemap_various'.
Generating RTLIL representation for module `\_90_simplemap_registers'.
Generating RTLIL representation for module `\_90_shift_ops_shr_shl_sshl_sshr'.
Generating RTLIL representation for module `\_90_shift_shiftx'.
Generating RTLIL representation for module `\_90_fa'.
Generating RTLIL representation for module `\_90_lcu_brent_kung'.
Generating RTLIL representation for module `\_90_alu'.
Generating RTLIL representation for module `\_90_macc'.
Generating RTLIL representation for module `\_90_alumacc'.
Generating RTLIL representation for module `$__div_mod_u'.
Generating RTLIL representation for module `$__div_mod_trunc'.
Generating RTLIL representation for module `\_90_div'.
Generating RTLIL representation for module `\_90_mod'.
Generating RTLIL representation for module `$__div_mod_floor'.
Generating RTLIL representation for module `\_90_divfloor'.
Generating RTLIL representation for module `\_90_modfloor'.
Generating RTLIL representation for module `\_90_pow'.
Generating RTLIL representation for module `\_90_demux'.
Generating RTLIL representation for module `\_90_lut'.
Generating RTLIL representation for module `$connect'.
Generating RTLIL representation for module `$input_port'.
Successfully finished Verilog frontend.

11.22.2. Continuing TECHMAP pass.
Using extmapper simplemap for cells of type $dff.
Using template $paramod$2470b7ea32c975a55c3ab8b283381b72d09e16d3\_90_alu for cells of type $alu.
Using template $paramod$32efbfac1c4dc57230cf86180788fdfd12e3b511\_90_alu for cells of type $alu.
Using template $paramod$d4c0c20b0ee59f495e14575c4397dc0a6dd9e8e6\_90_alu for cells of type $alu.
Using template $paramod$02488ff6fa51b28bbfa470bdd9b0e548b3357746\_90_alu for cells of type $alu.
Using extmapper maccmap for cells of type $macc_v2.
  add \u_fft64.core.SU2.DB2.buf_re[3] (16 bits, signed)
  add \u_fft64.core.SU2.bf1_do_re (16 bits, signed)
  add 17'00000000000000001 (17 bits, unsigned)
  packed 1 (1) bits / 1 words into adder tree
  add \u_fft64.core.SU2.DB2.buf_re[3] (16 bits, signed)
  sub \u_fft64.core.SU2.bf1_do_re (16 bits, signed)
  add 17'00000000000000001 (17 bits, unsigned)
  add \u_fft64.core.SU2.DB2.buf_im[3] (16 bits, signed)
  add \u_fft64.core.SU2.bf1_do_im (16 bits, signed)
  add 17'00000000000000001 (17 bits, unsigned)
  packed 1 (1) bits / 1 words into adder tree
  add \u_fft64.core.SU2.DB2.buf_im[3] (16 bits, signed)
  sub \u_fft64.core.SU2.bf1_do_im (16 bits, signed)
  add 17'00000000000000001 (17 bits, unsigned)
  add \u_fft64.core.SU3.DB2.buf_im[0] (16 bits, signed)
  sub \u_fft64.core.SU3.bf1_do_im (16 bits, signed)
  add 17'00000000000000001 (17 bits, unsigned)
  add \u_fft64.core.SU3.DB2.buf_re[0] (16 bits, signed)
  sub \u_fft64.core.SU3.bf1_do_re (16 bits, signed)
  add 17'00000000000000001 (17 bits, unsigned)
  add \u_fft64.core.SU1.bf2_count [3:0] * { \u_fft64.core.SU1.bf2_count [4] \u_fft64.core.SU1.bf2_count [5] } (4x2 bits, unsigned)
  add \u_fft64.core.SU1.bf2_do_re * \u_fft64.core.SU1.TW.ff_re (16x16 bits, signed)
  add \u_fft64.core.SU2.bf2_count [1:0] * { \u_fft64.core.SU2.bf2_count [2] \u_fft64.core.SU2.bf2_count [3] } (2x2 bits, unsigned)
  add \u_fft64.core.SU1.bf2_do_re * \u_fft64.core.SU1.TW.ff_im (16x16 bits, signed)
  add \u_fft64.core.SU3.DB2.buf_im[0] (16 bits, signed)
  add \u_fft64.core.SU3.bf1_do_im (16 bits, signed)
  add 17'00000000000000001 (17 bits, unsigned)
  packed 1 (1) bits / 1 words into adder tree
  add \u_fft64.core.SU2.bf2_do_re * { \u_fft64.core.SU2.TW.ff_re [15:1] 1'0 } (16x16 bits, signed)
  add \u_fft64.core.SU1.bf2_do_im * \u_fft64.core.SU1.TW.ff_im (16x16 bits, signed)
  add \u_fft64.core.SU3.DB2.buf_re[0] (16 bits, signed)
  add \u_fft64.core.SU3.bf1_do_re (16 bits, signed)
  add 17'00000000000000001 (17 bits, unsigned)
  packed 1 (1) bits / 1 words into adder tree
  add \u_fft64.core.SU1.bf2_do_im * \u_fft64.core.SU1.TW.ff_re (16x16 bits, signed)
  add \u_fft64.core.SU2.bf2_do_im * { \u_fft64.core.SU2.TW.ff_im [15:1] 1'0 } (16x16 bits, signed)
  add \u_fft64.core.SU2.bf2_do_im * { \u_fft64.core.SU2.TW.ff_re [15:1] 1'0 } (16x16 bits, signed)
  add \u_fft64.core.SU2.bf2_do_re * { \u_fft64.core.SU2.TW.ff_im [15:1] 1'0 } (16x16 bits, signed)
  add \u_fft64.core.SU1.DB2.buf_re[15] (16 bits, signed)
  add \u_fft64.core.SU1.bf1_do_re (16 bits, signed)
  add 17'00000000000000001 (17 bits, unsigned)
  packed 1 (1) bits / 1 words into adder tree
  add \u_fft64.core.SU1.DB2.buf_re[15] (16 bits, signed)
  sub \u_fft64.core.SU1.bf1_do_re (16 bits, signed)
  add 17'00000000000000001 (17 bits, unsigned)
  add \u_fft64.core.SU1.DB2.buf_im[15] (16 bits, signed)
  add \u_fft64.core.SU1.bf1_do_im (16 bits, signed)
  add 17'00000000000000001 (17 bits, unsigned)
  packed 1 (1) bits / 1 words into adder tree
  add \u_fft64.core.SU1.DB2.buf_im[15] (16 bits, signed)
  sub \u_fft64.core.SU1.bf1_do_im (16 bits, signed)
  add 17'00000000000000001 (17 bits, unsigned)
Using extmapper simplemap for cells of type $reduce_bool.
Using extmapper simplemap for cells of type $adffe.
Using extmapper simplemap for cells of type $reduce_or.
Using extmapper simplemap for cells of type $adff.
Using extmapper simplemap for cells of type $pmux.
Using extmapper simplemap for cells of type $eq.
Using extmapper simplemap for cells of type $logic_not.
Using extmapper simplemap for cells of type $mux.
Using extmapper simplemap for cells of type $and.
Using template $paramod\_90_fa\WIDTH=32'00000000000000000000000000010001 for cells of type $fa.
Using template $paramod$3bb72ad0665cdca279bbc49ed6a39f403f16497f\_90_alu for cells of type $alu.
Using extmapper simplemap for cells of type $not.
Using template $paramod\_90_fa\WIDTH=32'00000000000000000000000000011111 for cells of type $fa.
Using template $paramod$ebf89ea36a793f0f77858f212141d47c833068ad\_90_alu for cells of type $alu.
Using template $paramod$740b056ede97228d3eae64ea2fdc81f0a33e0fe7\_90_alu for cells of type $alu.
Using template $paramod$00298f3f8094950cb9a5ff2fda48d0d8bde8806c\_90_alu for cells of type $alu.
Using extmapper simplemap for cells of type $pos.
Using template $paramod\_90_fa\WIDTH=32'00000000000000000000000000000110 for cells of type $fa.
Using template $paramod\_90_lcu_brent_kung\WIDTH=32'00000000000000000000000000000110 for cells of type $lcu.
Using extmapper simplemap for cells of type $xor.
Using template $paramod\_90_lcu_brent_kung\WIDTH=32'00000000000000000000000000010001 for cells of type $lcu.
Using template $paramod\_90_fa\WIDTH=32'00000000000000000000000000010000 for cells of type $fa.
Using template $paramod\_90_lcu_brent_kung\WIDTH=32'00000000000000000000000000010000 for cells of type $lcu.
Using extmapper simplemap for cells of type $or.
Using template $paramod\_90_lcu_brent_kung\WIDTH=32'00000000000000000000000000011111 for cells of type $lcu.
Using template $paramod\_90_fa\WIDTH=32'00000000000000000000000000000100 for cells of type $fa.
Using template $paramod\_90_lcu_brent_kung\WIDTH=32'00000000000000000000000000000100 for cells of type $lcu.
No more expansions possible.
<suppressed ~6047 debug messages>

11.23. Executing OPT pass (performing simple optimizations).

11.23.1. Executing OPT_EXPR pass (perform const folding).
Optimizing module peweaver_ppa_fft64.
<suppressed ~13381 debug messages>

11.23.2. Executing OPT_MERGE pass (detect identical cells).
Finding identical cells in module `\peweaver_ppa_fft64'.
Computing hashes of 25647 cells of `\peweaver_ppa_fft64'.
Finding duplicate cells in `\peweaver_ppa_fft64'.
Computing hashes of 24123 cells of `\peweaver_ppa_fft64'.
Finding duplicate cells in `\peweaver_ppa_fft64'.
Computing hashes of 23270 cells of `\peweaver_ppa_fft64'.
Finding duplicate cells in `\peweaver_ppa_fft64'.
Computing hashes of 22771 cells of `\peweaver_ppa_fft64'.
Finding duplicate cells in `\peweaver_ppa_fft64'.
Computing hashes of 22530 cells of `\peweaver_ppa_fft64'.
Finding duplicate cells in `\peweaver_ppa_fft64'.
Computing hashes of 22282 cells of `\peweaver_ppa_fft64'.
Finding duplicate cells in `\peweaver_ppa_fft64'.
Computing hashes of 22122 cells of `\peweaver_ppa_fft64'.
Finding duplicate cells in `\peweaver_ppa_fft64'.
Computing hashes of 22042 cells of `\peweaver_ppa_fft64'.
Finding duplicate cells in `\peweaver_ppa_fft64'.
Computing hashes of 22026 cells of `\peweaver_ppa_fft64'.
Finding duplicate cells in `\peweaver_ppa_fft64'.
Computing hashes of 22010 cells of `\peweaver_ppa_fft64'.
Finding duplicate cells in `\peweaver_ppa_fft64'.
Computing hashes of 22002 cells of `\peweaver_ppa_fft64'.
Finding duplicate cells in `\peweaver_ppa_fft64'.
<suppressed ~10935 debug messages>
Removed a total of 3645 cells.

11.23.3. Executing OPT_DFF pass (perform DFF optimizations).
Adding SRST signal on $auto$ff.cc:337:slice$5037 ($_DFF_P_) from module peweaver_ppa_fft64 (D = $auto$simplemap.cc:189:logic_reduce$4430, Q = \u_fft64.core.SU1.TW.ff_re [15], rval = 1'1).
Adding SRST signal on $auto$ff.cc:337:slice$5053 ($_DFF_P_) from module peweaver_ppa_fft64 (D = $auto$simplemap.cc:189:logic_reduce$3023, Q = \u_fft64.core.SU1.TW.ff_im [15], rval = 1'0).
Adding SRST signal on $auto$ff.cc:337:slice$1075 ($_DFF_P_) from module peweaver_ppa_fft64 (D = $auto$simplemap.cc:189:logic_reduce$7220, Q = \u_fft64.core.SU2.TW.ff_im [15], rval = 1'0).
Adding SRST signal on $auto$ff.cc:337:slice$1061 ($_DFF_P_) from module peweaver_ppa_fft64 (D = $auto$simplemap.cc:189:logic_reduce$7040, Q = \u_fft64.core.SU2.TW.ff_im [1], rval = 1'0).
Adding SRST signal on $auto$ff.cc:337:slice$1062 ($_DFF_P_) from module peweaver_ppa_fft64 (D = $auto$simplemap.cc:189:logic_reduce$7058, Q = \u_fft64.core.SU2.TW.ff_im [2], rval = 1'1).
Adding SRST signal on $auto$ff.cc:337:slice$1065 ($_DFF_P_) from module peweaver_ppa_fft64 (D = $auto$simplemap.cc:189:logic_reduce$7076, Q = \u_fft64.core.SU2.TW.ff_im [5], rval = 1'1).
Adding SRST signal on $auto$ff.cc:337:slice$1067 ($_DFF_P_) from module peweaver_ppa_fft64 (D = $auto$simplemap.cc:189:logic_reduce$7112, Q = \u_fft64.core.SU2.TW.ff_im [7], rval = 1'1).
Adding SRST signal on $auto$ff.cc:337:slice$1068 ($_DFF_P_) from module peweaver_ppa_fft64 (D = $auto$simplemap.cc:189:logic_reduce$7130, Q = \u_fft64.core.SU2.TW.ff_im [8], rval = 1'0).
Adding SRST signal on $auto$ff.cc:337:slice$1070 ($_DFF_P_) from module peweaver_ppa_fft64 (D = $auto$simplemap.cc:189:logic_reduce$7166, Q = \u_fft64.core.SU2.TW.ff_im [10], rval = 1'0).
Adding SRST signal on $auto$ff.cc:337:slice$1071 ($_DFF_P_) from module peweaver_ppa_fft64 (D = $auto$simplemap.cc:189:logic_reduce$7184, Q = \u_fft64.core.SU2.TW.ff_im [11], rval = 1'0).
Adding SRST signal on $auto$ff.cc:337:slice$1073 ($_DFF_P_) from module peweaver_ppa_fft64 (D = $auto$simplemap.cc:189:logic_reduce$7094, Q = \u_fft64.core.SU2.TW.ff_im [13], rval = 1'1).
Adding SRST signal on $auto$ff.cc:337:slice$1074 ($_DFF_P_) from module peweaver_ppa_fft64 (D = $auto$simplemap.cc:189:logic_reduce$7148, Q = \u_fft64.core.SU2.TW.ff_im [14], rval = 1'0).
Adding SRST signal on $auto$ff.cc:337:slice$1076 ($_DFF_P_) from module peweaver_ppa_fft64 (D = $auto$simplemap.cc:189:logic_reduce$7249, Q = \u_fft64.core.SU2.TW.ff_re [1], rval = 1'1).
Adding SRST signal on $auto$ff.cc:337:slice$1077 ($_DFF_P_) from module peweaver_ppa_fft64 (D = $auto$simplemap.cc:189:logic_reduce$7270, Q = \u_fft64.core.SU2.TW.ff_re [2], rval = 1'1).
Adding SRST signal on $auto$ff.cc:337:slice$1080 ($_DFF_P_) from module peweaver_ppa_fft64 (D = $auto$simplemap.cc:189:logic_reduce$7291, Q = \u_fft64.core.SU2.TW.ff_re [5], rval = 1'1).
Adding SRST signal on $auto$ff.cc:337:slice$1082 ($_DFF_P_) from module peweaver_ppa_fft64 (D = $auto$simplemap.cc:189:logic_reduce$7333, Q = \u_fft64.core.SU2.TW.ff_re [7], rval = 1'1).
Adding SRST signal on $auto$ff.cc:337:slice$1083 ($_DFF_P_) from module peweaver_ppa_fft64 (D = $auto$simplemap.cc:189:logic_reduce$7354, Q = \u_fft64.core.SU2.TW.ff_re [8], rval = 1'1).
Adding SRST signal on $auto$ff.cc:337:slice$1085 ($_DFF_P_) from module peweaver_ppa_fft64 (D = $auto$simplemap.cc:189:logic_reduce$7396, Q = \u_fft64.core.SU2.TW.ff_re [10], rval = 1'0).
Adding SRST signal on $auto$ff.cc:337:slice$1086 ($_DFF_P_) from module peweaver_ppa_fft64 (D = $auto$simplemap.cc:189:logic_reduce$7417, Q = \u_fft64.core.SU2.TW.ff_re [11], rval = 1'1).
Adding SRST signal on $auto$ff.cc:337:slice$1087 ($_DFF_P_) from module peweaver_ppa_fft64 (D = $auto$simplemap.cc:189:logic_reduce$7438, Q = \u_fft64.core.SU2.TW.ff_re [12], rval = 1'0).
Adding SRST signal on $auto$ff.cc:337:slice$1088 ($_DFF_P_) from module peweaver_ppa_fft64 (D = $auto$simplemap.cc:189:logic_reduce$7312, Q = \u_fft64.core.SU2.TW.ff_re [13], rval = 1'0).
Adding SRST signal on $auto$ff.cc:337:slice$1089 ($_DFF_P_) from module peweaver_ppa_fft64 (D = $auto$simplemap.cc:189:logic_reduce$7375, Q = \u_fft64.core.SU2.TW.ff_re [14], rval = 1'0).
Adding SRST signal on $auto$ff.cc:337:slice$5022 ($_DFF_P_) from module peweaver_ppa_fft64 (D = $auto$simplemap.cc:189:logic_reduce$3140, Q = \u_fft64.core.SU1.TW.ff_re [0], rval = 1'0).
Adding SRST signal on $auto$ff.cc:337:slice$5023 ($_DFF_P_) from module peweaver_ppa_fft64 (D = $auto$simplemap.cc:189:logic_reduce$3226, Q = \u_fft64.core.SU1.TW.ff_re [1], rval = 1'0).
Adding SRST signal on $auto$ff.cc:337:slice$5024 ($_DFF_P_) from module peweaver_ppa_fft64 (D = $auto$simplemap.cc:189:logic_reduce$3312, Q = \u_fft64.core.SU1.TW.ff_re [2], rval = 1'0).
Adding SRST signal on $auto$ff.cc:337:slice$5025 ($_DFF_P_) from module peweaver_ppa_fft64 (D = $auto$simplemap.cc:189:logic_reduce$3398, Q = \u_fft64.core.SU1.TW.ff_re [3], rval = 1'1).
Adding SRST signal on $auto$ff.cc:337:slice$5026 ($_DFF_P_) from module peweaver_ppa_fft64 (D = $auto$simplemap.cc:189:logic_reduce$3484, Q = \u_fft64.core.SU1.TW.ff_re [4], rval = 1'1).
Adding SRST signal on $auto$ff.cc:337:slice$5027 ($_DFF_P_) from module peweaver_ppa_fft64 (D = $auto$simplemap.cc:189:logic_reduce$3570, Q = \u_fft64.core.SU1.TW.ff_re [5], rval = 1'0).
Adding SRST signal on $auto$ff.cc:337:slice$5028 ($_DFF_P_) from module peweaver_ppa_fft64 (D = $auto$simplemap.cc:189:logic_reduce$3656, Q = \u_fft64.core.SU1.TW.ff_re [6], rval = 1'1).
Adding SRST signal on $auto$ff.cc:337:slice$5029 ($_DFF_P_) from module peweaver_ppa_fft64 (D = $auto$simplemap.cc:189:logic_reduce$3742, Q = \u_fft64.core.SU1.TW.ff_re [7], rval = 1'1).
Adding SRST signal on $auto$ff.cc:337:slice$5030 ($_DFF_P_) from module peweaver_ppa_fft64 (D = $auto$simplemap.cc:189:logic_reduce$3828, Q = \u_fft64.core.SU1.TW.ff_re [8], rval = 1'0).
Adding SRST signal on $auto$ff.cc:337:slice$5031 ($_DFF_P_) from module peweaver_ppa_fft64 (D = $auto$simplemap.cc:189:logic_reduce$3914, Q = \u_fft64.core.SU1.TW.ff_re [9], rval = 1'1).
Adding SRST signal on $auto$ff.cc:337:slice$5032 ($_DFF_P_) from module peweaver_ppa_fft64 (D = $auto$simplemap.cc:189:logic_reduce$4000, Q = \u_fft64.core.SU1.TW.ff_re [10], rval = 1'0).
Adding SRST signal on $auto$ff.cc:337:slice$5033 ($_DFF_P_) from module peweaver_ppa_fft64 (D = $auto$simplemap.cc:189:logic_reduce$4086, Q = \u_fft64.core.SU1.TW.ff_re [11], rval = 1'1).
Adding SRST signal on $auto$ff.cc:337:slice$5034 ($_DFF_P_) from module peweaver_ppa_fft64 (D = $auto$simplemap.cc:189:logic_reduce$4172, Q = \u_fft64.core.SU1.TW.ff_re [12], rval = 1'1).
Adding SRST signal on $auto$ff.cc:337:slice$5035 ($_DFF_P_) from module peweaver_ppa_fft64 (D = $auto$simplemap.cc:189:logic_reduce$4258, Q = \u_fft64.core.SU1.TW.ff_re [13], rval = 1'0).
Adding SRST signal on $auto$ff.cc:337:slice$5036 ($_DFF_P_) from module peweaver_ppa_fft64 (D = $auto$simplemap.cc:189:logic_reduce$4344, Q = \u_fft64.core.SU1.TW.ff_re [14], rval = 1'1).
Adding SRST signal on $auto$ff.cc:337:slice$5038 ($_DFF_P_) from module peweaver_ppa_fft64 (D = $auto$simplemap.cc:189:logic_reduce$2003, Q = \u_fft64.core.SU1.TW.ff_im [0], rval = 1'1).
Adding SRST signal on $auto$ff.cc:337:slice$5039 ($_DFF_P_) from module peweaver_ppa_fft64 (D = $auto$simplemap.cc:189:logic_reduce$2071, Q = \u_fft64.core.SU1.TW.ff_im [1], rval = 1'0).
Adding SRST signal on $auto$ff.cc:337:slice$5040 ($_DFF_P_) from module peweaver_ppa_fft64 (D = $auto$simplemap.cc:189:logic_reduce$2139, Q = \u_fft64.core.SU1.TW.ff_im [2], rval = 1'1).
Adding SRST signal on $auto$ff.cc:337:slice$5041 ($_DFF_P_) from module peweaver_ppa_fft64 (D = $auto$simplemap.cc:189:logic_reduce$2207, Q = \u_fft64.core.SU1.TW.ff_im [3], rval = 1'1).
Adding SRST signal on $auto$ff.cc:337:slice$5042 ($_DFF_P_) from module peweaver_ppa_fft64 (D = $auto$simplemap.cc:189:logic_reduce$2275, Q = \u_fft64.core.SU1.TW.ff_im [4], rval = 1'1).
Adding SRST signal on $auto$ff.cc:337:slice$5043 ($_DFF_P_) from module peweaver_ppa_fft64 (D = $auto$simplemap.cc:189:logic_reduce$2343, Q = \u_fft64.core.SU1.TW.ff_im [5], rval = 1'1).
Adding SRST signal on $auto$ff.cc:337:slice$5044 ($_DFF_P_) from module peweaver_ppa_fft64 (D = $auto$simplemap.cc:189:logic_reduce$2411, Q = \u_fft64.core.SU1.TW.ff_im [6], rval = 1'1).
Adding SRST signal on $auto$ff.cc:337:slice$5045 ($_DFF_P_) from module peweaver_ppa_fft64 (D = $auto$simplemap.cc:189:logic_reduce$2479, Q = \u_fft64.core.SU1.TW.ff_im [7], rval = 1'0).
Adding SRST signal on $auto$ff.cc:337:slice$5046 ($_DFF_P_) from module peweaver_ppa_fft64 (D = $auto$simplemap.cc:189:logic_reduce$2547, Q = \u_fft64.core.SU1.TW.ff_im [8], rval = 1'0).
Adding SRST signal on $auto$ff.cc:337:slice$5047 ($_DFF_P_) from module peweaver_ppa_fft64 (D = $auto$simplemap.cc:189:logic_reduce$2615, Q = \u_fft64.core.SU1.TW.ff_im [9], rval = 1'1).
Adding SRST signal on $auto$ff.cc:337:slice$5048 ($_DFF_P_) from module peweaver_ppa_fft64 (D = $auto$simplemap.cc:189:logic_reduce$2683, Q = \u_fft64.core.SU1.TW.ff_im [10], rval = 1'0).
Adding SRST signal on $auto$ff.cc:337:slice$5049 ($_DFF_P_) from module peweaver_ppa_fft64 (D = $auto$simplemap.cc:189:logic_reduce$2751, Q = \u_fft64.core.SU1.TW.ff_im [11], rval = 1'1).
Adding SRST signal on $auto$ff.cc:337:slice$5050 ($_DFF_P_) from module peweaver_ppa_fft64 (D = $auto$simplemap.cc:189:logic_reduce$2819, Q = \u_fft64.core.SU1.TW.ff_im [12], rval = 1'1).
Adding SRST signal on $auto$ff.cc:337:slice$5051 ($_DFF_P_) from module peweaver_ppa_fft64 (D = $auto$simplemap.cc:189:logic_reduce$2887, Q = \u_fft64.core.SU1.TW.ff_im [13], rval = 1'1).
Adding SRST signal on $auto$ff.cc:337:slice$5052 ($_DFF_P_) from module peweaver_ppa_fft64 (D = $auto$simplemap.cc:189:logic_reduce$2955, Q = \u_fft64.core.SU1.TW.ff_im [14], rval = 1'1).

11.23.4. Executing OPT_CLEAN pass (remove unused cells and wires).
Finding unused cells or wires in module \peweaver_ppa_fft64..
Removed 980 unused cells and 5009 unused wires.
<suppressed ~986 debug messages>

11.23.5. Rerunning OPT passes. (Removed registers in this run.)

11.23.6. Executing OPT_EXPR pass (perform const folding).
Optimizing module peweaver_ppa_fft64.

11.23.7. Executing OPT_MERGE pass (detect identical cells).
Finding identical cells in module `\peweaver_ppa_fft64'.
Computing hashes of 21022 cells of `\peweaver_ppa_fft64'.
Finding duplicate cells in `\peweaver_ppa_fft64'.
Removed a total of 0 cells.

11.23.8. Executing OPT_DFF pass (perform DFF optimizations).

11.23.9. Executing OPT_CLEAN pass (remove unused cells and wires).
Finding unused cells or wires in module \peweaver_ppa_fft64..

11.23.10. Finished fast OPT passes.

11.24. Executing ABC pass (technology mapping using ABC).

11.24.1. Extracting gate netlist of module `\peweaver_ppa_fft64' to `<abc-temp-dir>/input.blif'..

11.24.1.1. Executed ABC.
Extracted 18598 gates and 19171 wires to a netlist network with 572 inputs and 571 outputs.
Running ABC script: <abc-temp-dir>/abc.script
ABC: UC Berkeley, ABC 1.01 (compiled Aug 28 2026 12:09:00)
ABC: abc 01> empty
ABC: abc 01> source <abc-temp-dir>/abc.script
ABC: + read_blif <abc-temp-dir>/input.blif 
ABC: + read_library <abc-temp-dir>/stdcells.genlib 
ABC: + strash 
ABC: + &get -n 
ABC: + &fraig -x 
ABC: + &put 
ABC: + scorr 
ABC: Warning: The network is combinational (run "fraig" or "fraig_sweep").
ABC: + dc2 
ABC: + dretime 
ABC: + strash 
ABC: + &get -n 
ABC: + &dch -f 
ABC: + &nf 
ABC: + &put 
ABC: + write_blif <abc-temp-dir>/output.blif 
ABC: 
ABC: YOSYS_ABC_DONE 

11.24.1.2. Re-integrating ABC results.
ABC RESULTS:               AND cells:     2662
ABC RESULTS:            ANDNOT cells:      309
ABC RESULTS:               MUX cells:      495
ABC RESULTS:              NAND cells:     7295
ABC RESULTS:               NOR cells:       63
ABC RESULTS:               NOT cells:       25
ABC RESULTS:                OR cells:      411
ABC RESULTS:             ORNOT cells:      423
ABC RESULTS:              XNOR cells:      723
ABC RESULTS:               XOR cells:     4369
ABC RESULTS:        internal signals:    18028
ABC RESULTS:           input signals:      572
ABC RESULTS:          output signals:      571
Removing temp directory.
Removing global temp directory.

11.25. Executing OPT pass (performing simple optimizations).

11.25.1. Executing OPT_EXPR pass (perform const folding).
Optimizing module peweaver_ppa_fft64.
<suppressed ~2 debug messages>

11.25.2. Executing OPT_MERGE pass (detect identical cells).
Finding identical cells in module `\peweaver_ppa_fft64'.
Computing hashes of 19199 cells of `\peweaver_ppa_fft64'.
Finding duplicate cells in `\peweaver_ppa_fft64'.
Computing hashes of 19195 cells of `\peweaver_ppa_fft64'.
Finding duplicate cells in `\peweaver_ppa_fft64'.
Computing hashes of 19194 cells of `\peweaver_ppa_fft64'.
Finding duplicate cells in `\peweaver_ppa_fft64'.
Computing hashes of 19175 cells of `\peweaver_ppa_fft64'.
Finding duplicate cells in `\peweaver_ppa_fft64'.
<suppressed ~72 debug messages>
Removed a total of 24 cells.

11.25.3. Executing OPT_DFF pass (perform DFF optimizations).

11.25.4. Executing OPT_CLEAN pass (remove unused cells and wires).
Finding unused cells or wires in module \peweaver_ppa_fft64..
Removed 0 unused cells and 4285 unused wires.
<suppressed ~77 debug messages>

11.25.5. Finished fast OPT passes.

11.26. Executing HIERARCHY pass (managing design hierarchy).
Attribute `top' found on module `peweaver_ppa_fft64'. Setting top module to peweaver_ppa_fft64.

11.26.1. Analyzing design hierarchy..
Top module:  \peweaver_ppa_fft64

11.26.2. Analyzing design hierarchy..
Top module:  \peweaver_ppa_fft64
Removed 0 unused modules.

11.27. Printing statistics.

=== peweaver_ppa_fft64 ===

        +----------Local Count, excluding submodules.
        | 
    17154 wires
    27950 wire bits
      790 public wires
    11586 public wire bits
        8 ports
       68 port bits
    19175 cells
      309   $_ANDNOT_
     2644   $_AND_
        6   $_DFFE_PP0P_
       59   $_DFF_PP0_
        2   $_DFF_PP1_
     2281   $_DFF_P_
      494   $_MUX_
     7293   $_NAND_
       63   $_NOR_
       25   $_NOT_
      422   $_ORNOT_
      410   $_OR_
       22   $_SDFF_PN0_
       29   $_SDFF_PN1_
      723   $_XNOR_
     4369   $_XOR_
       24   $scopeinfo

11.28. Executing CHECK pass (checking for obvious problems).
Checking module peweaver_ppa_fft64...
Found and reported 0 problems.

12. Executing DFFLIBMAP pass (mapping DFF/DLATCH cells to sequential cells from liberty file).
  cell sky130_fd_sc_hd__dfxtp_1 (noninv, pins=3, area=20.02) is a direct match for cell type $_DFF_P_.
  cell sky130_fd_sc_hd__dfrtn_1 (noninv, pins=4, area=25.02) is a direct match for cell type $_DFF_NN0_.
  cell sky130_fd_sc_hd__dfrtp_1 (noninv, pins=4, area=25.02) is a direct match for cell type $_DFF_PN0_.
  cell sky130_fd_sc_hd__dfstp_1 (noninv, pins=4, area=26.28) is a direct match for cell type $_DFF_PN1_.
  cell sky130_fd_sc_hd__edfxtp_1 (noninv, pins=4, area=30.03) is a direct match for cell type $_DFFE_PP_.
  cell sky130_fd_sc_hd__dfbbn_1 (noninv, pins=6, area=32.53) is a direct match for cell type $_DFFSR_NNN_.
  cell sky130_fd_sc_hd__dfbbp_1 (noninv, pins=6, area=32.53) is a direct match for cell type $_DFFSR_PNN_.
  cell sky130_fd_sc_hd__dlxtn_1 (noninv, pins=3, area=15.01) is a direct match for cell type $_DLATCH_N_.
  cell sky130_fd_sc_hd__dlxtp_1 (noninv, pins=3, area=15.01) is a direct match for cell type $_DLATCH_P_.
  cell sky130_fd_sc_hd__dlrtn_1 (noninv, pins=4, area=17.52) is a direct match for cell type $_DLATCH_NN0_.
  cell sky130_fd_sc_hd__dlrtp_1 (noninv, pins=4, area=16.27) is a direct match for cell type $_DLATCH_PN0_.
  final dff/dlatch cell mappings:
    unmapped dff/dlatch cell: $_DFF_N_
    \sky130_fd_sc_hd__dfxtp_1 _DFF_P_ (.CLK( C), .D( D), .Q( Q));
    \sky130_fd_sc_hd__dfrtn_1 _DFF_NN0_ (.CLK_N( C), .D( D), .Q( Q), .RESET_B( R));
    unmapped dff/dlatch cell: $_DFF_NN1_
    unmapped dff/dlatch cell: $_DFF_NP0_
    unmapped dff/dlatch cell: $_DFF_NP1_
    \sky130_fd_sc_hd__dfrtp_1 _DFF_PN0_ (.CLK( C), .D( D), .Q( Q), .RESET_B( R));
    \sky130_fd_sc_hd__dfstp_1 _DFF_PN1_ (.CLK( C), .D( D), .Q( Q), .SET_B( R));
    unmapped dff/dlatch cell: $_DFF_PP0_
    unmapped dff/dlatch cell: $_DFF_PP1_
    unmapped dff/dlatch cell: $_DFFE_NN_
    unmapped dff/dlatch cell: $_DFFE_NP_
    unmapped dff/dlatch cell: $_DFFE_PN_
    \sky130_fd_sc_hd__edfxtp_1 _DFFE_PP_ (.CLK( C), .D( D), .DE( E), .Q( Q));
    \sky130_fd_sc_hd__dfbbn_1 _DFFSR_NNN_ (.CLK_N( C), .D( D), .Q( Q), .Q_N(~Q), .RESET_B( R), .SET_B( S));
    unmapped dff/dlatch cell: $_DFFSR_NNP_
    unmapped dff/dlatch cell: $_DFFSR_NPN_
    unmapped dff/dlatch cell: $_DFFSR_NPP_
    \sky130_fd_sc_hd__dfbbp_1 _DFFSR_PNN_ (.CLK( C), .D( D), .Q( Q), .Q_N(~Q), .RESET_B( R), .SET_B( S));
    unmapped dff/dlatch cell: $_DFFSR_PNP_
    unmapped dff/dlatch cell: $_DFFSR_PPN_
    unmapped dff/dlatch cell: $_DFFSR_PPP_
    \sky130_fd_sc_hd__dlxtn_1 _DLATCH_N_ (.D( D), .GATE_N( E), .Q( Q));
    \sky130_fd_sc_hd__dlxtp_1 _DLATCH_P_ (.D( D), .GATE( E), .Q( Q));
    \sky130_fd_sc_hd__dlrtn_1 _DLATCH_NN0_ (.D( D), .GATE_N( E), .Q( Q), .RESET_B( R));
    unmapped dff/dlatch cell: $_DLATCH_NN1_
    unmapped dff/dlatch cell: $_DLATCH_NP0_
    unmapped dff/dlatch cell: $_DLATCH_NP1_
    \sky130_fd_sc_hd__dlrtp_1 _DLATCH_PN0_ (.D( D), .GATE( E), .Q( Q), .RESET_B( R));
    unmapped dff/dlatch cell: $_DLATCH_PN1_
    unmapped dff/dlatch cell: $_DLATCH_PP0_
    unmapped dff/dlatch cell: $_DLATCH_PP1_
    unmapped dff/dlatch cell: $_DLATCHSR_NNN_
    unmapped dff/dlatch cell: $_DLATCHSR_NNP_
    unmapped dff/dlatch cell: $_DLATCHSR_NPN_
    unmapped dff/dlatch cell: $_DLATCHSR_NPP_
    unmapped dff/dlatch cell: $_DLATCHSR_PNN_
    unmapped dff/dlatch cell: $_DLATCHSR_PNP_
    unmapped dff/dlatch cell: $_DLATCHSR_PPN_
    unmapped dff/dlatch cell: $_DLATCHSR_PPP_

12.1. Executing DFFLEGALIZE pass (convert FFs and LATCHes to types supported by the target).
<suppressed ~24 debug messages>
Mapping DFF/DLATCH cells in module `\peweaver_ppa_fft64':
  mapped 65 $_DFF_PN0_ cells to \sky130_fd_sc_hd__dfrtp_1 cells.
  mapped 2 $_DFF_PN1_ cells to \sky130_fd_sc_hd__dfstp_1 cells.
  mapped 2332 $_DFF_P_ cells to \sky130_fd_sc_hd__dfxtp_1 cells.

13. Executing ABC pass (technology mapping using ABC).

13.1. Extracting gate netlist of module `\peweaver_ppa_fft64' to `<abc-temp-dir>/input.blif'..

13.1.1. Executed ABC.
Extracted 16876 gates and 17451 wires to a netlist network with 573 inputs and 632 outputs.
Running ABC script: <abc-temp-dir>/abc.script
ABC: UC Berkeley, ABC 1.01 (compiled Aug 28 2026 12:09:00)
ABC: abc 01> empty
ABC: abc 01> source <abc-temp-dir>/abc.script
ABC: + read_blif <abc-temp-dir>/input.blif 
ABC: + read_scl /tmp/yosys-liberty-scl-cache/yosys_merged_9399122c.scl 
ABC: Warning: Detected 9 multi-output cells (for example, "sky130_fd_sc_hd__fa_1").
ABC: + strash 
ABC: + &get -n 
ABC: + &fraig -x 
ABC: + &put 
ABC: + scorr 
ABC: Warning: The network is combinational (run "fraig" or "fraig_sweep").
ABC: + dc2 
ABC: + dretime 
ABC: + retime -o -D 10000 
ABC: + strash 
ABC: + &get -n 
ABC: + &dch -f 
ABC: + &nf -D 10000 
ABC: + &put 
ABC: + write_blif <abc-temp-dir>/output.blif 
ABC: 
ABC: YOSYS_ABC_DONE 

13.1.2. Re-integrating ABC results.
ABC RESULTS:   sky130_fd_sc_hd__a2111oi_0 cells:        1
ABC RESULTS:   sky130_fd_sc_hd__a211o_1 cells:        1
ABC RESULTS:   sky130_fd_sc_hd__a211oi_1 cells:        9
ABC RESULTS:   sky130_fd_sc_hd__a21bo_1 cells:        3
ABC RESULTS:   sky130_fd_sc_hd__a21boi_0 cells:       47
ABC RESULTS:   sky130_fd_sc_hd__a21o_1 cells:      159
ABC RESULTS:   sky130_fd_sc_hd__a21oi_1 cells:      856
ABC RESULTS:   sky130_fd_sc_hd__a221oi_1 cells:        2
ABC RESULTS:   sky130_fd_sc_hd__a22o_1 cells:       51
ABC RESULTS:   sky130_fd_sc_hd__a22oi_1 cells:      101
ABC RESULTS:   sky130_fd_sc_hd__a2bb2o_1 cells:        1
ABC RESULTS:   sky130_fd_sc_hd__a2bb2oi_1 cells:       11
ABC RESULTS:   sky130_fd_sc_hd__a311o_1 cells:        3
ABC RESULTS:   sky130_fd_sc_hd__a311oi_1 cells:        1
ABC RESULTS:   sky130_fd_sc_hd__a31o_1 cells:        6
ABC RESULTS:   sky130_fd_sc_hd__a31oi_1 cells:       65
ABC RESULTS:   sky130_fd_sc_hd__a32o_1 cells:        5
ABC RESULTS:   sky130_fd_sc_hd__a32oi_1 cells:        8
ABC RESULTS:   sky130_fd_sc_hd__and2_0 cells:      349
ABC RESULTS:   sky130_fd_sc_hd__and3_1 cells:      142
ABC RESULTS:   sky130_fd_sc_hd__and3b_1 cells:        1
ABC RESULTS:   sky130_fd_sc_hd__and4_1 cells:        5
ABC RESULTS:   sky130_fd_sc_hd__and4b_1 cells:        1
ABC RESULTS:   sky130_fd_sc_hd__clkinv_1 cells:      318
ABC RESULTS:   sky130_fd_sc_hd__maj3_1 cells:     1045
ABC RESULTS:   sky130_fd_sc_hd__mux2_1 cells:       11
ABC RESULTS:   sky130_fd_sc_hd__mux2i_1 cells:       12
ABC RESULTS:   sky130_fd_sc_hd__nand2_1 cells:     2379
ABC RESULTS:   sky130_fd_sc_hd__nand2b_1 cells:      333
ABC RESULTS:   sky130_fd_sc_hd__nand3_1 cells:      280
ABC RESULTS:   sky130_fd_sc_hd__nand3b_1 cells:        4
ABC RESULTS:   sky130_fd_sc_hd__nand4_1 cells:       61
ABC RESULTS:   sky130_fd_sc_hd__nand4b_1 cells:        1
ABC RESULTS:   sky130_fd_sc_hd__nor2_1 cells:     1577
ABC RESULTS:   sky130_fd_sc_hd__nor2b_1 cells:      364
ABC RESULTS:   sky130_fd_sc_hd__nor3_1 cells:      174
ABC RESULTS:   sky130_fd_sc_hd__nor3b_1 cells:       27
ABC RESULTS:   sky130_fd_sc_hd__nor4_1 cells:       15
ABC RESULTS:   sky130_fd_sc_hd__nor4b_1 cells:        1
ABC RESULTS:   sky130_fd_sc_hd__nor4bb_1 cells:        1
ABC RESULTS:   sky130_fd_sc_hd__o2111ai_1 cells:        1
ABC RESULTS:   sky130_fd_sc_hd__o211a_1 cells:        2
ABC RESULTS:   sky130_fd_sc_hd__o211ai_1 cells:       12
ABC RESULTS:   sky130_fd_sc_hd__o21a_1 cells:       90
ABC RESULTS:   sky130_fd_sc_hd__o21ai_0 cells:      624
ABC RESULTS:   sky130_fd_sc_hd__o21ba_1 cells:        9
ABC RESULTS:   sky130_fd_sc_hd__o21bai_1 cells:       38
ABC RESULTS:   sky130_fd_sc_hd__o221ai_1 cells:        2
ABC RESULTS:   sky130_fd_sc_hd__o22a_1 cells:       57
ABC RESULTS:   sky130_fd_sc_hd__o22ai_1 cells:       63
ABC RESULTS:   sky130_fd_sc_hd__o2bb2ai_1 cells:       12
ABC RESULTS:   sky130_fd_sc_hd__o311a_1 cells:        1
ABC RESULTS:   sky130_fd_sc_hd__o311ai_0 cells:        1
ABC RESULTS:   sky130_fd_sc_hd__o31a_1 cells:        5
ABC RESULTS:   sky130_fd_sc_hd__o31ai_1 cells:       42
ABC RESULTS:   sky130_fd_sc_hd__o32ai_1 cells:       28
ABC RESULTS:   sky130_fd_sc_hd__o41ai_1 cells:        4
ABC RESULTS:   sky130_fd_sc_hd__or2_0 cells:       68
ABC RESULTS:   sky130_fd_sc_hd__or3_1 cells:       46
ABC RESULTS:   sky130_fd_sc_hd__or3b_1 cells:        1
ABC RESULTS:   sky130_fd_sc_hd__or4_1 cells:        5
ABC RESULTS:   sky130_fd_sc_hd__xnor2_1 cells:     2369
ABC RESULTS:   sky130_fd_sc_hd__xnor3_1 cells:      245
ABC RESULTS:   sky130_fd_sc_hd__xor2_1 cells:     1365
ABC RESULTS:   sky130_fd_sc_hd__xor3_1 cells:      117
ABC RESULTS:        internal signals:    16246
ABC RESULTS:           input signals:      573
ABC RESULTS:          output signals:      632
Removing temp directory.
Removing global temp directory.

14. Executing SETUNDEF pass (replace undef values with defined constants).

15. Executing SPLITNETS pass (splitting up multi-bit signals).

16. Executing OPT_CLEAN pass (remove unused cells and wires).
Finding unused cells or wires in module \peweaver_ppa_fft64..
Removed 24 unused cells and 26213 unused wires.
<suppressed ~8792 debug messages>

17. Executing CHECK pass (checking for obvious problems).
Checking module peweaver_ppa_fft64...
Warning: Wire peweaver_ppa_fft64.\do_en is used but has no driver.
Warning: Wire peweaver_ppa_fft64.\do_re [15] is used but has no driver.
Warning: Wire peweaver_ppa_fft64.\do_re [14] is used but has no driver.
Warning: Wire peweaver_ppa_fft64.\do_re [13] is used but has no driver.
Warning: Wire peweaver_ppa_fft64.\do_re [12] is used but has no driver.
Warning: Wire peweaver_ppa_fft64.\do_re [11] is used but has no driver.
Warning: Wire peweaver_ppa_fft64.\do_re [10] is used but has no driver.
Warning: Wire peweaver_ppa_fft64.\do_re [9] is used but has no driver.
Warning: Wire peweaver_ppa_fft64.\do_re [8] is used but has no driver.
Warning: Wire peweaver_ppa_fft64.\do_re [7] is used but has no driver.
Warning: Wire peweaver_ppa_fft64.\do_re [6] is used but has no driver.
Warning: Wire peweaver_ppa_fft64.\do_re [5] is used but has no driver.
Warning: Wire peweaver_ppa_fft64.\do_re [4] is used but has no driver.
Warning: Wire peweaver_ppa_fft64.\do_re [3] is used but has no driver.
Warning: Wire peweaver_ppa_fft64.\do_re [2] is used but has no driver.
Warning: Wire peweaver_ppa_fft64.\do_re [1] is used but has no driver.
Warning: Wire peweaver_ppa_fft64.\do_re [0] is used but has no driver.
Warning: Wire peweaver_ppa_fft64.\do_im [15] is used but has no driver.
Warning: Wire peweaver_ppa_fft64.\do_im [14] is used but has no driver.
Warning: Wire peweaver_ppa_fft64.\do_im [13] is used but has no driver.
Warning: Wire peweaver_ppa_fft64.\do_im [12] is used but has no driver.
Warning: Wire peweaver_ppa_fft64.\do_im [11] is used but has no driver.
Warning: Wire peweaver_ppa_fft64.\do_im [10] is used but has no driver.
Warning: Wire peweaver_ppa_fft64.\do_im [9] is used but has no driver.
Warning: Wire peweaver_ppa_fft64.\do_im [8] is used but has no driver.
Warning: Wire peweaver_ppa_fft64.\do_im [7] is used but has no driver.
Warning: Wire peweaver_ppa_fft64.\do_im [6] is used but has no driver.
Warning: Wire peweaver_ppa_fft64.\do_im [5] is used but has no driver.
Warning: Wire peweaver_ppa_fft64.\do_im [4] is used but has no driver.
Warning: Wire peweaver_ppa_fft64.\do_im [3] is used but has no driver.
Warning: Wire peweaver_ppa_fft64.\do_im [2] is used but has no driver.
Warning: Wire peweaver_ppa_fft64.\do_im [1] is used but has no driver.
Warning: Wire peweaver_ppa_fft64.\do_im [0] is used but has no driver.
Found and reported 33 problems.

18. Printing statistics.

=== peweaver_ppa_fft64 ===

        +----------Local Count, excluding submodules.
        |        +-Local Area, excluding submodules.
        |        | 
    16012        - wires
    16072        - wire bits
     2759        - public wires
     2819        - public wire bits
        8        - ports
       68        - port bits
    16037 1.41E+05 cells
        1    8.758   sky130_fd_sc_hd__a2111oi_0
        1    8.758   sky130_fd_sc_hd__a211o_1
        9   67.565   sky130_fd_sc_hd__a211oi_1
        3   30.029   sky130_fd_sc_hd__a21bo_1
       47  352.838   sky130_fd_sc_hd__a21boi_0
      159 1.19E+03   sky130_fd_sc_hd__a21o_1
      856 4.28E+03   sky130_fd_sc_hd__a21oi_1
        2   17.517   sky130_fd_sc_hd__a221oi_1
       51  446.678   sky130_fd_sc_hd__a22o_1
      101  758.227   sky130_fd_sc_hd__a22oi_1
        1    10.01   sky130_fd_sc_hd__a2bb2o_1
       11   96.342   sky130_fd_sc_hd__a2bb2oi_1
        3   30.029   sky130_fd_sc_hd__a311o_1
        1    8.758   sky130_fd_sc_hd__a311oi_1
        6    52.55   sky130_fd_sc_hd__a31o_1
       65   406.64   sky130_fd_sc_hd__a31oi_1
        5   50.048   sky130_fd_sc_hd__a32o_1
        8   70.067   sky130_fd_sc_hd__a32oi_1
      349 2.18E+03   sky130_fd_sc_hd__and2_0
      142  888.352   sky130_fd_sc_hd__and3_1
        1    8.758   sky130_fd_sc_hd__and3b_1
        5   43.792   sky130_fd_sc_hd__and4_1
        1    10.01   sky130_fd_sc_hd__and4b_1
      318 1.19E+03   sky130_fd_sc_hd__clkinv_1
       65  1626.56   sky130_fd_sc_hd__dfrtp_1
        2    52.55   sky130_fd_sc_hd__dfstp_1
     2332 4.67E+04   sky130_fd_sc_hd__dfxtp_1
     1045 1.05E+04   sky130_fd_sc_hd__maj3_1
       11  123.869   sky130_fd_sc_hd__mux2_1
       12  120.115   sky130_fd_sc_hd__mux2i_1
     2379 8.93E+03   sky130_fd_sc_hd__nand2_1
      333 2.08E+03   sky130_fd_sc_hd__nand2b_1
      280  1.4E+03   sky130_fd_sc_hd__nand3_1
        4   30.029   sky130_fd_sc_hd__nand3b_1
       61  381.616   sky130_fd_sc_hd__nand4_1
        1    8.758   sky130_fd_sc_hd__nand4b_1
     1577 5.92E+03   sky130_fd_sc_hd__nor2_1
      364 2.28E+03   sky130_fd_sc_hd__nor2b_1
      174  870.835   sky130_fd_sc_hd__nor3_1
       27  202.694   sky130_fd_sc_hd__nor3b_1
       15    93.84   sky130_fd_sc_hd__nor4_1
        1    8.758   sky130_fd_sc_hd__nor4b_1
        1    10.01   sky130_fd_sc_hd__nor4bb_1
        1    8.758   sky130_fd_sc_hd__o2111ai_1
        2   20.019   sky130_fd_sc_hd__o211a_1
       12   90.086   sky130_fd_sc_hd__o211ai_1
       90  675.648   sky130_fd_sc_hd__o21a_1
      624 3.12E+03   sky130_fd_sc_hd__o21ai_0
        9   90.086   sky130_fd_sc_hd__o21ba_1
       38  285.274   sky130_fd_sc_hd__o21bai_1
        2   17.517   sky130_fd_sc_hd__o221ai_1
       57  499.229   sky130_fd_sc_hd__o22a_1
       63  394.128   sky130_fd_sc_hd__o22ai_1
       12  105.101   sky130_fd_sc_hd__o2bb2ai_1
        1    10.01   sky130_fd_sc_hd__o311a_1
        1    8.758   sky130_fd_sc_hd__o311ai_0
        5   43.792   sky130_fd_sc_hd__o31a_1
       42  315.302   sky130_fd_sc_hd__o31ai_1
       28  245.235   sky130_fd_sc_hd__o32ai_1
        4   35.034   sky130_fd_sc_hd__o41ai_1
       68  425.408   sky130_fd_sc_hd__or2_0
       46  287.776   sky130_fd_sc_hd__or3_1
        1    8.758   sky130_fd_sc_hd__or3b_1
        5   37.536   sky130_fd_sc_hd__or4_1
     2369 2.07E+04   sky130_fd_sc_hd__xnor2_1
      245 5.52E+03   sky130_fd_sc_hd__xnor3_1
     1365  1.2E+04   sky130_fd_sc_hd__xor2_1
      117 2.78E+03   sky130_fd_sc_hd__xor3_1

   Chip area for module '\peweaver_ppa_fft64': 141235.456000
     of which used for sequential elements: 48363.884800 (34.24%)

19. Executing Verilog backend.
Dumping module `\peweaver_ppa_fft64'.

Warnings: 37 unique messages, 47 total
End of script. Logfile hash: ef41895751, time: 9.26s, user: 4.76s, system: 0.21s, MEM: 111.13 MB peak
Yosys 0.68+136 (git sha1 c30457480-dirty, Release, Clang /usr/bin/clang++ 21.1.8)
Time spent: 54% 2x abc (5 sec), 11% 29x opt_expr (1 sec), ...
run-physical.sh: stage 2 activity + golden (RTL reference, then gate-level)
run-physical.sh: compiling gate-level simulation model (iverilog, always rebuild)
run-physical.sh: normalizing streaming VCD
vcd_normalize.py: shifted 788 timestamps by 3415000 ps; window 2.625 us; 263 clock edges at 10000 ps period — validated OK
run-physical.sh: streaming VCD normalized and validated
run-physical.sh: stage 3a OpenROAD frontend (floorplan/place/CTS/global route)
OpenROAD v2.0-17598-ga008522d8 
Features included (+) or not (-): +Charts +GPU +GUI +Python : None
This program is licensed under the BSD-3 license. See the LICENSE file for details.
Components of this program may be licensed under more restrictive licenses which must be honored.
[INFO ORD-0030] Using 12 thread(s).
[INFO ODB-0227] LEF file: /home/peweaver-user/.volare/sky130A/libs.ref/sky130_fd_sc_hd/techlef/sky130_fd_sc_hd__nom.tlef, created 14 layers, 25 vias
[WARNING ODB-0220] WARNING (LEFPARS-2008): NOWIREEXTENSIONATPIN statement is obsolete in version 5.6 or later.
The NOWIREEXTENSIONATPIN statement will be ignored. See file /home/peweaver-user/.volare/sky130A/libs.ref/sky130_fd_sc_hd/lef/sky130_fd_sc_hd.lef at line 2.

[INFO ODB-0227] LEF file: /home/peweaver-user/.volare/sky130A/libs.ref/sky130_fd_sc_hd/lef/sky130_fd_sc_hd.lef, created 437 library cells
[WARNING IFP-0028] Core area lower left (5.000, 5.000) snapped to (5.060, 5.440).
[INFO IFP-0001] Added 218 rows of 1291 site unithd.
Found 0 macro blocks.
Using 2 tracks default min distance between IO pins.
[INFO PPL-0001] Number of slots           2198
[INFO PPL-0002] Number of I/O             68
[INFO PPL-0003] Number of I/O w/sink      68
[INFO PPL-0004] Number of I/O w/o sink    0
[INFO PPL-0005] Slots per section         200
[INFO PPL-0008] Successfully assigned pins to sections.
[INFO PPL-0012] I/O nets HPWL: 21606.66 um.
[INFO TAP-0005] Inserted 4730 tapcells.
[INFO IFP-0030] Inserted 1 tiecells using sky130_fd_sc_hd__conb_1/LO.
[INFO PDN-0001] Inserting grid: grid
[INFO GPL-0002] DBU: 1000
[INFO GPL-0003] SiteSize: (  0.460  2.720 ) um
[INFO GPL-0004] CoreBBox: (  5.060  5.440 ) ( 598.920 598.400 ) um
[INFO GPL-0006] NumInstances:             20768
[INFO GPL-0007] NumPlaceInstances:        16038
[INFO GPL-0008] NumFixedInstances:         4730
[INFO GPL-0009] NumDummyInstances:            0
[INFO GPL-0010] NumNets:                  16073
[INFO GPL-0011] NumPins:                  53087
[INFO GPL-0012] DieBBox:  (  0.000  0.000 ) ( 604.210 604.210 ) um
[INFO GPL-0013] CoreBBox: (  5.060  5.440 ) ( 598.920 598.400 ) um
[INFO GPL-0016] CoreArea:            352135.226 um^2
[INFO GPL-0017] NonPlaceInstsArea:     5918.176 um^2
[INFO GPL-0018] PlaceInstsArea:      141239.210 um^2
[INFO GPL-0019] Util:                    40.795 %
[INFO GPL-0020] StdInstsArea:        141239.210 um^2
[INFO GPL-0021] MacroInstsArea:           0.000 um^2
[InitialPlace]  Iter: 1 CG residual: 0.02648543 HPWL: 173332880
[InitialPlace]  Iter: 2 CG residual: 0.02781281 HPWL: 143015893
[InitialPlace]  Iter: 3 CG residual: 0.05412532 HPWL: 141167394
[InitialPlace]  Iter: 4 CG residual: 0.01236239 HPWL: 134718547
[InitialPlace]  Iter: 5 CG residual: 0.01162051 HPWL: 132665475
[InitialPlace]  Iter: 6 CG residual: 0.01056639 HPWL: 130747264
[InitialPlace]  Iter: 7 CG residual: 0.00447644 HPWL: 128704883
[InitialPlace]  Iter: 8 CG residual: 0.00349640 HPWL: 126666231
[InitialPlace]  Iter: 9 CG residual: 0.00016038 HPWL: 123587894
[InitialPlace]  Iter: 10 CG residual: 0.00002299 HPWL: 122617568
[InitialPlace]  Iter: 11 CG residual: 0.00004897 HPWL: 121737281
[InitialPlace]  Iter: 12 CG residual: 0.00003119 HPWL: 121925271
[InitialPlace]  Iter: 13 CG residual: 0.00005697 HPWL: 121755048
[InitialPlace]  Iter: 14 CG residual: 0.00002952 HPWL: 121977428
[InitialPlace]  Iter: 15 CG residual: 0.00002869 HPWL: 121776984
[InitialPlace]  Iter: 16 CG residual: 0.00002704 HPWL: 121903171
[InitialPlace]  Iter: 17 CG residual: 0.00007228 HPWL: 121768374
[InitialPlace]  Iter: 18 CG residual: 0.00003167 HPWL: 121925559
[InitialPlace]  Iter: 19 CG residual: 0.00006161 HPWL: 121760119
[InitialPlace]  Iter: 20 CG residual: 0.00003135 HPWL: 121975922
[INFO GPL-0031] FillerInit:NumGCells:     23985
[INFO GPL-0032] FillerInit:NumGNets:      16073
[INFO GPL-0033] FillerInit:NumGPins:      53087
[INFO GPL-0023] TargetDensity:            0.600
[INFO GPL-0024] AvrgPlaceInstArea:        8.807 um^2
[INFO GPL-0025] IdealBinArea:            14.678 um^2
[INFO GPL-0026] IdealBinCnt:              23991
[INFO GPL-0027] TotalBinArea:        352135.226 um^2
[INFO GPL-0028] BinCnt:       128    128
[INFO GPL-0029] BinSize: (  4.640  4.633 )
[INFO GPL-0030] NumBins: 16384
[NesterovSolve] Iter:    1 overflow: 0.998 HPWL: 34485595
[NesterovSolve] Iter:   10 overflow: 0.998 HPWL: 32687836
[NesterovSolve] Iter:   20 overflow: 0.998 HPWL: 32777179
[NesterovSolve] Iter:   30 overflow: 0.998 HPWL: 32827962
[NesterovSolve] Iter:   40 overflow: 0.998 HPWL: 32867638
[NesterovSolve] Iter:   50 overflow: 0.998 HPWL: 32887814
[NesterovSolve] Iter:   60 overflow: 0.998 HPWL: 32910715
[NesterovSolve] Iter:   70 overflow: 0.998 HPWL: 32925290
[NesterovSolve] Iter:   80 overflow: 0.998 HPWL: 32933550
[NesterovSolve] Iter:   90 overflow: 0.998 HPWL: 32942362
[NesterovSolve] Iter:  100 overflow: 0.998 HPWL: 32953376
[NesterovSolve] Iter:  110 overflow: 0.998 HPWL: 32986123
[NesterovSolve] Iter:  120 overflow: 0.997 HPWL: 33104212
[NesterovSolve] Iter:  130 overflow: 0.997 HPWL: 33399261
[NesterovSolve] Iter:  140 overflow: 0.996 HPWL: 33992030
[NesterovSolve] Iter:  150 overflow: 0.995 HPWL: 34992978
[NesterovSolve] Iter:  160 overflow: 0.992 HPWL: 36569017
[NesterovSolve] Iter:  170 overflow: 0.987 HPWL: 38736941
[NesterovSolve] Iter:  180 overflow: 0.981 HPWL: 41744824
[NesterovSolve] Iter:  190 overflow: 0.973 HPWL: 46168738
[NesterovSolve] Iter:  200 overflow: 0.961 HPWL: 52576585
[NesterovSolve] Iter:  210 overflow: 0.946 HPWL: 61365648
[NesterovSolve] Iter:  220 overflow: 0.926 HPWL: 72403743
[NesterovSolve] Iter:  230 overflow: 0.902 HPWL: 85282925
[NesterovSolve] Iter:  240 overflow: 0.876 HPWL: 98866987
[NesterovSolve] Iter:  250 overflow: 0.850 HPWL: 112951482
[NesterovSolve] Iter:  260 overflow: 0.823 HPWL: 128211081
[NesterovSolve] Iter:  270 overflow: 0.791 HPWL: 144375295
[NesterovSolve] Iter:  280 overflow: 0.755 HPWL: 157803196
[NesterovSolve] Iter:  290 overflow: 0.724 HPWL: 169406822
[NesterovSolve] Iter:  300 overflow: 0.697 HPWL: 182991748
[NesterovSolve] Iter:  310 overflow: 0.660 HPWL: 191622108
[NesterovSolve] Iter:  320 overflow: 0.614 HPWL: 193792186
[NesterovSolve] Iter:  330 overflow: 0.568 HPWL: 213614626
[NesterovSolve] Iter:  340 overflow: 0.521 HPWL: 223668183
[NesterovSolve] Iter:  350 overflow: 0.486 HPWL: 231839282
[NesterovSolve] Iter:  360 overflow: 0.456 HPWL: 229391980
[NesterovSolve] Iter:  370 overflow: 0.420 HPWL: 228127600
[NesterovSolve] Iter:  380 overflow: 0.381 HPWL: 227800576
[NesterovSolve] Iter:  390 overflow: 0.347 HPWL: 228983550
[NesterovSolve] Iter:  400 overflow: 0.312 HPWL: 228602509
[NesterovSolve] Iter:  410 overflow: 0.286 HPWL: 225608373
[NesterovSolve] Iter:  420 overflow: 0.258 HPWL: 224057945
[NesterovSolve] Iter:  430 overflow: 0.233 HPWL: 222975096
[NesterovSolve] Iter:  440 overflow: 0.206 HPWL: 222245167
[NesterovSolve] Iter:  450 overflow: 0.183 HPWL: 221795280
[NesterovSolve] Iter:  460 overflow: 0.162 HPWL: 221581767
[NesterovSolve] Iter:  470 overflow: 0.143 HPWL: 221384329
[NesterovSolve] Iter:  480 overflow: 0.124 HPWL: 221298441
[NesterovSolve] Iter:  490 overflow: 0.108 HPWL: 221508476
[NesterovSolve] Finished with Overflow: 0.099411
[INFO RSZ-0058] Using max wire length 1847um.
[INFO RSZ-0035] Found 149 fanout violations.
[INFO RSZ-0038] Inserted 384 buffers in 149 nets.
[INFO RSZ-0039] Resized 1973 instances.
Placement Analysis
---------------------------------
total displacement      40298.8 u
average displacement        1.9 u
max displacement           13.4 u
original HPWL          268166.0 u
legalized HPWL         308098.2 u
delta HPWL                   15 %

[INFO CTS-0050] Root buffer is sky130_fd_sc_hd__clkbuf_4.
[INFO CTS-0051] Sink buffer is sky130_fd_sc_hd__clkbuf_8.
[INFO CTS-0052] The following clock buffers will be used for CTS:
                    sky130_fd_sc_hd__clkbuf_1
                    sky130_fd_sc_hd__clkbuf_2
                    sky130_fd_sc_hd__clkbuf_4
                    sky130_fd_sc_hd__clkbuf_8
[INFO CTS-0049] Characterization buffer is sky130_fd_sc_hd__clkbuf_8.
[INFO CTS-0007] Net "clock" found for clock "core_clock".
[INFO CTS-0010]  Clock net "clock" has 2399 sinks.
[INFO CTS-0008] TritonCTS found 1 clock nets.
[INFO CTS-0097] Characterization used 4 buffer(s) types.
[INFO CTS-0200] 0 placement blockages have been identified.
[INFO CTS-0201] 0 placed hard macros will be treated like blockages.
[INFO CTS-0027] Generating H-Tree topology for net clock.
[INFO CTS-0028]  Total number of sinks: 2399.
[INFO CTS-0090]  Sinks will be clustered based on buffer max cap.
[INFO CTS-0030]  Number of static layers: 0.
[INFO CTS-0020]  Wire segment unit: 13600  dbu (13 um).
[INFO CTS-0206] Best clustering solution was found from clustering size of 20 and clustering diameter of 50.
[INFO CTS-0019]  Total number of sinks after clustering: 321.
[INFO CTS-0024]  Normalized sink region: [(0.695956, 6.95), (34.1963, 43.4721)].
[INFO CTS-0025]     Width:  33.5003.
[INFO CTS-0026]     Height: 36.5221.
 Level 1
    Direction: Vertical
    Sinks per sub-region: 161
    Sub-region size: 33.5003 X 18.2610
[INFO CTS-0034]     Segment length (rounded): 10.
 Level 2
    Direction: Horizontal
    Sinks per sub-region: 81
    Sub-region size: 16.7502 X 18.2610
[INFO CTS-0034]     Segment length (rounded): 8.
 Level 3
    Direction: Vertical
    Sinks per sub-region: 41
    Sub-region size: 16.7502 X 9.1305
[INFO CTS-0034]     Segment length (rounded): 4.
 Level 4
    Direction: Horizontal
    Sinks per sub-region: 21
    Sub-region size: 8.3751 X 9.1305
[INFO CTS-0034]     Segment length (rounded): 4.
 Level 5
    Direction: Vertical
    Sinks per sub-region: 11
    Sub-region size: 8.3751 X 4.5653
[INFO CTS-0034]     Segment length (rounded): 2.
[INFO CTS-0032]  Stop criterion found. Max number of sinks is 15.
[INFO CTS-0035]  Number of sinks covered: 321.
[INFO CTS-0018]     Created 362 clock buffers.
[INFO CTS-0012]     Minimum number of buffers in the clock path: 4.
[INFO CTS-0013]     Maximum number of buffers in the clock path: 4.
[INFO CTS-0015]     Created 362 clock nets.
[INFO CTS-0016]     Fanout distribution for the current clock = 2:2, 3:3, 4:12, 5:9, 6:37, 7:77, 8:128, 9:61, 10:10, 11:2, 12:6, 13:1, 14:4, 17:1..
[INFO CTS-0017]     Max level of the clock tree: 5.
[INFO CTS-0098] Clock net "clock"
[INFO CTS-0099]  Sinks 2676
[INFO CTS-0100]  Leaf buffers 321
[INFO CTS-0101]  Average sink wire length 672.24 um
[INFO CTS-0102]  Path depth 3 - 4
[INFO CTS-0207]  Leaf load cells 277
[WARNING RSZ-0065] max wire length less than 1847u increases wire delays.
[INFO RSZ-0098] No setup violations found
Placement Analysis
---------------------------------
total displacement       3522.8 u
average displacement        0.2 u
max displacement           13.6 u
original HPWL          324241.2 u
legalized HPWL         325738.9 u
delta HPWL                    0 %

[INFO RSZ-0098] No setup violations found
Placement Analysis
---------------------------------
total displacement          0.0 u
average displacement        0.0 u
max displacement            0.0 u
original HPWL          325738.9 u
legalized HPWL         325738.9 u
delta HPWL                    0 %

PEWEAVER_PHYSICAL_FRONTEND_DONE
run-physical.sh: stage 3b OpenROAD backend (detailed route/extract/STA/power)
OpenROAD v2.0-17598-ga008522d8 
Features included (+) or not (-): +Charts +GPU +GUI +Python : None
This program is licensed under the BSD-3 license. See the LICENSE file for details.
Components of this program may be licensed under more restrictive licenses which must be honored.
[INFO ORD-0030] Using 12 thread(s).
[WARNING DRT-0349] LEF58_ENCLOSURE with no CUTCLASS is not supported. Skipping for layer mcon
[WARNING DRT-0349] LEF58_ENCLOSURE with no CUTCLASS is not supported. Skipping for layer mcon
[WARNING DRT-0349] LEF58_ENCLOSURE with no CUTCLASS is not supported. Skipping for layer via
[WARNING DRT-0349] LEF58_ENCLOSURE with no CUTCLASS is not supported. Skipping for layer via
[WARNING DRT-0349] LEF58_ENCLOSURE with no CUTCLASS is not supported. Skipping for layer via2
[WARNING DRT-0349] LEF58_ENCLOSURE with no CUTCLASS is not supported. Skipping for layer via2
[WARNING DRT-0349] LEF58_ENCLOSURE with no CUTCLASS is not supported. Skipping for layer via3
[WARNING DRT-0349] LEF58_ENCLOSURE with no CUTCLASS is not supported. Skipping for layer via3
[WARNING DRT-0349] LEF58_ENCLOSURE with no CUTCLASS is not supported. Skipping for layer via4
[WARNING DRT-0349] LEF58_ENCLOSURE with no CUTCLASS is not supported. Skipping for layer via4
[WARNING DRT-0422] No routing tracks pass through the center of Term VSS.
[WARNING DRT-0422] No routing tracks pass through the center of Term VDD.
[INFO DRT-0167] List of default vias:
  Layer via
    default via: M1M2_PR
  Layer via2
    default via: M2M3_PR
  Layer via3
    default via: M3M4_PR
  Layer via4
    default via: M4M5_PR
[INFO DRT-0168] Init region query.
[INFO DRT-0033] FR_MASTERSLICE shape region query size = 0.
[INFO DRT-0033] licon shape region query size = 0.
[INFO DRT-0033] li1 shape region query size = 511737.
[INFO DRT-0033] mcon shape region query size = 0.
[INFO DRT-0033] met1 shape region query size = 72718.
[INFO DRT-0033] via shape region query size = 23545.
[INFO DRT-0033] met2 shape region query size = 14195.
[INFO DRT-0033] via2 shape region query size = 18836.
[INFO DRT-0033] met3 shape region query size = 14127.
[INFO DRT-0033] via3 shape region query size = 18836.
[INFO DRT-0033] met4 shape region query size = 5677.
[INFO DRT-0033] via4 shape region query size = 925.
[INFO DRT-0033] met5 shape region query size = 1011.
[INFO DRT-0156] guideIn read 100000 guides.
[INFO DRT-0178] Init guide query.
[INFO DRT-0036] FR_MASTERSLICE guide region query size = 0.
[INFO DRT-0036] licon guide region query size = 0.
[INFO DRT-0036] li1 guide region query size = 40816.
[INFO DRT-0036] mcon guide region query size = 0.
[INFO DRT-0036] met1 guide region query size = 26871.
[INFO DRT-0036] via guide region query size = 0.
[INFO DRT-0036] met2 guide region query size = 11465.
[INFO DRT-0036] via2 guide region query size = 0.
[INFO DRT-0036] met3 guide region query size = 586.
[INFO DRT-0036] via3 guide region query size = 0.
[INFO DRT-0036] met4 guide region query size = 263.
[INFO DRT-0036] via4 guide region query size = 0.
[INFO DRT-0036] met5 guide region query size = 0.
[INFO DRT-0179] Init gr pin query.
[INFO RCX-0431] Defined process_corner X with ext_model_index 0
[INFO RCX-0029] Defined extraction corner X
[INFO RCX-0435] Reading extraction model file /home/peweaver-user/Documents/chialoop/chia/examples/peweaver/physical/pdk/sky130hd/rcx_patterns.rules ...
[INFO RCX-0436] RC segment generation peweaver_ppa_fft64 (max_merge_res 50.0) ...
[INFO RCX-0040] Final 61521 rc segments
[INFO RCX-0439] Coupling Cap extraction peweaver_ppa_fft64 ...
[INFO RCX-0440] Coupling threshhold is 0.1000 fF, coupling capacitance less than 0.1000 fF will be grounded.
[INFO RCX-0442] 54% of 123009 wires extracted
[INFO RCX-0442] 100% of 123009 wires extracted
[INFO RCX-0045] Extract 16819 nets, 78340 rsegs, 78340 caps, 130194 ccs
[INFO RCX-0443] 16819 nets finished
[WARNING STA-0305] read_power_activities is deprecated. Use read_vcd.
Annotated 53086 pin activities.
[WARNING STA-0305] read_power_activities is deprecated. Use read_vcd.
Annotated 53086 pin activities.
Design area 164408 u^2 47% utilization.
PEWEAVER_PHYSICAL_FLOW_DONE
run-physical.sh: stage 4 result assembly
  VCD window: 262.500 cycles (2.625000 us)
assemble_results.py: wrote /home/peweaver-user/Documents/chialoop/chia/examples/peweaver/physical/results/fft64_baseline_sky130.json
  synth: 16037 cells, 141235.5 um2
  pnr:   21791 instances, 164408.0 um2, 47.0% util, setup=0.867 ns, hold=0.102 ns, recovery=8.938 ns, removal=0.327 ns, timing_met=True
  power (streaming): total=23.3144 mW (internal=16.3607, switching=6.9537, leakage=0.000060)
  power (scenario):  total=20.4828 mW
  energy/FFT: 20.400 nJ; throughput: 1.5625 MFFT/s
  annotated pins: streaming=53086, scenario=53086
run-physical.sh: DONE — results/fft64_baseline_sky130.json
