
 /----------------------------------------------------------------------------\
 |  yosys -- Yosys Open SYnthesis Suite                                       |
 |  Copyright (C) 2012 - 2026  Claire Xenia Wolf <claire@yosyshq.com>         |
 |  Distributed under an ISC-like license, type "license" to see terms        |
 \----------------------------------------------------------------------------/
 Yosys 0.68+136 (git sha1 c30457480-dirty, Release, Clang /usr/bin/clang++ 21.1.8)

-- Executing script file `/home/peweaver-user/Documents/chialoop/chia/examples/peweaver/physical/results/work/shared_synth_run.ys' --

1. Executing Verilog-2005 frontend: rtl/peweaver_ppa_shared_fft.v
Parsing SystemVerilog input from `rtl/peweaver_ppa_shared_fft.v' to AST representation.
Generating RTLIL representation for module `\peweaver_ppa_reset_sync_shared'.
Generating RTLIL representation for module `\peweaver_ppa_shared_fft'.
Successfully finished Verilog frontend.

2. Executing Verilog-2005 frontend: rtl/peweaver_shared_fft.v
Parsing SystemVerilog input from `rtl/peweaver_shared_fft.v' to AST representation.
Generating RTLIL representation for module `\peweaver_shared_fft'.
Warning: Replacing memory \s3_db2_im with list of registers. See rtl/peweaver_shared_fft.v:776
Warning: Replacing memory \s3_db2_re with list of registers. See rtl/peweaver_shared_fft.v:775
Warning: Replacing memory \s3_db1_im with list of registers. See rtl/peweaver_shared_fft.v:716
Warning: Replacing memory \s3_db1_re with list of registers. See rtl/peweaver_shared_fft.v:715
Warning: Replacing memory \s2_db2_im with list of registers. See rtl/peweaver_shared_fft.v:460
Warning: Replacing memory \s2_db2_re with list of registers. See rtl/peweaver_shared_fft.v:459
Warning: Replacing memory \s2_db1_im with list of registers. See rtl/peweaver_shared_fft.v:402
Warning: Replacing memory \s2_db1_re with list of registers. See rtl/peweaver_shared_fft.v:401
Warning: Replacing memory \s1_db2_im with list of registers. See rtl/peweaver_shared_fft.v:146
Warning: Replacing memory \s1_db2_re with list of registers. See rtl/peweaver_shared_fft.v:145
Warning: Replacing memory \s1_db1_im with list of registers. See rtl/peweaver_shared_fft.v:77
Warning: Replacing memory \s1_db1_re with list of registers. See rtl/peweaver_shared_fft.v:76
Successfully finished Verilog frontend.

3. Executing HIERARCHY pass (managing design hierarchy).

3.1. Analyzing design hierarchy..
Top module:  \peweaver_ppa_shared_fft
Used module:     \peweaver_shared_fft
Used module:     \peweaver_ppa_reset_sync_shared
Parameter \WIDTH = 16

3.2. Executing AST frontend in derive mode using pre-parsed AST for module `\peweaver_shared_fft'.
Parameter \WIDTH = 16
Generating RTLIL representation for module `$paramod\peweaver_shared_fft\WIDTH=s32'00000000000000000000000000010000'.
Warning: Replacing memory \s3_db2_im with list of registers. See rtl/peweaver_shared_fft.v:776
Warning: Replacing memory \s3_db2_re with list of registers. See rtl/peweaver_shared_fft.v:775
Warning: Replacing memory \s3_db1_im with list of registers. See rtl/peweaver_shared_fft.v:716
Warning: Replacing memory \s3_db1_re with list of registers. See rtl/peweaver_shared_fft.v:715
Warning: Replacing memory \s2_db2_im with list of registers. See rtl/peweaver_shared_fft.v:460
Warning: Replacing memory \s2_db2_re with list of registers. See rtl/peweaver_shared_fft.v:459
Warning: Replacing memory \s2_db1_im with list of registers. See rtl/peweaver_shared_fft.v:402
Warning: Replacing memory \s2_db1_re with list of registers. See rtl/peweaver_shared_fft.v:401
Warning: Replacing memory \s1_db2_im with list of registers. See rtl/peweaver_shared_fft.v:146
Warning: Replacing memory \s1_db2_re with list of registers. See rtl/peweaver_shared_fft.v:145
Warning: Replacing memory \s1_db1_im with list of registers. See rtl/peweaver_shared_fft.v:77
Warning: Replacing memory \s1_db1_re with list of registers. See rtl/peweaver_shared_fft.v:76

3.3. Analyzing design hierarchy..
Top module:  \peweaver_ppa_shared_fft
Used module:     $paramod\peweaver_shared_fft\WIDTH=s32'00000000000000000000000000010000
Used module:     \peweaver_ppa_reset_sync_shared

3.4. Analyzing design hierarchy..
Top module:  \peweaver_ppa_shared_fft
Used module:     $paramod\peweaver_shared_fft\WIDTH=s32'00000000000000000000000000010000
Used module:     \peweaver_ppa_reset_sync_shared
Removing unused module `\peweaver_shared_fft'.
Removed 1 unused modules.

4. Executing SYNTH pass.

4.1. Executing HIERARCHY pass (managing design hierarchy).

4.1.1. Analyzing design hierarchy..
Top module:  \peweaver_ppa_shared_fft
Used module:     $paramod\peweaver_shared_fft\WIDTH=s32'00000000000000000000000000010000
Used module:     \peweaver_ppa_reset_sync_shared

4.1.2. Analyzing design hierarchy..
Top module:  \peweaver_ppa_shared_fft
Used module:     $paramod\peweaver_shared_fft\WIDTH=s32'00000000000000000000000000010000
Used module:     \peweaver_ppa_reset_sync_shared
Removed 0 unused modules.

4.2. Executing PROC pass (convert processes to netlists).

4.2.1. Executing PROC_CLEAN pass (remove empty switches from decision trees).
Cleaned up 0 empty switches.

4.2.2. Executing PROC_RMDEAD pass (remove dead branches from decision trees).
Removed 1 dead cases from process $proc$rtl/peweaver_shared_fft.v:770$958 in module $paramod\peweaver_shared_fft\WIDTH=s32'00000000000000000000000000010000.
Marked 1 switch rules as full_case in process $proc$rtl/peweaver_shared_fft.v:770$958 in module $paramod\peweaver_shared_fft\WIDTH=s32'00000000000000000000000000010000.
Removed 1 dead cases from process $proc$rtl/peweaver_shared_fft.v:769$954 in module $paramod\peweaver_shared_fft\WIDTH=s32'00000000000000000000000000010000.
Marked 1 switch rules as full_case in process $proc$rtl/peweaver_shared_fft.v:769$954 in module $paramod\peweaver_shared_fft\WIDTH=s32'00000000000000000000000000010000.
Removed 1 dead cases from process $proc$rtl/peweaver_shared_fft.v:754$950 in module $paramod\peweaver_shared_fft\WIDTH=s32'00000000000000000000000000010000.
Marked 1 switch rules as full_case in process $proc$rtl/peweaver_shared_fft.v:754$950 in module $paramod\peweaver_shared_fft\WIDTH=s32'00000000000000000000000000010000.
Removed 1 dead cases from process $proc$rtl/peweaver_shared_fft.v:753$946 in module $paramod\peweaver_shared_fft\WIDTH=s32'00000000000000000000000000010000.
Marked 1 switch rules as full_case in process $proc$rtl/peweaver_shared_fft.v:753$946 in module $paramod\peweaver_shared_fft\WIDTH=s32'00000000000000000000000000010000.
Removed 1 dead cases from process $proc$rtl/peweaver_shared_fft.v:710$942 in module $paramod\peweaver_shared_fft\WIDTH=s32'00000000000000000000000000010000.
Marked 1 switch rules as full_case in process $proc$rtl/peweaver_shared_fft.v:710$942 in module $paramod\peweaver_shared_fft\WIDTH=s32'00000000000000000000000000010000.
Removed 1 dead cases from process $proc$rtl/peweaver_shared_fft.v:710$938 in module $paramod\peweaver_shared_fft\WIDTH=s32'00000000000000000000000000010000.
Marked 1 switch rules as full_case in process $proc$rtl/peweaver_shared_fft.v:710$938 in module $paramod\peweaver_shared_fft\WIDTH=s32'00000000000000000000000000010000.
Removed 1 dead cases from process $proc$rtl/peweaver_shared_fft.v:708$934 in module $paramod\peweaver_shared_fft\WIDTH=s32'00000000000000000000000000010000.
Marked 1 switch rules as full_case in process $proc$rtl/peweaver_shared_fft.v:708$934 in module $paramod\peweaver_shared_fft\WIDTH=s32'00000000000000000000000000010000.
Removed 1 dead cases from process $proc$rtl/peweaver_shared_fft.v:708$930 in module $paramod\peweaver_shared_fft\WIDTH=s32'00000000000000000000000000010000.
Marked 1 switch rules as full_case in process $proc$rtl/peweaver_shared_fft.v:708$930 in module $paramod\peweaver_shared_fft\WIDTH=s32'00000000000000000000000000010000.
Removed 1 dead cases from process $proc$rtl/peweaver_shared_fft.v:692$926 in module $paramod\peweaver_shared_fft\WIDTH=s32'00000000000000000000000000010000.
Marked 1 switch rules as full_case in process $proc$rtl/peweaver_shared_fft.v:692$926 in module $paramod\peweaver_shared_fft\WIDTH=s32'00000000000000000000000000010000.
Removed 1 dead cases from process $proc$rtl/peweaver_shared_fft.v:691$922 in module $paramod\peweaver_shared_fft\WIDTH=s32'00000000000000000000000000010000.
Marked 1 switch rules as full_case in process $proc$rtl/peweaver_shared_fft.v:691$922 in module $paramod\peweaver_shared_fft\WIDTH=s32'00000000000000000000000000010000.
Removed 1 dead cases from process $proc$rtl/peweaver_shared_fft.v:454$918 in module $paramod\peweaver_shared_fft\WIDTH=s32'00000000000000000000000000010000.
Marked 1 switch rules as full_case in process $proc$rtl/peweaver_shared_fft.v:454$918 in module $paramod\peweaver_shared_fft\WIDTH=s32'00000000000000000000000000010000.
Removed 1 dead cases from process $proc$rtl/peweaver_shared_fft.v:453$914 in module $paramod\peweaver_shared_fft\WIDTH=s32'00000000000000000000000000010000.
Marked 1 switch rules as full_case in process $proc$rtl/peweaver_shared_fft.v:453$914 in module $paramod\peweaver_shared_fft\WIDTH=s32'00000000000000000000000000010000.
Removed 1 dead cases from process $proc$rtl/peweaver_shared_fft.v:439$910 in module $paramod\peweaver_shared_fft\WIDTH=s32'00000000000000000000000000010000.
Marked 1 switch rules as full_case in process $proc$rtl/peweaver_shared_fft.v:439$910 in module $paramod\peweaver_shared_fft\WIDTH=s32'00000000000000000000000000010000.
Removed 1 dead cases from process $proc$rtl/peweaver_shared_fft.v:438$906 in module $paramod\peweaver_shared_fft\WIDTH=s32'00000000000000000000000000010000.
Marked 1 switch rules as full_case in process $proc$rtl/peweaver_shared_fft.v:438$906 in module $paramod\peweaver_shared_fft\WIDTH=s32'00000000000000000000000000010000.
Removed 1 dead cases from process $proc$rtl/peweaver_shared_fft.v:396$902 in module $paramod\peweaver_shared_fft\WIDTH=s32'00000000000000000000000000010000.
Marked 1 switch rules as full_case in process $proc$rtl/peweaver_shared_fft.v:396$902 in module $paramod\peweaver_shared_fft\WIDTH=s32'00000000000000000000000000010000.
Removed 1 dead cases from process $proc$rtl/peweaver_shared_fft.v:396$898 in module $paramod\peweaver_shared_fft\WIDTH=s32'00000000000000000000000000010000.
Marked 1 switch rules as full_case in process $proc$rtl/peweaver_shared_fft.v:396$898 in module $paramod\peweaver_shared_fft\WIDTH=s32'00000000000000000000000000010000.
Removed 1 dead cases from process $proc$rtl/peweaver_shared_fft.v:394$894 in module $paramod\peweaver_shared_fft\WIDTH=s32'00000000000000000000000000010000.
Marked 1 switch rules as full_case in process $proc$rtl/peweaver_shared_fft.v:394$894 in module $paramod\peweaver_shared_fft\WIDTH=s32'00000000000000000000000000010000.
Removed 1 dead cases from process $proc$rtl/peweaver_shared_fft.v:394$890 in module $paramod\peweaver_shared_fft\WIDTH=s32'00000000000000000000000000010000.
Marked 1 switch rules as full_case in process $proc$rtl/peweaver_shared_fft.v:394$890 in module $paramod\peweaver_shared_fft\WIDTH=s32'00000000000000000000000000010000.
Removed 1 dead cases from process $proc$rtl/peweaver_shared_fft.v:379$886 in module $paramod\peweaver_shared_fft\WIDTH=s32'00000000000000000000000000010000.
Marked 1 switch rules as full_case in process $proc$rtl/peweaver_shared_fft.v:379$886 in module $paramod\peweaver_shared_fft\WIDTH=s32'00000000000000000000000000010000.
Removed 1 dead cases from process $proc$rtl/peweaver_shared_fft.v:378$882 in module $paramod\peweaver_shared_fft\WIDTH=s32'00000000000000000000000000010000.
Marked 1 switch rules as full_case in process $proc$rtl/peweaver_shared_fft.v:378$882 in module $paramod\peweaver_shared_fft\WIDTH=s32'00000000000000000000000000010000.
Removed 1 dead cases from process $proc$rtl/peweaver_shared_fft.v:140$878 in module $paramod\peweaver_shared_fft\WIDTH=s32'00000000000000000000000000010000.
Marked 1 switch rules as full_case in process $proc$rtl/peweaver_shared_fft.v:140$878 in module $paramod\peweaver_shared_fft\WIDTH=s32'00000000000000000000000000010000.
Removed 1 dead cases from process $proc$rtl/peweaver_shared_fft.v:139$874 in module $paramod\peweaver_shared_fft\WIDTH=s32'00000000000000000000000000010000.
Marked 1 switch rules as full_case in process $proc$rtl/peweaver_shared_fft.v:139$874 in module $paramod\peweaver_shared_fft\WIDTH=s32'00000000000000000000000000010000.
Removed 1 dead cases from process $proc$rtl/peweaver_shared_fft.v:125$870 in module $paramod\peweaver_shared_fft\WIDTH=s32'00000000000000000000000000010000.
Marked 1 switch rules as full_case in process $proc$rtl/peweaver_shared_fft.v:125$870 in module $paramod\peweaver_shared_fft\WIDTH=s32'00000000000000000000000000010000.
Removed 1 dead cases from process $proc$rtl/peweaver_shared_fft.v:124$866 in module $paramod\peweaver_shared_fft\WIDTH=s32'00000000000000000000000000010000.
Marked 1 switch rules as full_case in process $proc$rtl/peweaver_shared_fft.v:124$866 in module $paramod\peweaver_shared_fft\WIDTH=s32'00000000000000000000000000010000.
Removed 1 dead cases from process $proc$rtl/peweaver_shared_fft.v:58$862 in module $paramod\peweaver_shared_fft\WIDTH=s32'00000000000000000000000000010000.
Marked 1 switch rules as full_case in process $proc$rtl/peweaver_shared_fft.v:58$862 in module $paramod\peweaver_shared_fft\WIDTH=s32'00000000000000000000000000010000.
Removed 1 dead cases from process $proc$rtl/peweaver_shared_fft.v:57$858 in module $paramod\peweaver_shared_fft\WIDTH=s32'00000000000000000000000000010000.
Marked 1 switch rules as full_case in process $proc$rtl/peweaver_shared_fft.v:57$858 in module $paramod\peweaver_shared_fft\WIDTH=s32'00000000000000000000000000010000.
Marked 1 switch rules as full_case in process $proc$rtl/peweaver_shared_fft.v:1028$854 in module $paramod\peweaver_shared_fft\WIDTH=s32'00000000000000000000000000010000.
Marked 1 switch rules as full_case in process $proc$rtl/peweaver_shared_fft.v:1017$851 in module $paramod\peweaver_shared_fft\WIDTH=s32'00000000000000000000000000010000.
Marked 1 switch rules as full_case in process $proc$rtl/peweaver_shared_fft.v:985$828 in module $paramod\peweaver_shared_fft\WIDTH=s32'00000000000000000000000000010000.
Marked 1 switch rules as full_case in process $proc$rtl/peweaver_shared_fft.v:972$827 in module $paramod\peweaver_shared_fft\WIDTH=s32'00000000000000000000000000010000.
Removed 1 dead cases from process $proc$rtl/peweaver_shared_fft.v:820$811 in module $paramod\peweaver_shared_fft\WIDTH=s32'00000000000000000000000000010000.
Marked 1 switch rules as full_case in process $proc$rtl/peweaver_shared_fft.v:820$811 in module $paramod\peweaver_shared_fft\WIDTH=s32'00000000000000000000000000010000.
Marked 1 switch rules as full_case in process $proc$rtl/peweaver_shared_fft.v:809$805 in module $paramod\peweaver_shared_fft\WIDTH=s32'00000000000000000000000000010000.
Marked 1 switch rules as full_case in process $proc$rtl/peweaver_shared_fft.v:795$799 in module $paramod\peweaver_shared_fft\WIDTH=s32'00000000000000000000000000010000.
Marked 1 switch rules as full_case in process $proc$rtl/peweaver_shared_fft.v:727$759 in module $paramod\peweaver_shared_fft\WIDTH=s32'00000000000000000000000000010000.
Marked 2 switch rules as full_case in process $proc$rtl/peweaver_shared_fft.v:677$727 in module $paramod\peweaver_shared_fft\WIDTH=s32'00000000000000000000000000010000.
Marked 1 switch rules as full_case in process $proc$rtl/peweaver_shared_fft.v:662$726 in module $paramod\peweaver_shared_fft\WIDTH=s32'00000000000000000000000000010000.
Removed 1 dead cases from process $proc$rtl/peweaver_shared_fft.v:504$708 in module $paramod\peweaver_shared_fft\WIDTH=s32'00000000000000000000000000010000.
Marked 1 switch rules as full_case in process $proc$rtl/peweaver_shared_fft.v:504$708 in module $paramod\peweaver_shared_fft\WIDTH=s32'00000000000000000000000000010000.
Marked 1 switch rules as full_case in process $proc$rtl/peweaver_shared_fft.v:479$691 in module $paramod\peweaver_shared_fft\WIDTH=s32'00000000000000000000000000010000.
Marked 1 switch rules as full_case in process $proc$rtl/peweaver_shared_fft.v:413$651 in module $paramod\peweaver_shared_fft\WIDTH=s32'00000000000000000000000000010000.
Marked 2 switch rules as full_case in process $proc$rtl/peweaver_shared_fft.v:365$619 in module $paramod\peweaver_shared_fft\WIDTH=s32'00000000000000000000000000010000.
Marked 1 switch rules as full_case in process $proc$rtl/peweaver_shared_fft.v:351$618 in module $paramod\peweaver_shared_fft\WIDTH=s32'00000000000000000000000000010000.
Removed 1 dead cases from process $proc$rtl/peweaver_shared_fft.v:193$600 in module $paramod\peweaver_shared_fft\WIDTH=s32'00000000000000000000000000010000.
Marked 1 switch rules as full_case in process $proc$rtl/peweaver_shared_fft.v:193$600 in module $paramod\peweaver_shared_fft\WIDTH=s32'00000000000000000000000000010000.
Marked 1 switch rules as full_case in process $proc$rtl/peweaver_shared_fft.v:167$583 in module $paramod\peweaver_shared_fft\WIDTH=s32'00000000000000000000000000010000.
Marked 1 switch rules as full_case in process $proc$rtl/peweaver_shared_fft.v:96$543 in module $paramod\peweaver_shared_fft\WIDTH=s32'00000000000000000000000000010000.
Marked 2 switch rules as full_case in process $proc$rtl/peweaver_shared_fft.v:41$511 in module $paramod\peweaver_shared_fft\WIDTH=s32'00000000000000000000000000010000.
Marked 1 switch rules as full_case in process $proc$rtl/peweaver_ppa_shared_fft.v:15$1 in module peweaver_ppa_reset_sync_shared.
Removed a total of 29 dead cases.

4.2.3. Executing PROC_PRUNE pass (remove redundant assignments in processes).
Removed 32 redundant assignments.
Promoted 359 assignments to connections.

4.2.4. Executing PROC_INIT pass (extract init attributes).

4.2.5. Executing PROC_ARST pass (detect async resets in processes).
Found async reset \reset in `$paramod\peweaver_shared_fft\WIDTH=s32'00000000000000000000000000010000.$proc$rtl/peweaver_shared_fft.v:1028$854'.
Found async reset \reset in `$paramod\peweaver_shared_fft\WIDTH=s32'00000000000000000000000000010000.$proc$rtl/peweaver_shared_fft.v:1017$851'.
Found async reset \reset in `$paramod\peweaver_shared_fft\WIDTH=s32'00000000000000000000000000010000.$proc$rtl/peweaver_shared_fft.v:985$828'.
Found async reset \reset in `$paramod\peweaver_shared_fft\WIDTH=s32'00000000000000000000000000010000.$proc$rtl/peweaver_shared_fft.v:972$827'.
Found async reset \reset in `$paramod\peweaver_shared_fft\WIDTH=s32'00000000000000000000000000010000.$proc$rtl/peweaver_shared_fft.v:809$805'.
Found async reset \reset in `$paramod\peweaver_shared_fft\WIDTH=s32'00000000000000000000000000010000.$proc$rtl/peweaver_shared_fft.v:795$799'.
Found async reset \reset in `$paramod\peweaver_shared_fft\WIDTH=s32'00000000000000000000000000010000.$proc$rtl/peweaver_shared_fft.v:727$759'.
Found async reset \reset in `$paramod\peweaver_shared_fft\WIDTH=s32'00000000000000000000000000010000.$proc$rtl/peweaver_shared_fft.v:677$727'.
Found async reset \reset in `$paramod\peweaver_shared_fft\WIDTH=s32'00000000000000000000000000010000.$proc$rtl/peweaver_shared_fft.v:662$726'.
Found async reset \reset in `$paramod\peweaver_shared_fft\WIDTH=s32'00000000000000000000000000010000.$proc$rtl/peweaver_shared_fft.v:479$691'.
Found async reset \reset in `$paramod\peweaver_shared_fft\WIDTH=s32'00000000000000000000000000010000.$proc$rtl/peweaver_shared_fft.v:413$651'.
Found async reset \reset in `$paramod\peweaver_shared_fft\WIDTH=s32'00000000000000000000000000010000.$proc$rtl/peweaver_shared_fft.v:365$619'.
Found async reset \reset in `$paramod\peweaver_shared_fft\WIDTH=s32'00000000000000000000000000010000.$proc$rtl/peweaver_shared_fft.v:351$618'.
Found async reset \reset in `$paramod\peweaver_shared_fft\WIDTH=s32'00000000000000000000000000010000.$proc$rtl/peweaver_shared_fft.v:167$583'.
Found async reset \reset in `$paramod\peweaver_shared_fft\WIDTH=s32'00000000000000000000000000010000.$proc$rtl/peweaver_shared_fft.v:96$543'.
Found async reset \reset in `$paramod\peweaver_shared_fft\WIDTH=s32'00000000000000000000000000010000.$proc$rtl/peweaver_shared_fft.v:41$511'.
Found async reset \reset_async_in in `\peweaver_ppa_reset_sync_shared.$proc$rtl/peweaver_ppa_shared_fft.v:15$1'.

4.2.6. Executing PROC_ROM pass (convert switches to ROMs).
Converted 3 switches.
<suppressed ~29 debug messages>

4.2.7. Executing PROC_MUX pass (convert decision trees to multiplexers).
Creating decoders for process `$paramod\peweaver_shared_fft\WIDTH=s32'00000000000000000000000000010000.$proc$rtl/peweaver_shared_fft.v:770$958'.
     1/1: $1$mem2reg_rd$\s3_db2_im$rtl/peweaver_shared_fft.v:770$510_DATA[15:0]$960
Creating decoders for process `$paramod\peweaver_shared_fft\WIDTH=s32'00000000000000000000000000010000.$proc$rtl/peweaver_shared_fft.v:769$954'.
     1/1: $1$mem2reg_rd$\s3_db2_re$rtl/peweaver_shared_fft.v:769$509_DATA[15:0]$956
Creating decoders for process `$paramod\peweaver_shared_fft\WIDTH=s32'00000000000000000000000000010000.$proc$rtl/peweaver_shared_fft.v:754$950'.
     1/1: $1$mem2reg_rd$\s3_db2_im$rtl/peweaver_shared_fft.v:754$508_DATA[15:0]$952
Creating decoders for process `$paramod\peweaver_shared_fft\WIDTH=s32'00000000000000000000000000010000.$proc$rtl/peweaver_shared_fft.v:753$946'.
     1/1: $1$mem2reg_rd$\s3_db2_re$rtl/peweaver_shared_fft.v:753$507_DATA[15:0]$948
Creating decoders for process `$paramod\peweaver_shared_fft\WIDTH=s32'00000000000000000000000000010000.$proc$rtl/peweaver_shared_fft.v:710$942'.
     1/1: $1$mem2reg_rd$\s3_db1_im$rtl/peweaver_shared_fft.v:710$506_DATA[15:0]$944
Creating decoders for process `$paramod\peweaver_shared_fft\WIDTH=s32'00000000000000000000000000010000.$proc$rtl/peweaver_shared_fft.v:710$938'.
     1/1: $1$mem2reg_rd$\s3_db1_re$rtl/peweaver_shared_fft.v:710$505_DATA[15:0]$940
Creating decoders for process `$paramod\peweaver_shared_fft\WIDTH=s32'00000000000000000000000000010000.$proc$rtl/peweaver_shared_fft.v:708$934'.
     1/1: $1$mem2reg_rd$\s3_db1_re$rtl/peweaver_shared_fft.v:708$504_DATA[15:0]$936
Creating decoders for process `$paramod\peweaver_shared_fft\WIDTH=s32'00000000000000000000000000010000.$proc$rtl/peweaver_shared_fft.v:708$930'.
     1/1: $1$mem2reg_rd$\s3_db1_im$rtl/peweaver_shared_fft.v:708$503_DATA[15:0]$932
Creating decoders for process `$paramod\peweaver_shared_fft\WIDTH=s32'00000000000000000000000000010000.$proc$rtl/peweaver_shared_fft.v:692$926'.
     1/1: $1$mem2reg_rd$\s3_db1_im$rtl/peweaver_shared_fft.v:692$502_DATA[15:0]$928
Creating decoders for process `$paramod\peweaver_shared_fft\WIDTH=s32'00000000000000000000000000010000.$proc$rtl/peweaver_shared_fft.v:691$922'.
     1/1: $1$mem2reg_rd$\s3_db1_re$rtl/peweaver_shared_fft.v:691$501_DATA[15:0]$924
Creating decoders for process `$paramod\peweaver_shared_fft\WIDTH=s32'00000000000000000000000000010000.$proc$rtl/peweaver_shared_fft.v:454$918'.
     1/1: $1$mem2reg_rd$\s2_db2_im$rtl/peweaver_shared_fft.v:454$500_DATA[15:0]$920
Creating decoders for process `$paramod\peweaver_shared_fft\WIDTH=s32'00000000000000000000000000010000.$proc$rtl/peweaver_shared_fft.v:453$914'.
     1/1: $1$mem2reg_rd$\s2_db2_re$rtl/peweaver_shared_fft.v:453$499_DATA[15:0]$916
Creating decoders for process `$paramod\peweaver_shared_fft\WIDTH=s32'00000000000000000000000000010000.$proc$rtl/peweaver_shared_fft.v:439$910'.
     1/1: $1$mem2reg_rd$\s2_db2_im$rtl/peweaver_shared_fft.v:439$498_DATA[15:0]$912
Creating decoders for process `$paramod\peweaver_shared_fft\WIDTH=s32'00000000000000000000000000010000.$proc$rtl/peweaver_shared_fft.v:438$906'.
     1/1: $1$mem2reg_rd$\s2_db2_re$rtl/peweaver_shared_fft.v:438$497_DATA[15:0]$908
Creating decoders for process `$paramod\peweaver_shared_fft\WIDTH=s32'00000000000000000000000000010000.$proc$rtl/peweaver_shared_fft.v:396$902'.
     1/1: $1$mem2reg_rd$\s2_db1_im$rtl/peweaver_shared_fft.v:396$496_DATA[15:0]$904
Creating decoders for process `$paramod\peweaver_shared_fft\WIDTH=s32'00000000000000000000000000010000.$proc$rtl/peweaver_shared_fft.v:396$898'.
     1/1: $1$mem2reg_rd$\s2_db1_re$rtl/peweaver_shared_fft.v:396$495_DATA[15:0]$900
Creating decoders for process `$paramod\peweaver_shared_fft\WIDTH=s32'00000000000000000000000000010000.$proc$rtl/peweaver_shared_fft.v:394$894'.
     1/1: $1$mem2reg_rd$\s2_db1_re$rtl/peweaver_shared_fft.v:394$494_DATA[15:0]$896
Creating decoders for process `$paramod\peweaver_shared_fft\WIDTH=s32'00000000000000000000000000010000.$proc$rtl/peweaver_shared_fft.v:394$890'.
     1/1: $1$mem2reg_rd$\s2_db1_im$rtl/peweaver_shared_fft.v:394$493_DATA[15:0]$892
Creating decoders for process `$paramod\peweaver_shared_fft\WIDTH=s32'00000000000000000000000000010000.$proc$rtl/peweaver_shared_fft.v:379$886'.
     1/1: $1$mem2reg_rd$\s2_db1_im$rtl/peweaver_shared_fft.v:379$492_DATA[15:0]$888
Creating decoders for process `$paramod\peweaver_shared_fft\WIDTH=s32'00000000000000000000000000010000.$proc$rtl/peweaver_shared_fft.v:378$882'.
     1/1: $1$mem2reg_rd$\s2_db1_re$rtl/peweaver_shared_fft.v:378$491_DATA[15:0]$884
Creating decoders for process `$paramod\peweaver_shared_fft\WIDTH=s32'00000000000000000000000000010000.$proc$rtl/peweaver_shared_fft.v:140$878'.
     1/1: $1$mem2reg_rd$\s1_db2_im$rtl/peweaver_shared_fft.v:140$490_DATA[15:0]$880
Creating decoders for process `$paramod\peweaver_shared_fft\WIDTH=s32'00000000000000000000000000010000.$proc$rtl/peweaver_shared_fft.v:139$874'.
     1/1: $1$mem2reg_rd$\s1_db2_re$rtl/peweaver_shared_fft.v:139$489_DATA[15:0]$876
Creating decoders for process `$paramod\peweaver_shared_fft\WIDTH=s32'00000000000000000000000000010000.$proc$rtl/peweaver_shared_fft.v:125$870'.
     1/1: $1$mem2reg_rd$\s1_db2_im$rtl/peweaver_shared_fft.v:125$488_DATA[15:0]$872
Creating decoders for process `$paramod\peweaver_shared_fft\WIDTH=s32'00000000000000000000000000010000.$proc$rtl/peweaver_shared_fft.v:124$866'.
     1/1: $1$mem2reg_rd$\s1_db2_re$rtl/peweaver_shared_fft.v:124$487_DATA[15:0]$868
Creating decoders for process `$paramod\peweaver_shared_fft\WIDTH=s32'00000000000000000000000000010000.$proc$rtl/peweaver_shared_fft.v:58$862'.
     1/1: $1$mem2reg_rd$\s1_db1_im$rtl/peweaver_shared_fft.v:58$486_DATA[15:0]$864
Creating decoders for process `$paramod\peweaver_shared_fft\WIDTH=s32'00000000000000000000000000010000.$proc$rtl/peweaver_shared_fft.v:57$858'.
     1/1: $1$mem2reg_rd$\s1_db1_re$rtl/peweaver_shared_fft.v:57$485_DATA[15:0]$860
Creating decoders for process `$paramod\peweaver_shared_fft\WIDTH=s32'00000000000000000000000000010000.$proc$rtl/peweaver_shared_fft.v:1028$854'.
     1/1: $0\s4_do_en[0:0]
Creating decoders for process `$paramod\peweaver_shared_fft\WIDTH=s32'00000000000000000000000000010000.$proc$rtl/peweaver_shared_fft.v:1024$853'.
Creating decoders for process `$paramod\peweaver_shared_fft\WIDTH=s32'00000000000000000000000000010000.$proc$rtl/peweaver_shared_fft.v:1017$851'.
     1/1: $0\s4_bfspen[0:0]
Creating decoders for process `$paramod\peweaver_shared_fft\WIDTH=s32'00000000000000000000000000010000.$proc$rtl/peweaver_shared_fft.v:1011$850'.
Creating decoders for process `$paramod\peweaver_shared_fft\WIDTH=s32'00000000000000000000000000010000.$proc$rtl/peweaver_shared_fft.v:985$828'.
     1/1: $0\s4_bfen[0:0]
Creating decoders for process `$paramod\peweaver_shared_fft\WIDTH=s32'00000000000000000000000000010000.$proc$rtl/peweaver_shared_fft.v:972$827'.
     1/1: $0\s3_mudoen[0:0]
Creating decoders for process `$paramod\peweaver_shared_fft\WIDTH=s32'00000000000000000000000000010000.$proc$rtl/peweaver_shared_fft.v:966$824'.
Creating decoders for process `$paramod\peweaver_shared_fft\WIDTH=s32'00000000000000000000000000010000.$proc$rtl/peweaver_shared_fft.v:820$811'.
     1/1: { $0\s3_twi[15:0] $0\s3_twr[15:0] }
Creating decoders for process `$paramod\peweaver_shared_fft\WIDTH=s32'00000000000000000000000000010000.$proc$rtl/peweaver_shared_fft.v:809$805'.
     1/1: $0\s3_muen[0:0]
Creating decoders for process `$paramod\peweaver_shared_fft\WIDTH=s32'00000000000000000000000000010000.$proc$rtl/peweaver_shared_fft.v:795$799'.
     1/3: $0\s3_bf2doen[0:0]
     2/3: $0\s3_bf2cnt[6:0]
     3/3: $0\s3_bf2spe[0:0]
Creating decoders for process `$paramod\peweaver_shared_fft\WIDTH=s32'00000000000000000000000000010000.$proc$rtl/peweaver_shared_fft.v:786$793'.
Creating decoders for process `$paramod\peweaver_shared_fft\WIDTH=s32'00000000000000000000000000010000.$proc$rtl/peweaver_shared_fft.v:773$790'.
Creating decoders for process `$paramod\peweaver_shared_fft\WIDTH=s32'00000000000000000000000000010000.$proc$rtl/peweaver_shared_fft.v:745$768'.
Creating decoders for process `$paramod\peweaver_shared_fft\WIDTH=s32'00000000000000000000000000010000.$proc$rtl/peweaver_shared_fft.v:739$767'.
Creating decoders for process `$paramod\peweaver_shared_fft\WIDTH=s32'00000000000000000000000000010000.$proc$rtl/peweaver_shared_fft.v:727$759'.
     1/2: $0\s3_bf1cnt[6:0]
     2/2: $0\s3_bf1spe[0:0]
Creating decoders for process `$paramod\peweaver_shared_fft\WIDTH=s32'00000000000000000000000000010000.$proc$rtl/peweaver_shared_fft.v:713$756'.
Creating decoders for process `$paramod\peweaver_shared_fft\WIDTH=s32'00000000000000000000000000010000.$proc$rtl/peweaver_shared_fft.v:677$727'.
     1/1: $0\s3_cnt[6:0]
Creating decoders for process `$paramod\peweaver_shared_fft\WIDTH=s32'00000000000000000000000000010000.$proc$rtl/peweaver_shared_fft.v:662$726'.
     1/1: $0\s2_mudoen[0:0]
Creating decoders for process `$paramod\peweaver_shared_fft\WIDTH=s32'00000000000000000000000000010000.$proc$rtl/peweaver_shared_fft.v:656$723'.
Creating decoders for process `$paramod\peweaver_shared_fft\WIDTH=s32'00000000000000000000000000010000.$proc$rtl/peweaver_shared_fft.v:640$709'.
Creating decoders for process `$paramod\peweaver_shared_fft\WIDTH=s32'00000000000000000000000000010000.$proc$rtl/peweaver_shared_fft.v:504$708'.
     1/1: { $0\s2_twi[15:0] $0\s2_twr[15:0] }
Creating decoders for process `$paramod\peweaver_shared_fft\WIDTH=s32'00000000000000000000000000010000.$proc$rtl/peweaver_shared_fft.v:479$691'.
     1/3: $0\s2_bf2doen[0:0]
     2/3: $0\s2_bf2cnt[6:0]
     3/3: $0\s2_bf2spe[0:0]
Creating decoders for process `$paramod\peweaver_shared_fft\WIDTH=s32'00000000000000000000000000010000.$proc$rtl/peweaver_shared_fft.v:470$685'.
Creating decoders for process `$paramod\peweaver_shared_fft\WIDTH=s32'00000000000000000000000000010000.$proc$rtl/peweaver_shared_fft.v:457$682'.
Creating decoders for process `$paramod\peweaver_shared_fft\WIDTH=s32'00000000000000000000000000010000.$proc$rtl/peweaver_shared_fft.v:431$660'.
Creating decoders for process `$paramod\peweaver_shared_fft\WIDTH=s32'00000000000000000000000000010000.$proc$rtl/peweaver_shared_fft.v:425$659'.
Creating decoders for process `$paramod\peweaver_shared_fft\WIDTH=s32'00000000000000000000000000010000.$proc$rtl/peweaver_shared_fft.v:413$651'.
     1/2: $0\s2_bf1cnt[6:0]
     2/2: $0\s2_bf1spe[0:0]
Creating decoders for process `$paramod\peweaver_shared_fft\WIDTH=s32'00000000000000000000000000010000.$proc$rtl/peweaver_shared_fft.v:399$648'.
Creating decoders for process `$paramod\peweaver_shared_fft\WIDTH=s32'00000000000000000000000000010000.$proc$rtl/peweaver_shared_fft.v:365$619'.
     1/1: $0\s2_cnt[6:0]
Creating decoders for process `$paramod\peweaver_shared_fft\WIDTH=s32'00000000000000000000000000010000.$proc$rtl/peweaver_shared_fft.v:351$618'.
     1/1: $0\s1_mudoen[0:0]
Creating decoders for process `$paramod\peweaver_shared_fft\WIDTH=s32'00000000000000000000000000010000.$proc$rtl/peweaver_shared_fft.v:345$615'.
Creating decoders for process `$paramod\peweaver_shared_fft\WIDTH=s32'00000000000000000000000000010000.$proc$rtl/peweaver_shared_fft.v:329$601'.
Creating decoders for process `$paramod\peweaver_shared_fft\WIDTH=s32'00000000000000000000000000010000.$proc$rtl/peweaver_shared_fft.v:193$600'.
     1/1: { $0\s1_twi[15:0] $0\s1_twr[15:0] }
Creating decoders for process `$paramod\peweaver_shared_fft\WIDTH=s32'00000000000000000000000000010000.$proc$rtl/peweaver_shared_fft.v:167$583'.
     1/3: $0\s1_bf2doen[0:0]
     2/3: $0\s1_bf2cnt[6:0]
     3/3: $0\s1_bf2spe[0:0]
Creating decoders for process `$paramod\peweaver_shared_fft\WIDTH=s32'00000000000000000000000000010000.$proc$rtl/peweaver_shared_fft.v:157$577'.
Creating decoders for process `$paramod\peweaver_shared_fft\WIDTH=s32'00000000000000000000000000010000.$proc$rtl/peweaver_shared_fft.v:143$574'.
Creating decoders for process `$paramod\peweaver_shared_fft\WIDTH=s32'00000000000000000000000000010000.$proc$rtl/peweaver_shared_fft.v:115$552'.
Creating decoders for process `$paramod\peweaver_shared_fft\WIDTH=s32'00000000000000000000000000010000.$proc$rtl/peweaver_shared_fft.v:108$551'.
Creating decoders for process `$paramod\peweaver_shared_fft\WIDTH=s32'00000000000000000000000000010000.$proc$rtl/peweaver_shared_fft.v:96$543'.
     1/2: $0\s1_bf1cnt[6:0]
     2/2: $0\s1_bf1spe[0:0]
Creating decoders for process `$paramod\peweaver_shared_fft\WIDTH=s32'00000000000000000000000000010000.$proc$rtl/peweaver_shared_fft.v:74$533'.
Creating decoders for process `$paramod\peweaver_shared_fft\WIDTH=s32'00000000000000000000000000010000.$proc$rtl/peweaver_shared_fft.v:41$511'.
     1/1: $0\s1_cnt[6:0]
Creating decoders for process `\peweaver_ppa_reset_sync_shared.$proc$rtl/peweaver_ppa_shared_fft.v:15$1'.
     1/1: $0\sync_ff[1:0]

4.2.8. Executing PROC_DLATCH pass (convert process syncs to latches).
No latch inferred for signal `$paramod\peweaver_shared_fft\WIDTH=s32'00000000000000000000000000010000.$mem2reg_rd$\s3_db2_im$rtl/peweaver_shared_fft.v:770$510_DATA' from process `$paramod\peweaver_shared_fft\WIDTH=s32'00000000000000000000000000010000.$proc$rtl/peweaver_shared_fft.v:770$958'.
No latch inferred for signal `$paramod\peweaver_shared_fft\WIDTH=s32'00000000000000000000000000010000.$mem2reg_rd$\s3_db2_re$rtl/peweaver_shared_fft.v:769$509_DATA' from process `$paramod\peweaver_shared_fft\WIDTH=s32'00000000000000000000000000010000.$proc$rtl/peweaver_shared_fft.v:769$954'.
No latch inferred for signal `$paramod\peweaver_shared_fft\WIDTH=s32'00000000000000000000000000010000.$mem2reg_rd$\s3_db2_im$rtl/peweaver_shared_fft.v:754$508_DATA' from process `$paramod\peweaver_shared_fft\WIDTH=s32'00000000000000000000000000010000.$proc$rtl/peweaver_shared_fft.v:754$950'.
No latch inferred for signal `$paramod\peweaver_shared_fft\WIDTH=s32'00000000000000000000000000010000.$mem2reg_rd$\s3_db2_re$rtl/peweaver_shared_fft.v:753$507_DATA' from process `$paramod\peweaver_shared_fft\WIDTH=s32'00000000000000000000000000010000.$proc$rtl/peweaver_shared_fft.v:753$946'.
No latch inferred for signal `$paramod\peweaver_shared_fft\WIDTH=s32'00000000000000000000000000010000.$mem2reg_rd$\s3_db1_im$rtl/peweaver_shared_fft.v:710$506_DATA' from process `$paramod\peweaver_shared_fft\WIDTH=s32'00000000000000000000000000010000.$proc$rtl/peweaver_shared_fft.v:710$942'.
No latch inferred for signal `$paramod\peweaver_shared_fft\WIDTH=s32'00000000000000000000000000010000.$mem2reg_rd$\s3_db1_re$rtl/peweaver_shared_fft.v:710$505_DATA' from process `$paramod\peweaver_shared_fft\WIDTH=s32'00000000000000000000000000010000.$proc$rtl/peweaver_shared_fft.v:710$938'.
No latch inferred for signal `$paramod\peweaver_shared_fft\WIDTH=s32'00000000000000000000000000010000.$mem2reg_rd$\s3_db1_re$rtl/peweaver_shared_fft.v:708$504_DATA' from process `$paramod\peweaver_shared_fft\WIDTH=s32'00000000000000000000000000010000.$proc$rtl/peweaver_shared_fft.v:708$934'.
No latch inferred for signal `$paramod\peweaver_shared_fft\WIDTH=s32'00000000000000000000000000010000.$mem2reg_rd$\s3_db1_im$rtl/peweaver_shared_fft.v:708$503_DATA' from process `$paramod\peweaver_shared_fft\WIDTH=s32'00000000000000000000000000010000.$proc$rtl/peweaver_shared_fft.v:708$930'.
No latch inferred for signal `$paramod\peweaver_shared_fft\WIDTH=s32'00000000000000000000000000010000.$mem2reg_rd$\s3_db1_im$rtl/peweaver_shared_fft.v:692$502_DATA' from process `$paramod\peweaver_shared_fft\WIDTH=s32'00000000000000000000000000010000.$proc$rtl/peweaver_shared_fft.v:692$926'.
No latch inferred for signal `$paramod\peweaver_shared_fft\WIDTH=s32'00000000000000000000000000010000.$mem2reg_rd$\s3_db1_re$rtl/peweaver_shared_fft.v:691$501_DATA' from process `$paramod\peweaver_shared_fft\WIDTH=s32'00000000000000000000000000010000.$proc$rtl/peweaver_shared_fft.v:691$922'.
No latch inferred for signal `$paramod\peweaver_shared_fft\WIDTH=s32'00000000000000000000000000010000.$mem2reg_rd$\s2_db2_im$rtl/peweaver_shared_fft.v:454$500_DATA' from process `$paramod\peweaver_shared_fft\WIDTH=s32'00000000000000000000000000010000.$proc$rtl/peweaver_shared_fft.v:454$918'.
No latch inferred for signal `$paramod\peweaver_shared_fft\WIDTH=s32'00000000000000000000000000010000.$mem2reg_rd$\s2_db2_re$rtl/peweaver_shared_fft.v:453$499_DATA' from process `$paramod\peweaver_shared_fft\WIDTH=s32'00000000000000000000000000010000.$proc$rtl/peweaver_shared_fft.v:453$914'.
No latch inferred for signal `$paramod\peweaver_shared_fft\WIDTH=s32'00000000000000000000000000010000.$mem2reg_rd$\s2_db2_im$rtl/peweaver_shared_fft.v:439$498_DATA' from process `$paramod\peweaver_shared_fft\WIDTH=s32'00000000000000000000000000010000.$proc$rtl/peweaver_shared_fft.v:439$910'.
No latch inferred for signal `$paramod\peweaver_shared_fft\WIDTH=s32'00000000000000000000000000010000.$mem2reg_rd$\s2_db2_re$rtl/peweaver_shared_fft.v:438$497_DATA' from process `$paramod\peweaver_shared_fft\WIDTH=s32'00000000000000000000000000010000.$proc$rtl/peweaver_shared_fft.v:438$906'.
No latch inferred for signal `$paramod\peweaver_shared_fft\WIDTH=s32'00000000000000000000000000010000.$mem2reg_rd$\s2_db1_im$rtl/peweaver_shared_fft.v:396$496_DATA' from process `$paramod\peweaver_shared_fft\WIDTH=s32'00000000000000000000000000010000.$proc$rtl/peweaver_shared_fft.v:396$902'.
No latch inferred for signal `$paramod\peweaver_shared_fft\WIDTH=s32'00000000000000000000000000010000.$mem2reg_rd$\s2_db1_re$rtl/peweaver_shared_fft.v:396$495_DATA' from process `$paramod\peweaver_shared_fft\WIDTH=s32'00000000000000000000000000010000.$proc$rtl/peweaver_shared_fft.v:396$898'.
No latch inferred for signal `$paramod\peweaver_shared_fft\WIDTH=s32'00000000000000000000000000010000.$mem2reg_rd$\s2_db1_re$rtl/peweaver_shared_fft.v:394$494_DATA' from process `$paramod\peweaver_shared_fft\WIDTH=s32'00000000000000000000000000010000.$proc$rtl/peweaver_shared_fft.v:394$894'.
No latch inferred for signal `$paramod\peweaver_shared_fft\WIDTH=s32'00000000000000000000000000010000.$mem2reg_rd$\s2_db1_im$rtl/peweaver_shared_fft.v:394$493_DATA' from process `$paramod\peweaver_shared_fft\WIDTH=s32'00000000000000000000000000010000.$proc$rtl/peweaver_shared_fft.v:394$890'.
No latch inferred for signal `$paramod\peweaver_shared_fft\WIDTH=s32'00000000000000000000000000010000.$mem2reg_rd$\s2_db1_im$rtl/peweaver_shared_fft.v:379$492_DATA' from process `$paramod\peweaver_shared_fft\WIDTH=s32'00000000000000000000000000010000.$proc$rtl/peweaver_shared_fft.v:379$886'.
No latch inferred for signal `$paramod\peweaver_shared_fft\WIDTH=s32'00000000000000000000000000010000.$mem2reg_rd$\s2_db1_re$rtl/peweaver_shared_fft.v:378$491_DATA' from process `$paramod\peweaver_shared_fft\WIDTH=s32'00000000000000000000000000010000.$proc$rtl/peweaver_shared_fft.v:378$882'.
No latch inferred for signal `$paramod\peweaver_shared_fft\WIDTH=s32'00000000000000000000000000010000.$mem2reg_rd$\s1_db2_im$rtl/peweaver_shared_fft.v:140$490_DATA' from process `$paramod\peweaver_shared_fft\WIDTH=s32'00000000000000000000000000010000.$proc$rtl/peweaver_shared_fft.v:140$878'.
No latch inferred for signal `$paramod\peweaver_shared_fft\WIDTH=s32'00000000000000000000000000010000.$mem2reg_rd$\s1_db2_re$rtl/peweaver_shared_fft.v:139$489_DATA' from process `$paramod\peweaver_shared_fft\WIDTH=s32'00000000000000000000000000010000.$proc$rtl/peweaver_shared_fft.v:139$874'.
No latch inferred for signal `$paramod\peweaver_shared_fft\WIDTH=s32'00000000000000000000000000010000.$mem2reg_rd$\s1_db2_im$rtl/peweaver_shared_fft.v:125$488_DATA' from process `$paramod\peweaver_shared_fft\WIDTH=s32'00000000000000000000000000010000.$proc$rtl/peweaver_shared_fft.v:125$870'.
No latch inferred for signal `$paramod\peweaver_shared_fft\WIDTH=s32'00000000000000000000000000010000.$mem2reg_rd$\s1_db2_re$rtl/peweaver_shared_fft.v:124$487_DATA' from process `$paramod\peweaver_shared_fft\WIDTH=s32'00000000000000000000000000010000.$proc$rtl/peweaver_shared_fft.v:124$866'.
No latch inferred for signal `$paramod\peweaver_shared_fft\WIDTH=s32'00000000000000000000000000010000.$mem2reg_rd$\s1_db1_im$rtl/peweaver_shared_fft.v:58$486_DATA' from process `$paramod\peweaver_shared_fft\WIDTH=s32'00000000000000000000000000010000.$proc$rtl/peweaver_shared_fft.v:58$862'.
No latch inferred for signal `$paramod\peweaver_shared_fft\WIDTH=s32'00000000000000000000000000010000.$mem2reg_rd$\s1_db1_re$rtl/peweaver_shared_fft.v:57$485_DATA' from process `$paramod\peweaver_shared_fft\WIDTH=s32'00000000000000000000000000010000.$proc$rtl/peweaver_shared_fft.v:57$858'.

4.2.9. Executing PROC_DFF pass (convert process syncs to FFs).
Creating register for signal `$paramod\peweaver_shared_fft\WIDTH=s32'00000000000000000000000000010000.\s4_do_en' using process `$paramod\peweaver_shared_fft\WIDTH=s32'00000000000000000000000000010000.$proc$rtl/peweaver_shared_fft.v:1028$854'.
  created $adff cell `$procdff$1558' with positive edge clock and positive level reset.
Creating register for signal `$paramod\peweaver_shared_fft\WIDTH=s32'00000000000000000000000000010000.\s4_do_re' using process `$paramod\peweaver_shared_fft\WIDTH=s32'00000000000000000000000000010000.$proc$rtl/peweaver_shared_fft.v:1024$853'.
  created $dff cell `$procdff$1559' with positive edge clock.
Creating register for signal `$paramod\peweaver_shared_fft\WIDTH=s32'00000000000000000000000000010000.\s4_do_im' using process `$paramod\peweaver_shared_fft\WIDTH=s32'00000000000000000000000000010000.$proc$rtl/peweaver_shared_fft.v:1024$853'.
  created $dff cell `$procdff$1560' with positive edge clock.
Creating register for signal `$paramod\peweaver_shared_fft\WIDTH=s32'00000000000000000000000000010000.\s4_bfspen' using process `$paramod\peweaver_shared_fft\WIDTH=s32'00000000000000000000000000010000.$proc$rtl/peweaver_shared_fft.v:1017$851'.
  created $adff cell `$procdff$1563' with positive edge clock and positive level reset.
Creating register for signal `$paramod\peweaver_shared_fft\WIDTH=s32'00000000000000000000000000010000.\s4_db_re' using process `$paramod\peweaver_shared_fft\WIDTH=s32'00000000000000000000000000010000.$proc$rtl/peweaver_shared_fft.v:1011$850'.
  created $dff cell `$procdff$1564' with positive edge clock.
Creating register for signal `$paramod\peweaver_shared_fft\WIDTH=s32'00000000000000000000000000010000.\s4_db_im' using process `$paramod\peweaver_shared_fft\WIDTH=s32'00000000000000000000000000010000.$proc$rtl/peweaver_shared_fft.v:1011$850'.
  created $dff cell `$procdff$1565' with positive edge clock.
Creating register for signal `$paramod\peweaver_shared_fft\WIDTH=s32'00000000000000000000000000010000.\s4_bfen' using process `$paramod\peweaver_shared_fft\WIDTH=s32'00000000000000000000000000010000.$proc$rtl/peweaver_shared_fft.v:985$828'.
  created $adff cell `$procdff$1568' with positive edge clock and positive level reset.
Creating register for signal `$paramod\peweaver_shared_fft\WIDTH=s32'00000000000000000000000000010000.\s3_mudoen' using process `$paramod\peweaver_shared_fft\WIDTH=s32'00000000000000000000000000010000.$proc$rtl/peweaver_shared_fft.v:972$827'.
  created $adff cell `$procdff$1571' with positive edge clock and positive level reset.
Creating register for signal `$paramod\peweaver_shared_fft\WIDTH=s32'00000000000000000000000000010000.\s3_mudor' using process `$paramod\peweaver_shared_fft\WIDTH=s32'00000000000000000000000000010000.$proc$rtl/peweaver_shared_fft.v:966$824'.
  created $dff cell `$procdff$1572' with positive edge clock.
Creating register for signal `$paramod\peweaver_shared_fft\WIDTH=s32'00000000000000000000000000010000.\s3_mudoi' using process `$paramod\peweaver_shared_fft\WIDTH=s32'00000000000000000000000000010000.$proc$rtl/peweaver_shared_fft.v:966$824'.
  created $dff cell `$procdff$1573' with positive edge clock.
Creating register for signal `$paramod\peweaver_shared_fft\WIDTH=s32'00000000000000000000000000010000.\s3_twr' using process `$paramod\peweaver_shared_fft\WIDTH=s32'00000000000000000000000000010000.$proc$rtl/peweaver_shared_fft.v:820$811'.
  created $dff cell `$procdff$1574' with positive edge clock.
Creating register for signal `$paramod\peweaver_shared_fft\WIDTH=s32'00000000000000000000000000010000.\s3_twi' using process `$paramod\peweaver_shared_fft\WIDTH=s32'00000000000000000000000000010000.$proc$rtl/peweaver_shared_fft.v:820$811'.
  created $dff cell `$procdff$1575' with positive edge clock.
Creating register for signal `$paramod\peweaver_shared_fft\WIDTH=s32'00000000000000000000000000010000.\s3_muen' using process `$paramod\peweaver_shared_fft\WIDTH=s32'00000000000000000000000000010000.$proc$rtl/peweaver_shared_fft.v:809$805'.
  created $adff cell `$procdff$1578' with positive edge clock and positive level reset.
Creating register for signal `$paramod\peweaver_shared_fft\WIDTH=s32'00000000000000000000000000010000.\s3_bf2spe' using process `$paramod\peweaver_shared_fft\WIDTH=s32'00000000000000000000000000010000.$proc$rtl/peweaver_shared_fft.v:795$799'.
  created $adff cell `$procdff$1581' with positive edge clock and positive level reset.
Creating register for signal `$paramod\peweaver_shared_fft\WIDTH=s32'00000000000000000000000000010000.\s3_bf2doen' using process `$paramod\peweaver_shared_fft\WIDTH=s32'00000000000000000000000000010000.$proc$rtl/peweaver_shared_fft.v:795$799'.
  created $adff cell `$procdff$1584' with positive edge clock and positive level reset.
Creating register for signal `$paramod\peweaver_shared_fft\WIDTH=s32'00000000000000000000000000010000.\s3_bf2cnt' using process `$paramod\peweaver_shared_fft\WIDTH=s32'00000000000000000000000000010000.$proc$rtl/peweaver_shared_fft.v:795$799'.
  created $adff cell `$procdff$1587' with positive edge clock and positive level reset.
Creating register for signal `$paramod\peweaver_shared_fft\WIDTH=s32'00000000000000000000000000010000.\s3_bf2dor' using process `$paramod\peweaver_shared_fft\WIDTH=s32'00000000000000000000000000010000.$proc$rtl/peweaver_shared_fft.v:786$793'.
  created $dff cell `$procdff$1588' with positive edge clock.
Creating register for signal `$paramod\peweaver_shared_fft\WIDTH=s32'00000000000000000000000000010000.\s3_bf2doi' using process `$paramod\peweaver_shared_fft\WIDTH=s32'00000000000000000000000000010000.$proc$rtl/peweaver_shared_fft.v:786$793'.
  created $dff cell `$procdff$1589' with positive edge clock.
Creating register for signal `$paramod\peweaver_shared_fft\WIDTH=s32'00000000000000000000000000010000.\ib3' using process `$paramod\peweaver_shared_fft\WIDTH=s32'00000000000000000000000000010000.$proc$rtl/peweaver_shared_fft.v:773$790'.
  created $dff cell `$procdff$1590' with positive edge clock.
Creating register for signal `$paramod\peweaver_shared_fft\WIDTH=s32'00000000000000000000000000010000.\s3_db2_re[0]' using process `$paramod\peweaver_shared_fft\WIDTH=s32'00000000000000000000000000010000.$proc$rtl/peweaver_shared_fft.v:773$790'.
  created $dff cell `$procdff$1591' with positive edge clock.
Creating register for signal `$paramod\peweaver_shared_fft\WIDTH=s32'00000000000000000000000000010000.\s3_db2_re[1]' using process `$paramod\peweaver_shared_fft\WIDTH=s32'00000000000000000000000000010000.$proc$rtl/peweaver_shared_fft.v:773$790'.
  created $dff cell `$procdff$1592' with positive edge clock.
Creating register for signal `$paramod\peweaver_shared_fft\WIDTH=s32'00000000000000000000000000010000.\s3_db2_im[0]' using process `$paramod\peweaver_shared_fft\WIDTH=s32'00000000000000000000000000010000.$proc$rtl/peweaver_shared_fft.v:773$790'.
  created $dff cell `$procdff$1593' with positive edge clock.
Creating register for signal `$paramod\peweaver_shared_fft\WIDTH=s32'00000000000000000000000000010000.\s3_db2_im[1]' using process `$paramod\peweaver_shared_fft\WIDTH=s32'00000000000000000000000000010000.$proc$rtl/peweaver_shared_fft.v:773$790'.
  created $dff cell `$procdff$1594' with positive edge clock.
Creating register for signal `$paramod\peweaver_shared_fft\WIDTH=s32'00000000000000000000000000010000.\s3_bf2bf' using process `$paramod\peweaver_shared_fft\WIDTH=s32'00000000000000000000000000010000.$proc$rtl/peweaver_shared_fft.v:745$768'.
  created $dff cell `$procdff$1595' with positive edge clock.
Creating register for signal `$paramod\peweaver_shared_fft\WIDTH=s32'00000000000000000000000000010000.\s3_bf1dor' using process `$paramod\peweaver_shared_fft\WIDTH=s32'00000000000000000000000000010000.$proc$rtl/peweaver_shared_fft.v:739$767'.
  created $dff cell `$procdff$1596' with positive edge clock.
Creating register for signal `$paramod\peweaver_shared_fft\WIDTH=s32'00000000000000000000000000010000.\s3_bf1doi' using process `$paramod\peweaver_shared_fft\WIDTH=s32'00000000000000000000000000010000.$proc$rtl/peweaver_shared_fft.v:739$767'.
  created $dff cell `$procdff$1597' with positive edge clock.
Creating register for signal `$paramod\peweaver_shared_fft\WIDTH=s32'00000000000000000000000000010000.\s3_bf1spe' using process `$paramod\peweaver_shared_fft\WIDTH=s32'00000000000000000000000000010000.$proc$rtl/peweaver_shared_fft.v:727$759'.
  created $adff cell `$procdff$1600' with positive edge clock and positive level reset.
Creating register for signal `$paramod\peweaver_shared_fft\WIDTH=s32'00000000000000000000000000010000.\s3_bf1cnt' using process `$paramod\peweaver_shared_fft\WIDTH=s32'00000000000000000000000000010000.$proc$rtl/peweaver_shared_fft.v:727$759'.
  created $adff cell `$procdff$1603' with positive edge clock and positive level reset.
Creating register for signal `$paramod\peweaver_shared_fft\WIDTH=s32'00000000000000000000000000010000.\ia3' using process `$paramod\peweaver_shared_fft\WIDTH=s32'00000000000000000000000000010000.$proc$rtl/peweaver_shared_fft.v:713$756'.
  created $dff cell `$procdff$1604' with positive edge clock.
Creating register for signal `$paramod\peweaver_shared_fft\WIDTH=s32'00000000000000000000000000010000.\s3_db1_re[0]' using process `$paramod\peweaver_shared_fft\WIDTH=s32'00000000000000000000000000010000.$proc$rtl/peweaver_shared_fft.v:713$756'.
  created $dff cell `$procdff$1605' with positive edge clock.
Creating register for signal `$paramod\peweaver_shared_fft\WIDTH=s32'00000000000000000000000000010000.\s3_db1_re[1]' using process `$paramod\peweaver_shared_fft\WIDTH=s32'00000000000000000000000000010000.$proc$rtl/peweaver_shared_fft.v:713$756'.
  created $dff cell `$procdff$1606' with positive edge clock.
Creating register for signal `$paramod\peweaver_shared_fft\WIDTH=s32'00000000000000000000000000010000.\s3_db1_re[2]' using process `$paramod\peweaver_shared_fft\WIDTH=s32'00000000000000000000000000010000.$proc$rtl/peweaver_shared_fft.v:713$756'.
  created $dff cell `$procdff$1607' with positive edge clock.
Creating register for signal `$paramod\peweaver_shared_fft\WIDTH=s32'00000000000000000000000000010000.\s3_db1_re[3]' using process `$paramod\peweaver_shared_fft\WIDTH=s32'00000000000000000000000000010000.$proc$rtl/peweaver_shared_fft.v:713$756'.
  created $dff cell `$procdff$1608' with positive edge clock.
Creating register for signal `$paramod\peweaver_shared_fft\WIDTH=s32'00000000000000000000000000010000.\s3_db1_im[0]' using process `$paramod\peweaver_shared_fft\WIDTH=s32'00000000000000000000000000010000.$proc$rtl/peweaver_shared_fft.v:713$756'.
  created $dff cell `$procdff$1609' with positive edge clock.
Creating register for signal `$paramod\peweaver_shared_fft\WIDTH=s32'00000000000000000000000000010000.\s3_db1_im[1]' using process `$paramod\peweaver_shared_fft\WIDTH=s32'00000000000000000000000000010000.$proc$rtl/peweaver_shared_fft.v:713$756'.
  created $dff cell `$procdff$1610' with positive edge clock.
Creating register for signal `$paramod\peweaver_shared_fft\WIDTH=s32'00000000000000000000000000010000.\s3_db1_im[2]' using process `$paramod\peweaver_shared_fft\WIDTH=s32'00000000000000000000000000010000.$proc$rtl/peweaver_shared_fft.v:713$756'.
  created $dff cell `$procdff$1611' with positive edge clock.
Creating register for signal `$paramod\peweaver_shared_fft\WIDTH=s32'00000000000000000000000000010000.\s3_db1_im[3]' using process `$paramod\peweaver_shared_fft\WIDTH=s32'00000000000000000000000000010000.$proc$rtl/peweaver_shared_fft.v:713$756'.
  created $dff cell `$procdff$1612' with positive edge clock.
Creating register for signal `$paramod\peweaver_shared_fft\WIDTH=s32'00000000000000000000000000010000.\s3_cnt' using process `$paramod\peweaver_shared_fft\WIDTH=s32'00000000000000000000000000010000.$proc$rtl/peweaver_shared_fft.v:677$727'.
  created $adff cell `$procdff$1615' with positive edge clock and positive level reset.
Creating register for signal `$paramod\peweaver_shared_fft\WIDTH=s32'00000000000000000000000000010000.\s2_mudoen' using process `$paramod\peweaver_shared_fft\WIDTH=s32'00000000000000000000000000010000.$proc$rtl/peweaver_shared_fft.v:662$726'.
  created $adff cell `$procdff$1618' with positive edge clock and positive level reset.
Creating register for signal `$paramod\peweaver_shared_fft\WIDTH=s32'00000000000000000000000000010000.\s2_mudor' using process `$paramod\peweaver_shared_fft\WIDTH=s32'00000000000000000000000000010000.$proc$rtl/peweaver_shared_fft.v:656$723'.
  created $dff cell `$procdff$1619' with positive edge clock.
Creating register for signal `$paramod\peweaver_shared_fft\WIDTH=s32'00000000000000000000000000010000.\s2_mudoi' using process `$paramod\peweaver_shared_fft\WIDTH=s32'00000000000000000000000000010000.$proc$rtl/peweaver_shared_fft.v:656$723'.
  created $dff cell `$procdff$1620' with positive edge clock.
Creating register for signal `$paramod\peweaver_shared_fft\WIDTH=s32'00000000000000000000000000010000.\s2_muen' using process `$paramod\peweaver_shared_fft\WIDTH=s32'00000000000000000000000000010000.$proc$rtl/peweaver_shared_fft.v:640$709'.
  created $dff cell `$procdff$1621' with positive edge clock.
Creating register for signal `$paramod\peweaver_shared_fft\WIDTH=s32'00000000000000000000000000010000.\s2_twr' using process `$paramod\peweaver_shared_fft\WIDTH=s32'00000000000000000000000000010000.$proc$rtl/peweaver_shared_fft.v:504$708'.
  created $dff cell `$procdff$1622' with positive edge clock.
Creating register for signal `$paramod\peweaver_shared_fft\WIDTH=s32'00000000000000000000000000010000.\s2_twi' using process `$paramod\peweaver_shared_fft\WIDTH=s32'00000000000000000000000000010000.$proc$rtl/peweaver_shared_fft.v:504$708'.
  created $dff cell `$procdff$1623' with positive edge clock.
Creating register for signal `$paramod\peweaver_shared_fft\WIDTH=s32'00000000000000000000000000010000.\s2_bf2spe' using process `$paramod\peweaver_shared_fft\WIDTH=s32'00000000000000000000000000010000.$proc$rtl/peweaver_shared_fft.v:479$691'.
  created $adff cell `$procdff$1626' with positive edge clock and positive level reset.
Creating register for signal `$paramod\peweaver_shared_fft\WIDTH=s32'00000000000000000000000000010000.\s2_bf2doen' using process `$paramod\peweaver_shared_fft\WIDTH=s32'00000000000000000000000000010000.$proc$rtl/peweaver_shared_fft.v:479$691'.
  created $adff cell `$procdff$1629' with positive edge clock and positive level reset.
Creating register for signal `$paramod\peweaver_shared_fft\WIDTH=s32'00000000000000000000000000010000.\s2_bf2cnt' using process `$paramod\peweaver_shared_fft\WIDTH=s32'00000000000000000000000000010000.$proc$rtl/peweaver_shared_fft.v:479$691'.
  created $adff cell `$procdff$1632' with positive edge clock and positive level reset.
Creating register for signal `$paramod\peweaver_shared_fft\WIDTH=s32'00000000000000000000000000010000.\s2_bf2dor' using process `$paramod\peweaver_shared_fft\WIDTH=s32'00000000000000000000000000010000.$proc$rtl/peweaver_shared_fft.v:470$685'.
  created $dff cell `$procdff$1633' with positive edge clock.
Creating register for signal `$paramod\peweaver_shared_fft\WIDTH=s32'00000000000000000000000000010000.\s2_bf2doi' using process `$paramod\peweaver_shared_fft\WIDTH=s32'00000000000000000000000000010000.$proc$rtl/peweaver_shared_fft.v:470$685'.
  created $dff cell `$procdff$1634' with positive edge clock.
Creating register for signal `$paramod\peweaver_shared_fft\WIDTH=s32'00000000000000000000000000010000.\ib2' using process `$paramod\peweaver_shared_fft\WIDTH=s32'00000000000000000000000000010000.$proc$rtl/peweaver_shared_fft.v:457$682'.
  created $dff cell `$procdff$1635' with positive edge clock.
Creating register for signal `$paramod\peweaver_shared_fft\WIDTH=s32'00000000000000000000000000010000.\s2_db2_re[0]' using process `$paramod\peweaver_shared_fft\WIDTH=s32'00000000000000000000000000010000.$proc$rtl/peweaver_shared_fft.v:457$682'.
  created $dff cell `$procdff$1636' with positive edge clock.
Creating register for signal `$paramod\peweaver_shared_fft\WIDTH=s32'00000000000000000000000000010000.\s2_db2_re[1]' using process `$paramod\peweaver_shared_fft\WIDTH=s32'00000000000000000000000000010000.$proc$rtl/peweaver_shared_fft.v:457$682'.
  created $dff cell `$procdff$1637' with positive edge clock.
Creating register for signal `$paramod\peweaver_shared_fft\WIDTH=s32'00000000000000000000000000010000.\s2_db2_re[2]' using process `$paramod\peweaver_shared_fft\WIDTH=s32'00000000000000000000000000010000.$proc$rtl/peweaver_shared_fft.v:457$682'.
  created $dff cell `$procdff$1638' with positive edge clock.
Creating register for signal `$paramod\peweaver_shared_fft\WIDTH=s32'00000000000000000000000000010000.\s2_db2_re[3]' using process `$paramod\peweaver_shared_fft\WIDTH=s32'00000000000000000000000000010000.$proc$rtl/peweaver_shared_fft.v:457$682'.
  created $dff cell `$procdff$1639' with positive edge clock.
Creating register for signal `$paramod\peweaver_shared_fft\WIDTH=s32'00000000000000000000000000010000.\s2_db2_re[4]' using process `$paramod\peweaver_shared_fft\WIDTH=s32'00000000000000000000000000010000.$proc$rtl/peweaver_shared_fft.v:457$682'.
  created $dff cell `$procdff$1640' with positive edge clock.
Creating register for signal `$paramod\peweaver_shared_fft\WIDTH=s32'00000000000000000000000000010000.\s2_db2_re[5]' using process `$paramod\peweaver_shared_fft\WIDTH=s32'00000000000000000000000000010000.$proc$rtl/peweaver_shared_fft.v:457$682'.
  created $dff cell `$procdff$1641' with positive edge clock.
Creating register for signal `$paramod\peweaver_shared_fft\WIDTH=s32'00000000000000000000000000010000.\s2_db2_re[6]' using process `$paramod\peweaver_shared_fft\WIDTH=s32'00000000000000000000000000010000.$proc$rtl/peweaver_shared_fft.v:457$682'.
  created $dff cell `$procdff$1642' with positive edge clock.
Creating register for signal `$paramod\peweaver_shared_fft\WIDTH=s32'00000000000000000000000000010000.\s2_db2_re[7]' using process `$paramod\peweaver_shared_fft\WIDTH=s32'00000000000000000000000000010000.$proc$rtl/peweaver_shared_fft.v:457$682'.
  created $dff cell `$procdff$1643' with positive edge clock.
Creating register for signal `$paramod\peweaver_shared_fft\WIDTH=s32'00000000000000000000000000010000.\s2_db2_re[8]' using process `$paramod\peweaver_shared_fft\WIDTH=s32'00000000000000000000000000010000.$proc$rtl/peweaver_shared_fft.v:457$682'.
  created $dff cell `$procdff$1644' with positive edge clock.
Creating register for signal `$paramod\peweaver_shared_fft\WIDTH=s32'00000000000000000000000000010000.\s2_db2_re[9]' using process `$paramod\peweaver_shared_fft\WIDTH=s32'00000000000000000000000000010000.$proc$rtl/peweaver_shared_fft.v:457$682'.
  created $dff cell `$procdff$1645' with positive edge clock.
Creating register for signal `$paramod\peweaver_shared_fft\WIDTH=s32'00000000000000000000000000010000.\s2_db2_re[10]' using process `$paramod\peweaver_shared_fft\WIDTH=s32'00000000000000000000000000010000.$proc$rtl/peweaver_shared_fft.v:457$682'.
  created $dff cell `$procdff$1646' with positive edge clock.
Creating register for signal `$paramod\peweaver_shared_fft\WIDTH=s32'00000000000000000000000000010000.\s2_db2_re[11]' using process `$paramod\peweaver_shared_fft\WIDTH=s32'00000000000000000000000000010000.$proc$rtl/peweaver_shared_fft.v:457$682'.
  created $dff cell `$procdff$1647' with positive edge clock.
Creating register for signal `$paramod\peweaver_shared_fft\WIDTH=s32'00000000000000000000000000010000.\s2_db2_re[12]' using process `$paramod\peweaver_shared_fft\WIDTH=s32'00000000000000000000000000010000.$proc$rtl/peweaver_shared_fft.v:457$682'.
  created $dff cell `$procdff$1648' with positive edge clock.
Creating register for signal `$paramod\peweaver_shared_fft\WIDTH=s32'00000000000000000000000000010000.\s2_db2_re[13]' using process `$paramod\peweaver_shared_fft\WIDTH=s32'00000000000000000000000000010000.$proc$rtl/peweaver_shared_fft.v:457$682'.
  created $dff cell `$procdff$1649' with positive edge clock.
Creating register for signal `$paramod\peweaver_shared_fft\WIDTH=s32'00000000000000000000000000010000.\s2_db2_re[14]' using process `$paramod\peweaver_shared_fft\WIDTH=s32'00000000000000000000000000010000.$proc$rtl/peweaver_shared_fft.v:457$682'.
  created $dff cell `$procdff$1650' with positive edge clock.
Creating register for signal `$paramod\peweaver_shared_fft\WIDTH=s32'00000000000000000000000000010000.\s2_db2_re[15]' using process `$paramod\peweaver_shared_fft\WIDTH=s32'00000000000000000000000000010000.$proc$rtl/peweaver_shared_fft.v:457$682'.
  created $dff cell `$procdff$1651' with positive edge clock.
Creating register for signal `$paramod\peweaver_shared_fft\WIDTH=s32'00000000000000000000000000010000.\s2_db2_im[0]' using process `$paramod\peweaver_shared_fft\WIDTH=s32'00000000000000000000000000010000.$proc$rtl/peweaver_shared_fft.v:457$682'.
  created $dff cell `$procdff$1652' with positive edge clock.
Creating register for signal `$paramod\peweaver_shared_fft\WIDTH=s32'00000000000000000000000000010000.\s2_db2_im[1]' using process `$paramod\peweaver_shared_fft\WIDTH=s32'00000000000000000000000000010000.$proc$rtl/peweaver_shared_fft.v:457$682'.
  created $dff cell `$procdff$1653' with positive edge clock.
Creating register for signal `$paramod\peweaver_shared_fft\WIDTH=s32'00000000000000000000000000010000.\s2_db2_im[2]' using process `$paramod\peweaver_shared_fft\WIDTH=s32'00000000000000000000000000010000.$proc$rtl/peweaver_shared_fft.v:457$682'.
  created $dff cell `$procdff$1654' with positive edge clock.
Creating register for signal `$paramod\peweaver_shared_fft\WIDTH=s32'00000000000000000000000000010000.\s2_db2_im[3]' using process `$paramod\peweaver_shared_fft\WIDTH=s32'00000000000000000000000000010000.$proc$rtl/peweaver_shared_fft.v:457$682'.
  created $dff cell `$procdff$1655' with positive edge clock.
Creating register for signal `$paramod\peweaver_shared_fft\WIDTH=s32'00000000000000000000000000010000.\s2_db2_im[4]' using process `$paramod\peweaver_shared_fft\WIDTH=s32'00000000000000000000000000010000.$proc$rtl/peweaver_shared_fft.v:457$682'.
  created $dff cell `$procdff$1656' with positive edge clock.
Creating register for signal `$paramod\peweaver_shared_fft\WIDTH=s32'00000000000000000000000000010000.\s2_db2_im[5]' using process `$paramod\peweaver_shared_fft\WIDTH=s32'00000000000000000000000000010000.$proc$rtl/peweaver_shared_fft.v:457$682'.
  created $dff cell `$procdff$1657' with positive edge clock.
Creating register for signal `$paramod\peweaver_shared_fft\WIDTH=s32'00000000000000000000000000010000.\s2_db2_im[6]' using process `$paramod\peweaver_shared_fft\WIDTH=s32'00000000000000000000000000010000.$proc$rtl/peweaver_shared_fft.v:457$682'.
  created $dff cell `$procdff$1658' with positive edge clock.
Creating register for signal `$paramod\peweaver_shared_fft\WIDTH=s32'00000000000000000000000000010000.\s2_db2_im[7]' using process `$paramod\peweaver_shared_fft\WIDTH=s32'00000000000000000000000000010000.$proc$rtl/peweaver_shared_fft.v:457$682'.
  created $dff cell `$procdff$1659' with positive edge clock.
Creating register for signal `$paramod\peweaver_shared_fft\WIDTH=s32'00000000000000000000000000010000.\s2_db2_im[8]' using process `$paramod\peweaver_shared_fft\WIDTH=s32'00000000000000000000000000010000.$proc$rtl/peweaver_shared_fft.v:457$682'.
  created $dff cell `$procdff$1660' with positive edge clock.
Creating register for signal `$paramod\peweaver_shared_fft\WIDTH=s32'00000000000000000000000000010000.\s2_db2_im[9]' using process `$paramod\peweaver_shared_fft\WIDTH=s32'00000000000000000000000000010000.$proc$rtl/peweaver_shared_fft.v:457$682'.
  created $dff cell `$procdff$1661' with positive edge clock.
Creating register for signal `$paramod\peweaver_shared_fft\WIDTH=s32'00000000000000000000000000010000.\s2_db2_im[10]' using process `$paramod\peweaver_shared_fft\WIDTH=s32'00000000000000000000000000010000.$proc$rtl/peweaver_shared_fft.v:457$682'.
  created $dff cell `$procdff$1662' with positive edge clock.
Creating register for signal `$paramod\peweaver_shared_fft\WIDTH=s32'00000000000000000000000000010000.\s2_db2_im[11]' using process `$paramod\peweaver_shared_fft\WIDTH=s32'00000000000000000000000000010000.$proc$rtl/peweaver_shared_fft.v:457$682'.
  created $dff cell `$procdff$1663' with positive edge clock.
Creating register for signal `$paramod\peweaver_shared_fft\WIDTH=s32'00000000000000000000000000010000.\s2_db2_im[12]' using process `$paramod\peweaver_shared_fft\WIDTH=s32'00000000000000000000000000010000.$proc$rtl/peweaver_shared_fft.v:457$682'.
  created $dff cell `$procdff$1664' with positive edge clock.
Creating register for signal `$paramod\peweaver_shared_fft\WIDTH=s32'00000000000000000000000000010000.\s2_db2_im[13]' using process `$paramod\peweaver_shared_fft\WIDTH=s32'00000000000000000000000000010000.$proc$rtl/peweaver_shared_fft.v:457$682'.
  created $dff cell `$procdff$1665' with positive edge clock.
Creating register for signal `$paramod\peweaver_shared_fft\WIDTH=s32'00000000000000000000000000010000.\s2_db2_im[14]' using process `$paramod\peweaver_shared_fft\WIDTH=s32'00000000000000000000000000010000.$proc$rtl/peweaver_shared_fft.v:457$682'.
  created $dff cell `$procdff$1666' with positive edge clock.
Creating register for signal `$paramod\peweaver_shared_fft\WIDTH=s32'00000000000000000000000000010000.\s2_db2_im[15]' using process `$paramod\peweaver_shared_fft\WIDTH=s32'00000000000000000000000000010000.$proc$rtl/peweaver_shared_fft.v:457$682'.
  created $dff cell `$procdff$1667' with positive edge clock.
Creating register for signal `$paramod\peweaver_shared_fft\WIDTH=s32'00000000000000000000000000010000.\s2_bf2bf' using process `$paramod\peweaver_shared_fft\WIDTH=s32'00000000000000000000000000010000.$proc$rtl/peweaver_shared_fft.v:431$660'.
  created $dff cell `$procdff$1668' with positive edge clock.
Creating register for signal `$paramod\peweaver_shared_fft\WIDTH=s32'00000000000000000000000000010000.\s2_bf1dor' using process `$paramod\peweaver_shared_fft\WIDTH=s32'00000000000000000000000000010000.$proc$rtl/peweaver_shared_fft.v:425$659'.
  created $dff cell `$procdff$1669' with positive edge clock.
Creating register for signal `$paramod\peweaver_shared_fft\WIDTH=s32'00000000000000000000000000010000.\s2_bf1doi' using process `$paramod\peweaver_shared_fft\WIDTH=s32'00000000000000000000000000010000.$proc$rtl/peweaver_shared_fft.v:425$659'.
  created $dff cell `$procdff$1670' with positive edge clock.
Creating register for signal `$paramod\peweaver_shared_fft\WIDTH=s32'00000000000000000000000000010000.\s2_bf1spe' using process `$paramod\peweaver_shared_fft\WIDTH=s32'00000000000000000000000000010000.$proc$rtl/peweaver_shared_fft.v:413$651'.
  created $adff cell `$procdff$1673' with positive edge clock and positive level reset.
Creating register for signal `$paramod\peweaver_shared_fft\WIDTH=s32'00000000000000000000000000010000.\s2_bf1cnt' using process `$paramod\peweaver_shared_fft\WIDTH=s32'00000000000000000000000000010000.$proc$rtl/peweaver_shared_fft.v:413$651'.
  created $adff cell `$procdff$1676' with positive edge clock and positive level reset.
Creating register for signal `$paramod\peweaver_shared_fft\WIDTH=s32'00000000000000000000000000010000.\ia2' using process `$paramod\peweaver_shared_fft\WIDTH=s32'00000000000000000000000000010000.$proc$rtl/peweaver_shared_fft.v:399$648'.
  created $dff cell `$procdff$1677' with positive edge clock.
Creating register for signal `$paramod\peweaver_shared_fft\WIDTH=s32'00000000000000000000000000010000.\s2_db1_re[0]' using process `$paramod\peweaver_shared_fft\WIDTH=s32'00000000000000000000000000010000.$proc$rtl/peweaver_shared_fft.v:399$648'.
  created $dff cell `$procdff$1678' with positive edge clock.
Creating register for signal `$paramod\peweaver_shared_fft\WIDTH=s32'00000000000000000000000000010000.\s2_db1_re[1]' using process `$paramod\peweaver_shared_fft\WIDTH=s32'00000000000000000000000000010000.$proc$rtl/peweaver_shared_fft.v:399$648'.
  created $dff cell `$procdff$1679' with positive edge clock.
Creating register for signal `$paramod\peweaver_shared_fft\WIDTH=s32'00000000000000000000000000010000.\s2_db1_re[2]' using process `$paramod\peweaver_shared_fft\WIDTH=s32'00000000000000000000000000010000.$proc$rtl/peweaver_shared_fft.v:399$648'.
  created $dff cell `$procdff$1680' with positive edge clock.
Creating register for signal `$paramod\peweaver_shared_fft\WIDTH=s32'00000000000000000000000000010000.\s2_db1_re[3]' using process `$paramod\peweaver_shared_fft\WIDTH=s32'00000000000000000000000000010000.$proc$rtl/peweaver_shared_fft.v:399$648'.
  created $dff cell `$procdff$1681' with positive edge clock.
Creating register for signal `$paramod\peweaver_shared_fft\WIDTH=s32'00000000000000000000000000010000.\s2_db1_re[4]' using process `$paramod\peweaver_shared_fft\WIDTH=s32'00000000000000000000000000010000.$proc$rtl/peweaver_shared_fft.v:399$648'.
  created $dff cell `$procdff$1682' with positive edge clock.
Creating register for signal `$paramod\peweaver_shared_fft\WIDTH=s32'00000000000000000000000000010000.\s2_db1_re[5]' using process `$paramod\peweaver_shared_fft\WIDTH=s32'00000000000000000000000000010000.$proc$rtl/peweaver_shared_fft.v:399$648'.
  created $dff cell `$procdff$1683' with positive edge clock.
Creating register for signal `$paramod\peweaver_shared_fft\WIDTH=s32'00000000000000000000000000010000.\s2_db1_re[6]' using process `$paramod\peweaver_shared_fft\WIDTH=s32'00000000000000000000000000010000.$proc$rtl/peweaver_shared_fft.v:399$648'.
  created $dff cell `$procdff$1684' with positive edge clock.
Creating register for signal `$paramod\peweaver_shared_fft\WIDTH=s32'00000000000000000000000000010000.\s2_db1_re[7]' using process `$paramod\peweaver_shared_fft\WIDTH=s32'00000000000000000000000000010000.$proc$rtl/peweaver_shared_fft.v:399$648'.
  created $dff cell `$procdff$1685' with positive edge clock.
Creating register for signal `$paramod\peweaver_shared_fft\WIDTH=s32'00000000000000000000000000010000.\s2_db1_re[8]' using process `$paramod\peweaver_shared_fft\WIDTH=s32'00000000000000000000000000010000.$proc$rtl/peweaver_shared_fft.v:399$648'.
  created $dff cell `$procdff$1686' with positive edge clock.
Creating register for signal `$paramod\peweaver_shared_fft\WIDTH=s32'00000000000000000000000000010000.\s2_db1_re[9]' using process `$paramod\peweaver_shared_fft\WIDTH=s32'00000000000000000000000000010000.$proc$rtl/peweaver_shared_fft.v:399$648'.
  created $dff cell `$procdff$1687' with positive edge clock.
Creating register for signal `$paramod\peweaver_shared_fft\WIDTH=s32'00000000000000000000000000010000.\s2_db1_re[10]' using process `$paramod\peweaver_shared_fft\WIDTH=s32'00000000000000000000000000010000.$proc$rtl/peweaver_shared_fft.v:399$648'.
  created $dff cell `$procdff$1688' with positive edge clock.
Creating register for signal `$paramod\peweaver_shared_fft\WIDTH=s32'00000000000000000000000000010000.\s2_db1_re[11]' using process `$paramod\peweaver_shared_fft\WIDTH=s32'00000000000000000000000000010000.$proc$rtl/peweaver_shared_fft.v:399$648'.
  created $dff cell `$procdff$1689' with positive edge clock.
Creating register for signal `$paramod\peweaver_shared_fft\WIDTH=s32'00000000000000000000000000010000.\s2_db1_re[12]' using process `$paramod\peweaver_shared_fft\WIDTH=s32'00000000000000000000000000010000.$proc$rtl/peweaver_shared_fft.v:399$648'.
  created $dff cell `$procdff$1690' with positive edge clock.
Creating register for signal `$paramod\peweaver_shared_fft\WIDTH=s32'00000000000000000000000000010000.\s2_db1_re[13]' using process `$paramod\peweaver_shared_fft\WIDTH=s32'00000000000000000000000000010000.$proc$rtl/peweaver_shared_fft.v:399$648'.
  created $dff cell `$procdff$1691' with positive edge clock.
Creating register for signal `$paramod\peweaver_shared_fft\WIDTH=s32'00000000000000000000000000010000.\s2_db1_re[14]' using process `$paramod\peweaver_shared_fft\WIDTH=s32'00000000000000000000000000010000.$proc$rtl/peweaver_shared_fft.v:399$648'.
  created $dff cell `$procdff$1692' with positive edge clock.
Creating register for signal `$paramod\peweaver_shared_fft\WIDTH=s32'00000000000000000000000000010000.\s2_db1_re[15]' using process `$paramod\peweaver_shared_fft\WIDTH=s32'00000000000000000000000000010000.$proc$rtl/peweaver_shared_fft.v:399$648'.
  created $dff cell `$procdff$1693' with positive edge clock.
Creating register for signal `$paramod\peweaver_shared_fft\WIDTH=s32'00000000000000000000000000010000.\s2_db1_re[16]' using process `$paramod\peweaver_shared_fft\WIDTH=s32'00000000000000000000000000010000.$proc$rtl/peweaver_shared_fft.v:399$648'.
  created $dff cell `$procdff$1694' with positive edge clock.
Creating register for signal `$paramod\peweaver_shared_fft\WIDTH=s32'00000000000000000000000000010000.\s2_db1_re[17]' using process `$paramod\peweaver_shared_fft\WIDTH=s32'00000000000000000000000000010000.$proc$rtl/peweaver_shared_fft.v:399$648'.
  created $dff cell `$procdff$1695' with positive edge clock.
Creating register for signal `$paramod\peweaver_shared_fft\WIDTH=s32'00000000000000000000000000010000.\s2_db1_re[18]' using process `$paramod\peweaver_shared_fft\WIDTH=s32'00000000000000000000000000010000.$proc$rtl/peweaver_shared_fft.v:399$648'.
  created $dff cell `$procdff$1696' with positive edge clock.
Creating register for signal `$paramod\peweaver_shared_fft\WIDTH=s32'00000000000000000000000000010000.\s2_db1_re[19]' using process `$paramod\peweaver_shared_fft\WIDTH=s32'00000000000000000000000000010000.$proc$rtl/peweaver_shared_fft.v:399$648'.
  created $dff cell `$procdff$1697' with positive edge clock.
Creating register for signal `$paramod\peweaver_shared_fft\WIDTH=s32'00000000000000000000000000010000.\s2_db1_re[20]' using process `$paramod\peweaver_shared_fft\WIDTH=s32'00000000000000000000000000010000.$proc$rtl/peweaver_shared_fft.v:399$648'.
  created $dff cell `$procdff$1698' with positive edge clock.
Creating register for signal `$paramod\peweaver_shared_fft\WIDTH=s32'00000000000000000000000000010000.\s2_db1_re[21]' using process `$paramod\peweaver_shared_fft\WIDTH=s32'00000000000000000000000000010000.$proc$rtl/peweaver_shared_fft.v:399$648'.
  created $dff cell `$procdff$1699' with positive edge clock.
Creating register for signal `$paramod\peweaver_shared_fft\WIDTH=s32'00000000000000000000000000010000.\s2_db1_re[22]' using process `$paramod\peweaver_shared_fft\WIDTH=s32'00000000000000000000000000010000.$proc$rtl/peweaver_shared_fft.v:399$648'.
  created $dff cell `$procdff$1700' with positive edge clock.
Creating register for signal `$paramod\peweaver_shared_fft\WIDTH=s32'00000000000000000000000000010000.\s2_db1_re[23]' using process `$paramod\peweaver_shared_fft\WIDTH=s32'00000000000000000000000000010000.$proc$rtl/peweaver_shared_fft.v:399$648'.
  created $dff cell `$procdff$1701' with positive edge clock.
Creating register for signal `$paramod\peweaver_shared_fft\WIDTH=s32'00000000000000000000000000010000.\s2_db1_re[24]' using process `$paramod\peweaver_shared_fft\WIDTH=s32'00000000000000000000000000010000.$proc$rtl/peweaver_shared_fft.v:399$648'.
  created $dff cell `$procdff$1702' with positive edge clock.
Creating register for signal `$paramod\peweaver_shared_fft\WIDTH=s32'00000000000000000000000000010000.\s2_db1_re[25]' using process `$paramod\peweaver_shared_fft\WIDTH=s32'00000000000000000000000000010000.$proc$rtl/peweaver_shared_fft.v:399$648'.
  created $dff cell `$procdff$1703' with positive edge clock.
Creating register for signal `$paramod\peweaver_shared_fft\WIDTH=s32'00000000000000000000000000010000.\s2_db1_re[26]' using process `$paramod\peweaver_shared_fft\WIDTH=s32'00000000000000000000000000010000.$proc$rtl/peweaver_shared_fft.v:399$648'.
  created $dff cell `$procdff$1704' with positive edge clock.
Creating register for signal `$paramod\peweaver_shared_fft\WIDTH=s32'00000000000000000000000000010000.\s2_db1_re[27]' using process `$paramod\peweaver_shared_fft\WIDTH=s32'00000000000000000000000000010000.$proc$rtl/peweaver_shared_fft.v:399$648'.
  created $dff cell `$procdff$1705' with positive edge clock.
Creating register for signal `$paramod\peweaver_shared_fft\WIDTH=s32'00000000000000000000000000010000.\s2_db1_re[28]' using process `$paramod\peweaver_shared_fft\WIDTH=s32'00000000000000000000000000010000.$proc$rtl/peweaver_shared_fft.v:399$648'.
  created $dff cell `$procdff$1706' with positive edge clock.
Creating register for signal `$paramod\peweaver_shared_fft\WIDTH=s32'00000000000000000000000000010000.\s2_db1_re[29]' using process `$paramod\peweaver_shared_fft\WIDTH=s32'00000000000000000000000000010000.$proc$rtl/peweaver_shared_fft.v:399$648'.
  created $dff cell `$procdff$1707' with positive edge clock.
Creating register for signal `$paramod\peweaver_shared_fft\WIDTH=s32'00000000000000000000000000010000.\s2_db1_re[30]' using process `$paramod\peweaver_shared_fft\WIDTH=s32'00000000000000000000000000010000.$proc$rtl/peweaver_shared_fft.v:399$648'.
  created $dff cell `$procdff$1708' with positive edge clock.
Creating register for signal `$paramod\peweaver_shared_fft\WIDTH=s32'00000000000000000000000000010000.\s2_db1_re[31]' using process `$paramod\peweaver_shared_fft\WIDTH=s32'00000000000000000000000000010000.$proc$rtl/peweaver_shared_fft.v:399$648'.
  created $dff cell `$procdff$1709' with positive edge clock.
Creating register for signal `$paramod\peweaver_shared_fft\WIDTH=s32'00000000000000000000000000010000.\s2_db1_im[0]' using process `$paramod\peweaver_shared_fft\WIDTH=s32'00000000000000000000000000010000.$proc$rtl/peweaver_shared_fft.v:399$648'.
  created $dff cell `$procdff$1710' with positive edge clock.
Creating register for signal `$paramod\peweaver_shared_fft\WIDTH=s32'00000000000000000000000000010000.\s2_db1_im[1]' using process `$paramod\peweaver_shared_fft\WIDTH=s32'00000000000000000000000000010000.$proc$rtl/peweaver_shared_fft.v:399$648'.
  created $dff cell `$procdff$1711' with positive edge clock.
Creating register for signal `$paramod\peweaver_shared_fft\WIDTH=s32'00000000000000000000000000010000.\s2_db1_im[2]' using process `$paramod\peweaver_shared_fft\WIDTH=s32'00000000000000000000000000010000.$proc$rtl/peweaver_shared_fft.v:399$648'.
  created $dff cell `$procdff$1712' with positive edge clock.
Creating register for signal `$paramod\peweaver_shared_fft\WIDTH=s32'00000000000000000000000000010000.\s2_db1_im[3]' using process `$paramod\peweaver_shared_fft\WIDTH=s32'00000000000000000000000000010000.$proc$rtl/peweaver_shared_fft.v:399$648'.
  created $dff cell `$procdff$1713' with positive edge clock.
Creating register for signal `$paramod\peweaver_shared_fft\WIDTH=s32'00000000000000000000000000010000.\s2_db1_im[4]' using process `$paramod\peweaver_shared_fft\WIDTH=s32'00000000000000000000000000010000.$proc$rtl/peweaver_shared_fft.v:399$648'.
  created $dff cell `$procdff$1714' with positive edge clock.
Creating register for signal `$paramod\peweaver_shared_fft\WIDTH=s32'00000000000000000000000000010000.\s2_db1_im[5]' using process `$paramod\peweaver_shared_fft\WIDTH=s32'00000000000000000000000000010000.$proc$rtl/peweaver_shared_fft.v:399$648'.
  created $dff cell `$procdff$1715' with positive edge clock.
Creating register for signal `$paramod\peweaver_shared_fft\WIDTH=s32'00000000000000000000000000010000.\s2_db1_im[6]' using process `$paramod\peweaver_shared_fft\WIDTH=s32'00000000000000000000000000010000.$proc$rtl/peweaver_shared_fft.v:399$648'.
  created $dff cell `$procdff$1716' with positive edge clock.
Creating register for signal `$paramod\peweaver_shared_fft\WIDTH=s32'00000000000000000000000000010000.\s2_db1_im[7]' using process `$paramod\peweaver_shared_fft\WIDTH=s32'00000000000000000000000000010000.$proc$rtl/peweaver_shared_fft.v:399$648'.
  created $dff cell `$procdff$1717' with positive edge clock.
Creating register for signal `$paramod\peweaver_shared_fft\WIDTH=s32'00000000000000000000000000010000.\s2_db1_im[8]' using process `$paramod\peweaver_shared_fft\WIDTH=s32'00000000000000000000000000010000.$proc$rtl/peweaver_shared_fft.v:399$648'.
  created $dff cell `$procdff$1718' with positive edge clock.
Creating register for signal `$paramod\peweaver_shared_fft\WIDTH=s32'00000000000000000000000000010000.\s2_db1_im[9]' using process `$paramod\peweaver_shared_fft\WIDTH=s32'00000000000000000000000000010000.$proc$rtl/peweaver_shared_fft.v:399$648'.
  created $dff cell `$procdff$1719' with positive edge clock.
Creating register for signal `$paramod\peweaver_shared_fft\WIDTH=s32'00000000000000000000000000010000.\s2_db1_im[10]' using process `$paramod\peweaver_shared_fft\WIDTH=s32'00000000000000000000000000010000.$proc$rtl/peweaver_shared_fft.v:399$648'.
  created $dff cell `$procdff$1720' with positive edge clock.
Creating register for signal `$paramod\peweaver_shared_fft\WIDTH=s32'00000000000000000000000000010000.\s2_db1_im[11]' using process `$paramod\peweaver_shared_fft\WIDTH=s32'00000000000000000000000000010000.$proc$rtl/peweaver_shared_fft.v:399$648'.
  created $dff cell `$procdff$1721' with positive edge clock.
Creating register for signal `$paramod\peweaver_shared_fft\WIDTH=s32'00000000000000000000000000010000.\s2_db1_im[12]' using process `$paramod\peweaver_shared_fft\WIDTH=s32'00000000000000000000000000010000.$proc$rtl/peweaver_shared_fft.v:399$648'.
  created $dff cell `$procdff$1722' with positive edge clock.
Creating register for signal `$paramod\peweaver_shared_fft\WIDTH=s32'00000000000000000000000000010000.\s2_db1_im[13]' using process `$paramod\peweaver_shared_fft\WIDTH=s32'00000000000000000000000000010000.$proc$rtl/peweaver_shared_fft.v:399$648'.
  created $dff cell `$procdff$1723' with positive edge clock.
Creating register for signal `$paramod\peweaver_shared_fft\WIDTH=s32'00000000000000000000000000010000.\s2_db1_im[14]' using process `$paramod\peweaver_shared_fft\WIDTH=s32'00000000000000000000000000010000.$proc$rtl/peweaver_shared_fft.v:399$648'.
  created $dff cell `$procdff$1724' with positive edge clock.
Creating register for signal `$paramod\peweaver_shared_fft\WIDTH=s32'00000000000000000000000000010000.\s2_db1_im[15]' using process `$paramod\peweaver_shared_fft\WIDTH=s32'00000000000000000000000000010000.$proc$rtl/peweaver_shared_fft.v:399$648'.
  created $dff cell `$procdff$1725' with positive edge clock.
Creating register for signal `$paramod\peweaver_shared_fft\WIDTH=s32'00000000000000000000000000010000.\s2_db1_im[16]' using process `$paramod\peweaver_shared_fft\WIDTH=s32'00000000000000000000000000010000.$proc$rtl/peweaver_shared_fft.v:399$648'.
  created $dff cell `$procdff$1726' with positive edge clock.
Creating register for signal `$paramod\peweaver_shared_fft\WIDTH=s32'00000000000000000000000000010000.\s2_db1_im[17]' using process `$paramod\peweaver_shared_fft\WIDTH=s32'00000000000000000000000000010000.$proc$rtl/peweaver_shared_fft.v:399$648'.
  created $dff cell `$procdff$1727' with positive edge clock.
Creating register for signal `$paramod\peweaver_shared_fft\WIDTH=s32'00000000000000000000000000010000.\s2_db1_im[18]' using process `$paramod\peweaver_shared_fft\WIDTH=s32'00000000000000000000000000010000.$proc$rtl/peweaver_shared_fft.v:399$648'.
  created $dff cell `$procdff$1728' with positive edge clock.
Creating register for signal `$paramod\peweaver_shared_fft\WIDTH=s32'00000000000000000000000000010000.\s2_db1_im[19]' using process `$paramod\peweaver_shared_fft\WIDTH=s32'00000000000000000000000000010000.$proc$rtl/peweaver_shared_fft.v:399$648'.
  created $dff cell `$procdff$1729' with positive edge clock.
Creating register for signal `$paramod\peweaver_shared_fft\WIDTH=s32'00000000000000000000000000010000.\s2_db1_im[20]' using process `$paramod\peweaver_shared_fft\WIDTH=s32'00000000000000000000000000010000.$proc$rtl/peweaver_shared_fft.v:399$648'.
  created $dff cell `$procdff$1730' with positive edge clock.
Creating register for signal `$paramod\peweaver_shared_fft\WIDTH=s32'00000000000000000000000000010000.\s2_db1_im[21]' using process `$paramod\peweaver_shared_fft\WIDTH=s32'00000000000000000000000000010000.$proc$rtl/peweaver_shared_fft.v:399$648'.
  created $dff cell `$procdff$1731' with positive edge clock.
Creating register for signal `$paramod\peweaver_shared_fft\WIDTH=s32'00000000000000000000000000010000.\s2_db1_im[22]' using process `$paramod\peweaver_shared_fft\WIDTH=s32'00000000000000000000000000010000.$proc$rtl/peweaver_shared_fft.v:399$648'.
  created $dff cell `$procdff$1732' with positive edge clock.
Creating register for signal `$paramod\peweaver_shared_fft\WIDTH=s32'00000000000000000000000000010000.\s2_db1_im[23]' using process `$paramod\peweaver_shared_fft\WIDTH=s32'00000000000000000000000000010000.$proc$rtl/peweaver_shared_fft.v:399$648'.
  created $dff cell `$procdff$1733' with positive edge clock.
Creating register for signal `$paramod\peweaver_shared_fft\WIDTH=s32'00000000000000000000000000010000.\s2_db1_im[24]' using process `$paramod\peweaver_shared_fft\WIDTH=s32'00000000000000000000000000010000.$proc$rtl/peweaver_shared_fft.v:399$648'.
  created $dff cell `$procdff$1734' with positive edge clock.
Creating register for signal `$paramod\peweaver_shared_fft\WIDTH=s32'00000000000000000000000000010000.\s2_db1_im[25]' using process `$paramod\peweaver_shared_fft\WIDTH=s32'00000000000000000000000000010000.$proc$rtl/peweaver_shared_fft.v:399$648'.
  created $dff cell `$procdff$1735' with positive edge clock.
Creating register for signal `$paramod\peweaver_shared_fft\WIDTH=s32'00000000000000000000000000010000.\s2_db1_im[26]' using process `$paramod\peweaver_shared_fft\WIDTH=s32'00000000000000000000000000010000.$proc$rtl/peweaver_shared_fft.v:399$648'.
  created $dff cell `$procdff$1736' with positive edge clock.
Creating register for signal `$paramod\peweaver_shared_fft\WIDTH=s32'00000000000000000000000000010000.\s2_db1_im[27]' using process `$paramod\peweaver_shared_fft\WIDTH=s32'00000000000000000000000000010000.$proc$rtl/peweaver_shared_fft.v:399$648'.
  created $dff cell `$procdff$1737' with positive edge clock.
Creating register for signal `$paramod\peweaver_shared_fft\WIDTH=s32'00000000000000000000000000010000.\s2_db1_im[28]' using process `$paramod\peweaver_shared_fft\WIDTH=s32'00000000000000000000000000010000.$proc$rtl/peweaver_shared_fft.v:399$648'.
  created $dff cell `$procdff$1738' with positive edge clock.
Creating register for signal `$paramod\peweaver_shared_fft\WIDTH=s32'00000000000000000000000000010000.\s2_db1_im[29]' using process `$paramod\peweaver_shared_fft\WIDTH=s32'00000000000000000000000000010000.$proc$rtl/peweaver_shared_fft.v:399$648'.
  created $dff cell `$procdff$1739' with positive edge clock.
Creating register for signal `$paramod\peweaver_shared_fft\WIDTH=s32'00000000000000000000000000010000.\s2_db1_im[30]' using process `$paramod\peweaver_shared_fft\WIDTH=s32'00000000000000000000000000010000.$proc$rtl/peweaver_shared_fft.v:399$648'.
  created $dff cell `$procdff$1740' with positive edge clock.
Creating register for signal `$paramod\peweaver_shared_fft\WIDTH=s32'00000000000000000000000000010000.\s2_db1_im[31]' using process `$paramod\peweaver_shared_fft\WIDTH=s32'00000000000000000000000000010000.$proc$rtl/peweaver_shared_fft.v:399$648'.
  created $dff cell `$procdff$1741' with positive edge clock.
Creating register for signal `$paramod\peweaver_shared_fft\WIDTH=s32'00000000000000000000000000010000.\s2_cnt' using process `$paramod\peweaver_shared_fft\WIDTH=s32'00000000000000000000000000010000.$proc$rtl/peweaver_shared_fft.v:365$619'.
  created $adff cell `$procdff$1744' with positive edge clock and positive level reset.
Creating register for signal `$paramod\peweaver_shared_fft\WIDTH=s32'00000000000000000000000000010000.\s1_mudoen' using process `$paramod\peweaver_shared_fft\WIDTH=s32'00000000000000000000000000010000.$proc$rtl/peweaver_shared_fft.v:351$618'.
  created $adff cell `$procdff$1747' with positive edge clock and positive level reset.
Creating register for signal `$paramod\peweaver_shared_fft\WIDTH=s32'00000000000000000000000000010000.\s1_mudor' using process `$paramod\peweaver_shared_fft\WIDTH=s32'00000000000000000000000000010000.$proc$rtl/peweaver_shared_fft.v:345$615'.
  created $dff cell `$procdff$1748' with positive edge clock.
Creating register for signal `$paramod\peweaver_shared_fft\WIDTH=s32'00000000000000000000000000010000.\s1_mudoi' using process `$paramod\peweaver_shared_fft\WIDTH=s32'00000000000000000000000000010000.$proc$rtl/peweaver_shared_fft.v:345$615'.
  created $dff cell `$procdff$1749' with positive edge clock.
Creating register for signal `$paramod\peweaver_shared_fft\WIDTH=s32'00000000000000000000000000010000.\s1_muen' using process `$paramod\peweaver_shared_fft\WIDTH=s32'00000000000000000000000000010000.$proc$rtl/peweaver_shared_fft.v:329$601'.
  created $dff cell `$procdff$1750' with positive edge clock.
Creating register for signal `$paramod\peweaver_shared_fft\WIDTH=s32'00000000000000000000000000010000.\s1_twr' using process `$paramod\peweaver_shared_fft\WIDTH=s32'00000000000000000000000000010000.$proc$rtl/peweaver_shared_fft.v:193$600'.
  created $dff cell `$procdff$1751' with positive edge clock.
Creating register for signal `$paramod\peweaver_shared_fft\WIDTH=s32'00000000000000000000000000010000.\s1_twi' using process `$paramod\peweaver_shared_fft\WIDTH=s32'00000000000000000000000000010000.$proc$rtl/peweaver_shared_fft.v:193$600'.
  created $dff cell `$procdff$1752' with positive edge clock.
Creating register for signal `$paramod\peweaver_shared_fft\WIDTH=s32'00000000000000000000000000010000.\s1_bf2spe' using process `$paramod\peweaver_shared_fft\WIDTH=s32'00000000000000000000000000010000.$proc$rtl/peweaver_shared_fft.v:167$583'.
  created $adff cell `$procdff$1755' with positive edge clock and positive level reset.
Creating register for signal `$paramod\peweaver_shared_fft\WIDTH=s32'00000000000000000000000000010000.\s1_bf2doen' using process `$paramod\peweaver_shared_fft\WIDTH=s32'00000000000000000000000000010000.$proc$rtl/peweaver_shared_fft.v:167$583'.
  created $adff cell `$procdff$1758' with positive edge clock and positive level reset.
Creating register for signal `$paramod\peweaver_shared_fft\WIDTH=s32'00000000000000000000000000010000.\s1_bf2cnt' using process `$paramod\peweaver_shared_fft\WIDTH=s32'00000000000000000000000000010000.$proc$rtl/peweaver_shared_fft.v:167$583'.
  created $adff cell `$procdff$1761' with positive edge clock and positive level reset.
Creating register for signal `$paramod\peweaver_shared_fft\WIDTH=s32'00000000000000000000000000010000.\s1_bf2dor' using process `$paramod\peweaver_shared_fft\WIDTH=s32'00000000000000000000000000010000.$proc$rtl/peweaver_shared_fft.v:157$577'.
  created $dff cell `$procdff$1762' with positive edge clock.
Creating register for signal `$paramod\peweaver_shared_fft\WIDTH=s32'00000000000000000000000000010000.\s1_bf2doi' using process `$paramod\peweaver_shared_fft\WIDTH=s32'00000000000000000000000000010000.$proc$rtl/peweaver_shared_fft.v:157$577'.
  created $dff cell `$procdff$1763' with positive edge clock.
Creating register for signal `$paramod\peweaver_shared_fft\WIDTH=s32'00000000000000000000000000010000.\ib1' using process `$paramod\peweaver_shared_fft\WIDTH=s32'00000000000000000000000000010000.$proc$rtl/peweaver_shared_fft.v:143$574'.
  created $dff cell `$procdff$1764' with positive edge clock.
Creating register for signal `$paramod\peweaver_shared_fft\WIDTH=s32'00000000000000000000000000010000.\s1_db2_re[0]' using process `$paramod\peweaver_shared_fft\WIDTH=s32'00000000000000000000000000010000.$proc$rtl/peweaver_shared_fft.v:143$574'.
  created $dff cell `$procdff$1765' with positive edge clock.
Creating register for signal `$paramod\peweaver_shared_fft\WIDTH=s32'00000000000000000000000000010000.\s1_db2_re[1]' using process `$paramod\peweaver_shared_fft\WIDTH=s32'00000000000000000000000000010000.$proc$rtl/peweaver_shared_fft.v:143$574'.
  created $dff cell `$procdff$1766' with positive edge clock.
Creating register for signal `$paramod\peweaver_shared_fft\WIDTH=s32'00000000000000000000000000010000.\s1_db2_re[2]' using process `$paramod\peweaver_shared_fft\WIDTH=s32'00000000000000000000000000010000.$proc$rtl/peweaver_shared_fft.v:143$574'.
  created $dff cell `$procdff$1767' with positive edge clock.
Creating register for signal `$paramod\peweaver_shared_fft\WIDTH=s32'00000000000000000000000000010000.\s1_db2_re[3]' using process `$paramod\peweaver_shared_fft\WIDTH=s32'00000000000000000000000000010000.$proc$rtl/peweaver_shared_fft.v:143$574'.
  created $dff cell `$procdff$1768' with positive edge clock.
Creating register for signal `$paramod\peweaver_shared_fft\WIDTH=s32'00000000000000000000000000010000.\s1_db2_re[4]' using process `$paramod\peweaver_shared_fft\WIDTH=s32'00000000000000000000000000010000.$proc$rtl/peweaver_shared_fft.v:143$574'.
  created $dff cell `$procdff$1769' with positive edge clock.
Creating register for signal `$paramod\peweaver_shared_fft\WIDTH=s32'00000000000000000000000000010000.\s1_db2_re[5]' using process `$paramod\peweaver_shared_fft\WIDTH=s32'00000000000000000000000000010000.$proc$rtl/peweaver_shared_fft.v:143$574'.
  created $dff cell `$procdff$1770' with positive edge clock.
Creating register for signal `$paramod\peweaver_shared_fft\WIDTH=s32'00000000000000000000000000010000.\s1_db2_re[6]' using process `$paramod\peweaver_shared_fft\WIDTH=s32'00000000000000000000000000010000.$proc$rtl/peweaver_shared_fft.v:143$574'.
  created $dff cell `$procdff$1771' with positive edge clock.
Creating register for signal `$paramod\peweaver_shared_fft\WIDTH=s32'00000000000000000000000000010000.\s1_db2_re[7]' using process `$paramod\peweaver_shared_fft\WIDTH=s32'00000000000000000000000000010000.$proc$rtl/peweaver_shared_fft.v:143$574'.
  created $dff cell `$procdff$1772' with positive edge clock.
Creating register for signal `$paramod\peweaver_shared_fft\WIDTH=s32'00000000000000000000000000010000.\s1_db2_re[8]' using process `$paramod\peweaver_shared_fft\WIDTH=s32'00000000000000000000000000010000.$proc$rtl/peweaver_shared_fft.v:143$574'.
  created $dff cell `$procdff$1773' with positive edge clock.
Creating register for signal `$paramod\peweaver_shared_fft\WIDTH=s32'00000000000000000000000000010000.\s1_db2_re[9]' using process `$paramod\peweaver_shared_fft\WIDTH=s32'00000000000000000000000000010000.$proc$rtl/peweaver_shared_fft.v:143$574'.
  created $dff cell `$procdff$1774' with positive edge clock.
Creating register for signal `$paramod\peweaver_shared_fft\WIDTH=s32'00000000000000000000000000010000.\s1_db2_re[10]' using process `$paramod\peweaver_shared_fft\WIDTH=s32'00000000000000000000000000010000.$proc$rtl/peweaver_shared_fft.v:143$574'.
  created $dff cell `$procdff$1775' with positive edge clock.
Creating register for signal `$paramod\peweaver_shared_fft\WIDTH=s32'00000000000000000000000000010000.\s1_db2_re[11]' using process `$paramod\peweaver_shared_fft\WIDTH=s32'00000000000000000000000000010000.$proc$rtl/peweaver_shared_fft.v:143$574'.
  created $dff cell `$procdff$1776' with positive edge clock.
Creating register for signal `$paramod\peweaver_shared_fft\WIDTH=s32'00000000000000000000000000010000.\s1_db2_re[12]' using process `$paramod\peweaver_shared_fft\WIDTH=s32'00000000000000000000000000010000.$proc$rtl/peweaver_shared_fft.v:143$574'.
  created $dff cell `$procdff$1777' with positive edge clock.
Creating register for signal `$paramod\peweaver_shared_fft\WIDTH=s32'00000000000000000000000000010000.\s1_db2_re[13]' using process `$paramod\peweaver_shared_fft\WIDTH=s32'00000000000000000000000000010000.$proc$rtl/peweaver_shared_fft.v:143$574'.
  created $dff cell `$procdff$1778' with positive edge clock.
Creating register for signal `$paramod\peweaver_shared_fft\WIDTH=s32'00000000000000000000000000010000.\s1_db2_re[14]' using process `$paramod\peweaver_shared_fft\WIDTH=s32'00000000000000000000000000010000.$proc$rtl/peweaver_shared_fft.v:143$574'.
  created $dff cell `$procdff$1779' with positive edge clock.
Creating register for signal `$paramod\peweaver_shared_fft\WIDTH=s32'00000000000000000000000000010000.\s1_db2_re[15]' using process `$paramod\peweaver_shared_fft\WIDTH=s32'00000000000000000000000000010000.$proc$rtl/peweaver_shared_fft.v:143$574'.
  created $dff cell `$procdff$1780' with positive edge clock.
Creating register for signal `$paramod\peweaver_shared_fft\WIDTH=s32'00000000000000000000000000010000.\s1_db2_re[16]' using process `$paramod\peweaver_shared_fft\WIDTH=s32'00000000000000000000000000010000.$proc$rtl/peweaver_shared_fft.v:143$574'.
  created $dff cell `$procdff$1781' with positive edge clock.
Creating register for signal `$paramod\peweaver_shared_fft\WIDTH=s32'00000000000000000000000000010000.\s1_db2_re[17]' using process `$paramod\peweaver_shared_fft\WIDTH=s32'00000000000000000000000000010000.$proc$rtl/peweaver_shared_fft.v:143$574'.
  created $dff cell `$procdff$1782' with positive edge clock.
Creating register for signal `$paramod\peweaver_shared_fft\WIDTH=s32'00000000000000000000000000010000.\s1_db2_re[18]' using process `$paramod\peweaver_shared_fft\WIDTH=s32'00000000000000000000000000010000.$proc$rtl/peweaver_shared_fft.v:143$574'.
  created $dff cell `$procdff$1783' with positive edge clock.
Creating register for signal `$paramod\peweaver_shared_fft\WIDTH=s32'00000000000000000000000000010000.\s1_db2_re[19]' using process `$paramod\peweaver_shared_fft\WIDTH=s32'00000000000000000000000000010000.$proc$rtl/peweaver_shared_fft.v:143$574'.
  created $dff cell `$procdff$1784' with positive edge clock.
Creating register for signal `$paramod\peweaver_shared_fft\WIDTH=s32'00000000000000000000000000010000.\s1_db2_re[20]' using process `$paramod\peweaver_shared_fft\WIDTH=s32'00000000000000000000000000010000.$proc$rtl/peweaver_shared_fft.v:143$574'.
  created $dff cell `$procdff$1785' with positive edge clock.
Creating register for signal `$paramod\peweaver_shared_fft\WIDTH=s32'00000000000000000000000000010000.\s1_db2_re[21]' using process `$paramod\peweaver_shared_fft\WIDTH=s32'00000000000000000000000000010000.$proc$rtl/peweaver_shared_fft.v:143$574'.
  created $dff cell `$procdff$1786' with positive edge clock.
Creating register for signal `$paramod\peweaver_shared_fft\WIDTH=s32'00000000000000000000000000010000.\s1_db2_re[22]' using process `$paramod\peweaver_shared_fft\WIDTH=s32'00000000000000000000000000010000.$proc$rtl/peweaver_shared_fft.v:143$574'.
  created $dff cell `$procdff$1787' with positive edge clock.
Creating register for signal `$paramod\peweaver_shared_fft\WIDTH=s32'00000000000000000000000000010000.\s1_db2_re[23]' using process `$paramod\peweaver_shared_fft\WIDTH=s32'00000000000000000000000000010000.$proc$rtl/peweaver_shared_fft.v:143$574'.
  created $dff cell `$procdff$1788' with positive edge clock.
Creating register for signal `$paramod\peweaver_shared_fft\WIDTH=s32'00000000000000000000000000010000.\s1_db2_re[24]' using process `$paramod\peweaver_shared_fft\WIDTH=s32'00000000000000000000000000010000.$proc$rtl/peweaver_shared_fft.v:143$574'.
  created $dff cell `$procdff$1789' with positive edge clock.
Creating register for signal `$paramod\peweaver_shared_fft\WIDTH=s32'00000000000000000000000000010000.\s1_db2_re[25]' using process `$paramod\peweaver_shared_fft\WIDTH=s32'00000000000000000000000000010000.$proc$rtl/peweaver_shared_fft.v:143$574'.
  created $dff cell `$procdff$1790' with positive edge clock.
Creating register for signal `$paramod\peweaver_shared_fft\WIDTH=s32'00000000000000000000000000010000.\s1_db2_re[26]' using process `$paramod\peweaver_shared_fft\WIDTH=s32'00000000000000000000000000010000.$proc$rtl/peweaver_shared_fft.v:143$574'.
  created $dff cell `$procdff$1791' with positive edge clock.
Creating register for signal `$paramod\peweaver_shared_fft\WIDTH=s32'00000000000000000000000000010000.\s1_db2_re[27]' using process `$paramod\peweaver_shared_fft\WIDTH=s32'00000000000000000000000000010000.$proc$rtl/peweaver_shared_fft.v:143$574'.
  created $dff cell `$procdff$1792' with positive edge clock.
Creating register for signal `$paramod\peweaver_shared_fft\WIDTH=s32'00000000000000000000000000010000.\s1_db2_re[28]' using process `$paramod\peweaver_shared_fft\WIDTH=s32'00000000000000000000000000010000.$proc$rtl/peweaver_shared_fft.v:143$574'.
  created $dff cell `$procdff$1793' with positive edge clock.
Creating register for signal `$paramod\peweaver_shared_fft\WIDTH=s32'00000000000000000000000000010000.\s1_db2_re[29]' using process `$paramod\peweaver_shared_fft\WIDTH=s32'00000000000000000000000000010000.$proc$rtl/peweaver_shared_fft.v:143$574'.
  created $dff cell `$procdff$1794' with positive edge clock.
Creating register for signal `$paramod\peweaver_shared_fft\WIDTH=s32'00000000000000000000000000010000.\s1_db2_re[30]' using process `$paramod\peweaver_shared_fft\WIDTH=s32'00000000000000000000000000010000.$proc$rtl/peweaver_shared_fft.v:143$574'.
  created $dff cell `$procdff$1795' with positive edge clock.
Creating register for signal `$paramod\peweaver_shared_fft\WIDTH=s32'00000000000000000000000000010000.\s1_db2_re[31]' using process `$paramod\peweaver_shared_fft\WIDTH=s32'00000000000000000000000000010000.$proc$rtl/peweaver_shared_fft.v:143$574'.
  created $dff cell `$procdff$1796' with positive edge clock.
Creating register for signal `$paramod\peweaver_shared_fft\WIDTH=s32'00000000000000000000000000010000.\s1_db2_im[0]' using process `$paramod\peweaver_shared_fft\WIDTH=s32'00000000000000000000000000010000.$proc$rtl/peweaver_shared_fft.v:143$574'.
  created $dff cell `$procdff$1797' with positive edge clock.
Creating register for signal `$paramod\peweaver_shared_fft\WIDTH=s32'00000000000000000000000000010000.\s1_db2_im[1]' using process `$paramod\peweaver_shared_fft\WIDTH=s32'00000000000000000000000000010000.$proc$rtl/peweaver_shared_fft.v:143$574'.
  created $dff cell `$procdff$1798' with positive edge clock.
Creating register for signal `$paramod\peweaver_shared_fft\WIDTH=s32'00000000000000000000000000010000.\s1_db2_im[2]' using process `$paramod\peweaver_shared_fft\WIDTH=s32'00000000000000000000000000010000.$proc$rtl/peweaver_shared_fft.v:143$574'.
  created $dff cell `$procdff$1799' with positive edge clock.
Creating register for signal `$paramod\peweaver_shared_fft\WIDTH=s32'00000000000000000000000000010000.\s1_db2_im[3]' using process `$paramod\peweaver_shared_fft\WIDTH=s32'00000000000000000000000000010000.$proc$rtl/peweaver_shared_fft.v:143$574'.
  created $dff cell `$procdff$1800' with positive edge clock.
Creating register for signal `$paramod\peweaver_shared_fft\WIDTH=s32'00000000000000000000000000010000.\s1_db2_im[4]' using process `$paramod\peweaver_shared_fft\WIDTH=s32'00000000000000000000000000010000.$proc$rtl/peweaver_shared_fft.v:143$574'.
  created $dff cell `$procdff$1801' with positive edge clock.
Creating register for signal `$paramod\peweaver_shared_fft\WIDTH=s32'00000000000000000000000000010000.\s1_db2_im[5]' using process `$paramod\peweaver_shared_fft\WIDTH=s32'00000000000000000000000000010000.$proc$rtl/peweaver_shared_fft.v:143$574'.
  created $dff cell `$procdff$1802' with positive edge clock.
Creating register for signal `$paramod\peweaver_shared_fft\WIDTH=s32'00000000000000000000000000010000.\s1_db2_im[6]' using process `$paramod\peweaver_shared_fft\WIDTH=s32'00000000000000000000000000010000.$proc$rtl/peweaver_shared_fft.v:143$574'.
  created $dff cell `$procdff$1803' with positive edge clock.
Creating register for signal `$paramod\peweaver_shared_fft\WIDTH=s32'00000000000000000000000000010000.\s1_db2_im[7]' using process `$paramod\peweaver_shared_fft\WIDTH=s32'00000000000000000000000000010000.$proc$rtl/peweaver_shared_fft.v:143$574'.
  created $dff cell `$procdff$1804' with positive edge clock.
Creating register for signal `$paramod\peweaver_shared_fft\WIDTH=s32'00000000000000000000000000010000.\s1_db2_im[8]' using process `$paramod\peweaver_shared_fft\WIDTH=s32'00000000000000000000000000010000.$proc$rtl/peweaver_shared_fft.v:143$574'.
  created $dff cell `$procdff$1805' with positive edge clock.
Creating register for signal `$paramod\peweaver_shared_fft\WIDTH=s32'00000000000000000000000000010000.\s1_db2_im[9]' using process `$paramod\peweaver_shared_fft\WIDTH=s32'00000000000000000000000000010000.$proc$rtl/peweaver_shared_fft.v:143$574'.
  created $dff cell `$procdff$1806' with positive edge clock.
Creating register for signal `$paramod\peweaver_shared_fft\WIDTH=s32'00000000000000000000000000010000.\s1_db2_im[10]' using process `$paramod\peweaver_shared_fft\WIDTH=s32'00000000000000000000000000010000.$proc$rtl/peweaver_shared_fft.v:143$574'.
  created $dff cell `$procdff$1807' with positive edge clock.
Creating register for signal `$paramod\peweaver_shared_fft\WIDTH=s32'00000000000000000000000000010000.\s1_db2_im[11]' using process `$paramod\peweaver_shared_fft\WIDTH=s32'00000000000000000000000000010000.$proc$rtl/peweaver_shared_fft.v:143$574'.
  created $dff cell `$procdff$1808' with positive edge clock.
Creating register for signal `$paramod\peweaver_shared_fft\WIDTH=s32'00000000000000000000000000010000.\s1_db2_im[12]' using process `$paramod\peweaver_shared_fft\WIDTH=s32'00000000000000000000000000010000.$proc$rtl/peweaver_shared_fft.v:143$574'.
  created $dff cell `$procdff$1809' with positive edge clock.
Creating register for signal `$paramod\peweaver_shared_fft\WIDTH=s32'00000000000000000000000000010000.\s1_db2_im[13]' using process `$paramod\peweaver_shared_fft\WIDTH=s32'00000000000000000000000000010000.$proc$rtl/peweaver_shared_fft.v:143$574'.
  created $dff cell `$procdff$1810' with positive edge clock.
Creating register for signal `$paramod\peweaver_shared_fft\WIDTH=s32'00000000000000000000000000010000.\s1_db2_im[14]' using process `$paramod\peweaver_shared_fft\WIDTH=s32'00000000000000000000000000010000.$proc$rtl/peweaver_shared_fft.v:143$574'.
  created $dff cell `$procdff$1811' with positive edge clock.
Creating register for signal `$paramod\peweaver_shared_fft\WIDTH=s32'00000000000000000000000000010000.\s1_db2_im[15]' using process `$paramod\peweaver_shared_fft\WIDTH=s32'00000000000000000000000000010000.$proc$rtl/peweaver_shared_fft.v:143$574'.
  created $dff cell `$procdff$1812' with positive edge clock.
Creating register for signal `$paramod\peweaver_shared_fft\WIDTH=s32'00000000000000000000000000010000.\s1_db2_im[16]' using process `$paramod\peweaver_shared_fft\WIDTH=s32'00000000000000000000000000010000.$proc$rtl/peweaver_shared_fft.v:143$574'.
  created $dff cell `$procdff$1813' with positive edge clock.
Creating register for signal `$paramod\peweaver_shared_fft\WIDTH=s32'00000000000000000000000000010000.\s1_db2_im[17]' using process `$paramod\peweaver_shared_fft\WIDTH=s32'00000000000000000000000000010000.$proc$rtl/peweaver_shared_fft.v:143$574'.
  created $dff cell `$procdff$1814' with positive edge clock.
Creating register for signal `$paramod\peweaver_shared_fft\WIDTH=s32'00000000000000000000000000010000.\s1_db2_im[18]' using process `$paramod\peweaver_shared_fft\WIDTH=s32'00000000000000000000000000010000.$proc$rtl/peweaver_shared_fft.v:143$574'.
  created $dff cell `$procdff$1815' with positive edge clock.
Creating register for signal `$paramod\peweaver_shared_fft\WIDTH=s32'00000000000000000000000000010000.\s1_db2_im[19]' using process `$paramod\peweaver_shared_fft\WIDTH=s32'00000000000000000000000000010000.$proc$rtl/peweaver_shared_fft.v:143$574'.
  created $dff cell `$procdff$1816' with positive edge clock.
Creating register for signal `$paramod\peweaver_shared_fft\WIDTH=s32'00000000000000000000000000010000.\s1_db2_im[20]' using process `$paramod\peweaver_shared_fft\WIDTH=s32'00000000000000000000000000010000.$proc$rtl/peweaver_shared_fft.v:143$574'.
  created $dff cell `$procdff$1817' with positive edge clock.
Creating register for signal `$paramod\peweaver_shared_fft\WIDTH=s32'00000000000000000000000000010000.\s1_db2_im[21]' using process `$paramod\peweaver_shared_fft\WIDTH=s32'00000000000000000000000000010000.$proc$rtl/peweaver_shared_fft.v:143$574'.
  created $dff cell `$procdff$1818' with positive edge clock.
Creating register for signal `$paramod\peweaver_shared_fft\WIDTH=s32'00000000000000000000000000010000.\s1_db2_im[22]' using process `$paramod\peweaver_shared_fft\WIDTH=s32'00000000000000000000000000010000.$proc$rtl/peweaver_shared_fft.v:143$574'.
  created $dff cell `$procdff$1819' with positive edge clock.
Creating register for signal `$paramod\peweaver_shared_fft\WIDTH=s32'00000000000000000000000000010000.\s1_db2_im[23]' using process `$paramod\peweaver_shared_fft\WIDTH=s32'00000000000000000000000000010000.$proc$rtl/peweaver_shared_fft.v:143$574'.
  created $dff cell `$procdff$1820' with positive edge clock.
Creating register for signal `$paramod\peweaver_shared_fft\WIDTH=s32'00000000000000000000000000010000.\s1_db2_im[24]' using process `$paramod\peweaver_shared_fft\WIDTH=s32'00000000000000000000000000010000.$proc$rtl/peweaver_shared_fft.v:143$574'.
  created $dff cell `$procdff$1821' with positive edge clock.
Creating register for signal `$paramod\peweaver_shared_fft\WIDTH=s32'00000000000000000000000000010000.\s1_db2_im[25]' using process `$paramod\peweaver_shared_fft\WIDTH=s32'00000000000000000000000000010000.$proc$rtl/peweaver_shared_fft.v:143$574'.
  created $dff cell `$procdff$1822' with positive edge clock.
Creating register for signal `$paramod\peweaver_shared_fft\WIDTH=s32'00000000000000000000000000010000.\s1_db2_im[26]' using process `$paramod\peweaver_shared_fft\WIDTH=s32'00000000000000000000000000010000.$proc$rtl/peweaver_shared_fft.v:143$574'.
  created $dff cell `$procdff$1823' with positive edge clock.
Creating register for signal `$paramod\peweaver_shared_fft\WIDTH=s32'00000000000000000000000000010000.\s1_db2_im[27]' using process `$paramod\peweaver_shared_fft\WIDTH=s32'00000000000000000000000000010000.$proc$rtl/peweaver_shared_fft.v:143$574'.
  created $dff cell `$procdff$1824' with positive edge clock.
Creating register for signal `$paramod\peweaver_shared_fft\WIDTH=s32'00000000000000000000000000010000.\s1_db2_im[28]' using process `$paramod\peweaver_shared_fft\WIDTH=s32'00000000000000000000000000010000.$proc$rtl/peweaver_shared_fft.v:143$574'.
  created $dff cell `$procdff$1825' with positive edge clock.
Creating register for signal `$paramod\peweaver_shared_fft\WIDTH=s32'00000000000000000000000000010000.\s1_db2_im[29]' using process `$paramod\peweaver_shared_fft\WIDTH=s32'00000000000000000000000000010000.$proc$rtl/peweaver_shared_fft.v:143$574'.
  created $dff cell `$procdff$1826' with positive edge clock.
Creating register for signal `$paramod\peweaver_shared_fft\WIDTH=s32'00000000000000000000000000010000.\s1_db2_im[30]' using process `$paramod\peweaver_shared_fft\WIDTH=s32'00000000000000000000000000010000.$proc$rtl/peweaver_shared_fft.v:143$574'.
  created $dff cell `$procdff$1827' with positive edge clock.
Creating register for signal `$paramod\peweaver_shared_fft\WIDTH=s32'00000000000000000000000000010000.\s1_db2_im[31]' using process `$paramod\peweaver_shared_fft\WIDTH=s32'00000000000000000000000000010000.$proc$rtl/peweaver_shared_fft.v:143$574'.
  created $dff cell `$procdff$1828' with positive edge clock.
Creating register for signal `$paramod\peweaver_shared_fft\WIDTH=s32'00000000000000000000000000010000.\s1_bf2bf' using process `$paramod\peweaver_shared_fft\WIDTH=s32'00000000000000000000000000010000.$proc$rtl/peweaver_shared_fft.v:115$552'.
  created $dff cell `$procdff$1829' with positive edge clock.
Creating register for signal `$paramod\peweaver_shared_fft\WIDTH=s32'00000000000000000000000000010000.\s1_bf1dor' using process `$paramod\peweaver_shared_fft\WIDTH=s32'00000000000000000000000000010000.$proc$rtl/peweaver_shared_fft.v:108$551'.
  created $dff cell `$procdff$1830' with positive edge clock.
Creating register for signal `$paramod\peweaver_shared_fft\WIDTH=s32'00000000000000000000000000010000.\s1_bf1doi' using process `$paramod\peweaver_shared_fft\WIDTH=s32'00000000000000000000000000010000.$proc$rtl/peweaver_shared_fft.v:108$551'.
  created $dff cell `$procdff$1831' with positive edge clock.
Creating register for signal `$paramod\peweaver_shared_fft\WIDTH=s32'00000000000000000000000000010000.\s1_bf1spe' using process `$paramod\peweaver_shared_fft\WIDTH=s32'00000000000000000000000000010000.$proc$rtl/peweaver_shared_fft.v:96$543'.
  created $adff cell `$procdff$1834' with positive edge clock and positive level reset.
Creating register for signal `$paramod\peweaver_shared_fft\WIDTH=s32'00000000000000000000000000010000.\s1_bf1cnt' using process `$paramod\peweaver_shared_fft\WIDTH=s32'00000000000000000000000000010000.$proc$rtl/peweaver_shared_fft.v:96$543'.
  created $adff cell `$procdff$1837' with positive edge clock and positive level reset.
Creating register for signal `$paramod\peweaver_shared_fft\WIDTH=s32'00000000000000000000000000010000.\ia1' using process `$paramod\peweaver_shared_fft\WIDTH=s32'00000000000000000000000000010000.$proc$rtl/peweaver_shared_fft.v:74$533'.
  created $dff cell `$procdff$1838' with positive edge clock.
Creating register for signal `$paramod\peweaver_shared_fft\WIDTH=s32'00000000000000000000000000010000.\s1_db1_re[0]' using process `$paramod\peweaver_shared_fft\WIDTH=s32'00000000000000000000000000010000.$proc$rtl/peweaver_shared_fft.v:74$533'.
  created $dff cell `$procdff$1839' with positive edge clock.
Creating register for signal `$paramod\peweaver_shared_fft\WIDTH=s32'00000000000000000000000000010000.\s1_db1_re[1]' using process `$paramod\peweaver_shared_fft\WIDTH=s32'00000000000000000000000000010000.$proc$rtl/peweaver_shared_fft.v:74$533'.
  created $dff cell `$procdff$1840' with positive edge clock.
Creating register for signal `$paramod\peweaver_shared_fft\WIDTH=s32'00000000000000000000000000010000.\s1_db1_re[2]' using process `$paramod\peweaver_shared_fft\WIDTH=s32'00000000000000000000000000010000.$proc$rtl/peweaver_shared_fft.v:74$533'.
  created $dff cell `$procdff$1841' with positive edge clock.
Creating register for signal `$paramod\peweaver_shared_fft\WIDTH=s32'00000000000000000000000000010000.\s1_db1_re[3]' using process `$paramod\peweaver_shared_fft\WIDTH=s32'00000000000000000000000000010000.$proc$rtl/peweaver_shared_fft.v:74$533'.
  created $dff cell `$procdff$1842' with positive edge clock.
Creating register for signal `$paramod\peweaver_shared_fft\WIDTH=s32'00000000000000000000000000010000.\s1_db1_re[4]' using process `$paramod\peweaver_shared_fft\WIDTH=s32'00000000000000000000000000010000.$proc$rtl/peweaver_shared_fft.v:74$533'.
  created $dff cell `$procdff$1843' with positive edge clock.
Creating register for signal `$paramod\peweaver_shared_fft\WIDTH=s32'00000000000000000000000000010000.\s1_db1_re[5]' using process `$paramod\peweaver_shared_fft\WIDTH=s32'00000000000000000000000000010000.$proc$rtl/peweaver_shared_fft.v:74$533'.
  created $dff cell `$procdff$1844' with positive edge clock.
Creating register for signal `$paramod\peweaver_shared_fft\WIDTH=s32'00000000000000000000000000010000.\s1_db1_re[6]' using process `$paramod\peweaver_shared_fft\WIDTH=s32'00000000000000000000000000010000.$proc$rtl/peweaver_shared_fft.v:74$533'.
  created $dff cell `$procdff$1845' with positive edge clock.
Creating register for signal `$paramod\peweaver_shared_fft\WIDTH=s32'00000000000000000000000000010000.\s1_db1_re[7]' using process `$paramod\peweaver_shared_fft\WIDTH=s32'00000000000000000000000000010000.$proc$rtl/peweaver_shared_fft.v:74$533'.
  created $dff cell `$procdff$1846' with positive edge clock.
Creating register for signal `$paramod\peweaver_shared_fft\WIDTH=s32'00000000000000000000000000010000.\s1_db1_re[8]' using process `$paramod\peweaver_shared_fft\WIDTH=s32'00000000000000000000000000010000.$proc$rtl/peweaver_shared_fft.v:74$533'.
  created $dff cell `$procdff$1847' with positive edge clock.
Creating register for signal `$paramod\peweaver_shared_fft\WIDTH=s32'00000000000000000000000000010000.\s1_db1_re[9]' using process `$paramod\peweaver_shared_fft\WIDTH=s32'00000000000000000000000000010000.$proc$rtl/peweaver_shared_fft.v:74$533'.
  created $dff cell `$procdff$1848' with positive edge clock.
Creating register for signal `$paramod\peweaver_shared_fft\WIDTH=s32'00000000000000000000000000010000.\s1_db1_re[10]' using process `$paramod\peweaver_shared_fft\WIDTH=s32'00000000000000000000000000010000.$proc$rtl/peweaver_shared_fft.v:74$533'.
  created $dff cell `$procdff$1849' with positive edge clock.
Creating register for signal `$paramod\peweaver_shared_fft\WIDTH=s32'00000000000000000000000000010000.\s1_db1_re[11]' using process `$paramod\peweaver_shared_fft\WIDTH=s32'00000000000000000000000000010000.$proc$rtl/peweaver_shared_fft.v:74$533'.
  created $dff cell `$procdff$1850' with positive edge clock.
Creating register for signal `$paramod\peweaver_shared_fft\WIDTH=s32'00000000000000000000000000010000.\s1_db1_re[12]' using process `$paramod\peweaver_shared_fft\WIDTH=s32'00000000000000000000000000010000.$proc$rtl/peweaver_shared_fft.v:74$533'.
  created $dff cell `$procdff$1851' with positive edge clock.
Creating register for signal `$paramod\peweaver_shared_fft\WIDTH=s32'00000000000000000000000000010000.\s1_db1_re[13]' using process `$paramod\peweaver_shared_fft\WIDTH=s32'00000000000000000000000000010000.$proc$rtl/peweaver_shared_fft.v:74$533'.
  created $dff cell `$procdff$1852' with positive edge clock.
Creating register for signal `$paramod\peweaver_shared_fft\WIDTH=s32'00000000000000000000000000010000.\s1_db1_re[14]' using process `$paramod\peweaver_shared_fft\WIDTH=s32'00000000000000000000000000010000.$proc$rtl/peweaver_shared_fft.v:74$533'.
  created $dff cell `$procdff$1853' with positive edge clock.
Creating register for signal `$paramod\peweaver_shared_fft\WIDTH=s32'00000000000000000000000000010000.\s1_db1_re[15]' using process `$paramod\peweaver_shared_fft\WIDTH=s32'00000000000000000000000000010000.$proc$rtl/peweaver_shared_fft.v:74$533'.
  created $dff cell `$procdff$1854' with positive edge clock.
Creating register for signal `$paramod\peweaver_shared_fft\WIDTH=s32'00000000000000000000000000010000.\s1_db1_re[16]' using process `$paramod\peweaver_shared_fft\WIDTH=s32'00000000000000000000000000010000.$proc$rtl/peweaver_shared_fft.v:74$533'.
  created $dff cell `$procdff$1855' with positive edge clock.
Creating register for signal `$paramod\peweaver_shared_fft\WIDTH=s32'00000000000000000000000000010000.\s1_db1_re[17]' using process `$paramod\peweaver_shared_fft\WIDTH=s32'00000000000000000000000000010000.$proc$rtl/peweaver_shared_fft.v:74$533'.
  created $dff cell `$procdff$1856' with positive edge clock.
Creating register for signal `$paramod\peweaver_shared_fft\WIDTH=s32'00000000000000000000000000010000.\s1_db1_re[18]' using process `$paramod\peweaver_shared_fft\WIDTH=s32'00000000000000000000000000010000.$proc$rtl/peweaver_shared_fft.v:74$533'.
  created $dff cell `$procdff$1857' with positive edge clock.
Creating register for signal `$paramod\peweaver_shared_fft\WIDTH=s32'00000000000000000000000000010000.\s1_db1_re[19]' using process `$paramod\peweaver_shared_fft\WIDTH=s32'00000000000000000000000000010000.$proc$rtl/peweaver_shared_fft.v:74$533'.
  created $dff cell `$procdff$1858' with positive edge clock.
Creating register for signal `$paramod\peweaver_shared_fft\WIDTH=s32'00000000000000000000000000010000.\s1_db1_re[20]' using process `$paramod\peweaver_shared_fft\WIDTH=s32'00000000000000000000000000010000.$proc$rtl/peweaver_shared_fft.v:74$533'.
  created $dff cell `$procdff$1859' with positive edge clock.
Creating register for signal `$paramod\peweaver_shared_fft\WIDTH=s32'00000000000000000000000000010000.\s1_db1_re[21]' using process `$paramod\peweaver_shared_fft\WIDTH=s32'00000000000000000000000000010000.$proc$rtl/peweaver_shared_fft.v:74$533'.
  created $dff cell `$procdff$1860' with positive edge clock.
Creating register for signal `$paramod\peweaver_shared_fft\WIDTH=s32'00000000000000000000000000010000.\s1_db1_re[22]' using process `$paramod\peweaver_shared_fft\WIDTH=s32'00000000000000000000000000010000.$proc$rtl/peweaver_shared_fft.v:74$533'.
  created $dff cell `$procdff$1861' with positive edge clock.
Creating register for signal `$paramod\peweaver_shared_fft\WIDTH=s32'00000000000000000000000000010000.\s1_db1_re[23]' using process `$paramod\peweaver_shared_fft\WIDTH=s32'00000000000000000000000000010000.$proc$rtl/peweaver_shared_fft.v:74$533'.
  created $dff cell `$procdff$1862' with positive edge clock.
Creating register for signal `$paramod\peweaver_shared_fft\WIDTH=s32'00000000000000000000000000010000.\s1_db1_re[24]' using process `$paramod\peweaver_shared_fft\WIDTH=s32'00000000000000000000000000010000.$proc$rtl/peweaver_shared_fft.v:74$533'.
  created $dff cell `$procdff$1863' with positive edge clock.
Creating register for signal `$paramod\peweaver_shared_fft\WIDTH=s32'00000000000000000000000000010000.\s1_db1_re[25]' using process `$paramod\peweaver_shared_fft\WIDTH=s32'00000000000000000000000000010000.$proc$rtl/peweaver_shared_fft.v:74$533'.
  created $dff cell `$procdff$1864' with positive edge clock.
Creating register for signal `$paramod\peweaver_shared_fft\WIDTH=s32'00000000000000000000000000010000.\s1_db1_re[26]' using process `$paramod\peweaver_shared_fft\WIDTH=s32'00000000000000000000000000010000.$proc$rtl/peweaver_shared_fft.v:74$533'.
  created $dff cell `$procdff$1865' with positive edge clock.
Creating register for signal `$paramod\peweaver_shared_fft\WIDTH=s32'00000000000000000000000000010000.\s1_db1_re[27]' using process `$paramod\peweaver_shared_fft\WIDTH=s32'00000000000000000000000000010000.$proc$rtl/peweaver_shared_fft.v:74$533'.
  created $dff cell `$procdff$1866' with positive edge clock.
Creating register for signal `$paramod\peweaver_shared_fft\WIDTH=s32'00000000000000000000000000010000.\s1_db1_re[28]' using process `$paramod\peweaver_shared_fft\WIDTH=s32'00000000000000000000000000010000.$proc$rtl/peweaver_shared_fft.v:74$533'.
  created $dff cell `$procdff$1867' with positive edge clock.
Creating register for signal `$paramod\peweaver_shared_fft\WIDTH=s32'00000000000000000000000000010000.\s1_db1_re[29]' using process `$paramod\peweaver_shared_fft\WIDTH=s32'00000000000000000000000000010000.$proc$rtl/peweaver_shared_fft.v:74$533'.
  created $dff cell `$procdff$1868' with positive edge clock.
Creating register for signal `$paramod\peweaver_shared_fft\WIDTH=s32'00000000000000000000000000010000.\s1_db1_re[30]' using process `$paramod\peweaver_shared_fft\WIDTH=s32'00000000000000000000000000010000.$proc$rtl/peweaver_shared_fft.v:74$533'.
  created $dff cell `$procdff$1869' with positive edge clock.
Creating register for signal `$paramod\peweaver_shared_fft\WIDTH=s32'00000000000000000000000000010000.\s1_db1_re[31]' using process `$paramod\peweaver_shared_fft\WIDTH=s32'00000000000000000000000000010000.$proc$rtl/peweaver_shared_fft.v:74$533'.
  created $dff cell `$procdff$1870' with positive edge clock.
Creating register for signal `$paramod\peweaver_shared_fft\WIDTH=s32'00000000000000000000000000010000.\s1_db1_re[32]' using process `$paramod\peweaver_shared_fft\WIDTH=s32'00000000000000000000000000010000.$proc$rtl/peweaver_shared_fft.v:74$533'.
  created $dff cell `$procdff$1871' with positive edge clock.
Creating register for signal `$paramod\peweaver_shared_fft\WIDTH=s32'00000000000000000000000000010000.\s1_db1_re[33]' using process `$paramod\peweaver_shared_fft\WIDTH=s32'00000000000000000000000000010000.$proc$rtl/peweaver_shared_fft.v:74$533'.
  created $dff cell `$procdff$1872' with positive edge clock.
Creating register for signal `$paramod\peweaver_shared_fft\WIDTH=s32'00000000000000000000000000010000.\s1_db1_re[34]' using process `$paramod\peweaver_shared_fft\WIDTH=s32'00000000000000000000000000010000.$proc$rtl/peweaver_shared_fft.v:74$533'.
  created $dff cell `$procdff$1873' with positive edge clock.
Creating register for signal `$paramod\peweaver_shared_fft\WIDTH=s32'00000000000000000000000000010000.\s1_db1_re[35]' using process `$paramod\peweaver_shared_fft\WIDTH=s32'00000000000000000000000000010000.$proc$rtl/peweaver_shared_fft.v:74$533'.
  created $dff cell `$procdff$1874' with positive edge clock.
Creating register for signal `$paramod\peweaver_shared_fft\WIDTH=s32'00000000000000000000000000010000.\s1_db1_re[36]' using process `$paramod\peweaver_shared_fft\WIDTH=s32'00000000000000000000000000010000.$proc$rtl/peweaver_shared_fft.v:74$533'.
  created $dff cell `$procdff$1875' with positive edge clock.
Creating register for signal `$paramod\peweaver_shared_fft\WIDTH=s32'00000000000000000000000000010000.\s1_db1_re[37]' using process `$paramod\peweaver_shared_fft\WIDTH=s32'00000000000000000000000000010000.$proc$rtl/peweaver_shared_fft.v:74$533'.
  created $dff cell `$procdff$1876' with positive edge clock.
Creating register for signal `$paramod\peweaver_shared_fft\WIDTH=s32'00000000000000000000000000010000.\s1_db1_re[38]' using process `$paramod\peweaver_shared_fft\WIDTH=s32'00000000000000000000000000010000.$proc$rtl/peweaver_shared_fft.v:74$533'.
  created $dff cell `$procdff$1877' with positive edge clock.
Creating register for signal `$paramod\peweaver_shared_fft\WIDTH=s32'00000000000000000000000000010000.\s1_db1_re[39]' using process `$paramod\peweaver_shared_fft\WIDTH=s32'00000000000000000000000000010000.$proc$rtl/peweaver_shared_fft.v:74$533'.
  created $dff cell `$procdff$1878' with positive edge clock.
Creating register for signal `$paramod\peweaver_shared_fft\WIDTH=s32'00000000000000000000000000010000.\s1_db1_re[40]' using process `$paramod\peweaver_shared_fft\WIDTH=s32'00000000000000000000000000010000.$proc$rtl/peweaver_shared_fft.v:74$533'.
  created $dff cell `$procdff$1879' with positive edge clock.
Creating register for signal `$paramod\peweaver_shared_fft\WIDTH=s32'00000000000000000000000000010000.\s1_db1_re[41]' using process `$paramod\peweaver_shared_fft\WIDTH=s32'00000000000000000000000000010000.$proc$rtl/peweaver_shared_fft.v:74$533'.
  created $dff cell `$procdff$1880' with positive edge clock.
Creating register for signal `$paramod\peweaver_shared_fft\WIDTH=s32'00000000000000000000000000010000.\s1_db1_re[42]' using process `$paramod\peweaver_shared_fft\WIDTH=s32'00000000000000000000000000010000.$proc$rtl/peweaver_shared_fft.v:74$533'.
  created $dff cell `$procdff$1881' with positive edge clock.
Creating register for signal `$paramod\peweaver_shared_fft\WIDTH=s32'00000000000000000000000000010000.\s1_db1_re[43]' using process `$paramod\peweaver_shared_fft\WIDTH=s32'00000000000000000000000000010000.$proc$rtl/peweaver_shared_fft.v:74$533'.
  created $dff cell `$procdff$1882' with positive edge clock.
Creating register for signal `$paramod\peweaver_shared_fft\WIDTH=s32'00000000000000000000000000010000.\s1_db1_re[44]' using process `$paramod\peweaver_shared_fft\WIDTH=s32'00000000000000000000000000010000.$proc$rtl/peweaver_shared_fft.v:74$533'.
  created $dff cell `$procdff$1883' with positive edge clock.
Creating register for signal `$paramod\peweaver_shared_fft\WIDTH=s32'00000000000000000000000000010000.\s1_db1_re[45]' using process `$paramod\peweaver_shared_fft\WIDTH=s32'00000000000000000000000000010000.$proc$rtl/peweaver_shared_fft.v:74$533'.
  created $dff cell `$procdff$1884' with positive edge clock.
Creating register for signal `$paramod\peweaver_shared_fft\WIDTH=s32'00000000000000000000000000010000.\s1_db1_re[46]' using process `$paramod\peweaver_shared_fft\WIDTH=s32'00000000000000000000000000010000.$proc$rtl/peweaver_shared_fft.v:74$533'.
  created $dff cell `$procdff$1885' with positive edge clock.
Creating register for signal `$paramod\peweaver_shared_fft\WIDTH=s32'00000000000000000000000000010000.\s1_db1_re[47]' using process `$paramod\peweaver_shared_fft\WIDTH=s32'00000000000000000000000000010000.$proc$rtl/peweaver_shared_fft.v:74$533'.
  created $dff cell `$procdff$1886' with positive edge clock.
Creating register for signal `$paramod\peweaver_shared_fft\WIDTH=s32'00000000000000000000000000010000.\s1_db1_re[48]' using process `$paramod\peweaver_shared_fft\WIDTH=s32'00000000000000000000000000010000.$proc$rtl/peweaver_shared_fft.v:74$533'.
  created $dff cell `$procdff$1887' with positive edge clock.
Creating register for signal `$paramod\peweaver_shared_fft\WIDTH=s32'00000000000000000000000000010000.\s1_db1_re[49]' using process `$paramod\peweaver_shared_fft\WIDTH=s32'00000000000000000000000000010000.$proc$rtl/peweaver_shared_fft.v:74$533'.
  created $dff cell `$procdff$1888' with positive edge clock.
Creating register for signal `$paramod\peweaver_shared_fft\WIDTH=s32'00000000000000000000000000010000.\s1_db1_re[50]' using process `$paramod\peweaver_shared_fft\WIDTH=s32'00000000000000000000000000010000.$proc$rtl/peweaver_shared_fft.v:74$533'.
  created $dff cell `$procdff$1889' with positive edge clock.
Creating register for signal `$paramod\peweaver_shared_fft\WIDTH=s32'00000000000000000000000000010000.\s1_db1_re[51]' using process `$paramod\peweaver_shared_fft\WIDTH=s32'00000000000000000000000000010000.$proc$rtl/peweaver_shared_fft.v:74$533'.
  created $dff cell `$procdff$1890' with positive edge clock.
Creating register for signal `$paramod\peweaver_shared_fft\WIDTH=s32'00000000000000000000000000010000.\s1_db1_re[52]' using process `$paramod\peweaver_shared_fft\WIDTH=s32'00000000000000000000000000010000.$proc$rtl/peweaver_shared_fft.v:74$533'.
  created $dff cell `$procdff$1891' with positive edge clock.
Creating register for signal `$paramod\peweaver_shared_fft\WIDTH=s32'00000000000000000000000000010000.\s1_db1_re[53]' using process `$paramod\peweaver_shared_fft\WIDTH=s32'00000000000000000000000000010000.$proc$rtl/peweaver_shared_fft.v:74$533'.
  created $dff cell `$procdff$1892' with positive edge clock.
Creating register for signal `$paramod\peweaver_shared_fft\WIDTH=s32'00000000000000000000000000010000.\s1_db1_re[54]' using process `$paramod\peweaver_shared_fft\WIDTH=s32'00000000000000000000000000010000.$proc$rtl/peweaver_shared_fft.v:74$533'.
  created $dff cell `$procdff$1893' with positive edge clock.
Creating register for signal `$paramod\peweaver_shared_fft\WIDTH=s32'00000000000000000000000000010000.\s1_db1_re[55]' using process `$paramod\peweaver_shared_fft\WIDTH=s32'00000000000000000000000000010000.$proc$rtl/peweaver_shared_fft.v:74$533'.
  created $dff cell `$procdff$1894' with positive edge clock.
Creating register for signal `$paramod\peweaver_shared_fft\WIDTH=s32'00000000000000000000000000010000.\s1_db1_re[56]' using process `$paramod\peweaver_shared_fft\WIDTH=s32'00000000000000000000000000010000.$proc$rtl/peweaver_shared_fft.v:74$533'.
  created $dff cell `$procdff$1895' with positive edge clock.
Creating register for signal `$paramod\peweaver_shared_fft\WIDTH=s32'00000000000000000000000000010000.\s1_db1_re[57]' using process `$paramod\peweaver_shared_fft\WIDTH=s32'00000000000000000000000000010000.$proc$rtl/peweaver_shared_fft.v:74$533'.
  created $dff cell `$procdff$1896' with positive edge clock.
Creating register for signal `$paramod\peweaver_shared_fft\WIDTH=s32'00000000000000000000000000010000.\s1_db1_re[58]' using process `$paramod\peweaver_shared_fft\WIDTH=s32'00000000000000000000000000010000.$proc$rtl/peweaver_shared_fft.v:74$533'.
  created $dff cell `$procdff$1897' with positive edge clock.
Creating register for signal `$paramod\peweaver_shared_fft\WIDTH=s32'00000000000000000000000000010000.\s1_db1_re[59]' using process `$paramod\peweaver_shared_fft\WIDTH=s32'00000000000000000000000000010000.$proc$rtl/peweaver_shared_fft.v:74$533'.
  created $dff cell `$procdff$1898' with positive edge clock.
Creating register for signal `$paramod\peweaver_shared_fft\WIDTH=s32'00000000000000000000000000010000.\s1_db1_re[60]' using process `$paramod\peweaver_shared_fft\WIDTH=s32'00000000000000000000000000010000.$proc$rtl/peweaver_shared_fft.v:74$533'.
  created $dff cell `$procdff$1899' with positive edge clock.
Creating register for signal `$paramod\peweaver_shared_fft\WIDTH=s32'00000000000000000000000000010000.\s1_db1_re[61]' using process `$paramod\peweaver_shared_fft\WIDTH=s32'00000000000000000000000000010000.$proc$rtl/peweaver_shared_fft.v:74$533'.
  created $dff cell `$procdff$1900' with positive edge clock.
Creating register for signal `$paramod\peweaver_shared_fft\WIDTH=s32'00000000000000000000000000010000.\s1_db1_re[62]' using process `$paramod\peweaver_shared_fft\WIDTH=s32'00000000000000000000000000010000.$proc$rtl/peweaver_shared_fft.v:74$533'.
  created $dff cell `$procdff$1901' with positive edge clock.
Creating register for signal `$paramod\peweaver_shared_fft\WIDTH=s32'00000000000000000000000000010000.\s1_db1_re[63]' using process `$paramod\peweaver_shared_fft\WIDTH=s32'00000000000000000000000000010000.$proc$rtl/peweaver_shared_fft.v:74$533'.
  created $dff cell `$procdff$1902' with positive edge clock.
Creating register for signal `$paramod\peweaver_shared_fft\WIDTH=s32'00000000000000000000000000010000.\s1_db1_im[0]' using process `$paramod\peweaver_shared_fft\WIDTH=s32'00000000000000000000000000010000.$proc$rtl/peweaver_shared_fft.v:74$533'.
  created $dff cell `$procdff$1903' with positive edge clock.
Creating register for signal `$paramod\peweaver_shared_fft\WIDTH=s32'00000000000000000000000000010000.\s1_db1_im[1]' using process `$paramod\peweaver_shared_fft\WIDTH=s32'00000000000000000000000000010000.$proc$rtl/peweaver_shared_fft.v:74$533'.
  created $dff cell `$procdff$1904' with positive edge clock.
Creating register for signal `$paramod\peweaver_shared_fft\WIDTH=s32'00000000000000000000000000010000.\s1_db1_im[2]' using process `$paramod\peweaver_shared_fft\WIDTH=s32'00000000000000000000000000010000.$proc$rtl/peweaver_shared_fft.v:74$533'.
  created $dff cell `$procdff$1905' with positive edge clock.
Creating register for signal `$paramod\peweaver_shared_fft\WIDTH=s32'00000000000000000000000000010000.\s1_db1_im[3]' using process `$paramod\peweaver_shared_fft\WIDTH=s32'00000000000000000000000000010000.$proc$rtl/peweaver_shared_fft.v:74$533'.
  created $dff cell `$procdff$1906' with positive edge clock.
Creating register for signal `$paramod\peweaver_shared_fft\WIDTH=s32'00000000000000000000000000010000.\s1_db1_im[4]' using process `$paramod\peweaver_shared_fft\WIDTH=s32'00000000000000000000000000010000.$proc$rtl/peweaver_shared_fft.v:74$533'.
  created $dff cell `$procdff$1907' with positive edge clock.
Creating register for signal `$paramod\peweaver_shared_fft\WIDTH=s32'00000000000000000000000000010000.\s1_db1_im[5]' using process `$paramod\peweaver_shared_fft\WIDTH=s32'00000000000000000000000000010000.$proc$rtl/peweaver_shared_fft.v:74$533'.
  created $dff cell `$procdff$1908' with positive edge clock.
Creating register for signal `$paramod\peweaver_shared_fft\WIDTH=s32'00000000000000000000000000010000.\s1_db1_im[6]' using process `$paramod\peweaver_shared_fft\WIDTH=s32'00000000000000000000000000010000.$proc$rtl/peweaver_shared_fft.v:74$533'.
  created $dff cell `$procdff$1909' with positive edge clock.
Creating register for signal `$paramod\peweaver_shared_fft\WIDTH=s32'00000000000000000000000000010000.\s1_db1_im[7]' using process `$paramod\peweaver_shared_fft\WIDTH=s32'00000000000000000000000000010000.$proc$rtl/peweaver_shared_fft.v:74$533'.
  created $dff cell `$procdff$1910' with positive edge clock.
Creating register for signal `$paramod\peweaver_shared_fft\WIDTH=s32'00000000000000000000000000010000.\s1_db1_im[8]' using process `$paramod\peweaver_shared_fft\WIDTH=s32'00000000000000000000000000010000.$proc$rtl/peweaver_shared_fft.v:74$533'.
  created $dff cell `$procdff$1911' with positive edge clock.
Creating register for signal `$paramod\peweaver_shared_fft\WIDTH=s32'00000000000000000000000000010000.\s1_db1_im[9]' using process `$paramod\peweaver_shared_fft\WIDTH=s32'00000000000000000000000000010000.$proc$rtl/peweaver_shared_fft.v:74$533'.
  created $dff cell `$procdff$1912' with positive edge clock.
Creating register for signal `$paramod\peweaver_shared_fft\WIDTH=s32'00000000000000000000000000010000.\s1_db1_im[10]' using process `$paramod\peweaver_shared_fft\WIDTH=s32'00000000000000000000000000010000.$proc$rtl/peweaver_shared_fft.v:74$533'.
  created $dff cell `$procdff$1913' with positive edge clock.
Creating register for signal `$paramod\peweaver_shared_fft\WIDTH=s32'00000000000000000000000000010000.\s1_db1_im[11]' using process `$paramod\peweaver_shared_fft\WIDTH=s32'00000000000000000000000000010000.$proc$rtl/peweaver_shared_fft.v:74$533'.
  created $dff cell `$procdff$1914' with positive edge clock.
Creating register for signal `$paramod\peweaver_shared_fft\WIDTH=s32'00000000000000000000000000010000.\s1_db1_im[12]' using process `$paramod\peweaver_shared_fft\WIDTH=s32'00000000000000000000000000010000.$proc$rtl/peweaver_shared_fft.v:74$533'.
  created $dff cell `$procdff$1915' with positive edge clock.
Creating register for signal `$paramod\peweaver_shared_fft\WIDTH=s32'00000000000000000000000000010000.\s1_db1_im[13]' using process `$paramod\peweaver_shared_fft\WIDTH=s32'00000000000000000000000000010000.$proc$rtl/peweaver_shared_fft.v:74$533'.
  created $dff cell `$procdff$1916' with positive edge clock.
Creating register for signal `$paramod\peweaver_shared_fft\WIDTH=s32'00000000000000000000000000010000.\s1_db1_im[14]' using process `$paramod\peweaver_shared_fft\WIDTH=s32'00000000000000000000000000010000.$proc$rtl/peweaver_shared_fft.v:74$533'.
  created $dff cell `$procdff$1917' with positive edge clock.
Creating register for signal `$paramod\peweaver_shared_fft\WIDTH=s32'00000000000000000000000000010000.\s1_db1_im[15]' using process `$paramod\peweaver_shared_fft\WIDTH=s32'00000000000000000000000000010000.$proc$rtl/peweaver_shared_fft.v:74$533'.
  created $dff cell `$procdff$1918' with positive edge clock.
Creating register for signal `$paramod\peweaver_shared_fft\WIDTH=s32'00000000000000000000000000010000.\s1_db1_im[16]' using process `$paramod\peweaver_shared_fft\WIDTH=s32'00000000000000000000000000010000.$proc$rtl/peweaver_shared_fft.v:74$533'.
  created $dff cell `$procdff$1919' with positive edge clock.
Creating register for signal `$paramod\peweaver_shared_fft\WIDTH=s32'00000000000000000000000000010000.\s1_db1_im[17]' using process `$paramod\peweaver_shared_fft\WIDTH=s32'00000000000000000000000000010000.$proc$rtl/peweaver_shared_fft.v:74$533'.
  created $dff cell `$procdff$1920' with positive edge clock.
Creating register for signal `$paramod\peweaver_shared_fft\WIDTH=s32'00000000000000000000000000010000.\s1_db1_im[18]' using process `$paramod\peweaver_shared_fft\WIDTH=s32'00000000000000000000000000010000.$proc$rtl/peweaver_shared_fft.v:74$533'.
  created $dff cell `$procdff$1921' with positive edge clock.
Creating register for signal `$paramod\peweaver_shared_fft\WIDTH=s32'00000000000000000000000000010000.\s1_db1_im[19]' using process `$paramod\peweaver_shared_fft\WIDTH=s32'00000000000000000000000000010000.$proc$rtl/peweaver_shared_fft.v:74$533'.
  created $dff cell `$procdff$1922' with positive edge clock.
Creating register for signal `$paramod\peweaver_shared_fft\WIDTH=s32'00000000000000000000000000010000.\s1_db1_im[20]' using process `$paramod\peweaver_shared_fft\WIDTH=s32'00000000000000000000000000010000.$proc$rtl/peweaver_shared_fft.v:74$533'.
  created $dff cell `$procdff$1923' with positive edge clock.
Creating register for signal `$paramod\peweaver_shared_fft\WIDTH=s32'00000000000000000000000000010000.\s1_db1_im[21]' using process `$paramod\peweaver_shared_fft\WIDTH=s32'00000000000000000000000000010000.$proc$rtl/peweaver_shared_fft.v:74$533'.
  created $dff cell `$procdff$1924' with positive edge clock.
Creating register for signal `$paramod\peweaver_shared_fft\WIDTH=s32'00000000000000000000000000010000.\s1_db1_im[22]' using process `$paramod\peweaver_shared_fft\WIDTH=s32'00000000000000000000000000010000.$proc$rtl/peweaver_shared_fft.v:74$533'.
  created $dff cell `$procdff$1925' with positive edge clock.
Creating register for signal `$paramod\peweaver_shared_fft\WIDTH=s32'00000000000000000000000000010000.\s1_db1_im[23]' using process `$paramod\peweaver_shared_fft\WIDTH=s32'00000000000000000000000000010000.$proc$rtl/peweaver_shared_fft.v:74$533'.
  created $dff cell `$procdff$1926' with positive edge clock.
Creating register for signal `$paramod\peweaver_shared_fft\WIDTH=s32'00000000000000000000000000010000.\s1_db1_im[24]' using process `$paramod\peweaver_shared_fft\WIDTH=s32'00000000000000000000000000010000.$proc$rtl/peweaver_shared_fft.v:74$533'.
  created $dff cell `$procdff$1927' with positive edge clock.
Creating register for signal `$paramod\peweaver_shared_fft\WIDTH=s32'00000000000000000000000000010000.\s1_db1_im[25]' using process `$paramod\peweaver_shared_fft\WIDTH=s32'00000000000000000000000000010000.$proc$rtl/peweaver_shared_fft.v:74$533'.
  created $dff cell `$procdff$1928' with positive edge clock.
Creating register for signal `$paramod\peweaver_shared_fft\WIDTH=s32'00000000000000000000000000010000.\s1_db1_im[26]' using process `$paramod\peweaver_shared_fft\WIDTH=s32'00000000000000000000000000010000.$proc$rtl/peweaver_shared_fft.v:74$533'.
  created $dff cell `$procdff$1929' with positive edge clock.
Creating register for signal `$paramod\peweaver_shared_fft\WIDTH=s32'00000000000000000000000000010000.\s1_db1_im[27]' using process `$paramod\peweaver_shared_fft\WIDTH=s32'00000000000000000000000000010000.$proc$rtl/peweaver_shared_fft.v:74$533'.
  created $dff cell `$procdff$1930' with positive edge clock.
Creating register for signal `$paramod\peweaver_shared_fft\WIDTH=s32'00000000000000000000000000010000.\s1_db1_im[28]' using process `$paramod\peweaver_shared_fft\WIDTH=s32'00000000000000000000000000010000.$proc$rtl/peweaver_shared_fft.v:74$533'.
  created $dff cell `$procdff$1931' with positive edge clock.
Creating register for signal `$paramod\peweaver_shared_fft\WIDTH=s32'00000000000000000000000000010000.\s1_db1_im[29]' using process `$paramod\peweaver_shared_fft\WIDTH=s32'00000000000000000000000000010000.$proc$rtl/peweaver_shared_fft.v:74$533'.
  created $dff cell `$procdff$1932' with positive edge clock.
Creating register for signal `$paramod\peweaver_shared_fft\WIDTH=s32'00000000000000000000000000010000.\s1_db1_im[30]' using process `$paramod\peweaver_shared_fft\WIDTH=s32'00000000000000000000000000010000.$proc$rtl/peweaver_shared_fft.v:74$533'.
  created $dff cell `$procdff$1933' with positive edge clock.
Creating register for signal `$paramod\peweaver_shared_fft\WIDTH=s32'00000000000000000000000000010000.\s1_db1_im[31]' using process `$paramod\peweaver_shared_fft\WIDTH=s32'00000000000000000000000000010000.$proc$rtl/peweaver_shared_fft.v:74$533'.
  created $dff cell `$procdff$1934' with positive edge clock.
Creating register for signal `$paramod\peweaver_shared_fft\WIDTH=s32'00000000000000000000000000010000.\s1_db1_im[32]' using process `$paramod\peweaver_shared_fft\WIDTH=s32'00000000000000000000000000010000.$proc$rtl/peweaver_shared_fft.v:74$533'.
  created $dff cell `$procdff$1935' with positive edge clock.
Creating register for signal `$paramod\peweaver_shared_fft\WIDTH=s32'00000000000000000000000000010000.\s1_db1_im[33]' using process `$paramod\peweaver_shared_fft\WIDTH=s32'00000000000000000000000000010000.$proc$rtl/peweaver_shared_fft.v:74$533'.
  created $dff cell `$procdff$1936' with positive edge clock.
Creating register for signal `$paramod\peweaver_shared_fft\WIDTH=s32'00000000000000000000000000010000.\s1_db1_im[34]' using process `$paramod\peweaver_shared_fft\WIDTH=s32'00000000000000000000000000010000.$proc$rtl/peweaver_shared_fft.v:74$533'.
  created $dff cell `$procdff$1937' with positive edge clock.
Creating register for signal `$paramod\peweaver_shared_fft\WIDTH=s32'00000000000000000000000000010000.\s1_db1_im[35]' using process `$paramod\peweaver_shared_fft\WIDTH=s32'00000000000000000000000000010000.$proc$rtl/peweaver_shared_fft.v:74$533'.
  created $dff cell `$procdff$1938' with positive edge clock.
Creating register for signal `$paramod\peweaver_shared_fft\WIDTH=s32'00000000000000000000000000010000.\s1_db1_im[36]' using process `$paramod\peweaver_shared_fft\WIDTH=s32'00000000000000000000000000010000.$proc$rtl/peweaver_shared_fft.v:74$533'.
  created $dff cell `$procdff$1939' with positive edge clock.
Creating register for signal `$paramod\peweaver_shared_fft\WIDTH=s32'00000000000000000000000000010000.\s1_db1_im[37]' using process `$paramod\peweaver_shared_fft\WIDTH=s32'00000000000000000000000000010000.$proc$rtl/peweaver_shared_fft.v:74$533'.
  created $dff cell `$procdff$1940' with positive edge clock.
Creating register for signal `$paramod\peweaver_shared_fft\WIDTH=s32'00000000000000000000000000010000.\s1_db1_im[38]' using process `$paramod\peweaver_shared_fft\WIDTH=s32'00000000000000000000000000010000.$proc$rtl/peweaver_shared_fft.v:74$533'.
  created $dff cell `$procdff$1941' with positive edge clock.
Creating register for signal `$paramod\peweaver_shared_fft\WIDTH=s32'00000000000000000000000000010000.\s1_db1_im[39]' using process `$paramod\peweaver_shared_fft\WIDTH=s32'00000000000000000000000000010000.$proc$rtl/peweaver_shared_fft.v:74$533'.
  created $dff cell `$procdff$1942' with positive edge clock.
Creating register for signal `$paramod\peweaver_shared_fft\WIDTH=s32'00000000000000000000000000010000.\s1_db1_im[40]' using process `$paramod\peweaver_shared_fft\WIDTH=s32'00000000000000000000000000010000.$proc$rtl/peweaver_shared_fft.v:74$533'.
  created $dff cell `$procdff$1943' with positive edge clock.
Creating register for signal `$paramod\peweaver_shared_fft\WIDTH=s32'00000000000000000000000000010000.\s1_db1_im[41]' using process `$paramod\peweaver_shared_fft\WIDTH=s32'00000000000000000000000000010000.$proc$rtl/peweaver_shared_fft.v:74$533'.
  created $dff cell `$procdff$1944' with positive edge clock.
Creating register for signal `$paramod\peweaver_shared_fft\WIDTH=s32'00000000000000000000000000010000.\s1_db1_im[42]' using process `$paramod\peweaver_shared_fft\WIDTH=s32'00000000000000000000000000010000.$proc$rtl/peweaver_shared_fft.v:74$533'.
  created $dff cell `$procdff$1945' with positive edge clock.
Creating register for signal `$paramod\peweaver_shared_fft\WIDTH=s32'00000000000000000000000000010000.\s1_db1_im[43]' using process `$paramod\peweaver_shared_fft\WIDTH=s32'00000000000000000000000000010000.$proc$rtl/peweaver_shared_fft.v:74$533'.
  created $dff cell `$procdff$1946' with positive edge clock.
Creating register for signal `$paramod\peweaver_shared_fft\WIDTH=s32'00000000000000000000000000010000.\s1_db1_im[44]' using process `$paramod\peweaver_shared_fft\WIDTH=s32'00000000000000000000000000010000.$proc$rtl/peweaver_shared_fft.v:74$533'.
  created $dff cell `$procdff$1947' with positive edge clock.
Creating register for signal `$paramod\peweaver_shared_fft\WIDTH=s32'00000000000000000000000000010000.\s1_db1_im[45]' using process `$paramod\peweaver_shared_fft\WIDTH=s32'00000000000000000000000000010000.$proc$rtl/peweaver_shared_fft.v:74$533'.
  created $dff cell `$procdff$1948' with positive edge clock.
Creating register for signal `$paramod\peweaver_shared_fft\WIDTH=s32'00000000000000000000000000010000.\s1_db1_im[46]' using process `$paramod\peweaver_shared_fft\WIDTH=s32'00000000000000000000000000010000.$proc$rtl/peweaver_shared_fft.v:74$533'.
  created $dff cell `$procdff$1949' with positive edge clock.
Creating register for signal `$paramod\peweaver_shared_fft\WIDTH=s32'00000000000000000000000000010000.\s1_db1_im[47]' using process `$paramod\peweaver_shared_fft\WIDTH=s32'00000000000000000000000000010000.$proc$rtl/peweaver_shared_fft.v:74$533'.
  created $dff cell `$procdff$1950' with positive edge clock.
Creating register for signal `$paramod\peweaver_shared_fft\WIDTH=s32'00000000000000000000000000010000.\s1_db1_im[48]' using process `$paramod\peweaver_shared_fft\WIDTH=s32'00000000000000000000000000010000.$proc$rtl/peweaver_shared_fft.v:74$533'.
  created $dff cell `$procdff$1951' with positive edge clock.
Creating register for signal `$paramod\peweaver_shared_fft\WIDTH=s32'00000000000000000000000000010000.\s1_db1_im[49]' using process `$paramod\peweaver_shared_fft\WIDTH=s32'00000000000000000000000000010000.$proc$rtl/peweaver_shared_fft.v:74$533'.
  created $dff cell `$procdff$1952' with positive edge clock.
Creating register for signal `$paramod\peweaver_shared_fft\WIDTH=s32'00000000000000000000000000010000.\s1_db1_im[50]' using process `$paramod\peweaver_shared_fft\WIDTH=s32'00000000000000000000000000010000.$proc$rtl/peweaver_shared_fft.v:74$533'.
  created $dff cell `$procdff$1953' with positive edge clock.
Creating register for signal `$paramod\peweaver_shared_fft\WIDTH=s32'00000000000000000000000000010000.\s1_db1_im[51]' using process `$paramod\peweaver_shared_fft\WIDTH=s32'00000000000000000000000000010000.$proc$rtl/peweaver_shared_fft.v:74$533'.
  created $dff cell `$procdff$1954' with positive edge clock.
Creating register for signal `$paramod\peweaver_shared_fft\WIDTH=s32'00000000000000000000000000010000.\s1_db1_im[52]' using process `$paramod\peweaver_shared_fft\WIDTH=s32'00000000000000000000000000010000.$proc$rtl/peweaver_shared_fft.v:74$533'.
  created $dff cell `$procdff$1955' with positive edge clock.
Creating register for signal `$paramod\peweaver_shared_fft\WIDTH=s32'00000000000000000000000000010000.\s1_db1_im[53]' using process `$paramod\peweaver_shared_fft\WIDTH=s32'00000000000000000000000000010000.$proc$rtl/peweaver_shared_fft.v:74$533'.
  created $dff cell `$procdff$1956' with positive edge clock.
Creating register for signal `$paramod\peweaver_shared_fft\WIDTH=s32'00000000000000000000000000010000.\s1_db1_im[54]' using process `$paramod\peweaver_shared_fft\WIDTH=s32'00000000000000000000000000010000.$proc$rtl/peweaver_shared_fft.v:74$533'.
  created $dff cell `$procdff$1957' with positive edge clock.
Creating register for signal `$paramod\peweaver_shared_fft\WIDTH=s32'00000000000000000000000000010000.\s1_db1_im[55]' using process `$paramod\peweaver_shared_fft\WIDTH=s32'00000000000000000000000000010000.$proc$rtl/peweaver_shared_fft.v:74$533'.
  created $dff cell `$procdff$1958' with positive edge clock.
Creating register for signal `$paramod\peweaver_shared_fft\WIDTH=s32'00000000000000000000000000010000.\s1_db1_im[56]' using process `$paramod\peweaver_shared_fft\WIDTH=s32'00000000000000000000000000010000.$proc$rtl/peweaver_shared_fft.v:74$533'.
  created $dff cell `$procdff$1959' with positive edge clock.
Creating register for signal `$paramod\peweaver_shared_fft\WIDTH=s32'00000000000000000000000000010000.\s1_db1_im[57]' using process `$paramod\peweaver_shared_fft\WIDTH=s32'00000000000000000000000000010000.$proc$rtl/peweaver_shared_fft.v:74$533'.
  created $dff cell `$procdff$1960' with positive edge clock.
Creating register for signal `$paramod\peweaver_shared_fft\WIDTH=s32'00000000000000000000000000010000.\s1_db1_im[58]' using process `$paramod\peweaver_shared_fft\WIDTH=s32'00000000000000000000000000010000.$proc$rtl/peweaver_shared_fft.v:74$533'.
  created $dff cell `$procdff$1961' with positive edge clock.
Creating register for signal `$paramod\peweaver_shared_fft\WIDTH=s32'00000000000000000000000000010000.\s1_db1_im[59]' using process `$paramod\peweaver_shared_fft\WIDTH=s32'00000000000000000000000000010000.$proc$rtl/peweaver_shared_fft.v:74$533'.
  created $dff cell `$procdff$1962' with positive edge clock.
Creating register for signal `$paramod\peweaver_shared_fft\WIDTH=s32'00000000000000000000000000010000.\s1_db1_im[60]' using process `$paramod\peweaver_shared_fft\WIDTH=s32'00000000000000000000000000010000.$proc$rtl/peweaver_shared_fft.v:74$533'.
  created $dff cell `$procdff$1963' with positive edge clock.
Creating register for signal `$paramod\peweaver_shared_fft\WIDTH=s32'00000000000000000000000000010000.\s1_db1_im[61]' using process `$paramod\peweaver_shared_fft\WIDTH=s32'00000000000000000000000000010000.$proc$rtl/peweaver_shared_fft.v:74$533'.
  created $dff cell `$procdff$1964' with positive edge clock.
Creating register for signal `$paramod\peweaver_shared_fft\WIDTH=s32'00000000000000000000000000010000.\s1_db1_im[62]' using process `$paramod\peweaver_shared_fft\WIDTH=s32'00000000000000000000000000010000.$proc$rtl/peweaver_shared_fft.v:74$533'.
  created $dff cell `$procdff$1965' with positive edge clock.
Creating register for signal `$paramod\peweaver_shared_fft\WIDTH=s32'00000000000000000000000000010000.\s1_db1_im[63]' using process `$paramod\peweaver_shared_fft\WIDTH=s32'00000000000000000000000000010000.$proc$rtl/peweaver_shared_fft.v:74$533'.
  created $dff cell `$procdff$1966' with positive edge clock.
Creating register for signal `$paramod\peweaver_shared_fft\WIDTH=s32'00000000000000000000000000010000.\s1_cnt' using process `$paramod\peweaver_shared_fft\WIDTH=s32'00000000000000000000000000010000.$proc$rtl/peweaver_shared_fft.v:41$511'.
  created $adff cell `$procdff$1969' with positive edge clock and positive level reset.
Creating register for signal `\peweaver_ppa_reset_sync_shared.\sync_ff' using process `\peweaver_ppa_reset_sync_shared.$proc$rtl/peweaver_ppa_shared_fft.v:15$1'.
  created $adff cell `$procdff$1972' with positive edge clock and positive level reset.

4.2.10. Executing PROC_MEMWR pass (convert process memory writes to cells).

4.2.11. Executing PROC_CLEAN pass (remove empty switches from decision trees).
Found and cleaned up 1 empty switch in `$paramod\peweaver_shared_fft\WIDTH=s32'00000000000000000000000000010000.$proc$rtl/peweaver_shared_fft.v:770$958'.
Removing empty process `$paramod\peweaver_shared_fft\WIDTH=s32'00000000000000000000000000010000.$proc$rtl/peweaver_shared_fft.v:770$958'.
Found and cleaned up 1 empty switch in `$paramod\peweaver_shared_fft\WIDTH=s32'00000000000000000000000000010000.$proc$rtl/peweaver_shared_fft.v:769$954'.
Removing empty process `$paramod\peweaver_shared_fft\WIDTH=s32'00000000000000000000000000010000.$proc$rtl/peweaver_shared_fft.v:769$954'.
Found and cleaned up 1 empty switch in `$paramod\peweaver_shared_fft\WIDTH=s32'00000000000000000000000000010000.$proc$rtl/peweaver_shared_fft.v:754$950'.
Removing empty process `$paramod\peweaver_shared_fft\WIDTH=s32'00000000000000000000000000010000.$proc$rtl/peweaver_shared_fft.v:754$950'.
Found and cleaned up 1 empty switch in `$paramod\peweaver_shared_fft\WIDTH=s32'00000000000000000000000000010000.$proc$rtl/peweaver_shared_fft.v:753$946'.
Removing empty process `$paramod\peweaver_shared_fft\WIDTH=s32'00000000000000000000000000010000.$proc$rtl/peweaver_shared_fft.v:753$946'.
Found and cleaned up 1 empty switch in `$paramod\peweaver_shared_fft\WIDTH=s32'00000000000000000000000000010000.$proc$rtl/peweaver_shared_fft.v:710$942'.
Removing empty process `$paramod\peweaver_shared_fft\WIDTH=s32'00000000000000000000000000010000.$proc$rtl/peweaver_shared_fft.v:710$942'.
Found and cleaned up 1 empty switch in `$paramod\peweaver_shared_fft\WIDTH=s32'00000000000000000000000000010000.$proc$rtl/peweaver_shared_fft.v:710$938'.
Removing empty process `$paramod\peweaver_shared_fft\WIDTH=s32'00000000000000000000000000010000.$proc$rtl/peweaver_shared_fft.v:710$938'.
Found and cleaned up 1 empty switch in `$paramod\peweaver_shared_fft\WIDTH=s32'00000000000000000000000000010000.$proc$rtl/peweaver_shared_fft.v:708$934'.
Removing empty process `$paramod\peweaver_shared_fft\WIDTH=s32'00000000000000000000000000010000.$proc$rtl/peweaver_shared_fft.v:708$934'.
Found and cleaned up 1 empty switch in `$paramod\peweaver_shared_fft\WIDTH=s32'00000000000000000000000000010000.$proc$rtl/peweaver_shared_fft.v:708$930'.
Removing empty process `$paramod\peweaver_shared_fft\WIDTH=s32'00000000000000000000000000010000.$proc$rtl/peweaver_shared_fft.v:708$930'.
Found and cleaned up 1 empty switch in `$paramod\peweaver_shared_fft\WIDTH=s32'00000000000000000000000000010000.$proc$rtl/peweaver_shared_fft.v:692$926'.
Removing empty process `$paramod\peweaver_shared_fft\WIDTH=s32'00000000000000000000000000010000.$proc$rtl/peweaver_shared_fft.v:692$926'.
Found and cleaned up 1 empty switch in `$paramod\peweaver_shared_fft\WIDTH=s32'00000000000000000000000000010000.$proc$rtl/peweaver_shared_fft.v:691$922'.
Removing empty process `$paramod\peweaver_shared_fft\WIDTH=s32'00000000000000000000000000010000.$proc$rtl/peweaver_shared_fft.v:691$922'.
Found and cleaned up 1 empty switch in `$paramod\peweaver_shared_fft\WIDTH=s32'00000000000000000000000000010000.$proc$rtl/peweaver_shared_fft.v:454$918'.
Removing empty process `$paramod\peweaver_shared_fft\WIDTH=s32'00000000000000000000000000010000.$proc$rtl/peweaver_shared_fft.v:454$918'.
Found and cleaned up 1 empty switch in `$paramod\peweaver_shared_fft\WIDTH=s32'00000000000000000000000000010000.$proc$rtl/peweaver_shared_fft.v:453$914'.
Removing empty process `$paramod\peweaver_shared_fft\WIDTH=s32'00000000000000000000000000010000.$proc$rtl/peweaver_shared_fft.v:453$914'.
Found and cleaned up 1 empty switch in `$paramod\peweaver_shared_fft\WIDTH=s32'00000000000000000000000000010000.$proc$rtl/peweaver_shared_fft.v:439$910'.
Removing empty process `$paramod\peweaver_shared_fft\WIDTH=s32'00000000000000000000000000010000.$proc$rtl/peweaver_shared_fft.v:439$910'.
Found and cleaned up 1 empty switch in `$paramod\peweaver_shared_fft\WIDTH=s32'00000000000000000000000000010000.$proc$rtl/peweaver_shared_fft.v:438$906'.
Removing empty process `$paramod\peweaver_shared_fft\WIDTH=s32'00000000000000000000000000010000.$proc$rtl/peweaver_shared_fft.v:438$906'.
Found and cleaned up 1 empty switch in `$paramod\peweaver_shared_fft\WIDTH=s32'00000000000000000000000000010000.$proc$rtl/peweaver_shared_fft.v:396$902'.
Removing empty process `$paramod\peweaver_shared_fft\WIDTH=s32'00000000000000000000000000010000.$proc$rtl/peweaver_shared_fft.v:396$902'.
Found and cleaned up 1 empty switch in `$paramod\peweaver_shared_fft\WIDTH=s32'00000000000000000000000000010000.$proc$rtl/peweaver_shared_fft.v:396$898'.
Removing empty process `$paramod\peweaver_shared_fft\WIDTH=s32'00000000000000000000000000010000.$proc$rtl/peweaver_shared_fft.v:396$898'.
Found and cleaned up 1 empty switch in `$paramod\peweaver_shared_fft\WIDTH=s32'00000000000000000000000000010000.$proc$rtl/peweaver_shared_fft.v:394$894'.
Removing empty process `$paramod\peweaver_shared_fft\WIDTH=s32'00000000000000000000000000010000.$proc$rtl/peweaver_shared_fft.v:394$894'.
Found and cleaned up 1 empty switch in `$paramod\peweaver_shared_fft\WIDTH=s32'00000000000000000000000000010000.$proc$rtl/peweaver_shared_fft.v:394$890'.
Removing empty process `$paramod\peweaver_shared_fft\WIDTH=s32'00000000000000000000000000010000.$proc$rtl/peweaver_shared_fft.v:394$890'.
Found and cleaned up 1 empty switch in `$paramod\peweaver_shared_fft\WIDTH=s32'00000000000000000000000000010000.$proc$rtl/peweaver_shared_fft.v:379$886'.
Removing empty process `$paramod\peweaver_shared_fft\WIDTH=s32'00000000000000000000000000010000.$proc$rtl/peweaver_shared_fft.v:379$886'.
Found and cleaned up 1 empty switch in `$paramod\peweaver_shared_fft\WIDTH=s32'00000000000000000000000000010000.$proc$rtl/peweaver_shared_fft.v:378$882'.
Removing empty process `$paramod\peweaver_shared_fft\WIDTH=s32'00000000000000000000000000010000.$proc$rtl/peweaver_shared_fft.v:378$882'.
Found and cleaned up 1 empty switch in `$paramod\peweaver_shared_fft\WIDTH=s32'00000000000000000000000000010000.$proc$rtl/peweaver_shared_fft.v:140$878'.
Removing empty process `$paramod\peweaver_shared_fft\WIDTH=s32'00000000000000000000000000010000.$proc$rtl/peweaver_shared_fft.v:140$878'.
Found and cleaned up 1 empty switch in `$paramod\peweaver_shared_fft\WIDTH=s32'00000000000000000000000000010000.$proc$rtl/peweaver_shared_fft.v:139$874'.
Removing empty process `$paramod\peweaver_shared_fft\WIDTH=s32'00000000000000000000000000010000.$proc$rtl/peweaver_shared_fft.v:139$874'.
Found and cleaned up 1 empty switch in `$paramod\peweaver_shared_fft\WIDTH=s32'00000000000000000000000000010000.$proc$rtl/peweaver_shared_fft.v:125$870'.
Removing empty process `$paramod\peweaver_shared_fft\WIDTH=s32'00000000000000000000000000010000.$proc$rtl/peweaver_shared_fft.v:125$870'.
Found and cleaned up 1 empty switch in `$paramod\peweaver_shared_fft\WIDTH=s32'00000000000000000000000000010000.$proc$rtl/peweaver_shared_fft.v:124$866'.
Removing empty process `$paramod\peweaver_shared_fft\WIDTH=s32'00000000000000000000000000010000.$proc$rtl/peweaver_shared_fft.v:124$866'.
Found and cleaned up 1 empty switch in `$paramod\peweaver_shared_fft\WIDTH=s32'00000000000000000000000000010000.$proc$rtl/peweaver_shared_fft.v:58$862'.
Removing empty process `$paramod\peweaver_shared_fft\WIDTH=s32'00000000000000000000000000010000.$proc$rtl/peweaver_shared_fft.v:58$862'.
Found and cleaned up 1 empty switch in `$paramod\peweaver_shared_fft\WIDTH=s32'00000000000000000000000000010000.$proc$rtl/peweaver_shared_fft.v:57$858'.
Removing empty process `$paramod\peweaver_shared_fft\WIDTH=s32'00000000000000000000000000010000.$proc$rtl/peweaver_shared_fft.v:57$858'.
Removing empty process `$paramod\peweaver_shared_fft\WIDTH=s32'00000000000000000000000000010000.$proc$rtl/peweaver_shared_fft.v:1028$854'.
Removing empty process `$paramod\peweaver_shared_fft\WIDTH=s32'00000000000000000000000000010000.$proc$rtl/peweaver_shared_fft.v:1024$853'.
Removing empty process `$paramod\peweaver_shared_fft\WIDTH=s32'00000000000000000000000000010000.$proc$rtl/peweaver_shared_fft.v:1017$851'.
Removing empty process `$paramod\peweaver_shared_fft\WIDTH=s32'00000000000000000000000000010000.$proc$rtl/peweaver_shared_fft.v:1011$850'.
Removing empty process `$paramod\peweaver_shared_fft\WIDTH=s32'00000000000000000000000000010000.$proc$rtl/peweaver_shared_fft.v:985$828'.
Removing empty process `$paramod\peweaver_shared_fft\WIDTH=s32'00000000000000000000000000010000.$proc$rtl/peweaver_shared_fft.v:972$827'.
Removing empty process `$paramod\peweaver_shared_fft\WIDTH=s32'00000000000000000000000000010000.$proc$rtl/peweaver_shared_fft.v:966$824'.
Found and cleaned up 1 empty switch in `$paramod\peweaver_shared_fft\WIDTH=s32'00000000000000000000000000010000.$proc$rtl/peweaver_shared_fft.v:820$811'.
Removing empty process `$paramod\peweaver_shared_fft\WIDTH=s32'00000000000000000000000000010000.$proc$rtl/peweaver_shared_fft.v:820$811'.
Removing empty process `$paramod\peweaver_shared_fft\WIDTH=s32'00000000000000000000000000010000.$proc$rtl/peweaver_shared_fft.v:809$805'.
Removing empty process `$paramod\peweaver_shared_fft\WIDTH=s32'00000000000000000000000000010000.$proc$rtl/peweaver_shared_fft.v:795$799'.
Removing empty process `$paramod\peweaver_shared_fft\WIDTH=s32'00000000000000000000000000010000.$proc$rtl/peweaver_shared_fft.v:786$793'.
Removing empty process `$paramod\peweaver_shared_fft\WIDTH=s32'00000000000000000000000000010000.$proc$rtl/peweaver_shared_fft.v:773$790'.
Removing empty process `$paramod\peweaver_shared_fft\WIDTH=s32'00000000000000000000000000010000.$proc$rtl/peweaver_shared_fft.v:745$768'.
Removing empty process `$paramod\peweaver_shared_fft\WIDTH=s32'00000000000000000000000000010000.$proc$rtl/peweaver_shared_fft.v:739$767'.
Removing empty process `$paramod\peweaver_shared_fft\WIDTH=s32'00000000000000000000000000010000.$proc$rtl/peweaver_shared_fft.v:727$759'.
Removing empty process `$paramod\peweaver_shared_fft\WIDTH=s32'00000000000000000000000000010000.$proc$rtl/peweaver_shared_fft.v:713$756'.
Found and cleaned up 1 empty switch in `$paramod\peweaver_shared_fft\WIDTH=s32'00000000000000000000000000010000.$proc$rtl/peweaver_shared_fft.v:677$727'.
Removing empty process `$paramod\peweaver_shared_fft\WIDTH=s32'00000000000000000000000000010000.$proc$rtl/peweaver_shared_fft.v:677$727'.
Removing empty process `$paramod\peweaver_shared_fft\WIDTH=s32'00000000000000000000000000010000.$proc$rtl/peweaver_shared_fft.v:662$726'.
Removing empty process `$paramod\peweaver_shared_fft\WIDTH=s32'00000000000000000000000000010000.$proc$rtl/peweaver_shared_fft.v:656$723'.
Removing empty process `$paramod\peweaver_shared_fft\WIDTH=s32'00000000000000000000000000010000.$proc$rtl/peweaver_shared_fft.v:640$709'.
Found and cleaned up 1 empty switch in `$paramod\peweaver_shared_fft\WIDTH=s32'00000000000000000000000000010000.$proc$rtl/peweaver_shared_fft.v:504$708'.
Removing empty process `$paramod\peweaver_shared_fft\WIDTH=s32'00000000000000000000000000010000.$proc$rtl/peweaver_shared_fft.v:504$708'.
Removing empty process `$paramod\peweaver_shared_fft\WIDTH=s32'00000000000000000000000000010000.$proc$rtl/peweaver_shared_fft.v:479$691'.
Removing empty process `$paramod\peweaver_shared_fft\WIDTH=s32'00000000000000000000000000010000.$proc$rtl/peweaver_shared_fft.v:470$685'.
Removing empty process `$paramod\peweaver_shared_fft\WIDTH=s32'00000000000000000000000000010000.$proc$rtl/peweaver_shared_fft.v:457$682'.
Removing empty process `$paramod\peweaver_shared_fft\WIDTH=s32'00000000000000000000000000010000.$proc$rtl/peweaver_shared_fft.v:431$660'.
Removing empty process `$paramod\peweaver_shared_fft\WIDTH=s32'00000000000000000000000000010000.$proc$rtl/peweaver_shared_fft.v:425$659'.
Removing empty process `$paramod\peweaver_shared_fft\WIDTH=s32'00000000000000000000000000010000.$proc$rtl/peweaver_shared_fft.v:413$651'.
Removing empty process `$paramod\peweaver_shared_fft\WIDTH=s32'00000000000000000000000000010000.$proc$rtl/peweaver_shared_fft.v:399$648'.
Found and cleaned up 1 empty switch in `$paramod\peweaver_shared_fft\WIDTH=s32'00000000000000000000000000010000.$proc$rtl/peweaver_shared_fft.v:365$619'.
Removing empty process `$paramod\peweaver_shared_fft\WIDTH=s32'00000000000000000000000000010000.$proc$rtl/peweaver_shared_fft.v:365$619'.
Removing empty process `$paramod\peweaver_shared_fft\WIDTH=s32'00000000000000000000000000010000.$proc$rtl/peweaver_shared_fft.v:351$618'.
Removing empty process `$paramod\peweaver_shared_fft\WIDTH=s32'00000000000000000000000000010000.$proc$rtl/peweaver_shared_fft.v:345$615'.
Removing empty process `$paramod\peweaver_shared_fft\WIDTH=s32'00000000000000000000000000010000.$proc$rtl/peweaver_shared_fft.v:329$601'.
Found and cleaned up 1 empty switch in `$paramod\peweaver_shared_fft\WIDTH=s32'00000000000000000000000000010000.$proc$rtl/peweaver_shared_fft.v:193$600'.
Removing empty process `$paramod\peweaver_shared_fft\WIDTH=s32'00000000000000000000000000010000.$proc$rtl/peweaver_shared_fft.v:193$600'.
Removing empty process `$paramod\peweaver_shared_fft\WIDTH=s32'00000000000000000000000000010000.$proc$rtl/peweaver_shared_fft.v:167$583'.
Removing empty process `$paramod\peweaver_shared_fft\WIDTH=s32'00000000000000000000000000010000.$proc$rtl/peweaver_shared_fft.v:157$577'.
Removing empty process `$paramod\peweaver_shared_fft\WIDTH=s32'00000000000000000000000000010000.$proc$rtl/peweaver_shared_fft.v:143$574'.
Removing empty process `$paramod\peweaver_shared_fft\WIDTH=s32'00000000000000000000000000010000.$proc$rtl/peweaver_shared_fft.v:115$552'.
Removing empty process `$paramod\peweaver_shared_fft\WIDTH=s32'00000000000000000000000000010000.$proc$rtl/peweaver_shared_fft.v:108$551'.
Removing empty process `$paramod\peweaver_shared_fft\WIDTH=s32'00000000000000000000000000010000.$proc$rtl/peweaver_shared_fft.v:96$543'.
Removing empty process `$paramod\peweaver_shared_fft\WIDTH=s32'00000000000000000000000000010000.$proc$rtl/peweaver_shared_fft.v:74$533'.
Found and cleaned up 1 empty switch in `$paramod\peweaver_shared_fft\WIDTH=s32'00000000000000000000000000010000.$proc$rtl/peweaver_shared_fft.v:41$511'.
Removing empty process `$paramod\peweaver_shared_fft\WIDTH=s32'00000000000000000000000000010000.$proc$rtl/peweaver_shared_fft.v:41$511'.
Removing empty process `peweaver_ppa_reset_sync_shared.$proc$rtl/peweaver_ppa_shared_fft.v:15$1'.
Cleaned up 32 empty switches.

4.2.12. Executing OPT_EXPR pass (perform const folding).
Optimizing module $paramod\peweaver_shared_fft\WIDTH=s32'00000000000000000000000000010000.
<suppressed ~108 debug messages>
Optimizing module peweaver_ppa_shared_fft.
Optimizing module peweaver_ppa_reset_sync_shared.
<suppressed ~1 debug messages>

4.3. Executing CHECK pass (checking for obvious problems).
Checking module $paramod\peweaver_shared_fft\WIDTH=s32'00000000000000000000000000010000...
Checking module peweaver_ppa_shared_fft...
Checking module peweaver_ppa_reset_sync_shared...
Found and reported 0 problems.

4.4. Executing FLATTEN pass (flatten design).
Deleting now unused module $paramod\peweaver_shared_fft\WIDTH=s32'00000000000000000000000000010000.
Deleting now unused module peweaver_ppa_reset_sync_shared.
<suppressed ~2 debug messages>

4.5. Executing OPT_EXPR pass (perform const folding).
Optimizing module peweaver_ppa_shared_fft.
<suppressed ~1 debug messages>

4.6. Executing OPT_CLEAN pass (remove unused cells and wires).
Finding unused cells or wires in module \peweaver_ppa_shared_fft..
Removed 16 unused cells and 649 unused wires.
<suppressed ~46 debug messages>

4.7. Executing CHECK pass (checking for obvious problems).
Checking module peweaver_ppa_shared_fft...
Found and reported 0 problems.

4.8. Executing OPT pass (performing simple optimizations).

4.8.1. Executing OPT_EXPR pass (perform const folding).
Optimizing module peweaver_ppa_shared_fft.

4.8.2. Executing OPT_MERGE pass (detect identical cells).
Finding identical cells in module `\peweaver_ppa_shared_fft'.
Computing hashes of 1190 cells of `\peweaver_ppa_shared_fft'.
Finding duplicate cells in `\peweaver_ppa_shared_fft'.
Computing hashes of 1189 cells of `\peweaver_ppa_shared_fft'.
Finding duplicate cells in `\peweaver_ppa_shared_fft'.
<suppressed ~3 debug messages>
Removed a total of 1 cells.

4.8.3. Executing OPT_MUXTREE pass (detect dead branches in mux trees).
Running muxtree optimizer on module \peweaver_ppa_shared_fft..
  Creating internal representation of mux trees.
  Evaluating internal representation of mux trees.
  Analyzing evaluation results.
Removed 0 multiplexer ports.
<suppressed ~326 debug messages>

4.8.4. Executing OPT_REDUCE pass (consolidate $*mux and $reduce_* inputs).
  Optimizing cells in module \peweaver_ppa_shared_fft.
Performed a total of 0 changes.

4.8.5. Executing OPT_MERGE pass (detect identical cells).
Finding identical cells in module `\peweaver_ppa_shared_fft'.
Computing hashes of 1189 cells of `\peweaver_ppa_shared_fft'.
Finding duplicate cells in `\peweaver_ppa_shared_fft'.
Computing hashes of 1162 cells of `\peweaver_ppa_shared_fft'.
Finding duplicate cells in `\peweaver_ppa_shared_fft'.
Computing hashes of 739 cells of `\peweaver_ppa_shared_fft'.
Finding duplicate cells in `\peweaver_ppa_shared_fft'.
Computing hashes of 725 cells of `\peweaver_ppa_shared_fft'.
Finding duplicate cells in `\peweaver_ppa_shared_fft'.
<suppressed ~1392 debug messages>
Removed a total of 464 cells.

4.8.6. Executing OPT_DFF pass (perform DFF optimizations).

4.8.7. Executing OPT_CLEAN pass (remove unused cells and wires).
Finding unused cells or wires in module \peweaver_ppa_shared_fft..
Removed 0 unused cells and 486 unused wires.
<suppressed ~1 debug messages>

4.8.8. Executing OPT_EXPR pass (perform const folding).
Optimizing module peweaver_ppa_shared_fft.

4.8.9. Rerunning OPT passes. (Maybe there is more to do..)

4.8.10. Executing OPT_MUXTREE pass (detect dead branches in mux trees).
Running muxtree optimizer on module \peweaver_ppa_shared_fft..
  Creating internal representation of mux trees.
  Evaluating internal representation of mux trees.
  Analyzing evaluation results.
Removed 0 multiplexer ports.
<suppressed ~284 debug messages>

4.8.11. Executing OPT_REDUCE pass (consolidate $*mux and $reduce_* inputs).
  Optimizing cells in module \peweaver_ppa_shared_fft.
Performed a total of 0 changes.

4.8.12. Executing OPT_MERGE pass (detect identical cells).
Finding identical cells in module `\peweaver_ppa_shared_fft'.
Computing hashes of 725 cells of `\peweaver_ppa_shared_fft'.
Finding duplicate cells in `\peweaver_ppa_shared_fft'.
Removed a total of 0 cells.

4.8.13. Executing OPT_DFF pass (perform DFF optimizations).

4.8.14. Executing OPT_CLEAN pass (remove unused cells and wires).
Finding unused cells or wires in module \peweaver_ppa_shared_fft..

4.8.15. Executing OPT_EXPR pass (perform const folding).
Optimizing module peweaver_ppa_shared_fft.

4.8.16. Finished fast OPT passes. (There is nothing left to do.)

4.9. Executing FSM pass (extract and optimize FSM).

4.9.1. Executing FSM_DETECT pass (finding FSMs in design).

4.9.2. Executing FSM_EXTRACT pass (extracting FSM from design).

4.9.3. Executing FSM_OPT pass (simple optimizations of FSMs).

4.9.4. Executing OPT_CLEAN pass (remove unused cells and wires).
Finding unused cells or wires in module \peweaver_ppa_shared_fft..

4.9.5. Executing FSM_OPT pass (simple optimizations of FSMs).

4.9.6. Executing FSM_RECODE pass (re-assigning FSM state encoding).

4.9.7. Executing FSM_INFO pass (dumping all available information on FSM cells).

4.9.8. Executing FSM_MAP pass (mapping FSMs to basic logic).

4.10. Executing OPT pass (performing simple optimizations).

4.10.1. Executing OPT_EXPR pass (perform const folding).
Optimizing module peweaver_ppa_shared_fft.

4.10.2. Executing OPT_MERGE pass (detect identical cells).
Finding identical cells in module `\peweaver_ppa_shared_fft'.
Computing hashes of 725 cells of `\peweaver_ppa_shared_fft'.
Finding duplicate cells in `\peweaver_ppa_shared_fft'.
Removed a total of 0 cells.

4.10.3. Executing OPT_MUXTREE pass (detect dead branches in mux trees).
Running muxtree optimizer on module \peweaver_ppa_shared_fft..
  Creating internal representation of mux trees.
  Evaluating internal representation of mux trees.
  Analyzing evaluation results.
Removed 0 multiplexer ports.
<suppressed ~284 debug messages>

4.10.4. Executing OPT_REDUCE pass (consolidate $*mux and $reduce_* inputs).
  Optimizing cells in module \peweaver_ppa_shared_fft.
Performed a total of 0 changes.

4.10.5. Executing OPT_MERGE pass (detect identical cells).
Finding identical cells in module `\peweaver_ppa_shared_fft'.
Computing hashes of 725 cells of `\peweaver_ppa_shared_fft'.
Finding duplicate cells in `\peweaver_ppa_shared_fft'.
Removed a total of 0 cells.

4.10.6. Executing OPT_DFF pass (perform DFF optimizations).
Adding EN signal on $flatten\u_core.$procdff$1834 ($adff) from module peweaver_ppa_shared_fft (D = $flatten\u_core.$0\s1_bf1spe[0:0], Q = \u_core.s1_bf1spe).
Adding EN signal on $flatten\u_core.$procdff$1755 ($adff) from module peweaver_ppa_shared_fft (D = $flatten\u_core.$0\s1_bf2spe[0:0], Q = \u_core.s1_bf2spe).
Adding EN signal on $flatten\u_core.$procdff$1673 ($adff) from module peweaver_ppa_shared_fft (D = $flatten\u_core.$0\s2_bf1spe[0:0], Q = \u_core.s2_bf1spe).
Adding EN signal on $flatten\u_core.$procdff$1626 ($adff) from module peweaver_ppa_shared_fft (D = $flatten\u_core.$0\s2_bf2spe[0:0], Q = \u_core.s2_bf2spe).
Adding EN signal on $flatten\u_core.$procdff$1600 ($adff) from module peweaver_ppa_shared_fft (D = $flatten\u_core.$0\s3_bf1spe[0:0], Q = \u_core.s3_bf1spe).
Adding EN signal on $flatten\u_core.$procdff$1581 ($adff) from module peweaver_ppa_shared_fft (D = $flatten\u_core.$0\s3_bf2spe[0:0], Q = \u_core.s3_bf2spe).

4.10.7. Executing OPT_CLEAN pass (remove unused cells and wires).
Finding unused cells or wires in module \peweaver_ppa_shared_fft..

4.10.8. Executing OPT_EXPR pass (perform const folding).
Optimizing module peweaver_ppa_shared_fft.
<suppressed ~6 debug messages>

4.10.9. Rerunning OPT passes. (Maybe there is more to do..)

4.10.10. Executing OPT_MUXTREE pass (detect dead branches in mux trees).
Running muxtree optimizer on module \peweaver_ppa_shared_fft..
  Creating internal representation of mux trees.
  Evaluating internal representation of mux trees.
  Analyzing evaluation results.
Removed 0 multiplexer ports.
<suppressed ~284 debug messages>

4.10.11. Executing OPT_REDUCE pass (consolidate $*mux and $reduce_* inputs).
  Optimizing cells in module \peweaver_ppa_shared_fft.
Performed a total of 0 changes.

4.10.12. Executing OPT_MERGE pass (detect identical cells).
Finding identical cells in module `\peweaver_ppa_shared_fft'.
Computing hashes of 731 cells of `\peweaver_ppa_shared_fft'.
Finding duplicate cells in `\peweaver_ppa_shared_fft'.
Removed a total of 0 cells.

4.10.13. Executing OPT_DFF pass (perform DFF optimizations).

4.10.14. Executing OPT_CLEAN pass (remove unused cells and wires).
Finding unused cells or wires in module \peweaver_ppa_shared_fft..

4.10.15. Executing OPT_EXPR pass (perform const folding).
Optimizing module peweaver_ppa_shared_fft.

4.10.16. Finished fast OPT passes. (There is nothing left to do.)

4.11. Executing WREDUCE pass (reducing word size of cells).
Removed top 25 address bits (of 32) from memory init port peweaver_ppa_shared_fft.$flatten\u_core.$auto$mem.cc:351:emit$965 ($flatten\u_core.$auto$proc_rom.cc:155:do_switch$963).
Removed top 25 address bits (of 32) from memory init port peweaver_ppa_shared_fft.$flatten\u_core.$auto$mem.cc:351:emit$969 ($flatten\u_core.$auto$proc_rom.cc:155:do_switch$967).
Removed top 25 address bits (of 32) from memory init port peweaver_ppa_shared_fft.$flatten\u_core.$auto$mem.cc:351:emit$973 ($flatten\u_core.$auto$proc_rom.cc:155:do_switch$971).
Removed top 5 bits (of 6) from port B of cell peweaver_ppa_shared_fft.$flatten\u_core.$procmux$1477_CMP0 ($eq).
Removed top 4 bits (of 6) from port B of cell peweaver_ppa_shared_fft.$flatten\u_core.$procmux$1476_CMP0 ($eq).
Removed top 4 bits (of 6) from port B of cell peweaver_ppa_shared_fft.$flatten\u_core.$procmux$1475_CMP0 ($eq).
Removed top 3 bits (of 6) from port B of cell peweaver_ppa_shared_fft.$flatten\u_core.$procmux$1474_CMP0 ($eq).
Removed top 3 bits (of 6) from port B of cell peweaver_ppa_shared_fft.$flatten\u_core.$procmux$1473_CMP0 ($eq).
Removed top 3 bits (of 6) from port B of cell peweaver_ppa_shared_fft.$flatten\u_core.$procmux$1472_CMP0 ($eq).
Removed top 3 bits (of 6) from port B of cell peweaver_ppa_shared_fft.$flatten\u_core.$procmux$1471_CMP0 ($eq).
Removed top 2 bits (of 6) from port B of cell peweaver_ppa_shared_fft.$flatten\u_core.$procmux$1470_CMP0 ($eq).
Removed top 2 bits (of 6) from port B of cell peweaver_ppa_shared_fft.$flatten\u_core.$procmux$1469_CMP0 ($eq).
Removed top 2 bits (of 6) from port B of cell peweaver_ppa_shared_fft.$flatten\u_core.$procmux$1468_CMP0 ($eq).
Removed top 2 bits (of 6) from port B of cell peweaver_ppa_shared_fft.$flatten\u_core.$procmux$1467_CMP0 ($eq).
Removed top 2 bits (of 6) from port B of cell peweaver_ppa_shared_fft.$flatten\u_core.$procmux$1466_CMP0 ($eq).
Removed top 2 bits (of 6) from port B of cell peweaver_ppa_shared_fft.$flatten\u_core.$procmux$1465_CMP0 ($eq).
Removed top 2 bits (of 6) from port B of cell peweaver_ppa_shared_fft.$flatten\u_core.$procmux$1464_CMP0 ($eq).
Removed top 2 bits (of 6) from port B of cell peweaver_ppa_shared_fft.$flatten\u_core.$procmux$1463_CMP0 ($eq).
Removed top 1 bits (of 6) from port B of cell peweaver_ppa_shared_fft.$flatten\u_core.$procmux$1462_CMP0 ($eq).
Removed top 1 bits (of 6) from port B of cell peweaver_ppa_shared_fft.$flatten\u_core.$procmux$1461_CMP0 ($eq).
Removed top 1 bits (of 6) from port B of cell peweaver_ppa_shared_fft.$flatten\u_core.$procmux$1460_CMP0 ($eq).
Removed top 1 bits (of 6) from port B of cell peweaver_ppa_shared_fft.$flatten\u_core.$procmux$1459_CMP0 ($eq).
Removed top 1 bits (of 6) from port B of cell peweaver_ppa_shared_fft.$flatten\u_core.$procmux$1458_CMP0 ($eq).
Removed top 1 bits (of 6) from port B of cell peweaver_ppa_shared_fft.$flatten\u_core.$procmux$1457_CMP0 ($eq).
Removed top 1 bits (of 6) from port B of cell peweaver_ppa_shared_fft.$flatten\u_core.$procmux$1456_CMP0 ($eq).
Removed top 1 bits (of 6) from port B of cell peweaver_ppa_shared_fft.$flatten\u_core.$procmux$1455_CMP0 ($eq).
Removed top 1 bits (of 6) from port B of cell peweaver_ppa_shared_fft.$flatten\u_core.$procmux$1454_CMP0 ($eq).
Removed top 1 bits (of 6) from port B of cell peweaver_ppa_shared_fft.$flatten\u_core.$procmux$1453_CMP0 ($eq).
Removed top 1 bits (of 6) from port B of cell peweaver_ppa_shared_fft.$flatten\u_core.$procmux$1452_CMP0 ($eq).
Removed top 1 bits (of 6) from port B of cell peweaver_ppa_shared_fft.$flatten\u_core.$procmux$1451_CMP0 ($eq).
Removed top 1 bits (of 6) from port B of cell peweaver_ppa_shared_fft.$flatten\u_core.$procmux$1450_CMP0 ($eq).
Removed top 1 bits (of 6) from port B of cell peweaver_ppa_shared_fft.$flatten\u_core.$procmux$1449_CMP0 ($eq).
Removed top 1 bits (of 6) from port B of cell peweaver_ppa_shared_fft.$flatten\u_core.$procmux$1448_CMP0 ($eq).
Removed top 1 bits (of 6) from port B of cell peweaver_ppa_shared_fft.$flatten\u_core.$procmux$1447_CMP0 ($eq).
Removed top 4 bits (of 5) from port B of cell peweaver_ppa_shared_fft.$flatten\u_core.$procmux$1115_CMP0 ($eq).
Removed top 3 bits (of 5) from port B of cell peweaver_ppa_shared_fft.$flatten\u_core.$procmux$1114_CMP0 ($eq).
Removed top 3 bits (of 5) from port B of cell peweaver_ppa_shared_fft.$flatten\u_core.$procmux$1113_CMP0 ($eq).
Removed top 2 bits (of 5) from port B of cell peweaver_ppa_shared_fft.$flatten\u_core.$procmux$1112_CMP0 ($eq).
Removed top 2 bits (of 5) from port B of cell peweaver_ppa_shared_fft.$flatten\u_core.$procmux$1111_CMP0 ($eq).
Removed top 2 bits (of 5) from port B of cell peweaver_ppa_shared_fft.$flatten\u_core.$procmux$1110_CMP0 ($eq).
Removed top 2 bits (of 5) from port B of cell peweaver_ppa_shared_fft.$flatten\u_core.$procmux$1109_CMP0 ($eq).
Removed top 1 bits (of 5) from port B of cell peweaver_ppa_shared_fft.$flatten\u_core.$procmux$1108_CMP0 ($eq).
Removed top 1 bits (of 5) from port B of cell peweaver_ppa_shared_fft.$flatten\u_core.$procmux$1107_CMP0 ($eq).
Removed top 1 bits (of 5) from port B of cell peweaver_ppa_shared_fft.$flatten\u_core.$procmux$1106_CMP0 ($eq).
Removed top 1 bits (of 5) from port B of cell peweaver_ppa_shared_fft.$flatten\u_core.$procmux$1105_CMP0 ($eq).
Removed top 1 bits (of 5) from port B of cell peweaver_ppa_shared_fft.$flatten\u_core.$procmux$1104_CMP0 ($eq).
Removed top 1 bits (of 5) from port B of cell peweaver_ppa_shared_fft.$flatten\u_core.$procmux$1103_CMP0 ($eq).
Removed top 1 bits (of 5) from port B of cell peweaver_ppa_shared_fft.$flatten\u_core.$procmux$1102_CMP0 ($eq).
Removed top 1 bits (of 5) from port B of cell peweaver_ppa_shared_fft.$flatten\u_core.$procmux$1101_CMP0 ($eq).
Removed top 3 bits (of 4) from port B of cell peweaver_ppa_shared_fft.$flatten\u_core.$procmux$1031_CMP0 ($eq).
Removed top 2 bits (of 4) from port B of cell peweaver_ppa_shared_fft.$flatten\u_core.$procmux$1030_CMP0 ($eq).
Removed top 2 bits (of 4) from port B of cell peweaver_ppa_shared_fft.$flatten\u_core.$procmux$1029_CMP0 ($eq).
Removed top 1 bits (of 4) from port B of cell peweaver_ppa_shared_fft.$flatten\u_core.$procmux$1028_CMP0 ($eq).
Removed top 1 bits (of 4) from port B of cell peweaver_ppa_shared_fft.$flatten\u_core.$procmux$1027_CMP0 ($eq).
Removed top 1 bits (of 4) from port B of cell peweaver_ppa_shared_fft.$flatten\u_core.$procmux$1026_CMP0 ($eq).
Removed top 1 bits (of 4) from port B of cell peweaver_ppa_shared_fft.$flatten\u_core.$procmux$1025_CMP0 ($eq).
Removed top 1 bits (of 2) from port B of cell peweaver_ppa_shared_fft.$flatten\u_core.$procmux$989_CMP0 ($eq).
Removed top 31 bits (of 32) from mux cell peweaver_ppa_shared_fft.$flatten\u_core.$ternary$rtl/peweaver_shared_fft.v:753$949 ($mux).
Removed top 30 bits (of 32) from mux cell peweaver_ppa_shared_fft.$flatten\u_core.$ternary$rtl/peweaver_shared_fft.v:691$925 ($mux).
Removed top 28 bits (of 32) from mux cell peweaver_ppa_shared_fft.$flatten\u_core.$ternary$rtl/peweaver_shared_fft.v:438$909 ($mux).
Removed top 27 bits (of 32) from mux cell peweaver_ppa_shared_fft.$flatten\u_core.$ternary$rtl/peweaver_shared_fft.v:124$869 ($mux).
Removed top 26 bits (of 32) from mux cell peweaver_ppa_shared_fft.$flatten\u_core.$ternary$rtl/peweaver_shared_fft.v:57$861 ($mux).
Removed top 16 bits (of 32) from mux cell peweaver_ppa_shared_fft.$flatten\u_core.$ternary$rtl/peweaver_shared_fft.v:996$837 ($mux).
Removed top 16 bits (of 32) from mux cell peweaver_ppa_shared_fft.$flatten\u_core.$ternary$rtl/peweaver_shared_fft.v:995$836 ($mux).
Removed top 16 bits (of 32) from mux cell peweaver_ppa_shared_fft.$flatten\u_core.$ternary$rtl/peweaver_shared_fft.v:994$835 ($mux).
Removed top 16 bits (of 32) from mux cell peweaver_ppa_shared_fft.$flatten\u_core.$ternary$rtl/peweaver_shared_fft.v:993$834 ($mux).
Removed top 31 bits (of 32) from mux cell peweaver_ppa_shared_fft.$flatten\u_core.$ternary$rtl/peweaver_shared_fft.v:987$832 ($mux).
Removed top 31 bits (of 32) from port A of cell peweaver_ppa_shared_fft.$flatten\u_core.$not$rtl/peweaver_shared_fft.v:987$831 ($not).
Removed top 31 bits (of 32) from port Y of cell peweaver_ppa_shared_fft.$flatten\u_core.$not$rtl/peweaver_shared_fft.v:987$831 ($not).
Converting cell peweaver_ppa_shared_fft.$flatten\u_core.$add$rtl/peweaver_shared_fft.v:963$823 ($add) from unsigned to signed.
Removed top 15 bits (of 32) from port A of cell peweaver_ppa_shared_fft.$flatten\u_core.$add$rtl/peweaver_shared_fft.v:963$823 ($add).
Removed top 15 bits (of 32) from port B of cell peweaver_ppa_shared_fft.$flatten\u_core.$add$rtl/peweaver_shared_fft.v:963$823 ($add).
Removed top 16 bits (of 32) from port Y of cell peweaver_ppa_shared_fft.$flatten\u_core.$add$rtl/peweaver_shared_fft.v:963$823 ($add).
Removed top 1 bits (of 17) from port A of cell peweaver_ppa_shared_fft.$flatten\u_core.$add$rtl/peweaver_shared_fft.v:963$823 ($add).
Removed top 1 bits (of 17) from port B of cell peweaver_ppa_shared_fft.$flatten\u_core.$add$rtl/peweaver_shared_fft.v:963$823 ($add).
Converting cell peweaver_ppa_shared_fft.$flatten\u_core.$sub$rtl/peweaver_shared_fft.v:962$820 ($sub) from unsigned to signed.
Removed top 15 bits (of 32) from port A of cell peweaver_ppa_shared_fft.$flatten\u_core.$sub$rtl/peweaver_shared_fft.v:962$820 ($sub).
Removed top 15 bits (of 32) from port B of cell peweaver_ppa_shared_fft.$flatten\u_core.$sub$rtl/peweaver_shared_fft.v:962$820 ($sub).
Removed top 16 bits (of 32) from port Y of cell peweaver_ppa_shared_fft.$flatten\u_core.$sub$rtl/peweaver_shared_fft.v:962$820 ($sub).
Removed top 1 bits (of 17) from port A of cell peweaver_ppa_shared_fft.$flatten\u_core.$sub$rtl/peweaver_shared_fft.v:962$820 ($sub).
Removed top 1 bits (of 17) from port B of cell peweaver_ppa_shared_fft.$flatten\u_core.$sub$rtl/peweaver_shared_fft.v:962$820 ($sub).
Removed top 1 bits (of 32) from port Y of cell peweaver_ppa_shared_fft.$flatten\u_core.$mul$rtl/peweaver_shared_fft.v:961$817 ($mul).
Removed top 1 bits (of 32) from port Y of cell peweaver_ppa_shared_fft.$flatten\u_core.$mul$rtl/peweaver_shared_fft.v:960$816 ($mul).
Removed top 1 bits (of 32) from port Y of cell peweaver_ppa_shared_fft.$flatten\u_core.$mul$rtl/peweaver_shared_fft.v:959$815 ($mul).
Removed top 1 bits (of 32) from port Y of cell peweaver_ppa_shared_fft.$flatten\u_core.$mul$rtl/peweaver_shared_fft.v:958$814 ($mul).
Removed top 16 bits (of 32) from mux cell peweaver_ppa_shared_fft.$flatten\u_core.$ternary$rtl/peweaver_shared_fft.v:955$813 ($mux).
Removed top 16 bits (of 32) from mux cell peweaver_ppa_shared_fft.$flatten\u_core.$ternary$rtl/peweaver_shared_fft.v:954$812 ($mux).
Removed top 1 bits (of 2) from port A of cell peweaver_ppa_shared_fft.$flatten\u_core.$mul$rtl/peweaver_shared_fft.v:817$809 ($mul).
Removed top 25 bits (of 32) from mux cell peweaver_ppa_shared_fft.$flatten\u_core.$ternary$rtl/peweaver_shared_fft.v:802$804 ($mux).
Removed top 31 bits (of 32) from port B of cell peweaver_ppa_shared_fft.$flatten\u_core.$add$rtl/peweaver_shared_fft.v:802$803 ($add).
Removed top 25 bits (of 32) from port Y of cell peweaver_ppa_shared_fft.$flatten\u_core.$add$rtl/peweaver_shared_fft.v:802$803 ($add).
Removed top 31 bits (of 32) from mux cell peweaver_ppa_shared_fft.$flatten\u_core.$ternary$rtl/peweaver_shared_fft.v:801$802 ($mux).
Removed top 31 bits (of 32) from mux cell peweaver_ppa_shared_fft.$flatten\u_core.$ternary$rtl/peweaver_shared_fft.v:801$801 ($mux).
Removed top 6 bits (of 7) from mux cell peweaver_ppa_shared_fft.$flatten\u_core.$ternary$rtl/peweaver_shared_fft.v:791$794 ($mux).
Removed top 30 bits (of 32) from port B of cell peweaver_ppa_shared_fft.$flatten\u_core.$add$rtl/peweaver_shared_fft.v:764$784 ($add).
Removed top 15 bits (of 32) from port Y of cell peweaver_ppa_shared_fft.$flatten\u_core.$add$rtl/peweaver_shared_fft.v:764$784 ($add).
Removed top 30 bits (of 32) from port B of cell peweaver_ppa_shared_fft.$flatten\u_core.$add$rtl/peweaver_shared_fft.v:763$782 ($add).
Removed top 15 bits (of 32) from port Y of cell peweaver_ppa_shared_fft.$flatten\u_core.$add$rtl/peweaver_shared_fft.v:763$782 ($add).
Removed top 30 bits (of 32) from port B of cell peweaver_ppa_shared_fft.$flatten\u_core.$add$rtl/peweaver_shared_fft.v:762$780 ($add).
Removed top 15 bits (of 32) from port Y of cell peweaver_ppa_shared_fft.$flatten\u_core.$add$rtl/peweaver_shared_fft.v:762$780 ($add).
Removed top 30 bits (of 32) from port B of cell peweaver_ppa_shared_fft.$flatten\u_core.$add$rtl/peweaver_shared_fft.v:761$778 ($add).
Removed top 15 bits (of 32) from port Y of cell peweaver_ppa_shared_fft.$flatten\u_core.$add$rtl/peweaver_shared_fft.v:761$778 ($add).
Removed top 16 bits (of 32) from mux cell peweaver_ppa_shared_fft.$flatten\u_core.$ternary$rtl/peweaver_shared_fft.v:756$773 ($mux).
Removed top 16 bits (of 32) from mux cell peweaver_ppa_shared_fft.$flatten\u_core.$ternary$rtl/peweaver_shared_fft.v:755$772 ($mux).
Removed top 16 bits (of 32) from mux cell peweaver_ppa_shared_fft.$flatten\u_core.$ternary$rtl/peweaver_shared_fft.v:754$771 ($mux).
Removed top 16 bits (of 32) from mux cell peweaver_ppa_shared_fft.$flatten\u_core.$ternary$rtl/peweaver_shared_fft.v:753$770 ($mux).
Removed top 25 bits (of 32) from mux cell peweaver_ppa_shared_fft.$flatten\u_core.$ternary$rtl/peweaver_shared_fft.v:734$766 ($mux).
Removed top 31 bits (of 32) from port B of cell peweaver_ppa_shared_fft.$flatten\u_core.$add$rtl/peweaver_shared_fft.v:734$765 ($add).
Removed top 25 bits (of 32) from port Y of cell peweaver_ppa_shared_fft.$flatten\u_core.$add$rtl/peweaver_shared_fft.v:734$765 ($add).
Removed top 31 bits (of 32) from mux cell peweaver_ppa_shared_fft.$flatten\u_core.$ternary$rtl/peweaver_shared_fft.v:732$764 ($mux).
Removed top 31 bits (of 32) from mux cell peweaver_ppa_shared_fft.$flatten\u_core.$ternary$rtl/peweaver_shared_fft.v:733$763 ($mux).
Removed top 16 bits (of 32) from mux cell peweaver_ppa_shared_fft.$flatten\u_core.$ternary$rtl/peweaver_shared_fft.v:709$755 ($mux).
Removed top 16 bits (of 32) from mux cell peweaver_ppa_shared_fft.$flatten\u_core.$ternary$rtl/peweaver_shared_fft.v:710$753 ($mux).
Removed top 31 bits (of 32) from port A of cell peweaver_ppa_shared_fft.$flatten\u_core.$sub$rtl/peweaver_shared_fft.v:710$751 ($sub).
Removed top 16 bits (of 32) from port Y of cell peweaver_ppa_shared_fft.$flatten\u_core.$sub$rtl/peweaver_shared_fft.v:710$751 ($sub).
Removed top 16 bits (of 32) from mux cell peweaver_ppa_shared_fft.$flatten\u_core.$ternary$rtl/peweaver_shared_fft.v:694$738 ($mux).
Removed top 16 bits (of 32) from mux cell peweaver_ppa_shared_fft.$flatten\u_core.$ternary$rtl/peweaver_shared_fft.v:693$737 ($mux).
Removed top 16 bits (of 32) from mux cell peweaver_ppa_shared_fft.$flatten\u_core.$ternary$rtl/peweaver_shared_fft.v:692$736 ($mux).
Removed top 16 bits (of 32) from mux cell peweaver_ppa_shared_fft.$flatten\u_core.$ternary$rtl/peweaver_shared_fft.v:691$735 ($mux).
Removed top 5 bits (of 7) from mux cell peweaver_ppa_shared_fft.$flatten\u_core.$ternary$rtl/peweaver_shared_fft.v:684$730 ($mux).
Removed top 31 bits (of 32) from port B of cell peweaver_ppa_shared_fft.$flatten\u_core.$add$rtl/peweaver_shared_fft.v:679$728 ($add).
Removed top 25 bits (of 32) from port Y of cell peweaver_ppa_shared_fft.$flatten\u_core.$add$rtl/peweaver_shared_fft.v:679$728 ($add).
Converting cell peweaver_ppa_shared_fft.$flatten\u_core.$add$rtl/peweaver_shared_fft.v:653$722 ($add) from unsigned to signed.
Removed top 15 bits (of 32) from port A of cell peweaver_ppa_shared_fft.$flatten\u_core.$add$rtl/peweaver_shared_fft.v:653$722 ($add).
Removed top 15 bits (of 32) from port B of cell peweaver_ppa_shared_fft.$flatten\u_core.$add$rtl/peweaver_shared_fft.v:653$722 ($add).
Removed top 16 bits (of 32) from port Y of cell peweaver_ppa_shared_fft.$flatten\u_core.$add$rtl/peweaver_shared_fft.v:653$722 ($add).
Removed top 1 bits (of 17) from port A of cell peweaver_ppa_shared_fft.$flatten\u_core.$add$rtl/peweaver_shared_fft.v:653$722 ($add).
Removed top 1 bits (of 17) from port B of cell peweaver_ppa_shared_fft.$flatten\u_core.$add$rtl/peweaver_shared_fft.v:653$722 ($add).
Converting cell peweaver_ppa_shared_fft.$flatten\u_core.$sub$rtl/peweaver_shared_fft.v:652$719 ($sub) from unsigned to signed.
Removed top 15 bits (of 32) from port A of cell peweaver_ppa_shared_fft.$flatten\u_core.$sub$rtl/peweaver_shared_fft.v:652$719 ($sub).
Removed top 15 bits (of 32) from port B of cell peweaver_ppa_shared_fft.$flatten\u_core.$sub$rtl/peweaver_shared_fft.v:652$719 ($sub).
Removed top 16 bits (of 32) from port Y of cell peweaver_ppa_shared_fft.$flatten\u_core.$sub$rtl/peweaver_shared_fft.v:652$719 ($sub).
Removed top 1 bits (of 17) from port A of cell peweaver_ppa_shared_fft.$flatten\u_core.$sub$rtl/peweaver_shared_fft.v:652$719 ($sub).
Removed top 1 bits (of 17) from port B of cell peweaver_ppa_shared_fft.$flatten\u_core.$sub$rtl/peweaver_shared_fft.v:652$719 ($sub).
Removed top 1 bits (of 32) from port Y of cell peweaver_ppa_shared_fft.$flatten\u_core.$mul$rtl/peweaver_shared_fft.v:651$716 ($mul).
Removed top 1 bits (of 32) from port Y of cell peweaver_ppa_shared_fft.$flatten\u_core.$mul$rtl/peweaver_shared_fft.v:650$715 ($mul).
Removed top 1 bits (of 32) from port Y of cell peweaver_ppa_shared_fft.$flatten\u_core.$mul$rtl/peweaver_shared_fft.v:649$714 ($mul).
Removed top 1 bits (of 32) from port Y of cell peweaver_ppa_shared_fft.$flatten\u_core.$mul$rtl/peweaver_shared_fft.v:648$713 ($mul).
Removed top 16 bits (of 32) from mux cell peweaver_ppa_shared_fft.$flatten\u_core.$ternary$rtl/peweaver_shared_fft.v:645$712 ($mux).
Removed top 16 bits (of 32) from mux cell peweaver_ppa_shared_fft.$flatten\u_core.$ternary$rtl/peweaver_shared_fft.v:644$711 ($mux).
Removed top 1 bits (of 6) from port Y of cell peweaver_ppa_shared_fft.$flatten\u_core.$mul$rtl/peweaver_shared_fft.v:498$703 ($mul).
Removed top 2 bits (of 7) from mux cell peweaver_ppa_shared_fft.$flatten\u_core.$ternary$rtl/peweaver_shared_fft.v:495$702 ($mux).
Removed top 25 bits (of 32) from mux cell peweaver_ppa_shared_fft.$flatten\u_core.$ternary$rtl/peweaver_shared_fft.v:486$696 ($mux).
Removed top 31 bits (of 32) from port B of cell peweaver_ppa_shared_fft.$flatten\u_core.$add$rtl/peweaver_shared_fft.v:486$695 ($add).
Removed top 25 bits (of 32) from port Y of cell peweaver_ppa_shared_fft.$flatten\u_core.$add$rtl/peweaver_shared_fft.v:486$695 ($add).
Removed top 31 bits (of 32) from mux cell peweaver_ppa_shared_fft.$flatten\u_core.$ternary$rtl/peweaver_shared_fft.v:485$694 ($mux).
Removed top 31 bits (of 32) from mux cell peweaver_ppa_shared_fft.$flatten\u_core.$ternary$rtl/peweaver_shared_fft.v:485$693 ($mux).
Removed top 3 bits (of 7) from mux cell peweaver_ppa_shared_fft.$flatten\u_core.$ternary$rtl/peweaver_shared_fft.v:475$686 ($mux).
Removed top 30 bits (of 32) from port B of cell peweaver_ppa_shared_fft.$flatten\u_core.$add$rtl/peweaver_shared_fft.v:449$676 ($add).
Removed top 15 bits (of 32) from port Y of cell peweaver_ppa_shared_fft.$flatten\u_core.$add$rtl/peweaver_shared_fft.v:449$676 ($add).
Removed top 30 bits (of 32) from port B of cell peweaver_ppa_shared_fft.$flatten\u_core.$add$rtl/peweaver_shared_fft.v:448$674 ($add).
Removed top 15 bits (of 32) from port Y of cell peweaver_ppa_shared_fft.$flatten\u_core.$add$rtl/peweaver_shared_fft.v:448$674 ($add).
Removed top 30 bits (of 32) from port B of cell peweaver_ppa_shared_fft.$flatten\u_core.$add$rtl/peweaver_shared_fft.v:447$672 ($add).
Removed top 15 bits (of 32) from port Y of cell peweaver_ppa_shared_fft.$flatten\u_core.$add$rtl/peweaver_shared_fft.v:447$672 ($add).
Removed top 30 bits (of 32) from port B of cell peweaver_ppa_shared_fft.$flatten\u_core.$add$rtl/peweaver_shared_fft.v:446$670 ($add).
Removed top 15 bits (of 32) from port Y of cell peweaver_ppa_shared_fft.$flatten\u_core.$add$rtl/peweaver_shared_fft.v:446$670 ($add).
Removed top 16 bits (of 32) from mux cell peweaver_ppa_shared_fft.$flatten\u_core.$ternary$rtl/peweaver_shared_fft.v:441$665 ($mux).
Removed top 16 bits (of 32) from mux cell peweaver_ppa_shared_fft.$flatten\u_core.$ternary$rtl/peweaver_shared_fft.v:440$664 ($mux).
Removed top 16 bits (of 32) from mux cell peweaver_ppa_shared_fft.$flatten\u_core.$ternary$rtl/peweaver_shared_fft.v:439$663 ($mux).
Removed top 16 bits (of 32) from mux cell peweaver_ppa_shared_fft.$flatten\u_core.$ternary$rtl/peweaver_shared_fft.v:438$662 ($mux).
Removed top 25 bits (of 32) from mux cell peweaver_ppa_shared_fft.$flatten\u_core.$ternary$rtl/peweaver_shared_fft.v:420$658 ($mux).
Removed top 31 bits (of 32) from port B of cell peweaver_ppa_shared_fft.$flatten\u_core.$add$rtl/peweaver_shared_fft.v:420$657 ($add).
Removed top 25 bits (of 32) from port Y of cell peweaver_ppa_shared_fft.$flatten\u_core.$add$rtl/peweaver_shared_fft.v:420$657 ($add).
Removed top 31 bits (of 32) from mux cell peweaver_ppa_shared_fft.$flatten\u_core.$ternary$rtl/peweaver_shared_fft.v:418$656 ($mux).
Removed top 31 bits (of 32) from mux cell peweaver_ppa_shared_fft.$flatten\u_core.$ternary$rtl/peweaver_shared_fft.v:419$655 ($mux).
Removed top 16 bits (of 32) from mux cell peweaver_ppa_shared_fft.$flatten\u_core.$ternary$rtl/peweaver_shared_fft.v:395$647 ($mux).
Removed top 16 bits (of 32) from mux cell peweaver_ppa_shared_fft.$flatten\u_core.$ternary$rtl/peweaver_shared_fft.v:396$645 ($mux).
Removed top 31 bits (of 32) from port A of cell peweaver_ppa_shared_fft.$flatten\u_core.$sub$rtl/peweaver_shared_fft.v:396$643 ($sub).
Removed top 16 bits (of 32) from port Y of cell peweaver_ppa_shared_fft.$flatten\u_core.$sub$rtl/peweaver_shared_fft.v:396$643 ($sub).
Removed top 16 bits (of 32) from mux cell peweaver_ppa_shared_fft.$flatten\u_core.$ternary$rtl/peweaver_shared_fft.v:381$630 ($mux).
Removed top 16 bits (of 32) from mux cell peweaver_ppa_shared_fft.$flatten\u_core.$ternary$rtl/peweaver_shared_fft.v:380$629 ($mux).
Removed top 16 bits (of 32) from mux cell peweaver_ppa_shared_fft.$flatten\u_core.$ternary$rtl/peweaver_shared_fft.v:379$628 ($mux).
Removed top 16 bits (of 32) from mux cell peweaver_ppa_shared_fft.$flatten\u_core.$ternary$rtl/peweaver_shared_fft.v:378$627 ($mux).
Removed top 31 bits (of 32) from port B of cell peweaver_ppa_shared_fft.$flatten\u_core.$add$rtl/peweaver_shared_fft.v:367$620 ($add).
Removed top 25 bits (of 32) from port Y of cell peweaver_ppa_shared_fft.$flatten\u_core.$add$rtl/peweaver_shared_fft.v:367$620 ($add).
Converting cell peweaver_ppa_shared_fft.$flatten\u_core.$add$rtl/peweaver_shared_fft.v:342$614 ($add) from unsigned to signed.
Removed top 15 bits (of 32) from port A of cell peweaver_ppa_shared_fft.$flatten\u_core.$add$rtl/peweaver_shared_fft.v:342$614 ($add).
Removed top 15 bits (of 32) from port B of cell peweaver_ppa_shared_fft.$flatten\u_core.$add$rtl/peweaver_shared_fft.v:342$614 ($add).
Removed top 16 bits (of 32) from port Y of cell peweaver_ppa_shared_fft.$flatten\u_core.$add$rtl/peweaver_shared_fft.v:342$614 ($add).
Removed top 1 bits (of 17) from port A of cell peweaver_ppa_shared_fft.$flatten\u_core.$add$rtl/peweaver_shared_fft.v:342$614 ($add).
Removed top 1 bits (of 17) from port B of cell peweaver_ppa_shared_fft.$flatten\u_core.$add$rtl/peweaver_shared_fft.v:342$614 ($add).
Converting cell peweaver_ppa_shared_fft.$flatten\u_core.$sub$rtl/peweaver_shared_fft.v:341$611 ($sub) from unsigned to signed.
Removed top 15 bits (of 32) from port A of cell peweaver_ppa_shared_fft.$flatten\u_core.$sub$rtl/peweaver_shared_fft.v:341$611 ($sub).
Removed top 15 bits (of 32) from port B of cell peweaver_ppa_shared_fft.$flatten\u_core.$sub$rtl/peweaver_shared_fft.v:341$611 ($sub).
Removed top 16 bits (of 32) from port Y of cell peweaver_ppa_shared_fft.$flatten\u_core.$sub$rtl/peweaver_shared_fft.v:341$611 ($sub).
Removed top 1 bits (of 17) from port A of cell peweaver_ppa_shared_fft.$flatten\u_core.$sub$rtl/peweaver_shared_fft.v:341$611 ($sub).
Removed top 1 bits (of 17) from port B of cell peweaver_ppa_shared_fft.$flatten\u_core.$sub$rtl/peweaver_shared_fft.v:341$611 ($sub).
Removed top 1 bits (of 32) from port Y of cell peweaver_ppa_shared_fft.$flatten\u_core.$mul$rtl/peweaver_shared_fft.v:340$608 ($mul).
Removed top 1 bits (of 32) from port Y of cell peweaver_ppa_shared_fft.$flatten\u_core.$mul$rtl/peweaver_shared_fft.v:339$607 ($mul).
Removed top 1 bits (of 32) from port Y of cell peweaver_ppa_shared_fft.$flatten\u_core.$mul$rtl/peweaver_shared_fft.v:338$606 ($mul).
Removed top 1 bits (of 32) from port Y of cell peweaver_ppa_shared_fft.$flatten\u_core.$mul$rtl/peweaver_shared_fft.v:337$605 ($mul).
Removed top 16 bits (of 32) from mux cell peweaver_ppa_shared_fft.$flatten\u_core.$ternary$rtl/peweaver_shared_fft.v:334$604 ($mux).
Removed top 16 bits (of 32) from mux cell peweaver_ppa_shared_fft.$flatten\u_core.$ternary$rtl/peweaver_shared_fft.v:333$603 ($mux).
Removed top 2 bits (of 7) from mux cell peweaver_ppa_shared_fft.$flatten\u_core.$ternary$rtl/peweaver_shared_fft.v:183$594 ($mux).
Removed top 25 bits (of 32) from mux cell peweaver_ppa_shared_fft.$flatten\u_core.$ternary$rtl/peweaver_shared_fft.v:174$588 ($mux).
Removed top 31 bits (of 32) from port B of cell peweaver_ppa_shared_fft.$flatten\u_core.$add$rtl/peweaver_shared_fft.v:174$587 ($add).
Removed top 25 bits (of 32) from port Y of cell peweaver_ppa_shared_fft.$flatten\u_core.$add$rtl/peweaver_shared_fft.v:174$587 ($add).
Removed top 31 bits (of 32) from mux cell peweaver_ppa_shared_fft.$flatten\u_core.$ternary$rtl/peweaver_shared_fft.v:173$586 ($mux).
Removed top 31 bits (of 32) from mux cell peweaver_ppa_shared_fft.$flatten\u_core.$ternary$rtl/peweaver_shared_fft.v:173$585 ($mux).
Removed top 2 bits (of 7) from mux cell peweaver_ppa_shared_fft.$flatten\u_core.$ternary$rtl/peweaver_shared_fft.v:163$578 ($mux).
Removed top 30 bits (of 32) from port B of cell peweaver_ppa_shared_fft.$flatten\u_core.$add$rtl/peweaver_shared_fft.v:135$568 ($add).
Removed top 15 bits (of 32) from port Y of cell peweaver_ppa_shared_fft.$flatten\u_core.$add$rtl/peweaver_shared_fft.v:135$568 ($add).
Removed top 30 bits (of 32) from port B of cell peweaver_ppa_shared_fft.$flatten\u_core.$add$rtl/peweaver_shared_fft.v:134$566 ($add).
Removed top 15 bits (of 32) from port Y of cell peweaver_ppa_shared_fft.$flatten\u_core.$add$rtl/peweaver_shared_fft.v:134$566 ($add).
Removed top 30 bits (of 32) from port B of cell peweaver_ppa_shared_fft.$flatten\u_core.$add$rtl/peweaver_shared_fft.v:133$564 ($add).
Removed top 15 bits (of 32) from port Y of cell peweaver_ppa_shared_fft.$flatten\u_core.$add$rtl/peweaver_shared_fft.v:133$564 ($add).
Removed top 30 bits (of 32) from port B of cell peweaver_ppa_shared_fft.$flatten\u_core.$add$rtl/peweaver_shared_fft.v:132$562 ($add).
Removed top 15 bits (of 32) from port Y of cell peweaver_ppa_shared_fft.$flatten\u_core.$add$rtl/peweaver_shared_fft.v:132$562 ($add).
Removed top 16 bits (of 32) from mux cell peweaver_ppa_shared_fft.$flatten\u_core.$ternary$rtl/peweaver_shared_fft.v:127$557 ($mux).
Removed top 16 bits (of 32) from mux cell peweaver_ppa_shared_fft.$flatten\u_core.$ternary$rtl/peweaver_shared_fft.v:126$556 ($mux).
Removed top 16 bits (of 32) from mux cell peweaver_ppa_shared_fft.$flatten\u_core.$ternary$rtl/peweaver_shared_fft.v:125$555 ($mux).
Removed top 16 bits (of 32) from mux cell peweaver_ppa_shared_fft.$flatten\u_core.$ternary$rtl/peweaver_shared_fft.v:124$554 ($mux).
Removed top 25 bits (of 32) from mux cell peweaver_ppa_shared_fft.$flatten\u_core.$ternary$rtl/peweaver_shared_fft.v:103$550 ($mux).
Removed top 31 bits (of 32) from port B of cell peweaver_ppa_shared_fft.$flatten\u_core.$add$rtl/peweaver_shared_fft.v:103$549 ($add).
Removed top 25 bits (of 32) from port Y of cell peweaver_ppa_shared_fft.$flatten\u_core.$add$rtl/peweaver_shared_fft.v:103$549 ($add).
Removed top 31 bits (of 32) from mux cell peweaver_ppa_shared_fft.$flatten\u_core.$ternary$rtl/peweaver_shared_fft.v:101$548 ($mux).
Removed top 31 bits (of 32) from mux cell peweaver_ppa_shared_fft.$flatten\u_core.$ternary$rtl/peweaver_shared_fft.v:102$547 ($mux).
Removed top 16 bits (of 32) from mux cell peweaver_ppa_shared_fft.$flatten\u_core.$ternary$rtl/peweaver_shared_fft.v:90$542 ($mux).
Removed top 16 bits (of 32) from mux cell peweaver_ppa_shared_fft.$flatten\u_core.$ternary$rtl/peweaver_shared_fft.v:91$540 ($mux).
Removed top 31 bits (of 32) from port A of cell peweaver_ppa_shared_fft.$flatten\u_core.$sub$rtl/peweaver_shared_fft.v:91$538 ($sub).
Removed top 16 bits (of 32) from port Y of cell peweaver_ppa_shared_fft.$flatten\u_core.$sub$rtl/peweaver_shared_fft.v:91$538 ($sub).
Removed top 16 bits (of 32) from mux cell peweaver_ppa_shared_fft.$flatten\u_core.$ternary$rtl/peweaver_shared_fft.v:60$522 ($mux).
Removed top 16 bits (of 32) from mux cell peweaver_ppa_shared_fft.$flatten\u_core.$ternary$rtl/peweaver_shared_fft.v:59$521 ($mux).
Removed top 16 bits (of 32) from mux cell peweaver_ppa_shared_fft.$flatten\u_core.$ternary$rtl/peweaver_shared_fft.v:58$520 ($mux).
Removed top 16 bits (of 32) from mux cell peweaver_ppa_shared_fft.$flatten\u_core.$ternary$rtl/peweaver_shared_fft.v:57$519 ($mux).
Removed top 1 bits (of 7) from mux cell peweaver_ppa_shared_fft.$flatten\u_core.$ternary$rtl/peweaver_shared_fft.v:49$514 ($mux).
Removed top 31 bits (of 32) from port B of cell peweaver_ppa_shared_fft.$flatten\u_core.$add$rtl/peweaver_shared_fft.v:43$512 ($add).
Removed top 25 bits (of 32) from port Y of cell peweaver_ppa_shared_fft.$flatten\u_core.$add$rtl/peweaver_shared_fft.v:43$512 ($add).
Removed top 25 bits (of 32) from wire peweaver_ppa_shared_fft.$flatten\u_core.$add$rtl/peweaver_shared_fft.v:679$728_Y.
Removed top 5 bits (of 7) from wire peweaver_ppa_shared_fft.$flatten\u_core.$ternary$rtl/peweaver_shared_fft.v:684$730_Y.
Removed top 25 bits (of 32) from wire peweaver_ppa_shared_fft.$flatten\u_core.$add$rtl/peweaver_shared_fft.v:43$512_Y.
Removed top 16 bits (of 32) from wire peweaver_ppa_shared_fft.$flatten\u_core.$sub$rtl/peweaver_shared_fft.v:710$751_Y.
Removed top 16 bits (of 32) from wire peweaver_ppa_shared_fft.$flatten\u_core.$ternary$rtl/peweaver_shared_fft.v:710$753_Y.
Removed top 31 bits (of 32) from wire peweaver_ppa_shared_fft.$flatten\u_core.$ternary$rtl/peweaver_shared_fft.v:733$763_Y.
Removed top 25 bits (of 32) from wire peweaver_ppa_shared_fft.$flatten\u_core.$add$rtl/peweaver_shared_fft.v:734$765_Y.
Removed top 15 bits (of 32) from wire peweaver_ppa_shared_fft.$flatten\u_core.$add$rtl/peweaver_shared_fft.v:761$778_Y.
Removed top 15 bits (of 32) from wire peweaver_ppa_shared_fft.$flatten\u_core.$add$rtl/peweaver_shared_fft.v:762$780_Y.
Removed top 15 bits (of 32) from wire peweaver_ppa_shared_fft.$flatten\u_core.$add$rtl/peweaver_shared_fft.v:763$782_Y.
Removed top 15 bits (of 32) from wire peweaver_ppa_shared_fft.$flatten\u_core.$add$rtl/peweaver_shared_fft.v:764$784_Y.
Removed top 6 bits (of 7) from wire peweaver_ppa_shared_fft.$flatten\u_core.$ternary$rtl/peweaver_shared_fft.v:791$794_Y.
Removed top 31 bits (of 32) from wire peweaver_ppa_shared_fft.$flatten\u_core.$ternary$rtl/peweaver_shared_fft.v:801$801_Y.
Removed top 25 bits (of 32) from wire peweaver_ppa_shared_fft.$flatten\u_core.$add$rtl/peweaver_shared_fft.v:802$803_Y.
Removed top 31 bits (of 32) from wire peweaver_ppa_shared_fft.$flatten\u_core.$not$rtl/peweaver_shared_fft.v:987$831_Y.
Removed top 1 bits (of 7) from wire peweaver_ppa_shared_fft.$flatten\u_core.$ternary$rtl/peweaver_shared_fft.v:49$514_Y.
Removed top 25 bits (of 32) from wire peweaver_ppa_shared_fft.$flatten\u_core.$add$rtl/peweaver_shared_fft.v:486$695_Y.
Removed top 31 bits (of 32) from wire peweaver_ppa_shared_fft.$flatten\u_core.$ternary$rtl/peweaver_shared_fft.v:485$693_Y.
Removed top 3 bits (of 7) from wire peweaver_ppa_shared_fft.$flatten\u_core.$ternary$rtl/peweaver_shared_fft.v:475$686_Y.
Removed top 15 bits (of 32) from wire peweaver_ppa_shared_fft.$flatten\u_core.$add$rtl/peweaver_shared_fft.v:449$676_Y.
Removed top 15 bits (of 32) from wire peweaver_ppa_shared_fft.$flatten\u_core.$add$rtl/peweaver_shared_fft.v:448$674_Y.
Removed top 15 bits (of 32) from wire peweaver_ppa_shared_fft.$flatten\u_core.$add$rtl/peweaver_shared_fft.v:447$672_Y.
Removed top 15 bits (of 32) from wire peweaver_ppa_shared_fft.$flatten\u_core.$add$rtl/peweaver_shared_fft.v:446$670_Y.
Removed top 25 bits (of 32) from wire peweaver_ppa_shared_fft.$flatten\u_core.$add$rtl/peweaver_shared_fft.v:420$657_Y.
Removed top 31 bits (of 32) from wire peweaver_ppa_shared_fft.$flatten\u_core.$ternary$rtl/peweaver_shared_fft.v:419$655_Y.
Removed top 16 bits (of 32) from wire peweaver_ppa_shared_fft.$flatten\u_core.$ternary$rtl/peweaver_shared_fft.v:396$645_Y.
Removed top 16 bits (of 32) from wire peweaver_ppa_shared_fft.$flatten\u_core.$sub$rtl/peweaver_shared_fft.v:396$643_Y.
Removed top 25 bits (of 32) from wire peweaver_ppa_shared_fft.$flatten\u_core.$add$rtl/peweaver_shared_fft.v:367$620_Y.
Removed top 25 bits (of 32) from wire peweaver_ppa_shared_fft.$flatten\u_core.$add$rtl/peweaver_shared_fft.v:174$587_Y.
Removed top 31 bits (of 32) from wire peweaver_ppa_shared_fft.$flatten\u_core.$ternary$rtl/peweaver_shared_fft.v:173$585_Y.
Removed top 2 bits (of 7) from wire peweaver_ppa_shared_fft.$flatten\u_core.$ternary$rtl/peweaver_shared_fft.v:163$578_Y.
Removed top 15 bits (of 32) from wire peweaver_ppa_shared_fft.$flatten\u_core.$add$rtl/peweaver_shared_fft.v:135$568_Y.
Removed top 15 bits (of 32) from wire peweaver_ppa_shared_fft.$flatten\u_core.$add$rtl/peweaver_shared_fft.v:134$566_Y.
Removed top 15 bits (of 32) from wire peweaver_ppa_shared_fft.$flatten\u_core.$add$rtl/peweaver_shared_fft.v:133$564_Y.
Removed top 15 bits (of 32) from wire peweaver_ppa_shared_fft.$flatten\u_core.$add$rtl/peweaver_shared_fft.v:132$562_Y.
Removed top 25 bits (of 32) from wire peweaver_ppa_shared_fft.$flatten\u_core.$add$rtl/peweaver_shared_fft.v:103$549_Y.
Removed top 31 bits (of 32) from wire peweaver_ppa_shared_fft.$flatten\u_core.$ternary$rtl/peweaver_shared_fft.v:102$547_Y.
Removed top 16 bits (of 32) from wire peweaver_ppa_shared_fft.$flatten\u_core.$ternary$rtl/peweaver_shared_fft.v:91$540_Y.
Removed top 16 bits (of 32) from wire peweaver_ppa_shared_fft.$flatten\u_core.$sub$rtl/peweaver_shared_fft.v:91$538_Y.

4.12. Executing PEEPOPT pass (run peephole optimizers).

4.13. Executing OPT_CLEAN pass (remove unused cells and wires).
Finding unused cells or wires in module \peweaver_ppa_shared_fft..
Removed 0 unused cells and 102 unused wires.
<suppressed ~1 debug messages>

4.14. Executing ALUMACC pass (create $alu and $macc cells).
Extracting $alu and $macc cells in module peweaver_ppa_shared_fft:
  creating $macc model for $flatten\u_core.$add$rtl/peweaver_shared_fft.v:447$672 ($add).
  creating $macc model for $flatten\u_core.$add$rtl/peweaver_shared_fft.v:448$674 ($add).
  creating $macc model for $flatten\u_core.$add$rtl/peweaver_shared_fft.v:449$676 ($add).
  creating $macc model for $flatten\u_core.$add$rtl/peweaver_shared_fft.v:486$695 ($add).
  creating $macc model for $flatten\u_core.$mul$rtl/peweaver_shared_fft.v:498$703 ($mul).
  creating $macc model for $flatten\u_core.$mul$rtl/peweaver_shared_fft.v:499$705 ($mul).
  creating $macc model for $flatten\u_core.$mul$rtl/peweaver_shared_fft.v:648$713 ($mul).
  creating $macc model for $flatten\u_core.$mul$rtl/peweaver_shared_fft.v:649$714 ($mul).
  creating $macc model for $flatten\u_core.$mul$rtl/peweaver_shared_fft.v:650$715 ($mul).
  creating $macc model for $flatten\u_core.$mul$rtl/peweaver_shared_fft.v:651$716 ($mul).
  creating $macc model for $flatten\u_core.$sub$rtl/peweaver_shared_fft.v:652$719 ($sub).
  creating $macc model for $flatten\u_core.$add$rtl/peweaver_shared_fft.v:653$722 ($add).
  creating $macc model for $flatten\u_core.$add$rtl/peweaver_shared_fft.v:679$728 ($add).
  creating $macc model for $flatten\u_core.$add$rtl/peweaver_shared_fft.v:695$739 ($add).
  creating $macc model for $flatten\u_core.$add$rtl/peweaver_shared_fft.v:696$740 ($add).
  creating $macc model for $flatten\u_core.$sub$rtl/peweaver_shared_fft.v:697$741 ($sub).
  creating $macc model for $flatten\u_core.$sub$rtl/peweaver_shared_fft.v:698$742 ($sub).
  creating $macc model for $flatten\u_core.$sub$rtl/peweaver_shared_fft.v:710$751 ($sub).
  creating $macc model for $flatten\u_core.$add$rtl/peweaver_shared_fft.v:734$765 ($add).
  creating $macc model for $flatten\u_core.$add$rtl/peweaver_shared_fft.v:757$774 ($add).
  creating $macc model for $flatten\u_core.$add$rtl/peweaver_shared_fft.v:758$775 ($add).
  creating $macc model for $flatten\u_core.$sub$rtl/peweaver_shared_fft.v:759$776 ($sub).
  creating $macc model for $flatten\u_core.$sub$rtl/peweaver_shared_fft.v:760$777 ($sub).
  creating $macc model for $flatten\u_core.$add$rtl/peweaver_shared_fft.v:761$778 ($add).
  creating $macc model for $flatten\u_core.$add$rtl/peweaver_shared_fft.v:762$780 ($add).
  creating $macc model for $flatten\u_core.$add$rtl/peweaver_shared_fft.v:763$782 ($add).
  creating $macc model for $flatten\u_core.$add$rtl/peweaver_shared_fft.v:764$784 ($add).
  creating $macc model for $flatten\u_core.$add$rtl/peweaver_shared_fft.v:103$549 ($add).
  creating $macc model for $flatten\u_core.$add$rtl/peweaver_shared_fft.v:420$657 ($add).
  creating $macc model for $flatten\u_core.$add$rtl/peweaver_shared_fft.v:61$523 ($add).
  creating $macc model for $flatten\u_core.$add$rtl/peweaver_shared_fft.v:802$803 ($add).
  creating $macc model for $flatten\u_core.$mul$rtl/peweaver_shared_fft.v:817$809 ($mul).
  creating $macc model for $flatten\u_core.$mul$rtl/peweaver_shared_fft.v:958$814 ($mul).
  creating $macc model for $flatten\u_core.$mul$rtl/peweaver_shared_fft.v:959$815 ($mul).
  creating $macc model for $flatten\u_core.$mul$rtl/peweaver_shared_fft.v:960$816 ($mul).
  creating $macc model for $flatten\u_core.$mul$rtl/peweaver_shared_fft.v:961$817 ($mul).
  creating $macc model for $flatten\u_core.$sub$rtl/peweaver_shared_fft.v:962$820 ($sub).
  creating $macc model for $flatten\u_core.$add$rtl/peweaver_shared_fft.v:963$823 ($add).
  creating $macc model for $flatten\u_core.$add$rtl/peweaver_shared_fft.v:62$524 ($add).
  creating $macc model for $flatten\u_core.$add$rtl/peweaver_shared_fft.v:997$838 ($add).
  creating $macc model for $flatten\u_core.$add$rtl/peweaver_shared_fft.v:998$839 ($add).
  creating $macc model for $flatten\u_core.$sub$rtl/peweaver_shared_fft.v:999$840 ($sub).
  creating $macc model for $flatten\u_core.$sub$rtl/peweaver_shared_fft.v:1000$841 ($sub).
  creating $macc model for $flatten\u_core.$add$rtl/peweaver_shared_fft.v:128$558 ($add).
  creating $macc model for $flatten\u_core.$add$rtl/peweaver_shared_fft.v:129$559 ($add).
  creating $macc model for $flatten\u_core.$sub$rtl/peweaver_shared_fft.v:130$560 ($sub).
  creating $macc model for $flatten\u_core.$sub$rtl/peweaver_shared_fft.v:131$561 ($sub).
  creating $macc model for $flatten\u_core.$add$rtl/peweaver_shared_fft.v:132$562 ($add).
  creating $macc model for $flatten\u_core.$add$rtl/peweaver_shared_fft.v:133$564 ($add).
  creating $macc model for $flatten\u_core.$add$rtl/peweaver_shared_fft.v:134$566 ($add).
  creating $macc model for $flatten\u_core.$add$rtl/peweaver_shared_fft.v:135$568 ($add).
  creating $macc model for $flatten\u_core.$add$rtl/peweaver_shared_fft.v:174$587 ($add).
  creating $macc model for $flatten\u_core.$mul$rtl/peweaver_shared_fft.v:187$595 ($mul).
  creating $macc model for $flatten\u_core.$add$rtl/peweaver_shared_fft.v:442$666 ($add).
  creating $macc model for $flatten\u_core.$mul$rtl/peweaver_shared_fft.v:188$597 ($mul).
  creating $macc model for $flatten\u_core.$add$rtl/peweaver_shared_fft.v:443$667 ($add).
  creating $macc model for $flatten\u_core.$mul$rtl/peweaver_shared_fft.v:337$605 ($mul).
  creating $macc model for $flatten\u_core.$mul$rtl/peweaver_shared_fft.v:338$606 ($mul).
  creating $macc model for $flatten\u_core.$mul$rtl/peweaver_shared_fft.v:339$607 ($mul).
  creating $macc model for $flatten\u_core.$mul$rtl/peweaver_shared_fft.v:340$608 ($mul).
  creating $macc model for $flatten\u_core.$sub$rtl/peweaver_shared_fft.v:341$611 ($sub).
  creating $macc model for $flatten\u_core.$add$rtl/peweaver_shared_fft.v:342$614 ($add).
  creating $macc model for $flatten\u_core.$add$rtl/peweaver_shared_fft.v:367$620 ($add).
  creating $macc model for $flatten\u_core.$sub$rtl/peweaver_shared_fft.v:444$668 ($sub).
  creating $macc model for $flatten\u_core.$add$rtl/peweaver_shared_fft.v:382$631 ($add).
  creating $macc model for $flatten\u_core.$add$rtl/peweaver_shared_fft.v:383$632 ($add).
  creating $macc model for $flatten\u_core.$sub$rtl/peweaver_shared_fft.v:384$633 ($sub).
  creating $macc model for $flatten\u_core.$sub$rtl/peweaver_shared_fft.v:385$634 ($sub).
  creating $macc model for $flatten\u_core.$sub$rtl/peweaver_shared_fft.v:445$669 ($sub).
  creating $macc model for $flatten\u_core.$sub$rtl/peweaver_shared_fft.v:396$643 ($sub).
  creating $macc model for $flatten\u_core.$sub$rtl/peweaver_shared_fft.v:91$538 ($sub).
  creating $macc model for $flatten\u_core.$add$rtl/peweaver_shared_fft.v:446$670 ($add).
  creating $macc model for $flatten\u_core.$sub$rtl/peweaver_shared_fft.v:64$526 ($sub).
  creating $macc model for $flatten\u_core.$sub$rtl/peweaver_shared_fft.v:63$525 ($sub).
  creating $macc model for $flatten\u_core.$add$rtl/peweaver_shared_fft.v:43$512 ($add).
  merging $macc model for $flatten\u_core.$add$rtl/peweaver_shared_fft.v:442$666 into $flatten\u_core.$add$rtl/peweaver_shared_fft.v:446$670.
  merging $macc model for $flatten\u_core.$sub$rtl/peweaver_shared_fft.v:131$561 into $flatten\u_core.$add$rtl/peweaver_shared_fft.v:135$568.
  merging $macc model for $flatten\u_core.$sub$rtl/peweaver_shared_fft.v:130$560 into $flatten\u_core.$add$rtl/peweaver_shared_fft.v:134$566.
  merging $macc model for $flatten\u_core.$add$rtl/peweaver_shared_fft.v:129$559 into $flatten\u_core.$add$rtl/peweaver_shared_fft.v:133$564.
  merging $macc model for $flatten\u_core.$add$rtl/peweaver_shared_fft.v:128$558 into $flatten\u_core.$add$rtl/peweaver_shared_fft.v:132$562.
  merging $macc model for $flatten\u_core.$sub$rtl/peweaver_shared_fft.v:760$777 into $flatten\u_core.$add$rtl/peweaver_shared_fft.v:764$784.
  merging $macc model for $flatten\u_core.$sub$rtl/peweaver_shared_fft.v:759$776 into $flatten\u_core.$add$rtl/peweaver_shared_fft.v:763$782.
  merging $macc model for $flatten\u_core.$add$rtl/peweaver_shared_fft.v:758$775 into $flatten\u_core.$add$rtl/peweaver_shared_fft.v:762$780.
  merging $macc model for $flatten\u_core.$add$rtl/peweaver_shared_fft.v:757$774 into $flatten\u_core.$add$rtl/peweaver_shared_fft.v:761$778.
  merging $macc model for $flatten\u_core.$sub$rtl/peweaver_shared_fft.v:445$669 into $flatten\u_core.$add$rtl/peweaver_shared_fft.v:449$676.
  merging $macc model for $flatten\u_core.$sub$rtl/peweaver_shared_fft.v:444$668 into $flatten\u_core.$add$rtl/peweaver_shared_fft.v:448$674.
  merging $macc model for $flatten\u_core.$add$rtl/peweaver_shared_fft.v:443$667 into $flatten\u_core.$add$rtl/peweaver_shared_fft.v:447$672.
  creating $alu model for $macc $flatten\u_core.$add$rtl/peweaver_shared_fft.v:367$620.
  creating $alu model for $macc $flatten\u_core.$add$rtl/peweaver_shared_fft.v:342$614.
  creating $alu model for $macc $flatten\u_core.$sub$rtl/peweaver_shared_fft.v:341$611.
  creating $alu model for $macc $flatten\u_core.$add$rtl/peweaver_shared_fft.v:43$512.
  creating $alu model for $macc $flatten\u_core.$sub$rtl/peweaver_shared_fft.v:63$525.
  creating $alu model for $macc $flatten\u_core.$add$rtl/peweaver_shared_fft.v:174$587.
  creating $alu model for $macc $flatten\u_core.$add$rtl/peweaver_shared_fft.v:382$631.
  creating $alu model for $macc $flatten\u_core.$add$rtl/peweaver_shared_fft.v:383$632.
  creating $alu model for $macc $flatten\u_core.$sub$rtl/peweaver_shared_fft.v:384$633.
  creating $alu model for $macc $flatten\u_core.$sub$rtl/peweaver_shared_fft.v:385$634.
  creating $alu model for $macc $flatten\u_core.$sub$rtl/peweaver_shared_fft.v:1000$841.
  creating $alu model for $macc $flatten\u_core.$sub$rtl/peweaver_shared_fft.v:999$840.
  creating $alu model for $macc $flatten\u_core.$add$rtl/peweaver_shared_fft.v:998$839.
  creating $alu model for $macc $flatten\u_core.$add$rtl/peweaver_shared_fft.v:997$838.
  creating $alu model for $macc $flatten\u_core.$add$rtl/peweaver_shared_fft.v:62$524.
  creating $alu model for $macc $flatten\u_core.$add$rtl/peweaver_shared_fft.v:963$823.
  creating $alu model for $macc $flatten\u_core.$sub$rtl/peweaver_shared_fft.v:962$820.
  creating $alu model for $macc $flatten\u_core.$add$rtl/peweaver_shared_fft.v:802$803.
  creating $alu model for $macc $flatten\u_core.$add$rtl/peweaver_shared_fft.v:61$523.
  creating $alu model for $macc $flatten\u_core.$add$rtl/peweaver_shared_fft.v:420$657.
  creating $alu model for $macc $flatten\u_core.$add$rtl/peweaver_shared_fft.v:103$549.
  creating $alu model for $macc $flatten\u_core.$sub$rtl/peweaver_shared_fft.v:64$526.
  creating $alu model for $macc $flatten\u_core.$sub$rtl/peweaver_shared_fft.v:396$643.
  creating $alu model for $macc $flatten\u_core.$sub$rtl/peweaver_shared_fft.v:91$538.
  creating $alu model for $macc $flatten\u_core.$add$rtl/peweaver_shared_fft.v:734$765.
  creating $alu model for $macc $flatten\u_core.$sub$rtl/peweaver_shared_fft.v:710$751.
  creating $alu model for $macc $flatten\u_core.$sub$rtl/peweaver_shared_fft.v:698$742.
  creating $alu model for $macc $flatten\u_core.$sub$rtl/peweaver_shared_fft.v:697$741.
  creating $alu model for $macc $flatten\u_core.$add$rtl/peweaver_shared_fft.v:696$740.
  creating $alu model for $macc $flatten\u_core.$add$rtl/peweaver_shared_fft.v:695$739.
  creating $alu model for $macc $flatten\u_core.$add$rtl/peweaver_shared_fft.v:679$728.
  creating $alu model for $macc $flatten\u_core.$add$rtl/peweaver_shared_fft.v:653$722.
  creating $alu model for $macc $flatten\u_core.$sub$rtl/peweaver_shared_fft.v:652$719.
  creating $alu model for $macc $flatten\u_core.$add$rtl/peweaver_shared_fft.v:486$695.
  creating $macc cell for $flatten\u_core.$add$rtl/peweaver_shared_fft.v:133$564: $auto$alumacc.cc:399:replace_macc$2032
  creating $macc cell for $flatten\u_core.$add$rtl/peweaver_shared_fft.v:134$566: $auto$alumacc.cc:399:replace_macc$2033
  creating $macc cell for $flatten\u_core.$add$rtl/peweaver_shared_fft.v:764$784: $auto$alumacc.cc:399:replace_macc$2034
  creating $macc cell for $flatten\u_core.$add$rtl/peweaver_shared_fft.v:763$782: $auto$alumacc.cc:399:replace_macc$2035
  creating $macc cell for $flatten\u_core.$add$rtl/peweaver_shared_fft.v:762$780: $auto$alumacc.cc:399:replace_macc$2036
  creating $macc cell for $flatten\u_core.$add$rtl/peweaver_shared_fft.v:761$778: $auto$alumacc.cc:399:replace_macc$2037
  creating $macc cell for $flatten\u_core.$add$rtl/peweaver_shared_fft.v:135$568: $auto$alumacc.cc:399:replace_macc$2038
  creating $macc cell for $flatten\u_core.$mul$rtl/peweaver_shared_fft.v:960$816: $auto$alumacc.cc:399:replace_macc$2039
  creating $macc cell for $flatten\u_core.$mul$rtl/peweaver_shared_fft.v:187$595: $auto$alumacc.cc:399:replace_macc$2040
  creating $macc cell for $flatten\u_core.$add$rtl/peweaver_shared_fft.v:446$670: $auto$alumacc.cc:399:replace_macc$2041
  creating $macc cell for $flatten\u_core.$mul$rtl/peweaver_shared_fft.v:959$815: $auto$alumacc.cc:399:replace_macc$2042
  creating $macc cell for $flatten\u_core.$mul$rtl/peweaver_shared_fft.v:188$597: $auto$alumacc.cc:399:replace_macc$2043
  creating $macc cell for $flatten\u_core.$mul$rtl/peweaver_shared_fft.v:958$814: $auto$alumacc.cc:399:replace_macc$2044
  creating $macc cell for $flatten\u_core.$mul$rtl/peweaver_shared_fft.v:337$605: $auto$alumacc.cc:399:replace_macc$2045
  creating $macc cell for $flatten\u_core.$mul$rtl/peweaver_shared_fft.v:338$606: $auto$alumacc.cc:399:replace_macc$2046
  creating $macc cell for $flatten\u_core.$mul$rtl/peweaver_shared_fft.v:339$607: $auto$alumacc.cc:399:replace_macc$2047
  creating $macc cell for $flatten\u_core.$mul$rtl/peweaver_shared_fft.v:340$608: $auto$alumacc.cc:399:replace_macc$2048
  creating $macc cell for $flatten\u_core.$mul$rtl/peweaver_shared_fft.v:817$809: $auto$alumacc.cc:399:replace_macc$2049
  creating $macc cell for $flatten\u_core.$mul$rtl/peweaver_shared_fft.v:961$817: $auto$alumacc.cc:399:replace_macc$2050
  creating $macc cell for $flatten\u_core.$mul$rtl/peweaver_shared_fft.v:651$716: $auto$alumacc.cc:399:replace_macc$2051
  creating $macc cell for $flatten\u_core.$mul$rtl/peweaver_shared_fft.v:650$715: $auto$alumacc.cc:399:replace_macc$2052
  creating $macc cell for $flatten\u_core.$mul$rtl/peweaver_shared_fft.v:649$714: $auto$alumacc.cc:399:replace_macc$2053
  creating $macc cell for $flatten\u_core.$mul$rtl/peweaver_shared_fft.v:648$713: $auto$alumacc.cc:399:replace_macc$2054
  creating $macc cell for $flatten\u_core.$mul$rtl/peweaver_shared_fft.v:499$705: $auto$alumacc.cc:399:replace_macc$2055
  creating $macc cell for $flatten\u_core.$mul$rtl/peweaver_shared_fft.v:498$703: $auto$alumacc.cc:399:replace_macc$2056
  creating $macc cell for $flatten\u_core.$add$rtl/peweaver_shared_fft.v:132$562: $auto$alumacc.cc:399:replace_macc$2057
  creating $macc cell for $flatten\u_core.$add$rtl/peweaver_shared_fft.v:449$676: $auto$alumacc.cc:399:replace_macc$2058
  creating $macc cell for $flatten\u_core.$add$rtl/peweaver_shared_fft.v:448$674: $auto$alumacc.cc:399:replace_macc$2059
  creating $macc cell for $flatten\u_core.$add$rtl/peweaver_shared_fft.v:447$672: $auto$alumacc.cc:399:replace_macc$2060
  creating $alu cell for $flatten\u_core.$add$rtl/peweaver_shared_fft.v:486$695: $auto$alumacc.cc:548:replace_alu$2061
  creating $alu cell for $flatten\u_core.$sub$rtl/peweaver_shared_fft.v:652$719: $auto$alumacc.cc:548:replace_alu$2064
  creating $alu cell for $flatten\u_core.$add$rtl/peweaver_shared_fft.v:653$722: $auto$alumacc.cc:548:replace_alu$2067
  creating $alu cell for $flatten\u_core.$add$rtl/peweaver_shared_fft.v:679$728: $auto$alumacc.cc:548:replace_alu$2070
  creating $alu cell for $flatten\u_core.$add$rtl/peweaver_shared_fft.v:695$739: $auto$alumacc.cc:548:replace_alu$2073
  creating $alu cell for $flatten\u_core.$add$rtl/peweaver_shared_fft.v:696$740: $auto$alumacc.cc:548:replace_alu$2076
  creating $alu cell for $flatten\u_core.$sub$rtl/peweaver_shared_fft.v:697$741: $auto$alumacc.cc:548:replace_alu$2079
  creating $alu cell for $flatten\u_core.$sub$rtl/peweaver_shared_fft.v:698$742: $auto$alumacc.cc:548:replace_alu$2082
  creating $alu cell for $flatten\u_core.$sub$rtl/peweaver_shared_fft.v:710$751: $auto$alumacc.cc:548:replace_alu$2085
  creating $alu cell for $flatten\u_core.$add$rtl/peweaver_shared_fft.v:734$765: $auto$alumacc.cc:548:replace_alu$2088
  creating $alu cell for $flatten\u_core.$sub$rtl/peweaver_shared_fft.v:91$538: $auto$alumacc.cc:548:replace_alu$2091
  creating $alu cell for $flatten\u_core.$sub$rtl/peweaver_shared_fft.v:396$643: $auto$alumacc.cc:548:replace_alu$2094
  creating $alu cell for $flatten\u_core.$sub$rtl/peweaver_shared_fft.v:64$526: $auto$alumacc.cc:548:replace_alu$2097
  creating $alu cell for $flatten\u_core.$add$rtl/peweaver_shared_fft.v:103$549: $auto$alumacc.cc:548:replace_alu$2100
  creating $alu cell for $flatten\u_core.$add$rtl/peweaver_shared_fft.v:420$657: $auto$alumacc.cc:548:replace_alu$2103
  creating $alu cell for $flatten\u_core.$add$rtl/peweaver_shared_fft.v:61$523: $auto$alumacc.cc:548:replace_alu$2106
  creating $alu cell for $flatten\u_core.$add$rtl/peweaver_shared_fft.v:802$803: $auto$alumacc.cc:548:replace_alu$2109
  creating $alu cell for $flatten\u_core.$sub$rtl/peweaver_shared_fft.v:962$820: $auto$alumacc.cc:548:replace_alu$2112
  creating $alu cell for $flatten\u_core.$add$rtl/peweaver_shared_fft.v:963$823: $auto$alumacc.cc:548:replace_alu$2115
  creating $alu cell for $flatten\u_core.$add$rtl/peweaver_shared_fft.v:62$524: $auto$alumacc.cc:548:replace_alu$2118
  creating $alu cell for $flatten\u_core.$add$rtl/peweaver_shared_fft.v:997$838: $auto$alumacc.cc:548:replace_alu$2121
  creating $alu cell for $flatten\u_core.$add$rtl/peweaver_shared_fft.v:998$839: $auto$alumacc.cc:548:replace_alu$2124
  creating $alu cell for $flatten\u_core.$sub$rtl/peweaver_shared_fft.v:999$840: $auto$alumacc.cc:548:replace_alu$2127
  creating $alu cell for $flatten\u_core.$sub$rtl/peweaver_shared_fft.v:1000$841: $auto$alumacc.cc:548:replace_alu$2130
  creating $alu cell for $flatten\u_core.$sub$rtl/peweaver_shared_fft.v:385$634: $auto$alumacc.cc:548:replace_alu$2133
  creating $alu cell for $flatten\u_core.$sub$rtl/peweaver_shared_fft.v:384$633: $auto$alumacc.cc:548:replace_alu$2136
  creating $alu cell for $flatten\u_core.$add$rtl/peweaver_shared_fft.v:383$632: $auto$alumacc.cc:548:replace_alu$2139
  creating $alu cell for $flatten\u_core.$add$rtl/peweaver_shared_fft.v:382$631: $auto$alumacc.cc:548:replace_alu$2142
  creating $alu cell for $flatten\u_core.$add$rtl/peweaver_shared_fft.v:174$587: $auto$alumacc.cc:548:replace_alu$2145
  creating $alu cell for $flatten\u_core.$sub$rtl/peweaver_shared_fft.v:63$525: $auto$alumacc.cc:548:replace_alu$2148
  creating $alu cell for $flatten\u_core.$add$rtl/peweaver_shared_fft.v:43$512: $auto$alumacc.cc:548:replace_alu$2151
  creating $alu cell for $flatten\u_core.$sub$rtl/peweaver_shared_fft.v:341$611: $auto$alumacc.cc:548:replace_alu$2154
  creating $alu cell for $flatten\u_core.$add$rtl/peweaver_shared_fft.v:342$614: $auto$alumacc.cc:548:replace_alu$2157
  creating $alu cell for $flatten\u_core.$add$rtl/peweaver_shared_fft.v:367$620: $auto$alumacc.cc:548:replace_alu$2160
  created 34 $alu and 29 $macc cells.

4.15. Executing SHARE pass (SAT-based resource sharing).

4.16. Executing OPT pass (performing simple optimizations).

4.16.1. Executing OPT_EXPR pass (perform const folding).
Optimizing module peweaver_ppa_shared_fft.

4.16.2. Executing OPT_MERGE pass (detect identical cells).
Finding identical cells in module `\peweaver_ppa_shared_fft'.
Computing hashes of 731 cells of `\peweaver_ppa_shared_fft'.
Finding duplicate cells in `\peweaver_ppa_shared_fft'.
Removed a total of 0 cells.

4.16.3. Executing OPT_MUXTREE pass (detect dead branches in mux trees).
Running muxtree optimizer on module \peweaver_ppa_shared_fft..
  Creating internal representation of mux trees.
  Evaluating internal representation of mux trees.
  Analyzing evaluation results.
Removed 0 multiplexer ports.
<suppressed ~284 debug messages>

4.16.4. Executing OPT_REDUCE pass (consolidate $*mux and $reduce_* inputs).
  Optimizing cells in module \peweaver_ppa_shared_fft.
Performed a total of 0 changes.

4.16.5. Executing OPT_MERGE pass (detect identical cells).
Finding identical cells in module `\peweaver_ppa_shared_fft'.
Computing hashes of 731 cells of `\peweaver_ppa_shared_fft'.
Finding duplicate cells in `\peweaver_ppa_shared_fft'.
Computing hashes of 726 cells of `\peweaver_ppa_shared_fft'.
Finding duplicate cells in `\peweaver_ppa_shared_fft'.
<suppressed ~15 debug messages>
Removed a total of 5 cells.

4.16.6. Executing OPT_DFF pass (perform DFF optimizations).

4.16.7. Executing OPT_CLEAN pass (remove unused cells and wires).
Finding unused cells or wires in module \peweaver_ppa_shared_fft..
Removed 12 unused cells and 17 unused wires.
<suppressed ~25 debug messages>

4.16.8. Executing OPT_EXPR pass (perform const folding).
Optimizing module peweaver_ppa_shared_fft.

4.16.9. Rerunning OPT passes. (Maybe there is more to do..)

4.16.10. Executing OPT_MUXTREE pass (detect dead branches in mux trees).
Running muxtree optimizer on module \peweaver_ppa_shared_fft..
  Creating internal representation of mux trees.
  Evaluating internal representation of mux trees.
  Analyzing evaluation results.
Removed 0 multiplexer ports.
<suppressed ~274 debug messages>

4.16.11. Executing OPT_REDUCE pass (consolidate $*mux and $reduce_* inputs).
  Optimizing cells in module \peweaver_ppa_shared_fft.
Performed a total of 0 changes.

4.16.12. Executing OPT_MERGE pass (detect identical cells).
Finding identical cells in module `\peweaver_ppa_shared_fft'.
Computing hashes of 714 cells of `\peweaver_ppa_shared_fft'.
Finding duplicate cells in `\peweaver_ppa_shared_fft'.
Removed a total of 0 cells.

4.16.13. Executing OPT_DFF pass (perform DFF optimizations).

4.16.14. Executing OPT_CLEAN pass (remove unused cells and wires).
Finding unused cells or wires in module \peweaver_ppa_shared_fft..

4.16.15. Executing OPT_EXPR pass (perform const folding).
Optimizing module peweaver_ppa_shared_fft.

4.16.16. Finished fast OPT passes. (There is nothing left to do.)

4.17. Executing MEMORY pass.

4.17.1. Executing OPT_MEM pass (optimize memories).
Performed a total of 0 transformations.

4.17.2. Executing OPT_MEM_PRIORITY pass (removing unnecessary memory write priority relations).
Performed a total of 0 transformations.

4.17.3. Executing OPT_MEM_FEEDBACK pass (finding memory read-to-write feedback paths).

4.17.4. Executing MEMORY_BMUX2ROM pass (converting muxes to ROMs).

4.17.5. Executing MEMORY_DFF pass (merging $dff cells to $memrd).
Checking read port `$flatten\u_core.$auto$proc_rom.cc:155:do_switch$963'[0] in module `\peweaver_ppa_shared_fft': merging output FF to cell.
Checking read port `$flatten\u_core.$auto$proc_rom.cc:155:do_switch$967'[0] in module `\peweaver_ppa_shared_fft': merging output FF to cell.
Checking read port `$flatten\u_core.$auto$proc_rom.cc:155:do_switch$971'[0] in module `\peweaver_ppa_shared_fft': merging output FF to cell.

4.17.6. Executing OPT_CLEAN pass (remove unused cells and wires).
Finding unused cells or wires in module \peweaver_ppa_shared_fft..
Removed 6 unused cells and 102 unused wires.
<suppressed ~7 debug messages>

4.17.7. Executing MEMORY_SHARE pass (consolidating $memrd/$memwr cells).

4.17.8. Executing OPT_MEM_WIDEN pass (optimize memories where all ports are wide).
Performed a total of 0 transformations.

4.17.9. Executing OPT_CLEAN pass (remove unused cells and wires).
Finding unused cells or wires in module \peweaver_ppa_shared_fft..

4.17.10. Executing MEMORY_COLLECT pass (generating $mem cells).

4.18. Executing OPT_CLEAN pass (remove unused cells and wires).
Finding unused cells or wires in module \peweaver_ppa_shared_fft..

4.19. Executing OPT pass (performing simple optimizations).

4.19.1. Executing OPT_EXPR pass (perform const folding).
Optimizing module peweaver_ppa_shared_fft.
<suppressed ~44 debug messages>

4.19.2. Executing OPT_MERGE pass (detect identical cells).
Finding identical cells in module `\peweaver_ppa_shared_fft'.
Computing hashes of 692 cells of `\peweaver_ppa_shared_fft'.
Finding duplicate cells in `\peweaver_ppa_shared_fft'.
Removed a total of 0 cells.

4.19.3. Executing OPT_DFF pass (perform DFF optimizations).

4.19.4. Executing OPT_CLEAN pass (remove unused cells and wires).
Finding unused cells or wires in module \peweaver_ppa_shared_fft..
Removed 5 unused cells and 18 unused wires.
<suppressed ~6 debug messages>

4.19.5. Finished fast OPT passes.

4.20. Executing MEMORY_MAP pass (converting memories to logic and flip-flops).
Mapping memory $flatten\u_core.$auto$proc_rom.cc:155:do_switch$963 in module \peweaver_ppa_shared_fft:
  created 128 $dff cells and 0 static cells of width 32.
Extracted data FF from read port 0 of peweaver_ppa_shared_fft.$flatten\u_core.$auto$proc_rom.cc:155:do_switch$963: $$flatten\u_core.$auto$proc_rom.cc:155:do_switch$963$rdreg[0]
  read interface: 1 $dff and 127 $mux cells.
  write interface: 0 write mux blocks.
Mapping memory $flatten\u_core.$auto$proc_rom.cc:155:do_switch$967 in module \peweaver_ppa_shared_fft:
  created 128 $dff cells and 0 static cells of width 32.
Extracted data FF from read port 0 of peweaver_ppa_shared_fft.$flatten\u_core.$auto$proc_rom.cc:155:do_switch$967: $$flatten\u_core.$auto$proc_rom.cc:155:do_switch$967$rdreg[0]
  read interface: 1 $dff and 127 $mux cells.
  write interface: 0 write mux blocks.
Mapping memory $flatten\u_core.$auto$proc_rom.cc:155:do_switch$971 in module \peweaver_ppa_shared_fft:
  created 128 $dff cells and 0 static cells of width 32.
Extracted data FF from read port 0 of peweaver_ppa_shared_fft.$flatten\u_core.$auto$proc_rom.cc:155:do_switch$971: $$flatten\u_core.$auto$proc_rom.cc:155:do_switch$971$rdreg[0]
  read interface: 1 $dff and 127 $mux cells.
  write interface: 0 write mux blocks.

4.21. Executing OPT pass (performing simple optimizations).

4.21.1. Executing OPT_EXPR pass (perform const folding).
Optimizing module peweaver_ppa_shared_fft.
<suppressed ~197 debug messages>

4.21.2. Executing OPT_MERGE pass (detect identical cells).
Finding identical cells in module `\peweaver_ppa_shared_fft'.
Computing hashes of 871 cells of `\peweaver_ppa_shared_fft'.
Finding duplicate cells in `\peweaver_ppa_shared_fft'.
Removed a total of 0 cells.

4.21.3. Executing OPT_MUXTREE pass (detect dead branches in mux trees).
Running muxtree optimizer on module \peweaver_ppa_shared_fft..
  Creating internal representation of mux trees.
  Evaluating internal representation of mux trees.
  Analyzing evaluation results.
Removed 0 multiplexer ports.
<suppressed ~439 debug messages>

4.21.4. Executing OPT_REDUCE pass (consolidate $*mux and $reduce_* inputs).
  Optimizing cells in module \peweaver_ppa_shared_fft.
    Consolidated identical input bits for $mux cell $memory$flatten\u_core.$auto$proc_rom.cc:155:do_switch$967$rdmux[0][6][4]$2844:
      Old ports: A=32'11001111000001000111011001000010, B=32'11001001010001100111001110110110, Y=$memory$flatten\u_core.$auto$proc_rom.cc:155:do_switch$967$rdmux[0][5][2]$a$2743
      New ports: A=2'10, B=2'01, Y={ $memory$flatten\u_core.$auto$proc_rom.cc:155:do_switch$967$rdmux[0][5][2]$a$2743 [6] $memory$flatten\u_core.$auto$proc_rom.cc:155:do_switch$967$rdmux[0][5][2]$a$2743 [2] }
      New connections: { $memory$flatten\u_core.$auto$proc_rom.cc:155:do_switch$967$rdmux[0][5][2]$a$2743 [31:7] $memory$flatten\u_core.$auto$proc_rom.cc:155:do_switch$967$rdmux[0][5][2]$a$2743 [5:3] $memory$flatten\u_core.$auto$proc_rom.cc:155:do_switch$967$rdmux[0][5][2]$a$2743 [1:0] } = { 5'11001 $memory$flatten\u_core.$auto$proc_rom.cc:155:do_switch$967$rdmux[0][5][2]$a$2743 [6] $memory$flatten\u_core.$auto$proc_rom.cc:155:do_switch$967$rdmux[0][5][2]$a$2743 [6] 2'10 $memory$flatten\u_core.$auto$proc_rom.cc:155:do_switch$967$rdmux[0][5][2]$a$2743 [2] 4'0001 $memory$flatten\u_core.$auto$proc_rom.cc:155:do_switch$967$rdmux[0][5][2]$a$2743 [2] 6'001110 $memory$flatten\u_core.$auto$proc_rom.cc:155:do_switch$967$rdmux[0][5][2]$a$2743 [6] 1'1 $memory$flatten\u_core.$auto$proc_rom.cc:155:do_switch$967$rdmux[0][5][2]$a$2743 [2] $memory$flatten\u_core.$auto$proc_rom.cc:155:do_switch$967$rdmux[0][5][2]$a$2743 [2] $memory$flatten\u_core.$auto$proc_rom.cc:155:do_switch$967$rdmux[0][5][2]$a$2743 [2] $memory$flatten\u_core.$auto$proc_rom.cc:155:do_switch$967$rdmux[0][5][2]$a$2743 [2] 3'010 }
    Consolidated identical input bits for $mux cell $memory$flatten\u_core.$auto$proc_rom.cc:155:do_switch$967$rdmux[0][6][3]$2841:
      Old ports: A=32'11011010110110000111101001111101, B=32'11010100111000010111100010000101, Y=$memory$flatten\u_core.$auto$proc_rom.cc:155:do_switch$967$rdmux[0][5][1]$b$2741
      New ports: A=2'01, B=2'10, Y={ $memory$flatten\u_core.$auto$proc_rom.cc:155:do_switch$967$rdmux[0][5][1]$b$2741 [7] $memory$flatten\u_core.$auto$proc_rom.cc:155:do_switch$967$rdmux[0][5][1]$b$2741 [3] }
      New connections: { $memory$flatten\u_core.$auto$proc_rom.cc:155:do_switch$967$rdmux[0][5][1]$b$2741 [31:8] $memory$flatten\u_core.$auto$proc_rom.cc:155:do_switch$967$rdmux[0][5][1]$b$2741 [6:4] $memory$flatten\u_core.$auto$proc_rom.cc:155:do_switch$967$rdmux[0][5][1]$b$2741 [2:0] } = { 4'1101 $memory$flatten\u_core.$auto$proc_rom.cc:155:do_switch$967$rdmux[0][5][1]$b$2741 [3] $memory$flatten\u_core.$auto$proc_rom.cc:155:do_switch$967$rdmux[0][5][1]$b$2741 [7] $memory$flatten\u_core.$auto$proc_rom.cc:155:do_switch$967$rdmux[0][5][1]$b$2741 [3] 3'011 $memory$flatten\u_core.$auto$proc_rom.cc:155:do_switch$967$rdmux[0][5][1]$b$2741 [7] $memory$flatten\u_core.$auto$proc_rom.cc:155:do_switch$967$rdmux[0][5][1]$b$2741 [3] $memory$flatten\u_core.$auto$proc_rom.cc:155:do_switch$967$rdmux[0][5][1]$b$2741 [3] 2'00 $memory$flatten\u_core.$auto$proc_rom.cc:155:do_switch$967$rdmux[0][5][1]$b$2741 [7] 6'011110 $memory$flatten\u_core.$auto$proc_rom.cc:155:do_switch$967$rdmux[0][5][1]$b$2741 [3] 1'0 $memory$flatten\u_core.$auto$proc_rom.cc:155:do_switch$967$rdmux[0][5][1]$b$2741 [3] $memory$flatten\u_core.$auto$proc_rom.cc:155:do_switch$967$rdmux[0][5][1]$b$2741 [3] $memory$flatten\u_core.$auto$proc_rom.cc:155:do_switch$967$rdmux[0][5][1]$b$2741 [3] 3'101 }
    Consolidated identical input bits for $mux cell $memory$flatten\u_core.$auto$proc_rom.cc:155:do_switch$967$rdmux[0][6][2]$2838:
      Old ports: A=32'11100111000001110111110110001010, B=32'11100000111001100111110000101010, Y=$memory$flatten\u_core.$auto$proc_rom.cc:155:do_switch$967$rdmux[0][5][1]$a$2740
      New ports: A=2'10, B=2'01, Y={ $memory$flatten\u_core.$auto$proc_rom.cc:155:do_switch$967$rdmux[0][5][1]$a$2740 [7] $memory$flatten\u_core.$auto$proc_rom.cc:155:do_switch$967$rdmux[0][5][1]$a$2740 [5] }
      New connections: { $memory$flatten\u_core.$auto$proc_rom.cc:155:do_switch$967$rdmux[0][5][1]$a$2740 [31:8] $memory$flatten\u_core.$auto$proc_rom.cc:155:do_switch$967$rdmux[0][5][1]$a$2740 [6] $memory$flatten\u_core.$auto$proc_rom.cc:155:do_switch$967$rdmux[0][5][1]$a$2740 [4:0] } = { 5'11100 $memory$flatten\u_core.$auto$proc_rom.cc:155:do_switch$967$rdmux[0][5][1]$a$2740 [7] $memory$flatten\u_core.$auto$proc_rom.cc:155:do_switch$967$rdmux[0][5][1]$a$2740 [7] $memory$flatten\u_core.$auto$proc_rom.cc:155:do_switch$967$rdmux[0][5][1]$a$2740 [7] $memory$flatten\u_core.$auto$proc_rom.cc:155:do_switch$967$rdmux[0][5][1]$a$2740 [5] $memory$flatten\u_core.$auto$proc_rom.cc:155:do_switch$967$rdmux[0][5][1]$a$2740 [5] $memory$flatten\u_core.$auto$proc_rom.cc:155:do_switch$967$rdmux[0][5][1]$a$2740 [5] 4'0011 $memory$flatten\u_core.$auto$proc_rom.cc:155:do_switch$967$rdmux[0][5][1]$a$2740 [7] 7'0111110 $memory$flatten\u_core.$auto$proc_rom.cc:155:do_switch$967$rdmux[0][5][1]$a$2740 [7] 6'001010 }
    Consolidated identical input bits for $mux cell $memory$flatten\u_core.$auto$proc_rom.cc:155:do_switch$967$rdmux[0][6][1]$2835:
      Old ports: A=32'11110011011101000111111101100010, B=32'11101101001110000111111010011101, Y=$memory$flatten\u_core.$auto$proc_rom.cc:155:do_switch$967$rdmux[0][5][0]$b$2738
      New ports: A=2'10, B=2'01, Y=$memory$flatten\u_core.$auto$proc_rom.cc:155:do_switch$967$rdmux[0][5][0]$b$2738 [1:0]
      New connections: $memory$flatten\u_core.$auto$proc_rom.cc:155:do_switch$967$rdmux[0][5][0]$b$2738 [31:2] = { 3'111 $memory$flatten\u_core.$auto$proc_rom.cc:155:do_switch$967$rdmux[0][5][0]$b$2738 [1:0] $memory$flatten\u_core.$auto$proc_rom.cc:155:do_switch$967$rdmux[0][5][0]$b$2738 [0] $memory$flatten\u_core.$auto$proc_rom.cc:155:do_switch$967$rdmux[0][5][0]$b$2738 [1] 2'10 $memory$flatten\u_core.$auto$proc_rom.cc:155:do_switch$967$rdmux[0][5][0]$b$2738 [1] 2'11 $memory$flatten\u_core.$auto$proc_rom.cc:155:do_switch$967$rdmux[0][5][0]$b$2738 [0] $memory$flatten\u_core.$auto$proc_rom.cc:155:do_switch$967$rdmux[0][5][0]$b$2738 [1] 9'000111111 $memory$flatten\u_core.$auto$proc_rom.cc:155:do_switch$967$rdmux[0][5][0]$b$2738 [1:0] $memory$flatten\u_core.$auto$proc_rom.cc:155:do_switch$967$rdmux[0][5][0]$b$2738 [1] $memory$flatten\u_core.$auto$proc_rom.cc:155:do_switch$967$rdmux[0][5][0]$b$2738 [1:0] $memory$flatten\u_core.$auto$proc_rom.cc:155:do_switch$967$rdmux[0][5][0]$b$2738 [0] $memory$flatten\u_core.$auto$proc_rom.cc:155:do_switch$967$rdmux[0][5][0]$b$2738 [0] }
    Consolidated identical input bits for $mux cell $memory$flatten\u_core.$auto$proc_rom.cc:155:do_switch$967$rdmux[0][6][0]$2832:
      Old ports: A=0, B=32'11111001101110000111111111011001, Y=$memory$flatten\u_core.$auto$proc_rom.cc:155:do_switch$967$rdmux[0][5][0]$a$2737
      New ports: A=1'0, B=1'1, Y=$memory$flatten\u_core.$auto$proc_rom.cc:155:do_switch$967$rdmux[0][5][0]$a$2737 [0]
      New connections: $memory$flatten\u_core.$auto$proc_rom.cc:155:do_switch$967$rdmux[0][5][0]$a$2737 [31:1] = { $memory$flatten\u_core.$auto$proc_rom.cc:155:do_switch$967$rdmux[0][5][0]$a$2737 [0] $memory$flatten\u_core.$auto$proc_rom.cc:155:do_switch$967$rdmux[0][5][0]$a$2737 [0] $memory$flatten\u_core.$auto$proc_rom.cc:155:do_switch$967$rdmux[0][5][0]$a$2737 [0] $memory$flatten\u_core.$auto$proc_rom.cc:155:do_switch$967$rdmux[0][5][0]$a$2737 [0] $memory$flatten\u_core.$auto$proc_rom.cc:155:do_switch$967$rdmux[0][5][0]$a$2737 [0] 2'00 $memory$flatten\u_core.$auto$proc_rom.cc:155:do_switch$967$rdmux[0][5][0]$a$2737 [0] $memory$flatten\u_core.$auto$proc_rom.cc:155:do_switch$967$rdmux[0][5][0]$a$2737 [0] 1'0 $memory$flatten\u_core.$auto$proc_rom.cc:155:do_switch$967$rdmux[0][5][0]$a$2737 [0] $memory$flatten\u_core.$auto$proc_rom.cc:155:do_switch$967$rdmux[0][5][0]$a$2737 [0] $memory$flatten\u_core.$auto$proc_rom.cc:155:do_switch$967$rdmux[0][5][0]$a$2737 [0] 4'0000 $memory$flatten\u_core.$auto$proc_rom.cc:155:do_switch$967$rdmux[0][5][0]$a$2737 [0] $memory$flatten\u_core.$auto$proc_rom.cc:155:do_switch$967$rdmux[0][5][0]$a$2737 [0] $memory$flatten\u_core.$auto$proc_rom.cc:155:do_switch$967$rdmux[0][5][0]$a$2737 [0] $memory$flatten\u_core.$auto$proc_rom.cc:155:do_switch$967$rdmux[0][5][0]$a$2737 [0] $memory$flatten\u_core.$auto$proc_rom.cc:155:do_switch$967$rdmux[0][5][0]$a$2737 [0] $memory$flatten\u_core.$auto$proc_rom.cc:155:do_switch$967$rdmux[0][5][0]$a$2737 [0] $memory$flatten\u_core.$auto$proc_rom.cc:155:do_switch$967$rdmux[0][5][0]$a$2737 [0] $memory$flatten\u_core.$auto$proc_rom.cc:155:do_switch$967$rdmux[0][5][0]$a$2737 [0] $memory$flatten\u_core.$auto$proc_rom.cc:155:do_switch$967$rdmux[0][5][0]$a$2737 [0] 1'0 $memory$flatten\u_core.$auto$proc_rom.cc:155:do_switch$967$rdmux[0][5][0]$a$2737 [0] $memory$flatten\u_core.$auto$proc_rom.cc:155:do_switch$967$rdmux[0][5][0]$a$2737 [0] 2'00 }
    Consolidated identical input bits for $mux cell $memory$flatten\u_core.$auto$proc_rom.cc:155:do_switch$967$rdmux[0][6][11]$2865:
      Old ports: A=32'10001111000111010011110001010111, B=32'10001100010010100011011010111010, Y=$memory$flatten\u_core.$auto$proc_rom.cc:155:do_switch$967$rdmux[0][5][5]$b$2753
      New ports: A=2'01, B=2'10, Y={ $memory$flatten\u_core.$auto$proc_rom.cc:155:do_switch$967$rdmux[0][5][5]$b$2753 [3] $memory$flatten\u_core.$auto$proc_rom.cc:155:do_switch$967$rdmux[0][5][5]$b$2753 [0] }
      New connections: { $memory$flatten\u_core.$auto$proc_rom.cc:155:do_switch$967$rdmux[0][5][5]$b$2753 [31:4] $memory$flatten\u_core.$auto$proc_rom.cc:155:do_switch$967$rdmux[0][5][5]$b$2753 [2:1] } = { 6'100011 $memory$flatten\u_core.$auto$proc_rom.cc:155:do_switch$967$rdmux[0][5][5]$b$2753 [0] $memory$flatten\u_core.$auto$proc_rom.cc:155:do_switch$967$rdmux[0][5][5]$b$2753 [0] 1'0 $memory$flatten\u_core.$auto$proc_rom.cc:155:do_switch$967$rdmux[0][5][5]$b$2753 [3] 1'0 $memory$flatten\u_core.$auto$proc_rom.cc:155:do_switch$967$rdmux[0][5][5]$b$2753 [0] 1'1 $memory$flatten\u_core.$auto$proc_rom.cc:155:do_switch$967$rdmux[0][5][5]$b$2753 [0] $memory$flatten\u_core.$auto$proc_rom.cc:155:do_switch$967$rdmux[0][5][5]$b$2753 [3] $memory$flatten\u_core.$auto$proc_rom.cc:155:do_switch$967$rdmux[0][5][5]$b$2753 [0] 4'0011 $memory$flatten\u_core.$auto$proc_rom.cc:155:do_switch$967$rdmux[0][5][5]$b$2753 [0] 1'1 $memory$flatten\u_core.$auto$proc_rom.cc:155:do_switch$967$rdmux[0][5][5]$b$2753 [3] 1'0 $memory$flatten\u_core.$auto$proc_rom.cc:155:do_switch$967$rdmux[0][5][5]$b$2753 [3] $memory$flatten\u_core.$auto$proc_rom.cc:155:do_switch$967$rdmux[0][5][5]$b$2753 [0] $memory$flatten\u_core.$auto$proc_rom.cc:155:do_switch$967$rdmux[0][5][5]$b$2753 [3] 1'1 $memory$flatten\u_core.$auto$proc_rom.cc:155:do_switch$967$rdmux[0][5][5]$b$2753 [0] 1'1 }
    Consolidated identical input bits for $mux cell $memory$flatten\u_core.$auto$proc_rom.cc:155:do_switch$967$rdmux[0][6][10]$2862:
      Old ports: A=32'10010101100100100100011100011101, B=32'10010010001101100100000111001110, Y=$memory$flatten\u_core.$auto$proc_rom.cc:155:do_switch$967$rdmux[0][5][5]$a$2752
      New ports: A=2'01, B=2'10, Y=$memory$flatten\u_core.$auto$proc_rom.cc:155:do_switch$967$rdmux[0][5][5]$a$2752 [1:0]
      New connections: $memory$flatten\u_core.$auto$proc_rom.cc:155:do_switch$967$rdmux[0][5][5]$a$2752 [31:2] = { 5'10010 $memory$flatten\u_core.$auto$proc_rom.cc:155:do_switch$967$rdmux[0][5][5]$a$2752 [0] $memory$flatten\u_core.$auto$proc_rom.cc:155:do_switch$967$rdmux[0][5][5]$a$2752 [1:0] $memory$flatten\u_core.$auto$proc_rom.cc:155:do_switch$967$rdmux[0][5][5]$a$2752 [0] 1'0 $memory$flatten\u_core.$auto$proc_rom.cc:155:do_switch$967$rdmux[0][5][5]$a$2752 [1] 2'10 $memory$flatten\u_core.$auto$proc_rom.cc:155:do_switch$967$rdmux[0][5][5]$a$2752 [1] 7'1001000 $memory$flatten\u_core.$auto$proc_rom.cc:155:do_switch$967$rdmux[0][5][5]$a$2752 [0] $memory$flatten\u_core.$auto$proc_rom.cc:155:do_switch$967$rdmux[0][5][5]$a$2752 [0] 1'1 $memory$flatten\u_core.$auto$proc_rom.cc:155:do_switch$967$rdmux[0][5][5]$a$2752 [1] $memory$flatten\u_core.$auto$proc_rom.cc:155:do_switch$967$rdmux[0][5][5]$a$2752 [1] 1'0 $memory$flatten\u_core.$auto$proc_rom.cc:155:do_switch$967$rdmux[0][5][5]$a$2752 [0] 2'11 }
    Consolidated identical input bits for $mux cell $memory$flatten\u_core.$auto$proc_rom.cc:155:do_switch$967$rdmux[0][6][9]$2859:
      Old ports: A=32'10011101000011100101000100110100, B=32'10011001001100000100110001000000, Y=$memory$flatten\u_core.$auto$proc_rom.cc:155:do_switch$967$rdmux[0][5][4]$b$2750
      New ports: A=2'01, B=2'10, Y={ $memory$flatten\u_core.$auto$proc_rom.cc:155:do_switch$967$rdmux[0][5][4]$b$2750 [6] $memory$flatten\u_core.$auto$proc_rom.cc:155:do_switch$967$rdmux[0][5][4]$b$2750 [2] }
      New connections: { $memory$flatten\u_core.$auto$proc_rom.cc:155:do_switch$967$rdmux[0][5][4]$b$2750 [31:7] $memory$flatten\u_core.$auto$proc_rom.cc:155:do_switch$967$rdmux[0][5][4]$b$2750 [5:3] $memory$flatten\u_core.$auto$proc_rom.cc:155:do_switch$967$rdmux[0][5][4]$b$2750 [1:0] } = { 5'10011 $memory$flatten\u_core.$auto$proc_rom.cc:155:do_switch$967$rdmux[0][5][4]$b$2750 [2] 4'0100 $memory$flatten\u_core.$auto$proc_rom.cc:155:do_switch$967$rdmux[0][5][4]$b$2750 [6] $memory$flatten\u_core.$auto$proc_rom.cc:155:do_switch$967$rdmux[0][5][4]$b$2750 [6] $memory$flatten\u_core.$auto$proc_rom.cc:155:do_switch$967$rdmux[0][5][4]$b$2750 [2] $memory$flatten\u_core.$auto$proc_rom.cc:155:do_switch$967$rdmux[0][5][4]$b$2750 [2] $memory$flatten\u_core.$auto$proc_rom.cc:155:do_switch$967$rdmux[0][5][4]$b$2750 [2] 4'0010 $memory$flatten\u_core.$auto$proc_rom.cc:155:do_switch$967$rdmux[0][5][4]$b$2750 [2] $memory$flatten\u_core.$auto$proc_rom.cc:155:do_switch$967$rdmux[0][5][4]$b$2750 [6] $memory$flatten\u_core.$auto$proc_rom.cc:155:do_switch$967$rdmux[0][5][4]$b$2750 [6] 1'0 $memory$flatten\u_core.$auto$proc_rom.cc:155:do_switch$967$rdmux[0][5][4]$b$2750 [2] 1'0 $memory$flatten\u_core.$auto$proc_rom.cc:155:do_switch$967$rdmux[0][5][4]$b$2750 [2] $memory$flatten\u_core.$auto$proc_rom.cc:155:do_switch$967$rdmux[0][5][4]$b$2750 [2] 3'000 }
    Consolidated identical input bits for $mux cell $memory$flatten\u_core.$auto$proc_rom.cc:155:do_switch$971$rdmux[0][6][15]$3258:
      Old ports: A=32'10000000100111100000110010001100, B=32'10000000001001110000011001001000, Y=$memory$flatten\u_core.$auto$proc_rom.cc:155:do_switch$971$rdmux[0][5][7]$b$3140
      New ports: A=2'01, B=2'10, Y={ $memory$flatten\u_core.$auto$proc_rom.cc:155:do_switch$971$rdmux[0][5][7]$b$3140 [6] $memory$flatten\u_core.$auto$proc_rom.cc:155:do_switch$971$rdmux[0][5][7]$b$3140 [2] }
      New connections: { $memory$flatten\u_core.$auto$proc_rom.cc:155:do_switch$971$rdmux[0][5][7]$b$3140 [31:7] $memory$flatten\u_core.$auto$proc_rom.cc:155:do_switch$971$rdmux[0][5][7]$b$3140 [5:3] $memory$flatten\u_core.$auto$proc_rom.cc:155:do_switch$971$rdmux[0][5][7]$b$3140 [1:0] } = { 8'10000000 $memory$flatten\u_core.$auto$proc_rom.cc:155:do_switch$971$rdmux[0][5][7]$b$3140 [2] 1'0 $memory$flatten\u_core.$auto$proc_rom.cc:155:do_switch$971$rdmux[0][5][7]$b$3140 [6] $memory$flatten\u_core.$auto$proc_rom.cc:155:do_switch$971$rdmux[0][5][7]$b$3140 [2] $memory$flatten\u_core.$auto$proc_rom.cc:155:do_switch$971$rdmux[0][5][7]$b$3140 [2] 2'11 $memory$flatten\u_core.$auto$proc_rom.cc:155:do_switch$971$rdmux[0][5][7]$b$3140 [6] 4'0000 $memory$flatten\u_core.$auto$proc_rom.cc:155:do_switch$971$rdmux[0][5][7]$b$3140 [2] 1'1 $memory$flatten\u_core.$auto$proc_rom.cc:155:do_switch$971$rdmux[0][5][7]$b$3140 [6] 1'0 $memory$flatten\u_core.$auto$proc_rom.cc:155:do_switch$971$rdmux[0][5][7]$b$3140 [2] 5'00100 }
    Consolidated identical input bits for $mux cell $memory$flatten\u_core.$auto$proc_rom.cc:155:do_switch$971$rdmux[0][6][12]$3249:
      Old ports: A=32'10001001101111100011000011111100, B=32'10000111011110110010101100011111, Y=$memory$flatten\u_core.$auto$proc_rom.cc:155:do_switch$971$rdmux[0][5][6]$a$3136
      New ports: A=2'10, B=2'01, Y={ $memory$flatten\u_core.$auto$proc_rom.cc:155:do_switch$971$rdmux[0][5][6]$a$3136 [5] $memory$flatten\u_core.$auto$proc_rom.cc:155:do_switch$971$rdmux[0][5][6]$a$3136 [0] }
      New connections: { $memory$flatten\u_core.$auto$proc_rom.cc:155:do_switch$971$rdmux[0][5][6]$a$3136 [31:6] $memory$flatten\u_core.$auto$proc_rom.cc:155:do_switch$971$rdmux[0][5][6]$a$3136 [4:1] } = { 4'1000 $memory$flatten\u_core.$auto$proc_rom.cc:155:do_switch$971$rdmux[0][5][6]$a$3136 [5] $memory$flatten\u_core.$auto$proc_rom.cc:155:do_switch$971$rdmux[0][5][6]$a$3136 [0] $memory$flatten\u_core.$auto$proc_rom.cc:155:do_switch$971$rdmux[0][5][6]$a$3136 [0] 1'1 $memory$flatten\u_core.$auto$proc_rom.cc:155:do_switch$971$rdmux[0][5][6]$a$3136 [5] $memory$flatten\u_core.$auto$proc_rom.cc:155:do_switch$971$rdmux[0][5][6]$a$3136 [0] 3'111 $memory$flatten\u_core.$auto$proc_rom.cc:155:do_switch$971$rdmux[0][5][6]$a$3136 [5] 1'1 $memory$flatten\u_core.$auto$proc_rom.cc:155:do_switch$971$rdmux[0][5][6]$a$3136 [0] 3'001 $memory$flatten\u_core.$auto$proc_rom.cc:155:do_switch$971$rdmux[0][5][6]$a$3136 [5] $memory$flatten\u_core.$auto$proc_rom.cc:155:do_switch$971$rdmux[0][5][6]$a$3136 [0] 1'0 $memory$flatten\u_core.$auto$proc_rom.cc:155:do_switch$971$rdmux[0][5][6]$a$3136 [0] $memory$flatten\u_core.$auto$proc_rom.cc:155:do_switch$971$rdmux[0][5][6]$a$3136 [0] $memory$flatten\u_core.$auto$proc_rom.cc:155:do_switch$971$rdmux[0][5][6]$a$3136 [5] $memory$flatten\u_core.$auto$proc_rom.cc:155:do_switch$971$rdmux[0][5][6]$a$3136 [5] 3'111 $memory$flatten\u_core.$auto$proc_rom.cc:155:do_switch$971$rdmux[0][5][6]$a$3136 [0] }
    Consolidated identical input bits for $mux cell $memory$flatten\u_core.$auto$proc_rom.cc:155:do_switch$971$rdmux[0][6][22]$3279:
      Old ports: A=32'10010101100100101011100011100011, B=32'10011001001100001011001111000000, Y=$memory$flatten\u_core.$auto$proc_rom.cc:155:do_switch$971$rdmux[0][5][11]$a$3151
      New ports: A=2'01, B=2'10, Y={ $memory$flatten\u_core.$auto$proc_rom.cc:155:do_switch$971$rdmux[0][5][11]$a$3151 [8] $memory$flatten\u_core.$auto$proc_rom.cc:155:do_switch$971$rdmux[0][5][11]$a$3151 [0] }
      New connections: { $memory$flatten\u_core.$auto$proc_rom.cc:155:do_switch$971$rdmux[0][5][11]$a$3151 [31:9] $memory$flatten\u_core.$auto$proc_rom.cc:155:do_switch$971$rdmux[0][5][11]$a$3151 [7:1] } = { 4'1001 $memory$flatten\u_core.$auto$proc_rom.cc:155:do_switch$971$rdmux[0][5][11]$a$3151 [8] $memory$flatten\u_core.$auto$proc_rom.cc:155:do_switch$971$rdmux[0][5][11]$a$3151 [0] 2'01 $memory$flatten\u_core.$auto$proc_rom.cc:155:do_switch$971$rdmux[0][5][11]$a$3151 [0] 1'0 $memory$flatten\u_core.$auto$proc_rom.cc:155:do_switch$971$rdmux[0][5][11]$a$3151 [8] 3'100 $memory$flatten\u_core.$auto$proc_rom.cc:155:do_switch$971$rdmux[0][5][11]$a$3151 [0] 5'01011 $memory$flatten\u_core.$auto$proc_rom.cc:155:do_switch$971$rdmux[0][5][11]$a$3151 [0] 1'0 $memory$flatten\u_core.$auto$proc_rom.cc:155:do_switch$971$rdmux[0][5][11]$a$3151 [8] 2'11 $memory$flatten\u_core.$auto$proc_rom.cc:155:do_switch$971$rdmux[0][5][11]$a$3151 [0] 3'000 $memory$flatten\u_core.$auto$proc_rom.cc:155:do_switch$971$rdmux[0][5][11]$a$3151 [0] }
    Consolidated identical input bits for $mux cell $memory$flatten\u_core.$auto$proc_rom.cc:155:do_switch$971$rdmux[0][6][19]$3270:
      Old ports: A=32'10000101100000111101101011011000, B=32'10000111011110111101010011100001, Y=$memory$flatten\u_core.$auto$proc_rom.cc:155:do_switch$971$rdmux[0][5][9]$b$3146
      New ports: A=2'10, B=2'01, Y={ $memory$flatten\u_core.$auto$proc_rom.cc:155:do_switch$971$rdmux[0][5][9]$b$3146 [3] $memory$flatten\u_core.$auto$proc_rom.cc:155:do_switch$971$rdmux[0][5][9]$b$3146 [0] }
      New connections: { $memory$flatten\u_core.$auto$proc_rom.cc:155:do_switch$971$rdmux[0][5][9]$b$3146 [31:4] $memory$flatten\u_core.$auto$proc_rom.cc:155:do_switch$971$rdmux[0][5][9]$b$3146 [2:1] } = { 6'100001 $memory$flatten\u_core.$auto$proc_rom.cc:155:do_switch$971$rdmux[0][5][9]$b$3146 [0] 1'1 $memory$flatten\u_core.$auto$proc_rom.cc:155:do_switch$971$rdmux[0][5][9]$b$3146 [3] $memory$flatten\u_core.$auto$proc_rom.cc:155:do_switch$971$rdmux[0][5][9]$b$3146 [0] $memory$flatten\u_core.$auto$proc_rom.cc:155:do_switch$971$rdmux[0][5][9]$b$3146 [0] $memory$flatten\u_core.$auto$proc_rom.cc:155:do_switch$971$rdmux[0][5][9]$b$3146 [0] $memory$flatten\u_core.$auto$proc_rom.cc:155:do_switch$971$rdmux[0][5][9]$b$3146 [0] 7'0111101 $memory$flatten\u_core.$auto$proc_rom.cc:155:do_switch$971$rdmux[0][5][9]$b$3146 [3] $memory$flatten\u_core.$auto$proc_rom.cc:155:do_switch$971$rdmux[0][5][9]$b$3146 [0] $memory$flatten\u_core.$auto$proc_rom.cc:155:do_switch$971$rdmux[0][5][9]$b$3146 [3] 3'011 $memory$flatten\u_core.$auto$proc_rom.cc:155:do_switch$971$rdmux[0][5][9]$b$3146 [0] $memory$flatten\u_core.$auto$proc_rom.cc:155:do_switch$971$rdmux[0][5][9]$b$3146 [3] 2'00 }
    Consolidated identical input bits for $mux cell $memory$flatten\u_core.$auto$proc_rom.cc:155:do_switch$971$rdmux[0][6][18]$3267:
      Old ports: A=32'10000010011101101110011100000111, B=0, Y=$memory$flatten\u_core.$auto$proc_rom.cc:155:do_switch$971$rdmux[0][5][9]$a$3145
      New ports: A=1'1, B=1'0, Y=$memory$flatten\u_core.$auto$proc_rom.cc:155:do_switch$971$rdmux[0][5][9]$a$3145 [0]
      New connections: $memory$flatten\u_core.$auto$proc_rom.cc:155:do_switch$971$rdmux[0][5][9]$a$3145 [31:1] = { $memory$flatten\u_core.$auto$proc_rom.cc:155:do_switch$971$rdmux[0][5][9]$a$3145 [0] 5'00000 $memory$flatten\u_core.$auto$proc_rom.cc:155:do_switch$971$rdmux[0][5][9]$a$3145 [0] 2'00 $memory$flatten\u_core.$auto$proc_rom.cc:155:do_switch$971$rdmux[0][5][9]$a$3145 [0] $memory$flatten\u_core.$auto$proc_rom.cc:155:do_switch$971$rdmux[0][5][9]$a$3145 [0] $memory$flatten\u_core.$auto$proc_rom.cc:155:do_switch$971$rdmux[0][5][9]$a$3145 [0] 1'0 $memory$flatten\u_core.$auto$proc_rom.cc:155:do_switch$971$rdmux[0][5][9]$a$3145 [0] $memory$flatten\u_core.$auto$proc_rom.cc:155:do_switch$971$rdmux[0][5][9]$a$3145 [0] 1'0 $memory$flatten\u_core.$auto$proc_rom.cc:155:do_switch$971$rdmux[0][5][9]$a$3145 [0] $memory$flatten\u_core.$auto$proc_rom.cc:155:do_switch$971$rdmux[0][5][9]$a$3145 [0] $memory$flatten\u_core.$auto$proc_rom.cc:155:do_switch$971$rdmux[0][5][9]$a$3145 [0] 2'00 $memory$flatten\u_core.$auto$proc_rom.cc:155:do_switch$971$rdmux[0][5][9]$a$3145 [0] $memory$flatten\u_core.$auto$proc_rom.cc:155:do_switch$971$rdmux[0][5][9]$a$3145 [0] $memory$flatten\u_core.$auto$proc_rom.cc:155:do_switch$971$rdmux[0][5][9]$a$3145 [0] 5'00000 $memory$flatten\u_core.$auto$proc_rom.cc:155:do_switch$971$rdmux[0][5][9]$a$3145 [0] $memory$flatten\u_core.$auto$proc_rom.cc:155:do_switch$971$rdmux[0][5][9]$a$3145 [0] }
    Consolidated identical input bits for $mux cell $memory$flatten\u_core.$auto$proc_rom.cc:155:do_switch$971$rdmux[0][6][13]$3252:
      Old ports: A=32'10000101100000110010010100101000, B=32'10000011110101100001111100011010, Y=$memory$flatten\u_core.$auto$proc_rom.cc:155:do_switch$971$rdmux[0][5][6]$b$3137
      New ports: A=2'10, B=2'01, Y={ $memory$flatten\u_core.$auto$proc_rom.cc:155:do_switch$971$rdmux[0][5][6]$b$3137 [5] $memory$flatten\u_core.$auto$proc_rom.cc:155:do_switch$971$rdmux[0][5][6]$b$3137 [1] }
      New connections: { $memory$flatten\u_core.$auto$proc_rom.cc:155:do_switch$971$rdmux[0][5][6]$b$3137 [31:6] $memory$flatten\u_core.$auto$proc_rom.cc:155:do_switch$971$rdmux[0][5][6]$b$3137 [4:2] $memory$flatten\u_core.$auto$proc_rom.cc:155:do_switch$971$rdmux[0][5][6]$b$3137 [0] } = { 5'10000 $memory$flatten\u_core.$auto$proc_rom.cc:155:do_switch$971$rdmux[0][5][6]$b$3137 [5] $memory$flatten\u_core.$auto$proc_rom.cc:155:do_switch$971$rdmux[0][5][6]$b$3137 [1] 2'11 $memory$flatten\u_core.$auto$proc_rom.cc:155:do_switch$971$rdmux[0][5][6]$b$3137 [1] 1'0 $memory$flatten\u_core.$auto$proc_rom.cc:155:do_switch$971$rdmux[0][5][6]$b$3137 [1] 1'0 $memory$flatten\u_core.$auto$proc_rom.cc:155:do_switch$971$rdmux[0][5][6]$b$3137 [1] 1'1 $memory$flatten\u_core.$auto$proc_rom.cc:155:do_switch$971$rdmux[0][5][6]$b$3137 [5] 2'00 $memory$flatten\u_core.$auto$proc_rom.cc:155:do_switch$971$rdmux[0][5][6]$b$3137 [5] $memory$flatten\u_core.$auto$proc_rom.cc:155:do_switch$971$rdmux[0][5][6]$b$3137 [1] $memory$flatten\u_core.$auto$proc_rom.cc:155:do_switch$971$rdmux[0][5][6]$b$3137 [1] 1'1 $memory$flatten\u_core.$auto$proc_rom.cc:155:do_switch$971$rdmux[0][5][6]$b$3137 [1] 3'100 $memory$flatten\u_core.$auto$proc_rom.cc:155:do_switch$971$rdmux[0][5][6]$b$3137 [1] 3'100 }
    Consolidated identical input bits for $mux cell $memory$flatten\u_core.$auto$proc_rom.cc:155:do_switch$967$rdmux[0][6][40]$2952:
      Old ports: A=0, B=1591192074, Y=$memory$flatten\u_core.$auto$proc_rom.cc:155:do_switch$967$rdmux[0][5][20]$a$2797
      New ports: A=1'0, B=1'1, Y=$memory$flatten\u_core.$auto$proc_rom.cc:155:do_switch$967$rdmux[0][5][20]$a$2797 [1]
      New connections: { $memory$flatten\u_core.$auto$proc_rom.cc:155:do_switch$967$rdmux[0][5][20]$a$2797 [31:2] $memory$flatten\u_core.$auto$proc_rom.cc:155:do_switch$967$rdmux[0][5][20]$a$2797 [0] } = { 1'0 $memory$flatten\u_core.$auto$proc_rom.cc:155:do_switch$967$rdmux[0][5][20]$a$2797 [1] 1'0 $memory$flatten\u_core.$auto$proc_rom.cc:155:do_switch$967$rdmux[0][5][20]$a$2797 [1] $memory$flatten\u_core.$auto$proc_rom.cc:155:do_switch$967$rdmux[0][5][20]$a$2797 [1] $memory$flatten\u_core.$auto$proc_rom.cc:155:do_switch$967$rdmux[0][5][20]$a$2797 [1] $memory$flatten\u_core.$auto$proc_rom.cc:155:do_switch$967$rdmux[0][5][20]$a$2797 [1] 1'0 $memory$flatten\u_core.$auto$proc_rom.cc:155:do_switch$967$rdmux[0][5][20]$a$2797 [1] $memory$flatten\u_core.$auto$proc_rom.cc:155:do_switch$967$rdmux[0][5][20]$a$2797 [1] 1'0 $memory$flatten\u_core.$auto$proc_rom.cc:155:do_switch$967$rdmux[0][5][20]$a$2797 [1] 1'0 $memory$flatten\u_core.$auto$proc_rom.cc:155:do_switch$967$rdmux[0][5][20]$a$2797 [1] $memory$flatten\u_core.$auto$proc_rom.cc:155:do_switch$967$rdmux[0][5][20]$a$2797 [1] $memory$flatten\u_core.$auto$proc_rom.cc:155:do_switch$967$rdmux[0][5][20]$a$2797 [1] $memory$flatten\u_core.$auto$proc_rom.cc:155:do_switch$967$rdmux[0][5][20]$a$2797 [1] 1'0 $memory$flatten\u_core.$auto$proc_rom.cc:155:do_switch$967$rdmux[0][5][20]$a$2797 [1] 1'0 $memory$flatten\u_core.$auto$proc_rom.cc:155:do_switch$967$rdmux[0][5][20]$a$2797 [1] 1'0 $memory$flatten\u_core.$auto$proc_rom.cc:155:do_switch$967$rdmux[0][5][20]$a$2797 [1] 5'00000 $memory$flatten\u_core.$auto$proc_rom.cc:155:do_switch$967$rdmux[0][5][20]$a$2797 [1] 2'00 }
    Consolidated identical input bits for $mux cell $memory$flatten\u_core.$auto$proc_rom.cc:155:do_switch$967$rdmux[0][6][20]$2892:
      Old ports: A=32'10001001101111101100111100000100, B=0, Y=$memory$flatten\u_core.$auto$proc_rom.cc:155:do_switch$967$rdmux[0][5][10]$a$2767
      New ports: A=1'1, B=1'0, Y=$memory$flatten\u_core.$auto$proc_rom.cc:155:do_switch$967$rdmux[0][5][10]$a$2767 [2]
      New connections: { $memory$flatten\u_core.$auto$proc_rom.cc:155:do_switch$967$rdmux[0][5][10]$a$2767 [31:3] $memory$flatten\u_core.$auto$proc_rom.cc:155:do_switch$967$rdmux[0][5][10]$a$2767 [1:0] } = { $memory$flatten\u_core.$auto$proc_rom.cc:155:do_switch$967$rdmux[0][5][10]$a$2767 [2] 3'000 $memory$flatten\u_core.$auto$proc_rom.cc:155:do_switch$967$rdmux[0][5][10]$a$2767 [2] 2'00 $memory$flatten\u_core.$auto$proc_rom.cc:155:do_switch$967$rdmux[0][5][10]$a$2767 [2] $memory$flatten\u_core.$auto$proc_rom.cc:155:do_switch$967$rdmux[0][5][10]$a$2767 [2] 1'0 $memory$flatten\u_core.$auto$proc_rom.cc:155:do_switch$967$rdmux[0][5][10]$a$2767 [2] $memory$flatten\u_core.$auto$proc_rom.cc:155:do_switch$967$rdmux[0][5][10]$a$2767 [2] $memory$flatten\u_core.$auto$proc_rom.cc:155:do_switch$967$rdmux[0][5][10]$a$2767 [2] $memory$flatten\u_core.$auto$proc_rom.cc:155:do_switch$967$rdmux[0][5][10]$a$2767 [2] $memory$flatten\u_core.$auto$proc_rom.cc:155:do_switch$967$rdmux[0][5][10]$a$2767 [2] 1'0 $memory$flatten\u_core.$auto$proc_rom.cc:155:do_switch$967$rdmux[0][5][10]$a$2767 [2] $memory$flatten\u_core.$auto$proc_rom.cc:155:do_switch$967$rdmux[0][5][10]$a$2767 [2] 2'00 $memory$flatten\u_core.$auto$proc_rom.cc:155:do_switch$967$rdmux[0][5][10]$a$2767 [2] $memory$flatten\u_core.$auto$proc_rom.cc:155:do_switch$967$rdmux[0][5][10]$a$2767 [2] $memory$flatten\u_core.$auto$proc_rom.cc:155:do_switch$967$rdmux[0][5][10]$a$2767 [2] $memory$flatten\u_core.$auto$proc_rom.cc:155:do_switch$967$rdmux[0][5][10]$a$2767 [2] 7'0000000 }
    Consolidated identical input bits for $mux cell $memory$flatten\u_core.$auto$proc_rom.cc:155:do_switch$967$rdmux[0][6][34]$2934:
      Old ports: A=0, B=521831382, Y=$memory$flatten\u_core.$auto$proc_rom.cc:155:do_switch$967$rdmux[0][5][17]$a$2788
      New ports: A=1'0, B=1'1, Y=$memory$flatten\u_core.$auto$proc_rom.cc:155:do_switch$967$rdmux[0][5][17]$a$2788 [1]
      New connections: { $memory$flatten\u_core.$auto$proc_rom.cc:155:do_switch$967$rdmux[0][5][17]$a$2788 [31:2] $memory$flatten\u_core.$auto$proc_rom.cc:155:do_switch$967$rdmux[0][5][17]$a$2788 [0] } = { 3'000 $memory$flatten\u_core.$auto$proc_rom.cc:155:do_switch$967$rdmux[0][5][17]$a$2788 [1] $memory$flatten\u_core.$auto$proc_rom.cc:155:do_switch$967$rdmux[0][5][17]$a$2788 [1] $memory$flatten\u_core.$auto$proc_rom.cc:155:do_switch$967$rdmux[0][5][17]$a$2788 [1] $memory$flatten\u_core.$auto$proc_rom.cc:155:do_switch$967$rdmux[0][5][17]$a$2788 [1] $memory$flatten\u_core.$auto$proc_rom.cc:155:do_switch$967$rdmux[0][5][17]$a$2788 [1] 3'000 $memory$flatten\u_core.$auto$proc_rom.cc:155:do_switch$967$rdmux[0][5][17]$a$2788 [1] $memory$flatten\u_core.$auto$proc_rom.cc:155:do_switch$967$rdmux[0][5][17]$a$2788 [1] 1'0 $memory$flatten\u_core.$auto$proc_rom.cc:155:do_switch$967$rdmux[0][5][17]$a$2788 [1] 1'0 $memory$flatten\u_core.$auto$proc_rom.cc:155:do_switch$967$rdmux[0][5][17]$a$2788 [1] 5'00000 $memory$flatten\u_core.$auto$proc_rom.cc:155:do_switch$967$rdmux[0][5][17]$a$2788 [1] $memory$flatten\u_core.$auto$proc_rom.cc:155:do_switch$967$rdmux[0][5][17]$a$2788 [1] $memory$flatten\u_core.$auto$proc_rom.cc:155:do_switch$967$rdmux[0][5][17]$a$2788 [1] $memory$flatten\u_core.$auto$proc_rom.cc:155:do_switch$967$rdmux[0][5][17]$a$2788 [1] 1'0 $memory$flatten\u_core.$auto$proc_rom.cc:155:do_switch$967$rdmux[0][5][17]$a$2788 [1] 1'0 $memory$flatten\u_core.$auto$proc_rom.cc:155:do_switch$967$rdmux[0][5][17]$a$2788 [1] 1'0 }
    Consolidated identical input bits for $mux cell $memory$flatten\u_core.$auto$proc_rom.cc:155:do_switch$967$rdmux[0][6][19]$2889:
      Old ports: A=32'10000101100000111101101011011000, B=32'10000111011110111101010011100001, Y=$memory$flatten\u_core.$auto$proc_rom.cc:155:do_switch$967$rdmux[0][5][9]$b$2765
      New ports: A=2'10, B=2'01, Y={ $memory$flatten\u_core.$auto$proc_rom.cc:155:do_switch$967$rdmux[0][5][9]$b$2765 [3] $memory$flatten\u_core.$auto$proc_rom.cc:155:do_switch$967$rdmux[0][5][9]$b$2765 [0] }
      New connections: { $memory$flatten\u_core.$auto$proc_rom.cc:155:do_switch$967$rdmux[0][5][9]$b$2765 [31:4] $memory$flatten\u_core.$auto$proc_rom.cc:155:do_switch$967$rdmux[0][5][9]$b$2765 [2:1] } = { 6'100001 $memory$flatten\u_core.$auto$proc_rom.cc:155:do_switch$967$rdmux[0][5][9]$b$2765 [0] 1'1 $memory$flatten\u_core.$auto$proc_rom.cc:155:do_switch$967$rdmux[0][5][9]$b$2765 [3] $memory$flatten\u_core.$auto$proc_rom.cc:155:do_switch$967$rdmux[0][5][9]$b$2765 [0] $memory$flatten\u_core.$auto$proc_rom.cc:155:do_switch$967$rdmux[0][5][9]$b$2765 [0] $memory$flatten\u_core.$auto$proc_rom.cc:155:do_switch$967$rdmux[0][5][9]$b$2765 [0] $memory$flatten\u_core.$auto$proc_rom.cc:155:do_switch$967$rdmux[0][5][9]$b$2765 [0] 7'0111101 $memory$flatten\u_core.$auto$proc_rom.cc:155:do_switch$967$rdmux[0][5][9]$b$2765 [3] $memory$flatten\u_core.$auto$proc_rom.cc:155:do_switch$967$rdmux[0][5][9]$b$2765 [0] $memory$flatten\u_core.$auto$proc_rom.cc:155:do_switch$967$rdmux[0][5][9]$b$2765 [3] 3'011 $memory$flatten\u_core.$auto$proc_rom.cc:155:do_switch$967$rdmux[0][5][9]$b$2765 [0] $memory$flatten\u_core.$auto$proc_rom.cc:155:do_switch$967$rdmux[0][5][9]$b$2765 [3] 2'00 }
    Consolidated identical input bits for $mux cell $memory$flatten\u_core.$auto$proc_rom.cc:155:do_switch$967$rdmux[0][6][31]$2925:
      Old ports: A=32'11110011011101001000000010011110, B=32'11111001101110001000000000100111, Y=$memory$flatten\u_core.$auto$proc_rom.cc:155:do_switch$967$rdmux[0][5][15]$b$2783
      New ports: A=2'10, B=2'01, Y={ $memory$flatten\u_core.$auto$proc_rom.cc:155:do_switch$967$rdmux[0][5][15]$b$2783 [3] $memory$flatten\u_core.$auto$proc_rom.cc:155:do_switch$967$rdmux[0][5][15]$b$2783 [0] }
      New connections: { $memory$flatten\u_core.$auto$proc_rom.cc:155:do_switch$967$rdmux[0][5][15]$b$2783 [31:4] $memory$flatten\u_core.$auto$proc_rom.cc:155:do_switch$967$rdmux[0][5][15]$b$2783 [2:1] } = { 4'1111 $memory$flatten\u_core.$auto$proc_rom.cc:155:do_switch$967$rdmux[0][5][15]$b$2783 [0] 1'0 $memory$flatten\u_core.$auto$proc_rom.cc:155:do_switch$967$rdmux[0][5][15]$b$2783 [3] 1'1 $memory$flatten\u_core.$auto$proc_rom.cc:155:do_switch$967$rdmux[0][5][15]$b$2783 [0] $memory$flatten\u_core.$auto$proc_rom.cc:155:do_switch$967$rdmux[0][5][15]$b$2783 [3] 2'11 $memory$flatten\u_core.$auto$proc_rom.cc:155:do_switch$967$rdmux[0][5][15]$b$2783 [0] $memory$flatten\u_core.$auto$proc_rom.cc:155:do_switch$967$rdmux[0][5][15]$b$2783 [3] 10'0010000000 $memory$flatten\u_core.$auto$proc_rom.cc:155:do_switch$967$rdmux[0][5][15]$b$2783 [3] 1'0 $memory$flatten\u_core.$auto$proc_rom.cc:155:do_switch$967$rdmux[0][5][15]$b$2783 [0] $memory$flatten\u_core.$auto$proc_rom.cc:155:do_switch$967$rdmux[0][5][15]$b$2783 [3] 2'11 }
    Consolidated identical input bits for $mux cell $memory$flatten\u_core.$auto$proc_rom.cc:155:do_switch$967$rdmux[0][6][46]$2970:
      Old ports: A=0, B=2124279096, Y=$memory$flatten\u_core.$auto$proc_rom.cc:155:do_switch$967$rdmux[0][5][23]$a$2806
      New ports: A=1'0, B=1'1, Y=$memory$flatten\u_core.$auto$proc_rom.cc:155:do_switch$967$rdmux[0][5][23]$a$2806 [3]
      New connections: { $memory$flatten\u_core.$auto$proc_rom.cc:155:do_switch$967$rdmux[0][5][23]$a$2806 [31:4] $memory$flatten\u_core.$auto$proc_rom.cc:155:do_switch$967$rdmux[0][5][23]$a$2806 [2:0] } = { 1'0 $memory$flatten\u_core.$auto$proc_rom.cc:155:do_switch$967$rdmux[0][5][23]$a$2806 [3] $memory$flatten\u_core.$auto$proc_rom.cc:155:do_switch$967$rdmux[0][5][23]$a$2806 [3] $memory$flatten\u_core.$auto$proc_rom.cc:155:do_switch$967$rdmux[0][5][23]$a$2806 [3] $memory$flatten\u_core.$auto$proc_rom.cc:155:do_switch$967$rdmux[0][5][23]$a$2806 [3] $memory$flatten\u_core.$auto$proc_rom.cc:155:do_switch$967$rdmux[0][5][23]$a$2806 [3] $memory$flatten\u_core.$auto$proc_rom.cc:155:do_switch$967$rdmux[0][5][23]$a$2806 [3] 1'0 $memory$flatten\u_core.$auto$proc_rom.cc:155:do_switch$967$rdmux[0][5][23]$a$2806 [3] 2'00 $memory$flatten\u_core.$auto$proc_rom.cc:155:do_switch$967$rdmux[0][5][23]$a$2806 [3] $memory$flatten\u_core.$auto$proc_rom.cc:155:do_switch$967$rdmux[0][5][23]$a$2806 [3] $memory$flatten\u_core.$auto$proc_rom.cc:155:do_switch$967$rdmux[0][5][23]$a$2806 [3] 1'0 $memory$flatten\u_core.$auto$proc_rom.cc:155:do_switch$967$rdmux[0][5][23]$a$2806 [3] $memory$flatten\u_core.$auto$proc_rom.cc:155:do_switch$967$rdmux[0][5][23]$a$2806 [3] $memory$flatten\u_core.$auto$proc_rom.cc:155:do_switch$967$rdmux[0][5][23]$a$2806 [3] $memory$flatten\u_core.$auto$proc_rom.cc:155:do_switch$967$rdmux[0][5][23]$a$2806 [3] 1'0 $memory$flatten\u_core.$auto$proc_rom.cc:155:do_switch$967$rdmux[0][5][23]$a$2806 [3] $memory$flatten\u_core.$auto$proc_rom.cc:155:do_switch$967$rdmux[0][5][23]$a$2806 [3] 1'0 $memory$flatten\u_core.$auto$proc_rom.cc:155:do_switch$967$rdmux[0][5][23]$a$2806 [3] 2'00 $memory$flatten\u_core.$auto$proc_rom.cc:155:do_switch$967$rdmux[0][5][23]$a$2806 [3] $memory$flatten\u_core.$auto$proc_rom.cc:155:do_switch$967$rdmux[0][5][23]$a$2806 [3] 3'000 }
    Consolidated identical input bits for $mux cell $memory$flatten\u_core.$auto$proc_rom.cc:155:do_switch$967$rdmux[0][6][45]$2967:
      Old ports: A=2055068376, B=0, Y=$memory$flatten\u_core.$auto$proc_rom.cc:155:do_switch$967$rdmux[0][5][22]$b$2804
      New ports: A=1'1, B=1'0, Y=$memory$flatten\u_core.$auto$proc_rom.cc:155:do_switch$967$rdmux[0][5][22]$b$2804 [3]
      New connections: { $memory$flatten\u_core.$auto$proc_rom.cc:155:do_switch$967$rdmux[0][5][22]$b$2804 [31:4] $memory$flatten\u_core.$auto$proc_rom.cc:155:do_switch$967$rdmux[0][5][22]$b$2804 [2:0] } = { 1'0 $memory$flatten\u_core.$auto$proc_rom.cc:155:do_switch$967$rdmux[0][5][22]$b$2804 [3] $memory$flatten\u_core.$auto$proc_rom.cc:155:do_switch$967$rdmux[0][5][22]$b$2804 [3] $memory$flatten\u_core.$auto$proc_rom.cc:155:do_switch$967$rdmux[0][5][22]$b$2804 [3] $memory$flatten\u_core.$auto$proc_rom.cc:155:do_switch$967$rdmux[0][5][22]$b$2804 [3] 1'0 $memory$flatten\u_core.$auto$proc_rom.cc:155:do_switch$967$rdmux[0][5][22]$b$2804 [3] 2'00 $memory$flatten\u_core.$auto$proc_rom.cc:155:do_switch$967$rdmux[0][5][22]$b$2804 [3] $memory$flatten\u_core.$auto$proc_rom.cc:155:do_switch$967$rdmux[0][5][22]$b$2804 [3] $memory$flatten\u_core.$auto$proc_rom.cc:155:do_switch$967$rdmux[0][5][22]$b$2804 [3] $memory$flatten\u_core.$auto$proc_rom.cc:155:do_switch$967$rdmux[0][5][22]$b$2804 [3] $memory$flatten\u_core.$auto$proc_rom.cc:155:do_switch$967$rdmux[0][5][22]$b$2804 [3] 1'0 $memory$flatten\u_core.$auto$proc_rom.cc:155:do_switch$967$rdmux[0][5][22]$b$2804 [3] $memory$flatten\u_core.$auto$proc_rom.cc:155:do_switch$967$rdmux[0][5][22]$b$2804 [3] $memory$flatten\u_core.$auto$proc_rom.cc:155:do_switch$967$rdmux[0][5][22]$b$2804 [3] 1'0 $memory$flatten\u_core.$auto$proc_rom.cc:155:do_switch$967$rdmux[0][5][22]$b$2804 [3] $memory$flatten\u_core.$auto$proc_rom.cc:155:do_switch$967$rdmux[0][5][22]$b$2804 [3] 1'0 $memory$flatten\u_core.$auto$proc_rom.cc:155:do_switch$967$rdmux[0][5][22]$b$2804 [3] 1'0 $memory$flatten\u_core.$auto$proc_rom.cc:155:do_switch$967$rdmux[0][5][22]$b$2804 [3] $memory$flatten\u_core.$auto$proc_rom.cc:155:do_switch$967$rdmux[0][5][22]$b$2804 [3] 1'0 $memory$flatten\u_core.$auto$proc_rom.cc:155:do_switch$967$rdmux[0][5][22]$b$2804 [3] 3'000 }
    Consolidated identical input bits for $mux cell $memory$flatten\u_core.$auto$proc_rom.cc:155:do_switch$967$rdmux[0][6][43]$2961:
      Old ports: A=0, B=1941358918, Y=$memory$flatten\u_core.$auto$proc_rom.cc:155:do_switch$967$rdmux[0][5][21]$b$2801
      New ports: A=1'0, B=1'1, Y=$memory$flatten\u_core.$auto$proc_rom.cc:155:do_switch$967$rdmux[0][5][21]$b$2801 [1]
      New connections: { $memory$flatten\u_core.$auto$proc_rom.cc:155:do_switch$967$rdmux[0][5][21]$b$2801 [31:2] $memory$flatten\u_core.$auto$proc_rom.cc:155:do_switch$967$rdmux[0][5][21]$b$2801 [0] } = { 1'0 $memory$flatten\u_core.$auto$proc_rom.cc:155:do_switch$967$rdmux[0][5][21]$b$2801 [1] $memory$flatten\u_core.$auto$proc_rom.cc:155:do_switch$967$rdmux[0][5][21]$b$2801 [1] $memory$flatten\u_core.$auto$proc_rom.cc:155:do_switch$967$rdmux[0][5][21]$b$2801 [1] 2'00 $memory$flatten\u_core.$auto$proc_rom.cc:155:do_switch$967$rdmux[0][5][21]$b$2801 [1] $memory$flatten\u_core.$auto$proc_rom.cc:155:do_switch$967$rdmux[0][5][21]$b$2801 [1] $memory$flatten\u_core.$auto$proc_rom.cc:155:do_switch$967$rdmux[0][5][21]$b$2801 [1] 1'0 $memory$flatten\u_core.$auto$proc_rom.cc:155:do_switch$967$rdmux[0][5][21]$b$2801 [1] $memory$flatten\u_core.$auto$proc_rom.cc:155:do_switch$967$rdmux[0][5][21]$b$2801 [1] 1'0 $memory$flatten\u_core.$auto$proc_rom.cc:155:do_switch$967$rdmux[0][5][21]$b$2801 [1] $memory$flatten\u_core.$auto$proc_rom.cc:155:do_switch$967$rdmux[0][5][21]$b$2801 [1] 1'0 $memory$flatten\u_core.$auto$proc_rom.cc:155:do_switch$967$rdmux[0][5][21]$b$2801 [1] $memory$flatten\u_core.$auto$proc_rom.cc:155:do_switch$967$rdmux[0][5][21]$b$2801 [1] 2'00 $memory$flatten\u_core.$auto$proc_rom.cc:155:do_switch$967$rdmux[0][5][21]$b$2801 [1] 2'00 $memory$flatten\u_core.$auto$proc_rom.cc:155:do_switch$967$rdmux[0][5][21]$b$2801 [1] 1'0 $memory$flatten\u_core.$auto$proc_rom.cc:155:do_switch$967$rdmux[0][5][21]$b$2801 [1] 3'000 $memory$flatten\u_core.$auto$proc_rom.cc:155:do_switch$967$rdmux[0][5][21]$b$2801 [1] 1'0 }
    Consolidated identical input bits for $mux cell $memory$flatten\u_core.$auto$proc_rom.cc:155:do_switch$967$rdmux[0][6][42]$2958:
      Old ports: A=1785641187, B=0, Y=$memory$flatten\u_core.$auto$proc_rom.cc:155:do_switch$967$rdmux[0][5][21]$a$2800
      New ports: A=1'1, B=1'0, Y=$memory$flatten\u_core.$auto$proc_rom.cc:155:do_switch$967$rdmux[0][5][21]$a$2800 [0]
      New connections: $memory$flatten\u_core.$auto$proc_rom.cc:155:do_switch$967$rdmux[0][5][21]$a$2800 [31:1] = { 1'0 $memory$flatten\u_core.$auto$proc_rom.cc:155:do_switch$967$rdmux[0][5][21]$a$2800 [0] $memory$flatten\u_core.$auto$proc_rom.cc:155:do_switch$967$rdmux[0][5][21]$a$2800 [0] 1'0 $memory$flatten\u_core.$auto$proc_rom.cc:155:do_switch$967$rdmux[0][5][21]$a$2800 [0] 1'0 $memory$flatten\u_core.$auto$proc_rom.cc:155:do_switch$967$rdmux[0][5][21]$a$2800 [0] 2'00 $memory$flatten\u_core.$auto$proc_rom.cc:155:do_switch$967$rdmux[0][5][21]$a$2800 [0] $memory$flatten\u_core.$auto$proc_rom.cc:155:do_switch$967$rdmux[0][5][21]$a$2800 [0] 1'0 $memory$flatten\u_core.$auto$proc_rom.cc:155:do_switch$967$rdmux[0][5][21]$a$2800 [0] $memory$flatten\u_core.$auto$proc_rom.cc:155:do_switch$967$rdmux[0][5][21]$a$2800 [0] $memory$flatten\u_core.$auto$proc_rom.cc:155:do_switch$967$rdmux[0][5][21]$a$2800 [0] 1'0 $memory$flatten\u_core.$auto$proc_rom.cc:155:do_switch$967$rdmux[0][5][21]$a$2800 [0] 1'0 $memory$flatten\u_core.$auto$proc_rom.cc:155:do_switch$967$rdmux[0][5][21]$a$2800 [0] $memory$flatten\u_core.$auto$proc_rom.cc:155:do_switch$967$rdmux[0][5][21]$a$2800 [0] $memory$flatten\u_core.$auto$proc_rom.cc:155:do_switch$967$rdmux[0][5][21]$a$2800 [0] 3'000 $memory$flatten\u_core.$auto$proc_rom.cc:155:do_switch$967$rdmux[0][5][21]$a$2800 [0] $memory$flatten\u_core.$auto$proc_rom.cc:155:do_switch$967$rdmux[0][5][21]$a$2800 [0] $memory$flatten\u_core.$auto$proc_rom.cc:155:do_switch$967$rdmux[0][5][21]$a$2800 [0] 3'000 $memory$flatten\u_core.$auto$proc_rom.cc:155:do_switch$967$rdmux[0][5][21]$a$2800 [0] }
    Consolidated identical input bits for $mux cell $memory$flatten\u_core.$auto$proc_rom.cc:155:do_switch$967$rdmux[0][6][21]$2895:
      Old ports: A=32'10001111000111011100001110101001, B=0, Y=$memory$flatten\u_core.$auto$proc_rom.cc:155:do_switch$967$rdmux[0][5][10]$b$2768
      New ports: A=1'1, B=1'0, Y=$memory$flatten\u_core.$auto$proc_rom.cc:155:do_switch$967$rdmux[0][5][10]$b$2768 [0]
      New connections: $memory$flatten\u_core.$auto$proc_rom.cc:155:do_switch$967$rdmux[0][5][10]$b$2768 [31:1] = { $memory$flatten\u_core.$auto$proc_rom.cc:155:do_switch$967$rdmux[0][5][10]$b$2768 [0] 3'000 $memory$flatten\u_core.$auto$proc_rom.cc:155:do_switch$967$rdmux[0][5][10]$b$2768 [0] $memory$flatten\u_core.$auto$proc_rom.cc:155:do_switch$967$rdmux[0][5][10]$b$2768 [0] $memory$flatten\u_core.$auto$proc_rom.cc:155:do_switch$967$rdmux[0][5][10]$b$2768 [0] $memory$flatten\u_core.$auto$proc_rom.cc:155:do_switch$967$rdmux[0][5][10]$b$2768 [0] 3'000 $memory$flatten\u_core.$auto$proc_rom.cc:155:do_switch$967$rdmux[0][5][10]$b$2768 [0] $memory$flatten\u_core.$auto$proc_rom.cc:155:do_switch$967$rdmux[0][5][10]$b$2768 [0] $memory$flatten\u_core.$auto$proc_rom.cc:155:do_switch$967$rdmux[0][5][10]$b$2768 [0] 1'0 $memory$flatten\u_core.$auto$proc_rom.cc:155:do_switch$967$rdmux[0][5][10]$b$2768 [0] $memory$flatten\u_core.$auto$proc_rom.cc:155:do_switch$967$rdmux[0][5][10]$b$2768 [0] $memory$flatten\u_core.$auto$proc_rom.cc:155:do_switch$967$rdmux[0][5][10]$b$2768 [0] 4'0000 $memory$flatten\u_core.$auto$proc_rom.cc:155:do_switch$967$rdmux[0][5][10]$b$2768 [0] $memory$flatten\u_core.$auto$proc_rom.cc:155:do_switch$967$rdmux[0][5][10]$b$2768 [0] $memory$flatten\u_core.$auto$proc_rom.cc:155:do_switch$967$rdmux[0][5][10]$b$2768 [0] 1'0 $memory$flatten\u_core.$auto$proc_rom.cc:155:do_switch$967$rdmux[0][5][10]$b$2768 [0] 1'0 $memory$flatten\u_core.$auto$proc_rom.cc:155:do_switch$967$rdmux[0][5][10]$b$2768 [0] 2'00 }
    Consolidated identical input bits for $mux cell $memory$flatten\u_core.$auto$proc_rom.cc:155:do_switch$967$rdmux[0][6][37]$2943:
      Old ports: A=0, B=1104056886, Y=$memory$flatten\u_core.$auto$proc_rom.cc:155:do_switch$967$rdmux[0][5][18]$b$2792
      New ports: A=1'0, B=1'1, Y=$memory$flatten\u_core.$auto$proc_rom.cc:155:do_switch$967$rdmux[0][5][18]$b$2792 [1]
      New connections: { $memory$flatten\u_core.$auto$proc_rom.cc:155:do_switch$967$rdmux[0][5][18]$b$2792 [31:2] $memory$flatten\u_core.$auto$proc_rom.cc:155:do_switch$967$rdmux[0][5][18]$b$2792 [0] } = { 1'0 $memory$flatten\u_core.$auto$proc_rom.cc:155:do_switch$967$rdmux[0][5][18]$b$2792 [1] 5'00000 $memory$flatten\u_core.$auto$proc_rom.cc:155:do_switch$967$rdmux[0][5][18]$b$2792 [1] $memory$flatten\u_core.$auto$proc_rom.cc:155:do_switch$967$rdmux[0][5][18]$b$2792 [1] $memory$flatten\u_core.$auto$proc_rom.cc:155:do_switch$967$rdmux[0][5][18]$b$2792 [1] 2'00 $memory$flatten\u_core.$auto$proc_rom.cc:155:do_switch$967$rdmux[0][5][18]$b$2792 [1] $memory$flatten\u_core.$auto$proc_rom.cc:155:do_switch$967$rdmux[0][5][18]$b$2792 [1] $memory$flatten\u_core.$auto$proc_rom.cc:155:do_switch$967$rdmux[0][5][18]$b$2792 [1] 1'0 $memory$flatten\u_core.$auto$proc_rom.cc:155:do_switch$967$rdmux[0][5][18]$b$2792 [1] 2'00 $memory$flatten\u_core.$auto$proc_rom.cc:155:do_switch$967$rdmux[0][5][18]$b$2792 [1] 2'00 $memory$flatten\u_core.$auto$proc_rom.cc:155:do_switch$967$rdmux[0][5][18]$b$2792 [1] 3'000 $memory$flatten\u_core.$auto$proc_rom.cc:155:do_switch$967$rdmux[0][5][18]$b$2792 [1] $memory$flatten\u_core.$auto$proc_rom.cc:155:do_switch$967$rdmux[0][5][18]$b$2792 [1] 1'0 $memory$flatten\u_core.$auto$proc_rom.cc:155:do_switch$967$rdmux[0][5][18]$b$2792 [1] 1'0 }
    Consolidated identical input bits for $mux cell $memory$flatten\u_core.$auto$proc_rom.cc:155:do_switch$967$rdmux[0][6][30]$2922:
      Old ports: A=32'11100111000001111000001001110110, B=0, Y=$memory$flatten\u_core.$auto$proc_rom.cc:155:do_switch$967$rdmux[0][5][15]$a$2782
      New ports: A=1'1, B=1'0, Y=$memory$flatten\u_core.$auto$proc_rom.cc:155:do_switch$967$rdmux[0][5][15]$a$2782 [1]
      New connections: { $memory$flatten\u_core.$auto$proc_rom.cc:155:do_switch$967$rdmux[0][5][15]$a$2782 [31:2] $memory$flatten\u_core.$auto$proc_rom.cc:155:do_switch$967$rdmux[0][5][15]$a$2782 [0] } = { $memory$flatten\u_core.$auto$proc_rom.cc:155:do_switch$967$rdmux[0][5][15]$a$2782 [1] $memory$flatten\u_core.$auto$proc_rom.cc:155:do_switch$967$rdmux[0][5][15]$a$2782 [1] $memory$flatten\u_core.$auto$proc_rom.cc:155:do_switch$967$rdmux[0][5][15]$a$2782 [1] 2'00 $memory$flatten\u_core.$auto$proc_rom.cc:155:do_switch$967$rdmux[0][5][15]$a$2782 [1] $memory$flatten\u_core.$auto$proc_rom.cc:155:do_switch$967$rdmux[0][5][15]$a$2782 [1] $memory$flatten\u_core.$auto$proc_rom.cc:155:do_switch$967$rdmux[0][5][15]$a$2782 [1] 5'00000 $memory$flatten\u_core.$auto$proc_rom.cc:155:do_switch$967$rdmux[0][5][15]$a$2782 [1] $memory$flatten\u_core.$auto$proc_rom.cc:155:do_switch$967$rdmux[0][5][15]$a$2782 [1] $memory$flatten\u_core.$auto$proc_rom.cc:155:do_switch$967$rdmux[0][5][15]$a$2782 [1] $memory$flatten\u_core.$auto$proc_rom.cc:155:do_switch$967$rdmux[0][5][15]$a$2782 [1] 5'00000 $memory$flatten\u_core.$auto$proc_rom.cc:155:do_switch$967$rdmux[0][5][15]$a$2782 [1] 2'00 $memory$flatten\u_core.$auto$proc_rom.cc:155:do_switch$967$rdmux[0][5][15]$a$2782 [1] $memory$flatten\u_core.$auto$proc_rom.cc:155:do_switch$967$rdmux[0][5][15]$a$2782 [1] $memory$flatten\u_core.$auto$proc_rom.cc:155:do_switch$967$rdmux[0][5][15]$a$2782 [1] 1'0 $memory$flatten\u_core.$auto$proc_rom.cc:155:do_switch$967$rdmux[0][5][15]$a$2782 [1] 1'0 }
    Consolidated identical input bits for $mux cell $memory$flatten\u_core.$auto$proc_rom.cc:155:do_switch$967$rdmux[0][6][29]$2919:
      Old ports: A=32'11011010110110001000010110000011, B=0, Y=$memory$flatten\u_core.$auto$proc_rom.cc:155:do_switch$967$rdmux[0][5][14]$b$2780
      New ports: A=1'1, B=1'0, Y=$memory$flatten\u_core.$auto$proc_rom.cc:155:do_switch$967$rdmux[0][5][14]$b$2780 [0]
      New connections: $memory$flatten\u_core.$auto$proc_rom.cc:155:do_switch$967$rdmux[0][5][14]$b$2780 [31:1] = { $memory$flatten\u_core.$auto$proc_rom.cc:155:do_switch$967$rdmux[0][5][14]$b$2780 [0] $memory$flatten\u_core.$auto$proc_rom.cc:155:do_switch$967$rdmux[0][5][14]$b$2780 [0] 1'0 $memory$flatten\u_core.$auto$proc_rom.cc:155:do_switch$967$rdmux[0][5][14]$b$2780 [0] $memory$flatten\u_core.$auto$proc_rom.cc:155:do_switch$967$rdmux[0][5][14]$b$2780 [0] 1'0 $memory$flatten\u_core.$auto$proc_rom.cc:155:do_switch$967$rdmux[0][5][14]$b$2780 [0] 1'0 $memory$flatten\u_core.$auto$proc_rom.cc:155:do_switch$967$rdmux[0][5][14]$b$2780 [0] $memory$flatten\u_core.$auto$proc_rom.cc:155:do_switch$967$rdmux[0][5][14]$b$2780 [0] 1'0 $memory$flatten\u_core.$auto$proc_rom.cc:155:do_switch$967$rdmux[0][5][14]$b$2780 [0] $memory$flatten\u_core.$auto$proc_rom.cc:155:do_switch$967$rdmux[0][5][14]$b$2780 [0] 3'000 $memory$flatten\u_core.$auto$proc_rom.cc:155:do_switch$967$rdmux[0][5][14]$b$2780 [0] 4'0000 $memory$flatten\u_core.$auto$proc_rom.cc:155:do_switch$967$rdmux[0][5][14]$b$2780 [0] 1'0 $memory$flatten\u_core.$auto$proc_rom.cc:155:do_switch$967$rdmux[0][5][14]$b$2780 [0] $memory$flatten\u_core.$auto$proc_rom.cc:155:do_switch$967$rdmux[0][5][14]$b$2780 [0] 5'00000 $memory$flatten\u_core.$auto$proc_rom.cc:155:do_switch$967$rdmux[0][5][14]$b$2780 [0] }
    Consolidated identical input bits for $mux cell $memory$flatten\u_core.$auto$proc_rom.cc:155:do_switch$967$rdmux[0][6][27]$2913:
      Old ports: A=32'11000011101010011000111100011101, B=0, Y=$memory$flatten\u_core.$auto$proc_rom.cc:155:do_switch$967$rdmux[0][5][13]$b$2777
      New ports: A=1'1, B=1'0, Y=$memory$flatten\u_core.$auto$proc_rom.cc:155:do_switch$967$rdmux[0][5][13]$b$2777 [0]
      New connections: $memory$flatten\u_core.$auto$proc_rom.cc:155:do_switch$967$rdmux[0][5][13]$b$2777 [31:1] = { $memory$flatten\u_core.$auto$proc_rom.cc:155:do_switch$967$rdmux[0][5][13]$b$2777 [0] $memory$flatten\u_core.$auto$proc_rom.cc:155:do_switch$967$rdmux[0][5][13]$b$2777 [0] 4'0000 $memory$flatten\u_core.$auto$proc_rom.cc:155:do_switch$967$rdmux[0][5][13]$b$2777 [0] $memory$flatten\u_core.$auto$proc_rom.cc:155:do_switch$967$rdmux[0][5][13]$b$2777 [0] $memory$flatten\u_core.$auto$proc_rom.cc:155:do_switch$967$rdmux[0][5][13]$b$2777 [0] 1'0 $memory$flatten\u_core.$auto$proc_rom.cc:155:do_switch$967$rdmux[0][5][13]$b$2777 [0] 1'0 $memory$flatten\u_core.$auto$proc_rom.cc:155:do_switch$967$rdmux[0][5][13]$b$2777 [0] 2'00 $memory$flatten\u_core.$auto$proc_rom.cc:155:do_switch$967$rdmux[0][5][13]$b$2777 [0] $memory$flatten\u_core.$auto$proc_rom.cc:155:do_switch$967$rdmux[0][5][13]$b$2777 [0] 3'000 $memory$flatten\u_core.$auto$proc_rom.cc:155:do_switch$967$rdmux[0][5][13]$b$2777 [0] $memory$flatten\u_core.$auto$proc_rom.cc:155:do_switch$967$rdmux[0][5][13]$b$2777 [0] $memory$flatten\u_core.$auto$proc_rom.cc:155:do_switch$967$rdmux[0][5][13]$b$2777 [0] $memory$flatten\u_core.$auto$proc_rom.cc:155:do_switch$967$rdmux[0][5][13]$b$2777 [0] 3'000 $memory$flatten\u_core.$auto$proc_rom.cc:155:do_switch$967$rdmux[0][5][13]$b$2777 [0] $memory$flatten\u_core.$auto$proc_rom.cc:155:do_switch$967$rdmux[0][5][13]$b$2777 [0] $memory$flatten\u_core.$auto$proc_rom.cc:155:do_switch$967$rdmux[0][5][13]$b$2777 [0] 1'0 }
    Consolidated identical input bits for $mux cell $memory$flatten\u_core.$auto$proc_rom.cc:155:do_switch$967$rdmux[0][6][26]$2910:
      Old ports: A=32'10111000111000111001010110010010, B=0, Y=$memory$flatten\u_core.$auto$proc_rom.cc:155:do_switch$967$rdmux[0][5][13]$a$2776
      New ports: A=1'1, B=1'0, Y=$memory$flatten\u_core.$auto$proc_rom.cc:155:do_switch$967$rdmux[0][5][13]$a$2776 [1]
      New connections: { $memory$flatten\u_core.$auto$proc_rom.cc:155:do_switch$967$rdmux[0][5][13]$a$2776 [31:2] $memory$flatten\u_core.$auto$proc_rom.cc:155:do_switch$967$rdmux[0][5][13]$a$2776 [0] } = { $memory$flatten\u_core.$auto$proc_rom.cc:155:do_switch$967$rdmux[0][5][13]$a$2776 [1] 1'0 $memory$flatten\u_core.$auto$proc_rom.cc:155:do_switch$967$rdmux[0][5][13]$a$2776 [1] $memory$flatten\u_core.$auto$proc_rom.cc:155:do_switch$967$rdmux[0][5][13]$a$2776 [1] $memory$flatten\u_core.$auto$proc_rom.cc:155:do_switch$967$rdmux[0][5][13]$a$2776 [1] 3'000 $memory$flatten\u_core.$auto$proc_rom.cc:155:do_switch$967$rdmux[0][5][13]$a$2776 [1] $memory$flatten\u_core.$auto$proc_rom.cc:155:do_switch$967$rdmux[0][5][13]$a$2776 [1] $memory$flatten\u_core.$auto$proc_rom.cc:155:do_switch$967$rdmux[0][5][13]$a$2776 [1] 3'000 $memory$flatten\u_core.$auto$proc_rom.cc:155:do_switch$967$rdmux[0][5][13]$a$2776 [1] $memory$flatten\u_core.$auto$proc_rom.cc:155:do_switch$967$rdmux[0][5][13]$a$2776 [1] $memory$flatten\u_core.$auto$proc_rom.cc:155:do_switch$967$rdmux[0][5][13]$a$2776 [1] 2'00 $memory$flatten\u_core.$auto$proc_rom.cc:155:do_switch$967$rdmux[0][5][13]$a$2776 [1] 1'0 $memory$flatten\u_core.$auto$proc_rom.cc:155:do_switch$967$rdmux[0][5][13]$a$2776 [1] 1'0 $memory$flatten\u_core.$auto$proc_rom.cc:155:do_switch$967$rdmux[0][5][13]$a$2776 [1] $memory$flatten\u_core.$auto$proc_rom.cc:155:do_switch$967$rdmux[0][5][13]$a$2776 [1] 2'00 $memory$flatten\u_core.$auto$proc_rom.cc:155:do_switch$967$rdmux[0][5][13]$a$2776 [1] 3'000 }
    Consolidated identical input bits for $mux cell $memory$flatten\u_core.$auto$proc_rom.cc:155:do_switch$971$rdmux[0][6][43]$3342:
      Old ports: A=0, B=1941358918, Y=$memory$flatten\u_core.$auto$proc_rom.cc:155:do_switch$971$rdmux[0][5][21]$b$3182
      New ports: A=1'0, B=1'1, Y=$memory$flatten\u_core.$auto$proc_rom.cc:155:do_switch$971$rdmux[0][5][21]$b$3182 [1]
      New connections: { $memory$flatten\u_core.$auto$proc_rom.cc:155:do_switch$971$rdmux[0][5][21]$b$3182 [31:2] $memory$flatten\u_core.$auto$proc_rom.cc:155:do_switch$971$rdmux[0][5][21]$b$3182 [0] } = { 1'0 $memory$flatten\u_core.$auto$proc_rom.cc:155:do_switch$971$rdmux[0][5][21]$b$3182 [1] $memory$flatten\u_core.$auto$proc_rom.cc:155:do_switch$971$rdmux[0][5][21]$b$3182 [1] $memory$flatten\u_core.$auto$proc_rom.cc:155:do_switch$971$rdmux[0][5][21]$b$3182 [1] 2'00 $memory$flatten\u_core.$auto$proc_rom.cc:155:do_switch$971$rdmux[0][5][21]$b$3182 [1] $memory$flatten\u_core.$auto$proc_rom.cc:155:do_switch$971$rdmux[0][5][21]$b$3182 [1] $memory$flatten\u_core.$auto$proc_rom.cc:155:do_switch$971$rdmux[0][5][21]$b$3182 [1] 1'0 $memory$flatten\u_core.$auto$proc_rom.cc:155:do_switch$971$rdmux[0][5][21]$b$3182 [1] $memory$flatten\u_core.$auto$proc_rom.cc:155:do_switch$971$rdmux[0][5][21]$b$3182 [1] 1'0 $memory$flatten\u_core.$auto$proc_rom.cc:155:do_switch$971$rdmux[0][5][21]$b$3182 [1] $memory$flatten\u_core.$auto$proc_rom.cc:155:do_switch$971$rdmux[0][5][21]$b$3182 [1] 1'0 $memory$flatten\u_core.$auto$proc_rom.cc:155:do_switch$971$rdmux[0][5][21]$b$3182 [1] $memory$flatten\u_core.$auto$proc_rom.cc:155:do_switch$971$rdmux[0][5][21]$b$3182 [1] 2'00 $memory$flatten\u_core.$auto$proc_rom.cc:155:do_switch$971$rdmux[0][5][21]$b$3182 [1] 2'00 $memory$flatten\u_core.$auto$proc_rom.cc:155:do_switch$971$rdmux[0][5][21]$b$3182 [1] 1'0 $memory$flatten\u_core.$auto$proc_rom.cc:155:do_switch$971$rdmux[0][5][21]$b$3182 [1] 3'000 $memory$flatten\u_core.$auto$proc_rom.cc:155:do_switch$971$rdmux[0][5][21]$b$3182 [1] 1'0 }
    Consolidated identical input bits for $mux cell $memory$flatten\u_core.$auto$proc_rom.cc:155:do_switch$971$rdmux[0][6][42]$3339:
      Old ports: A=1785641187, B=0, Y=$memory$flatten\u_core.$auto$proc_rom.cc:155:do_switch$971$rdmux[0][5][21]$a$3181
      New ports: A=1'1, B=1'0, Y=$memory$flatten\u_core.$auto$proc_rom.cc:155:do_switch$971$rdmux[0][5][21]$a$3181 [0]
      New connections: $memory$flatten\u_core.$auto$proc_rom.cc:155:do_switch$971$rdmux[0][5][21]$a$3181 [31:1] = { 1'0 $memory$flatten\u_core.$auto$proc_rom.cc:155:do_switch$971$rdmux[0][5][21]$a$3181 [0] $memory$flatten\u_core.$auto$proc_rom.cc:155:do_switch$971$rdmux[0][5][21]$a$3181 [0] 1'0 $memory$flatten\u_core.$auto$proc_rom.cc:155:do_switch$971$rdmux[0][5][21]$a$3181 [0] 1'0 $memory$flatten\u_core.$auto$proc_rom.cc:155:do_switch$971$rdmux[0][5][21]$a$3181 [0] 2'00 $memory$flatten\u_core.$auto$proc_rom.cc:155:do_switch$971$rdmux[0][5][21]$a$3181 [0] $memory$flatten\u_core.$auto$proc_rom.cc:155:do_switch$971$rdmux[0][5][21]$a$3181 [0] 1'0 $memory$flatten\u_core.$auto$proc_rom.cc:155:do_switch$971$rdmux[0][5][21]$a$3181 [0] $memory$flatten\u_core.$auto$proc_rom.cc:155:do_switch$971$rdmux[0][5][21]$a$3181 [0] $memory$flatten\u_core.$auto$proc_rom.cc:155:do_switch$971$rdmux[0][5][21]$a$3181 [0] 1'0 $memory$flatten\u_core.$auto$proc_rom.cc:155:do_switch$971$rdmux[0][5][21]$a$3181 [0] 1'0 $memory$flatten\u_core.$auto$proc_rom.cc:155:do_switch$971$rdmux[0][5][21]$a$3181 [0] $memory$flatten\u_core.$auto$proc_rom.cc:155:do_switch$971$rdmux[0][5][21]$a$3181 [0] $memory$flatten\u_core.$auto$proc_rom.cc:155:do_switch$971$rdmux[0][5][21]$a$3181 [0] 3'000 $memory$flatten\u_core.$auto$proc_rom.cc:155:do_switch$971$rdmux[0][5][21]$a$3181 [0] $memory$flatten\u_core.$auto$proc_rom.cc:155:do_switch$971$rdmux[0][5][21]$a$3181 [0] $memory$flatten\u_core.$auto$proc_rom.cc:155:do_switch$971$rdmux[0][5][21]$a$3181 [0] 3'000 $memory$flatten\u_core.$auto$proc_rom.cc:155:do_switch$971$rdmux[0][5][21]$a$3181 [0] }
    Consolidated identical input bits for $mux cell $memory$flatten\u_core.$auto$proc_rom.cc:155:do_switch$971$rdmux[0][6][39]$3330:
      Old ports: A=1362402574, B=0, Y=$memory$flatten\u_core.$auto$proc_rom.cc:155:do_switch$971$rdmux[0][5][19]$b$3176
      New ports: A=1'1, B=1'0, Y=$memory$flatten\u_core.$auto$proc_rom.cc:155:do_switch$971$rdmux[0][5][19]$b$3176 [1]
      New connections: { $memory$flatten\u_core.$auto$proc_rom.cc:155:do_switch$971$rdmux[0][5][19]$b$3176 [31:2] $memory$flatten\u_core.$auto$proc_rom.cc:155:do_switch$971$rdmux[0][5][19]$b$3176 [0] } = { 1'0 $memory$flatten\u_core.$auto$proc_rom.cc:155:do_switch$971$rdmux[0][5][19]$b$3176 [1] 1'0 $memory$flatten\u_core.$auto$proc_rom.cc:155:do_switch$971$rdmux[0][5][19]$b$3176 [1] 3'000 $memory$flatten\u_core.$auto$proc_rom.cc:155:do_switch$971$rdmux[0][5][19]$b$3176 [1] 2'00 $memory$flatten\u_core.$auto$proc_rom.cc:155:do_switch$971$rdmux[0][5][19]$b$3176 [1] $memory$flatten\u_core.$auto$proc_rom.cc:155:do_switch$971$rdmux[0][5][19]$b$3176 [1] 1'0 $memory$flatten\u_core.$auto$proc_rom.cc:155:do_switch$971$rdmux[0][5][19]$b$3176 [1] 2'00 $memory$flatten\u_core.$auto$proc_rom.cc:155:do_switch$971$rdmux[0][5][19]$b$3176 [1] 2'00 $memory$flatten\u_core.$auto$proc_rom.cc:155:do_switch$971$rdmux[0][5][19]$b$3176 [1] $memory$flatten\u_core.$auto$proc_rom.cc:155:do_switch$971$rdmux[0][5][19]$b$3176 [1] $memory$flatten\u_core.$auto$proc_rom.cc:155:do_switch$971$rdmux[0][5][19]$b$3176 [1] 1'0 $memory$flatten\u_core.$auto$proc_rom.cc:155:do_switch$971$rdmux[0][5][19]$b$3176 [1] 4'0000 $memory$flatten\u_core.$auto$proc_rom.cc:155:do_switch$971$rdmux[0][5][19]$b$3176 [1] $memory$flatten\u_core.$auto$proc_rom.cc:155:do_switch$971$rdmux[0][5][19]$b$3176 [1] 1'0 }
    Consolidated identical input bits for $mux cell $memory$flatten\u_core.$auto$proc_rom.cc:155:do_switch$971$rdmux[0][6][40]$3333:
      Old ports: A=0, B=1591192074, Y=$memory$flatten\u_core.$auto$proc_rom.cc:155:do_switch$971$rdmux[0][5][20]$a$3178
      New ports: A=1'0, B=1'1, Y=$memory$flatten\u_core.$auto$proc_rom.cc:155:do_switch$971$rdmux[0][5][20]$a$3178 [1]
      New connections: { $memory$flatten\u_core.$auto$proc_rom.cc:155:do_switch$971$rdmux[0][5][20]$a$3178 [31:2] $memory$flatten\u_core.$auto$proc_rom.cc:155:do_switch$971$rdmux[0][5][20]$a$3178 [0] } = { 1'0 $memory$flatten\u_core.$auto$proc_rom.cc:155:do_switch$971$rdmux[0][5][20]$a$3178 [1] 1'0 $memory$flatten\u_core.$auto$proc_rom.cc:155:do_switch$971$rdmux[0][5][20]$a$3178 [1] $memory$flatten\u_core.$auto$proc_rom.cc:155:do_switch$971$rdmux[0][5][20]$a$3178 [1] $memory$flatten\u_core.$auto$proc_rom.cc:155:do_switch$971$rdmux[0][5][20]$a$3178 [1] $memory$flatten\u_core.$auto$proc_rom.cc:155:do_switch$971$rdmux[0][5][20]$a$3178 [1] 1'0 $memory$flatten\u_core.$auto$proc_rom.cc:155:do_switch$971$rdmux[0][5][20]$a$3178 [1] $memory$flatten\u_core.$auto$proc_rom.cc:155:do_switch$971$rdmux[0][5][20]$a$3178 [1] 1'0 $memory$flatten\u_core.$auto$proc_rom.cc:155:do_switch$971$rdmux[0][5][20]$a$3178 [1] 1'0 $memory$flatten\u_core.$auto$proc_rom.cc:155:do_switch$971$rdmux[0][5][20]$a$3178 [1] $memory$flatten\u_core.$auto$proc_rom.cc:155:do_switch$971$rdmux[0][5][20]$a$3178 [1] $memory$flatten\u_core.$auto$proc_rom.cc:155:do_switch$971$rdmux[0][5][20]$a$3178 [1] $memory$flatten\u_core.$auto$proc_rom.cc:155:do_switch$971$rdmux[0][5][20]$a$3178 [1] 1'0 $memory$flatten\u_core.$auto$proc_rom.cc:155:do_switch$971$rdmux[0][5][20]$a$3178 [1] 1'0 $memory$flatten\u_core.$auto$proc_rom.cc:155:do_switch$971$rdmux[0][5][20]$a$3178 [1] 1'0 $memory$flatten\u_core.$auto$proc_rom.cc:155:do_switch$971$rdmux[0][5][20]$a$3178 [1] 5'00000 $memory$flatten\u_core.$auto$proc_rom.cc:155:do_switch$971$rdmux[0][5][20]$a$3178 [1] 2'00 }
    Consolidated identical input bits for $mux cell $memory$flatten\u_core.$auto$proc_rom.cc:155:do_switch$971$rdmux[0][6][27]$3294:
      Old ports: A=32'11000011101010011000111100011101, B=0, Y=$memory$flatten\u_core.$auto$proc_rom.cc:155:do_switch$971$rdmux[0][5][13]$b$3158
      New ports: A=1'1, B=1'0, Y=$memory$flatten\u_core.$auto$proc_rom.cc:155:do_switch$971$rdmux[0][5][13]$b$3158 [0]
      New connections: $memory$flatten\u_core.$auto$proc_rom.cc:155:do_switch$971$rdmux[0][5][13]$b$3158 [31:1] = { $memory$flatten\u_core.$auto$proc_rom.cc:155:do_switch$971$rdmux[0][5][13]$b$3158 [0] $memory$flatten\u_core.$auto$proc_rom.cc:155:do_switch$971$rdmux[0][5][13]$b$3158 [0] 4'0000 $memory$flatten\u_core.$auto$proc_rom.cc:155:do_switch$971$rdmux[0][5][13]$b$3158 [0] $memory$flatten\u_core.$auto$proc_rom.cc:155:do_switch$971$rdmux[0][5][13]$b$3158 [0] $memory$flatten\u_core.$auto$proc_rom.cc:155:do_switch$971$rdmux[0][5][13]$b$3158 [0] 1'0 $memory$flatten\u_core.$auto$proc_rom.cc:155:do_switch$971$rdmux[0][5][13]$b$3158 [0] 1'0 $memory$flatten\u_core.$auto$proc_rom.cc:155:do_switch$971$rdmux[0][5][13]$b$3158 [0] 2'00 $memory$flatten\u_core.$auto$proc_rom.cc:155:do_switch$971$rdmux[0][5][13]$b$3158 [0] $memory$flatten\u_core.$auto$proc_rom.cc:155:do_switch$971$rdmux[0][5][13]$b$3158 [0] 3'000 $memory$flatten\u_core.$auto$proc_rom.cc:155:do_switch$971$rdmux[0][5][13]$b$3158 [0] $memory$flatten\u_core.$auto$proc_rom.cc:155:do_switch$971$rdmux[0][5][13]$b$3158 [0] $memory$flatten\u_core.$auto$proc_rom.cc:155:do_switch$971$rdmux[0][5][13]$b$3158 [0] $memory$flatten\u_core.$auto$proc_rom.cc:155:do_switch$971$rdmux[0][5][13]$b$3158 [0] 3'000 $memory$flatten\u_core.$auto$proc_rom.cc:155:do_switch$971$rdmux[0][5][13]$b$3158 [0] $memory$flatten\u_core.$auto$proc_rom.cc:155:do_switch$971$rdmux[0][5][13]$b$3158 [0] $memory$flatten\u_core.$auto$proc_rom.cc:155:do_switch$971$rdmux[0][5][13]$b$3158 [0] 1'0 }
    Consolidated identical input bits for $mux cell $memory$flatten\u_core.$auto$proc_rom.cc:155:do_switch$971$rdmux[0][6][36]$3321:
      Old ports: A=821856702, B=0, Y=$memory$flatten\u_core.$auto$proc_rom.cc:155:do_switch$971$rdmux[0][5][18]$a$3172
      New ports: A=1'1, B=1'0, Y=$memory$flatten\u_core.$auto$proc_rom.cc:155:do_switch$971$rdmux[0][5][18]$a$3172 [1]
      New connections: { $memory$flatten\u_core.$auto$proc_rom.cc:155:do_switch$971$rdmux[0][5][18]$a$3172 [31:2] $memory$flatten\u_core.$auto$proc_rom.cc:155:do_switch$971$rdmux[0][5][18]$a$3172 [0] } = { 2'00 $memory$flatten\u_core.$auto$proc_rom.cc:155:do_switch$971$rdmux[0][5][18]$a$3172 [1] $memory$flatten\u_core.$auto$proc_rom.cc:155:do_switch$971$rdmux[0][5][18]$a$3172 [1] 4'0000 $memory$flatten\u_core.$auto$proc_rom.cc:155:do_switch$971$rdmux[0][5][18]$a$3172 [1] $memory$flatten\u_core.$auto$proc_rom.cc:155:do_switch$971$rdmux[0][5][18]$a$3172 [1] $memory$flatten\u_core.$auto$proc_rom.cc:155:do_switch$971$rdmux[0][5][18]$a$3172 [1] $memory$flatten\u_core.$auto$proc_rom.cc:155:do_switch$971$rdmux[0][5][18]$a$3172 [1] $memory$flatten\u_core.$auto$proc_rom.cc:155:do_switch$971$rdmux[0][5][18]$a$3172 [1] $memory$flatten\u_core.$auto$proc_rom.cc:155:do_switch$971$rdmux[0][5][18]$a$3172 [1] 2'00 $memory$flatten\u_core.$auto$proc_rom.cc:155:do_switch$971$rdmux[0][5][18]$a$3172 [1] 3'000 $memory$flatten\u_core.$auto$proc_rom.cc:155:do_switch$971$rdmux[0][5][18]$a$3172 [1] 2'00 $memory$flatten\u_core.$auto$proc_rom.cc:155:do_switch$971$rdmux[0][5][18]$a$3172 [1] $memory$flatten\u_core.$auto$proc_rom.cc:155:do_switch$971$rdmux[0][5][18]$a$3172 [1] 1'0 $memory$flatten\u_core.$auto$proc_rom.cc:155:do_switch$971$rdmux[0][5][18]$a$3172 [1] $memory$flatten\u_core.$auto$proc_rom.cc:155:do_switch$971$rdmux[0][5][18]$a$3172 [1] $memory$flatten\u_core.$auto$proc_rom.cc:155:do_switch$971$rdmux[0][5][18]$a$3172 [1] $memory$flatten\u_core.$auto$proc_rom.cc:155:do_switch$971$rdmux[0][5][18]$a$3172 [1] 1'0 }
    Consolidated identical input bits for $mux cell $memory$flatten\u_core.$auto$proc_rom.cc:155:do_switch$971$rdmux[0][6][33]$3312:
      Old ports: A=210534558, B=0, Y=$memory$flatten\u_core.$auto$proc_rom.cc:155:do_switch$971$rdmux[0][5][16]$b$3167
      New ports: A=1'1, B=1'0, Y=$memory$flatten\u_core.$auto$proc_rom.cc:155:do_switch$971$rdmux[0][5][16]$b$3167 [1]
      New connections: { $memory$flatten\u_core.$auto$proc_rom.cc:155:do_switch$971$rdmux[0][5][16]$b$3167 [31:2] $memory$flatten\u_core.$auto$proc_rom.cc:155:do_switch$971$rdmux[0][5][16]$b$3167 [0] } = { 4'0000 $memory$flatten\u_core.$auto$proc_rom.cc:155:do_switch$971$rdmux[0][5][16]$b$3167 [1] $memory$flatten\u_core.$auto$proc_rom.cc:155:do_switch$971$rdmux[0][5][16]$b$3167 [1] 2'00 $memory$flatten\u_core.$auto$proc_rom.cc:155:do_switch$971$rdmux[0][5][16]$b$3167 [1] 3'000 $memory$flatten\u_core.$auto$proc_rom.cc:155:do_switch$971$rdmux[0][5][16]$b$3167 [1] $memory$flatten\u_core.$auto$proc_rom.cc:155:do_switch$971$rdmux[0][5][16]$b$3167 [1] 2'00 $memory$flatten\u_core.$auto$proc_rom.cc:155:do_switch$971$rdmux[0][5][16]$b$3167 [1] 7'0000000 $memory$flatten\u_core.$auto$proc_rom.cc:155:do_switch$971$rdmux[0][5][16]$b$3167 [1] 2'00 $memory$flatten\u_core.$auto$proc_rom.cc:155:do_switch$971$rdmux[0][5][16]$b$3167 [1] $memory$flatten\u_core.$auto$proc_rom.cc:155:do_switch$971$rdmux[0][5][16]$b$3167 [1] $memory$flatten\u_core.$auto$proc_rom.cc:155:do_switch$971$rdmux[0][5][16]$b$3167 [1] 1'0 }
    Consolidated identical input bits for $mux cell $memory$flatten\u_core.$auto$proc_rom.cc:155:do_switch$971$rdmux[0][6][26]$3291:
      Old ports: A=32'10111000111000111001010110010010, B=0, Y=$memory$flatten\u_core.$auto$proc_rom.cc:155:do_switch$971$rdmux[0][5][13]$a$3157
      New ports: A=1'1, B=1'0, Y=$memory$flatten\u_core.$auto$proc_rom.cc:155:do_switch$971$rdmux[0][5][13]$a$3157 [1]
      New connections: { $memory$flatten\u_core.$auto$proc_rom.cc:155:do_switch$971$rdmux[0][5][13]$a$3157 [31:2] $memory$flatten\u_core.$auto$proc_rom.cc:155:do_switch$971$rdmux[0][5][13]$a$3157 [0] } = { $memory$flatten\u_core.$auto$proc_rom.cc:155:do_switch$971$rdmux[0][5][13]$a$3157 [1] 1'0 $memory$flatten\u_core.$auto$proc_rom.cc:155:do_switch$971$rdmux[0][5][13]$a$3157 [1] $memory$flatten\u_core.$auto$proc_rom.cc:155:do_switch$971$rdmux[0][5][13]$a$3157 [1] $memory$flatten\u_core.$auto$proc_rom.cc:155:do_switch$971$rdmux[0][5][13]$a$3157 [1] 3'000 $memory$flatten\u_core.$auto$proc_rom.cc:155:do_switch$971$rdmux[0][5][13]$a$3157 [1] $memory$flatten\u_core.$auto$proc_rom.cc:155:do_switch$971$rdmux[0][5][13]$a$3157 [1] $memory$flatten\u_core.$auto$proc_rom.cc:155:do_switch$971$rdmux[0][5][13]$a$3157 [1] 3'000 $memory$flatten\u_core.$auto$proc_rom.cc:155:do_switch$971$rdmux[0][5][13]$a$3157 [1] $memory$flatten\u_core.$auto$proc_rom.cc:155:do_switch$971$rdmux[0][5][13]$a$3157 [1] $memory$flatten\u_core.$auto$proc_rom.cc:155:do_switch$971$rdmux[0][5][13]$a$3157 [1] 2'00 $memory$flatten\u_core.$auto$proc_rom.cc:155:do_switch$971$rdmux[0][5][13]$a$3157 [1] 1'0 $memory$flatten\u_core.$auto$proc_rom.cc:155:do_switch$971$rdmux[0][5][13]$a$3157 [1] 1'0 $memory$flatten\u_core.$auto$proc_rom.cc:155:do_switch$971$rdmux[0][5][13]$a$3157 [1] $memory$flatten\u_core.$auto$proc_rom.cc:155:do_switch$971$rdmux[0][5][13]$a$3157 [1] 2'00 $memory$flatten\u_core.$auto$proc_rom.cc:155:do_switch$971$rdmux[0][5][13]$a$3157 [1] 3'000 }
    Consolidated identical input bits for $mux cell $memory$flatten\u_core.$auto$proc_rom.cc:155:do_switch$971$rdmux[0][6][11]$3246:
      Old ports: A=32'10001111000111010011110001010111, B=32'10001100010010100011011010111010, Y=$memory$flatten\u_core.$auto$proc_rom.cc:155:do_switch$971$rdmux[0][5][5]$b$3134
      New ports: A=2'01, B=2'10, Y={ $memory$flatten\u_core.$auto$proc_rom.cc:155:do_switch$971$rdmux[0][5][5]$b$3134 [3] $memory$flatten\u_core.$auto$proc_rom.cc:155:do_switch$971$rdmux[0][5][5]$b$3134 [0] }
      New connections: { $memory$flatten\u_core.$auto$proc_rom.cc:155:do_switch$971$rdmux[0][5][5]$b$3134 [31:4] $memory$flatten\u_core.$auto$proc_rom.cc:155:do_switch$971$rdmux[0][5][5]$b$3134 [2:1] } = { 6'100011 $memory$flatten\u_core.$auto$proc_rom.cc:155:do_switch$971$rdmux[0][5][5]$b$3134 [0] $memory$flatten\u_core.$auto$proc_rom.cc:155:do_switch$971$rdmux[0][5][5]$b$3134 [0] 1'0 $memory$flatten\u_core.$auto$proc_rom.cc:155:do_switch$971$rdmux[0][5][5]$b$3134 [3] 1'0 $memory$flatten\u_core.$auto$proc_rom.cc:155:do_switch$971$rdmux[0][5][5]$b$3134 [0] 1'1 $memory$flatten\u_core.$auto$proc_rom.cc:155:do_switch$971$rdmux[0][5][5]$b$3134 [0] $memory$flatten\u_core.$auto$proc_rom.cc:155:do_switch$971$rdmux[0][5][5]$b$3134 [3] $memory$flatten\u_core.$auto$proc_rom.cc:155:do_switch$971$rdmux[0][5][5]$b$3134 [0] 4'0011 $memory$flatten\u_core.$auto$proc_rom.cc:155:do_switch$971$rdmux[0][5][5]$b$3134 [0] 1'1 $memory$flatten\u_core.$auto$proc_rom.cc:155:do_switch$971$rdmux[0][5][5]$b$3134 [3] 1'0 $memory$flatten\u_core.$auto$proc_rom.cc:155:do_switch$971$rdmux[0][5][5]$b$3134 [3] $memory$flatten\u_core.$auto$proc_rom.cc:155:do_switch$971$rdmux[0][5][5]$b$3134 [0] $memory$flatten\u_core.$auto$proc_rom.cc:155:do_switch$971$rdmux[0][5][5]$b$3134 [3] 1'1 $memory$flatten\u_core.$auto$proc_rom.cc:155:do_switch$971$rdmux[0][5][5]$b$3134 [0] 1'1 }
    Consolidated identical input bits for $mux cell $memory$flatten\u_core.$auto$proc_rom.cc:155:do_switch$971$rdmux[0][6][10]$3243:
      Old ports: A=32'10010101100100100100011100011101, B=32'10010010001101100100000111001110, Y=$memory$flatten\u_core.$auto$proc_rom.cc:155:do_switch$971$rdmux[0][5][5]$a$3133
      New ports: A=2'01, B=2'10, Y=$memory$flatten\u_core.$auto$proc_rom.cc:155:do_switch$971$rdmux[0][5][5]$a$3133 [1:0]
      New connections: $memory$flatten\u_core.$auto$proc_rom.cc:155:do_switch$971$rdmux[0][5][5]$a$3133 [31:2] = { 5'10010 $memory$flatten\u_core.$auto$proc_rom.cc:155:do_switch$971$rdmux[0][5][5]$a$3133 [0] $memory$flatten\u_core.$auto$proc_rom.cc:155:do_switch$971$rdmux[0][5][5]$a$3133 [1:0] $memory$flatten\u_core.$auto$proc_rom.cc:155:do_switch$971$rdmux[0][5][5]$a$3133 [0] 1'0 $memory$flatten\u_core.$auto$proc_rom.cc:155:do_switch$971$rdmux[0][5][5]$a$3133 [1] 2'10 $memory$flatten\u_core.$auto$proc_rom.cc:155:do_switch$971$rdmux[0][5][5]$a$3133 [1] 7'1001000 $memory$flatten\u_core.$auto$proc_rom.cc:155:do_switch$971$rdmux[0][5][5]$a$3133 [0] $memory$flatten\u_core.$auto$proc_rom.cc:155:do_switch$971$rdmux[0][5][5]$a$3133 [0] 1'1 $memory$flatten\u_core.$auto$proc_rom.cc:155:do_switch$971$rdmux[0][5][5]$a$3133 [1] $memory$flatten\u_core.$auto$proc_rom.cc:155:do_switch$971$rdmux[0][5][5]$a$3133 [1] 1'0 $memory$flatten\u_core.$auto$proc_rom.cc:155:do_switch$971$rdmux[0][5][5]$a$3133 [0] 2'11 }
    Consolidated identical input bits for $mux cell $memory$flatten\u_core.$auto$proc_rom.cc:155:do_switch$971$rdmux[0][6][8]$3237:
      Old ports: A=32'10100101011111100101101010000010, B=32'10100001001010010101010111110110, Y=$memory$flatten\u_core.$auto$proc_rom.cc:155:do_switch$971$rdmux[0][5][4]$a$3130
      New ports: A=2'10, B=2'01, Y={ $memory$flatten\u_core.$auto$proc_rom.cc:155:do_switch$971$rdmux[0][5][4]$a$3130 [9] $memory$flatten\u_core.$auto$proc_rom.cc:155:do_switch$971$rdmux[0][5][4]$a$3130 [2] }
      New connections: { $memory$flatten\u_core.$auto$proc_rom.cc:155:do_switch$971$rdmux[0][5][4]$a$3130 [31:10] $memory$flatten\u_core.$auto$proc_rom.cc:155:do_switch$971$rdmux[0][5][4]$a$3130 [8:3] $memory$flatten\u_core.$auto$proc_rom.cc:155:do_switch$971$rdmux[0][5][4]$a$3130 [1:0] } = { 5'10100 $memory$flatten\u_core.$auto$proc_rom.cc:155:do_switch$971$rdmux[0][5][4]$a$3130 [9] 3'010 $memory$flatten\u_core.$auto$proc_rom.cc:155:do_switch$971$rdmux[0][5][4]$a$3130 [9] 1'1 $memory$flatten\u_core.$auto$proc_rom.cc:155:do_switch$971$rdmux[0][5][4]$a$3130 [9] 1'1 $memory$flatten\u_core.$auto$proc_rom.cc:155:do_switch$971$rdmux[0][5][4]$a$3130 [9] $memory$flatten\u_core.$auto$proc_rom.cc:155:do_switch$971$rdmux[0][5][4]$a$3130 [9] $memory$flatten\u_core.$auto$proc_rom.cc:155:do_switch$971$rdmux[0][5][4]$a$3130 [2] 4'0101 $memory$flatten\u_core.$auto$proc_rom.cc:155:do_switch$971$rdmux[0][5][4]$a$3130 [9] $memory$flatten\u_core.$auto$proc_rom.cc:155:do_switch$971$rdmux[0][5][4]$a$3130 [2] $memory$flatten\u_core.$auto$proc_rom.cc:155:do_switch$971$rdmux[0][5][4]$a$3130 [2] 1'1 $memory$flatten\u_core.$auto$proc_rom.cc:155:do_switch$971$rdmux[0][5][4]$a$3130 [2] $memory$flatten\u_core.$auto$proc_rom.cc:155:do_switch$971$rdmux[0][5][4]$a$3130 [2] $memory$flatten\u_core.$auto$proc_rom.cc:155:do_switch$971$rdmux[0][5][4]$a$3130 [2] 3'010 }
    Consolidated identical input bits for $mux cell $memory$flatten\u_core.$auto$proc_rom.cc:155:do_switch$971$rdmux[0][6][7]$3234:
      Old ports: A=32'10101110110011000110001011110010, B=32'10101010000010100101111011010111, Y=$memory$flatten\u_core.$auto$proc_rom.cc:155:do_switch$971$rdmux[0][5][3]$b$3128
      New ports: A=2'10, B=2'01, Y={ $memory$flatten\u_core.$auto$proc_rom.cc:155:do_switch$971$rdmux[0][5][3]$b$3128 [5] $memory$flatten\u_core.$auto$proc_rom.cc:155:do_switch$971$rdmux[0][5][3]$b$3128 [0] }
      New connections: { $memory$flatten\u_core.$auto$proc_rom.cc:155:do_switch$971$rdmux[0][5][3]$b$3128 [31:6] $memory$flatten\u_core.$auto$proc_rom.cc:155:do_switch$971$rdmux[0][5][3]$b$3128 [4:1] } = { 5'10101 $memory$flatten\u_core.$auto$proc_rom.cc:155:do_switch$971$rdmux[0][5][3]$b$3128 [5] 2'10 $memory$flatten\u_core.$auto$proc_rom.cc:155:do_switch$971$rdmux[0][5][3]$b$3128 [5] $memory$flatten\u_core.$auto$proc_rom.cc:155:do_switch$971$rdmux[0][5][3]$b$3128 [5] 3'001 $memory$flatten\u_core.$auto$proc_rom.cc:155:do_switch$971$rdmux[0][5][3]$b$3128 [5] $memory$flatten\u_core.$auto$proc_rom.cc:155:do_switch$971$rdmux[0][5][3]$b$3128 [0] 3'001 $memory$flatten\u_core.$auto$proc_rom.cc:155:do_switch$971$rdmux[0][5][3]$b$3128 [5] $memory$flatten\u_core.$auto$proc_rom.cc:155:do_switch$971$rdmux[0][5][3]$b$3128 [0] $memory$flatten\u_core.$auto$proc_rom.cc:155:do_switch$971$rdmux[0][5][3]$b$3128 [0] $memory$flatten\u_core.$auto$proc_rom.cc:155:do_switch$971$rdmux[0][5][3]$b$3128 [0] 6'101110 $memory$flatten\u_core.$auto$proc_rom.cc:155:do_switch$971$rdmux[0][5][3]$b$3128 [0] 1'1 }
    Consolidated identical input bits for $mux cell $memory$flatten\u_core.$auto$proc_rom.cc:155:do_switch$971$rdmux[0][6][4]$3225:
      Old ports: A=32'11001111000001000111011001000010, B=32'11001001010001100111001110110110, Y=$memory$flatten\u_core.$auto$proc_rom.cc:155:do_switch$971$rdmux[0][5][2]$a$3124
      New ports: A=2'10, B=2'01, Y={ $memory$flatten\u_core.$auto$proc_rom.cc:155:do_switch$971$rdmux[0][5][2]$a$3124 [6] $memory$flatten\u_core.$auto$proc_rom.cc:155:do_switch$971$rdmux[0][5][2]$a$3124 [2] }
      New connections: { $memory$flatten\u_core.$auto$proc_rom.cc:155:do_switch$971$rdmux[0][5][2]$a$3124 [31:7] $memory$flatten\u_core.$auto$proc_rom.cc:155:do_switch$971$rdmux[0][5][2]$a$3124 [5:3] $memory$flatten\u_core.$auto$proc_rom.cc:155:do_switch$971$rdmux[0][5][2]$a$3124 [1:0] } = { 5'11001 $memory$flatten\u_core.$auto$proc_rom.cc:155:do_switch$971$rdmux[0][5][2]$a$3124 [6] $memory$flatten\u_core.$auto$proc_rom.cc:155:do_switch$971$rdmux[0][5][2]$a$3124 [6] 2'10 $memory$flatten\u_core.$auto$proc_rom.cc:155:do_switch$971$rdmux[0][5][2]$a$3124 [2] 4'0001 $memory$flatten\u_core.$auto$proc_rom.cc:155:do_switch$971$rdmux[0][5][2]$a$3124 [2] 6'001110 $memory$flatten\u_core.$auto$proc_rom.cc:155:do_switch$971$rdmux[0][5][2]$a$3124 [6] 1'1 $memory$flatten\u_core.$auto$proc_rom.cc:155:do_switch$971$rdmux[0][5][2]$a$3124 [2] $memory$flatten\u_core.$auto$proc_rom.cc:155:do_switch$971$rdmux[0][5][2]$a$3124 [2] $memory$flatten\u_core.$auto$proc_rom.cc:155:do_switch$971$rdmux[0][5][2]$a$3124 [2] $memory$flatten\u_core.$auto$proc_rom.cc:155:do_switch$971$rdmux[0][5][2]$a$3124 [2] 3'010 }
    Consolidated identical input bits for $mux cell $memory$flatten\u_core.$auto$proc_rom.cc:155:do_switch$971$rdmux[0][6][3]$3222:
      Old ports: A=32'11011010110110000111101001111101, B=32'11010100111000010111100010000101, Y=$memory$flatten\u_core.$auto$proc_rom.cc:155:do_switch$971$rdmux[0][5][1]$b$3122
      New ports: A=2'01, B=2'10, Y={ $memory$flatten\u_core.$auto$proc_rom.cc:155:do_switch$971$rdmux[0][5][1]$b$3122 [7] $memory$flatten\u_core.$auto$proc_rom.cc:155:do_switch$971$rdmux[0][5][1]$b$3122 [3] }
      New connections: { $memory$flatten\u_core.$auto$proc_rom.cc:155:do_switch$971$rdmux[0][5][1]$b$3122 [31:8] $memory$flatten\u_core.$auto$proc_rom.cc:155:do_switch$971$rdmux[0][5][1]$b$3122 [6:4] $memory$flatten\u_core.$auto$proc_rom.cc:155:do_switch$971$rdmux[0][5][1]$b$3122 [2:0] } = { 4'1101 $memory$flatten\u_core.$auto$proc_rom.cc:155:do_switch$971$rdmux[0][5][1]$b$3122 [3] $memory$flatten\u_core.$auto$proc_rom.cc:155:do_switch$971$rdmux[0][5][1]$b$3122 [7] $memory$flatten\u_core.$auto$proc_rom.cc:155:do_switch$971$rdmux[0][5][1]$b$3122 [3] 3'011 $memory$flatten\u_core.$auto$proc_rom.cc:155:do_switch$971$rdmux[0][5][1]$b$3122 [7] $memory$flatten\u_core.$auto$proc_rom.cc:155:do_switch$971$rdmux[0][5][1]$b$3122 [3] $memory$flatten\u_core.$auto$proc_rom.cc:155:do_switch$971$rdmux[0][5][1]$b$3122 [3] 2'00 $memory$flatten\u_core.$auto$proc_rom.cc:155:do_switch$971$rdmux[0][5][1]$b$3122 [7] 6'011110 $memory$flatten\u_core.$auto$proc_rom.cc:155:do_switch$971$rdmux[0][5][1]$b$3122 [3] 1'0 $memory$flatten\u_core.$auto$proc_rom.cc:155:do_switch$971$rdmux[0][5][1]$b$3122 [3] $memory$flatten\u_core.$auto$proc_rom.cc:155:do_switch$971$rdmux[0][5][1]$b$3122 [3] $memory$flatten\u_core.$auto$proc_rom.cc:155:do_switch$971$rdmux[0][5][1]$b$3122 [3] 3'101 }
    Consolidated identical input bits for $mux cell $memory$flatten\u_core.$auto$proc_rom.cc:155:do_switch$971$rdmux[0][6][1]$3216:
      Old ports: A=32'11110011011101000111111101100010, B=32'11101101001110000111111010011101, Y=$memory$flatten\u_core.$auto$proc_rom.cc:155:do_switch$971$rdmux[0][5][0]$b$3119
      New ports: A=2'10, B=2'01, Y=$memory$flatten\u_core.$auto$proc_rom.cc:155:do_switch$971$rdmux[0][5][0]$b$3119 [1:0]
      New connections: $memory$flatten\u_core.$auto$proc_rom.cc:155:do_switch$971$rdmux[0][5][0]$b$3119 [31:2] = { 3'111 $memory$flatten\u_core.$auto$proc_rom.cc:155:do_switch$971$rdmux[0][5][0]$b$3119 [1:0] $memory$flatten\u_core.$auto$proc_rom.cc:155:do_switch$971$rdmux[0][5][0]$b$3119 [0] $memory$flatten\u_core.$auto$proc_rom.cc:155:do_switch$971$rdmux[0][5][0]$b$3119 [1] 2'10 $memory$flatten\u_core.$auto$proc_rom.cc:155:do_switch$971$rdmux[0][5][0]$b$3119 [1] 2'11 $memory$flatten\u_core.$auto$proc_rom.cc:155:do_switch$971$rdmux[0][5][0]$b$3119 [0] $memory$flatten\u_core.$auto$proc_rom.cc:155:do_switch$971$rdmux[0][5][0]$b$3119 [1] 9'000111111 $memory$flatten\u_core.$auto$proc_rom.cc:155:do_switch$971$rdmux[0][5][0]$b$3119 [1:0] $memory$flatten\u_core.$auto$proc_rom.cc:155:do_switch$971$rdmux[0][5][0]$b$3119 [1] $memory$flatten\u_core.$auto$proc_rom.cc:155:do_switch$971$rdmux[0][5][0]$b$3119 [1:0] $memory$flatten\u_core.$auto$proc_rom.cc:155:do_switch$971$rdmux[0][5][0]$b$3119 [0] $memory$flatten\u_core.$auto$proc_rom.cc:155:do_switch$971$rdmux[0][5][0]$b$3119 [0] }
    Consolidated identical input bits for $mux cell $memory$flatten\u_core.$auto$proc_rom.cc:155:do_switch$971$rdmux[0][6][0]$3213:
      Old ports: A=0, B=32'11111001101110000111111111011001, Y=$memory$flatten\u_core.$auto$proc_rom.cc:155:do_switch$971$rdmux[0][5][0]$a$3118
      New ports: A=1'0, B=1'1, Y=$memory$flatten\u_core.$auto$proc_rom.cc:155:do_switch$971$rdmux[0][5][0]$a$3118 [0]
      New connections: $memory$flatten\u_core.$auto$proc_rom.cc:155:do_switch$971$rdmux[0][5][0]$a$3118 [31:1] = { $memory$flatten\u_core.$auto$proc_rom.cc:155:do_switch$971$rdmux[0][5][0]$a$3118 [0] $memory$flatten\u_core.$auto$proc_rom.cc:155:do_switch$971$rdmux[0][5][0]$a$3118 [0] $memory$flatten\u_core.$auto$proc_rom.cc:155:do_switch$971$rdmux[0][5][0]$a$3118 [0] $memory$flatten\u_core.$auto$proc_rom.cc:155:do_switch$971$rdmux[0][5][0]$a$3118 [0] $memory$flatten\u_core.$auto$proc_rom.cc:155:do_switch$971$rdmux[0][5][0]$a$3118 [0] 2'00 $memory$flatten\u_core.$auto$proc_rom.cc:155:do_switch$971$rdmux[0][5][0]$a$3118 [0] $memory$flatten\u_core.$auto$proc_rom.cc:155:do_switch$971$rdmux[0][5][0]$a$3118 [0] 1'0 $memory$flatten\u_core.$auto$proc_rom.cc:155:do_switch$971$rdmux[0][5][0]$a$3118 [0] $memory$flatten\u_core.$auto$proc_rom.cc:155:do_switch$971$rdmux[0][5][0]$a$3118 [0] $memory$flatten\u_core.$auto$proc_rom.cc:155:do_switch$971$rdmux[0][5][0]$a$3118 [0] 4'0000 $memory$flatten\u_core.$auto$proc_rom.cc:155:do_switch$971$rdmux[0][5][0]$a$3118 [0] $memory$flatten\u_core.$auto$proc_rom.cc:155:do_switch$971$rdmux[0][5][0]$a$3118 [0] $memory$flatten\u_core.$auto$proc_rom.cc:155:do_switch$971$rdmux[0][5][0]$a$3118 [0] $memory$flatten\u_core.$auto$proc_rom.cc:155:do_switch$971$rdmux[0][5][0]$a$3118 [0] $memory$flatten\u_core.$auto$proc_rom.cc:155:do_switch$971$rdmux[0][5][0]$a$3118 [0] $memory$flatten\u_core.$auto$proc_rom.cc:155:do_switch$971$rdmux[0][5][0]$a$3118 [0] $memory$flatten\u_core.$auto$proc_rom.cc:155:do_switch$971$rdmux[0][5][0]$a$3118 [0] $memory$flatten\u_core.$auto$proc_rom.cc:155:do_switch$971$rdmux[0][5][0]$a$3118 [0] $memory$flatten\u_core.$auto$proc_rom.cc:155:do_switch$971$rdmux[0][5][0]$a$3118 [0] 1'0 $memory$flatten\u_core.$auto$proc_rom.cc:155:do_switch$971$rdmux[0][5][0]$a$3118 [0] $memory$flatten\u_core.$auto$proc_rom.cc:155:do_switch$971$rdmux[0][5][0]$a$3118 [0] 2'00 }
    Consolidated identical input bits for $mux cell $memory$flatten\u_core.$auto$proc_rom.cc:155:do_switch$971$rdmux[0][6][14]$3255:
      Old ports: A=32'10000010011101100001100011111001, B=32'10000001011000110001001011001000, Y=$memory$flatten\u_core.$auto$proc_rom.cc:155:do_switch$971$rdmux[0][5][7]$a$3139
      New ports: A=2'01, B=2'10, Y={ $memory$flatten\u_core.$auto$proc_rom.cc:155:do_switch$971$rdmux[0][5][7]$a$3139 [9] $memory$flatten\u_core.$auto$proc_rom.cc:155:do_switch$971$rdmux[0][5][7]$a$3139 [0] }
      New connections: { $memory$flatten\u_core.$auto$proc_rom.cc:155:do_switch$971$rdmux[0][5][7]$a$3139 [31:10] $memory$flatten\u_core.$auto$proc_rom.cc:155:do_switch$971$rdmux[0][5][7]$a$3139 [8:1] } = { 6'100000 $memory$flatten\u_core.$auto$proc_rom.cc:155:do_switch$971$rdmux[0][5][7]$a$3139 [0] $memory$flatten\u_core.$auto$proc_rom.cc:155:do_switch$971$rdmux[0][5][7]$a$3139 [9] 3'011 $memory$flatten\u_core.$auto$proc_rom.cc:155:do_switch$971$rdmux[0][5][7]$a$3139 [0] 1'0 $memory$flatten\u_core.$auto$proc_rom.cc:155:do_switch$971$rdmux[0][5][7]$a$3139 [0] 1'1 $memory$flatten\u_core.$auto$proc_rom.cc:155:do_switch$971$rdmux[0][5][7]$a$3139 [9] 4'0001 $memory$flatten\u_core.$auto$proc_rom.cc:155:do_switch$971$rdmux[0][5][7]$a$3139 [0] 4'0011 $memory$flatten\u_core.$auto$proc_rom.cc:155:do_switch$971$rdmux[0][5][7]$a$3139 [0] $memory$flatten\u_core.$auto$proc_rom.cc:155:do_switch$971$rdmux[0][5][7]$a$3139 [0] 3'100 }
    Consolidated identical input bits for $mux cell $memory$flatten\u_core.$auto$proc_rom.cc:155:do_switch$967$rdmux[0][6][39]$2949:
      Old ports: A=1362402574, B=0, Y=$memory$flatten\u_core.$auto$proc_rom.cc:155:do_switch$967$rdmux[0][5][19]$b$2795
      New ports: A=1'1, B=1'0, Y=$memory$flatten\u_core.$auto$proc_rom.cc:155:do_switch$967$rdmux[0][5][19]$b$2795 [1]
      New connections: { $memory$flatten\u_core.$auto$proc_rom.cc:155:do_switch$967$rdmux[0][5][19]$b$2795 [31:2] $memory$flatten\u_core.$auto$proc_rom.cc:155:do_switch$967$rdmux[0][5][19]$b$2795 [0] } = { 1'0 $memory$flatten\u_core.$auto$proc_rom.cc:155:do_switch$967$rdmux[0][5][19]$b$2795 [1] 1'0 $memory$flatten\u_core.$auto$proc_rom.cc:155:do_switch$967$rdmux[0][5][19]$b$2795 [1] 3'000 $memory$flatten\u_core.$auto$proc_rom.cc:155:do_switch$967$rdmux[0][5][19]$b$2795 [1] 2'00 $memory$flatten\u_core.$auto$proc_rom.cc:155:do_switch$967$rdmux[0][5][19]$b$2795 [1] $memory$flatten\u_core.$auto$proc_rom.cc:155:do_switch$967$rdmux[0][5][19]$b$2795 [1] 1'0 $memory$flatten\u_core.$auto$proc_rom.cc:155:do_switch$967$rdmux[0][5][19]$b$2795 [1] 2'00 $memory$flatten\u_core.$auto$proc_rom.cc:155:do_switch$967$rdmux[0][5][19]$b$2795 [1] 2'00 $memory$flatten\u_core.$auto$proc_rom.cc:155:do_switch$967$rdmux[0][5][19]$b$2795 [1] $memory$flatten\u_core.$auto$proc_rom.cc:155:do_switch$967$rdmux[0][5][19]$b$2795 [1] $memory$flatten\u_core.$auto$proc_rom.cc:155:do_switch$967$rdmux[0][5][19]$b$2795 [1] 1'0 $memory$flatten\u_core.$auto$proc_rom.cc:155:do_switch$967$rdmux[0][5][19]$b$2795 [1] 4'0000 $memory$flatten\u_core.$auto$proc_rom.cc:155:do_switch$967$rdmux[0][5][19]$b$2795 [1] $memory$flatten\u_core.$auto$proc_rom.cc:155:do_switch$967$rdmux[0][5][19]$b$2795 [1] 1'0 }
    Consolidated identical input bits for $mux cell $memory$flatten\u_core.$auto$proc_rom.cc:155:do_switch$967$rdmux[0][6][33]$2931:
      Old ports: A=210534558, B=0, Y=$memory$flatten\u_core.$auto$proc_rom.cc:155:do_switch$967$rdmux[0][5][16]$b$2786
      New ports: A=1'1, B=1'0, Y=$memory$flatten\u_core.$auto$proc_rom.cc:155:do_switch$967$rdmux[0][5][16]$b$2786 [1]
      New connections: { $memory$flatten\u_core.$auto$proc_rom.cc:155:do_switch$967$rdmux[0][5][16]$b$2786 [31:2] $memory$flatten\u_core.$auto$proc_rom.cc:155:do_switch$967$rdmux[0][5][16]$b$2786 [0] } = { 4'0000 $memory$flatten\u_core.$auto$proc_rom.cc:155:do_switch$967$rdmux[0][5][16]$b$2786 [1] $memory$flatten\u_core.$auto$proc_rom.cc:155:do_switch$967$rdmux[0][5][16]$b$2786 [1] 2'00 $memory$flatten\u_core.$auto$proc_rom.cc:155:do_switch$967$rdmux[0][5][16]$b$2786 [1] 3'000 $memory$flatten\u_core.$auto$proc_rom.cc:155:do_switch$967$rdmux[0][5][16]$b$2786 [1] $memory$flatten\u_core.$auto$proc_rom.cc:155:do_switch$967$rdmux[0][5][16]$b$2786 [1] 2'00 $memory$flatten\u_core.$auto$proc_rom.cc:155:do_switch$967$rdmux[0][5][16]$b$2786 [1] 7'0000000 $memory$flatten\u_core.$auto$proc_rom.cc:155:do_switch$967$rdmux[0][5][16]$b$2786 [1] 2'00 $memory$flatten\u_core.$auto$proc_rom.cc:155:do_switch$967$rdmux[0][5][16]$b$2786 [1] $memory$flatten\u_core.$auto$proc_rom.cc:155:do_switch$967$rdmux[0][5][16]$b$2786 [1] $memory$flatten\u_core.$auto$proc_rom.cc:155:do_switch$967$rdmux[0][5][16]$b$2786 [1] 1'0 }
    Consolidated identical input bits for $mux cell $memory$flatten\u_core.$auto$proc_rom.cc:155:do_switch$967$rdmux[0][6][24]$2904:
      Old ports: A=32'10100101011111101010010101111110, B=0, Y=$memory$flatten\u_core.$auto$proc_rom.cc:155:do_switch$967$rdmux[0][5][12]$a$2773
      New ports: A=1'1, B=1'0, Y=$memory$flatten\u_core.$auto$proc_rom.cc:155:do_switch$967$rdmux[0][5][12]$a$2773 [1]
      New connections: { $memory$flatten\u_core.$auto$proc_rom.cc:155:do_switch$967$rdmux[0][5][12]$a$2773 [31:2] $memory$flatten\u_core.$auto$proc_rom.cc:155:do_switch$967$rdmux[0][5][12]$a$2773 [0] } = { $memory$flatten\u_core.$auto$proc_rom.cc:155:do_switch$967$rdmux[0][5][12]$a$2773 [1] 1'0 $memory$flatten\u_core.$auto$proc_rom.cc:155:do_switch$967$rdmux[0][5][12]$a$2773 [1] 2'00 $memory$flatten\u_core.$auto$proc_rom.cc:155:do_switch$967$rdmux[0][5][12]$a$2773 [1] 1'0 $memory$flatten\u_core.$auto$proc_rom.cc:155:do_switch$967$rdmux[0][5][12]$a$2773 [1] 1'0 $memory$flatten\u_core.$auto$proc_rom.cc:155:do_switch$967$rdmux[0][5][12]$a$2773 [1] $memory$flatten\u_core.$auto$proc_rom.cc:155:do_switch$967$rdmux[0][5][12]$a$2773 [1] $memory$flatten\u_core.$auto$proc_rom.cc:155:do_switch$967$rdmux[0][5][12]$a$2773 [1] $memory$flatten\u_core.$auto$proc_rom.cc:155:do_switch$967$rdmux[0][5][12]$a$2773 [1] $memory$flatten\u_core.$auto$proc_rom.cc:155:do_switch$967$rdmux[0][5][12]$a$2773 [1] $memory$flatten\u_core.$auto$proc_rom.cc:155:do_switch$967$rdmux[0][5][12]$a$2773 [1] 1'0 $memory$flatten\u_core.$auto$proc_rom.cc:155:do_switch$967$rdmux[0][5][12]$a$2773 [1] 1'0 $memory$flatten\u_core.$auto$proc_rom.cc:155:do_switch$967$rdmux[0][5][12]$a$2773 [1] 2'00 $memory$flatten\u_core.$auto$proc_rom.cc:155:do_switch$967$rdmux[0][5][12]$a$2773 [1] 1'0 $memory$flatten\u_core.$auto$proc_rom.cc:155:do_switch$967$rdmux[0][5][12]$a$2773 [1] 1'0 $memory$flatten\u_core.$auto$proc_rom.cc:155:do_switch$967$rdmux[0][5][12]$a$2773 [1] $memory$flatten\u_core.$auto$proc_rom.cc:155:do_switch$967$rdmux[0][5][12]$a$2773 [1] $memory$flatten\u_core.$auto$proc_rom.cc:155:do_switch$967$rdmux[0][5][12]$a$2773 [1] $memory$flatten\u_core.$auto$proc_rom.cc:155:do_switch$967$rdmux[0][5][12]$a$2773 [1] $memory$flatten\u_core.$auto$proc_rom.cc:155:do_switch$967$rdmux[0][5][12]$a$2773 [1] 1'0 }
    Consolidated identical input bits for $mux cell $memory$flatten\u_core.$auto$proc_rom.cc:155:do_switch$967$rdmux[0][6][23]$2901:
      Old ports: A=32'10011101000011101010111011001100, B=0, Y=$memory$flatten\u_core.$auto$proc_rom.cc:155:do_switch$967$rdmux[0][5][11]$b$2771
      New ports: A=1'1, B=1'0, Y=$memory$flatten\u_core.$auto$proc_rom.cc:155:do_switch$967$rdmux[0][5][11]$b$2771 [2]
      New connections: { $memory$flatten\u_core.$auto$proc_rom.cc:155:do_switch$967$rdmux[0][5][11]$b$2771 [31:3] $memory$flatten\u_core.$auto$proc_rom.cc:155:do_switch$967$rdmux[0][5][11]$b$2771 [1:0] } = { $memory$flatten\u_core.$auto$proc_rom.cc:155:do_switch$967$rdmux[0][5][11]$b$2771 [2] 2'00 $memory$flatten\u_core.$auto$proc_rom.cc:155:do_switch$967$rdmux[0][5][11]$b$2771 [2] $memory$flatten\u_core.$auto$proc_rom.cc:155:do_switch$967$rdmux[0][5][11]$b$2771 [2] $memory$flatten\u_core.$auto$proc_rom.cc:155:do_switch$967$rdmux[0][5][11]$b$2771 [2] 1'0 $memory$flatten\u_core.$auto$proc_rom.cc:155:do_switch$967$rdmux[0][5][11]$b$2771 [2] 4'0000 $memory$flatten\u_core.$auto$proc_rom.cc:155:do_switch$967$rdmux[0][5][11]$b$2771 [2] $memory$flatten\u_core.$auto$proc_rom.cc:155:do_switch$967$rdmux[0][5][11]$b$2771 [2] $memory$flatten\u_core.$auto$proc_rom.cc:155:do_switch$967$rdmux[0][5][11]$b$2771 [2] 1'0 $memory$flatten\u_core.$auto$proc_rom.cc:155:do_switch$967$rdmux[0][5][11]$b$2771 [2] 1'0 $memory$flatten\u_core.$auto$proc_rom.cc:155:do_switch$967$rdmux[0][5][11]$b$2771 [2] 1'0 $memory$flatten\u_core.$auto$proc_rom.cc:155:do_switch$967$rdmux[0][5][11]$b$2771 [2] $memory$flatten\u_core.$auto$proc_rom.cc:155:do_switch$967$rdmux[0][5][11]$b$2771 [2] $memory$flatten\u_core.$auto$proc_rom.cc:155:do_switch$967$rdmux[0][5][11]$b$2771 [2] 1'0 $memory$flatten\u_core.$auto$proc_rom.cc:155:do_switch$967$rdmux[0][5][11]$b$2771 [2] $memory$flatten\u_core.$auto$proc_rom.cc:155:do_switch$967$rdmux[0][5][11]$b$2771 [2] 2'00 $memory$flatten\u_core.$auto$proc_rom.cc:155:do_switch$967$rdmux[0][5][11]$b$2771 [2] 2'00 }
    Consolidated identical input bits for $mux cell $memory$flatten\u_core.$auto$proc_rom.cc:155:do_switch$967$rdmux[0][6][22]$2898:
      Old ports: A=32'10010101100100101011100011100011, B=32'10011001001100001011001111000000, Y=$memory$flatten\u_core.$auto$proc_rom.cc:155:do_switch$967$rdmux[0][5][11]$a$2770
      New ports: A=2'01, B=2'10, Y={ $memory$flatten\u_core.$auto$proc_rom.cc:155:do_switch$967$rdmux[0][5][11]$a$2770 [8] $memory$flatten\u_core.$auto$proc_rom.cc:155:do_switch$967$rdmux[0][5][11]$a$2770 [0] }
      New connections: { $memory$flatten\u_core.$auto$proc_rom.cc:155:do_switch$967$rdmux[0][5][11]$a$2770 [31:9] $memory$flatten\u_core.$auto$proc_rom.cc:155:do_switch$967$rdmux[0][5][11]$a$2770 [7:1] } = { 4'1001 $memory$flatten\u_core.$auto$proc_rom.cc:155:do_switch$967$rdmux[0][5][11]$a$2770 [8] $memory$flatten\u_core.$auto$proc_rom.cc:155:do_switch$967$rdmux[0][5][11]$a$2770 [0] 2'01 $memory$flatten\u_core.$auto$proc_rom.cc:155:do_switch$967$rdmux[0][5][11]$a$2770 [0] 1'0 $memory$flatten\u_core.$auto$proc_rom.cc:155:do_switch$967$rdmux[0][5][11]$a$2770 [8] 3'100 $memory$flatten\u_core.$auto$proc_rom.cc:155:do_switch$967$rdmux[0][5][11]$a$2770 [0] 5'01011 $memory$flatten\u_core.$auto$proc_rom.cc:155:do_switch$967$rdmux[0][5][11]$a$2770 [0] 1'0 $memory$flatten\u_core.$auto$proc_rom.cc:155:do_switch$967$rdmux[0][5][11]$a$2770 [8] 2'11 $memory$flatten\u_core.$auto$proc_rom.cc:155:do_switch$967$rdmux[0][5][11]$a$2770 [0] 3'000 $memory$flatten\u_core.$auto$proc_rom.cc:155:do_switch$967$rdmux[0][5][11]$a$2770 [0] }
    Consolidated identical input bits for $mux cell $memory$flatten\u_core.$auto$proc_rom.cc:155:do_switch$971$rdmux[0][6][17]$3264:
      Old ports: A=32'10000000100111101111001101110100, B=0, Y=$memory$flatten\u_core.$auto$proc_rom.cc:155:do_switch$971$rdmux[0][5][8]$b$3143
      New ports: A=1'1, B=1'0, Y=$memory$flatten\u_core.$auto$proc_rom.cc:155:do_switch$971$rdmux[0][5][8]$b$3143 [2]
      New connections: { $memory$flatten\u_core.$auto$proc_rom.cc:155:do_switch$971$rdmux[0][5][8]$b$3143 [31:3] $memory$flatten\u_core.$auto$proc_rom.cc:155:do_switch$971$rdmux[0][5][8]$b$3143 [1:0] } = { $memory$flatten\u_core.$auto$proc_rom.cc:155:do_switch$971$rdmux[0][5][8]$b$3143 [2] 7'0000000 $memory$flatten\u_core.$auto$proc_rom.cc:155:do_switch$971$rdmux[0][5][8]$b$3143 [2] 2'00 $memory$flatten\u_core.$auto$proc_rom.cc:155:do_switch$971$rdmux[0][5][8]$b$3143 [2] $memory$flatten\u_core.$auto$proc_rom.cc:155:do_switch$971$rdmux[0][5][8]$b$3143 [2] $memory$flatten\u_core.$auto$proc_rom.cc:155:do_switch$971$rdmux[0][5][8]$b$3143 [2] $memory$flatten\u_core.$auto$proc_rom.cc:155:do_switch$971$rdmux[0][5][8]$b$3143 [2] 1'0 $memory$flatten\u_core.$auto$proc_rom.cc:155:do_switch$971$rdmux[0][5][8]$b$3143 [2] $memory$flatten\u_core.$auto$proc_rom.cc:155:do_switch$971$rdmux[0][5][8]$b$3143 [2] $memory$flatten\u_core.$auto$proc_rom.cc:155:do_switch$971$rdmux[0][5][8]$b$3143 [2] $memory$flatten\u_core.$auto$proc_rom.cc:155:do_switch$971$rdmux[0][5][8]$b$3143 [2] 2'00 $memory$flatten\u_core.$auto$proc_rom.cc:155:do_switch$971$rdmux[0][5][8]$b$3143 [2] $memory$flatten\u_core.$auto$proc_rom.cc:155:do_switch$971$rdmux[0][5][8]$b$3143 [2] 1'0 $memory$flatten\u_core.$auto$proc_rom.cc:155:do_switch$971$rdmux[0][5][8]$b$3143 [2] $memory$flatten\u_core.$auto$proc_rom.cc:155:do_switch$971$rdmux[0][5][8]$b$3143 [2] $memory$flatten\u_core.$auto$proc_rom.cc:155:do_switch$971$rdmux[0][5][8]$b$3143 [2] 3'000 }
    Consolidated identical input bits for $mux cell $memory$flatten\u_core.$auto$proc_rom.cc:155:do_switch$967$rdmux[0][6][36]$2940:
      Old ports: A=821856702, B=0, Y=$memory$flatten\u_core.$auto$proc_rom.cc:155:do_switch$967$rdmux[0][5][18]$a$2791
      New ports: A=1'1, B=1'0, Y=$memory$flatten\u_core.$auto$proc_rom.cc:155:do_switch$967$rdmux[0][5][18]$a$2791 [1]
      New connections: { $memory$flatten\u_core.$auto$proc_rom.cc:155:do_switch$967$rdmux[0][5][18]$a$2791 [31:2] $memory$flatten\u_core.$auto$proc_rom.cc:155:do_switch$967$rdmux[0][5][18]$a$2791 [0] } = { 2'00 $memory$flatten\u_core.$auto$proc_rom.cc:155:do_switch$967$rdmux[0][5][18]$a$2791 [1] $memory$flatten\u_core.$auto$proc_rom.cc:155:do_switch$967$rdmux[0][5][18]$a$2791 [1] 4'0000 $memory$flatten\u_core.$auto$proc_rom.cc:155:do_switch$967$rdmux[0][5][18]$a$2791 [1] $memory$flatten\u_core.$auto$proc_rom.cc:155:do_switch$967$rdmux[0][5][18]$a$2791 [1] $memory$flatten\u_core.$auto$proc_rom.cc:155:do_switch$967$rdmux[0][5][18]$a$2791 [1] $memory$flatten\u_core.$auto$proc_rom.cc:155:do_switch$967$rdmux[0][5][18]$a$2791 [1] $memory$flatten\u_core.$auto$proc_rom.cc:155:do_switch$967$rdmux[0][5][18]$a$2791 [1] $memory$flatten\u_core.$auto$proc_rom.cc:155:do_switch$967$rdmux[0][5][18]$a$2791 [1] 2'00 $memory$flatten\u_core.$auto$proc_rom.cc:155:do_switch$967$rdmux[0][5][18]$a$2791 [1] 3'000 $memory$flatten\u_core.$auto$proc_rom.cc:155:do_switch$967$rdmux[0][5][18]$a$2791 [1] 2'00 $memory$flatten\u_core.$auto$proc_rom.cc:155:do_switch$967$rdmux[0][5][18]$a$2791 [1] $memory$flatten\u_core.$auto$proc_rom.cc:155:do_switch$967$rdmux[0][5][18]$a$2791 [1] 1'0 $memory$flatten\u_core.$auto$proc_rom.cc:155:do_switch$967$rdmux[0][5][18]$a$2791 [1] $memory$flatten\u_core.$auto$proc_rom.cc:155:do_switch$967$rdmux[0][5][18]$a$2791 [1] $memory$flatten\u_core.$auto$proc_rom.cc:155:do_switch$967$rdmux[0][5][18]$a$2791 [1] $memory$flatten\u_core.$auto$proc_rom.cc:155:do_switch$967$rdmux[0][5][18]$a$2791 [1] 1'0 }
    Consolidated identical input bits for $mux cell $memory$flatten\u_core.$auto$proc_rom.cc:155:do_switch$967$rdmux[0][6][28]$2916:
      Old ports: A=32'11001111000001001000100110111110, B=32'11010100111000011000011101111011, Y=$memory$flatten\u_core.$auto$proc_rom.cc:155:do_switch$967$rdmux[0][5][14]$a$2779
      New ports: A=2'10, B=2'01, Y={ $memory$flatten\u_core.$auto$proc_rom.cc:155:do_switch$967$rdmux[0][5][14]$a$2779 [2] $memory$flatten\u_core.$auto$proc_rom.cc:155:do_switch$967$rdmux[0][5][14]$a$2779 [0] }
      New connections: { $memory$flatten\u_core.$auto$proc_rom.cc:155:do_switch$967$rdmux[0][5][14]$a$2779 [31:3] $memory$flatten\u_core.$auto$proc_rom.cc:155:do_switch$967$rdmux[0][5][14]$a$2779 [1] } = { 3'110 $memory$flatten\u_core.$auto$proc_rom.cc:155:do_switch$967$rdmux[0][5][14]$a$2779 [0] $memory$flatten\u_core.$auto$proc_rom.cc:155:do_switch$967$rdmux[0][5][14]$a$2779 [2] 1'1 $memory$flatten\u_core.$auto$proc_rom.cc:155:do_switch$967$rdmux[0][5][14]$a$2779 [2] $memory$flatten\u_core.$auto$proc_rom.cc:155:do_switch$967$rdmux[0][5][14]$a$2779 [2] $memory$flatten\u_core.$auto$proc_rom.cc:155:do_switch$967$rdmux[0][5][14]$a$2779 [0] $memory$flatten\u_core.$auto$proc_rom.cc:155:do_switch$967$rdmux[0][5][14]$a$2779 [0] $memory$flatten\u_core.$auto$proc_rom.cc:155:do_switch$967$rdmux[0][5][14]$a$2779 [0] 2'00 $memory$flatten\u_core.$auto$proc_rom.cc:155:do_switch$967$rdmux[0][5][14]$a$2779 [2] 1'0 $memory$flatten\u_core.$auto$proc_rom.cc:155:do_switch$967$rdmux[0][5][14]$a$2779 [0] 4'1000 $memory$flatten\u_core.$auto$proc_rom.cc:155:do_switch$967$rdmux[0][5][14]$a$2779 [2] $memory$flatten\u_core.$auto$proc_rom.cc:155:do_switch$967$rdmux[0][5][14]$a$2779 [0] $memory$flatten\u_core.$auto$proc_rom.cc:155:do_switch$967$rdmux[0][5][14]$a$2779 [0] 1'1 $memory$flatten\u_core.$auto$proc_rom.cc:155:do_switch$967$rdmux[0][5][14]$a$2779 [2] $memory$flatten\u_core.$auto$proc_rom.cc:155:do_switch$967$rdmux[0][5][14]$a$2779 [0] 4'1111 }
    Consolidated identical input bits for $mux cell $memory$flatten\u_core.$auto$proc_rom.cc:155:do_switch$967$rdmux[0][6][25]$2907:
      Old ports: A=32'10101110110011001001110100001110, B=32'10110011110000001001100100110000, Y=$memory$flatten\u_core.$auto$proc_rom.cc:155:do_switch$967$rdmux[0][5][12]$b$2774
      New ports: A=2'01, B=2'10, Y={ $memory$flatten\u_core.$auto$proc_rom.cc:155:do_switch$967$rdmux[0][5][12]$b$2774 [4] $memory$flatten\u_core.$auto$proc_rom.cc:155:do_switch$967$rdmux[0][5][12]$b$2774 [1] }
      New connections: { $memory$flatten\u_core.$auto$proc_rom.cc:155:do_switch$967$rdmux[0][5][12]$b$2774 [31:5] $memory$flatten\u_core.$auto$proc_rom.cc:155:do_switch$967$rdmux[0][5][12]$b$2774 [3:2] $memory$flatten\u_core.$auto$proc_rom.cc:155:do_switch$967$rdmux[0][5][12]$b$2774 [0] } = { 3'101 $memory$flatten\u_core.$auto$proc_rom.cc:155:do_switch$967$rdmux[0][5][12]$b$2774 [4] $memory$flatten\u_core.$auto$proc_rom.cc:155:do_switch$967$rdmux[0][5][12]$b$2774 [1] $memory$flatten\u_core.$auto$proc_rom.cc:155:do_switch$967$rdmux[0][5][12]$b$2774 [1] 1'1 $memory$flatten\u_core.$auto$proc_rom.cc:155:do_switch$967$rdmux[0][5][12]$b$2774 [4] 4'1100 $memory$flatten\u_core.$auto$proc_rom.cc:155:do_switch$967$rdmux[0][5][12]$b$2774 [1] $memory$flatten\u_core.$auto$proc_rom.cc:155:do_switch$967$rdmux[0][5][12]$b$2774 [1] 7'0010011 $memory$flatten\u_core.$auto$proc_rom.cc:155:do_switch$967$rdmux[0][5][12]$b$2774 [1] 4'0100 $memory$flatten\u_core.$auto$proc_rom.cc:155:do_switch$967$rdmux[0][5][12]$b$2774 [4] $memory$flatten\u_core.$auto$proc_rom.cc:155:do_switch$967$rdmux[0][5][12]$b$2774 [1] $memory$flatten\u_core.$auto$proc_rom.cc:155:do_switch$967$rdmux[0][5][12]$b$2774 [1] 1'0 }
    Consolidated identical input bits for $mux cell $memory$flatten\u_core.$auto$proc_rom.cc:155:do_switch$971$rdmux[0][6][29]$3300:
      Old ports: A=32'11011010110110001000010110000011, B=0, Y=$memory$flatten\u_core.$auto$proc_rom.cc:155:do_switch$971$rdmux[0][5][14]$b$3161
      New ports: A=1'1, B=1'0, Y=$memory$flatten\u_core.$auto$proc_rom.cc:155:do_switch$971$rdmux[0][5][14]$b$3161 [0]
      New connections: $memory$flatten\u_core.$auto$proc_rom.cc:155:do_switch$971$rdmux[0][5][14]$b$3161 [31:1] = { $memory$flatten\u_core.$auto$proc_rom.cc:155:do_switch$971$rdmux[0][5][14]$b$3161 [0] $memory$flatten\u_core.$auto$proc_rom.cc:155:do_switch$971$rdmux[0][5][14]$b$3161 [0] 1'0 $memory$flatten\u_core.$auto$proc_rom.cc:155:do_switch$971$rdmux[0][5][14]$b$3161 [0] $memory$flatten\u_core.$auto$proc_rom.cc:155:do_switch$971$rdmux[0][5][14]$b$3161 [0] 1'0 $memory$flatten\u_core.$auto$proc_rom.cc:155:do_switch$971$rdmux[0][5][14]$b$3161 [0] 1'0 $memory$flatten\u_core.$auto$proc_rom.cc:155:do_switch$971$rdmux[0][5][14]$b$3161 [0] $memory$flatten\u_core.$auto$proc_rom.cc:155:do_switch$971$rdmux[0][5][14]$b$3161 [0] 1'0 $memory$flatten\u_core.$auto$proc_rom.cc:155:do_switch$971$rdmux[0][5][14]$b$3161 [0] $memory$flatten\u_core.$auto$proc_rom.cc:155:do_switch$971$rdmux[0][5][14]$b$3161 [0] 3'000 $memory$flatten\u_core.$auto$proc_rom.cc:155:do_switch$971$rdmux[0][5][14]$b$3161 [0] 4'0000 $memory$flatten\u_core.$auto$proc_rom.cc:155:do_switch$971$rdmux[0][5][14]$b$3161 [0] 1'0 $memory$flatten\u_core.$auto$proc_rom.cc:155:do_switch$971$rdmux[0][5][14]$b$3161 [0] $memory$flatten\u_core.$auto$proc_rom.cc:155:do_switch$971$rdmux[0][5][14]$b$3161 [0] 5'00000 $memory$flatten\u_core.$auto$proc_rom.cc:155:do_switch$971$rdmux[0][5][14]$b$3161 [0] }
    Consolidated identical input bits for $mux cell $memory$flatten\u_core.$auto$proc_rom.cc:155:do_switch$971$rdmux[0][6][28]$3297:
      Old ports: A=32'11001111000001001000100110111110, B=32'11010100111000011000011101111011, Y=$memory$flatten\u_core.$auto$proc_rom.cc:155:do_switch$971$rdmux[0][5][14]$a$3160
      New ports: A=2'10, B=2'01, Y={ $memory$flatten\u_core.$auto$proc_rom.cc:155:do_switch$971$rdmux[0][5][14]$a$3160 [2] $memory$flatten\u_core.$auto$proc_rom.cc:155:do_switch$971$rdmux[0][5][14]$a$3160 [0] }
      New connections: { $memory$flatten\u_core.$auto$proc_rom.cc:155:do_switch$971$rdmux[0][5][14]$a$3160 [31:3] $memory$flatten\u_core.$auto$proc_rom.cc:155:do_switch$971$rdmux[0][5][14]$a$3160 [1] } = { 3'110 $memory$flatten\u_core.$auto$proc_rom.cc:155:do_switch$971$rdmux[0][5][14]$a$3160 [0] $memory$flatten\u_core.$auto$proc_rom.cc:155:do_switch$971$rdmux[0][5][14]$a$3160 [2] 1'1 $memory$flatten\u_core.$auto$proc_rom.cc:155:do_switch$971$rdmux[0][5][14]$a$3160 [2] $memory$flatten\u_core.$auto$proc_rom.cc:155:do_switch$971$rdmux[0][5][14]$a$3160 [2] $memory$flatten\u_core.$auto$proc_rom.cc:155:do_switch$971$rdmux[0][5][14]$a$3160 [0] $memory$flatten\u_core.$auto$proc_rom.cc:155:do_switch$971$rdmux[0][5][14]$a$3160 [0] $memory$flatten\u_core.$auto$proc_rom.cc:155:do_switch$971$rdmux[0][5][14]$a$3160 [0] 2'00 $memory$flatten\u_core.$auto$proc_rom.cc:155:do_switch$971$rdmux[0][5][14]$a$3160 [2] 1'0 $memory$flatten\u_core.$auto$proc_rom.cc:155:do_switch$971$rdmux[0][5][14]$a$3160 [0] 4'1000 $memory$flatten\u_core.$auto$proc_rom.cc:155:do_switch$971$rdmux[0][5][14]$a$3160 [2] $memory$flatten\u_core.$auto$proc_rom.cc:155:do_switch$971$rdmux[0][5][14]$a$3160 [0] $memory$flatten\u_core.$auto$proc_rom.cc:155:do_switch$971$rdmux[0][5][14]$a$3160 [0] 1'1 $memory$flatten\u_core.$auto$proc_rom.cc:155:do_switch$971$rdmux[0][5][14]$a$3160 [2] $memory$flatten\u_core.$auto$proc_rom.cc:155:do_switch$971$rdmux[0][5][14]$a$3160 [0] 4'1111 }
    Consolidated identical input bits for $mux cell $memory$flatten\u_core.$auto$proc_rom.cc:155:do_switch$971$rdmux[0][6][34]$3315:
      Old ports: A=0, B=521831382, Y=$memory$flatten\u_core.$auto$proc_rom.cc:155:do_switch$971$rdmux[0][5][17]$a$3169
      New ports: A=1'0, B=1'1, Y=$memory$flatten\u_core.$auto$proc_rom.cc:155:do_switch$971$rdmux[0][5][17]$a$3169 [1]
      New connections: { $memory$flatten\u_core.$auto$proc_rom.cc:155:do_switch$971$rdmux[0][5][17]$a$3169 [31:2] $memory$flatten\u_core.$auto$proc_rom.cc:155:do_switch$971$rdmux[0][5][17]$a$3169 [0] } = { 3'000 $memory$flatten\u_core.$auto$proc_rom.cc:155:do_switch$971$rdmux[0][5][17]$a$3169 [1] $memory$flatten\u_core.$auto$proc_rom.cc:155:do_switch$971$rdmux[0][5][17]$a$3169 [1] $memory$flatten\u_core.$auto$proc_rom.cc:155:do_switch$971$rdmux[0][5][17]$a$3169 [1] $memory$flatten\u_core.$auto$proc_rom.cc:155:do_switch$971$rdmux[0][5][17]$a$3169 [1] $memory$flatten\u_core.$auto$proc_rom.cc:155:do_switch$971$rdmux[0][5][17]$a$3169 [1] 3'000 $memory$flatten\u_core.$auto$proc_rom.cc:155:do_switch$971$rdmux[0][5][17]$a$3169 [1] $memory$flatten\u_core.$auto$proc_rom.cc:155:do_switch$971$rdmux[0][5][17]$a$3169 [1] 1'0 $memory$flatten\u_core.$auto$proc_rom.cc:155:do_switch$971$rdmux[0][5][17]$a$3169 [1] 1'0 $memory$flatten\u_core.$auto$proc_rom.cc:155:do_switch$971$rdmux[0][5][17]$a$3169 [1] 5'00000 $memory$flatten\u_core.$auto$proc_rom.cc:155:do_switch$971$rdmux[0][5][17]$a$3169 [1] $memory$flatten\u_core.$auto$proc_rom.cc:155:do_switch$971$rdmux[0][5][17]$a$3169 [1] $memory$flatten\u_core.$auto$proc_rom.cc:155:do_switch$971$rdmux[0][5][17]$a$3169 [1] $memory$flatten\u_core.$auto$proc_rom.cc:155:do_switch$971$rdmux[0][5][17]$a$3169 [1] 1'0 $memory$flatten\u_core.$auto$proc_rom.cc:155:do_switch$971$rdmux[0][5][17]$a$3169 [1] 1'0 $memory$flatten\u_core.$auto$proc_rom.cc:155:do_switch$971$rdmux[0][5][17]$a$3169 [1] 1'0 }
    Consolidated identical input bits for $mux cell $memory$flatten\u_core.$auto$proc_rom.cc:155:do_switch$971$rdmux[0][6][31]$3306:
      Old ports: A=32'11110011011101001000000010011110, B=32'11111001101110001000000000100111, Y=$memory$flatten\u_core.$auto$proc_rom.cc:155:do_switch$971$rdmux[0][5][15]$b$3164
      New ports: A=2'10, B=2'01, Y={ $memory$flatten\u_core.$auto$proc_rom.cc:155:do_switch$971$rdmux[0][5][15]$b$3164 [3] $memory$flatten\u_core.$auto$proc_rom.cc:155:do_switch$971$rdmux[0][5][15]$b$3164 [0] }
      New connections: { $memory$flatten\u_core.$auto$proc_rom.cc:155:do_switch$971$rdmux[0][5][15]$b$3164 [31:4] $memory$flatten\u_core.$auto$proc_rom.cc:155:do_switch$971$rdmux[0][5][15]$b$3164 [2:1] } = { 4'1111 $memory$flatten\u_core.$auto$proc_rom.cc:155:do_switch$971$rdmux[0][5][15]$b$3164 [0] 1'0 $memory$flatten\u_core.$auto$proc_rom.cc:155:do_switch$971$rdmux[0][5][15]$b$3164 [3] 1'1 $memory$flatten\u_core.$auto$proc_rom.cc:155:do_switch$971$rdmux[0][5][15]$b$3164 [0] $memory$flatten\u_core.$auto$proc_rom.cc:155:do_switch$971$rdmux[0][5][15]$b$3164 [3] 2'11 $memory$flatten\u_core.$auto$proc_rom.cc:155:do_switch$971$rdmux[0][5][15]$b$3164 [0] $memory$flatten\u_core.$auto$proc_rom.cc:155:do_switch$971$rdmux[0][5][15]$b$3164 [3] 10'0010000000 $memory$flatten\u_core.$auto$proc_rom.cc:155:do_switch$971$rdmux[0][5][15]$b$3164 [3] 1'0 $memory$flatten\u_core.$auto$proc_rom.cc:155:do_switch$971$rdmux[0][5][15]$b$3164 [0] $memory$flatten\u_core.$auto$proc_rom.cc:155:do_switch$971$rdmux[0][5][15]$b$3164 [3] 2'11 }
    Consolidated identical input bits for $mux cell $memory$flatten\u_core.$auto$proc_rom.cc:155:do_switch$971$rdmux[0][6][9]$3240:
      Old ports: A=32'10011101000011100101000100110100, B=32'10011001001100000100110001000000, Y=$memory$flatten\u_core.$auto$proc_rom.cc:155:do_switch$971$rdmux[0][5][4]$b$3131
      New ports: A=2'01, B=2'10, Y={ $memory$flatten\u_core.$auto$proc_rom.cc:155:do_switch$971$rdmux[0][5][4]$b$3131 [6] $memory$flatten\u_core.$auto$proc_rom.cc:155:do_switch$971$rdmux[0][5][4]$b$3131 [2] }
      New connections: { $memory$flatten\u_core.$auto$proc_rom.cc:155:do_switch$971$rdmux[0][5][4]$b$3131 [31:7] $memory$flatten\u_core.$auto$proc_rom.cc:155:do_switch$971$rdmux[0][5][4]$b$3131 [5:3] $memory$flatten\u_core.$auto$proc_rom.cc:155:do_switch$971$rdmux[0][5][4]$b$3131 [1:0] } = { 5'10011 $memory$flatten\u_core.$auto$proc_rom.cc:155:do_switch$971$rdmux[0][5][4]$b$3131 [2] 4'0100 $memory$flatten\u_core.$auto$proc_rom.cc:155:do_switch$971$rdmux[0][5][4]$b$3131 [6] $memory$flatten\u_core.$auto$proc_rom.cc:155:do_switch$971$rdmux[0][5][4]$b$3131 [6] $memory$flatten\u_core.$auto$proc_rom.cc:155:do_switch$971$rdmux[0][5][4]$b$3131 [2] $memory$flatten\u_core.$auto$proc_rom.cc:155:do_switch$971$rdmux[0][5][4]$b$3131 [2] $memory$flatten\u_core.$auto$proc_rom.cc:155:do_switch$971$rdmux[0][5][4]$b$3131 [2] 4'0010 $memory$flatten\u_core.$auto$proc_rom.cc:155:do_switch$971$rdmux[0][5][4]$b$3131 [2] $memory$flatten\u_core.$auto$proc_rom.cc:155:do_switch$971$rdmux[0][5][4]$b$3131 [6] $memory$flatten\u_core.$auto$proc_rom.cc:155:do_switch$971$rdmux[0][5][4]$b$3131 [6] 1'0 $memory$flatten\u_core.$auto$proc_rom.cc:155:do_switch$971$rdmux[0][5][4]$b$3131 [2] 1'0 $memory$flatten\u_core.$auto$proc_rom.cc:155:do_switch$971$rdmux[0][5][4]$b$3131 [2] $memory$flatten\u_core.$auto$proc_rom.cc:155:do_switch$971$rdmux[0][5][4]$b$3131 [2] 3'000 }
    Consolidated identical input bits for $mux cell $memory$flatten\u_core.$auto$proc_rom.cc:155:do_switch$971$rdmux[0][6][6]$3231:
      Old ports: A=32'10111000111000110110101001101110, B=32'10110011110000000110011011010000, Y=$memory$flatten\u_core.$auto$proc_rom.cc:155:do_switch$971$rdmux[0][5][3]$a$3127
      New ports: A=2'01, B=2'10, Y={ $memory$flatten\u_core.$auto$proc_rom.cc:155:do_switch$971$rdmux[0][5][3]$a$3127 [4] $memory$flatten\u_core.$auto$proc_rom.cc:155:do_switch$971$rdmux[0][5][3]$a$3127 [1] }
      New connections: { $memory$flatten\u_core.$auto$proc_rom.cc:155:do_switch$971$rdmux[0][5][3]$a$3127 [31:5] $memory$flatten\u_core.$auto$proc_rom.cc:155:do_switch$971$rdmux[0][5][3]$a$3127 [3:2] $memory$flatten\u_core.$auto$proc_rom.cc:155:do_switch$971$rdmux[0][5][3]$a$3127 [0] } = { 4'1011 $memory$flatten\u_core.$auto$proc_rom.cc:155:do_switch$971$rdmux[0][5][3]$a$3127 [1] 1'0 $memory$flatten\u_core.$auto$proc_rom.cc:155:do_switch$971$rdmux[0][5][3]$a$3127 [4] $memory$flatten\u_core.$auto$proc_rom.cc:155:do_switch$971$rdmux[0][5][3]$a$3127 [4] 2'11 $memory$flatten\u_core.$auto$proc_rom.cc:155:do_switch$971$rdmux[0][5][3]$a$3127 [1] 3'000 $memory$flatten\u_core.$auto$proc_rom.cc:155:do_switch$971$rdmux[0][5][3]$a$3127 [1] $memory$flatten\u_core.$auto$proc_rom.cc:155:do_switch$971$rdmux[0][5][3]$a$3127 [1] 4'0110 $memory$flatten\u_core.$auto$proc_rom.cc:155:do_switch$971$rdmux[0][5][3]$a$3127 [1] $memory$flatten\u_core.$auto$proc_rom.cc:155:do_switch$971$rdmux[0][5][3]$a$3127 [4] 2'10 $memory$flatten\u_core.$auto$proc_rom.cc:155:do_switch$971$rdmux[0][5][3]$a$3127 [4] 1'1 $memory$flatten\u_core.$auto$proc_rom.cc:155:do_switch$971$rdmux[0][5][3]$a$3127 [1] $memory$flatten\u_core.$auto$proc_rom.cc:155:do_switch$971$rdmux[0][5][3]$a$3127 [1] $memory$flatten\u_core.$auto$proc_rom.cc:155:do_switch$971$rdmux[0][5][3]$a$3127 [1] 1'0 }
    Consolidated identical input bits for $mux cell $memory$flatten\u_core.$auto$proc_rom.cc:155:do_switch$971$rdmux[0][6][2]$3219:
      Old ports: A=32'11100111000001110111110110001010, B=32'11100000111001100111110000101010, Y=$memory$flatten\u_core.$auto$proc_rom.cc:155:do_switch$971$rdmux[0][5][1]$a$3121
      New ports: A=2'10, B=2'01, Y={ $memory$flatten\u_core.$auto$proc_rom.cc:155:do_switch$971$rdmux[0][5][1]$a$3121 [7] $memory$flatten\u_core.$auto$proc_rom.cc:155:do_switch$971$rdmux[0][5][1]$a$3121 [5] }
      New connections: { $memory$flatten\u_core.$auto$proc_rom.cc:155:do_switch$971$rdmux[0][5][1]$a$3121 [31:8] $memory$flatten\u_core.$auto$proc_rom.cc:155:do_switch$971$rdmux[0][5][1]$a$3121 [6] $memory$flatten\u_core.$auto$proc_rom.cc:155:do_switch$971$rdmux[0][5][1]$a$3121 [4:0] } = { 5'11100 $memory$flatten\u_core.$auto$proc_rom.cc:155:do_switch$971$rdmux[0][5][1]$a$3121 [7] $memory$flatten\u_core.$auto$proc_rom.cc:155:do_switch$971$rdmux[0][5][1]$a$3121 [7] $memory$flatten\u_core.$auto$proc_rom.cc:155:do_switch$971$rdmux[0][5][1]$a$3121 [7] $memory$flatten\u_core.$auto$proc_rom.cc:155:do_switch$971$rdmux[0][5][1]$a$3121 [5] $memory$flatten\u_core.$auto$proc_rom.cc:155:do_switch$971$rdmux[0][5][1]$a$3121 [5] $memory$flatten\u_core.$auto$proc_rom.cc:155:do_switch$971$rdmux[0][5][1]$a$3121 [5] 4'0011 $memory$flatten\u_core.$auto$proc_rom.cc:155:do_switch$971$rdmux[0][5][1]$a$3121 [7] 7'0111110 $memory$flatten\u_core.$auto$proc_rom.cc:155:do_switch$971$rdmux[0][5][1]$a$3121 [7] 6'001010 }
    Consolidated identical input bits for $mux cell $memory$flatten\u_core.$auto$proc_rom.cc:155:do_switch$971$rdmux[0][6][25]$3288:
      Old ports: A=32'10101110110011001001110100001110, B=32'10110011110000001001100100110000, Y=$memory$flatten\u_core.$auto$proc_rom.cc:155:do_switch$971$rdmux[0][5][12]$b$3155
      New ports: A=2'01, B=2'10, Y={ $memory$flatten\u_core.$auto$proc_rom.cc:155:do_switch$971$rdmux[0][5][12]$b$3155 [4] $memory$flatten\u_core.$auto$proc_rom.cc:155:do_switch$971$rdmux[0][5][12]$b$3155 [1] }
      New connections: { $memory$flatten\u_core.$auto$proc_rom.cc:155:do_switch$971$rdmux[0][5][12]$b$3155 [31:5] $memory$flatten\u_core.$auto$proc_rom.cc:155:do_switch$971$rdmux[0][5][12]$b$3155 [3:2] $memory$flatten\u_core.$auto$proc_rom.cc:155:do_switch$971$rdmux[0][5][12]$b$3155 [0] } = { 3'101 $memory$flatten\u_core.$auto$proc_rom.cc:155:do_switch$971$rdmux[0][5][12]$b$3155 [4] $memory$flatten\u_core.$auto$proc_rom.cc:155:do_switch$971$rdmux[0][5][12]$b$3155 [1] $memory$flatten\u_core.$auto$proc_rom.cc:155:do_switch$971$rdmux[0][5][12]$b$3155 [1] 1'1 $memory$flatten\u_core.$auto$proc_rom.cc:155:do_switch$971$rdmux[0][5][12]$b$3155 [4] 4'1100 $memory$flatten\u_core.$auto$proc_rom.cc:155:do_switch$971$rdmux[0][5][12]$b$3155 [1] $memory$flatten\u_core.$auto$proc_rom.cc:155:do_switch$971$rdmux[0][5][12]$b$3155 [1] 7'0010011 $memory$flatten\u_core.$auto$proc_rom.cc:155:do_switch$971$rdmux[0][5][12]$b$3155 [1] 4'0100 $memory$flatten\u_core.$auto$proc_rom.cc:155:do_switch$971$rdmux[0][5][12]$b$3155 [4] $memory$flatten\u_core.$auto$proc_rom.cc:155:do_switch$971$rdmux[0][5][12]$b$3155 [1] $memory$flatten\u_core.$auto$proc_rom.cc:155:do_switch$971$rdmux[0][5][12]$b$3155 [1] 1'0 }
    Consolidated identical input bits for $mux cell $memory$flatten\u_core.$auto$proc_rom.cc:155:do_switch$967$rdmux[0][6][18]$2886:
      Old ports: A=32'10000010011101101110011100000111, B=0, Y=$memory$flatten\u_core.$auto$proc_rom.cc:155:do_switch$967$rdmux[0][5][9]$a$2764
      New ports: A=1'1, B=1'0, Y=$memory$flatten\u_core.$auto$proc_rom.cc:155:do_switch$967$rdmux[0][5][9]$a$2764 [0]
      New connections: $memory$flatten\u_core.$auto$proc_rom.cc:155:do_switch$967$rdmux[0][5][9]$a$2764 [31:1] = { $memory$flatten\u_core.$auto$proc_rom.cc:155:do_switch$967$rdmux[0][5][9]$a$2764 [0] 5'00000 $memory$flatten\u_core.$auto$proc_rom.cc:155:do_switch$967$rdmux[0][5][9]$a$2764 [0] 2'00 $memory$flatten\u_core.$auto$proc_rom.cc:155:do_switch$967$rdmux[0][5][9]$a$2764 [0] $memory$flatten\u_core.$auto$proc_rom.cc:155:do_switch$967$rdmux[0][5][9]$a$2764 [0] $memory$flatten\u_core.$auto$proc_rom.cc:155:do_switch$967$rdmux[0][5][9]$a$2764 [0] 1'0 $memory$flatten\u_core.$auto$proc_rom.cc:155:do_switch$967$rdmux[0][5][9]$a$2764 [0] $memory$flatten\u_core.$auto$proc_rom.cc:155:do_switch$967$rdmux[0][5][9]$a$2764 [0] 1'0 $memory$flatten\u_core.$auto$proc_rom.cc:155:do_switch$967$rdmux[0][5][9]$a$2764 [0] $memory$flatten\u_core.$auto$proc_rom.cc:155:do_switch$967$rdmux[0][5][9]$a$2764 [0] $memory$flatten\u_core.$auto$proc_rom.cc:155:do_switch$967$rdmux[0][5][9]$a$2764 [0] 2'00 $memory$flatten\u_core.$auto$proc_rom.cc:155:do_switch$967$rdmux[0][5][9]$a$2764 [0] $memory$flatten\u_core.$auto$proc_rom.cc:155:do_switch$967$rdmux[0][5][9]$a$2764 [0] $memory$flatten\u_core.$auto$proc_rom.cc:155:do_switch$967$rdmux[0][5][9]$a$2764 [0] 5'00000 $memory$flatten\u_core.$auto$proc_rom.cc:155:do_switch$967$rdmux[0][5][9]$a$2764 [0] $memory$flatten\u_core.$auto$proc_rom.cc:155:do_switch$967$rdmux[0][5][9]$a$2764 [0] }
    Consolidated identical input bits for $mux cell $memory$flatten\u_core.$auto$proc_rom.cc:155:do_switch$967$rdmux[0][6][17]$2883:
      Old ports: A=32'10000000100111101111001101110100, B=0, Y=$memory$flatten\u_core.$auto$proc_rom.cc:155:do_switch$967$rdmux[0][5][8]$b$2762
      New ports: A=1'1, B=1'0, Y=$memory$flatten\u_core.$auto$proc_rom.cc:155:do_switch$967$rdmux[0][5][8]$b$2762 [2]
      New connections: { $memory$flatten\u_core.$auto$proc_rom.cc:155:do_switch$967$rdmux[0][5][8]$b$2762 [31:3] $memory$flatten\u_core.$auto$proc_rom.cc:155:do_switch$967$rdmux[0][5][8]$b$2762 [1:0] } = { $memory$flatten\u_core.$auto$proc_rom.cc:155:do_switch$967$rdmux[0][5][8]$b$2762 [2] 7'0000000 $memory$flatten\u_core.$auto$proc_rom.cc:155:do_switch$967$rdmux[0][5][8]$b$2762 [2] 2'00 $memory$flatten\u_core.$auto$proc_rom.cc:155:do_switch$967$rdmux[0][5][8]$b$2762 [2] $memory$flatten\u_core.$auto$proc_rom.cc:155:do_switch$967$rdmux[0][5][8]$b$2762 [2] $memory$flatten\u_core.$auto$proc_rom.cc:155:do_switch$967$rdmux[0][5][8]$b$2762 [2] $memory$flatten\u_core.$auto$proc_rom.cc:155:do_switch$967$rdmux[0][5][8]$b$2762 [2] 1'0 $memory$flatten\u_core.$auto$proc_rom.cc:155:do_switch$967$rdmux[0][5][8]$b$2762 [2] $memory$flatten\u_core.$auto$proc_rom.cc:155:do_switch$967$rdmux[0][5][8]$b$2762 [2] $memory$flatten\u_core.$auto$proc_rom.cc:155:do_switch$967$rdmux[0][5][8]$b$2762 [2] $memory$flatten\u_core.$auto$proc_rom.cc:155:do_switch$967$rdmux[0][5][8]$b$2762 [2] 2'00 $memory$flatten\u_core.$auto$proc_rom.cc:155:do_switch$967$rdmux[0][5][8]$b$2762 [2] $memory$flatten\u_core.$auto$proc_rom.cc:155:do_switch$967$rdmux[0][5][8]$b$2762 [2] 1'0 $memory$flatten\u_core.$auto$proc_rom.cc:155:do_switch$967$rdmux[0][5][8]$b$2762 [2] $memory$flatten\u_core.$auto$proc_rom.cc:155:do_switch$967$rdmux[0][5][8]$b$2762 [2] $memory$flatten\u_core.$auto$proc_rom.cc:155:do_switch$967$rdmux[0][5][8]$b$2762 [2] 3'000 }
    Consolidated identical input bits for $mux cell $memory$flatten\u_core.$auto$proc_rom.cc:155:do_switch$967$rdmux[0][6][15]$2877:
      Old ports: A=32'10000000100111100000110010001100, B=32'10000000001001110000011001001000, Y=$memory$flatten\u_core.$auto$proc_rom.cc:155:do_switch$967$rdmux[0][5][7]$b$2759
      New ports: A=2'01, B=2'10, Y={ $memory$flatten\u_core.$auto$proc_rom.cc:155:do_switch$967$rdmux[0][5][7]$b$2759 [6] $memory$flatten\u_core.$auto$proc_rom.cc:155:do_switch$967$rdmux[0][5][7]$b$2759 [2] }
      New connections: { $memory$flatten\u_core.$auto$proc_rom.cc:155:do_switch$967$rdmux[0][5][7]$b$2759 [31:7] $memory$flatten\u_core.$auto$proc_rom.cc:155:do_switch$967$rdmux[0][5][7]$b$2759 [5:3] $memory$flatten\u_core.$auto$proc_rom.cc:155:do_switch$967$rdmux[0][5][7]$b$2759 [1:0] } = { 8'10000000 $memory$flatten\u_core.$auto$proc_rom.cc:155:do_switch$967$rdmux[0][5][7]$b$2759 [2] 1'0 $memory$flatten\u_core.$auto$proc_rom.cc:155:do_switch$967$rdmux[0][5][7]$b$2759 [6] $memory$flatten\u_core.$auto$proc_rom.cc:155:do_switch$967$rdmux[0][5][7]$b$2759 [2] $memory$flatten\u_core.$auto$proc_rom.cc:155:do_switch$967$rdmux[0][5][7]$b$2759 [2] 2'11 $memory$flatten\u_core.$auto$proc_rom.cc:155:do_switch$967$rdmux[0][5][7]$b$2759 [6] 4'0000 $memory$flatten\u_core.$auto$proc_rom.cc:155:do_switch$967$rdmux[0][5][7]$b$2759 [2] 1'1 $memory$flatten\u_core.$auto$proc_rom.cc:155:do_switch$967$rdmux[0][5][7]$b$2759 [6] 1'0 $memory$flatten\u_core.$auto$proc_rom.cc:155:do_switch$967$rdmux[0][5][7]$b$2759 [2] 5'00100 }
    Consolidated identical input bits for $mux cell $memory$flatten\u_core.$auto$proc_rom.cc:155:do_switch$967$rdmux[0][6][14]$2874:
      Old ports: A=32'10000010011101100001100011111001, B=32'10000001011000110001001011001000, Y=$memory$flatten\u_core.$auto$proc_rom.cc:155:do_switch$967$rdmux[0][5][7]$a$2758
      New ports: A=2'01, B=2'10, Y={ $memory$flatten\u_core.$auto$proc_rom.cc:155:do_switch$967$rdmux[0][5][7]$a$2758 [9] $memory$flatten\u_core.$auto$proc_rom.cc:155:do_switch$967$rdmux[0][5][7]$a$2758 [0] }
      New connections: { $memory$flatten\u_core.$auto$proc_rom.cc:155:do_switch$967$rdmux[0][5][7]$a$2758 [31:10] $memory$flatten\u_core.$auto$proc_rom.cc:155:do_switch$967$rdmux[0][5][7]$a$2758 [8:1] } = { 6'100000 $memory$flatten\u_core.$auto$proc_rom.cc:155:do_switch$967$rdmux[0][5][7]$a$2758 [0] $memory$flatten\u_core.$auto$proc_rom.cc:155:do_switch$967$rdmux[0][5][7]$a$2758 [9] 3'011 $memory$flatten\u_core.$auto$proc_rom.cc:155:do_switch$967$rdmux[0][5][7]$a$2758 [0] 1'0 $memory$flatten\u_core.$auto$proc_rom.cc:155:do_switch$967$rdmux[0][5][7]$a$2758 [0] 1'1 $memory$flatten\u_core.$auto$proc_rom.cc:155:do_switch$967$rdmux[0][5][7]$a$2758 [9] 4'0001 $memory$flatten\u_core.$auto$proc_rom.cc:155:do_switch$967$rdmux[0][5][7]$a$2758 [0] 4'0011 $memory$flatten\u_core.$auto$proc_rom.cc:155:do_switch$967$rdmux[0][5][7]$a$2758 [0] $memory$flatten\u_core.$auto$proc_rom.cc:155:do_switch$967$rdmux[0][5][7]$a$2758 [0] 3'100 }
    Consolidated identical input bits for $mux cell $memory$flatten\u_core.$auto$proc_rom.cc:155:do_switch$967$rdmux[0][6][8]$2856:
      Old ports: A=32'10100101011111100101101010000010, B=32'10100001001010010101010111110110, Y=$memory$flatten\u_core.$auto$proc_rom.cc:155:do_switch$967$rdmux[0][5][4]$a$2749
      New ports: A=2'10, B=2'01, Y={ $memory$flatten\u_core.$auto$proc_rom.cc:155:do_switch$967$rdmux[0][5][4]$a$2749 [9] $memory$flatten\u_core.$auto$proc_rom.cc:155:do_switch$967$rdmux[0][5][4]$a$2749 [2] }
      New connections: { $memory$flatten\u_core.$auto$proc_rom.cc:155:do_switch$967$rdmux[0][5][4]$a$2749 [31:10] $memory$flatten\u_core.$auto$proc_rom.cc:155:do_switch$967$rdmux[0][5][4]$a$2749 [8:3] $memory$flatten\u_core.$auto$proc_rom.cc:155:do_switch$967$rdmux[0][5][4]$a$2749 [1:0] } = { 5'10100 $memory$flatten\u_core.$auto$proc_rom.cc:155:do_switch$967$rdmux[0][5][4]$a$2749 [9] 3'010 $memory$flatten\u_core.$auto$proc_rom.cc:155:do_switch$967$rdmux[0][5][4]$a$2749 [9] 1'1 $memory$flatten\u_core.$auto$proc_rom.cc:155:do_switch$967$rdmux[0][5][4]$a$2749 [9] 1'1 $memory$flatten\u_core.$auto$proc_rom.cc:155:do_switch$967$rdmux[0][5][4]$a$2749 [9] $memory$flatten\u_core.$auto$proc_rom.cc:155:do_switch$967$rdmux[0][5][4]$a$2749 [9] $memory$flatten\u_core.$auto$proc_rom.cc:155:do_switch$967$rdmux[0][5][4]$a$2749 [2] 4'0101 $memory$flatten\u_core.$auto$proc_rom.cc:155:do_switch$967$rdmux[0][5][4]$a$2749 [9] $memory$flatten\u_core.$auto$proc_rom.cc:155:do_switch$967$rdmux[0][5][4]$a$2749 [2] $memory$flatten\u_core.$auto$proc_rom.cc:155:do_switch$967$rdmux[0][5][4]$a$2749 [2] 1'1 $memory$flatten\u_core.$auto$proc_rom.cc:155:do_switch$967$rdmux[0][5][4]$a$2749 [2] $memory$flatten\u_core.$auto$proc_rom.cc:155:do_switch$967$rdmux[0][5][4]$a$2749 [2] $memory$flatten\u_core.$auto$proc_rom.cc:155:do_switch$967$rdmux[0][5][4]$a$2749 [2] 3'010 }
    Consolidated identical input bits for $mux cell $memory$flatten\u_core.$auto$proc_rom.cc:155:do_switch$967$rdmux[0][6][7]$2853:
      Old ports: A=32'10101110110011000110001011110010, B=32'10101010000010100101111011010111, Y=$memory$flatten\u_core.$auto$proc_rom.cc:155:do_switch$967$rdmux[0][5][3]$b$2747
      New ports: A=2'10, B=2'01, Y={ $memory$flatten\u_core.$auto$proc_rom.cc:155:do_switch$967$rdmux[0][5][3]$b$2747 [5] $memory$flatten\u_core.$auto$proc_rom.cc:155:do_switch$967$rdmux[0][5][3]$b$2747 [0] }
      New connections: { $memory$flatten\u_core.$auto$proc_rom.cc:155:do_switch$967$rdmux[0][5][3]$b$2747 [31:6] $memory$flatten\u_core.$auto$proc_rom.cc:155:do_switch$967$rdmux[0][5][3]$b$2747 [4:1] } = { 5'10101 $memory$flatten\u_core.$auto$proc_rom.cc:155:do_switch$967$rdmux[0][5][3]$b$2747 [5] 2'10 $memory$flatten\u_core.$auto$proc_rom.cc:155:do_switch$967$rdmux[0][5][3]$b$2747 [5] $memory$flatten\u_core.$auto$proc_rom.cc:155:do_switch$967$rdmux[0][5][3]$b$2747 [5] 3'001 $memory$flatten\u_core.$auto$proc_rom.cc:155:do_switch$967$rdmux[0][5][3]$b$2747 [5] $memory$flatten\u_core.$auto$proc_rom.cc:155:do_switch$967$rdmux[0][5][3]$b$2747 [0] 3'001 $memory$flatten\u_core.$auto$proc_rom.cc:155:do_switch$967$rdmux[0][5][3]$b$2747 [5] $memory$flatten\u_core.$auto$proc_rom.cc:155:do_switch$967$rdmux[0][5][3]$b$2747 [0] $memory$flatten\u_core.$auto$proc_rom.cc:155:do_switch$967$rdmux[0][5][3]$b$2747 [0] $memory$flatten\u_core.$auto$proc_rom.cc:155:do_switch$967$rdmux[0][5][3]$b$2747 [0] 6'101110 $memory$flatten\u_core.$auto$proc_rom.cc:155:do_switch$967$rdmux[0][5][3]$b$2747 [0] 1'1 }
    Consolidated identical input bits for $mux cell $memory$flatten\u_core.$auto$proc_rom.cc:155:do_switch$971$rdmux[0][6][37]$3324:
      Old ports: A=0, B=1104056886, Y=$memory$flatten\u_core.$auto$proc_rom.cc:155:do_switch$971$rdmux[0][5][18]$b$3173
      New ports: A=1'0, B=1'1, Y=$memory$flatten\u_core.$auto$proc_rom.cc:155:do_switch$971$rdmux[0][5][18]$b$3173 [1]
      New connections: { $memory$flatten\u_core.$auto$proc_rom.cc:155:do_switch$971$rdmux[0][5][18]$b$3173 [31:2] $memory$flatten\u_core.$auto$proc_rom.cc:155:do_switch$971$rdmux[0][5][18]$b$3173 [0] } = { 1'0 $memory$flatten\u_core.$auto$proc_rom.cc:155:do_switch$971$rdmux[0][5][18]$b$3173 [1] 5'00000 $memory$flatten\u_core.$auto$proc_rom.cc:155:do_switch$971$rdmux[0][5][18]$b$3173 [1] $memory$flatten\u_core.$auto$proc_rom.cc:155:do_switch$971$rdmux[0][5][18]$b$3173 [1] $memory$flatten\u_core.$auto$proc_rom.cc:155:do_switch$971$rdmux[0][5][18]$b$3173 [1] 2'00 $memory$flatten\u_core.$auto$proc_rom.cc:155:do_switch$971$rdmux[0][5][18]$b$3173 [1] $memory$flatten\u_core.$auto$proc_rom.cc:155:do_switch$971$rdmux[0][5][18]$b$3173 [1] $memory$flatten\u_core.$auto$proc_rom.cc:155:do_switch$971$rdmux[0][5][18]$b$3173 [1] 1'0 $memory$flatten\u_core.$auto$proc_rom.cc:155:do_switch$971$rdmux[0][5][18]$b$3173 [1] 2'00 $memory$flatten\u_core.$auto$proc_rom.cc:155:do_switch$971$rdmux[0][5][18]$b$3173 [1] 2'00 $memory$flatten\u_core.$auto$proc_rom.cc:155:do_switch$971$rdmux[0][5][18]$b$3173 [1] 3'000 $memory$flatten\u_core.$auto$proc_rom.cc:155:do_switch$971$rdmux[0][5][18]$b$3173 [1] $memory$flatten\u_core.$auto$proc_rom.cc:155:do_switch$971$rdmux[0][5][18]$b$3173 [1] 1'0 $memory$flatten\u_core.$auto$proc_rom.cc:155:do_switch$971$rdmux[0][5][18]$b$3173 [1] 1'0 }
    Consolidated identical input bits for $mux cell $memory$flatten\u_core.$auto$proc_rom.cc:155:do_switch$971$rdmux[0][6][46]$3351:
      Old ports: A=0, B=2124279096, Y=$memory$flatten\u_core.$auto$proc_rom.cc:155:do_switch$971$rdmux[0][5][23]$a$3187
      New ports: A=1'0, B=1'1, Y=$memory$flatten\u_core.$auto$proc_rom.cc:155:do_switch$971$rdmux[0][5][23]$a$3187 [3]
      New connections: { $memory$flatten\u_core.$auto$proc_rom.cc:155:do_switch$971$rdmux[0][5][23]$a$3187 [31:4] $memory$flatten\u_core.$auto$proc_rom.cc:155:do_switch$971$rdmux[0][5][23]$a$3187 [2:0] } = { 1'0 $memory$flatten\u_core.$auto$proc_rom.cc:155:do_switch$971$rdmux[0][5][23]$a$3187 [3] $memory$flatten\u_core.$auto$proc_rom.cc:155:do_switch$971$rdmux[0][5][23]$a$3187 [3] $memory$flatten\u_core.$auto$proc_rom.cc:155:do_switch$971$rdmux[0][5][23]$a$3187 [3] $memory$flatten\u_core.$auto$proc_rom.cc:155:do_switch$971$rdmux[0][5][23]$a$3187 [3] $memory$flatten\u_core.$auto$proc_rom.cc:155:do_switch$971$rdmux[0][5][23]$a$3187 [3] $memory$flatten\u_core.$auto$proc_rom.cc:155:do_switch$971$rdmux[0][5][23]$a$3187 [3] 1'0 $memory$flatten\u_core.$auto$proc_rom.cc:155:do_switch$971$rdmux[0][5][23]$a$3187 [3] 2'00 $memory$flatten\u_core.$auto$proc_rom.cc:155:do_switch$971$rdmux[0][5][23]$a$3187 [3] $memory$flatten\u_core.$auto$proc_rom.cc:155:do_switch$971$rdmux[0][5][23]$a$3187 [3] $memory$flatten\u_core.$auto$proc_rom.cc:155:do_switch$971$rdmux[0][5][23]$a$3187 [3] 1'0 $memory$flatten\u_core.$auto$proc_rom.cc:155:do_switch$971$rdmux[0][5][23]$a$3187 [3] $memory$flatten\u_core.$auto$proc_rom.cc:155:do_switch$971$rdmux[0][5][23]$a$3187 [3] $memory$flatten\u_core.$auto$proc_rom.cc:155:do_switch$971$rdmux[0][5][23]$a$3187 [3] $memory$flatten\u_core.$auto$proc_rom.cc:155:do_switch$971$rdmux[0][5][23]$a$3187 [3] 1'0 $memory$flatten\u_core.$auto$proc_rom.cc:155:do_switch$971$rdmux[0][5][23]$a$3187 [3] $memory$flatten\u_core.$auto$proc_rom.cc:155:do_switch$971$rdmux[0][5][23]$a$3187 [3] 1'0 $memory$flatten\u_core.$auto$proc_rom.cc:155:do_switch$971$rdmux[0][5][23]$a$3187 [3] 2'00 $memory$flatten\u_core.$auto$proc_rom.cc:155:do_switch$971$rdmux[0][5][23]$a$3187 [3] $memory$flatten\u_core.$auto$proc_rom.cc:155:do_switch$971$rdmux[0][5][23]$a$3187 [3] 3'000 }
    Consolidated identical input bits for $mux cell $memory$flatten\u_core.$auto$proc_rom.cc:155:do_switch$971$rdmux[0][6][5]$3228:
      Old ports: A=32'11000011101010010111000011100011, B=32'10111110001100100110110111001010, Y=$memory$flatten\u_core.$auto$proc_rom.cc:155:do_switch$971$rdmux[0][5][2]$b$3125
      New ports: A=2'01, B=2'10, Y={ $memory$flatten\u_core.$auto$proc_rom.cc:155:do_switch$971$rdmux[0][5][2]$b$3125 [3] $memory$flatten\u_core.$auto$proc_rom.cc:155:do_switch$971$rdmux[0][5][2]$b$3125 [0] }
      New connections: { $memory$flatten\u_core.$auto$proc_rom.cc:155:do_switch$971$rdmux[0][5][2]$b$3125 [31:4] $memory$flatten\u_core.$auto$proc_rom.cc:155:do_switch$971$rdmux[0][5][2]$b$3125 [2:1] } = { 1'1 $memory$flatten\u_core.$auto$proc_rom.cc:155:do_switch$971$rdmux[0][5][2]$b$3125 [0] $memory$flatten\u_core.$auto$proc_rom.cc:155:do_switch$971$rdmux[0][5][2]$b$3125 [3] $memory$flatten\u_core.$auto$proc_rom.cc:155:do_switch$971$rdmux[0][5][2]$b$3125 [3] $memory$flatten\u_core.$auto$proc_rom.cc:155:do_switch$971$rdmux[0][5][2]$b$3125 [3] $memory$flatten\u_core.$auto$proc_rom.cc:155:do_switch$971$rdmux[0][5][2]$b$3125 [3] 1'1 $memory$flatten\u_core.$auto$proc_rom.cc:155:do_switch$971$rdmux[0][5][2]$b$3125 [0] $memory$flatten\u_core.$auto$proc_rom.cc:155:do_switch$971$rdmux[0][5][2]$b$3125 [0] 2'01 $memory$flatten\u_core.$auto$proc_rom.cc:155:do_switch$971$rdmux[0][5][2]$b$3125 [3] $memory$flatten\u_core.$auto$proc_rom.cc:155:do_switch$971$rdmux[0][5][2]$b$3125 [0] 1'0 $memory$flatten\u_core.$auto$proc_rom.cc:155:do_switch$971$rdmux[0][5][2]$b$3125 [3] $memory$flatten\u_core.$auto$proc_rom.cc:155:do_switch$971$rdmux[0][5][2]$b$3125 [0] 3'011 $memory$flatten\u_core.$auto$proc_rom.cc:155:do_switch$971$rdmux[0][5][2]$b$3125 [0] $memory$flatten\u_core.$auto$proc_rom.cc:155:do_switch$971$rdmux[0][5][2]$b$3125 [3] $memory$flatten\u_core.$auto$proc_rom.cc:155:do_switch$971$rdmux[0][5][2]$b$3125 [3] 1'0 $memory$flatten\u_core.$auto$proc_rom.cc:155:do_switch$971$rdmux[0][5][2]$b$3125 [3] 2'11 $memory$flatten\u_core.$auto$proc_rom.cc:155:do_switch$971$rdmux[0][5][2]$b$3125 [0] 3'001 }
    Consolidated identical input bits for $mux cell $memory$flatten\u_core.$auto$proc_rom.cc:155:do_switch$971$rdmux[0][6][24]$3285:
      Old ports: A=32'10100101011111101010010101111110, B=0, Y=$memory$flatten\u_core.$auto$proc_rom.cc:155:do_switch$971$rdmux[0][5][12]$a$3154
      New ports: A=1'1, B=1'0, Y=$memory$flatten\u_core.$auto$proc_rom.cc:155:do_switch$971$rdmux[0][5][12]$a$3154 [1]
      New connections: { $memory$flatten\u_core.$auto$proc_rom.cc:155:do_switch$971$rdmux[0][5][12]$a$3154 [31:2] $memory$flatten\u_core.$auto$proc_rom.cc:155:do_switch$971$rdmux[0][5][12]$a$3154 [0] } = { $memory$flatten\u_core.$auto$proc_rom.cc:155:do_switch$971$rdmux[0][5][12]$a$3154 [1] 1'0 $memory$flatten\u_core.$auto$proc_rom.cc:155:do_switch$971$rdmux[0][5][12]$a$3154 [1] 2'00 $memory$flatten\u_core.$auto$proc_rom.cc:155:do_switch$971$rdmux[0][5][12]$a$3154 [1] 1'0 $memory$flatten\u_core.$auto$proc_rom.cc:155:do_switch$971$rdmux[0][5][12]$a$3154 [1] 1'0 $memory$flatten\u_core.$auto$proc_rom.cc:155:do_switch$971$rdmux[0][5][12]$a$3154 [1] $memory$flatten\u_core.$auto$proc_rom.cc:155:do_switch$971$rdmux[0][5][12]$a$3154 [1] $memory$flatten\u_core.$auto$proc_rom.cc:155:do_switch$971$rdmux[0][5][12]$a$3154 [1] $memory$flatten\u_core.$auto$proc_rom.cc:155:do_switch$971$rdmux[0][5][12]$a$3154 [1] $memory$flatten\u_core.$auto$proc_rom.cc:155:do_switch$971$rdmux[0][5][12]$a$3154 [1] $memory$flatten\u_core.$auto$proc_rom.cc:155:do_switch$971$rdmux[0][5][12]$a$3154 [1] 1'0 $memory$flatten\u_core.$auto$proc_rom.cc:155:do_switch$971$rdmux[0][5][12]$a$3154 [1] 1'0 $memory$flatten\u_core.$auto$proc_rom.cc:155:do_switch$971$rdmux[0][5][12]$a$3154 [1] 2'00 $memory$flatten\u_core.$auto$proc_rom.cc:155:do_switch$971$rdmux[0][5][12]$a$3154 [1] 1'0 $memory$flatten\u_core.$auto$proc_rom.cc:155:do_switch$971$rdmux[0][5][12]$a$3154 [1] 1'0 $memory$flatten\u_core.$auto$proc_rom.cc:155:do_switch$971$rdmux[0][5][12]$a$3154 [1] $memory$flatten\u_core.$auto$proc_rom.cc:155:do_switch$971$rdmux[0][5][12]$a$3154 [1] $memory$flatten\u_core.$auto$proc_rom.cc:155:do_switch$971$rdmux[0][5][12]$a$3154 [1] $memory$flatten\u_core.$auto$proc_rom.cc:155:do_switch$971$rdmux[0][5][12]$a$3154 [1] $memory$flatten\u_core.$auto$proc_rom.cc:155:do_switch$971$rdmux[0][5][12]$a$3154 [1] 1'0 }
    Consolidated identical input bits for $mux cell $memory$flatten\u_core.$auto$proc_rom.cc:155:do_switch$967$rdmux[0][6][16]$2880:
      Old ports: A=32'10000000000000000000000000000000, B=32'10000000001001111111100110111000, Y=$memory$flatten\u_core.$auto$proc_rom.cc:155:do_switch$967$rdmux[0][5][8]$a$2761
      New ports: A=1'0, B=1'1, Y=$memory$flatten\u_core.$auto$proc_rom.cc:155:do_switch$967$rdmux[0][5][8]$a$2761 [3]
      New connections: { $memory$flatten\u_core.$auto$proc_rom.cc:155:do_switch$967$rdmux[0][5][8]$a$2761 [31:4] $memory$flatten\u_core.$auto$proc_rom.cc:155:do_switch$967$rdmux[0][5][8]$a$2761 [2:0] } = { 10'1000000000 $memory$flatten\u_core.$auto$proc_rom.cc:155:do_switch$967$rdmux[0][5][8]$a$2761 [3] 2'00 $memory$flatten\u_core.$auto$proc_rom.cc:155:do_switch$967$rdmux[0][5][8]$a$2761 [3] $memory$flatten\u_core.$auto$proc_rom.cc:155:do_switch$967$rdmux[0][5][8]$a$2761 [3] $memory$flatten\u_core.$auto$proc_rom.cc:155:do_switch$967$rdmux[0][5][8]$a$2761 [3] $memory$flatten\u_core.$auto$proc_rom.cc:155:do_switch$967$rdmux[0][5][8]$a$2761 [3] $memory$flatten\u_core.$auto$proc_rom.cc:155:do_switch$967$rdmux[0][5][8]$a$2761 [3] $memory$flatten\u_core.$auto$proc_rom.cc:155:do_switch$967$rdmux[0][5][8]$a$2761 [3] $memory$flatten\u_core.$auto$proc_rom.cc:155:do_switch$967$rdmux[0][5][8]$a$2761 [3] $memory$flatten\u_core.$auto$proc_rom.cc:155:do_switch$967$rdmux[0][5][8]$a$2761 [3] 2'00 $memory$flatten\u_core.$auto$proc_rom.cc:155:do_switch$967$rdmux[0][5][8]$a$2761 [3] $memory$flatten\u_core.$auto$proc_rom.cc:155:do_switch$967$rdmux[0][5][8]$a$2761 [3] 1'0 $memory$flatten\u_core.$auto$proc_rom.cc:155:do_switch$967$rdmux[0][5][8]$a$2761 [3] $memory$flatten\u_core.$auto$proc_rom.cc:155:do_switch$967$rdmux[0][5][8]$a$2761 [3] 3'000 }
    Consolidated identical input bits for $mux cell $memory$flatten\u_core.$auto$proc_rom.cc:155:do_switch$967$rdmux[0][6][13]$2871:
      Old ports: A=32'10000101100000110010010100101000, B=32'10000011110101100001111100011010, Y=$memory$flatten\u_core.$auto$proc_rom.cc:155:do_switch$967$rdmux[0][5][6]$b$2756
      New ports: A=2'10, B=2'01, Y={ $memory$flatten\u_core.$auto$proc_rom.cc:155:do_switch$967$rdmux[0][5][6]$b$2756 [5] $memory$flatten\u_core.$auto$proc_rom.cc:155:do_switch$967$rdmux[0][5][6]$b$2756 [1] }
      New connections: { $memory$flatten\u_core.$auto$proc_rom.cc:155:do_switch$967$rdmux[0][5][6]$b$2756 [31:6] $memory$flatten\u_core.$auto$proc_rom.cc:155:do_switch$967$rdmux[0][5][6]$b$2756 [4:2] $memory$flatten\u_core.$auto$proc_rom.cc:155:do_switch$967$rdmux[0][5][6]$b$2756 [0] } = { 5'10000 $memory$flatten\u_core.$auto$proc_rom.cc:155:do_switch$967$rdmux[0][5][6]$b$2756 [5] $memory$flatten\u_core.$auto$proc_rom.cc:155:do_switch$967$rdmux[0][5][6]$b$2756 [1] 2'11 $memory$flatten\u_core.$auto$proc_rom.cc:155:do_switch$967$rdmux[0][5][6]$b$2756 [1] 1'0 $memory$flatten\u_core.$auto$proc_rom.cc:155:do_switch$967$rdmux[0][5][6]$b$2756 [1] 1'0 $memory$flatten\u_core.$auto$proc_rom.cc:155:do_switch$967$rdmux[0][5][6]$b$2756 [1] 1'1 $memory$flatten\u_core.$auto$proc_rom.cc:155:do_switch$967$rdmux[0][5][6]$b$2756 [5] 2'00 $memory$flatten\u_core.$auto$proc_rom.cc:155:do_switch$967$rdmux[0][5][6]$b$2756 [5] $memory$flatten\u_core.$auto$proc_rom.cc:155:do_switch$967$rdmux[0][5][6]$b$2756 [1] $memory$flatten\u_core.$auto$proc_rom.cc:155:do_switch$967$rdmux[0][5][6]$b$2756 [1] 1'1 $memory$flatten\u_core.$auto$proc_rom.cc:155:do_switch$967$rdmux[0][5][6]$b$2756 [1] 3'100 $memory$flatten\u_core.$auto$proc_rom.cc:155:do_switch$967$rdmux[0][5][6]$b$2756 [1] 3'100 }
    Consolidated identical input bits for $mux cell $memory$flatten\u_core.$auto$proc_rom.cc:155:do_switch$967$rdmux[0][6][6]$2850:
      Old ports: A=32'10111000111000110110101001101110, B=32'10110011110000000110011011010000, Y=$memory$flatten\u_core.$auto$proc_rom.cc:155:do_switch$967$rdmux[0][5][3]$a$2746
      New ports: A=2'01, B=2'10, Y={ $memory$flatten\u_core.$auto$proc_rom.cc:155:do_switch$967$rdmux[0][5][3]$a$2746 [4] $memory$flatten\u_core.$auto$proc_rom.cc:155:do_switch$967$rdmux[0][5][3]$a$2746 [1] }
      New connections: { $memory$flatten\u_core.$auto$proc_rom.cc:155:do_switch$967$rdmux[0][5][3]$a$2746 [31:5] $memory$flatten\u_core.$auto$proc_rom.cc:155:do_switch$967$rdmux[0][5][3]$a$2746 [3:2] $memory$flatten\u_core.$auto$proc_rom.cc:155:do_switch$967$rdmux[0][5][3]$a$2746 [0] } = { 4'1011 $memory$flatten\u_core.$auto$proc_rom.cc:155:do_switch$967$rdmux[0][5][3]$a$2746 [1] 1'0 $memory$flatten\u_core.$auto$proc_rom.cc:155:do_switch$967$rdmux[0][5][3]$a$2746 [4] $memory$flatten\u_core.$auto$proc_rom.cc:155:do_switch$967$rdmux[0][5][3]$a$2746 [4] 2'11 $memory$flatten\u_core.$auto$proc_rom.cc:155:do_switch$967$rdmux[0][5][3]$a$2746 [1] 3'000 $memory$flatten\u_core.$auto$proc_rom.cc:155:do_switch$967$rdmux[0][5][3]$a$2746 [1] $memory$flatten\u_core.$auto$proc_rom.cc:155:do_switch$967$rdmux[0][5][3]$a$2746 [1] 4'0110 $memory$flatten\u_core.$auto$proc_rom.cc:155:do_switch$967$rdmux[0][5][3]$a$2746 [1] $memory$flatten\u_core.$auto$proc_rom.cc:155:do_switch$967$rdmux[0][5][3]$a$2746 [4] 2'10 $memory$flatten\u_core.$auto$proc_rom.cc:155:do_switch$967$rdmux[0][5][3]$a$2746 [4] 1'1 $memory$flatten\u_core.$auto$proc_rom.cc:155:do_switch$967$rdmux[0][5][3]$a$2746 [1] $memory$flatten\u_core.$auto$proc_rom.cc:155:do_switch$967$rdmux[0][5][3]$a$2746 [1] $memory$flatten\u_core.$auto$proc_rom.cc:155:do_switch$967$rdmux[0][5][3]$a$2746 [1] 1'0 }
    Consolidated identical input bits for $mux cell $memory$flatten\u_core.$auto$proc_rom.cc:155:do_switch$971$rdmux[0][6][45]$3348:
      Old ports: A=2055068376, B=0, Y=$memory$flatten\u_core.$auto$proc_rom.cc:155:do_switch$971$rdmux[0][5][22]$b$3185
      New ports: A=1'1, B=1'0, Y=$memory$flatten\u_core.$auto$proc_rom.cc:155:do_switch$971$rdmux[0][5][22]$b$3185 [3]
      New connections: { $memory$flatten\u_core.$auto$proc_rom.cc:155:do_switch$971$rdmux[0][5][22]$b$3185 [31:4] $memory$flatten\u_core.$auto$proc_rom.cc:155:do_switch$971$rdmux[0][5][22]$b$3185 [2:0] } = { 1'0 $memory$flatten\u_core.$auto$proc_rom.cc:155:do_switch$971$rdmux[0][5][22]$b$3185 [3] $memory$flatten\u_core.$auto$proc_rom.cc:155:do_switch$971$rdmux[0][5][22]$b$3185 [3] $memory$flatten\u_core.$auto$proc_rom.cc:155:do_switch$971$rdmux[0][5][22]$b$3185 [3] $memory$flatten\u_core.$auto$proc_rom.cc:155:do_switch$971$rdmux[0][5][22]$b$3185 [3] 1'0 $memory$flatten\u_core.$auto$proc_rom.cc:155:do_switch$971$rdmux[0][5][22]$b$3185 [3] 2'00 $memory$flatten\u_core.$auto$proc_rom.cc:155:do_switch$971$rdmux[0][5][22]$b$3185 [3] $memory$flatten\u_core.$auto$proc_rom.cc:155:do_switch$971$rdmux[0][5][22]$b$3185 [3] $memory$flatten\u_core.$auto$proc_rom.cc:155:do_switch$971$rdmux[0][5][22]$b$3185 [3] $memory$flatten\u_core.$auto$proc_rom.cc:155:do_switch$971$rdmux[0][5][22]$b$3185 [3] $memory$flatten\u_core.$auto$proc_rom.cc:155:do_switch$971$rdmux[0][5][22]$b$3185 [3] 1'0 $memory$flatten\u_core.$auto$proc_rom.cc:155:do_switch$971$rdmux[0][5][22]$b$3185 [3] $memory$flatten\u_core.$auto$proc_rom.cc:155:do_switch$971$rdmux[0][5][22]$b$3185 [3] $memory$flatten\u_core.$auto$proc_rom.cc:155:do_switch$971$rdmux[0][5][22]$b$3185 [3] 1'0 $memory$flatten\u_core.$auto$proc_rom.cc:155:do_switch$971$rdmux[0][5][22]$b$3185 [3] $memory$flatten\u_core.$auto$proc_rom.cc:155:do_switch$971$rdmux[0][5][22]$b$3185 [3] 1'0 $memory$flatten\u_core.$auto$proc_rom.cc:155:do_switch$971$rdmux[0][5][22]$b$3185 [3] 1'0 $memory$flatten\u_core.$auto$proc_rom.cc:155:do_switch$971$rdmux[0][5][22]$b$3185 [3] $memory$flatten\u_core.$auto$proc_rom.cc:155:do_switch$971$rdmux[0][5][22]$b$3185 [3] 1'0 $memory$flatten\u_core.$auto$proc_rom.cc:155:do_switch$971$rdmux[0][5][22]$b$3185 [3] 3'000 }
    Consolidated identical input bits for $mux cell $memory$flatten\u_core.$auto$proc_rom.cc:155:do_switch$971$rdmux[0][6][23]$3282:
      Old ports: A=32'10011101000011101010111011001100, B=0, Y=$memory$flatten\u_core.$auto$proc_rom.cc:155:do_switch$971$rdmux[0][5][11]$b$3152
      New ports: A=1'1, B=1'0, Y=$memory$flatten\u_core.$auto$proc_rom.cc:155:do_switch$971$rdmux[0][5][11]$b$3152 [2]
      New connections: { $memory$flatten\u_core.$auto$proc_rom.cc:155:do_switch$971$rdmux[0][5][11]$b$3152 [31:3] $memory$flatten\u_core.$auto$proc_rom.cc:155:do_switch$971$rdmux[0][5][11]$b$3152 [1:0] } = { $memory$flatten\u_core.$auto$proc_rom.cc:155:do_switch$971$rdmux[0][5][11]$b$3152 [2] 2'00 $memory$flatten\u_core.$auto$proc_rom.cc:155:do_switch$971$rdmux[0][5][11]$b$3152 [2] $memory$flatten\u_core.$auto$proc_rom.cc:155:do_switch$971$rdmux[0][5][11]$b$3152 [2] $memory$flatten\u_core.$auto$proc_rom.cc:155:do_switch$971$rdmux[0][5][11]$b$3152 [2] 1'0 $memory$flatten\u_core.$auto$proc_rom.cc:155:do_switch$971$rdmux[0][5][11]$b$3152 [2] 4'0000 $memory$flatten\u_core.$auto$proc_rom.cc:155:do_switch$971$rdmux[0][5][11]$b$3152 [2] $memory$flatten\u_core.$auto$proc_rom.cc:155:do_switch$971$rdmux[0][5][11]$b$3152 [2] $memory$flatten\u_core.$auto$proc_rom.cc:155:do_switch$971$rdmux[0][5][11]$b$3152 [2] 1'0 $memory$flatten\u_core.$auto$proc_rom.cc:155:do_switch$971$rdmux[0][5][11]$b$3152 [2] 1'0 $memory$flatten\u_core.$auto$proc_rom.cc:155:do_switch$971$rdmux[0][5][11]$b$3152 [2] 1'0 $memory$flatten\u_core.$auto$proc_rom.cc:155:do_switch$971$rdmux[0][5][11]$b$3152 [2] $memory$flatten\u_core.$auto$proc_rom.cc:155:do_switch$971$rdmux[0][5][11]$b$3152 [2] $memory$flatten\u_core.$auto$proc_rom.cc:155:do_switch$971$rdmux[0][5][11]$b$3152 [2] 1'0 $memory$flatten\u_core.$auto$proc_rom.cc:155:do_switch$971$rdmux[0][5][11]$b$3152 [2] $memory$flatten\u_core.$auto$proc_rom.cc:155:do_switch$971$rdmux[0][5][11]$b$3152 [2] 2'00 $memory$flatten\u_core.$auto$proc_rom.cc:155:do_switch$971$rdmux[0][5][11]$b$3152 [2] 2'00 }
    Consolidated identical input bits for $mux cell $memory$flatten\u_core.$auto$proc_rom.cc:155:do_switch$971$rdmux[0][6][20]$3273:
      Old ports: A=32'10001001101111101100111100000100, B=0, Y=$memory$flatten\u_core.$auto$proc_rom.cc:155:do_switch$971$rdmux[0][5][10]$a$3148
      New ports: A=1'1, B=1'0, Y=$memory$flatten\u_core.$auto$proc_rom.cc:155:do_switch$971$rdmux[0][5][10]$a$3148 [2]
      New connections: { $memory$flatten\u_core.$auto$proc_rom.cc:155:do_switch$971$rdmux[0][5][10]$a$3148 [31:3] $memory$flatten\u_core.$auto$proc_rom.cc:155:do_switch$971$rdmux[0][5][10]$a$3148 [1:0] } = { $memory$flatten\u_core.$auto$proc_rom.cc:155:do_switch$971$rdmux[0][5][10]$a$3148 [2] 3'000 $memory$flatten\u_core.$auto$proc_rom.cc:155:do_switch$971$rdmux[0][5][10]$a$3148 [2] 2'00 $memory$flatten\u_core.$auto$proc_rom.cc:155:do_switch$971$rdmux[0][5][10]$a$3148 [2] $memory$flatten\u_core.$auto$proc_rom.cc:155:do_switch$971$rdmux[0][5][10]$a$3148 [2] 1'0 $memory$flatten\u_core.$auto$proc_rom.cc:155:do_switch$971$rdmux[0][5][10]$a$3148 [2] $memory$flatten\u_core.$auto$proc_rom.cc:155:do_switch$971$rdmux[0][5][10]$a$3148 [2] $memory$flatten\u_core.$auto$proc_rom.cc:155:do_switch$971$rdmux[0][5][10]$a$3148 [2] $memory$flatten\u_core.$auto$proc_rom.cc:155:do_switch$971$rdmux[0][5][10]$a$3148 [2] $memory$flatten\u_core.$auto$proc_rom.cc:155:do_switch$971$rdmux[0][5][10]$a$3148 [2] 1'0 $memory$flatten\u_core.$auto$proc_rom.cc:155:do_switch$971$rdmux[0][5][10]$a$3148 [2] $memory$flatten\u_core.$auto$proc_rom.cc:155:do_switch$971$rdmux[0][5][10]$a$3148 [2] 2'00 $memory$flatten\u_core.$auto$proc_rom.cc:155:do_switch$971$rdmux[0][5][10]$a$3148 [2] $memory$flatten\u_core.$auto$proc_rom.cc:155:do_switch$971$rdmux[0][5][10]$a$3148 [2] $memory$flatten\u_core.$auto$proc_rom.cc:155:do_switch$971$rdmux[0][5][10]$a$3148 [2] $memory$flatten\u_core.$auto$proc_rom.cc:155:do_switch$971$rdmux[0][5][10]$a$3148 [2] 7'0000000 }
    Consolidated identical input bits for $mux cell $memory$flatten\u_core.$auto$proc_rom.cc:155:do_switch$967$rdmux[0][6][12]$2868:
      Old ports: A=32'10001001101111100011000011111100, B=32'10000111011110110010101100011111, Y=$memory$flatten\u_core.$auto$proc_rom.cc:155:do_switch$967$rdmux[0][5][6]$a$2755
      New ports: A=2'10, B=2'01, Y={ $memory$flatten\u_core.$auto$proc_rom.cc:155:do_switch$967$rdmux[0][5][6]$a$2755 [5] $memory$flatten\u_core.$auto$proc_rom.cc:155:do_switch$967$rdmux[0][5][6]$a$2755 [0] }
      New connections: { $memory$flatten\u_core.$auto$proc_rom.cc:155:do_switch$967$rdmux[0][5][6]$a$2755 [31:6] $memory$flatten\u_core.$auto$proc_rom.cc:155:do_switch$967$rdmux[0][5][6]$a$2755 [4:1] } = { 4'1000 $memory$flatten\u_core.$auto$proc_rom.cc:155:do_switch$967$rdmux[0][5][6]$a$2755 [5] $memory$flatten\u_core.$auto$proc_rom.cc:155:do_switch$967$rdmux[0][5][6]$a$2755 [0] $memory$flatten\u_core.$auto$proc_rom.cc:155:do_switch$967$rdmux[0][5][6]$a$2755 [0] 1'1 $memory$flatten\u_core.$auto$proc_rom.cc:155:do_switch$967$rdmux[0][5][6]$a$2755 [5] $memory$flatten\u_core.$auto$proc_rom.cc:155:do_switch$967$rdmux[0][5][6]$a$2755 [0] 3'111 $memory$flatten\u_core.$auto$proc_rom.cc:155:do_switch$967$rdmux[0][5][6]$a$2755 [5] 1'1 $memory$flatten\u_core.$auto$proc_rom.cc:155:do_switch$967$rdmux[0][5][6]$a$2755 [0] 3'001 $memory$flatten\u_core.$auto$proc_rom.cc:155:do_switch$967$rdmux[0][5][6]$a$2755 [5] $memory$flatten\u_core.$auto$proc_rom.cc:155:do_switch$967$rdmux[0][5][6]$a$2755 [0] 1'0 $memory$flatten\u_core.$auto$proc_rom.cc:155:do_switch$967$rdmux[0][5][6]$a$2755 [0] $memory$flatten\u_core.$auto$proc_rom.cc:155:do_switch$967$rdmux[0][5][6]$a$2755 [0] $memory$flatten\u_core.$auto$proc_rom.cc:155:do_switch$967$rdmux[0][5][6]$a$2755 [5] $memory$flatten\u_core.$auto$proc_rom.cc:155:do_switch$967$rdmux[0][5][6]$a$2755 [5] 3'111 $memory$flatten\u_core.$auto$proc_rom.cc:155:do_switch$967$rdmux[0][5][6]$a$2755 [0] }
    Consolidated identical input bits for $mux cell $memory$flatten\u_core.$auto$proc_rom.cc:155:do_switch$963$rdmux[0][2][1]$2274:
      Old ports: A=32'10000000000000000000000000000000, B=32'10100101011111101010010101111110, Y=$memory$flatten\u_core.$auto$proc_rom.cc:155:do_switch$963$rdmux[0][1][0]$b$2267
      New ports: A=1'0, B=1'1, Y=$memory$flatten\u_core.$auto$proc_rom.cc:155:do_switch$963$rdmux[0][1][0]$b$2267 [1]
      New connections: { $memory$flatten\u_core.$auto$proc_rom.cc:155:do_switch$963$rdmux[0][1][0]$b$2267 [31:2] $memory$flatten\u_core.$auto$proc_rom.cc:155:do_switch$963$rdmux[0][1][0]$b$2267 [0] } = { 2'10 $memory$flatten\u_core.$auto$proc_rom.cc:155:do_switch$963$rdmux[0][1][0]$b$2267 [1] 2'00 $memory$flatten\u_core.$auto$proc_rom.cc:155:do_switch$963$rdmux[0][1][0]$b$2267 [1] 1'0 $memory$flatten\u_core.$auto$proc_rom.cc:155:do_switch$963$rdmux[0][1][0]$b$2267 [1] 1'0 $memory$flatten\u_core.$auto$proc_rom.cc:155:do_switch$963$rdmux[0][1][0]$b$2267 [1] $memory$flatten\u_core.$auto$proc_rom.cc:155:do_switch$963$rdmux[0][1][0]$b$2267 [1] $memory$flatten\u_core.$auto$proc_rom.cc:155:do_switch$963$rdmux[0][1][0]$b$2267 [1] $memory$flatten\u_core.$auto$proc_rom.cc:155:do_switch$963$rdmux[0][1][0]$b$2267 [1] $memory$flatten\u_core.$auto$proc_rom.cc:155:do_switch$963$rdmux[0][1][0]$b$2267 [1] $memory$flatten\u_core.$auto$proc_rom.cc:155:do_switch$963$rdmux[0][1][0]$b$2267 [1] 1'0 $memory$flatten\u_core.$auto$proc_rom.cc:155:do_switch$963$rdmux[0][1][0]$b$2267 [1] 1'0 $memory$flatten\u_core.$auto$proc_rom.cc:155:do_switch$963$rdmux[0][1][0]$b$2267 [1] 2'00 $memory$flatten\u_core.$auto$proc_rom.cc:155:do_switch$963$rdmux[0][1][0]$b$2267 [1] 1'0 $memory$flatten\u_core.$auto$proc_rom.cc:155:do_switch$963$rdmux[0][1][0]$b$2267 [1] 1'0 $memory$flatten\u_core.$auto$proc_rom.cc:155:do_switch$963$rdmux[0][1][0]$b$2267 [1] $memory$flatten\u_core.$auto$proc_rom.cc:155:do_switch$963$rdmux[0][1][0]$b$2267 [1] $memory$flatten\u_core.$auto$proc_rom.cc:155:do_switch$963$rdmux[0][1][0]$b$2267 [1] $memory$flatten\u_core.$auto$proc_rom.cc:155:do_switch$963$rdmux[0][1][0]$b$2267 [1] $memory$flatten\u_core.$auto$proc_rom.cc:155:do_switch$963$rdmux[0][1][0]$b$2267 [1] 1'0 }
    Consolidated identical input bits for $mux cell $memory$flatten\u_core.$auto$proc_rom.cc:155:do_switch$963$rdmux[0][2][0]$2271:
      Old ports: A=0, B=32'10100101011111100101101010000010, Y=$memory$flatten\u_core.$auto$proc_rom.cc:155:do_switch$963$rdmux[0][1][0]$a$2266
      New ports: A=1'0, B=1'1, Y=$memory$flatten\u_core.$auto$proc_rom.cc:155:do_switch$963$rdmux[0][1][0]$a$2266 [1]
      New connections: { $memory$flatten\u_core.$auto$proc_rom.cc:155:do_switch$963$rdmux[0][1][0]$a$2266 [31:2] $memory$flatten\u_core.$auto$proc_rom.cc:155:do_switch$963$rdmux[0][1][0]$a$2266 [0] } = { $memory$flatten\u_core.$auto$proc_rom.cc:155:do_switch$963$rdmux[0][1][0]$a$2266 [1] 1'0 $memory$flatten\u_core.$auto$proc_rom.cc:155:do_switch$963$rdmux[0][1][0]$a$2266 [1] 2'00 $memory$flatten\u_core.$auto$proc_rom.cc:155:do_switch$963$rdmux[0][1][0]$a$2266 [1] 1'0 $memory$flatten\u_core.$auto$proc_rom.cc:155:do_switch$963$rdmux[0][1][0]$a$2266 [1] 1'0 $memory$flatten\u_core.$auto$proc_rom.cc:155:do_switch$963$rdmux[0][1][0]$a$2266 [1] $memory$flatten\u_core.$auto$proc_rom.cc:155:do_switch$963$rdmux[0][1][0]$a$2266 [1] $memory$flatten\u_core.$auto$proc_rom.cc:155:do_switch$963$rdmux[0][1][0]$a$2266 [1] $memory$flatten\u_core.$auto$proc_rom.cc:155:do_switch$963$rdmux[0][1][0]$a$2266 [1] $memory$flatten\u_core.$auto$proc_rom.cc:155:do_switch$963$rdmux[0][1][0]$a$2266 [1] $memory$flatten\u_core.$auto$proc_rom.cc:155:do_switch$963$rdmux[0][1][0]$a$2266 [1] 2'00 $memory$flatten\u_core.$auto$proc_rom.cc:155:do_switch$963$rdmux[0][1][0]$a$2266 [1] 1'0 $memory$flatten\u_core.$auto$proc_rom.cc:155:do_switch$963$rdmux[0][1][0]$a$2266 [1] $memory$flatten\u_core.$auto$proc_rom.cc:155:do_switch$963$rdmux[0][1][0]$a$2266 [1] 1'0 $memory$flatten\u_core.$auto$proc_rom.cc:155:do_switch$963$rdmux[0][1][0]$a$2266 [1] 1'0 $memory$flatten\u_core.$auto$proc_rom.cc:155:do_switch$963$rdmux[0][1][0]$a$2266 [1] 6'000000 }
    Consolidated identical input bits for $mux cell $memory$flatten\u_core.$auto$proc_rom.cc:155:do_switch$967$rdmux[0][6][5]$2847:
      Old ports: A=32'11000011101010010111000011100011, B=32'10111110001100100110110111001010, Y=$memory$flatten\u_core.$auto$proc_rom.cc:155:do_switch$967$rdmux[0][5][2]$b$2744
      New ports: A=2'01, B=2'10, Y={ $memory$flatten\u_core.$auto$proc_rom.cc:155:do_switch$967$rdmux[0][5][2]$b$2744 [3] $memory$flatten\u_core.$auto$proc_rom.cc:155:do_switch$967$rdmux[0][5][2]$b$2744 [0] }
      New connections: { $memory$flatten\u_core.$auto$proc_rom.cc:155:do_switch$967$rdmux[0][5][2]$b$2744 [31:4] $memory$flatten\u_core.$auto$proc_rom.cc:155:do_switch$967$rdmux[0][5][2]$b$2744 [2:1] } = { 1'1 $memory$flatten\u_core.$auto$proc_rom.cc:155:do_switch$967$rdmux[0][5][2]$b$2744 [0] $memory$flatten\u_core.$auto$proc_rom.cc:155:do_switch$967$rdmux[0][5][2]$b$2744 [3] $memory$flatten\u_core.$auto$proc_rom.cc:155:do_switch$967$rdmux[0][5][2]$b$2744 [3] $memory$flatten\u_core.$auto$proc_rom.cc:155:do_switch$967$rdmux[0][5][2]$b$2744 [3] $memory$flatten\u_core.$auto$proc_rom.cc:155:do_switch$967$rdmux[0][5][2]$b$2744 [3] 1'1 $memory$flatten\u_core.$auto$proc_rom.cc:155:do_switch$967$rdmux[0][5][2]$b$2744 [0] $memory$flatten\u_core.$auto$proc_rom.cc:155:do_switch$967$rdmux[0][5][2]$b$2744 [0] 2'01 $memory$flatten\u_core.$auto$proc_rom.cc:155:do_switch$967$rdmux[0][5][2]$b$2744 [3] $memory$flatten\u_core.$auto$proc_rom.cc:155:do_switch$967$rdmux[0][5][2]$b$2744 [0] 1'0 $memory$flatten\u_core.$auto$proc_rom.cc:155:do_switch$967$rdmux[0][5][2]$b$2744 [3] $memory$flatten\u_core.$auto$proc_rom.cc:155:do_switch$967$rdmux[0][5][2]$b$2744 [0] 3'011 $memory$flatten\u_core.$auto$proc_rom.cc:155:do_switch$967$rdmux[0][5][2]$b$2744 [0] $memory$flatten\u_core.$auto$proc_rom.cc:155:do_switch$967$rdmux[0][5][2]$b$2744 [3] $memory$flatten\u_core.$auto$proc_rom.cc:155:do_switch$967$rdmux[0][5][2]$b$2744 [3] 1'0 $memory$flatten\u_core.$auto$proc_rom.cc:155:do_switch$967$rdmux[0][5][2]$b$2744 [3] 2'11 $memory$flatten\u_core.$auto$proc_rom.cc:155:do_switch$967$rdmux[0][5][2]$b$2744 [0] 3'001 }
    Consolidated identical input bits for $mux cell $flatten\u_core.$ternary$rtl/peweaver_shared_fft.v:684$730:
      Old ports: A=2'01, B=2'11, Y=$auto$wreduce.cc:513:run$1994 [1:0]
      New ports: A=1'0, B=1'1, Y=$auto$wreduce.cc:513:run$1994 [1]
      New connections: $auto$wreduce.cc:513:run$1994 [0] = 1'1
    Consolidated identical input bits for $mux cell $flatten\u_core.$ternary$rtl/peweaver_shared_fft.v:495$702:
      Old ports: A=5'00000, B={ \u_core.s2_bf2cnt [2:0] 2'00 }, Y=\u_core.s2_twnum
      New ports: A=3'000, B=\u_core.s2_bf2cnt [2:0], Y=\u_core.s2_twnum [4:2]
      New connections: \u_core.s2_twnum [1:0] = 2'00
    Consolidated identical input bits for $mux cell $flatten\u_core.$ternary$rtl/peweaver_shared_fft.v:57$861:
      Old ports: A=6'011111, B=6'111111, Y=$auto$wreduce.cc:513:run$2008 [5:0]
      New ports: A=1'0, B=1'1, Y=$auto$wreduce.cc:513:run$2008 [5]
      New connections: $auto$wreduce.cc:513:run$2008 [4:0] = 5'11111
    Consolidated identical input bits for $mux cell $flatten\u_core.$ternary$rtl/peweaver_shared_fft.v:124$869:
      Old ports: A=5'01111, B=5'11111, Y=$auto$wreduce.cc:513:run$2023 [4:0]
      New ports: A=1'0, B=1'1, Y=$auto$wreduce.cc:513:run$2023 [4]
      New connections: $auto$wreduce.cc:513:run$2023 [3:0] = 4'1111
    Consolidated identical input bits for $mux cell $memory$flatten\u_core.$auto$proc_rom.cc:155:do_switch$971$rdmux[0][6][16]$3261:
      Old ports: A=32'10000000000000000000000000000000, B=32'10000000001001111111100110111000, Y=$memory$flatten\u_core.$auto$proc_rom.cc:155:do_switch$971$rdmux[0][5][8]$a$3142
      New ports: A=1'0, B=1'1, Y=$memory$flatten\u_core.$auto$proc_rom.cc:155:do_switch$971$rdmux[0][5][8]$a$3142 [3]
      New connections: { $memory$flatten\u_core.$auto$proc_rom.cc:155:do_switch$971$rdmux[0][5][8]$a$3142 [31:4] $memory$flatten\u_core.$auto$proc_rom.cc:155:do_switch$971$rdmux[0][5][8]$a$3142 [2:0] } = { 10'1000000000 $memory$flatten\u_core.$auto$proc_rom.cc:155:do_switch$971$rdmux[0][5][8]$a$3142 [3] 2'00 $memory$flatten\u_core.$auto$proc_rom.cc:155:do_switch$971$rdmux[0][5][8]$a$3142 [3] $memory$flatten\u_core.$auto$proc_rom.cc:155:do_switch$971$rdmux[0][5][8]$a$3142 [3] $memory$flatten\u_core.$auto$proc_rom.cc:155:do_switch$971$rdmux[0][5][8]$a$3142 [3] $memory$flatten\u_core.$auto$proc_rom.cc:155:do_switch$971$rdmux[0][5][8]$a$3142 [3] $memory$flatten\u_core.$auto$proc_rom.cc:155:do_switch$971$rdmux[0][5][8]$a$3142 [3] $memory$flatten\u_core.$auto$proc_rom.cc:155:do_switch$971$rdmux[0][5][8]$a$3142 [3] $memory$flatten\u_core.$auto$proc_rom.cc:155:do_switch$971$rdmux[0][5][8]$a$3142 [3] $memory$flatten\u_core.$auto$proc_rom.cc:155:do_switch$971$rdmux[0][5][8]$a$3142 [3] 2'00 $memory$flatten\u_core.$auto$proc_rom.cc:155:do_switch$971$rdmux[0][5][8]$a$3142 [3] $memory$flatten\u_core.$auto$proc_rom.cc:155:do_switch$971$rdmux[0][5][8]$a$3142 [3] 1'0 $memory$flatten\u_core.$auto$proc_rom.cc:155:do_switch$971$rdmux[0][5][8]$a$3142 [3] $memory$flatten\u_core.$auto$proc_rom.cc:155:do_switch$971$rdmux[0][5][8]$a$3142 [3] 3'000 }
    Consolidated identical input bits for $mux cell $memory$flatten\u_core.$auto$proc_rom.cc:155:do_switch$971$rdmux[0][6][21]$3276:
      Old ports: A=32'10001111000111011100001110101001, B=0, Y=$memory$flatten\u_core.$auto$proc_rom.cc:155:do_switch$971$rdmux[0][5][10]$b$3149
      New ports: A=1'1, B=1'0, Y=$memory$flatten\u_core.$auto$proc_rom.cc:155:do_switch$971$rdmux[0][5][10]$b$3149 [0]
      New connections: $memory$flatten\u_core.$auto$proc_rom.cc:155:do_switch$971$rdmux[0][5][10]$b$3149 [31:1] = { $memory$flatten\u_core.$auto$proc_rom.cc:155:do_switch$971$rdmux[0][5][10]$b$3149 [0] 3'000 $memory$flatten\u_core.$auto$proc_rom.cc:155:do_switch$971$rdmux[0][5][10]$b$3149 [0] $memory$flatten\u_core.$auto$proc_rom.cc:155:do_switch$971$rdmux[0][5][10]$b$3149 [0] $memory$flatten\u_core.$auto$proc_rom.cc:155:do_switch$971$rdmux[0][5][10]$b$3149 [0] $memory$flatten\u_core.$auto$proc_rom.cc:155:do_switch$971$rdmux[0][5][10]$b$3149 [0] 3'000 $memory$flatten\u_core.$auto$proc_rom.cc:155:do_switch$971$rdmux[0][5][10]$b$3149 [0] $memory$flatten\u_core.$auto$proc_rom.cc:155:do_switch$971$rdmux[0][5][10]$b$3149 [0] $memory$flatten\u_core.$auto$proc_rom.cc:155:do_switch$971$rdmux[0][5][10]$b$3149 [0] 1'0 $memory$flatten\u_core.$auto$proc_rom.cc:155:do_switch$971$rdmux[0][5][10]$b$3149 [0] $memory$flatten\u_core.$auto$proc_rom.cc:155:do_switch$971$rdmux[0][5][10]$b$3149 [0] $memory$flatten\u_core.$auto$proc_rom.cc:155:do_switch$971$rdmux[0][5][10]$b$3149 [0] 4'0000 $memory$flatten\u_core.$auto$proc_rom.cc:155:do_switch$971$rdmux[0][5][10]$b$3149 [0] $memory$flatten\u_core.$auto$proc_rom.cc:155:do_switch$971$rdmux[0][5][10]$b$3149 [0] $memory$flatten\u_core.$auto$proc_rom.cc:155:do_switch$971$rdmux[0][5][10]$b$3149 [0] 1'0 $memory$flatten\u_core.$auto$proc_rom.cc:155:do_switch$971$rdmux[0][5][10]$b$3149 [0] 1'0 $memory$flatten\u_core.$auto$proc_rom.cc:155:do_switch$971$rdmux[0][5][10]$b$3149 [0] 2'00 }
    Consolidated identical input bits for $mux cell $memory$flatten\u_core.$auto$proc_rom.cc:155:do_switch$971$rdmux[0][6][30]$3303:
      Old ports: A=32'11100111000001111000001001110110, B=0, Y=$memory$flatten\u_core.$auto$proc_rom.cc:155:do_switch$971$rdmux[0][5][15]$a$3163
      New ports: A=1'1, B=1'0, Y=$memory$flatten\u_core.$auto$proc_rom.cc:155:do_switch$971$rdmux[0][5][15]$a$3163 [1]
      New connections: { $memory$flatten\u_core.$auto$proc_rom.cc:155:do_switch$971$rdmux[0][5][15]$a$3163 [31:2] $memory$flatten\u_core.$auto$proc_rom.cc:155:do_switch$971$rdmux[0][5][15]$a$3163 [0] } = { $memory$flatten\u_core.$auto$proc_rom.cc:155:do_switch$971$rdmux[0][5][15]$a$3163 [1] $memory$flatten\u_core.$auto$proc_rom.cc:155:do_switch$971$rdmux[0][5][15]$a$3163 [1] $memory$flatten\u_core.$auto$proc_rom.cc:155:do_switch$971$rdmux[0][5][15]$a$3163 [1] 2'00 $memory$flatten\u_core.$auto$proc_rom.cc:155:do_switch$971$rdmux[0][5][15]$a$3163 [1] $memory$flatten\u_core.$auto$proc_rom.cc:155:do_switch$971$rdmux[0][5][15]$a$3163 [1] $memory$flatten\u_core.$auto$proc_rom.cc:155:do_switch$971$rdmux[0][5][15]$a$3163 [1] 5'00000 $memory$flatten\u_core.$auto$proc_rom.cc:155:do_switch$971$rdmux[0][5][15]$a$3163 [1] $memory$flatten\u_core.$auto$proc_rom.cc:155:do_switch$971$rdmux[0][5][15]$a$3163 [1] $memory$flatten\u_core.$auto$proc_rom.cc:155:do_switch$971$rdmux[0][5][15]$a$3163 [1] $memory$flatten\u_core.$auto$proc_rom.cc:155:do_switch$971$rdmux[0][5][15]$a$3163 [1] 5'00000 $memory$flatten\u_core.$auto$proc_rom.cc:155:do_switch$971$rdmux[0][5][15]$a$3163 [1] 2'00 $memory$flatten\u_core.$auto$proc_rom.cc:155:do_switch$971$rdmux[0][5][15]$a$3163 [1] $memory$flatten\u_core.$auto$proc_rom.cc:155:do_switch$971$rdmux[0][5][15]$a$3163 [1] $memory$flatten\u_core.$auto$proc_rom.cc:155:do_switch$971$rdmux[0][5][15]$a$3163 [1] 1'0 $memory$flatten\u_core.$auto$proc_rom.cc:155:do_switch$971$rdmux[0][5][15]$a$3163 [1] 1'0 }
    Consolidated identical input bits for $mux cell $flatten\u_core.$ternary$rtl/peweaver_shared_fft.v:102$544:
      Old ports: A=7'0111111, B=7'1111111, Y=$flatten\u_core.$ternary$rtl/peweaver_shared_fft.v:102$544_Y
      New ports: A=1'0, B=1'1, Y=$flatten\u_core.$ternary$rtl/peweaver_shared_fft.v:102$544_Y [6]
      New connections: $flatten\u_core.$ternary$rtl/peweaver_shared_fft.v:102$544_Y [5:0] = 6'111111
    Consolidated identical input bits for $mux cell $flatten\u_core.$ternary$rtl/peweaver_shared_fft.v:475$686:
      Old ports: A=4'0111, B=4'1111, Y=$auto$wreduce.cc:513:run$2011 [3:0]
      New ports: A=1'0, B=1'1, Y=$auto$wreduce.cc:513:run$2011 [3]
      New connections: $auto$wreduce.cc:513:run$2011 [2:0] = 3'111
  Optimizing cells in module \peweaver_ppa_shared_fft.
    Consolidated identical input bits for $mux cell $memory$flatten\u_core.$auto$proc_rom.cc:155:do_switch$967$rdmux[0][5][23]$2805:
      Old ports: A=$memory$flatten\u_core.$auto$proc_rom.cc:155:do_switch$967$rdmux[0][5][23]$a$2806, B=0, Y=$memory$flatten\u_core.$auto$proc_rom.cc:155:do_switch$967$rdmux[0][4][11]$b$2723
      New ports: A=$memory$flatten\u_core.$auto$proc_rom.cc:155:do_switch$967$rdmux[0][5][23]$a$2806 [3], B=1'0, Y=$memory$flatten\u_core.$auto$proc_rom.cc:155:do_switch$967$rdmux[0][4][11]$b$2723 [3]
      New connections: { $memory$flatten\u_core.$auto$proc_rom.cc:155:do_switch$967$rdmux[0][4][11]$b$2723 [31:4] $memory$flatten\u_core.$auto$proc_rom.cc:155:do_switch$967$rdmux[0][4][11]$b$2723 [2:0] } = { 1'0 $memory$flatten\u_core.$auto$proc_rom.cc:155:do_switch$967$rdmux[0][4][11]$b$2723 [3] $memory$flatten\u_core.$auto$proc_rom.cc:155:do_switch$967$rdmux[0][4][11]$b$2723 [3] $memory$flatten\u_core.$auto$proc_rom.cc:155:do_switch$967$rdmux[0][4][11]$b$2723 [3] $memory$flatten\u_core.$auto$proc_rom.cc:155:do_switch$967$rdmux[0][4][11]$b$2723 [3] $memory$flatten\u_core.$auto$proc_rom.cc:155:do_switch$967$rdmux[0][4][11]$b$2723 [3] $memory$flatten\u_core.$auto$proc_rom.cc:155:do_switch$967$rdmux[0][4][11]$b$2723 [3] 1'0 $memory$flatten\u_core.$auto$proc_rom.cc:155:do_switch$967$rdmux[0][4][11]$b$2723 [3] 2'00 $memory$flatten\u_core.$auto$proc_rom.cc:155:do_switch$967$rdmux[0][4][11]$b$2723 [3] $memory$flatten\u_core.$auto$proc_rom.cc:155:do_switch$967$rdmux[0][4][11]$b$2723 [3] $memory$flatten\u_core.$auto$proc_rom.cc:155:do_switch$967$rdmux[0][4][11]$b$2723 [3] 1'0 $memory$flatten\u_core.$auto$proc_rom.cc:155:do_switch$967$rdmux[0][4][11]$b$2723 [3] $memory$flatten\u_core.$auto$proc_rom.cc:155:do_switch$967$rdmux[0][4][11]$b$2723 [3] $memory$flatten\u_core.$auto$proc_rom.cc:155:do_switch$967$rdmux[0][4][11]$b$2723 [3] $memory$flatten\u_core.$auto$proc_rom.cc:155:do_switch$967$rdmux[0][4][11]$b$2723 [3] 1'0 $memory$flatten\u_core.$auto$proc_rom.cc:155:do_switch$967$rdmux[0][4][11]$b$2723 [3] $memory$flatten\u_core.$auto$proc_rom.cc:155:do_switch$967$rdmux[0][4][11]$b$2723 [3] 1'0 $memory$flatten\u_core.$auto$proc_rom.cc:155:do_switch$967$rdmux[0][4][11]$b$2723 [3] 2'00 $memory$flatten\u_core.$auto$proc_rom.cc:155:do_switch$967$rdmux[0][4][11]$b$2723 [3] $memory$flatten\u_core.$auto$proc_rom.cc:155:do_switch$967$rdmux[0][4][11]$b$2723 [3] 3'000 }
    Consolidated identical input bits for $mux cell $memory$flatten\u_core.$auto$proc_rom.cc:155:do_switch$967$rdmux[0][5][22]$2802:
      Old ports: A=0, B=$memory$flatten\u_core.$auto$proc_rom.cc:155:do_switch$967$rdmux[0][5][22]$b$2804, Y=$memory$flatten\u_core.$auto$proc_rom.cc:155:do_switch$967$rdmux[0][4][11]$a$2722
      New ports: A=1'0, B=$memory$flatten\u_core.$auto$proc_rom.cc:155:do_switch$967$rdmux[0][5][22]$b$2804 [3], Y=$memory$flatten\u_core.$auto$proc_rom.cc:155:do_switch$967$rdmux[0][4][11]$a$2722 [3]
      New connections: { $memory$flatten\u_core.$auto$proc_rom.cc:155:do_switch$967$rdmux[0][4][11]$a$2722 [31:4] $memory$flatten\u_core.$auto$proc_rom.cc:155:do_switch$967$rdmux[0][4][11]$a$2722 [2:0] } = { 1'0 $memory$flatten\u_core.$auto$proc_rom.cc:155:do_switch$967$rdmux[0][4][11]$a$2722 [3] $memory$flatten\u_core.$auto$proc_rom.cc:155:do_switch$967$rdmux[0][4][11]$a$2722 [3] $memory$flatten\u_core.$auto$proc_rom.cc:155:do_switch$967$rdmux[0][4][11]$a$2722 [3] $memory$flatten\u_core.$auto$proc_rom.cc:155:do_switch$967$rdmux[0][4][11]$a$2722 [3] 1'0 $memory$flatten\u_core.$auto$proc_rom.cc:155:do_switch$967$rdmux[0][4][11]$a$2722 [3] 2'00 $memory$flatten\u_core.$auto$proc_rom.cc:155:do_switch$967$rdmux[0][4][11]$a$2722 [3] $memory$flatten\u_core.$auto$proc_rom.cc:155:do_switch$967$rdmux[0][4][11]$a$2722 [3] $memory$flatten\u_core.$auto$proc_rom.cc:155:do_switch$967$rdmux[0][4][11]$a$2722 [3] $memory$flatten\u_core.$auto$proc_rom.cc:155:do_switch$967$rdmux[0][4][11]$a$2722 [3] $memory$flatten\u_core.$auto$proc_rom.cc:155:do_switch$967$rdmux[0][4][11]$a$2722 [3] 1'0 $memory$flatten\u_core.$auto$proc_rom.cc:155:do_switch$967$rdmux[0][4][11]$a$2722 [3] $memory$flatten\u_core.$auto$proc_rom.cc:155:do_switch$967$rdmux[0][4][11]$a$2722 [3] $memory$flatten\u_core.$auto$proc_rom.cc:155:do_switch$967$rdmux[0][4][11]$a$2722 [3] 1'0 $memory$flatten\u_core.$auto$proc_rom.cc:155:do_switch$967$rdmux[0][4][11]$a$2722 [3] $memory$flatten\u_core.$auto$proc_rom.cc:155:do_switch$967$rdmux[0][4][11]$a$2722 [3] 1'0 $memory$flatten\u_core.$auto$proc_rom.cc:155:do_switch$967$rdmux[0][4][11]$a$2722 [3] 1'0 $memory$flatten\u_core.$auto$proc_rom.cc:155:do_switch$967$rdmux[0][4][11]$a$2722 [3] $memory$flatten\u_core.$auto$proc_rom.cc:155:do_switch$967$rdmux[0][4][11]$a$2722 [3] 1'0 $memory$flatten\u_core.$auto$proc_rom.cc:155:do_switch$967$rdmux[0][4][11]$a$2722 [3] 3'000 }
    Consolidated identical input bits for $mux cell $memory$flatten\u_core.$auto$proc_rom.cc:155:do_switch$967$rdmux[0][5][21]$2799:
      Old ports: A=$memory$flatten\u_core.$auto$proc_rom.cc:155:do_switch$967$rdmux[0][5][21]$a$2800, B=$memory$flatten\u_core.$auto$proc_rom.cc:155:do_switch$967$rdmux[0][5][21]$b$2801, Y=$memory$flatten\u_core.$auto$proc_rom.cc:155:do_switch$967$rdmux[0][4][10]$b$2720
      New ports: A={ 1'0 $memory$flatten\u_core.$auto$proc_rom.cc:155:do_switch$967$rdmux[0][5][21]$a$2800 [0] $memory$flatten\u_core.$auto$proc_rom.cc:155:do_switch$967$rdmux[0][5][21]$a$2800 [0] }, B={ $memory$flatten\u_core.$auto$proc_rom.cc:155:do_switch$967$rdmux[0][5][21]$b$2801 [1] $memory$flatten\u_core.$auto$proc_rom.cc:155:do_switch$967$rdmux[0][5][21]$b$2801 [1] 1'0 }, Y=$memory$flatten\u_core.$auto$proc_rom.cc:155:do_switch$967$rdmux[0][4][10]$b$2720 [2:0]
      New connections: $memory$flatten\u_core.$auto$proc_rom.cc:155:do_switch$967$rdmux[0][4][10]$b$2720 [31:3] = { 1'0 $memory$flatten\u_core.$auto$proc_rom.cc:155:do_switch$967$rdmux[0][4][10]$b$2720 [1] $memory$flatten\u_core.$auto$proc_rom.cc:155:do_switch$967$rdmux[0][4][10]$b$2720 [1] $memory$flatten\u_core.$auto$proc_rom.cc:155:do_switch$967$rdmux[0][4][10]$b$2720 [2] $memory$flatten\u_core.$auto$proc_rom.cc:155:do_switch$967$rdmux[0][4][10]$b$2720 [0] 1'0 $memory$flatten\u_core.$auto$proc_rom.cc:155:do_switch$967$rdmux[0][4][10]$b$2720 [1] $memory$flatten\u_core.$auto$proc_rom.cc:155:do_switch$967$rdmux[0][4][10]$b$2720 [2] $memory$flatten\u_core.$auto$proc_rom.cc:155:do_switch$967$rdmux[0][4][10]$b$2720 [2] $memory$flatten\u_core.$auto$proc_rom.cc:155:do_switch$967$rdmux[0][4][10]$b$2720 [0] $memory$flatten\u_core.$auto$proc_rom.cc:155:do_switch$967$rdmux[0][4][10]$b$2720 [1] $memory$flatten\u_core.$auto$proc_rom.cc:155:do_switch$967$rdmux[0][4][10]$b$2720 [2] $memory$flatten\u_core.$auto$proc_rom.cc:155:do_switch$967$rdmux[0][4][10]$b$2720 [0] $memory$flatten\u_core.$auto$proc_rom.cc:155:do_switch$967$rdmux[0][4][10]$b$2720 [1] $memory$flatten\u_core.$auto$proc_rom.cc:155:do_switch$967$rdmux[0][4][10]$b$2720 [1] 1'0 $memory$flatten\u_core.$auto$proc_rom.cc:155:do_switch$967$rdmux[0][4][10]$b$2720 [1] $memory$flatten\u_core.$auto$proc_rom.cc:155:do_switch$967$rdmux[0][4][10]$b$2720 [2] $memory$flatten\u_core.$auto$proc_rom.cc:155:do_switch$967$rdmux[0][4][10]$b$2720 [0] $memory$flatten\u_core.$auto$proc_rom.cc:155:do_switch$967$rdmux[0][4][10]$b$2720 [0] $memory$flatten\u_core.$auto$proc_rom.cc:155:do_switch$967$rdmux[0][4][10]$b$2720 [1] 2'00 $memory$flatten\u_core.$auto$proc_rom.cc:155:do_switch$967$rdmux[0][4][10]$b$2720 [2] $memory$flatten\u_core.$auto$proc_rom.cc:155:do_switch$967$rdmux[0][4][10]$b$2720 [0] $memory$flatten\u_core.$auto$proc_rom.cc:155:do_switch$967$rdmux[0][4][10]$b$2720 [1:0] 2'00 }
    Consolidated identical input bits for $mux cell $memory$flatten\u_core.$auto$proc_rom.cc:155:do_switch$967$rdmux[0][5][20]$2796:
      Old ports: A=$memory$flatten\u_core.$auto$proc_rom.cc:155:do_switch$967$rdmux[0][5][20]$a$2797, B=0, Y=$memory$flatten\u_core.$auto$proc_rom.cc:155:do_switch$967$rdmux[0][4][10]$a$2719
      New ports: A=$memory$flatten\u_core.$auto$proc_rom.cc:155:do_switch$967$rdmux[0][5][20]$a$2797 [1], B=1'0, Y=$memory$flatten\u_core.$auto$proc_rom.cc:155:do_switch$967$rdmux[0][4][10]$a$2719 [1]
      New connections: { $memory$flatten\u_core.$auto$proc_rom.cc:155:do_switch$967$rdmux[0][4][10]$a$2719 [31:2] $memory$flatten\u_core.$auto$proc_rom.cc:155:do_switch$967$rdmux[0][4][10]$a$2719 [0] } = { 1'0 $memory$flatten\u_core.$auto$proc_rom.cc:155:do_switch$967$rdmux[0][4][10]$a$2719 [1] 1'0 $memory$flatten\u_core.$auto$proc_rom.cc:155:do_switch$967$rdmux[0][4][10]$a$2719 [1] $memory$flatten\u_core.$auto$proc_rom.cc:155:do_switch$967$rdmux[0][4][10]$a$2719 [1] $memory$flatten\u_core.$auto$proc_rom.cc:155:do_switch$967$rdmux[0][4][10]$a$2719 [1] $memory$flatten\u_core.$auto$proc_rom.cc:155:do_switch$967$rdmux[0][4][10]$a$2719 [1] 1'0 $memory$flatten\u_core.$auto$proc_rom.cc:155:do_switch$967$rdmux[0][4][10]$a$2719 [1] $memory$flatten\u_core.$auto$proc_rom.cc:155:do_switch$967$rdmux[0][4][10]$a$2719 [1] 1'0 $memory$flatten\u_core.$auto$proc_rom.cc:155:do_switch$967$rdmux[0][4][10]$a$2719 [1] 1'0 $memory$flatten\u_core.$auto$proc_rom.cc:155:do_switch$967$rdmux[0][4][10]$a$2719 [1] $memory$flatten\u_core.$auto$proc_rom.cc:155:do_switch$967$rdmux[0][4][10]$a$2719 [1] $memory$flatten\u_core.$auto$proc_rom.cc:155:do_switch$967$rdmux[0][4][10]$a$2719 [1] $memory$flatten\u_core.$auto$proc_rom.cc:155:do_switch$967$rdmux[0][4][10]$a$2719 [1] 1'0 $memory$flatten\u_core.$auto$proc_rom.cc:155:do_switch$967$rdmux[0][4][10]$a$2719 [1] 1'0 $memory$flatten\u_core.$auto$proc_rom.cc:155:do_switch$967$rdmux[0][4][10]$a$2719 [1] 1'0 $memory$flatten\u_core.$auto$proc_rom.cc:155:do_switch$967$rdmux[0][4][10]$a$2719 [1] 5'00000 $memory$flatten\u_core.$auto$proc_rom.cc:155:do_switch$967$rdmux[0][4][10]$a$2719 [1] 2'00 }
    Consolidated identical input bits for $mux cell $memory$flatten\u_core.$auto$proc_rom.cc:155:do_switch$967$rdmux[0][5][19]$2793:
      Old ports: A=0, B=$memory$flatten\u_core.$auto$proc_rom.cc:155:do_switch$967$rdmux[0][5][19]$b$2795, Y=$memory$flatten\u_core.$auto$proc_rom.cc:155:do_switch$967$rdmux[0][4][9]$b$2717
      New ports: A=1'0, B=$memory$flatten\u_core.$auto$proc_rom.cc:155:do_switch$967$rdmux[0][5][19]$b$2795 [1], Y=$memory$flatten\u_core.$auto$proc_rom.cc:155:do_switch$967$rdmux[0][4][9]$b$2717 [1]
      New connections: { $memory$flatten\u_core.$auto$proc_rom.cc:155:do_switch$967$rdmux[0][4][9]$b$2717 [31:2] $memory$flatten\u_core.$auto$proc_rom.cc:155:do_switch$967$rdmux[0][4][9]$b$2717 [0] } = { 1'0 $memory$flatten\u_core.$auto$proc_rom.cc:155:do_switch$967$rdmux[0][4][9]$b$2717 [1] 1'0 $memory$flatten\u_core.$auto$proc_rom.cc:155:do_switch$967$rdmux[0][4][9]$b$2717 [1] 3'000 $memory$flatten\u_core.$auto$proc_rom.cc:155:do_switch$967$rdmux[0][4][9]$b$2717 [1] 2'00 $memory$flatten\u_core.$auto$proc_rom.cc:155:do_switch$967$rdmux[0][4][9]$b$2717 [1] $memory$flatten\u_core.$auto$proc_rom.cc:155:do_switch$967$rdmux[0][4][9]$b$2717 [1] 1'0 $memory$flatten\u_core.$auto$proc_rom.cc:155:do_switch$967$rdmux[0][4][9]$b$2717 [1] 2'00 $memory$flatten\u_core.$auto$proc_rom.cc:155:do_switch$967$rdmux[0][4][9]$b$2717 [1] 2'00 $memory$flatten\u_core.$auto$proc_rom.cc:155:do_switch$967$rdmux[0][4][9]$b$2717 [1] $memory$flatten\u_core.$auto$proc_rom.cc:155:do_switch$967$rdmux[0][4][9]$b$2717 [1] $memory$flatten\u_core.$auto$proc_rom.cc:155:do_switch$967$rdmux[0][4][9]$b$2717 [1] 1'0 $memory$flatten\u_core.$auto$proc_rom.cc:155:do_switch$967$rdmux[0][4][9]$b$2717 [1] 4'0000 $memory$flatten\u_core.$auto$proc_rom.cc:155:do_switch$967$rdmux[0][4][9]$b$2717 [1] $memory$flatten\u_core.$auto$proc_rom.cc:155:do_switch$967$rdmux[0][4][9]$b$2717 [1] 1'0 }
    Consolidated identical input bits for $mux cell $memory$flatten\u_core.$auto$proc_rom.cc:155:do_switch$967$rdmux[0][5][18]$2790:
      Old ports: A=$memory$flatten\u_core.$auto$proc_rom.cc:155:do_switch$967$rdmux[0][5][18]$a$2791, B=$memory$flatten\u_core.$auto$proc_rom.cc:155:do_switch$967$rdmux[0][5][18]$b$2792, Y=$memory$flatten\u_core.$auto$proc_rom.cc:155:do_switch$967$rdmux[0][4][9]$a$2716
      New ports: A={ 1'0 $memory$flatten\u_core.$auto$proc_rom.cc:155:do_switch$967$rdmux[0][5][18]$a$2791 [1] $memory$flatten\u_core.$auto$proc_rom.cc:155:do_switch$967$rdmux[0][5][18]$a$2791 [1] }, B={ $memory$flatten\u_core.$auto$proc_rom.cc:155:do_switch$967$rdmux[0][5][18]$b$2792 [1] 1'0 $memory$flatten\u_core.$auto$proc_rom.cc:155:do_switch$967$rdmux[0][5][18]$b$2792 [1] }, Y={ $memory$flatten\u_core.$auto$proc_rom.cc:155:do_switch$967$rdmux[0][4][9]$a$2716 [9] $memory$flatten\u_core.$auto$proc_rom.cc:155:do_switch$967$rdmux[0][4][9]$a$2716 [3] $memory$flatten\u_core.$auto$proc_rom.cc:155:do_switch$967$rdmux[0][4][9]$a$2716 [1] }
      New connections: { $memory$flatten\u_core.$auto$proc_rom.cc:155:do_switch$967$rdmux[0][4][9]$a$2716 [31:10] $memory$flatten\u_core.$auto$proc_rom.cc:155:do_switch$967$rdmux[0][4][9]$a$2716 [8:4] $memory$flatten\u_core.$auto$proc_rom.cc:155:do_switch$967$rdmux[0][4][9]$a$2716 [2] $memory$flatten\u_core.$auto$proc_rom.cc:155:do_switch$967$rdmux[0][4][9]$a$2716 [0] } = { 1'0 $memory$flatten\u_core.$auto$proc_rom.cc:155:do_switch$967$rdmux[0][4][9]$a$2716 [9] $memory$flatten\u_core.$auto$proc_rom.cc:155:do_switch$967$rdmux[0][4][9]$a$2716 [3] $memory$flatten\u_core.$auto$proc_rom.cc:155:do_switch$967$rdmux[0][4][9]$a$2716 [3] 3'000 $memory$flatten\u_core.$auto$proc_rom.cc:155:do_switch$967$rdmux[0][4][9]$a$2716 [9] $memory$flatten\u_core.$auto$proc_rom.cc:155:do_switch$967$rdmux[0][4][9]$a$2716 [1] $memory$flatten\u_core.$auto$proc_rom.cc:155:do_switch$967$rdmux[0][4][9]$a$2716 [1] $memory$flatten\u_core.$auto$proc_rom.cc:155:do_switch$967$rdmux[0][4][9]$a$2716 [3] $memory$flatten\u_core.$auto$proc_rom.cc:155:do_switch$967$rdmux[0][4][9]$a$2716 [3] $memory$flatten\u_core.$auto$proc_rom.cc:155:do_switch$967$rdmux[0][4][9]$a$2716 [1] $memory$flatten\u_core.$auto$proc_rom.cc:155:do_switch$967$rdmux[0][4][9]$a$2716 [1] $memory$flatten\u_core.$auto$proc_rom.cc:155:do_switch$967$rdmux[0][4][9]$a$2716 [9] 1'0 $memory$flatten\u_core.$auto$proc_rom.cc:155:do_switch$967$rdmux[0][4][9]$a$2716 [1] 2'00 $memory$flatten\u_core.$auto$proc_rom.cc:155:do_switch$967$rdmux[0][4][9]$a$2716 [9] $memory$flatten\u_core.$auto$proc_rom.cc:155:do_switch$967$rdmux[0][4][9]$a$2716 [3] 1'0 $memory$flatten\u_core.$auto$proc_rom.cc:155:do_switch$967$rdmux[0][4][9]$a$2716 [3] $memory$flatten\u_core.$auto$proc_rom.cc:155:do_switch$967$rdmux[0][4][9]$a$2716 [3] 1'0 $memory$flatten\u_core.$auto$proc_rom.cc:155:do_switch$967$rdmux[0][4][9]$a$2716 [1] $memory$flatten\u_core.$auto$proc_rom.cc:155:do_switch$967$rdmux[0][4][9]$a$2716 [1] $memory$flatten\u_core.$auto$proc_rom.cc:155:do_switch$967$rdmux[0][4][9]$a$2716 [1] 1'0 }
    Consolidated identical input bits for $mux cell $memory$flatten\u_core.$auto$proc_rom.cc:155:do_switch$967$rdmux[0][5][17]$2787:
      Old ports: A=$memory$flatten\u_core.$auto$proc_rom.cc:155:do_switch$967$rdmux[0][5][17]$a$2788, B=0, Y=$memory$flatten\u_core.$auto$proc_rom.cc:155:do_switch$967$rdmux[0][4][8]$b$2714
      New ports: A=$memory$flatten\u_core.$auto$proc_rom.cc:155:do_switch$967$rdmux[0][5][17]$a$2788 [1], B=1'0, Y=$memory$flatten\u_core.$auto$proc_rom.cc:155:do_switch$967$rdmux[0][4][8]$b$2714 [1]
      New connections: { $memory$flatten\u_core.$auto$proc_rom.cc:155:do_switch$967$rdmux[0][4][8]$b$2714 [31:2] $memory$flatten\u_core.$auto$proc_rom.cc:155:do_switch$967$rdmux[0][4][8]$b$2714 [0] } = { 3'000 $memory$flatten\u_core.$auto$proc_rom.cc:155:do_switch$967$rdmux[0][4][8]$b$2714 [1] $memory$flatten\u_core.$auto$proc_rom.cc:155:do_switch$967$rdmux[0][4][8]$b$2714 [1] $memory$flatten\u_core.$auto$proc_rom.cc:155:do_switch$967$rdmux[0][4][8]$b$2714 [1] $memory$flatten\u_core.$auto$proc_rom.cc:155:do_switch$967$rdmux[0][4][8]$b$2714 [1] $memory$flatten\u_core.$auto$proc_rom.cc:155:do_switch$967$rdmux[0][4][8]$b$2714 [1] 3'000 $memory$flatten\u_core.$auto$proc_rom.cc:155:do_switch$967$rdmux[0][4][8]$b$2714 [1] $memory$flatten\u_core.$auto$proc_rom.cc:155:do_switch$967$rdmux[0][4][8]$b$2714 [1] 1'0 $memory$flatten\u_core.$auto$proc_rom.cc:155:do_switch$967$rdmux[0][4][8]$b$2714 [1] 1'0 $memory$flatten\u_core.$auto$proc_rom.cc:155:do_switch$967$rdmux[0][4][8]$b$2714 [1] 5'00000 $memory$flatten\u_core.$auto$proc_rom.cc:155:do_switch$967$rdmux[0][4][8]$b$2714 [1] $memory$flatten\u_core.$auto$proc_rom.cc:155:do_switch$967$rdmux[0][4][8]$b$2714 [1] $memory$flatten\u_core.$auto$proc_rom.cc:155:do_switch$967$rdmux[0][4][8]$b$2714 [1] $memory$flatten\u_core.$auto$proc_rom.cc:155:do_switch$967$rdmux[0][4][8]$b$2714 [1] 1'0 $memory$flatten\u_core.$auto$proc_rom.cc:155:do_switch$967$rdmux[0][4][8]$b$2714 [1] 1'0 $memory$flatten\u_core.$auto$proc_rom.cc:155:do_switch$967$rdmux[0][4][8]$b$2714 [1] 1'0 }
    Consolidated identical input bits for $mux cell $memory$flatten\u_core.$auto$proc_rom.cc:155:do_switch$967$rdmux[0][5][16]$2784:
      Old ports: A=0, B=$memory$flatten\u_core.$auto$proc_rom.cc:155:do_switch$967$rdmux[0][5][16]$b$2786, Y=$memory$flatten\u_core.$auto$proc_rom.cc:155:do_switch$967$rdmux[0][4][8]$a$2713
      New ports: A=1'0, B=$memory$flatten\u_core.$auto$proc_rom.cc:155:do_switch$967$rdmux[0][5][16]$b$2786 [1], Y=$memory$flatten\u_core.$auto$proc_rom.cc:155:do_switch$967$rdmux[0][4][8]$a$2713 [1]
      New connections: { $memory$flatten\u_core.$auto$proc_rom.cc:155:do_switch$967$rdmux[0][4][8]$a$2713 [31:2] $memory$flatten\u_core.$auto$proc_rom.cc:155:do_switch$967$rdmux[0][4][8]$a$2713 [0] } = { 4'0000 $memory$flatten\u_core.$auto$proc_rom.cc:155:do_switch$967$rdmux[0][4][8]$a$2713 [1] $memory$flatten\u_core.$auto$proc_rom.cc:155:do_switch$967$rdmux[0][4][8]$a$2713 [1] 2'00 $memory$flatten\u_core.$auto$proc_rom.cc:155:do_switch$967$rdmux[0][4][8]$a$2713 [1] 3'000 $memory$flatten\u_core.$auto$proc_rom.cc:155:do_switch$967$rdmux[0][4][8]$a$2713 [1] $memory$flatten\u_core.$auto$proc_rom.cc:155:do_switch$967$rdmux[0][4][8]$a$2713 [1] 2'00 $memory$flatten\u_core.$auto$proc_rom.cc:155:do_switch$967$rdmux[0][4][8]$a$2713 [1] 7'0000000 $memory$flatten\u_core.$auto$proc_rom.cc:155:do_switch$967$rdmux[0][4][8]$a$2713 [1] 2'00 $memory$flatten\u_core.$auto$proc_rom.cc:155:do_switch$967$rdmux[0][4][8]$a$2713 [1] $memory$flatten\u_core.$auto$proc_rom.cc:155:do_switch$967$rdmux[0][4][8]$a$2713 [1] $memory$flatten\u_core.$auto$proc_rom.cc:155:do_switch$967$rdmux[0][4][8]$a$2713 [1] 1'0 }
    Consolidated identical input bits for $mux cell $memory$flatten\u_core.$auto$proc_rom.cc:155:do_switch$967$rdmux[0][5][15]$2781:
      Old ports: A=$memory$flatten\u_core.$auto$proc_rom.cc:155:do_switch$967$rdmux[0][5][15]$a$2782, B=$memory$flatten\u_core.$auto$proc_rom.cc:155:do_switch$967$rdmux[0][5][15]$b$2783, Y=$memory$flatten\u_core.$auto$proc_rom.cc:155:do_switch$967$rdmux[0][4][7]$b$2711
      New ports: A={ 1'0 $memory$flatten\u_core.$auto$proc_rom.cc:155:do_switch$967$rdmux[0][5][15]$a$2782 [1] $memory$flatten\u_core.$auto$proc_rom.cc:155:do_switch$967$rdmux[0][5][15]$a$2782 [1] $memory$flatten\u_core.$auto$proc_rom.cc:155:do_switch$967$rdmux[0][5][15]$a$2782 [1] 1'0 $memory$flatten\u_core.$auto$proc_rom.cc:155:do_switch$967$rdmux[0][5][15]$a$2782 [1] 1'0 }, B={ 2'10 $memory$flatten\u_core.$auto$proc_rom.cc:155:do_switch$967$rdmux[0][5][15]$b$2783 [0] $memory$flatten\u_core.$auto$proc_rom.cc:155:do_switch$967$rdmux[0][5][15]$b$2783 [3] $memory$flatten\u_core.$auto$proc_rom.cc:155:do_switch$967$rdmux[0][5][15]$b$2783 [3] 1'1 $memory$flatten\u_core.$auto$proc_rom.cc:155:do_switch$967$rdmux[0][5][15]$b$2783 [0] }, Y={ $memory$flatten\u_core.$auto$proc_rom.cc:155:do_switch$967$rdmux[0][4][7]$b$2711 [20] $memory$flatten\u_core.$auto$proc_rom.cc:155:do_switch$967$rdmux[0][4][7]$b$2711 [6:3] $memory$flatten\u_core.$auto$proc_rom.cc:155:do_switch$967$rdmux[0][4][7]$b$2711 [1:0] }
      New connections: { $memory$flatten\u_core.$auto$proc_rom.cc:155:do_switch$967$rdmux[0][4][7]$b$2711 [31:21] $memory$flatten\u_core.$auto$proc_rom.cc:155:do_switch$967$rdmux[0][4][7]$b$2711 [19:7] $memory$flatten\u_core.$auto$proc_rom.cc:155:do_switch$967$rdmux[0][4][7]$b$2711 [2] } = { $memory$flatten\u_core.$auto$proc_rom.cc:155:do_switch$967$rdmux[0][4][7]$b$2711 [1] $memory$flatten\u_core.$auto$proc_rom.cc:155:do_switch$967$rdmux[0][4][7]$b$2711 [1] $memory$flatten\u_core.$auto$proc_rom.cc:155:do_switch$967$rdmux[0][4][7]$b$2711 [1] $memory$flatten\u_core.$auto$proc_rom.cc:155:do_switch$967$rdmux[0][4][7]$b$2711 [20] $memory$flatten\u_core.$auto$proc_rom.cc:155:do_switch$967$rdmux[0][4][7]$b$2711 [0] $memory$flatten\u_core.$auto$proc_rom.cc:155:do_switch$967$rdmux[0][4][7]$b$2711 [6] $memory$flatten\u_core.$auto$proc_rom.cc:155:do_switch$967$rdmux[0][4][7]$b$2711 [4] $memory$flatten\u_core.$auto$proc_rom.cc:155:do_switch$967$rdmux[0][4][7]$b$2711 [1:0] $memory$flatten\u_core.$auto$proc_rom.cc:155:do_switch$967$rdmux[0][4][7]$b$2711 [3] $memory$flatten\u_core.$auto$proc_rom.cc:155:do_switch$967$rdmux[0][4][7]$b$2711 [20] $memory$flatten\u_core.$auto$proc_rom.cc:155:do_switch$967$rdmux[0][4][7]$b$2711 [0] $memory$flatten\u_core.$auto$proc_rom.cc:155:do_switch$967$rdmux[0][4][7]$b$2711 [4] $memory$flatten\u_core.$auto$proc_rom.cc:155:do_switch$967$rdmux[0][4][7]$b$2711 [6] $memory$flatten\u_core.$auto$proc_rom.cc:155:do_switch$967$rdmux[0][4][7]$b$2711 [6] $memory$flatten\u_core.$auto$proc_rom.cc:155:do_switch$967$rdmux[0][4][7]$b$2711 [1] 5'00000 $memory$flatten\u_core.$auto$proc_rom.cc:155:do_switch$967$rdmux[0][4][7]$b$2711 [6] 1'0 $memory$flatten\u_core.$auto$proc_rom.cc:155:do_switch$967$rdmux[0][4][7]$b$2711 [3] $memory$flatten\u_core.$auto$proc_rom.cc:155:do_switch$967$rdmux[0][4][7]$b$2711 [1] }
    Consolidated identical input bits for $mux cell $memory$flatten\u_core.$auto$proc_rom.cc:155:do_switch$967$rdmux[0][5][14]$2778:
      Old ports: A=$memory$flatten\u_core.$auto$proc_rom.cc:155:do_switch$967$rdmux[0][5][14]$a$2779, B=$memory$flatten\u_core.$auto$proc_rom.cc:155:do_switch$967$rdmux[0][5][14]$b$2780, Y=$memory$flatten\u_core.$auto$proc_rom.cc:155:do_switch$967$rdmux[0][4][7]$a$2710
      New ports: A={ 1'0 $memory$flatten\u_core.$auto$proc_rom.cc:155:do_switch$967$rdmux[0][5][14]$a$2779 [2] $memory$flatten\u_core.$auto$proc_rom.cc:155:do_switch$967$rdmux[0][5][14]$a$2779 [0] 1'1 $memory$flatten\u_core.$auto$proc_rom.cc:155:do_switch$967$rdmux[0][5][14]$a$2779 [2] 1'1 $memory$flatten\u_core.$auto$proc_rom.cc:155:do_switch$967$rdmux[0][5][14]$a$2779 [0] }, B={ $memory$flatten\u_core.$auto$proc_rom.cc:155:do_switch$967$rdmux[0][5][14]$b$2780 [0] $memory$flatten\u_core.$auto$proc_rom.cc:155:do_switch$967$rdmux[0][5][14]$b$2780 [0] 3'000 $memory$flatten\u_core.$auto$proc_rom.cc:155:do_switch$967$rdmux[0][5][14]$b$2780 [0] $memory$flatten\u_core.$auto$proc_rom.cc:155:do_switch$967$rdmux[0][5][14]$b$2780 [0] }, Y={ $memory$flatten\u_core.$auto$proc_rom.cc:155:do_switch$967$rdmux[0][4][7]$a$2710 [19] $memory$flatten\u_core.$auto$proc_rom.cc:155:do_switch$967$rdmux[0][4][7]$a$2710 [7:6] $memory$flatten\u_core.$auto$proc_rom.cc:155:do_switch$967$rdmux[0][4][7]$a$2710 [3:0] }
      New connections: { $memory$flatten\u_core.$auto$proc_rom.cc:155:do_switch$967$rdmux[0][4][7]$a$2710 [31:20] $memory$flatten\u_core.$auto$proc_rom.cc:155:do_switch$967$rdmux[0][4][7]$a$2710 [18:8] $memory$flatten\u_core.$auto$proc_rom.cc:155:do_switch$967$rdmux[0][4][7]$a$2710 [5:4] } = { $memory$flatten\u_core.$auto$proc_rom.cc:155:do_switch$967$rdmux[0][4][7]$a$2710 [1] $memory$flatten\u_core.$auto$proc_rom.cc:155:do_switch$967$rdmux[0][4][7]$a$2710 [1] 1'0 $memory$flatten\u_core.$auto$proc_rom.cc:155:do_switch$967$rdmux[0][4][7]$a$2710 [0] $memory$flatten\u_core.$auto$proc_rom.cc:155:do_switch$967$rdmux[0][4][7]$a$2710 [7] $memory$flatten\u_core.$auto$proc_rom.cc:155:do_switch$967$rdmux[0][4][7]$a$2710 [3] $memory$flatten\u_core.$auto$proc_rom.cc:155:do_switch$967$rdmux[0][4][7]$a$2710 [7] $memory$flatten\u_core.$auto$proc_rom.cc:155:do_switch$967$rdmux[0][4][7]$a$2710 [2] $memory$flatten\u_core.$auto$proc_rom.cc:155:do_switch$967$rdmux[0][4][7]$a$2710 [0] $memory$flatten\u_core.$auto$proc_rom.cc:155:do_switch$967$rdmux[0][4][7]$a$2710 [0] $memory$flatten\u_core.$auto$proc_rom.cc:155:do_switch$967$rdmux[0][4][7]$a$2710 [6] $memory$flatten\u_core.$auto$proc_rom.cc:155:do_switch$967$rdmux[0][4][7]$a$2710 [19] $memory$flatten\u_core.$auto$proc_rom.cc:155:do_switch$967$rdmux[0][4][7]$a$2710 [2] 1'0 $memory$flatten\u_core.$auto$proc_rom.cc:155:do_switch$967$rdmux[0][4][7]$a$2710 [6] $memory$flatten\u_core.$auto$proc_rom.cc:155:do_switch$967$rdmux[0][4][7]$a$2710 [1] 3'000 $memory$flatten\u_core.$auto$proc_rom.cc:155:do_switch$967$rdmux[0][4][7]$a$2710 [2] $memory$flatten\u_core.$auto$proc_rom.cc:155:do_switch$967$rdmux[0][4][7]$a$2710 [0] $memory$flatten\u_core.$auto$proc_rom.cc:155:do_switch$967$rdmux[0][4][7]$a$2710 [6] $memory$flatten\u_core.$auto$proc_rom.cc:155:do_switch$967$rdmux[0][4][7]$a$2710 [1] $memory$flatten\u_core.$auto$proc_rom.cc:155:do_switch$967$rdmux[0][4][7]$a$2710 [3] $memory$flatten\u_core.$auto$proc_rom.cc:155:do_switch$967$rdmux[0][4][7]$a$2710 [3] }
    Consolidated identical input bits for $mux cell $memory$flatten\u_core.$auto$proc_rom.cc:155:do_switch$967$rdmux[0][5][13]$2775:
      Old ports: A=$memory$flatten\u_core.$auto$proc_rom.cc:155:do_switch$967$rdmux[0][5][13]$a$2776, B=$memory$flatten\u_core.$auto$proc_rom.cc:155:do_switch$967$rdmux[0][5][13]$b$2777, Y=$memory$flatten\u_core.$auto$proc_rom.cc:155:do_switch$967$rdmux[0][4][6]$b$2708
      New ports: A={ $memory$flatten\u_core.$auto$proc_rom.cc:155:do_switch$967$rdmux[0][5][13]$a$2776 [1] $memory$flatten\u_core.$auto$proc_rom.cc:155:do_switch$967$rdmux[0][5][13]$a$2776 [1] 1'0 }, B={ $memory$flatten\u_core.$auto$proc_rom.cc:155:do_switch$967$rdmux[0][5][13]$b$2777 [0] 1'0 $memory$flatten\u_core.$auto$proc_rom.cc:155:do_switch$967$rdmux[0][5][13]$b$2777 [0] }, Y={ $memory$flatten\u_core.$auto$proc_rom.cc:155:do_switch$967$rdmux[0][4][6]$b$2708 [4] $memory$flatten\u_core.$auto$proc_rom.cc:155:do_switch$967$rdmux[0][4][6]$b$2708 [1:0] }
      New connections: { $memory$flatten\u_core.$auto$proc_rom.cc:155:do_switch$967$rdmux[0][4][6]$b$2708 [31:5] $memory$flatten\u_core.$auto$proc_rom.cc:155:do_switch$967$rdmux[0][4][6]$b$2708 [3:2] } = { $memory$flatten\u_core.$auto$proc_rom.cc:155:do_switch$967$rdmux[0][4][6]$b$2708 [4] $memory$flatten\u_core.$auto$proc_rom.cc:155:do_switch$967$rdmux[0][4][6]$b$2708 [0] $memory$flatten\u_core.$auto$proc_rom.cc:155:do_switch$967$rdmux[0][4][6]$b$2708 [1] $memory$flatten\u_core.$auto$proc_rom.cc:155:do_switch$967$rdmux[0][4][6]$b$2708 [1] $memory$flatten\u_core.$auto$proc_rom.cc:155:do_switch$967$rdmux[0][4][6]$b$2708 [1] 1'0 $memory$flatten\u_core.$auto$proc_rom.cc:155:do_switch$967$rdmux[0][4][6]$b$2708 [0] $memory$flatten\u_core.$auto$proc_rom.cc:155:do_switch$967$rdmux[0][4][6]$b$2708 [0] $memory$flatten\u_core.$auto$proc_rom.cc:155:do_switch$967$rdmux[0][4][6]$b$2708 [4] $memory$flatten\u_core.$auto$proc_rom.cc:155:do_switch$967$rdmux[0][4][6]$b$2708 [1] $memory$flatten\u_core.$auto$proc_rom.cc:155:do_switch$967$rdmux[0][4][6]$b$2708 [4] 1'0 $memory$flatten\u_core.$auto$proc_rom.cc:155:do_switch$967$rdmux[0][4][6]$b$2708 [0] 1'0 $memory$flatten\u_core.$auto$proc_rom.cc:155:do_switch$967$rdmux[0][4][6]$b$2708 [1] $memory$flatten\u_core.$auto$proc_rom.cc:155:do_switch$967$rdmux[0][4][6]$b$2708 [4] $memory$flatten\u_core.$auto$proc_rom.cc:155:do_switch$967$rdmux[0][4][6]$b$2708 [4] 2'00 $memory$flatten\u_core.$auto$proc_rom.cc:155:do_switch$967$rdmux[0][4][6]$b$2708 [1:0] $memory$flatten\u_core.$auto$proc_rom.cc:155:do_switch$967$rdmux[0][4][6]$b$2708 [4] $memory$flatten\u_core.$auto$proc_rom.cc:155:do_switch$967$rdmux[0][4][6]$b$2708 [0] $memory$flatten\u_core.$auto$proc_rom.cc:155:do_switch$967$rdmux[0][4][6]$b$2708 [4] $memory$flatten\u_core.$auto$proc_rom.cc:155:do_switch$967$rdmux[0][4][6]$b$2708 [1] 2'00 $memory$flatten\u_core.$auto$proc_rom.cc:155:do_switch$967$rdmux[0][4][6]$b$2708 [0] $memory$flatten\u_core.$auto$proc_rom.cc:155:do_switch$967$rdmux[0][4][6]$b$2708 [0] }
    Consolidated identical input bits for $mux cell $memory$flatten\u_core.$auto$proc_rom.cc:155:do_switch$967$rdmux[0][5][12]$2772:
      Old ports: A=$memory$flatten\u_core.$auto$proc_rom.cc:155:do_switch$967$rdmux[0][5][12]$a$2773, B=$memory$flatten\u_core.$auto$proc_rom.cc:155:do_switch$967$rdmux[0][5][12]$b$2774, Y=$memory$flatten\u_core.$auto$proc_rom.cc:155:do_switch$967$rdmux[0][4][6]$a$2707
      New ports: A={ 3'000 $memory$flatten\u_core.$auto$proc_rom.cc:155:do_switch$967$rdmux[0][5][12]$a$2773 [1] $memory$flatten\u_core.$auto$proc_rom.cc:155:do_switch$967$rdmux[0][5][12]$a$2773 [1] $memory$flatten\u_core.$auto$proc_rom.cc:155:do_switch$967$rdmux[0][5][12]$a$2773 [1] $memory$flatten\u_core.$auto$proc_rom.cc:155:do_switch$967$rdmux[0][5][12]$a$2773 [1] }, B={ $memory$flatten\u_core.$auto$proc_rom.cc:155:do_switch$967$rdmux[0][5][12]$b$2774 [4] $memory$flatten\u_core.$auto$proc_rom.cc:155:do_switch$967$rdmux[0][5][12]$b$2774 [1] 3'110 $memory$flatten\u_core.$auto$proc_rom.cc:155:do_switch$967$rdmux[0][5][12]$b$2774 [4] $memory$flatten\u_core.$auto$proc_rom.cc:155:do_switch$967$rdmux[0][5][12]$b$2774 [1] }, Y={ $memory$flatten\u_core.$auto$proc_rom.cc:155:do_switch$967$rdmux[0][4][6]$a$2707 [28:27] $memory$flatten\u_core.$auto$proc_rom.cc:155:do_switch$967$rdmux[0][4][6]$a$2707 [11] $memory$flatten\u_core.$auto$proc_rom.cc:155:do_switch$967$rdmux[0][4][6]$a$2707 [8] $memory$flatten\u_core.$auto$proc_rom.cc:155:do_switch$967$rdmux[0][4][6]$a$2707 [6] $memory$flatten\u_core.$auto$proc_rom.cc:155:do_switch$967$rdmux[0][4][6]$a$2707 [4] $memory$flatten\u_core.$auto$proc_rom.cc:155:do_switch$967$rdmux[0][4][6]$a$2707 [1] }
      New connections: { $memory$flatten\u_core.$auto$proc_rom.cc:155:do_switch$967$rdmux[0][4][6]$a$2707 [31:29] $memory$flatten\u_core.$auto$proc_rom.cc:155:do_switch$967$rdmux[0][4][6]$a$2707 [26:12] $memory$flatten\u_core.$auto$proc_rom.cc:155:do_switch$967$rdmux[0][4][6]$a$2707 [10:9] $memory$flatten\u_core.$auto$proc_rom.cc:155:do_switch$967$rdmux[0][4][6]$a$2707 [7] $memory$flatten\u_core.$auto$proc_rom.cc:155:do_switch$967$rdmux[0][4][6]$a$2707 [5] $memory$flatten\u_core.$auto$proc_rom.cc:155:do_switch$967$rdmux[0][4][6]$a$2707 [3:2] $memory$flatten\u_core.$auto$proc_rom.cc:155:do_switch$967$rdmux[0][4][6]$a$2707 [0] } = { $memory$flatten\u_core.$auto$proc_rom.cc:155:do_switch$967$rdmux[0][4][6]$a$2707 [8] 1'0 $memory$flatten\u_core.$auto$proc_rom.cc:155:do_switch$967$rdmux[0][4][6]$a$2707 [8] $memory$flatten\u_core.$auto$proc_rom.cc:155:do_switch$967$rdmux[0][4][6]$a$2707 [1] $memory$flatten\u_core.$auto$proc_rom.cc:155:do_switch$967$rdmux[0][4][6]$a$2707 [11] $memory$flatten\u_core.$auto$proc_rom.cc:155:do_switch$967$rdmux[0][4][6]$a$2707 [4] $memory$flatten\u_core.$auto$proc_rom.cc:155:do_switch$967$rdmux[0][4][6]$a$2707 [11] $memory$flatten\u_core.$auto$proc_rom.cc:155:do_switch$967$rdmux[0][4][6]$a$2707 [8] $memory$flatten\u_core.$auto$proc_rom.cc:155:do_switch$967$rdmux[0][4][6]$a$2707 [6] $memory$flatten\u_core.$auto$proc_rom.cc:155:do_switch$967$rdmux[0][4][6]$a$2707 [6] $memory$flatten\u_core.$auto$proc_rom.cc:155:do_switch$967$rdmux[0][4][6]$a$2707 [1] $memory$flatten\u_core.$auto$proc_rom.cc:155:do_switch$967$rdmux[0][4][6]$a$2707 [1] $memory$flatten\u_core.$auto$proc_rom.cc:155:do_switch$967$rdmux[0][4][6]$a$2707 [6] 1'0 $memory$flatten\u_core.$auto$proc_rom.cc:155:do_switch$967$rdmux[0][4][6]$a$2707 [8] 1'0 $memory$flatten\u_core.$auto$proc_rom.cc:155:do_switch$967$rdmux[0][4][6]$a$2707 [6] $memory$flatten\u_core.$auto$proc_rom.cc:155:do_switch$967$rdmux[0][4][6]$a$2707 [11] $memory$flatten\u_core.$auto$proc_rom.cc:155:do_switch$967$rdmux[0][4][6]$a$2707 [1] 2'00 $memory$flatten\u_core.$auto$proc_rom.cc:155:do_switch$967$rdmux[0][4][6]$a$2707 [4] $memory$flatten\u_core.$auto$proc_rom.cc:155:do_switch$967$rdmux[0][4][6]$a$2707 [1] $memory$flatten\u_core.$auto$proc_rom.cc:155:do_switch$967$rdmux[0][4][6]$a$2707 [1] 1'0 }
    Consolidated identical input bits for $mux cell $memory$flatten\u_core.$auto$proc_rom.cc:155:do_switch$967$rdmux[0][5][11]$2769:
      Old ports: A=$memory$flatten\u_core.$auto$proc_rom.cc:155:do_switch$967$rdmux[0][5][11]$a$2770, B=$memory$flatten\u_core.$auto$proc_rom.cc:155:do_switch$967$rdmux[0][5][11]$b$2771, Y=$memory$flatten\u_core.$auto$proc_rom.cc:155:do_switch$967$rdmux[0][4][5]$b$2705
      New ports: A={ 1'1 $memory$flatten\u_core.$auto$proc_rom.cc:155:do_switch$967$rdmux[0][5][11]$a$2770 [0] $memory$flatten\u_core.$auto$proc_rom.cc:155:do_switch$967$rdmux[0][5][11]$a$2770 [8] $memory$flatten\u_core.$auto$proc_rom.cc:155:do_switch$967$rdmux[0][5][11]$a$2770 [8] 2'10 $memory$flatten\u_core.$auto$proc_rom.cc:155:do_switch$967$rdmux[0][5][11]$a$2770 [0] }, B={ 1'0 $memory$flatten\u_core.$auto$proc_rom.cc:155:do_switch$967$rdmux[0][5][11]$b$2771 [2] $memory$flatten\u_core.$auto$proc_rom.cc:155:do_switch$967$rdmux[0][5][11]$b$2771 [2] 1'0 $memory$flatten\u_core.$auto$proc_rom.cc:155:do_switch$967$rdmux[0][5][11]$b$2771 [2] $memory$flatten\u_core.$auto$proc_rom.cc:155:do_switch$967$rdmux[0][5][11]$b$2771 [2] 1'0 }, Y={ $memory$flatten\u_core.$auto$proc_rom.cc:155:do_switch$967$rdmux[0][4][5]$b$2705 [12:11] $memory$flatten\u_core.$auto$proc_rom.cc:155:do_switch$967$rdmux[0][4][5]$b$2705 [9:8] $memory$flatten\u_core.$auto$proc_rom.cc:155:do_switch$967$rdmux[0][4][5]$b$2705 [6] $memory$flatten\u_core.$auto$proc_rom.cc:155:do_switch$967$rdmux[0][4][5]$b$2705 [2] $memory$flatten\u_core.$auto$proc_rom.cc:155:do_switch$967$rdmux[0][4][5]$b$2705 [0] }
      New connections: { $memory$flatten\u_core.$auto$proc_rom.cc:155:do_switch$967$rdmux[0][4][5]$b$2705 [31:13] $memory$flatten\u_core.$auto$proc_rom.cc:155:do_switch$967$rdmux[0][4][5]$b$2705 [10] $memory$flatten\u_core.$auto$proc_rom.cc:155:do_switch$967$rdmux[0][4][5]$b$2705 [7] $memory$flatten\u_core.$auto$proc_rom.cc:155:do_switch$967$rdmux[0][4][5]$b$2705 [5:3] $memory$flatten\u_core.$auto$proc_rom.cc:155:do_switch$967$rdmux[0][4][5]$b$2705 [1] } = { $memory$flatten\u_core.$auto$proc_rom.cc:155:do_switch$967$rdmux[0][4][5]$b$2705 [6] 2'00 $memory$flatten\u_core.$auto$proc_rom.cc:155:do_switch$967$rdmux[0][4][5]$b$2705 [6] $memory$flatten\u_core.$auto$proc_rom.cc:155:do_switch$967$rdmux[0][4][5]$b$2705 [9] $memory$flatten\u_core.$auto$proc_rom.cc:155:do_switch$967$rdmux[0][4][5]$b$2705 [11] 1'0 $memory$flatten\u_core.$auto$proc_rom.cc:155:do_switch$967$rdmux[0][4][5]$b$2705 [6] $memory$flatten\u_core.$auto$proc_rom.cc:155:do_switch$967$rdmux[0][4][5]$b$2705 [0] 1'0 $memory$flatten\u_core.$auto$proc_rom.cc:155:do_switch$967$rdmux[0][4][5]$b$2705 [8] $memory$flatten\u_core.$auto$proc_rom.cc:155:do_switch$967$rdmux[0][4][5]$b$2705 [12] $memory$flatten\u_core.$auto$proc_rom.cc:155:do_switch$967$rdmux[0][4][5]$b$2705 [2] $memory$flatten\u_core.$auto$proc_rom.cc:155:do_switch$967$rdmux[0][4][5]$b$2705 [2] $memory$flatten\u_core.$auto$proc_rom.cc:155:do_switch$967$rdmux[0][4][5]$b$2705 [11] 1'0 $memory$flatten\u_core.$auto$proc_rom.cc:155:do_switch$967$rdmux[0][4][5]$b$2705 [6] 1'0 $memory$flatten\u_core.$auto$proc_rom.cc:155:do_switch$967$rdmux[0][4][5]$b$2705 [6] $memory$flatten\u_core.$auto$proc_rom.cc:155:do_switch$967$rdmux[0][4][5]$b$2705 [2] $memory$flatten\u_core.$auto$proc_rom.cc:155:do_switch$967$rdmux[0][4][5]$b$2705 [6] $memory$flatten\u_core.$auto$proc_rom.cc:155:do_switch$967$rdmux[0][4][5]$b$2705 [0] 1'0 $memory$flatten\u_core.$auto$proc_rom.cc:155:do_switch$967$rdmux[0][4][5]$b$2705 [2] $memory$flatten\u_core.$auto$proc_rom.cc:155:do_switch$967$rdmux[0][4][5]$b$2705 [0] }
    Consolidated identical input bits for $mux cell $memory$flatten\u_core.$auto$proc_rom.cc:155:do_switch$967$rdmux[0][5][10]$2766:
      Old ports: A=$memory$flatten\u_core.$auto$proc_rom.cc:155:do_switch$967$rdmux[0][5][10]$a$2767, B=$memory$flatten\u_core.$auto$proc_rom.cc:155:do_switch$967$rdmux[0][5][10]$b$2768, Y=$memory$flatten\u_core.$auto$proc_rom.cc:155:do_switch$967$rdmux[0][4][5]$a$2704
      New ports: A={ $memory$flatten\u_core.$auto$proc_rom.cc:155:do_switch$967$rdmux[0][5][10]$a$2767 [2] $memory$flatten\u_core.$auto$proc_rom.cc:155:do_switch$967$rdmux[0][5][10]$a$2767 [2] 1'0 }, B={ $memory$flatten\u_core.$auto$proc_rom.cc:155:do_switch$967$rdmux[0][5][10]$b$2768 [0] 1'0 $memory$flatten\u_core.$auto$proc_rom.cc:155:do_switch$967$rdmux[0][5][10]$b$2768 [0] }, Y={ $memory$flatten\u_core.$auto$proc_rom.cc:155:do_switch$967$rdmux[0][4][5]$a$2704 [8] $memory$flatten\u_core.$auto$proc_rom.cc:155:do_switch$967$rdmux[0][4][5]$a$2704 [2] $memory$flatten\u_core.$auto$proc_rom.cc:155:do_switch$967$rdmux[0][4][5]$a$2704 [0] }
      New connections: { $memory$flatten\u_core.$auto$proc_rom.cc:155:do_switch$967$rdmux[0][4][5]$a$2704 [31:9] $memory$flatten\u_core.$auto$proc_rom.cc:155:do_switch$967$rdmux[0][4][5]$a$2704 [7:3] $memory$flatten\u_core.$auto$proc_rom.cc:155:do_switch$967$rdmux[0][4][5]$a$2704 [1] } = { $memory$flatten\u_core.$auto$proc_rom.cc:155:do_switch$967$rdmux[0][4][5]$a$2704 [8] 3'000 $memory$flatten\u_core.$auto$proc_rom.cc:155:do_switch$967$rdmux[0][4][5]$a$2704 [8] $memory$flatten\u_core.$auto$proc_rom.cc:155:do_switch$967$rdmux[0][4][5]$a$2704 [0] $memory$flatten\u_core.$auto$proc_rom.cc:155:do_switch$967$rdmux[0][4][5]$a$2704 [0] $memory$flatten\u_core.$auto$proc_rom.cc:155:do_switch$967$rdmux[0][4][5]$a$2704 [8] $memory$flatten\u_core.$auto$proc_rom.cc:155:do_switch$967$rdmux[0][4][5]$a$2704 [2] 1'0 $memory$flatten\u_core.$auto$proc_rom.cc:155:do_switch$967$rdmux[0][4][5]$a$2704 [2] $memory$flatten\u_core.$auto$proc_rom.cc:155:do_switch$967$rdmux[0][4][5]$a$2704 [8] $memory$flatten\u_core.$auto$proc_rom.cc:155:do_switch$967$rdmux[0][4][5]$a$2704 [8] $memory$flatten\u_core.$auto$proc_rom.cc:155:do_switch$967$rdmux[0][4][5]$a$2704 [8] $memory$flatten\u_core.$auto$proc_rom.cc:155:do_switch$967$rdmux[0][4][5]$a$2704 [2] $memory$flatten\u_core.$auto$proc_rom.cc:155:do_switch$967$rdmux[0][4][5]$a$2704 [0] $memory$flatten\u_core.$auto$proc_rom.cc:155:do_switch$967$rdmux[0][4][5]$a$2704 [8] $memory$flatten\u_core.$auto$proc_rom.cc:155:do_switch$967$rdmux[0][4][5]$a$2704 [8] 2'00 $memory$flatten\u_core.$auto$proc_rom.cc:155:do_switch$967$rdmux[0][4][5]$a$2704 [2] $memory$flatten\u_core.$auto$proc_rom.cc:155:do_switch$967$rdmux[0][4][5]$a$2704 [2] $memory$flatten\u_core.$auto$proc_rom.cc:155:do_switch$967$rdmux[0][4][5]$a$2704 [8] $memory$flatten\u_core.$auto$proc_rom.cc:155:do_switch$967$rdmux[0][4][5]$a$2704 [0] 1'0 $memory$flatten\u_core.$auto$proc_rom.cc:155:do_switch$967$rdmux[0][4][5]$a$2704 [0] 1'0 $memory$flatten\u_core.$auto$proc_rom.cc:155:do_switch$967$rdmux[0][4][5]$a$2704 [0] 1'0 }
    Consolidated identical input bits for $mux cell $memory$flatten\u_core.$auto$proc_rom.cc:155:do_switch$967$rdmux[0][5][9]$2763:
      Old ports: A=$memory$flatten\u_core.$auto$proc_rom.cc:155:do_switch$967$rdmux[0][5][9]$a$2764, B=$memory$flatten\u_core.$auto$proc_rom.cc:155:do_switch$967$rdmux[0][5][9]$b$2765, Y=$memory$flatten\u_core.$auto$proc_rom.cc:155:do_switch$967$rdmux[0][4][4]$b$2702
      New ports: A={ $memory$flatten\u_core.$auto$proc_rom.cc:155:do_switch$967$rdmux[0][5][9]$a$2764 [0] $memory$flatten\u_core.$auto$proc_rom.cc:155:do_switch$967$rdmux[0][5][9]$a$2764 [0] 3'000 $memory$flatten\u_core.$auto$proc_rom.cc:155:do_switch$967$rdmux[0][5][9]$a$2764 [0] $memory$flatten\u_core.$auto$proc_rom.cc:155:do_switch$967$rdmux[0][5][9]$a$2764 [0] }, B={ 1'1 $memory$flatten\u_core.$auto$proc_rom.cc:155:do_switch$967$rdmux[0][5][9]$b$2765 [3] 1'1 $memory$flatten\u_core.$auto$proc_rom.cc:155:do_switch$967$rdmux[0][5][9]$b$2765 [0] $memory$flatten\u_core.$auto$proc_rom.cc:155:do_switch$967$rdmux[0][5][9]$b$2765 [3] 1'0 $memory$flatten\u_core.$auto$proc_rom.cc:155:do_switch$967$rdmux[0][5][9]$b$2765 [0] }, Y={ $memory$flatten\u_core.$auto$proc_rom.cc:155:do_switch$967$rdmux[0][4][4]$b$2702 [14] $memory$flatten\u_core.$auto$proc_rom.cc:155:do_switch$967$rdmux[0][4][4]$b$2702 [9] $memory$flatten\u_core.$auto$proc_rom.cc:155:do_switch$967$rdmux[0][4][4]$b$2702 [6:5] $memory$flatten\u_core.$auto$proc_rom.cc:155:do_switch$967$rdmux[0][4][4]$b$2702 [3] $memory$flatten\u_core.$auto$proc_rom.cc:155:do_switch$967$rdmux[0][4][4]$b$2702 [1:0] }
      New connections: { $memory$flatten\u_core.$auto$proc_rom.cc:155:do_switch$967$rdmux[0][4][4]$b$2702 [31:15] $memory$flatten\u_core.$auto$proc_rom.cc:155:do_switch$967$rdmux[0][4][4]$b$2702 [13:10] $memory$flatten\u_core.$auto$proc_rom.cc:155:do_switch$967$rdmux[0][4][4]$b$2702 [8:7] $memory$flatten\u_core.$auto$proc_rom.cc:155:do_switch$967$rdmux[0][4][4]$b$2702 [4] $memory$flatten\u_core.$auto$proc_rom.cc:155:do_switch$967$rdmux[0][4][4]$b$2702 [2] } = { $memory$flatten\u_core.$auto$proc_rom.cc:155:do_switch$967$rdmux[0][4][4]$b$2702 [14] 4'0000 $memory$flatten\u_core.$auto$proc_rom.cc:155:do_switch$967$rdmux[0][4][4]$b$2702 [6] $memory$flatten\u_core.$auto$proc_rom.cc:155:do_switch$967$rdmux[0][4][4]$b$2702 [0] $memory$flatten\u_core.$auto$proc_rom.cc:155:do_switch$967$rdmux[0][4][4]$b$2702 [6] $memory$flatten\u_core.$auto$proc_rom.cc:155:do_switch$967$rdmux[0][4][4]$b$2702 [3] $memory$flatten\u_core.$auto$proc_rom.cc:155:do_switch$967$rdmux[0][4][4]$b$2702 [0] $memory$flatten\u_core.$auto$proc_rom.cc:155:do_switch$967$rdmux[0][4][4]$b$2702 [0] $memory$flatten\u_core.$auto$proc_rom.cc:155:do_switch$967$rdmux[0][4][4]$b$2702 [0] $memory$flatten\u_core.$auto$proc_rom.cc:155:do_switch$967$rdmux[0][4][4]$b$2702 [5] $memory$flatten\u_core.$auto$proc_rom.cc:155:do_switch$967$rdmux[0][4][4]$b$2702 [1] $memory$flatten\u_core.$auto$proc_rom.cc:155:do_switch$967$rdmux[0][4][4]$b$2702 [14] $memory$flatten\u_core.$auto$proc_rom.cc:155:do_switch$967$rdmux[0][4][4]$b$2702 [6] $memory$flatten\u_core.$auto$proc_rom.cc:155:do_switch$967$rdmux[0][4][4]$b$2702 [14] $memory$flatten\u_core.$auto$proc_rom.cc:155:do_switch$967$rdmux[0][4][4]$b$2702 [1] $memory$flatten\u_core.$auto$proc_rom.cc:155:do_switch$967$rdmux[0][4][4]$b$2702 [6] $memory$flatten\u_core.$auto$proc_rom.cc:155:do_switch$967$rdmux[0][4][4]$b$2702 [3] $memory$flatten\u_core.$auto$proc_rom.cc:155:do_switch$967$rdmux[0][4][4]$b$2702 [0] $memory$flatten\u_core.$auto$proc_rom.cc:155:do_switch$967$rdmux[0][4][4]$b$2702 [1] $memory$flatten\u_core.$auto$proc_rom.cc:155:do_switch$967$rdmux[0][4][4]$b$2702 [6] $memory$flatten\u_core.$auto$proc_rom.cc:155:do_switch$967$rdmux[0][4][4]$b$2702 [3] $memory$flatten\u_core.$auto$proc_rom.cc:155:do_switch$967$rdmux[0][4][4]$b$2702 [1] }
    Consolidated identical input bits for $mux cell $memory$flatten\u_core.$auto$proc_rom.cc:155:do_switch$967$rdmux[0][5][8]$2760:
      Old ports: A=$memory$flatten\u_core.$auto$proc_rom.cc:155:do_switch$967$rdmux[0][5][8]$a$2761, B=$memory$flatten\u_core.$auto$proc_rom.cc:155:do_switch$967$rdmux[0][5][8]$b$2762, Y=$memory$flatten\u_core.$auto$proc_rom.cc:155:do_switch$967$rdmux[0][4][4]$a$2701
      New ports: A={ 1'1 $memory$flatten\u_core.$auto$proc_rom.cc:155:do_switch$967$rdmux[0][5][8]$a$2761 [3] $memory$flatten\u_core.$auto$proc_rom.cc:155:do_switch$967$rdmux[0][5][8]$a$2761 [3] 1'0 }, B={ $memory$flatten\u_core.$auto$proc_rom.cc:155:do_switch$967$rdmux[0][5][8]$b$2762 [2] $memory$flatten\u_core.$auto$proc_rom.cc:155:do_switch$967$rdmux[0][5][8]$b$2762 [2] 1'0 $memory$flatten\u_core.$auto$proc_rom.cc:155:do_switch$967$rdmux[0][5][8]$b$2762 [2] }, Y={ $memory$flatten\u_core.$auto$proc_rom.cc:155:do_switch$967$rdmux[0][4][4]$a$2701 [31] $memory$flatten\u_core.$auto$proc_rom.cc:155:do_switch$967$rdmux[0][4][4]$a$2701 [4:2] }
      New connections: { $memory$flatten\u_core.$auto$proc_rom.cc:155:do_switch$967$rdmux[0][4][4]$a$2701 [30:5] $memory$flatten\u_core.$auto$proc_rom.cc:155:do_switch$967$rdmux[0][4][4]$a$2701 [1:0] } = { 7'0000000 $memory$flatten\u_core.$auto$proc_rom.cc:155:do_switch$967$rdmux[0][4][4]$a$2701 [2] 1'0 $memory$flatten\u_core.$auto$proc_rom.cc:155:do_switch$967$rdmux[0][4][4]$a$2701 [3:2] $memory$flatten\u_core.$auto$proc_rom.cc:155:do_switch$967$rdmux[0][4][4]$a$2701 [2] $memory$flatten\u_core.$auto$proc_rom.cc:155:do_switch$967$rdmux[0][4][4]$a$2701 [4] $memory$flatten\u_core.$auto$proc_rom.cc:155:do_switch$967$rdmux[0][4][4]$a$2701 [4:3] $memory$flatten\u_core.$auto$proc_rom.cc:155:do_switch$967$rdmux[0][4][4]$a$2701 [4] $memory$flatten\u_core.$auto$proc_rom.cc:155:do_switch$967$rdmux[0][4][4]$a$2701 [4] $memory$flatten\u_core.$auto$proc_rom.cc:155:do_switch$967$rdmux[0][4][4]$a$2701 [4] $memory$flatten\u_core.$auto$proc_rom.cc:155:do_switch$967$rdmux[0][4][4]$a$2701 [4:3] 1'0 $memory$flatten\u_core.$auto$proc_rom.cc:155:do_switch$967$rdmux[0][4][4]$a$2701 [2] $memory$flatten\u_core.$auto$proc_rom.cc:155:do_switch$967$rdmux[0][4][4]$a$2701 [4:2] $memory$flatten\u_core.$auto$proc_rom.cc:155:do_switch$967$rdmux[0][4][4]$a$2701 [4] 2'00 }
    Consolidated identical input bits for $mux cell $memory$flatten\u_core.$auto$proc_rom.cc:155:do_switch$967$rdmux[0][5][7]$2757:
      Old ports: A=$memory$flatten\u_core.$auto$proc_rom.cc:155:do_switch$967$rdmux[0][5][7]$a$2758, B=$memory$flatten\u_core.$auto$proc_rom.cc:155:do_switch$967$rdmux[0][5][7]$b$2759, Y=$memory$flatten\u_core.$auto$proc_rom.cc:155:do_switch$967$rdmux[0][4][3]$b$2699
      New ports: A={ $memory$flatten\u_core.$auto$proc_rom.cc:155:do_switch$967$rdmux[0][5][7]$a$2758 [9] $memory$flatten\u_core.$auto$proc_rom.cc:155:do_switch$967$rdmux[0][5][7]$a$2758 [0] 1'1 $memory$flatten\u_core.$auto$proc_rom.cc:155:do_switch$967$rdmux[0][5][7]$a$2758 [0] 1'0 $memory$flatten\u_core.$auto$proc_rom.cc:155:do_switch$967$rdmux[0][5][7]$a$2758 [9] 3'110 $memory$flatten\u_core.$auto$proc_rom.cc:155:do_switch$967$rdmux[0][5][7]$a$2758 [0] }, B={ 3'010 $memory$flatten\u_core.$auto$proc_rom.cc:155:do_switch$967$rdmux[0][5][7]$b$2759 [2] 1'1 $memory$flatten\u_core.$auto$proc_rom.cc:155:do_switch$967$rdmux[0][5][7]$b$2759 [6] $memory$flatten\u_core.$auto$proc_rom.cc:155:do_switch$967$rdmux[0][5][7]$b$2759 [2] $memory$flatten\u_core.$auto$proc_rom.cc:155:do_switch$967$rdmux[0][5][7]$b$2759 [6] $memory$flatten\u_core.$auto$proc_rom.cc:155:do_switch$967$rdmux[0][5][7]$b$2759 [2] 1'0 }, Y={ $memory$flatten\u_core.$auto$proc_rom.cc:155:do_switch$967$rdmux[0][4][3]$b$2699 [24] $memory$flatten\u_core.$auto$proc_rom.cc:155:do_switch$967$rdmux[0][4][3]$b$2699 [18] $memory$flatten\u_core.$auto$proc_rom.cc:155:do_switch$967$rdmux[0][4][3]$b$2699 [12:9] $memory$flatten\u_core.$auto$proc_rom.cc:155:do_switch$967$rdmux[0][4][3]$b$2699 [7:6] $memory$flatten\u_core.$auto$proc_rom.cc:155:do_switch$967$rdmux[0][4][3]$b$2699 [2] $memory$flatten\u_core.$auto$proc_rom.cc:155:do_switch$967$rdmux[0][4][3]$b$2699 [0] }
      New connections: { $memory$flatten\u_core.$auto$proc_rom.cc:155:do_switch$967$rdmux[0][4][3]$b$2699 [31:25] $memory$flatten\u_core.$auto$proc_rom.cc:155:do_switch$967$rdmux[0][4][3]$b$2699 [23:19] $memory$flatten\u_core.$auto$proc_rom.cc:155:do_switch$967$rdmux[0][4][3]$b$2699 [17:13] $memory$flatten\u_core.$auto$proc_rom.cc:155:do_switch$967$rdmux[0][4][3]$b$2699 [8] $memory$flatten\u_core.$auto$proc_rom.cc:155:do_switch$967$rdmux[0][4][3]$b$2699 [5:3] $memory$flatten\u_core.$auto$proc_rom.cc:155:do_switch$967$rdmux[0][4][3]$b$2699 [1] } = { 6'100000 $memory$flatten\u_core.$auto$proc_rom.cc:155:do_switch$967$rdmux[0][4][3]$b$2699 [0] $memory$flatten\u_core.$auto$proc_rom.cc:155:do_switch$967$rdmux[0][4][3]$b$2699 [2] $memory$flatten\u_core.$auto$proc_rom.cc:155:do_switch$967$rdmux[0][4][3]$b$2699 [12] $memory$flatten\u_core.$auto$proc_rom.cc:155:do_switch$967$rdmux[0][4][3]$b$2699 [6] $memory$flatten\u_core.$auto$proc_rom.cc:155:do_switch$967$rdmux[0][4][3]$b$2699 [11] $memory$flatten\u_core.$auto$proc_rom.cc:155:do_switch$967$rdmux[0][4][3]$b$2699 [2] 1'1 $memory$flatten\u_core.$auto$proc_rom.cc:155:do_switch$967$rdmux[0][4][3]$b$2699 [9] 4'0000 $memory$flatten\u_core.$auto$proc_rom.cc:155:do_switch$967$rdmux[0][4][3]$b$2699 [0] $memory$flatten\u_core.$auto$proc_rom.cc:155:do_switch$967$rdmux[0][4][3]$b$2699 [0] 2'10 }
    Consolidated identical input bits for $mux cell $memory$flatten\u_core.$auto$proc_rom.cc:155:do_switch$967$rdmux[0][5][6]$2754:
      Old ports: A=$memory$flatten\u_core.$auto$proc_rom.cc:155:do_switch$967$rdmux[0][5][6]$a$2755, B=$memory$flatten\u_core.$auto$proc_rom.cc:155:do_switch$967$rdmux[0][5][6]$b$2756, Y=$memory$flatten\u_core.$auto$proc_rom.cc:155:do_switch$967$rdmux[0][4][3]$a$2698
      New ports: A={ $memory$flatten\u_core.$auto$proc_rom.cc:155:do_switch$967$rdmux[0][5][6]$a$2755 [5] $memory$flatten\u_core.$auto$proc_rom.cc:155:do_switch$967$rdmux[0][5][6]$a$2755 [0] 1'1 $memory$flatten\u_core.$auto$proc_rom.cc:155:do_switch$967$rdmux[0][5][6]$a$2755 [5] 1'0 $memory$flatten\u_core.$auto$proc_rom.cc:155:do_switch$967$rdmux[0][5][6]$a$2755 [0] $memory$flatten\u_core.$auto$proc_rom.cc:155:do_switch$967$rdmux[0][5][6]$a$2755 [5] $memory$flatten\u_core.$auto$proc_rom.cc:155:do_switch$967$rdmux[0][5][6]$a$2755 [5] 2'11 $memory$flatten\u_core.$auto$proc_rom.cc:155:do_switch$967$rdmux[0][5][6]$a$2755 [0] $memory$flatten\u_core.$auto$proc_rom.cc:155:do_switch$967$rdmux[0][5][6]$a$2755 [0] }, B={ 1'1 $memory$flatten\u_core.$auto$proc_rom.cc:155:do_switch$967$rdmux[0][5][6]$b$2756 [5] $memory$flatten\u_core.$auto$proc_rom.cc:155:do_switch$967$rdmux[0][5][6]$b$2756 [5] $memory$flatten\u_core.$auto$proc_rom.cc:155:do_switch$967$rdmux[0][5][6]$b$2756 [1] 3'110 $memory$flatten\u_core.$auto$proc_rom.cc:155:do_switch$967$rdmux[0][5][6]$b$2756 [5] $memory$flatten\u_core.$auto$proc_rom.cc:155:do_switch$967$rdmux[0][5][6]$b$2756 [1] 1'0 $memory$flatten\u_core.$auto$proc_rom.cc:155:do_switch$967$rdmux[0][5][6]$b$2756 [1] 1'0 }, Y={ $memory$flatten\u_core.$auto$proc_rom.cc:155:do_switch$967$rdmux[0][4][3]$a$2698 [23] $memory$flatten\u_core.$auto$proc_rom.cc:155:do_switch$967$rdmux[0][4][3]$a$2698 [16] $memory$flatten\u_core.$auto$proc_rom.cc:155:do_switch$967$rdmux[0][4][3]$a$2698 [13:12] $memory$flatten\u_core.$auto$proc_rom.cc:155:do_switch$967$rdmux[0][4][3]$a$2698 [10] $memory$flatten\u_core.$auto$proc_rom.cc:155:do_switch$967$rdmux[0][4][3]$a$2698 [8] $memory$flatten\u_core.$auto$proc_rom.cc:155:do_switch$967$rdmux[0][4][3]$a$2698 [6:4] $memory$flatten\u_core.$auto$proc_rom.cc:155:do_switch$967$rdmux[0][4][3]$a$2698 [2:0] }
      New connections: { $memory$flatten\u_core.$auto$proc_rom.cc:155:do_switch$967$rdmux[0][4][3]$a$2698 [31:24] $memory$flatten\u_core.$auto$proc_rom.cc:155:do_switch$967$rdmux[0][4][3]$a$2698 [22:17] $memory$flatten\u_core.$auto$proc_rom.cc:155:do_switch$967$rdmux[0][4][3]$a$2698 [15:14] $memory$flatten\u_core.$auto$proc_rom.cc:155:do_switch$967$rdmux[0][4][3]$a$2698 [11] $memory$flatten\u_core.$auto$proc_rom.cc:155:do_switch$967$rdmux[0][4][3]$a$2698 [9] $memory$flatten\u_core.$auto$proc_rom.cc:155:do_switch$967$rdmux[0][4][3]$a$2698 [7] $memory$flatten\u_core.$auto$proc_rom.cc:155:do_switch$967$rdmux[0][4][3]$a$2698 [3] } = { 4'1000 $memory$flatten\u_core.$auto$proc_rom.cc:155:do_switch$967$rdmux[0][4][3]$a$2698 [6] $memory$flatten\u_core.$auto$proc_rom.cc:155:do_switch$967$rdmux[0][4][3]$a$2698 [16] $memory$flatten\u_core.$auto$proc_rom.cc:155:do_switch$967$rdmux[0][4][3]$a$2698 [1] 1'1 $memory$flatten\u_core.$auto$proc_rom.cc:155:do_switch$967$rdmux[0][4][3]$a$2698 [1] $memory$flatten\u_core.$auto$proc_rom.cc:155:do_switch$967$rdmux[0][4][3]$a$2698 [2] $memory$flatten\u_core.$auto$proc_rom.cc:155:do_switch$967$rdmux[0][4][3]$a$2698 [4] $memory$flatten\u_core.$auto$proc_rom.cc:155:do_switch$967$rdmux[0][4][3]$a$2698 [2] $memory$flatten\u_core.$auto$proc_rom.cc:155:do_switch$967$rdmux[0][4][3]$a$2698 [12] 3'100 $memory$flatten\u_core.$auto$proc_rom.cc:155:do_switch$967$rdmux[0][4][3]$a$2698 [1] $memory$flatten\u_core.$auto$proc_rom.cc:155:do_switch$967$rdmux[0][4][3]$a$2698 [1] $memory$flatten\u_core.$auto$proc_rom.cc:155:do_switch$967$rdmux[0][4][3]$a$2698 [6] 1'1 }
    Consolidated identical input bits for $mux cell $memory$flatten\u_core.$auto$proc_rom.cc:155:do_switch$967$rdmux[0][5][5]$2751:
      Old ports: A=$memory$flatten\u_core.$auto$proc_rom.cc:155:do_switch$967$rdmux[0][5][5]$a$2752, B=$memory$flatten\u_core.$auto$proc_rom.cc:155:do_switch$967$rdmux[0][5][5]$b$2753, Y=$memory$flatten\u_core.$auto$proc_rom.cc:155:do_switch$967$rdmux[0][4][2]$b$2696
      New ports: A={ $memory$flatten\u_core.$auto$proc_rom.cc:155:do_switch$967$rdmux[0][5][5]$a$2752 [0] $memory$flatten\u_core.$auto$proc_rom.cc:155:do_switch$967$rdmux[0][5][5]$a$2752 [1] 2'00 $memory$flatten\u_core.$auto$proc_rom.cc:155:do_switch$967$rdmux[0][5][5]$a$2752 [0] 1'1 $memory$flatten\u_core.$auto$proc_rom.cc:155:do_switch$967$rdmux[0][5][5]$a$2752 [1] $memory$flatten\u_core.$auto$proc_rom.cc:155:do_switch$967$rdmux[0][5][5]$a$2752 [1] 1'0 $memory$flatten\u_core.$auto$proc_rom.cc:155:do_switch$967$rdmux[0][5][5]$a$2752 [0] 2'11 $memory$flatten\u_core.$auto$proc_rom.cc:155:do_switch$967$rdmux[0][5][5]$a$2752 [1:0] }, B={ 3'001 $memory$flatten\u_core.$auto$proc_rom.cc:155:do_switch$967$rdmux[0][5][5]$b$2753 [0] $memory$flatten\u_core.$auto$proc_rom.cc:155:do_switch$967$rdmux[0][5][5]$b$2753 [3] 1'0 $memory$flatten\u_core.$auto$proc_rom.cc:155:do_switch$967$rdmux[0][5][5]$b$2753 [3] $memory$flatten\u_core.$auto$proc_rom.cc:155:do_switch$967$rdmux[0][5][5]$b$2753 [0] $memory$flatten\u_core.$auto$proc_rom.cc:155:do_switch$967$rdmux[0][5][5]$b$2753 [3] 1'1 $memory$flatten\u_core.$auto$proc_rom.cc:155:do_switch$967$rdmux[0][5][5]$b$2753 [3] $memory$flatten\u_core.$auto$proc_rom.cc:155:do_switch$967$rdmux[0][5][5]$b$2753 [0] 1'1 $memory$flatten\u_core.$auto$proc_rom.cc:155:do_switch$967$rdmux[0][5][5]$b$2753 [0] }, Y={ $memory$flatten\u_core.$auto$proc_rom.cc:155:do_switch$967$rdmux[0][4][2]$b$2696 [23] $memory$flatten\u_core.$auto$proc_rom.cc:155:do_switch$967$rdmux[0][4][2]$b$2696 [21] $memory$flatten\u_core.$auto$proc_rom.cc:155:do_switch$967$rdmux[0][4][2]$b$2696 [12:11] $memory$flatten\u_core.$auto$proc_rom.cc:155:do_switch$967$rdmux[0][4][2]$b$2696 [9:0] }
      New connections: { $memory$flatten\u_core.$auto$proc_rom.cc:155:do_switch$967$rdmux[0][4][2]$b$2696 [31:24] $memory$flatten\u_core.$auto$proc_rom.cc:155:do_switch$967$rdmux[0][4][2]$b$2696 [22] $memory$flatten\u_core.$auto$proc_rom.cc:155:do_switch$967$rdmux[0][4][2]$b$2696 [20:13] $memory$flatten\u_core.$auto$proc_rom.cc:155:do_switch$967$rdmux[0][4][2]$b$2696 [10] } = { 3'100 $memory$flatten\u_core.$auto$proc_rom.cc:155:do_switch$967$rdmux[0][4][2]$b$2696 [8] $memory$flatten\u_core.$auto$proc_rom.cc:155:do_switch$967$rdmux[0][4][2]$b$2696 [12] $memory$flatten\u_core.$auto$proc_rom.cc:155:do_switch$967$rdmux[0][4][2]$b$2696 [4] $memory$flatten\u_core.$auto$proc_rom.cc:155:do_switch$967$rdmux[0][4][2]$b$2696 [6] $memory$flatten\u_core.$auto$proc_rom.cc:155:do_switch$967$rdmux[0][4][2]$b$2696 [0] $memory$flatten\u_core.$auto$proc_rom.cc:155:do_switch$967$rdmux[0][4][2]$b$2696 [5] $memory$flatten\u_core.$auto$proc_rom.cc:155:do_switch$967$rdmux[0][4][2]$b$2696 [2] $memory$flatten\u_core.$auto$proc_rom.cc:155:do_switch$967$rdmux[0][4][2]$b$2696 [12] $memory$flatten\u_core.$auto$proc_rom.cc:155:do_switch$967$rdmux[0][4][2]$b$2696 [6] $memory$flatten\u_core.$auto$proc_rom.cc:155:do_switch$967$rdmux[0][4][2]$b$2696 [3] $memory$flatten\u_core.$auto$proc_rom.cc:155:do_switch$967$rdmux[0][4][2]$b$2696 [11] 1'0 $memory$flatten\u_core.$auto$proc_rom.cc:155:do_switch$967$rdmux[0][4][2]$b$2696 [8] $memory$flatten\u_core.$auto$proc_rom.cc:155:do_switch$967$rdmux[0][4][2]$b$2696 [12] $memory$flatten\u_core.$auto$proc_rom.cc:155:do_switch$967$rdmux[0][4][2]$b$2696 [4] }
    Consolidated identical input bits for $mux cell $memory$flatten\u_core.$auto$proc_rom.cc:155:do_switch$967$rdmux[0][5][4]$2748:
      Old ports: A=$memory$flatten\u_core.$auto$proc_rom.cc:155:do_switch$967$rdmux[0][5][4]$a$2749, B=$memory$flatten\u_core.$auto$proc_rom.cc:155:do_switch$967$rdmux[0][5][4]$b$2750, Y=$memory$flatten\u_core.$auto$proc_rom.cc:155:do_switch$967$rdmux[0][4][2]$a$2695
      New ports: A={ 2'01 $memory$flatten\u_core.$auto$proc_rom.cc:155:do_switch$967$rdmux[0][5][4]$a$2749 [9] $memory$flatten\u_core.$auto$proc_rom.cc:155:do_switch$967$rdmux[0][5][4]$a$2749 [2] 1'1 $memory$flatten\u_core.$auto$proc_rom.cc:155:do_switch$967$rdmux[0][5][4]$a$2749 [9] $memory$flatten\u_core.$auto$proc_rom.cc:155:do_switch$967$rdmux[0][5][4]$a$2749 [9] $memory$flatten\u_core.$auto$proc_rom.cc:155:do_switch$967$rdmux[0][5][4]$a$2749 [2] $memory$flatten\u_core.$auto$proc_rom.cc:155:do_switch$967$rdmux[0][5][4]$a$2749 [2] 1'1 }, B={ 1'1 $memory$flatten\u_core.$auto$proc_rom.cc:155:do_switch$967$rdmux[0][5][4]$b$2750 [6] $memory$flatten\u_core.$auto$proc_rom.cc:155:do_switch$967$rdmux[0][5][4]$b$2750 [2] 1'0 $memory$flatten\u_core.$auto$proc_rom.cc:155:do_switch$967$rdmux[0][5][4]$b$2750 [2] $memory$flatten\u_core.$auto$proc_rom.cc:155:do_switch$967$rdmux[0][5][4]$b$2750 [6] 1'0 $memory$flatten\u_core.$auto$proc_rom.cc:155:do_switch$967$rdmux[0][5][4]$b$2750 [6] $memory$flatten\u_core.$auto$proc_rom.cc:155:do_switch$967$rdmux[0][5][4]$b$2750 [2] 1'0 }, Y={ $memory$flatten\u_core.$auto$proc_rom.cc:155:do_switch$967$rdmux[0][4][2]$a$2695 [27] $memory$flatten\u_core.$auto$proc_rom.cc:155:do_switch$967$rdmux[0][4][2]$a$2695 [21] $memory$flatten\u_core.$auto$proc_rom.cc:155:do_switch$967$rdmux[0][4][2]$a$2695 [17:16] $memory$flatten\u_core.$auto$proc_rom.cc:155:do_switch$967$rdmux[0][4][2]$a$2695 [12:11] $memory$flatten\u_core.$auto$proc_rom.cc:155:do_switch$967$rdmux[0][4][2]$a$2695 [9] $memory$flatten\u_core.$auto$proc_rom.cc:155:do_switch$967$rdmux[0][4][2]$a$2695 [6] $memory$flatten\u_core.$auto$proc_rom.cc:155:do_switch$967$rdmux[0][4][2]$a$2695 [2:1] }
      New connections: { $memory$flatten\u_core.$auto$proc_rom.cc:155:do_switch$967$rdmux[0][4][2]$a$2695 [31:28] $memory$flatten\u_core.$auto$proc_rom.cc:155:do_switch$967$rdmux[0][4][2]$a$2695 [26:22] $memory$flatten\u_core.$auto$proc_rom.cc:155:do_switch$967$rdmux[0][4][2]$a$2695 [20:18] $memory$flatten\u_core.$auto$proc_rom.cc:155:do_switch$967$rdmux[0][4][2]$a$2695 [15:13] $memory$flatten\u_core.$auto$proc_rom.cc:155:do_switch$967$rdmux[0][4][2]$a$2695 [10] $memory$flatten\u_core.$auto$proc_rom.cc:155:do_switch$967$rdmux[0][4][2]$a$2695 [8:7] $memory$flatten\u_core.$auto$proc_rom.cc:155:do_switch$967$rdmux[0][4][2]$a$2695 [5:3] $memory$flatten\u_core.$auto$proc_rom.cc:155:do_switch$967$rdmux[0][4][2]$a$2695 [0] } = { 2'10 $memory$flatten\u_core.$auto$proc_rom.cc:155:do_switch$967$rdmux[0][4][2]$a$2695 [1] $memory$flatten\u_core.$auto$proc_rom.cc:155:do_switch$967$rdmux[0][4][2]$a$2695 [27] $memory$flatten\u_core.$auto$proc_rom.cc:155:do_switch$967$rdmux[0][4][2]$a$2695 [17] 3'010 $memory$flatten\u_core.$auto$proc_rom.cc:155:do_switch$967$rdmux[0][4][2]$a$2695 [9] $memory$flatten\u_core.$auto$proc_rom.cc:155:do_switch$967$rdmux[0][4][2]$a$2695 [11] $memory$flatten\u_core.$auto$proc_rom.cc:155:do_switch$967$rdmux[0][4][2]$a$2695 [12] $memory$flatten\u_core.$auto$proc_rom.cc:155:do_switch$967$rdmux[0][4][2]$a$2695 [17] 3'010 $memory$flatten\u_core.$auto$proc_rom.cc:155:do_switch$967$rdmux[0][4][2]$a$2695 [6] $memory$flatten\u_core.$auto$proc_rom.cc:155:do_switch$967$rdmux[0][4][2]$a$2695 [2:1] $memory$flatten\u_core.$auto$proc_rom.cc:155:do_switch$967$rdmux[0][4][2]$a$2695 [2] $memory$flatten\u_core.$auto$proc_rom.cc:155:do_switch$967$rdmux[0][4][2]$a$2695 [2] 2'00 }
    Consolidated identical input bits for $mux cell $memory$flatten\u_core.$auto$proc_rom.cc:155:do_switch$967$rdmux[0][5][3]$2745:
      Old ports: A=$memory$flatten\u_core.$auto$proc_rom.cc:155:do_switch$967$rdmux[0][5][3]$a$2746, B=$memory$flatten\u_core.$auto$proc_rom.cc:155:do_switch$967$rdmux[0][5][3]$b$2747, Y=$memory$flatten\u_core.$auto$proc_rom.cc:155:do_switch$967$rdmux[0][4][1]$b$2693
      New ports: A={ 1'1 $memory$flatten\u_core.$auto$proc_rom.cc:155:do_switch$967$rdmux[0][5][3]$a$2746 [4] 3'001 $memory$flatten\u_core.$auto$proc_rom.cc:155:do_switch$967$rdmux[0][5][3]$a$2746 [4] $memory$flatten\u_core.$auto$proc_rom.cc:155:do_switch$967$rdmux[0][5][3]$a$2746 [1] $memory$flatten\u_core.$auto$proc_rom.cc:155:do_switch$967$rdmux[0][5][3]$a$2746 [4] $memory$flatten\u_core.$auto$proc_rom.cc:155:do_switch$967$rdmux[0][5][3]$a$2746 [1] $memory$flatten\u_core.$auto$proc_rom.cc:155:do_switch$967$rdmux[0][5][3]$a$2746 [1] $memory$flatten\u_core.$auto$proc_rom.cc:155:do_switch$967$rdmux[0][5][3]$a$2746 [1] 1'0 }, B={ 3'001 $memory$flatten\u_core.$auto$proc_rom.cc:155:do_switch$967$rdmux[0][5][3]$b$2747 [5] $memory$flatten\u_core.$auto$proc_rom.cc:155:do_switch$967$rdmux[0][5][3]$b$2747 [5] $memory$flatten\u_core.$auto$proc_rom.cc:155:do_switch$967$rdmux[0][5][3]$b$2747 [0] $memory$flatten\u_core.$auto$proc_rom.cc:155:do_switch$967$rdmux[0][5][3]$b$2747 [5] 2'10 $memory$flatten\u_core.$auto$proc_rom.cc:155:do_switch$967$rdmux[0][5][3]$b$2747 [0] 1'1 $memory$flatten\u_core.$auto$proc_rom.cc:155:do_switch$967$rdmux[0][5][3]$b$2747 [0] }, Y={ $memory$flatten\u_core.$auto$proc_rom.cc:155:do_switch$967$rdmux[0][4][1]$b$2693 [28] $memory$flatten\u_core.$auto$proc_rom.cc:155:do_switch$967$rdmux[0][4][1]$b$2693 [24] $memory$flatten\u_core.$auto$proc_rom.cc:155:do_switch$967$rdmux[0][4][1]$b$2693 [19:18] $memory$flatten\u_core.$auto$proc_rom.cc:155:do_switch$967$rdmux[0][4][1]$b$2693 [13] $memory$flatten\u_core.$auto$proc_rom.cc:155:do_switch$967$rdmux[0][4][1]$b$2693 [10] $memory$flatten\u_core.$auto$proc_rom.cc:155:do_switch$967$rdmux[0][4][1]$b$2693 [5:0] }
      New connections: { $memory$flatten\u_core.$auto$proc_rom.cc:155:do_switch$967$rdmux[0][4][1]$b$2693 [31:29] $memory$flatten\u_core.$auto$proc_rom.cc:155:do_switch$967$rdmux[0][4][1]$b$2693 [27:25] $memory$flatten\u_core.$auto$proc_rom.cc:155:do_switch$967$rdmux[0][4][1]$b$2693 [23:20] $memory$flatten\u_core.$auto$proc_rom.cc:155:do_switch$967$rdmux[0][4][1]$b$2693 [17:14] $memory$flatten\u_core.$auto$proc_rom.cc:155:do_switch$967$rdmux[0][4][1]$b$2693 [12:11] $memory$flatten\u_core.$auto$proc_rom.cc:155:do_switch$967$rdmux[0][4][1]$b$2693 [9:6] } = { 3'101 $memory$flatten\u_core.$auto$proc_rom.cc:155:do_switch$967$rdmux[0][4][1]$b$2693 [1] $memory$flatten\u_core.$auto$proc_rom.cc:155:do_switch$967$rdmux[0][4][1]$b$2693 [18] $memory$flatten\u_core.$auto$proc_rom.cc:155:do_switch$967$rdmux[0][4][1]$b$2693 [4] $memory$flatten\u_core.$auto$proc_rom.cc:155:do_switch$967$rdmux[0][4][1]$b$2693 [13] $memory$flatten\u_core.$auto$proc_rom.cc:155:do_switch$967$rdmux[0][4][1]$b$2693 [13] $memory$flatten\u_core.$auto$proc_rom.cc:155:do_switch$967$rdmux[0][4][1]$b$2693 [3] 1'0 $memory$flatten\u_core.$auto$proc_rom.cc:155:do_switch$967$rdmux[0][4][1]$b$2693 [2] $memory$flatten\u_core.$auto$proc_rom.cc:155:do_switch$967$rdmux[0][4][1]$b$2693 [3] 2'01 $memory$flatten\u_core.$auto$proc_rom.cc:155:do_switch$967$rdmux[0][4][1]$b$2693 [0] $memory$flatten\u_core.$auto$proc_rom.cc:155:do_switch$967$rdmux[0][4][1]$b$2693 [2] 2'10 $memory$flatten\u_core.$auto$proc_rom.cc:155:do_switch$967$rdmux[0][4][1]$b$2693 [4] 1'1 }
    Consolidated identical input bits for $mux cell $memory$flatten\u_core.$auto$proc_rom.cc:155:do_switch$967$rdmux[0][5][2]$2742:
      Old ports: A=$memory$flatten\u_core.$auto$proc_rom.cc:155:do_switch$967$rdmux[0][5][2]$a$2743, B=$memory$flatten\u_core.$auto$proc_rom.cc:155:do_switch$967$rdmux[0][5][2]$b$2744, Y=$memory$flatten\u_core.$auto$proc_rom.cc:155:do_switch$967$rdmux[0][4][1]$a$2692
      New ports: A={ 3'101 $memory$flatten\u_core.$auto$proc_rom.cc:155:do_switch$967$rdmux[0][5][2]$a$2743 [6] 1'1 $memory$flatten\u_core.$auto$proc_rom.cc:155:do_switch$967$rdmux[0][5][2]$a$2743 [2] $memory$flatten\u_core.$auto$proc_rom.cc:155:do_switch$967$rdmux[0][5][2]$a$2743 [2] $memory$flatten\u_core.$auto$proc_rom.cc:155:do_switch$967$rdmux[0][5][2]$a$2743 [6] $memory$flatten\u_core.$auto$proc_rom.cc:155:do_switch$967$rdmux[0][5][2]$a$2743 [2] 1'0 $memory$flatten\u_core.$auto$proc_rom.cc:155:do_switch$967$rdmux[0][5][2]$a$2743 [2] 1'0 }, B={ $memory$flatten\u_core.$auto$proc_rom.cc:155:do_switch$967$rdmux[0][5][2]$b$2744 [3] 1'1 $memory$flatten\u_core.$auto$proc_rom.cc:155:do_switch$967$rdmux[0][5][2]$b$2744 [0] $memory$flatten\u_core.$auto$proc_rom.cc:155:do_switch$967$rdmux[0][5][2]$b$2744 [3] 1'0 $memory$flatten\u_core.$auto$proc_rom.cc:155:do_switch$967$rdmux[0][5][2]$b$2744 [3] 2'11 $memory$flatten\u_core.$auto$proc_rom.cc:155:do_switch$967$rdmux[0][5][2]$b$2744 [0] $memory$flatten\u_core.$auto$proc_rom.cc:155:do_switch$967$rdmux[0][5][2]$b$2744 [3] 1'0 $memory$flatten\u_core.$auto$proc_rom.cc:155:do_switch$967$rdmux[0][5][2]$b$2744 [0] }, Y={ $memory$flatten\u_core.$auto$proc_rom.cc:155:do_switch$967$rdmux[0][4][1]$a$2692 [27] $memory$flatten\u_core.$auto$proc_rom.cc:155:do_switch$967$rdmux[0][4][1]$a$2692 [21] $memory$flatten\u_core.$auto$proc_rom.cc:155:do_switch$967$rdmux[0][4][1]$a$2692 [12] $memory$flatten\u_core.$auto$proc_rom.cc:155:do_switch$967$rdmux[0][4][1]$a$2692 [10:5] $memory$flatten\u_core.$auto$proc_rom.cc:155:do_switch$967$rdmux[0][4][1]$a$2692 [3:2] $memory$flatten\u_core.$auto$proc_rom.cc:155:do_switch$967$rdmux[0][4][1]$a$2692 [0] }
      New connections: { $memory$flatten\u_core.$auto$proc_rom.cc:155:do_switch$967$rdmux[0][4][1]$a$2692 [31:28] $memory$flatten\u_core.$auto$proc_rom.cc:155:do_switch$967$rdmux[0][4][1]$a$2692 [26:22] $memory$flatten\u_core.$auto$proc_rom.cc:155:do_switch$967$rdmux[0][4][1]$a$2692 [20:13] $memory$flatten\u_core.$auto$proc_rom.cc:155:do_switch$967$rdmux[0][4][1]$a$2692 [11] $memory$flatten\u_core.$auto$proc_rom.cc:155:do_switch$967$rdmux[0][4][1]$a$2692 [4] $memory$flatten\u_core.$auto$proc_rom.cc:155:do_switch$967$rdmux[0][4][1]$a$2692 [1] } = { 1'1 $memory$flatten\u_core.$auto$proc_rom.cc:155:do_switch$967$rdmux[0][4][1]$a$2692 [12] $memory$flatten\u_core.$auto$proc_rom.cc:155:do_switch$967$rdmux[0][4][1]$a$2692 [3] $memory$flatten\u_core.$auto$proc_rom.cc:155:do_switch$967$rdmux[0][4][1]$a$2692 [3] $memory$flatten\u_core.$auto$proc_rom.cc:155:do_switch$967$rdmux[0][4][1]$a$2692 [10] $memory$flatten\u_core.$auto$proc_rom.cc:155:do_switch$967$rdmux[0][4][1]$a$2692 [6] $memory$flatten\u_core.$auto$proc_rom.cc:155:do_switch$967$rdmux[0][4][1]$a$2692 [12] $memory$flatten\u_core.$auto$proc_rom.cc:155:do_switch$967$rdmux[0][4][1]$a$2692 [0] $memory$flatten\u_core.$auto$proc_rom.cc:155:do_switch$967$rdmux[0][4][1]$a$2692 [2] $memory$flatten\u_core.$auto$proc_rom.cc:155:do_switch$967$rdmux[0][4][1]$a$2692 [3] $memory$flatten\u_core.$auto$proc_rom.cc:155:do_switch$967$rdmux[0][4][1]$a$2692 [0] $memory$flatten\u_core.$auto$proc_rom.cc:155:do_switch$967$rdmux[0][4][1]$a$2692 [9:8] $memory$flatten\u_core.$auto$proc_rom.cc:155:do_switch$967$rdmux[0][4][1]$a$2692 [0] 3'011 $memory$flatten\u_core.$auto$proc_rom.cc:155:do_switch$967$rdmux[0][4][1]$a$2692 [3:2] 1'1 }
    Consolidated identical input bits for $mux cell $memory$flatten\u_core.$auto$proc_rom.cc:155:do_switch$967$rdmux[0][5][1]$2739:
      Old ports: A=$memory$flatten\u_core.$auto$proc_rom.cc:155:do_switch$967$rdmux[0][5][1]$a$2740, B=$memory$flatten\u_core.$auto$proc_rom.cc:155:do_switch$967$rdmux[0][5][1]$b$2741, Y=$memory$flatten\u_core.$auto$proc_rom.cc:155:do_switch$967$rdmux[0][4][0]$b$2690
      New ports: A={ $memory$flatten\u_core.$auto$proc_rom.cc:155:do_switch$967$rdmux[0][5][1]$a$2740 [7] $memory$flatten\u_core.$auto$proc_rom.cc:155:do_switch$967$rdmux[0][5][1]$a$2740 [5] $memory$flatten\u_core.$auto$proc_rom.cc:155:do_switch$967$rdmux[0][5][1]$a$2740 [5] $memory$flatten\u_core.$auto$proc_rom.cc:155:do_switch$967$rdmux[0][5][1]$a$2740 [7] $memory$flatten\u_core.$auto$proc_rom.cc:155:do_switch$967$rdmux[0][5][1]$a$2740 [7] $memory$flatten\u_core.$auto$proc_rom.cc:155:do_switch$967$rdmux[0][5][1]$a$2740 [5] 4'0110 }, B={ $memory$flatten\u_core.$auto$proc_rom.cc:155:do_switch$967$rdmux[0][5][1]$b$2741 [3] 1'1 $memory$flatten\u_core.$auto$proc_rom.cc:155:do_switch$967$rdmux[0][5][1]$b$2741 [7] 1'0 $memory$flatten\u_core.$auto$proc_rom.cc:155:do_switch$967$rdmux[0][5][1]$b$2741 [7] $memory$flatten\u_core.$auto$proc_rom.cc:155:do_switch$967$rdmux[0][5][1]$b$2741 [3] $memory$flatten\u_core.$auto$proc_rom.cc:155:do_switch$967$rdmux[0][5][1]$b$2741 [3] $memory$flatten\u_core.$auto$proc_rom.cc:155:do_switch$967$rdmux[0][5][1]$b$2741 [3] 2'01 }, Y={ $memory$flatten\u_core.$auto$proc_rom.cc:155:do_switch$967$rdmux[0][4][0]$b$2690 [25] $memory$flatten\u_core.$auto$proc_rom.cc:155:do_switch$967$rdmux[0][4][0]$b$2690 [22:21] $memory$flatten\u_core.$auto$proc_rom.cc:155:do_switch$967$rdmux[0][4][0]$b$2690 [8:7] $memory$flatten\u_core.$auto$proc_rom.cc:155:do_switch$967$rdmux[0][4][0]$b$2690 [5:3] $memory$flatten\u_core.$auto$proc_rom.cc:155:do_switch$967$rdmux[0][4][0]$b$2690 [1:0] }
      New connections: { $memory$flatten\u_core.$auto$proc_rom.cc:155:do_switch$967$rdmux[0][4][0]$b$2690 [31:26] $memory$flatten\u_core.$auto$proc_rom.cc:155:do_switch$967$rdmux[0][4][0]$b$2690 [24:23] $memory$flatten\u_core.$auto$proc_rom.cc:155:do_switch$967$rdmux[0][4][0]$b$2690 [20:9] $memory$flatten\u_core.$auto$proc_rom.cc:155:do_switch$967$rdmux[0][4][0]$b$2690 [6] $memory$flatten\u_core.$auto$proc_rom.cc:155:do_switch$967$rdmux[0][4][0]$b$2690 [2] } = { 2'11 $memory$flatten\u_core.$auto$proc_rom.cc:155:do_switch$967$rdmux[0][4][0]$b$2690 [1:0] $memory$flatten\u_core.$auto$proc_rom.cc:155:do_switch$967$rdmux[0][4][0]$b$2690 [4] $memory$flatten\u_core.$auto$proc_rom.cc:155:do_switch$967$rdmux[0][4][0]$b$2690 [7] $memory$flatten\u_core.$auto$proc_rom.cc:155:do_switch$967$rdmux[0][4][0]$b$2690 [8] $memory$flatten\u_core.$auto$proc_rom.cc:155:do_switch$967$rdmux[0][4][0]$b$2690 [22] $memory$flatten\u_core.$auto$proc_rom.cc:155:do_switch$967$rdmux[0][4][0]$b$2690 [4] $memory$flatten\u_core.$auto$proc_rom.cc:155:do_switch$967$rdmux[0][4][0]$b$2690 [4] $memory$flatten\u_core.$auto$proc_rom.cc:155:do_switch$967$rdmux[0][4][0]$b$2690 [1] $memory$flatten\u_core.$auto$proc_rom.cc:155:do_switch$967$rdmux[0][4][0]$b$2690 [1] $memory$flatten\u_core.$auto$proc_rom.cc:155:do_switch$967$rdmux[0][4][0]$b$2690 [7] 5'01111 $memory$flatten\u_core.$auto$proc_rom.cc:155:do_switch$967$rdmux[0][4][0]$b$2690 [1] $memory$flatten\u_core.$auto$proc_rom.cc:155:do_switch$967$rdmux[0][4][0]$b$2690 [4] $memory$flatten\u_core.$auto$proc_rom.cc:155:do_switch$967$rdmux[0][4][0]$b$2690 [4] $memory$flatten\u_core.$auto$proc_rom.cc:155:do_switch$967$rdmux[0][4][0]$b$2690 [0] }
    Consolidated identical input bits for $mux cell $memory$flatten\u_core.$auto$proc_rom.cc:155:do_switch$967$rdmux[0][5][0]$2736:
      Old ports: A=$memory$flatten\u_core.$auto$proc_rom.cc:155:do_switch$967$rdmux[0][5][0]$a$2737, B=$memory$flatten\u_core.$auto$proc_rom.cc:155:do_switch$967$rdmux[0][5][0]$b$2738, Y=$memory$flatten\u_core.$auto$proc_rom.cc:155:do_switch$967$rdmux[0][4][0]$a$2689
      New ports: A={ $memory$flatten\u_core.$auto$proc_rom.cc:155:do_switch$967$rdmux[0][5][0]$a$2737 [0] $memory$flatten\u_core.$auto$proc_rom.cc:155:do_switch$967$rdmux[0][5][0]$a$2737 [0] $memory$flatten\u_core.$auto$proc_rom.cc:155:do_switch$967$rdmux[0][5][0]$a$2737 [0] 2'00 $memory$flatten\u_core.$auto$proc_rom.cc:155:do_switch$967$rdmux[0][5][0]$a$2737 [0] }, B={ 2'01 $memory$flatten\u_core.$auto$proc_rom.cc:155:do_switch$967$rdmux[0][5][0]$b$2738 [1:0] $memory$flatten\u_core.$auto$proc_rom.cc:155:do_switch$967$rdmux[0][5][0]$b$2738 [1:0] }, Y={ $memory$flatten\u_core.$auto$proc_rom.cc:155:do_switch$967$rdmux[0][4][0]$a$2689 [23] $memory$flatten\u_core.$auto$proc_rom.cc:155:do_switch$967$rdmux[0][4][0]$a$2689 [9] $memory$flatten\u_core.$auto$proc_rom.cc:155:do_switch$967$rdmux[0][4][0]$a$2689 [6] $memory$flatten\u_core.$auto$proc_rom.cc:155:do_switch$967$rdmux[0][4][0]$a$2689 [2:0] }
      New connections: { $memory$flatten\u_core.$auto$proc_rom.cc:155:do_switch$967$rdmux[0][4][0]$a$2689 [31:24] $memory$flatten\u_core.$auto$proc_rom.cc:155:do_switch$967$rdmux[0][4][0]$a$2689 [22:10] $memory$flatten\u_core.$auto$proc_rom.cc:155:do_switch$967$rdmux[0][4][0]$a$2689 [8:7] $memory$flatten\u_core.$auto$proc_rom.cc:155:do_switch$967$rdmux[0][4][0]$a$2689 [5:3] } = { $memory$flatten\u_core.$auto$proc_rom.cc:155:do_switch$967$rdmux[0][4][0]$a$2689 [9] $memory$flatten\u_core.$auto$proc_rom.cc:155:do_switch$967$rdmux[0][4][0]$a$2689 [9] $memory$flatten\u_core.$auto$proc_rom.cc:155:do_switch$967$rdmux[0][4][0]$a$2689 [9] $memory$flatten\u_core.$auto$proc_rom.cc:155:do_switch$967$rdmux[0][4][0]$a$2689 [6] $memory$flatten\u_core.$auto$proc_rom.cc:155:do_switch$967$rdmux[0][4][0]$a$2689 [0] $memory$flatten\u_core.$auto$proc_rom.cc:155:do_switch$967$rdmux[0][4][0]$a$2689 [2:1] $memory$flatten\u_core.$auto$proc_rom.cc:155:do_switch$967$rdmux[0][4][0]$a$2689 [9] $memory$flatten\u_core.$auto$proc_rom.cc:155:do_switch$967$rdmux[0][4][0]$a$2689 [1] $memory$flatten\u_core.$auto$proc_rom.cc:155:do_switch$967$rdmux[0][4][0]$a$2689 [9] $memory$flatten\u_core.$auto$proc_rom.cc:155:do_switch$967$rdmux[0][4][0]$a$2689 [9] $memory$flatten\u_core.$auto$proc_rom.cc:155:do_switch$967$rdmux[0][4][0]$a$2689 [0] $memory$flatten\u_core.$auto$proc_rom.cc:155:do_switch$967$rdmux[0][4][0]$a$2689 [1] 3'000 $memory$flatten\u_core.$auto$proc_rom.cc:155:do_switch$967$rdmux[0][4][0]$a$2689 [9] $memory$flatten\u_core.$auto$proc_rom.cc:155:do_switch$967$rdmux[0][4][0]$a$2689 [9] $memory$flatten\u_core.$auto$proc_rom.cc:155:do_switch$967$rdmux[0][4][0]$a$2689 [9] $memory$flatten\u_core.$auto$proc_rom.cc:155:do_switch$967$rdmux[0][4][0]$a$2689 [9] $memory$flatten\u_core.$auto$proc_rom.cc:155:do_switch$967$rdmux[0][4][0]$a$2689 [9] $memory$flatten\u_core.$auto$proc_rom.cc:155:do_switch$967$rdmux[0][4][0]$a$2689 [6] $memory$flatten\u_core.$auto$proc_rom.cc:155:do_switch$967$rdmux[0][4][0]$a$2689 [0] $memory$flatten\u_core.$auto$proc_rom.cc:155:do_switch$967$rdmux[0][4][0]$a$2689 [1:0] $memory$flatten\u_core.$auto$proc_rom.cc:155:do_switch$967$rdmux[0][4][0]$a$2689 [0] }
    Consolidated identical input bits for $mux cell $memory$flatten\u_core.$auto$proc_rom.cc:155:do_switch$971$rdmux[0][5][22]$3183:
      Old ports: A=0, B=$memory$flatten\u_core.$auto$proc_rom.cc:155:do_switch$971$rdmux[0][5][22]$b$3185, Y=$memory$flatten\u_core.$auto$proc_rom.cc:155:do_switch$971$rdmux[0][4][11]$a$3103
      New ports: A=1'0, B=$memory$flatten\u_core.$auto$proc_rom.cc:155:do_switch$971$rdmux[0][5][22]$b$3185 [3], Y=$memory$flatten\u_core.$auto$proc_rom.cc:155:do_switch$971$rdmux[0][4][11]$a$3103 [3]
      New connections: { $memory$flatten\u_core.$auto$proc_rom.cc:155:do_switch$971$rdmux[0][4][11]$a$3103 [31:4] $memory$flatten\u_core.$auto$proc_rom.cc:155:do_switch$971$rdmux[0][4][11]$a$3103 [2:0] } = { 1'0 $memory$flatten\u_core.$auto$proc_rom.cc:155:do_switch$971$rdmux[0][4][11]$a$3103 [3] $memory$flatten\u_core.$auto$proc_rom.cc:155:do_switch$971$rdmux[0][4][11]$a$3103 [3] $memory$flatten\u_core.$auto$proc_rom.cc:155:do_switch$971$rdmux[0][4][11]$a$3103 [3] $memory$flatten\u_core.$auto$proc_rom.cc:155:do_switch$971$rdmux[0][4][11]$a$3103 [3] 1'0 $memory$flatten\u_core.$auto$proc_rom.cc:155:do_switch$971$rdmux[0][4][11]$a$3103 [3] 2'00 $memory$flatten\u_core.$auto$proc_rom.cc:155:do_switch$971$rdmux[0][4][11]$a$3103 [3] $memory$flatten\u_core.$auto$proc_rom.cc:155:do_switch$971$rdmux[0][4][11]$a$3103 [3] $memory$flatten\u_core.$auto$proc_rom.cc:155:do_switch$971$rdmux[0][4][11]$a$3103 [3] $memory$flatten\u_core.$auto$proc_rom.cc:155:do_switch$971$rdmux[0][4][11]$a$3103 [3] $memory$flatten\u_core.$auto$proc_rom.cc:155:do_switch$971$rdmux[0][4][11]$a$3103 [3] 1'0 $memory$flatten\u_core.$auto$proc_rom.cc:155:do_switch$971$rdmux[0][4][11]$a$3103 [3] $memory$flatten\u_core.$auto$proc_rom.cc:155:do_switch$971$rdmux[0][4][11]$a$3103 [3] $memory$flatten\u_core.$auto$proc_rom.cc:155:do_switch$971$rdmux[0][4][11]$a$3103 [3] 1'0 $memory$flatten\u_core.$auto$proc_rom.cc:155:do_switch$971$rdmux[0][4][11]$a$3103 [3] $memory$flatten\u_core.$auto$proc_rom.cc:155:do_switch$971$rdmux[0][4][11]$a$3103 [3] 1'0 $memory$flatten\u_core.$auto$proc_rom.cc:155:do_switch$971$rdmux[0][4][11]$a$3103 [3] 1'0 $memory$flatten\u_core.$auto$proc_rom.cc:155:do_switch$971$rdmux[0][4][11]$a$3103 [3] $memory$flatten\u_core.$auto$proc_rom.cc:155:do_switch$971$rdmux[0][4][11]$a$3103 [3] 1'0 $memory$flatten\u_core.$auto$proc_rom.cc:155:do_switch$971$rdmux[0][4][11]$a$3103 [3] 3'000 }
    Consolidated identical input bits for $mux cell $memory$flatten\u_core.$auto$proc_rom.cc:155:do_switch$971$rdmux[0][5][21]$3180:
      Old ports: A=$memory$flatten\u_core.$auto$proc_rom.cc:155:do_switch$971$rdmux[0][5][21]$a$3181, B=$memory$flatten\u_core.$auto$proc_rom.cc:155:do_switch$971$rdmux[0][5][21]$b$3182, Y=$memory$flatten\u_core.$auto$proc_rom.cc:155:do_switch$971$rdmux[0][4][10]$b$3101
      New ports: A={ 1'0 $memory$flatten\u_core.$auto$proc_rom.cc:155:do_switch$971$rdmux[0][5][21]$a$3181 [0] $memory$flatten\u_core.$auto$proc_rom.cc:155:do_switch$971$rdmux[0][5][21]$a$3181 [0] }, B={ $memory$flatten\u_core.$auto$proc_rom.cc:155:do_switch$971$rdmux[0][5][21]$b$3182 [1] $memory$flatten\u_core.$auto$proc_rom.cc:155:do_switch$971$rdmux[0][5][21]$b$3182 [1] 1'0 }, Y=$memory$flatten\u_core.$auto$proc_rom.cc:155:do_switch$971$rdmux[0][4][10]$b$3101 [2:0]
      New connections: $memory$flatten\u_core.$auto$proc_rom.cc:155:do_switch$971$rdmux[0][4][10]$b$3101 [31:3] = { 1'0 $memory$flatten\u_core.$auto$proc_rom.cc:155:do_switch$971$rdmux[0][4][10]$b$3101 [1] $memory$flatten\u_core.$auto$proc_rom.cc:155:do_switch$971$rdmux[0][4][10]$b$3101 [1] $memory$flatten\u_core.$auto$proc_rom.cc:155:do_switch$971$rdmux[0][4][10]$b$3101 [2] $memory$flatten\u_core.$auto$proc_rom.cc:155:do_switch$971$rdmux[0][4][10]$b$3101 [0] 1'0 $memory$flatten\u_core.$auto$proc_rom.cc:155:do_switch$971$rdmux[0][4][10]$b$3101 [1] $memory$flatten\u_core.$auto$proc_rom.cc:155:do_switch$971$rdmux[0][4][10]$b$3101 [2] $memory$flatten\u_core.$auto$proc_rom.cc:155:do_switch$971$rdmux[0][4][10]$b$3101 [2] $memory$flatten\u_core.$auto$proc_rom.cc:155:do_switch$971$rdmux[0][4][10]$b$3101 [0] $memory$flatten\u_core.$auto$proc_rom.cc:155:do_switch$971$rdmux[0][4][10]$b$3101 [1] $memory$flatten\u_core.$auto$proc_rom.cc:155:do_switch$971$rdmux[0][4][10]$b$3101 [2] $memory$flatten\u_core.$auto$proc_rom.cc:155:do_switch$971$rdmux[0][4][10]$b$3101 [0] $memory$flatten\u_core.$auto$proc_rom.cc:155:do_switch$971$rdmux[0][4][10]$b$3101 [1] $memory$flatten\u_core.$auto$proc_rom.cc:155:do_switch$971$rdmux[0][4][10]$b$3101 [1] 1'0 $memory$flatten\u_core.$auto$proc_rom.cc:155:do_switch$971$rdmux[0][4][10]$b$3101 [1] $memory$flatten\u_core.$auto$proc_rom.cc:155:do_switch$971$rdmux[0][4][10]$b$3101 [2] $memory$flatten\u_core.$auto$proc_rom.cc:155:do_switch$971$rdmux[0][4][10]$b$3101 [0] $memory$flatten\u_core.$auto$proc_rom.cc:155:do_switch$971$rdmux[0][4][10]$b$3101 [0] $memory$flatten\u_core.$auto$proc_rom.cc:155:do_switch$971$rdmux[0][4][10]$b$3101 [1] 2'00 $memory$flatten\u_core.$auto$proc_rom.cc:155:do_switch$971$rdmux[0][4][10]$b$3101 [2] $memory$flatten\u_core.$auto$proc_rom.cc:155:do_switch$971$rdmux[0][4][10]$b$3101 [0] $memory$flatten\u_core.$auto$proc_rom.cc:155:do_switch$971$rdmux[0][4][10]$b$3101 [1:0] 2'00 }
    Consolidated identical input bits for $mux cell $memory$flatten\u_core.$auto$proc_rom.cc:155:do_switch$971$rdmux[0][5][20]$3177:
      Old ports: A=$memory$flatten\u_core.$auto$proc_rom.cc:155:do_switch$971$rdmux[0][5][20]$a$3178, B=0, Y=$memory$flatten\u_core.$auto$proc_rom.cc:155:do_switch$971$rdmux[0][4][10]$a$3100
      New ports: A=$memory$flatten\u_core.$auto$proc_rom.cc:155:do_switch$971$rdmux[0][5][20]$a$3178 [1], B=1'0, Y=$memory$flatten\u_core.$auto$proc_rom.cc:155:do_switch$971$rdmux[0][4][10]$a$3100 [1]
      New connections: { $memory$flatten\u_core.$auto$proc_rom.cc:155:do_switch$971$rdmux[0][4][10]$a$3100 [31:2] $memory$flatten\u_core.$auto$proc_rom.cc:155:do_switch$971$rdmux[0][4][10]$a$3100 [0] } = { 1'0 $memory$flatten\u_core.$auto$proc_rom.cc:155:do_switch$971$rdmux[0][4][10]$a$3100 [1] 1'0 $memory$flatten\u_core.$auto$proc_rom.cc:155:do_switch$971$rdmux[0][4][10]$a$3100 [1] $memory$flatten\u_core.$auto$proc_rom.cc:155:do_switch$971$rdmux[0][4][10]$a$3100 [1] $memory$flatten\u_core.$auto$proc_rom.cc:155:do_switch$971$rdmux[0][4][10]$a$3100 [1] $memory$flatten\u_core.$auto$proc_rom.cc:155:do_switch$971$rdmux[0][4][10]$a$3100 [1] 1'0 $memory$flatten\u_core.$auto$proc_rom.cc:155:do_switch$971$rdmux[0][4][10]$a$3100 [1] $memory$flatten\u_core.$auto$proc_rom.cc:155:do_switch$971$rdmux[0][4][10]$a$3100 [1] 1'0 $memory$flatten\u_core.$auto$proc_rom.cc:155:do_switch$971$rdmux[0][4][10]$a$3100 [1] 1'0 $memory$flatten\u_core.$auto$proc_rom.cc:155:do_switch$971$rdmux[0][4][10]$a$3100 [1] $memory$flatten\u_core.$auto$proc_rom.cc:155:do_switch$971$rdmux[0][4][10]$a$3100 [1] $memory$flatten\u_core.$auto$proc_rom.cc:155:do_switch$971$rdmux[0][4][10]$a$3100 [1] $memory$flatten\u_core.$auto$proc_rom.cc:155:do_switch$971$rdmux[0][4][10]$a$3100 [1] 1'0 $memory$flatten\u_core.$auto$proc_rom.cc:155:do_switch$971$rdmux[0][4][10]$a$3100 [1] 1'0 $memory$flatten\u_core.$auto$proc_rom.cc:155:do_switch$971$rdmux[0][4][10]$a$3100 [1] 1'0 $memory$flatten\u_core.$auto$proc_rom.cc:155:do_switch$971$rdmux[0][4][10]$a$3100 [1] 5'00000 $memory$flatten\u_core.$auto$proc_rom.cc:155:do_switch$971$rdmux[0][4][10]$a$3100 [1] 2'00 }
    Consolidated identical input bits for $mux cell $memory$flatten\u_core.$auto$proc_rom.cc:155:do_switch$971$rdmux[0][5][19]$3174:
      Old ports: A=0, B=$memory$flatten\u_core.$auto$proc_rom.cc:155:do_switch$971$rdmux[0][5][19]$b$3176, Y=$memory$flatten\u_core.$auto$proc_rom.cc:155:do_switch$971$rdmux[0][4][9]$b$3098
      New ports: A=1'0, B=$memory$flatten\u_core.$auto$proc_rom.cc:155:do_switch$971$rdmux[0][5][19]$b$3176 [1], Y=$memory$flatten\u_core.$auto$proc_rom.cc:155:do_switch$971$rdmux[0][4][9]$b$3098 [1]
      New connections: { $memory$flatten\u_core.$auto$proc_rom.cc:155:do_switch$971$rdmux[0][4][9]$b$3098 [31:2] $memory$flatten\u_core.$auto$proc_rom.cc:155:do_switch$971$rdmux[0][4][9]$b$3098 [0] } = { 1'0 $memory$flatten\u_core.$auto$proc_rom.cc:155:do_switch$971$rdmux[0][4][9]$b$3098 [1] 1'0 $memory$flatten\u_core.$auto$proc_rom.cc:155:do_switch$971$rdmux[0][4][9]$b$3098 [1] 3'000 $memory$flatten\u_core.$auto$proc_rom.cc:155:do_switch$971$rdmux[0][4][9]$b$3098 [1] 2'00 $memory$flatten\u_core.$auto$proc_rom.cc:155:do_switch$971$rdmux[0][4][9]$b$3098 [1] $memory$flatten\u_core.$auto$proc_rom.cc:155:do_switch$971$rdmux[0][4][9]$b$3098 [1] 1'0 $memory$flatten\u_core.$auto$proc_rom.cc:155:do_switch$971$rdmux[0][4][9]$b$3098 [1] 2'00 $memory$flatten\u_core.$auto$proc_rom.cc:155:do_switch$971$rdmux[0][4][9]$b$3098 [1] 2'00 $memory$flatten\u_core.$auto$proc_rom.cc:155:do_switch$971$rdmux[0][4][9]$b$3098 [1] $memory$flatten\u_core.$auto$proc_rom.cc:155:do_switch$971$rdmux[0][4][9]$b$3098 [1] $memory$flatten\u_core.$auto$proc_rom.cc:155:do_switch$971$rdmux[0][4][9]$b$3098 [1] 1'0 $memory$flatten\u_core.$auto$proc_rom.cc:155:do_switch$971$rdmux[0][4][9]$b$3098 [1] 4'0000 $memory$flatten\u_core.$auto$proc_rom.cc:155:do_switch$971$rdmux[0][4][9]$b$3098 [1] $memory$flatten\u_core.$auto$proc_rom.cc:155:do_switch$971$rdmux[0][4][9]$b$3098 [1] 1'0 }
    Consolidated identical input bits for $mux cell $memory$flatten\u_core.$auto$proc_rom.cc:155:do_switch$971$rdmux[0][5][1]$3120:
      Old ports: A=$memory$flatten\u_core.$auto$proc_rom.cc:155:do_switch$971$rdmux[0][5][1]$a$3121, B=$memory$flatten\u_core.$auto$proc_rom.cc:155:do_switch$971$rdmux[0][5][1]$b$3122, Y=$memory$flatten\u_core.$auto$proc_rom.cc:155:do_switch$971$rdmux[0][4][0]$b$3071
      New ports: A={ $memory$flatten\u_core.$auto$proc_rom.cc:155:do_switch$971$rdmux[0][5][1]$a$3121 [7] $memory$flatten\u_core.$auto$proc_rom.cc:155:do_switch$971$rdmux[0][5][1]$a$3121 [5] $memory$flatten\u_core.$auto$proc_rom.cc:155:do_switch$971$rdmux[0][5][1]$a$3121 [5] $memory$flatten\u_core.$auto$proc_rom.cc:155:do_switch$971$rdmux[0][5][1]$a$3121 [7] $memory$flatten\u_core.$auto$proc_rom.cc:155:do_switch$971$rdmux[0][5][1]$a$3121 [7] $memory$flatten\u_core.$auto$proc_rom.cc:155:do_switch$971$rdmux[0][5][1]$a$3121 [5] 4'0110 }, B={ $memory$flatten\u_core.$auto$proc_rom.cc:155:do_switch$971$rdmux[0][5][1]$b$3122 [3] 1'1 $memory$flatten\u_core.$auto$proc_rom.cc:155:do_switch$971$rdmux[0][5][1]$b$3122 [7] 1'0 $memory$flatten\u_core.$auto$proc_rom.cc:155:do_switch$971$rdmux[0][5][1]$b$3122 [7] $memory$flatten\u_core.$auto$proc_rom.cc:155:do_switch$971$rdmux[0][5][1]$b$3122 [3] $memory$flatten\u_core.$auto$proc_rom.cc:155:do_switch$971$rdmux[0][5][1]$b$3122 [3] $memory$flatten\u_core.$auto$proc_rom.cc:155:do_switch$971$rdmux[0][5][1]$b$3122 [3] 2'01 }, Y={ $memory$flatten\u_core.$auto$proc_rom.cc:155:do_switch$971$rdmux[0][4][0]$b$3071 [25] $memory$flatten\u_core.$auto$proc_rom.cc:155:do_switch$971$rdmux[0][4][0]$b$3071 [22:21] $memory$flatten\u_core.$auto$proc_rom.cc:155:do_switch$971$rdmux[0][4][0]$b$3071 [8:7] $memory$flatten\u_core.$auto$proc_rom.cc:155:do_switch$971$rdmux[0][4][0]$b$3071 [5:3] $memory$flatten\u_core.$auto$proc_rom.cc:155:do_switch$971$rdmux[0][4][0]$b$3071 [1:0] }
      New connections: { $memory$flatten\u_core.$auto$proc_rom.cc:155:do_switch$971$rdmux[0][4][0]$b$3071 [31:26] $memory$flatten\u_core.$auto$proc_rom.cc:155:do_switch$971$rdmux[0][4][0]$b$3071 [24:23] $memory$flatten\u_core.$auto$proc_rom.cc:155:do_switch$971$rdmux[0][4][0]$b$3071 [20:9] $memory$flatten\u_core.$auto$proc_rom.cc:155:do_switch$971$rdmux[0][4][0]$b$3071 [6] $memory$flatten\u_core.$auto$proc_rom.cc:155:do_switch$971$rdmux[0][4][0]$b$3071 [2] } = { 2'11 $memory$flatten\u_core.$auto$proc_rom.cc:155:do_switch$971$rdmux[0][4][0]$b$3071 [1:0] $memory$flatten\u_core.$auto$proc_rom.cc:155:do_switch$971$rdmux[0][4][0]$b$3071 [4] $memory$flatten\u_core.$auto$proc_rom.cc:155:do_switch$971$rdmux[0][4][0]$b$3071 [7] $memory$flatten\u_core.$auto$proc_rom.cc:155:do_switch$971$rdmux[0][4][0]$b$3071 [8] $memory$flatten\u_core.$auto$proc_rom.cc:155:do_switch$971$rdmux[0][4][0]$b$3071 [22] $memory$flatten\u_core.$auto$proc_rom.cc:155:do_switch$971$rdmux[0][4][0]$b$3071 [4] $memory$flatten\u_core.$auto$proc_rom.cc:155:do_switch$971$rdmux[0][4][0]$b$3071 [4] $memory$flatten\u_core.$auto$proc_rom.cc:155:do_switch$971$rdmux[0][4][0]$b$3071 [1] $memory$flatten\u_core.$auto$proc_rom.cc:155:do_switch$971$rdmux[0][4][0]$b$3071 [1] $memory$flatten\u_core.$auto$proc_rom.cc:155:do_switch$971$rdmux[0][4][0]$b$3071 [7] 5'01111 $memory$flatten\u_core.$auto$proc_rom.cc:155:do_switch$971$rdmux[0][4][0]$b$3071 [1] $memory$flatten\u_core.$auto$proc_rom.cc:155:do_switch$971$rdmux[0][4][0]$b$3071 [4] $memory$flatten\u_core.$auto$proc_rom.cc:155:do_switch$971$rdmux[0][4][0]$b$3071 [4] $memory$flatten\u_core.$auto$proc_rom.cc:155:do_switch$971$rdmux[0][4][0]$b$3071 [0] }
    Consolidated identical input bits for $mux cell $memory$flatten\u_core.$auto$proc_rom.cc:155:do_switch$971$rdmux[0][5][0]$3117:
      Old ports: A=$memory$flatten\u_core.$auto$proc_rom.cc:155:do_switch$971$rdmux[0][5][0]$a$3118, B=$memory$flatten\u_core.$auto$proc_rom.cc:155:do_switch$971$rdmux[0][5][0]$b$3119, Y=$memory$flatten\u_core.$auto$proc_rom.cc:155:do_switch$971$rdmux[0][4][0]$a$3070
      New ports: A={ $memory$flatten\u_core.$auto$proc_rom.cc:155:do_switch$971$rdmux[0][5][0]$a$3118 [0] $memory$flatten\u_core.$auto$proc_rom.cc:155:do_switch$971$rdmux[0][5][0]$a$3118 [0] $memory$flatten\u_core.$auto$proc_rom.cc:155:do_switch$971$rdmux[0][5][0]$a$3118 [0] 2'00 $memory$flatten\u_core.$auto$proc_rom.cc:155:do_switch$971$rdmux[0][5][0]$a$3118 [0] }, B={ 2'01 $memory$flatten\u_core.$auto$proc_rom.cc:155:do_switch$971$rdmux[0][5][0]$b$3119 [1:0] $memory$flatten\u_core.$auto$proc_rom.cc:155:do_switch$971$rdmux[0][5][0]$b$3119 [1:0] }, Y={ $memory$flatten\u_core.$auto$proc_rom.cc:155:do_switch$971$rdmux[0][4][0]$a$3070 [23] $memory$flatten\u_core.$auto$proc_rom.cc:155:do_switch$971$rdmux[0][4][0]$a$3070 [9] $memory$flatten\u_core.$auto$proc_rom.cc:155:do_switch$971$rdmux[0][4][0]$a$3070 [6] $memory$flatten\u_core.$auto$proc_rom.cc:155:do_switch$971$rdmux[0][4][0]$a$3070 [2:0] }
      New connections: { $memory$flatten\u_core.$auto$proc_rom.cc:155:do_switch$971$rdmux[0][4][0]$a$3070 [31:24] $memory$flatten\u_core.$auto$proc_rom.cc:155:do_switch$971$rdmux[0][4][0]$a$3070 [22:10] $memory$flatten\u_core.$auto$proc_rom.cc:155:do_switch$971$rdmux[0][4][0]$a$3070 [8:7] $memory$flatten\u_core.$auto$proc_rom.cc:155:do_switch$971$rdmux[0][4][0]$a$3070 [5:3] } = { $memory$flatten\u_core.$auto$proc_rom.cc:155:do_switch$971$rdmux[0][4][0]$a$3070 [9] $memory$flatten\u_core.$auto$proc_rom.cc:155:do_switch$971$rdmux[0][4][0]$a$3070 [9] $memory$flatten\u_core.$auto$proc_rom.cc:155:do_switch$971$rdmux[0][4][0]$a$3070 [9] $memory$flatten\u_core.$auto$proc_rom.cc:155:do_switch$971$rdmux[0][4][0]$a$3070 [6] $memory$flatten\u_core.$auto$proc_rom.cc:155:do_switch$971$rdmux[0][4][0]$a$3070 [0] $memory$flatten\u_core.$auto$proc_rom.cc:155:do_switch$971$rdmux[0][4][0]$a$3070 [2:1] $memory$flatten\u_core.$auto$proc_rom.cc:155:do_switch$971$rdmux[0][4][0]$a$3070 [9] $memory$flatten\u_core.$auto$proc_rom.cc:155:do_switch$971$rdmux[0][4][0]$a$3070 [1] $memory$flatten\u_core.$auto$proc_rom.cc:155:do_switch$971$rdmux[0][4][0]$a$3070 [9] $memory$flatten\u_core.$auto$proc_rom.cc:155:do_switch$971$rdmux[0][4][0]$a$3070 [9] $memory$flatten\u_core.$auto$proc_rom.cc:155:do_switch$971$rdmux[0][4][0]$a$3070 [0] $memory$flatten\u_core.$auto$proc_rom.cc:155:do_switch$971$rdmux[0][4][0]$a$3070 [1] 3'000 $memory$flatten\u_core.$auto$proc_rom.cc:155:do_switch$971$rdmux[0][4][0]$a$3070 [9] $memory$flatten\u_core.$auto$proc_rom.cc:155:do_switch$971$rdmux[0][4][0]$a$3070 [9] $memory$flatten\u_core.$auto$proc_rom.cc:155:do_switch$971$rdmux[0][4][0]$a$3070 [9] $memory$flatten\u_core.$auto$proc_rom.cc:155:do_switch$971$rdmux[0][4][0]$a$3070 [9] $memory$flatten\u_core.$auto$proc_rom.cc:155:do_switch$971$rdmux[0][4][0]$a$3070 [9] $memory$flatten\u_core.$auto$proc_rom.cc:155:do_switch$971$rdmux[0][4][0]$a$3070 [6] $memory$flatten\u_core.$auto$proc_rom.cc:155:do_switch$971$rdmux[0][4][0]$a$3070 [0] $memory$flatten\u_core.$auto$proc_rom.cc:155:do_switch$971$rdmux[0][4][0]$a$3070 [1:0] $memory$flatten\u_core.$auto$proc_rom.cc:155:do_switch$971$rdmux[0][4][0]$a$3070 [0] }
    Consolidated identical input bits for $mux cell $memory$flatten\u_core.$auto$proc_rom.cc:155:do_switch$971$rdmux[0][5][16]$3165:
      Old ports: A=0, B=$memory$flatten\u_core.$auto$proc_rom.cc:155:do_switch$971$rdmux[0][5][16]$b$3167, Y=$memory$flatten\u_core.$auto$proc_rom.cc:155:do_switch$971$rdmux[0][4][8]$a$3094
      New ports: A=1'0, B=$memory$flatten\u_core.$auto$proc_rom.cc:155:do_switch$971$rdmux[0][5][16]$b$3167 [1], Y=$memory$flatten\u_core.$auto$proc_rom.cc:155:do_switch$971$rdmux[0][4][8]$a$3094 [1]
      New connections: { $memory$flatten\u_core.$auto$proc_rom.cc:155:do_switch$971$rdmux[0][4][8]$a$3094 [31:2] $memory$flatten\u_core.$auto$proc_rom.cc:155:do_switch$971$rdmux[0][4][8]$a$3094 [0] } = { 4'0000 $memory$flatten\u_core.$auto$proc_rom.cc:155:do_switch$971$rdmux[0][4][8]$a$3094 [1] $memory$flatten\u_core.$auto$proc_rom.cc:155:do_switch$971$rdmux[0][4][8]$a$3094 [1] 2'00 $memory$flatten\u_core.$auto$proc_rom.cc:155:do_switch$971$rdmux[0][4][8]$a$3094 [1] 3'000 $memory$flatten\u_core.$auto$proc_rom.cc:155:do_switch$971$rdmux[0][4][8]$a$3094 [1] $memory$flatten\u_core.$auto$proc_rom.cc:155:do_switch$971$rdmux[0][4][8]$a$3094 [1] 2'00 $memory$flatten\u_core.$auto$proc_rom.cc:155:do_switch$971$rdmux[0][4][8]$a$3094 [1] 7'0000000 $memory$flatten\u_core.$auto$proc_rom.cc:155:do_switch$971$rdmux[0][4][8]$a$3094 [1] 2'00 $memory$flatten\u_core.$auto$proc_rom.cc:155:do_switch$971$rdmux[0][4][8]$a$3094 [1] $memory$flatten\u_core.$auto$proc_rom.cc:155:do_switch$971$rdmux[0][4][8]$a$3094 [1] $memory$flatten\u_core.$auto$proc_rom.cc:155:do_switch$971$rdmux[0][4][8]$a$3094 [1] 1'0 }
    Consolidated identical input bits for $mux cell $memory$flatten\u_core.$auto$proc_rom.cc:155:do_switch$971$rdmux[0][5][15]$3162:
      Old ports: A=$memory$flatten\u_core.$auto$proc_rom.cc:155:do_switch$971$rdmux[0][5][15]$a$3163, B=$memory$flatten\u_core.$auto$proc_rom.cc:155:do_switch$971$rdmux[0][5][15]$b$3164, Y=$memory$flatten\u_core.$auto$proc_rom.cc:155:do_switch$971$rdmux[0][4][7]$b$3092
      New ports: A={ 1'0 $memory$flatten\u_core.$auto$proc_rom.cc:155:do_switch$971$rdmux[0][5][15]$a$3163 [1] $memory$flatten\u_core.$auto$proc_rom.cc:155:do_switch$971$rdmux[0][5][15]$a$3163 [1] $memory$flatten\u_core.$auto$proc_rom.cc:155:do_switch$971$rdmux[0][5][15]$a$3163 [1] 1'0 $memory$flatten\u_core.$auto$proc_rom.cc:155:do_switch$971$rdmux[0][5][15]$a$3163 [1] 1'0 }, B={ 2'10 $memory$flatten\u_core.$auto$proc_rom.cc:155:do_switch$971$rdmux[0][5][15]$b$3164 [0] $memory$flatten\u_core.$auto$proc_rom.cc:155:do_switch$971$rdmux[0][5][15]$b$3164 [3] $memory$flatten\u_core.$auto$proc_rom.cc:155:do_switch$971$rdmux[0][5][15]$b$3164 [3] 1'1 $memory$flatten\u_core.$auto$proc_rom.cc:155:do_switch$971$rdmux[0][5][15]$b$3164 [0] }, Y={ $memory$flatten\u_core.$auto$proc_rom.cc:155:do_switch$971$rdmux[0][4][7]$b$3092 [20] $memory$flatten\u_core.$auto$proc_rom.cc:155:do_switch$971$rdmux[0][4][7]$b$3092 [6:3] $memory$flatten\u_core.$auto$proc_rom.cc:155:do_switch$971$rdmux[0][4][7]$b$3092 [1:0] }
      New connections: { $memory$flatten\u_core.$auto$proc_rom.cc:155:do_switch$971$rdmux[0][4][7]$b$3092 [31:21] $memory$flatten\u_core.$auto$proc_rom.cc:155:do_switch$971$rdmux[0][4][7]$b$3092 [19:7] $memory$flatten\u_core.$auto$proc_rom.cc:155:do_switch$971$rdmux[0][4][7]$b$3092 [2] } = { $memory$flatten\u_core.$auto$proc_rom.cc:155:do_switch$971$rdmux[0][4][7]$b$3092 [1] $memory$flatten\u_core.$auto$proc_rom.cc:155:do_switch$971$rdmux[0][4][7]$b$3092 [1] $memory$flatten\u_core.$auto$proc_rom.cc:155:do_switch$971$rdmux[0][4][7]$b$3092 [1] $memory$flatten\u_core.$auto$proc_rom.cc:155:do_switch$971$rdmux[0][4][7]$b$3092 [20] $memory$flatten\u_core.$auto$proc_rom.cc:155:do_switch$971$rdmux[0][4][7]$b$3092 [0] $memory$flatten\u_core.$auto$proc_rom.cc:155:do_switch$971$rdmux[0][4][7]$b$3092 [6] $memory$flatten\u_core.$auto$proc_rom.cc:155:do_switch$971$rdmux[0][4][7]$b$3092 [4] $memory$flatten\u_core.$auto$proc_rom.cc:155:do_switch$971$rdmux[0][4][7]$b$3092 [1:0] $memory$flatten\u_core.$auto$proc_rom.cc:155:do_switch$971$rdmux[0][4][7]$b$3092 [3] $memory$flatten\u_core.$auto$proc_rom.cc:155:do_switch$971$rdmux[0][4][7]$b$3092 [20] $memory$flatten\u_core.$auto$proc_rom.cc:155:do_switch$971$rdmux[0][4][7]$b$3092 [0] $memory$flatten\u_core.$auto$proc_rom.cc:155:do_switch$971$rdmux[0][4][7]$b$3092 [4] $memory$flatten\u_core.$auto$proc_rom.cc:155:do_switch$971$rdmux[0][4][7]$b$3092 [6] $memory$flatten\u_core.$auto$proc_rom.cc:155:do_switch$971$rdmux[0][4][7]$b$3092 [6] $memory$flatten\u_core.$auto$proc_rom.cc:155:do_switch$971$rdmux[0][4][7]$b$3092 [1] 5'00000 $memory$flatten\u_core.$auto$proc_rom.cc:155:do_switch$971$rdmux[0][4][7]$b$3092 [6] 1'0 $memory$flatten\u_core.$auto$proc_rom.cc:155:do_switch$971$rdmux[0][4][7]$b$3092 [3] $memory$flatten\u_core.$auto$proc_rom.cc:155:do_switch$971$rdmux[0][4][7]$b$3092 [1] }
    Consolidated identical input bits for $mux cell $memory$flatten\u_core.$auto$proc_rom.cc:155:do_switch$971$rdmux[0][5][13]$3156:
      Old ports: A=$memory$flatten\u_core.$auto$proc_rom.cc:155:do_switch$971$rdmux[0][5][13]$a$3157, B=$memory$flatten\u_core.$auto$proc_rom.cc:155:do_switch$971$rdmux[0][5][13]$b$3158, Y=$memory$flatten\u_core.$auto$proc_rom.cc:155:do_switch$971$rdmux[0][4][6]$b$3089
      New ports: A={ $memory$flatten\u_core.$auto$proc_rom.cc:155:do_switch$971$rdmux[0][5][13]$a$3157 [1] $memory$flatten\u_core.$auto$proc_rom.cc:155:do_switch$971$rdmux[0][5][13]$a$3157 [1] 1'0 }, B={ $memory$flatten\u_core.$auto$proc_rom.cc:155:do_switch$971$rdmux[0][5][13]$b$3158 [0] 1'0 $memory$flatten\u_core.$auto$proc_rom.cc:155:do_switch$971$rdmux[0][5][13]$b$3158 [0] }, Y={ $memory$flatten\u_core.$auto$proc_rom.cc:155:do_switch$971$rdmux[0][4][6]$b$3089 [4] $memory$flatten\u_core.$auto$proc_rom.cc:155:do_switch$971$rdmux[0][4][6]$b$3089 [1:0] }
      New connections: { $memory$flatten\u_core.$auto$proc_rom.cc:155:do_switch$971$rdmux[0][4][6]$b$3089 [31:5] $memory$flatten\u_core.$auto$proc_rom.cc:155:do_switch$971$rdmux[0][4][6]$b$3089 [3:2] } = { $memory$flatten\u_core.$auto$proc_rom.cc:155:do_switch$971$rdmux[0][4][6]$b$3089 [4] $memory$flatten\u_core.$auto$proc_rom.cc:155:do_switch$971$rdmux[0][4][6]$b$3089 [0] $memory$flatten\u_core.$auto$proc_rom.cc:155:do_switch$971$rdmux[0][4][6]$b$3089 [1] $memory$flatten\u_core.$auto$proc_rom.cc:155:do_switch$971$rdmux[0][4][6]$b$3089 [1] $memory$flatten\u_core.$auto$proc_rom.cc:155:do_switch$971$rdmux[0][4][6]$b$3089 [1] 1'0 $memory$flatten\u_core.$auto$proc_rom.cc:155:do_switch$971$rdmux[0][4][6]$b$3089 [0] $memory$flatten\u_core.$auto$proc_rom.cc:155:do_switch$971$rdmux[0][4][6]$b$3089 [0] $memory$flatten\u_core.$auto$proc_rom.cc:155:do_switch$971$rdmux[0][4][6]$b$3089 [4] $memory$flatten\u_core.$auto$proc_rom.cc:155:do_switch$971$rdmux[0][4][6]$b$3089 [1] $memory$flatten\u_core.$auto$proc_rom.cc:155:do_switch$971$rdmux[0][4][6]$b$3089 [4] 1'0 $memory$flatten\u_core.$auto$proc_rom.cc:155:do_switch$971$rdmux[0][4][6]$b$3089 [0] 1'0 $memory$flatten\u_core.$auto$proc_rom.cc:155:do_switch$971$rdmux[0][4][6]$b$3089 [1] $memory$flatten\u_core.$auto$proc_rom.cc:155:do_switch$971$rdmux[0][4][6]$b$3089 [4] $memory$flatten\u_core.$auto$proc_rom.cc:155:do_switch$971$rdmux[0][4][6]$b$3089 [4] 2'00 $memory$flatten\u_core.$auto$proc_rom.cc:155:do_switch$971$rdmux[0][4][6]$b$3089 [1:0] $memory$flatten\u_core.$auto$proc_rom.cc:155:do_switch$971$rdmux[0][4][6]$b$3089 [4] $memory$flatten\u_core.$auto$proc_rom.cc:155:do_switch$971$rdmux[0][4][6]$b$3089 [0] $memory$flatten\u_core.$auto$proc_rom.cc:155:do_switch$971$rdmux[0][4][6]$b$3089 [4] $memory$flatten\u_core.$auto$proc_rom.cc:155:do_switch$971$rdmux[0][4][6]$b$3089 [1] 2'00 $memory$flatten\u_core.$auto$proc_rom.cc:155:do_switch$971$rdmux[0][4][6]$b$3089 [0] $memory$flatten\u_core.$auto$proc_rom.cc:155:do_switch$971$rdmux[0][4][6]$b$3089 [0] }
    Consolidated identical input bits for $mux cell $memory$flatten\u_core.$auto$proc_rom.cc:155:do_switch$971$rdmux[0][5][12]$3153:
      Old ports: A=$memory$flatten\u_core.$auto$proc_rom.cc:155:do_switch$971$rdmux[0][5][12]$a$3154, B=$memory$flatten\u_core.$auto$proc_rom.cc:155:do_switch$971$rdmux[0][5][12]$b$3155, Y=$memory$flatten\u_core.$auto$proc_rom.cc:155:do_switch$971$rdmux[0][4][6]$a$3088
      New ports: A={ 3'000 $memory$flatten\u_core.$auto$proc_rom.cc:155:do_switch$971$rdmux[0][5][12]$a$3154 [1] $memory$flatten\u_core.$auto$proc_rom.cc:155:do_switch$971$rdmux[0][5][12]$a$3154 [1] $memory$flatten\u_core.$auto$proc_rom.cc:155:do_switch$971$rdmux[0][5][12]$a$3154 [1] $memory$flatten\u_core.$auto$proc_rom.cc:155:do_switch$971$rdmux[0][5][12]$a$3154 [1] }, B={ $memory$flatten\u_core.$auto$proc_rom.cc:155:do_switch$971$rdmux[0][5][12]$b$3155 [4] $memory$flatten\u_core.$auto$proc_rom.cc:155:do_switch$971$rdmux[0][5][12]$b$3155 [1] 3'110 $memory$flatten\u_core.$auto$proc_rom.cc:155:do_switch$971$rdmux[0][5][12]$b$3155 [4] $memory$flatten\u_core.$auto$proc_rom.cc:155:do_switch$971$rdmux[0][5][12]$b$3155 [1] }, Y={ $memory$flatten\u_core.$auto$proc_rom.cc:155:do_switch$971$rdmux[0][4][6]$a$3088 [28:27] $memory$flatten\u_core.$auto$proc_rom.cc:155:do_switch$971$rdmux[0][4][6]$a$3088 [11] $memory$flatten\u_core.$auto$proc_rom.cc:155:do_switch$971$rdmux[0][4][6]$a$3088 [8] $memory$flatten\u_core.$auto$proc_rom.cc:155:do_switch$971$rdmux[0][4][6]$a$3088 [6] $memory$flatten\u_core.$auto$proc_rom.cc:155:do_switch$971$rdmux[0][4][6]$a$3088 [4] $memory$flatten\u_core.$auto$proc_rom.cc:155:do_switch$971$rdmux[0][4][6]$a$3088 [1] }
      New connections: { $memory$flatten\u_core.$auto$proc_rom.cc:155:do_switch$971$rdmux[0][4][6]$a$3088 [31:29] $memory$flatten\u_core.$auto$proc_rom.cc:155:do_switch$971$rdmux[0][4][6]$a$3088 [26:12] $memory$flatten\u_core.$auto$proc_rom.cc:155:do_switch$971$rdmux[0][4][6]$a$3088 [10:9] $memory$flatten\u_core.$auto$proc_rom.cc:155:do_switch$971$rdmux[0][4][6]$a$3088 [7] $memory$flatten\u_core.$auto$proc_rom.cc:155:do_switch$971$rdmux[0][4][6]$a$3088 [5] $memory$flatten\u_core.$auto$proc_rom.cc:155:do_switch$971$rdmux[0][4][6]$a$3088 [3:2] $memory$flatten\u_core.$auto$proc_rom.cc:155:do_switch$971$rdmux[0][4][6]$a$3088 [0] } = { $memory$flatten\u_core.$auto$proc_rom.cc:155:do_switch$971$rdmux[0][4][6]$a$3088 [8] 1'0 $memory$flatten\u_core.$auto$proc_rom.cc:155:do_switch$971$rdmux[0][4][6]$a$3088 [8] $memory$flatten\u_core.$auto$proc_rom.cc:155:do_switch$971$rdmux[0][4][6]$a$3088 [1] $memory$flatten\u_core.$auto$proc_rom.cc:155:do_switch$971$rdmux[0][4][6]$a$3088 [11] $memory$flatten\u_core.$auto$proc_rom.cc:155:do_switch$971$rdmux[0][4][6]$a$3088 [4] $memory$flatten\u_core.$auto$proc_rom.cc:155:do_switch$971$rdmux[0][4][6]$a$3088 [11] $memory$flatten\u_core.$auto$proc_rom.cc:155:do_switch$971$rdmux[0][4][6]$a$3088 [8] $memory$flatten\u_core.$auto$proc_rom.cc:155:do_switch$971$rdmux[0][4][6]$a$3088 [6] $memory$flatten\u_core.$auto$proc_rom.cc:155:do_switch$971$rdmux[0][4][6]$a$3088 [6] $memory$flatten\u_core.$auto$proc_rom.cc:155:do_switch$971$rdmux[0][4][6]$a$3088 [1] $memory$flatten\u_core.$auto$proc_rom.cc:155:do_switch$971$rdmux[0][4][6]$a$3088 [1] $memory$flatten\u_core.$auto$proc_rom.cc:155:do_switch$971$rdmux[0][4][6]$a$3088 [6] 1'0 $memory$flatten\u_core.$auto$proc_rom.cc:155:do_switch$971$rdmux[0][4][6]$a$3088 [8] 1'0 $memory$flatten\u_core.$auto$proc_rom.cc:155:do_switch$971$rdmux[0][4][6]$a$3088 [6] $memory$flatten\u_core.$auto$proc_rom.cc:155:do_switch$971$rdmux[0][4][6]$a$3088 [11] $memory$flatten\u_core.$auto$proc_rom.cc:155:do_switch$971$rdmux[0][4][6]$a$3088 [1] 2'00 $memory$flatten\u_core.$auto$proc_rom.cc:155:do_switch$971$rdmux[0][4][6]$a$3088 [4] $memory$flatten\u_core.$auto$proc_rom.cc:155:do_switch$971$rdmux[0][4][6]$a$3088 [1] $memory$flatten\u_core.$auto$proc_rom.cc:155:do_switch$971$rdmux[0][4][6]$a$3088 [1] 1'0 }
    Consolidated identical input bits for $mux cell $memory$flatten\u_core.$auto$proc_rom.cc:155:do_switch$971$rdmux[0][5][9]$3144:
      Old ports: A=$memory$flatten\u_core.$auto$proc_rom.cc:155:do_switch$971$rdmux[0][5][9]$a$3145, B=$memory$flatten\u_core.$auto$proc_rom.cc:155:do_switch$971$rdmux[0][5][9]$b$3146, Y=$memory$flatten\u_core.$auto$proc_rom.cc:155:do_switch$971$rdmux[0][4][4]$b$3083
      New ports: A={ $memory$flatten\u_core.$auto$proc_rom.cc:155:do_switch$971$rdmux[0][5][9]$a$3145 [0] $memory$flatten\u_core.$auto$proc_rom.cc:155:do_switch$971$rdmux[0][5][9]$a$3145 [0] 3'000 $memory$flatten\u_core.$auto$proc_rom.cc:155:do_switch$971$rdmux[0][5][9]$a$3145 [0] $memory$flatten\u_core.$auto$proc_rom.cc:155:do_switch$971$rdmux[0][5][9]$a$3145 [0] }, B={ 1'1 $memory$flatten\u_core.$auto$proc_rom.cc:155:do_switch$971$rdmux[0][5][9]$b$3146 [3] 1'1 $memory$flatten\u_core.$auto$proc_rom.cc:155:do_switch$971$rdmux[0][5][9]$b$3146 [0] $memory$flatten\u_core.$auto$proc_rom.cc:155:do_switch$971$rdmux[0][5][9]$b$3146 [3] 1'0 $memory$flatten\u_core.$auto$proc_rom.cc:155:do_switch$971$rdmux[0][5][9]$b$3146 [0] }, Y={ $memory$flatten\u_core.$auto$proc_rom.cc:155:do_switch$971$rdmux[0][4][4]$b$3083 [14] $memory$flatten\u_core.$auto$proc_rom.cc:155:do_switch$971$rdmux[0][4][4]$b$3083 [9] $memory$flatten\u_core.$auto$proc_rom.cc:155:do_switch$971$rdmux[0][4][4]$b$3083 [6:5] $memory$flatten\u_core.$auto$proc_rom.cc:155:do_switch$971$rdmux[0][4][4]$b$3083 [3] $memory$flatten\u_core.$auto$proc_rom.cc:155:do_switch$971$rdmux[0][4][4]$b$3083 [1:0] }
      New connections: { $memory$flatten\u_core.$auto$proc_rom.cc:155:do_switch$971$rdmux[0][4][4]$b$3083 [31:15] $memory$flatten\u_core.$auto$proc_rom.cc:155:do_switch$971$rdmux[0][4][4]$b$3083 [13:10] $memory$flatten\u_core.$auto$proc_rom.cc:155:do_switch$971$rdmux[0][4][4]$b$3083 [8:7] $memory$flatten\u_core.$auto$proc_rom.cc:155:do_switch$971$rdmux[0][4][4]$b$3083 [4] $memory$flatten\u_core.$auto$proc_rom.cc:155:do_switch$971$rdmux[0][4][4]$b$3083 [2] } = { $memory$flatten\u_core.$auto$proc_rom.cc:155:do_switch$971$rdmux[0][4][4]$b$3083 [14] 4'0000 $memory$flatten\u_core.$auto$proc_rom.cc:155:do_switch$971$rdmux[0][4][4]$b$3083 [6] $memory$flatten\u_core.$auto$proc_rom.cc:155:do_switch$971$rdmux[0][4][4]$b$3083 [0] $memory$flatten\u_core.$auto$proc_rom.cc:155:do_switch$971$rdmux[0][4][4]$b$3083 [6] $memory$flatten\u_core.$auto$proc_rom.cc:155:do_switch$971$rdmux[0][4][4]$b$3083 [3] $memory$flatten\u_core.$auto$proc_rom.cc:155:do_switch$971$rdmux[0][4][4]$b$3083 [0] $memory$flatten\u_core.$auto$proc_rom.cc:155:do_switch$971$rdmux[0][4][4]$b$3083 [0] $memory$flatten\u_core.$auto$proc_rom.cc:155:do_switch$971$rdmux[0][4][4]$b$3083 [0] $memory$flatten\u_core.$auto$proc_rom.cc:155:do_switch$971$rdmux[0][4][4]$b$3083 [5] $memory$flatten\u_core.$auto$proc_rom.cc:155:do_switch$971$rdmux[0][4][4]$b$3083 [1] $memory$flatten\u_core.$auto$proc_rom.cc:155:do_switch$971$rdmux[0][4][4]$b$3083 [14] $memory$flatten\u_core.$auto$proc_rom.cc:155:do_switch$971$rdmux[0][4][4]$b$3083 [6] $memory$flatten\u_core.$auto$proc_rom.cc:155:do_switch$971$rdmux[0][4][4]$b$3083 [14] $memory$flatten\u_core.$auto$proc_rom.cc:155:do_switch$971$rdmux[0][4][4]$b$3083 [1] $memory$flatten\u_core.$auto$proc_rom.cc:155:do_switch$971$rdmux[0][4][4]$b$3083 [6] $memory$flatten\u_core.$auto$proc_rom.cc:155:do_switch$971$rdmux[0][4][4]$b$3083 [3] $memory$flatten\u_core.$auto$proc_rom.cc:155:do_switch$971$rdmux[0][4][4]$b$3083 [0] $memory$flatten\u_core.$auto$proc_rom.cc:155:do_switch$971$rdmux[0][4][4]$b$3083 [1] $memory$flatten\u_core.$auto$proc_rom.cc:155:do_switch$971$rdmux[0][4][4]$b$3083 [6] $memory$flatten\u_core.$auto$proc_rom.cc:155:do_switch$971$rdmux[0][4][4]$b$3083 [3] $memory$flatten\u_core.$auto$proc_rom.cc:155:do_switch$971$rdmux[0][4][4]$b$3083 [1] }
    Consolidated identical input bits for $mux cell $memory$flatten\u_core.$auto$proc_rom.cc:155:do_switch$971$rdmux[0][5][8]$3141:
      Old ports: A=$memory$flatten\u_core.$auto$proc_rom.cc:155:do_switch$971$rdmux[0][5][8]$a$3142, B=$memory$flatten\u_core.$auto$proc_rom.cc:155:do_switch$971$rdmux[0][5][8]$b$3143, Y=$memory$flatten\u_core.$auto$proc_rom.cc:155:do_switch$971$rdmux[0][4][4]$a$3082
      New ports: A={ 1'1 $memory$flatten\u_core.$auto$proc_rom.cc:155:do_switch$971$rdmux[0][5][8]$a$3142 [3] $memory$flatten\u_core.$auto$proc_rom.cc:155:do_switch$971$rdmux[0][5][8]$a$3142 [3] 1'0 }, B={ $memory$flatten\u_core.$auto$proc_rom.cc:155:do_switch$971$rdmux[0][5][8]$b$3143 [2] $memory$flatten\u_core.$auto$proc_rom.cc:155:do_switch$971$rdmux[0][5][8]$b$3143 [2] 1'0 $memory$flatten\u_core.$auto$proc_rom.cc:155:do_switch$971$rdmux[0][5][8]$b$3143 [2] }, Y={ $memory$flatten\u_core.$auto$proc_rom.cc:155:do_switch$971$rdmux[0][4][4]$a$3082 [31] $memory$flatten\u_core.$auto$proc_rom.cc:155:do_switch$971$rdmux[0][4][4]$a$3082 [4:2] }
      New connections: { $memory$flatten\u_core.$auto$proc_rom.cc:155:do_switch$971$rdmux[0][4][4]$a$3082 [30:5] $memory$flatten\u_core.$auto$proc_rom.cc:155:do_switch$971$rdmux[0][4][4]$a$3082 [1:0] } = { 7'0000000 $memory$flatten\u_core.$auto$proc_rom.cc:155:do_switch$971$rdmux[0][4][4]$a$3082 [2] 1'0 $memory$flatten\u_core.$auto$proc_rom.cc:155:do_switch$971$rdmux[0][4][4]$a$3082 [3:2] $memory$flatten\u_core.$auto$proc_rom.cc:155:do_switch$971$rdmux[0][4][4]$a$3082 [2] $memory$flatten\u_core.$auto$proc_rom.cc:155:do_switch$971$rdmux[0][4][4]$a$3082 [4] $memory$flatten\u_core.$auto$proc_rom.cc:155:do_switch$971$rdmux[0][4][4]$a$3082 [4:3] $memory$flatten\u_core.$auto$proc_rom.cc:155:do_switch$971$rdmux[0][4][4]$a$3082 [4] $memory$flatten\u_core.$auto$proc_rom.cc:155:do_switch$971$rdmux[0][4][4]$a$3082 [4] $memory$flatten\u_core.$auto$proc_rom.cc:155:do_switch$971$rdmux[0][4][4]$a$3082 [4] $memory$flatten\u_core.$auto$proc_rom.cc:155:do_switch$971$rdmux[0][4][4]$a$3082 [4:3] 1'0 $memory$flatten\u_core.$auto$proc_rom.cc:155:do_switch$971$rdmux[0][4][4]$a$3082 [2] $memory$flatten\u_core.$auto$proc_rom.cc:155:do_switch$971$rdmux[0][4][4]$a$3082 [4:2] $memory$flatten\u_core.$auto$proc_rom.cc:155:do_switch$971$rdmux[0][4][4]$a$3082 [4] 2'00 }
    Consolidated identical input bits for $mux cell $memory$flatten\u_core.$auto$proc_rom.cc:155:do_switch$971$rdmux[0][5][6]$3135:
      Old ports: A=$memory$flatten\u_core.$auto$proc_rom.cc:155:do_switch$971$rdmux[0][5][6]$a$3136, B=$memory$flatten\u_core.$auto$proc_rom.cc:155:do_switch$971$rdmux[0][5][6]$b$3137, Y=$memory$flatten\u_core.$auto$proc_rom.cc:155:do_switch$971$rdmux[0][4][3]$a$3079
      New ports: A={ $memory$flatten\u_core.$auto$proc_rom.cc:155:do_switch$971$rdmux[0][5][6]$a$3136 [5] $memory$flatten\u_core.$auto$proc_rom.cc:155:do_switch$971$rdmux[0][5][6]$a$3136 [0] 1'1 $memory$flatten\u_core.$auto$proc_rom.cc:155:do_switch$971$rdmux[0][5][6]$a$3136 [5] 1'0 $memory$flatten\u_core.$auto$proc_rom.cc:155:do_switch$971$rdmux[0][5][6]$a$3136 [0] $memory$flatten\u_core.$auto$proc_rom.cc:155:do_switch$971$rdmux[0][5][6]$a$3136 [5] $memory$flatten\u_core.$auto$proc_rom.cc:155:do_switch$971$rdmux[0][5][6]$a$3136 [5] 2'11 $memory$flatten\u_core.$auto$proc_rom.cc:155:do_switch$971$rdmux[0][5][6]$a$3136 [0] $memory$flatten\u_core.$auto$proc_rom.cc:155:do_switch$971$rdmux[0][5][6]$a$3136 [0] }, B={ 1'1 $memory$flatten\u_core.$auto$proc_rom.cc:155:do_switch$971$rdmux[0][5][6]$b$3137 [5] $memory$flatten\u_core.$auto$proc_rom.cc:155:do_switch$971$rdmux[0][5][6]$b$3137 [5] $memory$flatten\u_core.$auto$proc_rom.cc:155:do_switch$971$rdmux[0][5][6]$b$3137 [1] 3'110 $memory$flatten\u_core.$auto$proc_rom.cc:155:do_switch$971$rdmux[0][5][6]$b$3137 [5] $memory$flatten\u_core.$auto$proc_rom.cc:155:do_switch$971$rdmux[0][5][6]$b$3137 [1] 1'0 $memory$flatten\u_core.$auto$proc_rom.cc:155:do_switch$971$rdmux[0][5][6]$b$3137 [1] 1'0 }, Y={ $memory$flatten\u_core.$auto$proc_rom.cc:155:do_switch$971$rdmux[0][4][3]$a$3079 [23] $memory$flatten\u_core.$auto$proc_rom.cc:155:do_switch$971$rdmux[0][4][3]$a$3079 [16] $memory$flatten\u_core.$auto$proc_rom.cc:155:do_switch$971$rdmux[0][4][3]$a$3079 [13:12] $memory$flatten\u_core.$auto$proc_rom.cc:155:do_switch$971$rdmux[0][4][3]$a$3079 [10] $memory$flatten\u_core.$auto$proc_rom.cc:155:do_switch$971$rdmux[0][4][3]$a$3079 [8] $memory$flatten\u_core.$auto$proc_rom.cc:155:do_switch$971$rdmux[0][4][3]$a$3079 [6:4] $memory$flatten\u_core.$auto$proc_rom.cc:155:do_switch$971$rdmux[0][4][3]$a$3079 [2:0] }
      New connections: { $memory$flatten\u_core.$auto$proc_rom.cc:155:do_switch$971$rdmux[0][4][3]$a$3079 [31:24] $memory$flatten\u_core.$auto$proc_rom.cc:155:do_switch$971$rdmux[0][4][3]$a$3079 [22:17] $memory$flatten\u_core.$auto$proc_rom.cc:155:do_switch$971$rdmux[0][4][3]$a$3079 [15:14] $memory$flatten\u_core.$auto$proc_rom.cc:155:do_switch$971$rdmux[0][4][3]$a$3079 [11] $memory$flatten\u_core.$auto$proc_rom.cc:155:do_switch$971$rdmux[0][4][3]$a$3079 [9] $memory$flatten\u_core.$auto$proc_rom.cc:155:do_switch$971$rdmux[0][4][3]$a$3079 [7] $memory$flatten\u_core.$auto$proc_rom.cc:155:do_switch$971$rdmux[0][4][3]$a$3079 [3] } = { 4'1000 $memory$flatten\u_core.$auto$proc_rom.cc:155:do_switch$971$rdmux[0][4][3]$a$3079 [6] $memory$flatten\u_core.$auto$proc_rom.cc:155:do_switch$971$rdmux[0][4][3]$a$3079 [16] $memory$flatten\u_core.$auto$proc_rom.cc:155:do_switch$971$rdmux[0][4][3]$a$3079 [1] 1'1 $memory$flatten\u_core.$auto$proc_rom.cc:155:do_switch$971$rdmux[0][4][3]$a$3079 [1] $memory$flatten\u_core.$auto$proc_rom.cc:155:do_switch$971$rdmux[0][4][3]$a$3079 [2] $memory$flatten\u_core.$auto$proc_rom.cc:155:do_switch$971$rdmux[0][4][3]$a$3079 [4] $memory$flatten\u_core.$auto$proc_rom.cc:155:do_switch$971$rdmux[0][4][3]$a$3079 [2] $memory$flatten\u_core.$auto$proc_rom.cc:155:do_switch$971$rdmux[0][4][3]$a$3079 [12] 3'100 $memory$flatten\u_core.$auto$proc_rom.cc:155:do_switch$971$rdmux[0][4][3]$a$3079 [1] $memory$flatten\u_core.$auto$proc_rom.cc:155:do_switch$971$rdmux[0][4][3]$a$3079 [1] $memory$flatten\u_core.$auto$proc_rom.cc:155:do_switch$971$rdmux[0][4][3]$a$3079 [6] 1'1 }
    Consolidated identical input bits for $mux cell $memory$flatten\u_core.$auto$proc_rom.cc:155:do_switch$971$rdmux[0][5][5]$3132:
      Old ports: A=$memory$flatten\u_core.$auto$proc_rom.cc:155:do_switch$971$rdmux[0][5][5]$a$3133, B=$memory$flatten\u_core.$auto$proc_rom.cc:155:do_switch$971$rdmux[0][5][5]$b$3134, Y=$memory$flatten\u_core.$auto$proc_rom.cc:155:do_switch$971$rdmux[0][4][2]$b$3077
      New ports: A={ $memory$flatten\u_core.$auto$proc_rom.cc:155:do_switch$971$rdmux[0][5][5]$a$3133 [0] $memory$flatten\u_core.$auto$proc_rom.cc:155:do_switch$971$rdmux[0][5][5]$a$3133 [1] 2'00 $memory$flatten\u_core.$auto$proc_rom.cc:155:do_switch$971$rdmux[0][5][5]$a$3133 [0] 1'1 $memory$flatten\u_core.$auto$proc_rom.cc:155:do_switch$971$rdmux[0][5][5]$a$3133 [1] $memory$flatten\u_core.$auto$proc_rom.cc:155:do_switch$971$rdmux[0][5][5]$a$3133 [1] 1'0 $memory$flatten\u_core.$auto$proc_rom.cc:155:do_switch$971$rdmux[0][5][5]$a$3133 [0] 2'11 $memory$flatten\u_core.$auto$proc_rom.cc:155:do_switch$971$rdmux[0][5][5]$a$3133 [1:0] }, B={ 3'001 $memory$flatten\u_core.$auto$proc_rom.cc:155:do_switch$971$rdmux[0][5][5]$b$3134 [0] $memory$flatten\u_core.$auto$proc_rom.cc:155:do_switch$971$rdmux[0][5][5]$b$3134 [3] 1'0 $memory$flatten\u_core.$auto$proc_rom.cc:155:do_switch$971$rdmux[0][5][5]$b$3134 [3] $memory$flatten\u_core.$auto$proc_rom.cc:155:do_switch$971$rdmux[0][5][5]$b$3134 [0] $memory$flatten\u_core.$auto$proc_rom.cc:155:do_switch$971$rdmux[0][5][5]$b$3134 [3] 1'1 $memory$flatten\u_core.$auto$proc_rom.cc:155:do_switch$971$rdmux[0][5][5]$b$3134 [3] $memory$flatten\u_core.$auto$proc_rom.cc:155:do_switch$971$rdmux[0][5][5]$b$3134 [0] 1'1 $memory$flatten\u_core.$auto$proc_rom.cc:155:do_switch$971$rdmux[0][5][5]$b$3134 [0] }, Y={ $memory$flatten\u_core.$auto$proc_rom.cc:155:do_switch$971$rdmux[0][4][2]$b$3077 [23] $memory$flatten\u_core.$auto$proc_rom.cc:155:do_switch$971$rdmux[0][4][2]$b$3077 [21] $memory$flatten\u_core.$auto$proc_rom.cc:155:do_switch$971$rdmux[0][4][2]$b$3077 [12:11] $memory$flatten\u_core.$auto$proc_rom.cc:155:do_switch$971$rdmux[0][4][2]$b$3077 [9:0] }
      New connections: { $memory$flatten\u_core.$auto$proc_rom.cc:155:do_switch$971$rdmux[0][4][2]$b$3077 [31:24] $memory$flatten\u_core.$auto$proc_rom.cc:155:do_switch$971$rdmux[0][4][2]$b$3077 [22] $memory$flatten\u_core.$auto$proc_rom.cc:155:do_switch$971$rdmux[0][4][2]$b$3077 [20:13] $memory$flatten\u_core.$auto$proc_rom.cc:155:do_switch$971$rdmux[0][4][2]$b$3077 [10] } = { 3'100 $memory$flatten\u_core.$auto$proc_rom.cc:155:do_switch$971$rdmux[0][4][2]$b$3077 [8] $memory$flatten\u_core.$auto$proc_rom.cc:155:do_switch$971$rdmux[0][4][2]$b$3077 [12] $memory$flatten\u_core.$auto$proc_rom.cc:155:do_switch$971$rdmux[0][4][2]$b$3077 [4] $memory$flatten\u_core.$auto$proc_rom.cc:155:do_switch$971$rdmux[0][4][2]$b$3077 [6] $memory$flatten\u_core.$auto$proc_rom.cc:155:do_switch$971$rdmux[0][4][2]$b$3077 [0] $memory$flatten\u_core.$auto$proc_rom.cc:155:do_switch$971$rdmux[0][4][2]$b$3077 [5] $memory$flatten\u_core.$auto$proc_rom.cc:155:do_switch$971$rdmux[0][4][2]$b$3077 [2] $memory$flatten\u_core.$auto$proc_rom.cc:155:do_switch$971$rdmux[0][4][2]$b$3077 [12] $memory$flatten\u_core.$auto$proc_rom.cc:155:do_switch$971$rdmux[0][4][2]$b$3077 [6] $memory$flatten\u_core.$auto$proc_rom.cc:155:do_switch$971$rdmux[0][4][2]$b$3077 [3] $memory$flatten\u_core.$auto$proc_rom.cc:155:do_switch$971$rdmux[0][4][2]$b$3077 [11] 1'0 $memory$flatten\u_core.$auto$proc_rom.cc:155:do_switch$971$rdmux[0][4][2]$b$3077 [8] $memory$flatten\u_core.$auto$proc_rom.cc:155:do_switch$971$rdmux[0][4][2]$b$3077 [12] $memory$flatten\u_core.$auto$proc_rom.cc:155:do_switch$971$rdmux[0][4][2]$b$3077 [4] }
    Consolidated identical input bits for $mux cell $memory$flatten\u_core.$auto$proc_rom.cc:155:do_switch$971$rdmux[0][5][23]$3186:
      Old ports: A=$memory$flatten\u_core.$auto$proc_rom.cc:155:do_switch$971$rdmux[0][5][23]$a$3187, B=0, Y=$memory$flatten\u_core.$auto$proc_rom.cc:155:do_switch$971$rdmux[0][4][11]$b$3104
      New ports: A=$memory$flatten\u_core.$auto$proc_rom.cc:155:do_switch$971$rdmux[0][5][23]$a$3187 [3], B=1'0, Y=$memory$flatten\u_core.$auto$proc_rom.cc:155:do_switch$971$rdmux[0][4][11]$b$3104 [3]
      New connections: { $memory$flatten\u_core.$auto$proc_rom.cc:155:do_switch$971$rdmux[0][4][11]$b$3104 [31:4] $memory$flatten\u_core.$auto$proc_rom.cc:155:do_switch$971$rdmux[0][4][11]$b$3104 [2:0] } = { 1'0 $memory$flatten\u_core.$auto$proc_rom.cc:155:do_switch$971$rdmux[0][4][11]$b$3104 [3] $memory$flatten\u_core.$auto$proc_rom.cc:155:do_switch$971$rdmux[0][4][11]$b$3104 [3] $memory$flatten\u_core.$auto$proc_rom.cc:155:do_switch$971$rdmux[0][4][11]$b$3104 [3] $memory$flatten\u_core.$auto$proc_rom.cc:155:do_switch$971$rdmux[0][4][11]$b$3104 [3] $memory$flatten\u_core.$auto$proc_rom.cc:155:do_switch$971$rdmux[0][4][11]$b$3104 [3] $memory$flatten\u_core.$auto$proc_rom.cc:155:do_switch$971$rdmux[0][4][11]$b$3104 [3] 1'0 $memory$flatten\u_core.$auto$proc_rom.cc:155:do_switch$971$rdmux[0][4][11]$b$3104 [3] 2'00 $memory$flatten\u_core.$auto$proc_rom.cc:155:do_switch$971$rdmux[0][4][11]$b$3104 [3] $memory$flatten\u_core.$auto$proc_rom.cc:155:do_switch$971$rdmux[0][4][11]$b$3104 [3] $memory$flatten\u_core.$auto$proc_rom.cc:155:do_switch$971$rdmux[0][4][11]$b$3104 [3] 1'0 $memory$flatten\u_core.$auto$proc_rom.cc:155:do_switch$971$rdmux[0][4][11]$b$3104 [3] $memory$flatten\u_core.$auto$proc_rom.cc:155:do_switch$971$rdmux[0][4][11]$b$3104 [3] $memory$flatten\u_core.$auto$proc_rom.cc:155:do_switch$971$rdmux[0][4][11]$b$3104 [3] $memory$flatten\u_core.$auto$proc_rom.cc:155:do_switch$971$rdmux[0][4][11]$b$3104 [3] 1'0 $memory$flatten\u_core.$auto$proc_rom.cc:155:do_switch$971$rdmux[0][4][11]$b$3104 [3] $memory$flatten\u_core.$auto$proc_rom.cc:155:do_switch$971$rdmux[0][4][11]$b$3104 [3] 1'0 $memory$flatten\u_core.$auto$proc_rom.cc:155:do_switch$971$rdmux[0][4][11]$b$3104 [3] 2'00 $memory$flatten\u_core.$auto$proc_rom.cc:155:do_switch$971$rdmux[0][4][11]$b$3104 [3] $memory$flatten\u_core.$auto$proc_rom.cc:155:do_switch$971$rdmux[0][4][11]$b$3104 [3] 3'000 }
    Consolidated identical input bits for $mux cell $memory$flatten\u_core.$auto$proc_rom.cc:155:do_switch$971$rdmux[0][5][17]$3168:
      Old ports: A=$memory$flatten\u_core.$auto$proc_rom.cc:155:do_switch$971$rdmux[0][5][17]$a$3169, B=0, Y=$memory$flatten\u_core.$auto$proc_rom.cc:155:do_switch$971$rdmux[0][4][8]$b$3095
      New ports: A=$memory$flatten\u_core.$auto$proc_rom.cc:155:do_switch$971$rdmux[0][5][17]$a$3169 [1], B=1'0, Y=$memory$flatten\u_core.$auto$proc_rom.cc:155:do_switch$971$rdmux[0][4][8]$b$3095 [1]
      New connections: { $memory$flatten\u_core.$auto$proc_rom.cc:155:do_switch$971$rdmux[0][4][8]$b$3095 [31:2] $memory$flatten\u_core.$auto$proc_rom.cc:155:do_switch$971$rdmux[0][4][8]$b$3095 [0] } = { 3'000 $memory$flatten\u_core.$auto$proc_rom.cc:155:do_switch$971$rdmux[0][4][8]$b$3095 [1] $memory$flatten\u_core.$auto$proc_rom.cc:155:do_switch$971$rdmux[0][4][8]$b$3095 [1] $memory$flatten\u_core.$auto$proc_rom.cc:155:do_switch$971$rdmux[0][4][8]$b$3095 [1] $memory$flatten\u_core.$auto$proc_rom.cc:155:do_switch$971$rdmux[0][4][8]$b$3095 [1] $memory$flatten\u_core.$auto$proc_rom.cc:155:do_switch$971$rdmux[0][4][8]$b$3095 [1] 3'000 $memory$flatten\u_core.$auto$proc_rom.cc:155:do_switch$971$rdmux[0][4][8]$b$3095 [1] $memory$flatten\u_core.$auto$proc_rom.cc:155:do_switch$971$rdmux[0][4][8]$b$3095 [1] 1'0 $memory$flatten\u_core.$auto$proc_rom.cc:155:do_switch$971$rdmux[0][4][8]$b$3095 [1] 1'0 $memory$flatten\u_core.$auto$proc_rom.cc:155:do_switch$971$rdmux[0][4][8]$b$3095 [1] 5'00000 $memory$flatten\u_core.$auto$proc_rom.cc:155:do_switch$971$rdmux[0][4][8]$b$3095 [1] $memory$flatten\u_core.$auto$proc_rom.cc:155:do_switch$971$rdmux[0][4][8]$b$3095 [1] $memory$flatten\u_core.$auto$proc_rom.cc:155:do_switch$971$rdmux[0][4][8]$b$3095 [1] $memory$flatten\u_core.$auto$proc_rom.cc:155:do_switch$971$rdmux[0][4][8]$b$3095 [1] 1'0 $memory$flatten\u_core.$auto$proc_rom.cc:155:do_switch$971$rdmux[0][4][8]$b$3095 [1] 1'0 $memory$flatten\u_core.$auto$proc_rom.cc:155:do_switch$971$rdmux[0][4][8]$b$3095 [1] 1'0 }
    Consolidated identical input bits for $mux cell $memory$flatten\u_core.$auto$proc_rom.cc:155:do_switch$971$rdmux[0][5][18]$3171:
      Old ports: A=$memory$flatten\u_core.$auto$proc_rom.cc:155:do_switch$971$rdmux[0][5][18]$a$3172, B=$memory$flatten\u_core.$auto$proc_rom.cc:155:do_switch$971$rdmux[0][5][18]$b$3173, Y=$memory$flatten\u_core.$auto$proc_rom.cc:155:do_switch$971$rdmux[0][4][9]$a$3097
      New ports: A={ 1'0 $memory$flatten\u_core.$auto$proc_rom.cc:155:do_switch$971$rdmux[0][5][18]$a$3172 [1] $memory$flatten\u_core.$auto$proc_rom.cc:155:do_switch$971$rdmux[0][5][18]$a$3172 [1] }, B={ $memory$flatten\u_core.$auto$proc_rom.cc:155:do_switch$971$rdmux[0][5][18]$b$3173 [1] 1'0 $memory$flatten\u_core.$auto$proc_rom.cc:155:do_switch$971$rdmux[0][5][18]$b$3173 [1] }, Y={ $memory$flatten\u_core.$auto$proc_rom.cc:155:do_switch$971$rdmux[0][4][9]$a$3097 [9] $memory$flatten\u_core.$auto$proc_rom.cc:155:do_switch$971$rdmux[0][4][9]$a$3097 [3] $memory$flatten\u_core.$auto$proc_rom.cc:155:do_switch$971$rdmux[0][4][9]$a$3097 [1] }
      New connections: { $memory$flatten\u_core.$auto$proc_rom.cc:155:do_switch$971$rdmux[0][4][9]$a$3097 [31:10] $memory$flatten\u_core.$auto$proc_rom.cc:155:do_switch$971$rdmux[0][4][9]$a$3097 [8:4] $memory$flatten\u_core.$auto$proc_rom.cc:155:do_switch$971$rdmux[0][4][9]$a$3097 [2] $memory$flatten\u_core.$auto$proc_rom.cc:155:do_switch$971$rdmux[0][4][9]$a$3097 [0] } = { 1'0 $memory$flatten\u_core.$auto$proc_rom.cc:155:do_switch$971$rdmux[0][4][9]$a$3097 [9] $memory$flatten\u_core.$auto$proc_rom.cc:155:do_switch$971$rdmux[0][4][9]$a$3097 [3] $memory$flatten\u_core.$auto$proc_rom.cc:155:do_switch$971$rdmux[0][4][9]$a$3097 [3] 3'000 $memory$flatten\u_core.$auto$proc_rom.cc:155:do_switch$971$rdmux[0][4][9]$a$3097 [9] $memory$flatten\u_core.$auto$proc_rom.cc:155:do_switch$971$rdmux[0][4][9]$a$3097 [1] $memory$flatten\u_core.$auto$proc_rom.cc:155:do_switch$971$rdmux[0][4][9]$a$3097 [1] $memory$flatten\u_core.$auto$proc_rom.cc:155:do_switch$971$rdmux[0][4][9]$a$3097 [3] $memory$flatten\u_core.$auto$proc_rom.cc:155:do_switch$971$rdmux[0][4][9]$a$3097 [3] $memory$flatten\u_core.$auto$proc_rom.cc:155:do_switch$971$rdmux[0][4][9]$a$3097 [1] $memory$flatten\u_core.$auto$proc_rom.cc:155:do_switch$971$rdmux[0][4][9]$a$3097 [1] $memory$flatten\u_core.$auto$proc_rom.cc:155:do_switch$971$rdmux[0][4][9]$a$3097 [9] 1'0 $memory$flatten\u_core.$auto$proc_rom.cc:155:do_switch$971$rdmux[0][4][9]$a$3097 [1] 2'00 $memory$flatten\u_core.$auto$proc_rom.cc:155:do_switch$971$rdmux[0][4][9]$a$3097 [9] $memory$flatten\u_core.$auto$proc_rom.cc:155:do_switch$971$rdmux[0][4][9]$a$3097 [3] 1'0 $memory$flatten\u_core.$auto$proc_rom.cc:155:do_switch$971$rdmux[0][4][9]$a$3097 [3] $memory$flatten\u_core.$auto$proc_rom.cc:155:do_switch$971$rdmux[0][4][9]$a$3097 [3] 1'0 $memory$flatten\u_core.$auto$proc_rom.cc:155:do_switch$971$rdmux[0][4][9]$a$3097 [1] $memory$flatten\u_core.$auto$proc_rom.cc:155:do_switch$971$rdmux[0][4][9]$a$3097 [1] $memory$flatten\u_core.$auto$proc_rom.cc:155:do_switch$971$rdmux[0][4][9]$a$3097 [1] 1'0 }
    Consolidated identical input bits for $mux cell $memory$flatten\u_core.$auto$proc_rom.cc:155:do_switch$971$rdmux[0][5][14]$3159:
      Old ports: A=$memory$flatten\u_core.$auto$proc_rom.cc:155:do_switch$971$rdmux[0][5][14]$a$3160, B=$memory$flatten\u_core.$auto$proc_rom.cc:155:do_switch$971$rdmux[0][5][14]$b$3161, Y=$memory$flatten\u_core.$auto$proc_rom.cc:155:do_switch$971$rdmux[0][4][7]$a$3091
      New ports: A={ 1'0 $memory$flatten\u_core.$auto$proc_rom.cc:155:do_switch$971$rdmux[0][5][14]$a$3160 [2] $memory$flatten\u_core.$auto$proc_rom.cc:155:do_switch$971$rdmux[0][5][14]$a$3160 [0] 1'1 $memory$flatten\u_core.$auto$proc_rom.cc:155:do_switch$971$rdmux[0][5][14]$a$3160 [2] 1'1 $memory$flatten\u_core.$auto$proc_rom.cc:155:do_switch$971$rdmux[0][5][14]$a$3160 [0] }, B={ $memory$flatten\u_core.$auto$proc_rom.cc:155:do_switch$971$rdmux[0][5][14]$b$3161 [0] $memory$flatten\u_core.$auto$proc_rom.cc:155:do_switch$971$rdmux[0][5][14]$b$3161 [0] 3'000 $memory$flatten\u_core.$auto$proc_rom.cc:155:do_switch$971$rdmux[0][5][14]$b$3161 [0] $memory$flatten\u_core.$auto$proc_rom.cc:155:do_switch$971$rdmux[0][5][14]$b$3161 [0] }, Y={ $memory$flatten\u_core.$auto$proc_rom.cc:155:do_switch$971$rdmux[0][4][7]$a$3091 [19] $memory$flatten\u_core.$auto$proc_rom.cc:155:do_switch$971$rdmux[0][4][7]$a$3091 [7:6] $memory$flatten\u_core.$auto$proc_rom.cc:155:do_switch$971$rdmux[0][4][7]$a$3091 [3:0] }
      New connections: { $memory$flatten\u_core.$auto$proc_rom.cc:155:do_switch$971$rdmux[0][4][7]$a$3091 [31:20] $memory$flatten\u_core.$auto$proc_rom.cc:155:do_switch$971$rdmux[0][4][7]$a$3091 [18:8] $memory$flatten\u_core.$auto$proc_rom.cc:155:do_switch$971$rdmux[0][4][7]$a$3091 [5:4] } = { $memory$flatten\u_core.$auto$proc_rom.cc:155:do_switch$971$rdmux[0][4][7]$a$3091 [1] $memory$flatten\u_core.$auto$proc_rom.cc:155:do_switch$971$rdmux[0][4][7]$a$3091 [1] 1'0 $memory$flatten\u_core.$auto$proc_rom.cc:155:do_switch$971$rdmux[0][4][7]$a$3091 [0] $memory$flatten\u_core.$auto$proc_rom.cc:155:do_switch$971$rdmux[0][4][7]$a$3091 [7] $memory$flatten\u_core.$auto$proc_rom.cc:155:do_switch$971$rdmux[0][4][7]$a$3091 [3] $memory$flatten\u_core.$auto$proc_rom.cc:155:do_switch$971$rdmux[0][4][7]$a$3091 [7] $memory$flatten\u_core.$auto$proc_rom.cc:155:do_switch$971$rdmux[0][4][7]$a$3091 [2] $memory$flatten\u_core.$auto$proc_rom.cc:155:do_switch$971$rdmux[0][4][7]$a$3091 [0] $memory$flatten\u_core.$auto$proc_rom.cc:155:do_switch$971$rdmux[0][4][7]$a$3091 [0] $memory$flatten\u_core.$auto$proc_rom.cc:155:do_switch$971$rdmux[0][4][7]$a$3091 [6] $memory$flatten\u_core.$auto$proc_rom.cc:155:do_switch$971$rdmux[0][4][7]$a$3091 [19] $memory$flatten\u_core.$auto$proc_rom.cc:155:do_switch$971$rdmux[0][4][7]$a$3091 [2] 1'0 $memory$flatten\u_core.$auto$proc_rom.cc:155:do_switch$971$rdmux[0][4][7]$a$3091 [6] $memory$flatten\u_core.$auto$proc_rom.cc:155:do_switch$971$rdmux[0][4][7]$a$3091 [1] 3'000 $memory$flatten\u_core.$auto$proc_rom.cc:155:do_switch$971$rdmux[0][4][7]$a$3091 [2] $memory$flatten\u_core.$auto$proc_rom.cc:155:do_switch$971$rdmux[0][4][7]$a$3091 [0] $memory$flatten\u_core.$auto$proc_rom.cc:155:do_switch$971$rdmux[0][4][7]$a$3091 [6] $memory$flatten\u_core.$auto$proc_rom.cc:155:do_switch$971$rdmux[0][4][7]$a$3091 [1] $memory$flatten\u_core.$auto$proc_rom.cc:155:do_switch$971$rdmux[0][4][7]$a$3091 [3] $memory$flatten\u_core.$auto$proc_rom.cc:155:do_switch$971$rdmux[0][4][7]$a$3091 [3] }
    Consolidated identical input bits for $mux cell $memory$flatten\u_core.$auto$proc_rom.cc:155:do_switch$971$rdmux[0][5][11]$3150:
      Old ports: A=$memory$flatten\u_core.$auto$proc_rom.cc:155:do_switch$971$rdmux[0][5][11]$a$3151, B=$memory$flatten\u_core.$auto$proc_rom.cc:155:do_switch$971$rdmux[0][5][11]$b$3152, Y=$memory$flatten\u_core.$auto$proc_rom.cc:155:do_switch$971$rdmux[0][4][5]$b$3086
      New ports: A={ 1'1 $memory$flatten\u_core.$auto$proc_rom.cc:155:do_switch$971$rdmux[0][5][11]$a$3151 [0] $memory$flatten\u_core.$auto$proc_rom.cc:155:do_switch$971$rdmux[0][5][11]$a$3151 [8] $memory$flatten\u_core.$auto$proc_rom.cc:155:do_switch$971$rdmux[0][5][11]$a$3151 [8] 2'10 $memory$flatten\u_core.$auto$proc_rom.cc:155:do_switch$971$rdmux[0][5][11]$a$3151 [0] }, B={ 1'0 $memory$flatten\u_core.$auto$proc_rom.cc:155:do_switch$971$rdmux[0][5][11]$b$3152 [2] $memory$flatten\u_core.$auto$proc_rom.cc:155:do_switch$971$rdmux[0][5][11]$b$3152 [2] 1'0 $memory$flatten\u_core.$auto$proc_rom.cc:155:do_switch$971$rdmux[0][5][11]$b$3152 [2] $memory$flatten\u_core.$auto$proc_rom.cc:155:do_switch$971$rdmux[0][5][11]$b$3152 [2] 1'0 }, Y={ $memory$flatten\u_core.$auto$proc_rom.cc:155:do_switch$971$rdmux[0][4][5]$b$3086 [12:11] $memory$flatten\u_core.$auto$proc_rom.cc:155:do_switch$971$rdmux[0][4][5]$b$3086 [9:8] $memory$flatten\u_core.$auto$proc_rom.cc:155:do_switch$971$rdmux[0][4][5]$b$3086 [6] $memory$flatten\u_core.$auto$proc_rom.cc:155:do_switch$971$rdmux[0][4][5]$b$3086 [2] $memory$flatten\u_core.$auto$proc_rom.cc:155:do_switch$971$rdmux[0][4][5]$b$3086 [0] }
      New connections: { $memory$flatten\u_core.$auto$proc_rom.cc:155:do_switch$971$rdmux[0][4][5]$b$3086 [31:13] $memory$flatten\u_core.$auto$proc_rom.cc:155:do_switch$971$rdmux[0][4][5]$b$3086 [10] $memory$flatten\u_core.$auto$proc_rom.cc:155:do_switch$971$rdmux[0][4][5]$b$3086 [7] $memory$flatten\u_core.$auto$proc_rom.cc:155:do_switch$971$rdmux[0][4][5]$b$3086 [5:3] $memory$flatten\u_core.$auto$proc_rom.cc:155:do_switch$971$rdmux[0][4][5]$b$3086 [1] } = { $memory$flatten\u_core.$auto$proc_rom.cc:155:do_switch$971$rdmux[0][4][5]$b$3086 [6] 2'00 $memory$flatten\u_core.$auto$proc_rom.cc:155:do_switch$971$rdmux[0][4][5]$b$3086 [6] $memory$flatten\u_core.$auto$proc_rom.cc:155:do_switch$971$rdmux[0][4][5]$b$3086 [9] $memory$flatten\u_core.$auto$proc_rom.cc:155:do_switch$971$rdmux[0][4][5]$b$3086 [11] 1'0 $memory$flatten\u_core.$auto$proc_rom.cc:155:do_switch$971$rdmux[0][4][5]$b$3086 [6] $memory$flatten\u_core.$auto$proc_rom.cc:155:do_switch$971$rdmux[0][4][5]$b$3086 [0] 1'0 $memory$flatten\u_core.$auto$proc_rom.cc:155:do_switch$971$rdmux[0][4][5]$b$3086 [8] $memory$flatten\u_core.$auto$proc_rom.cc:155:do_switch$971$rdmux[0][4][5]$b$3086 [12] $memory$flatten\u_core.$auto$proc_rom.cc:155:do_switch$971$rdmux[0][4][5]$b$3086 [2] $memory$flatten\u_core.$auto$proc_rom.cc:155:do_switch$971$rdmux[0][4][5]$b$3086 [2] $memory$flatten\u_core.$auto$proc_rom.cc:155:do_switch$971$rdmux[0][4][5]$b$3086 [11] 1'0 $memory$flatten\u_core.$auto$proc_rom.cc:155:do_switch$971$rdmux[0][4][5]$b$3086 [6] 1'0 $memory$flatten\u_core.$auto$proc_rom.cc:155:do_switch$971$rdmux[0][4][5]$b$3086 [6] $memory$flatten\u_core.$auto$proc_rom.cc:155:do_switch$971$rdmux[0][4][5]$b$3086 [2] $memory$flatten\u_core.$auto$proc_rom.cc:155:do_switch$971$rdmux[0][4][5]$b$3086 [6] $memory$flatten\u_core.$auto$proc_rom.cc:155:do_switch$971$rdmux[0][4][5]$b$3086 [0] 1'0 $memory$flatten\u_core.$auto$proc_rom.cc:155:do_switch$971$rdmux[0][4][5]$b$3086 [2] $memory$flatten\u_core.$auto$proc_rom.cc:155:do_switch$971$rdmux[0][4][5]$b$3086 [0] }
    Consolidated identical input bits for $mux cell $memory$flatten\u_core.$auto$proc_rom.cc:155:do_switch$971$rdmux[0][5][7]$3138:
      Old ports: A=$memory$flatten\u_core.$auto$proc_rom.cc:155:do_switch$971$rdmux[0][5][7]$a$3139, B=$memory$flatten\u_core.$auto$proc_rom.cc:155:do_switch$971$rdmux[0][5][7]$b$3140, Y=$memory$flatten\u_core.$auto$proc_rom.cc:155:do_switch$971$rdmux[0][4][3]$b$3080
      New ports: A={ $memory$flatten\u_core.$auto$proc_rom.cc:155:do_switch$971$rdmux[0][5][7]$a$3139 [9] $memory$flatten\u_core.$auto$proc_rom.cc:155:do_switch$971$rdmux[0][5][7]$a$3139 [0] 1'1 $memory$flatten\u_core.$auto$proc_rom.cc:155:do_switch$971$rdmux[0][5][7]$a$3139 [0] 1'0 $memory$flatten\u_core.$auto$proc_rom.cc:155:do_switch$971$rdmux[0][5][7]$a$3139 [9] 3'110 $memory$flatten\u_core.$auto$proc_rom.cc:155:do_switch$971$rdmux[0][5][7]$a$3139 [0] }, B={ 3'010 $memory$flatten\u_core.$auto$proc_rom.cc:155:do_switch$971$rdmux[0][5][7]$b$3140 [2] 1'1 $memory$flatten\u_core.$auto$proc_rom.cc:155:do_switch$971$rdmux[0][5][7]$b$3140 [6] $memory$flatten\u_core.$auto$proc_rom.cc:155:do_switch$971$rdmux[0][5][7]$b$3140 [2] $memory$flatten\u_core.$auto$proc_rom.cc:155:do_switch$971$rdmux[0][5][7]$b$3140 [6] $memory$flatten\u_core.$auto$proc_rom.cc:155:do_switch$971$rdmux[0][5][7]$b$3140 [2] 1'0 }, Y={ $memory$flatten\u_core.$auto$proc_rom.cc:155:do_switch$971$rdmux[0][4][3]$b$3080 [24] $memory$flatten\u_core.$auto$proc_rom.cc:155:do_switch$971$rdmux[0][4][3]$b$3080 [18] $memory$flatten\u_core.$auto$proc_rom.cc:155:do_switch$971$rdmux[0][4][3]$b$3080 [12:9] $memory$flatten\u_core.$auto$proc_rom.cc:155:do_switch$971$rdmux[0][4][3]$b$3080 [7:6] $memory$flatten\u_core.$auto$proc_rom.cc:155:do_switch$971$rdmux[0][4][3]$b$3080 [2] $memory$flatten\u_core.$auto$proc_rom.cc:155:do_switch$971$rdmux[0][4][3]$b$3080 [0] }
      New connections: { $memory$flatten\u_core.$auto$proc_rom.cc:155:do_switch$971$rdmux[0][4][3]$b$3080 [31:25] $memory$flatten\u_core.$auto$proc_rom.cc:155:do_switch$971$rdmux[0][4][3]$b$3080 [23:19] $memory$flatten\u_core.$auto$proc_rom.cc:155:do_switch$971$rdmux[0][4][3]$b$3080 [17:13] $memory$flatten\u_core.$auto$proc_rom.cc:155:do_switch$971$rdmux[0][4][3]$b$3080 [8] $memory$flatten\u_core.$auto$proc_rom.cc:155:do_switch$971$rdmux[0][4][3]$b$3080 [5:3] $memory$flatten\u_core.$auto$proc_rom.cc:155:do_switch$971$rdmux[0][4][3]$b$3080 [1] } = { 6'100000 $memory$flatten\u_core.$auto$proc_rom.cc:155:do_switch$971$rdmux[0][4][3]$b$3080 [0] $memory$flatten\u_core.$auto$proc_rom.cc:155:do_switch$971$rdmux[0][4][3]$b$3080 [2] $memory$flatten\u_core.$auto$proc_rom.cc:155:do_switch$971$rdmux[0][4][3]$b$3080 [12] $memory$flatten\u_core.$auto$proc_rom.cc:155:do_switch$971$rdmux[0][4][3]$b$3080 [6] $memory$flatten\u_core.$auto$proc_rom.cc:155:do_switch$971$rdmux[0][4][3]$b$3080 [11] $memory$flatten\u_core.$auto$proc_rom.cc:155:do_switch$971$rdmux[0][4][3]$b$3080 [2] 1'1 $memory$flatten\u_core.$auto$proc_rom.cc:155:do_switch$971$rdmux[0][4][3]$b$3080 [9] 4'0000 $memory$flatten\u_core.$auto$proc_rom.cc:155:do_switch$971$rdmux[0][4][3]$b$3080 [0] $memory$flatten\u_core.$auto$proc_rom.cc:155:do_switch$971$rdmux[0][4][3]$b$3080 [0] 2'10 }
    Consolidated identical input bits for $mux cell $memory$flatten\u_core.$auto$proc_rom.cc:155:do_switch$971$rdmux[0][5][4]$3129:
      Old ports: A=$memory$flatten\u_core.$auto$proc_rom.cc:155:do_switch$971$rdmux[0][5][4]$a$3130, B=$memory$flatten\u_core.$auto$proc_rom.cc:155:do_switch$971$rdmux[0][5][4]$b$3131, Y=$memory$flatten\u_core.$auto$proc_rom.cc:155:do_switch$971$rdmux[0][4][2]$a$3076
      New ports: A={ 2'01 $memory$flatten\u_core.$auto$proc_rom.cc:155:do_switch$971$rdmux[0][5][4]$a$3130 [9] $memory$flatten\u_core.$auto$proc_rom.cc:155:do_switch$971$rdmux[0][5][4]$a$3130 [2] 1'1 $memory$flatten\u_core.$auto$proc_rom.cc:155:do_switch$971$rdmux[0][5][4]$a$3130 [9] $memory$flatten\u_core.$auto$proc_rom.cc:155:do_switch$971$rdmux[0][5][4]$a$3130 [9] $memory$flatten\u_core.$auto$proc_rom.cc:155:do_switch$971$rdmux[0][5][4]$a$3130 [2] $memory$flatten\u_core.$auto$proc_rom.cc:155:do_switch$971$rdmux[0][5][4]$a$3130 [2] 1'1 }, B={ 1'1 $memory$flatten\u_core.$auto$proc_rom.cc:155:do_switch$971$rdmux[0][5][4]$b$3131 [6] $memory$flatten\u_core.$auto$proc_rom.cc:155:do_switch$971$rdmux[0][5][4]$b$3131 [2] 1'0 $memory$flatten\u_core.$auto$proc_rom.cc:155:do_switch$971$rdmux[0][5][4]$b$3131 [2] $memory$flatten\u_core.$auto$proc_rom.cc:155:do_switch$971$rdmux[0][5][4]$b$3131 [6] 1'0 $memory$flatten\u_core.$auto$proc_rom.cc:155:do_switch$971$rdmux[0][5][4]$b$3131 [6] $memory$flatten\u_core.$auto$proc_rom.cc:155:do_switch$971$rdmux[0][5][4]$b$3131 [2] 1'0 }, Y={ $memory$flatten\u_core.$auto$proc_rom.cc:155:do_switch$971$rdmux[0][4][2]$a$3076 [27] $memory$flatten\u_core.$auto$proc_rom.cc:155:do_switch$971$rdmux[0][4][2]$a$3076 [21] $memory$flatten\u_core.$auto$proc_rom.cc:155:do_switch$971$rdmux[0][4][2]$a$3076 [17:16] $memory$flatten\u_core.$auto$proc_rom.cc:155:do_switch$971$rdmux[0][4][2]$a$3076 [12:11] $memory$flatten\u_core.$auto$proc_rom.cc:155:do_switch$971$rdmux[0][4][2]$a$3076 [9] $memory$flatten\u_core.$auto$proc_rom.cc:155:do_switch$971$rdmux[0][4][2]$a$3076 [6] $memory$flatten\u_core.$auto$proc_rom.cc:155:do_switch$971$rdmux[0][4][2]$a$3076 [2:1] }
      New connections: { $memory$flatten\u_core.$auto$proc_rom.cc:155:do_switch$971$rdmux[0][4][2]$a$3076 [31:28] $memory$flatten\u_core.$auto$proc_rom.cc:155:do_switch$971$rdmux[0][4][2]$a$3076 [26:22] $memory$flatten\u_core.$auto$proc_rom.cc:155:do_switch$971$rdmux[0][4][2]$a$3076 [20:18] $memory$flatten\u_core.$auto$proc_rom.cc:155:do_switch$971$rdmux[0][4][2]$a$3076 [15:13] $memory$flatten\u_core.$auto$proc_rom.cc:155:do_switch$971$rdmux[0][4][2]$a$3076 [10] $memory$flatten\u_core.$auto$proc_rom.cc:155:do_switch$971$rdmux[0][4][2]$a$3076 [8:7] $memory$flatten\u_core.$auto$proc_rom.cc:155:do_switch$971$rdmux[0][4][2]$a$3076 [5:3] $memory$flatten\u_core.$auto$proc_rom.cc:155:do_switch$971$rdmux[0][4][2]$a$3076 [0] } = { 2'10 $memory$flatten\u_core.$auto$proc_rom.cc:155:do_switch$971$rdmux[0][4][2]$a$3076 [1] $memory$flatten\u_core.$auto$proc_rom.cc:155:do_switch$971$rdmux[0][4][2]$a$3076 [27] $memory$flatten\u_core.$auto$proc_rom.cc:155:do_switch$971$rdmux[0][4][2]$a$3076 [17] 3'010 $memory$flatten\u_core.$auto$proc_rom.cc:155:do_switch$971$rdmux[0][4][2]$a$3076 [9] $memory$flatten\u_core.$auto$proc_rom.cc:155:do_switch$971$rdmux[0][4][2]$a$3076 [11] $memory$flatten\u_core.$auto$proc_rom.cc:155:do_switch$971$rdmux[0][4][2]$a$3076 [12] $memory$flatten\u_core.$auto$proc_rom.cc:155:do_switch$971$rdmux[0][4][2]$a$3076 [17] 3'010 $memory$flatten\u_core.$auto$proc_rom.cc:155:do_switch$971$rdmux[0][4][2]$a$3076 [6] $memory$flatten\u_core.$auto$proc_rom.cc:155:do_switch$971$rdmux[0][4][2]$a$3076 [2:1] $memory$flatten\u_core.$auto$proc_rom.cc:155:do_switch$971$rdmux[0][4][2]$a$3076 [2] $memory$flatten\u_core.$auto$proc_rom.cc:155:do_switch$971$rdmux[0][4][2]$a$3076 [2] 2'00 }
    Consolidated identical input bits for $mux cell $memory$flatten\u_core.$auto$proc_rom.cc:155:do_switch$971$rdmux[0][5][10]$3147:
      Old ports: A=$memory$flatten\u_core.$auto$proc_rom.cc:155:do_switch$971$rdmux[0][5][10]$a$3148, B=$memory$flatten\u_core.$auto$proc_rom.cc:155:do_switch$971$rdmux[0][5][10]$b$3149, Y=$memory$flatten\u_core.$auto$proc_rom.cc:155:do_switch$971$rdmux[0][4][5]$a$3085
      New ports: A={ $memory$flatten\u_core.$auto$proc_rom.cc:155:do_switch$971$rdmux[0][5][10]$a$3148 [2] $memory$flatten\u_core.$auto$proc_rom.cc:155:do_switch$971$rdmux[0][5][10]$a$3148 [2] 1'0 }, B={ $memory$flatten\u_core.$auto$proc_rom.cc:155:do_switch$971$rdmux[0][5][10]$b$3149 [0] 1'0 $memory$flatten\u_core.$auto$proc_rom.cc:155:do_switch$971$rdmux[0][5][10]$b$3149 [0] }, Y={ $memory$flatten\u_core.$auto$proc_rom.cc:155:do_switch$971$rdmux[0][4][5]$a$3085 [8] $memory$flatten\u_core.$auto$proc_rom.cc:155:do_switch$971$rdmux[0][4][5]$a$3085 [2] $memory$flatten\u_core.$auto$proc_rom.cc:155:do_switch$971$rdmux[0][4][5]$a$3085 [0] }
      New connections: { $memory$flatten\u_core.$auto$proc_rom.cc:155:do_switch$971$rdmux[0][4][5]$a$3085 [31:9] $memory$flatten\u_core.$auto$proc_rom.cc:155:do_switch$971$rdmux[0][4][5]$a$3085 [7:3] $memory$flatten\u_core.$auto$proc_rom.cc:155:do_switch$971$rdmux[0][4][5]$a$3085 [1] } = { $memory$flatten\u_core.$auto$proc_rom.cc:155:do_switch$971$rdmux[0][4][5]$a$3085 [8] 3'000 $memory$flatten\u_core.$auto$proc_rom.cc:155:do_switch$971$rdmux[0][4][5]$a$3085 [8] $memory$flatten\u_core.$auto$proc_rom.cc:155:do_switch$971$rdmux[0][4][5]$a$3085 [0] $memory$flatten\u_core.$auto$proc_rom.cc:155:do_switch$971$rdmux[0][4][5]$a$3085 [0] $memory$flatten\u_core.$auto$proc_rom.cc:155:do_switch$971$rdmux[0][4][5]$a$3085 [8] $memory$flatten\u_core.$auto$proc_rom.cc:155:do_switch$971$rdmux[0][4][5]$a$3085 [2] 1'0 $memory$flatten\u_core.$auto$proc_rom.cc:155:do_switch$971$rdmux[0][4][5]$a$3085 [2] $memory$flatten\u_core.$auto$proc_rom.cc:155:do_switch$971$rdmux[0][4][5]$a$3085 [8] $memory$flatten\u_core.$auto$proc_rom.cc:155:do_switch$971$rdmux[0][4][5]$a$3085 [8] $memory$flatten\u_core.$auto$proc_rom.cc:155:do_switch$971$rdmux[0][4][5]$a$3085 [8] $memory$flatten\u_core.$auto$proc_rom.cc:155:do_switch$971$rdmux[0][4][5]$a$3085 [2] $memory$flatten\u_core.$auto$proc_rom.cc:155:do_switch$971$rdmux[0][4][5]$a$3085 [0] $memory$flatten\u_core.$auto$proc_rom.cc:155:do_switch$971$rdmux[0][4][5]$a$3085 [8] $memory$flatten\u_core.$auto$proc_rom.cc:155:do_switch$971$rdmux[0][4][5]$a$3085 [8] 2'00 $memory$flatten\u_core.$auto$proc_rom.cc:155:do_switch$971$rdmux[0][4][5]$a$3085 [2] $memory$flatten\u_core.$auto$proc_rom.cc:155:do_switch$971$rdmux[0][4][5]$a$3085 [2] $memory$flatten\u_core.$auto$proc_rom.cc:155:do_switch$971$rdmux[0][4][5]$a$3085 [8] $memory$flatten\u_core.$auto$proc_rom.cc:155:do_switch$971$rdmux[0][4][5]$a$3085 [0] 1'0 $memory$flatten\u_core.$auto$proc_rom.cc:155:do_switch$971$rdmux[0][4][5]$a$3085 [0] 1'0 $memory$flatten\u_core.$auto$proc_rom.cc:155:do_switch$971$rdmux[0][4][5]$a$3085 [0] 1'0 }
    Consolidated identical input bits for $mux cell $memory$flatten\u_core.$auto$proc_rom.cc:155:do_switch$971$rdmux[0][5][3]$3126:
      Old ports: A=$memory$flatten\u_core.$auto$proc_rom.cc:155:do_switch$971$rdmux[0][5][3]$a$3127, B=$memory$flatten\u_core.$auto$proc_rom.cc:155:do_switch$971$rdmux[0][5][3]$b$3128, Y=$memory$flatten\u_core.$auto$proc_rom.cc:155:do_switch$971$rdmux[0][4][1]$b$3074
      New ports: A={ 1'1 $memory$flatten\u_core.$auto$proc_rom.cc:155:do_switch$971$rdmux[0][5][3]$a$3127 [4] 3'001 $memory$flatten\u_core.$auto$proc_rom.cc:155:do_switch$971$rdmux[0][5][3]$a$3127 [4] $memory$flatten\u_core.$auto$proc_rom.cc:155:do_switch$971$rdmux[0][5][3]$a$3127 [1] $memory$flatten\u_core.$auto$proc_rom.cc:155:do_switch$971$rdmux[0][5][3]$a$3127 [4] $memory$flatten\u_core.$auto$proc_rom.cc:155:do_switch$971$rdmux[0][5][3]$a$3127 [1] $memory$flatten\u_core.$auto$proc_rom.cc:155:do_switch$971$rdmux[0][5][3]$a$3127 [1] $memory$flatten\u_core.$auto$proc_rom.cc:155:do_switch$971$rdmux[0][5][3]$a$3127 [1] 1'0 }, B={ 3'001 $memory$flatten\u_core.$auto$proc_rom.cc:155:do_switch$971$rdmux[0][5][3]$b$3128 [5] $memory$flatten\u_core.$auto$proc_rom.cc:155:do_switch$971$rdmux[0][5][3]$b$3128 [5] $memory$flatten\u_core.$auto$proc_rom.cc:155:do_switch$971$rdmux[0][5][3]$b$3128 [0] $memory$flatten\u_core.$auto$proc_rom.cc:155:do_switch$971$rdmux[0][5][3]$b$3128 [5] 2'10 $memory$flatten\u_core.$auto$proc_rom.cc:155:do_switch$971$rdmux[0][5][3]$b$3128 [0] 1'1 $memory$flatten\u_core.$auto$proc_rom.cc:155:do_switch$971$rdmux[0][5][3]$b$3128 [0] }, Y={ $memory$flatten\u_core.$auto$proc_rom.cc:155:do_switch$971$rdmux[0][4][1]$b$3074 [28] $memory$flatten\u_core.$auto$proc_rom.cc:155:do_switch$971$rdmux[0][4][1]$b$3074 [24] $memory$flatten\u_core.$auto$proc_rom.cc:155:do_switch$971$rdmux[0][4][1]$b$3074 [19:18] $memory$flatten\u_core.$auto$proc_rom.cc:155:do_switch$971$rdmux[0][4][1]$b$3074 [13] $memory$flatten\u_core.$auto$proc_rom.cc:155:do_switch$971$rdmux[0][4][1]$b$3074 [10] $memory$flatten\u_core.$auto$proc_rom.cc:155:do_switch$971$rdmux[0][4][1]$b$3074 [5:0] }
      New connections: { $memory$flatten\u_core.$auto$proc_rom.cc:155:do_switch$971$rdmux[0][4][1]$b$3074 [31:29] $memory$flatten\u_core.$auto$proc_rom.cc:155:do_switch$971$rdmux[0][4][1]$b$3074 [27:25] $memory$flatten\u_core.$auto$proc_rom.cc:155:do_switch$971$rdmux[0][4][1]$b$3074 [23:20] $memory$flatten\u_core.$auto$proc_rom.cc:155:do_switch$971$rdmux[0][4][1]$b$3074 [17:14] $memory$flatten\u_core.$auto$proc_rom.cc:155:do_switch$971$rdmux[0][4][1]$b$3074 [12:11] $memory$flatten\u_core.$auto$proc_rom.cc:155:do_switch$971$rdmux[0][4][1]$b$3074 [9:6] } = { 3'101 $memory$flatten\u_core.$auto$proc_rom.cc:155:do_switch$971$rdmux[0][4][1]$b$3074 [1] $memory$flatten\u_core.$auto$proc_rom.cc:155:do_switch$971$rdmux[0][4][1]$b$3074 [18] $memory$flatten\u_core.$auto$proc_rom.cc:155:do_switch$971$rdmux[0][4][1]$b$3074 [4] $memory$flatten\u_core.$auto$proc_rom.cc:155:do_switch$971$rdmux[0][4][1]$b$3074 [13] $memory$flatten\u_core.$auto$proc_rom.cc:155:do_switch$971$rdmux[0][4][1]$b$3074 [13] $memory$flatten\u_core.$auto$proc_rom.cc:155:do_switch$971$rdmux[0][4][1]$b$3074 [3] 1'0 $memory$flatten\u_core.$auto$proc_rom.cc:155:do_switch$971$rdmux[0][4][1]$b$3074 [2] $memory$flatten\u_core.$auto$proc_rom.cc:155:do_switch$971$rdmux[0][4][1]$b$3074 [3] 2'01 $memory$flatten\u_core.$auto$proc_rom.cc:155:do_switch$971$rdmux[0][4][1]$b$3074 [0] $memory$flatten\u_core.$auto$proc_rom.cc:155:do_switch$971$rdmux[0][4][1]$b$3074 [2] 2'10 $memory$flatten\u_core.$auto$proc_rom.cc:155:do_switch$971$rdmux[0][4][1]$b$3074 [4] 1'1 }
    Consolidated identical input bits for $mux cell $memory$flatten\u_core.$auto$proc_rom.cc:155:do_switch$971$rdmux[0][5][2]$3123:
      Old ports: A=$memory$flatten\u_core.$auto$proc_rom.cc:155:do_switch$971$rdmux[0][5][2]$a$3124, B=$memory$flatten\u_core.$auto$proc_rom.cc:155:do_switch$971$rdmux[0][5][2]$b$3125, Y=$memory$flatten\u_core.$auto$proc_rom.cc:155:do_switch$971$rdmux[0][4][1]$a$3073
      New ports: A={ 3'101 $memory$flatten\u_core.$auto$proc_rom.cc:155:do_switch$971$rdmux[0][5][2]$a$3124 [6] 1'1 $memory$flatten\u_core.$auto$proc_rom.cc:155:do_switch$971$rdmux[0][5][2]$a$3124 [2] $memory$flatten\u_core.$auto$proc_rom.cc:155:do_switch$971$rdmux[0][5][2]$a$3124 [2] $memory$flatten\u_core.$auto$proc_rom.cc:155:do_switch$971$rdmux[0][5][2]$a$3124 [6] $memory$flatten\u_core.$auto$proc_rom.cc:155:do_switch$971$rdmux[0][5][2]$a$3124 [2] 1'0 $memory$flatten\u_core.$auto$proc_rom.cc:155:do_switch$971$rdmux[0][5][2]$a$3124 [2] 1'0 }, B={ $memory$flatten\u_core.$auto$proc_rom.cc:155:do_switch$971$rdmux[0][5][2]$b$3125 [3] 1'1 $memory$flatten\u_core.$auto$proc_rom.cc:155:do_switch$971$rdmux[0][5][2]$b$3125 [0] $memory$flatten\u_core.$auto$proc_rom.cc:155:do_switch$971$rdmux[0][5][2]$b$3125 [3] 1'0 $memory$flatten\u_core.$auto$proc_rom.cc:155:do_switch$971$rdmux[0][5][2]$b$3125 [3] 2'11 $memory$flatten\u_core.$auto$proc_rom.cc:155:do_switch$971$rdmux[0][5][2]$b$3125 [0] $memory$flatten\u_core.$auto$proc_rom.cc:155:do_switch$971$rdmux[0][5][2]$b$3125 [3] 1'0 $memory$flatten\u_core.$auto$proc_rom.cc:155:do_switch$971$rdmux[0][5][2]$b$3125 [0] }, Y={ $memory$flatten\u_core.$auto$proc_rom.cc:155:do_switch$971$rdmux[0][4][1]$a$3073 [27] $memory$flatten\u_core.$auto$proc_rom.cc:155:do_switch$971$rdmux[0][4][1]$a$3073 [21] $memory$flatten\u_core.$auto$proc_rom.cc:155:do_switch$971$rdmux[0][4][1]$a$3073 [12] $memory$flatten\u_core.$auto$proc_rom.cc:155:do_switch$971$rdmux[0][4][1]$a$3073 [10:5] $memory$flatten\u_core.$auto$proc_rom.cc:155:do_switch$971$rdmux[0][4][1]$a$3073 [3:2] $memory$flatten\u_core.$auto$proc_rom.cc:155:do_switch$971$rdmux[0][4][1]$a$3073 [0] }
      New connections: { $memory$flatten\u_core.$auto$proc_rom.cc:155:do_switch$971$rdmux[0][4][1]$a$3073 [31:28] $memory$flatten\u_core.$auto$proc_rom.cc:155:do_switch$971$rdmux[0][4][1]$a$3073 [26:22] $memory$flatten\u_core.$auto$proc_rom.cc:155:do_switch$971$rdmux[0][4][1]$a$3073 [20:13] $memory$flatten\u_core.$auto$proc_rom.cc:155:do_switch$971$rdmux[0][4][1]$a$3073 [11] $memory$flatten\u_core.$auto$proc_rom.cc:155:do_switch$971$rdmux[0][4][1]$a$3073 [4] $memory$flatten\u_core.$auto$proc_rom.cc:155:do_switch$971$rdmux[0][4][1]$a$3073 [1] } = { 1'1 $memory$flatten\u_core.$auto$proc_rom.cc:155:do_switch$971$rdmux[0][4][1]$a$3073 [12] $memory$flatten\u_core.$auto$proc_rom.cc:155:do_switch$971$rdmux[0][4][1]$a$3073 [3] $memory$flatten\u_core.$auto$proc_rom.cc:155:do_switch$971$rdmux[0][4][1]$a$3073 [3] $memory$flatten\u_core.$auto$proc_rom.cc:155:do_switch$971$rdmux[0][4][1]$a$3073 [10] $memory$flatten\u_core.$auto$proc_rom.cc:155:do_switch$971$rdmux[0][4][1]$a$3073 [6] $memory$flatten\u_core.$auto$proc_rom.cc:155:do_switch$971$rdmux[0][4][1]$a$3073 [12] $memory$flatten\u_core.$auto$proc_rom.cc:155:do_switch$971$rdmux[0][4][1]$a$3073 [0] $memory$flatten\u_core.$auto$proc_rom.cc:155:do_switch$971$rdmux[0][4][1]$a$3073 [2] $memory$flatten\u_core.$auto$proc_rom.cc:155:do_switch$971$rdmux[0][4][1]$a$3073 [3] $memory$flatten\u_core.$auto$proc_rom.cc:155:do_switch$971$rdmux[0][4][1]$a$3073 [0] $memory$flatten\u_core.$auto$proc_rom.cc:155:do_switch$971$rdmux[0][4][1]$a$3073 [9:8] $memory$flatten\u_core.$auto$proc_rom.cc:155:do_switch$971$rdmux[0][4][1]$a$3073 [0] 3'011 $memory$flatten\u_core.$auto$proc_rom.cc:155:do_switch$971$rdmux[0][4][1]$a$3073 [3:2] 1'1 }
    Consolidated identical input bits for $mux cell $memory$flatten\u_core.$auto$proc_rom.cc:155:do_switch$963$rdmux[0][1][0]$2265:
      Old ports: A=$memory$flatten\u_core.$auto$proc_rom.cc:155:do_switch$963$rdmux[0][1][0]$a$2266, B=$memory$flatten\u_core.$auto$proc_rom.cc:155:do_switch$963$rdmux[0][1][0]$b$2267, Y=$memory$flatten\u_core.$auto$proc_rom.cc:155:do_switch$963$rdmux[0][0][0]$a$2263
      New ports: A={ $memory$flatten\u_core.$auto$proc_rom.cc:155:do_switch$963$rdmux[0][1][0]$a$2266 [1] $memory$flatten\u_core.$auto$proc_rom.cc:155:do_switch$963$rdmux[0][1][0]$a$2266 [1] 1'0 $memory$flatten\u_core.$auto$proc_rom.cc:155:do_switch$963$rdmux[0][1][0]$a$2266 [1] }, B={ 2'10 $memory$flatten\u_core.$auto$proc_rom.cc:155:do_switch$963$rdmux[0][1][0]$b$2267 [1] $memory$flatten\u_core.$auto$proc_rom.cc:155:do_switch$963$rdmux[0][1][0]$b$2267 [1] }, Y={ $memory$flatten\u_core.$auto$proc_rom.cc:155:do_switch$963$rdmux[0][0][0]$a$2263 [31] $memory$flatten\u_core.$auto$proc_rom.cc:155:do_switch$963$rdmux[0][0][0]$a$2263 [7] $memory$flatten\u_core.$auto$proc_rom.cc:155:do_switch$963$rdmux[0][0][0]$a$2263 [2:1] }
      New connections: { $memory$flatten\u_core.$auto$proc_rom.cc:155:do_switch$963$rdmux[0][0][0]$a$2263 [30:8] $memory$flatten\u_core.$auto$proc_rom.cc:155:do_switch$963$rdmux[0][0][0]$a$2263 [6:3] $memory$flatten\u_core.$auto$proc_rom.cc:155:do_switch$963$rdmux[0][0][0]$a$2263 [0] } = { 1'0 $memory$flatten\u_core.$auto$proc_rom.cc:155:do_switch$963$rdmux[0][0][0]$a$2263 [1] 2'00 $memory$flatten\u_core.$auto$proc_rom.cc:155:do_switch$963$rdmux[0][0][0]$a$2263 [1] 1'0 $memory$flatten\u_core.$auto$proc_rom.cc:155:do_switch$963$rdmux[0][0][0]$a$2263 [1] 1'0 $memory$flatten\u_core.$auto$proc_rom.cc:155:do_switch$963$rdmux[0][0][0]$a$2263 [1] $memory$flatten\u_core.$auto$proc_rom.cc:155:do_switch$963$rdmux[0][0][0]$a$2263 [1] $memory$flatten\u_core.$auto$proc_rom.cc:155:do_switch$963$rdmux[0][0][0]$a$2263 [1] $memory$flatten\u_core.$auto$proc_rom.cc:155:do_switch$963$rdmux[0][0][0]$a$2263 [1] $memory$flatten\u_core.$auto$proc_rom.cc:155:do_switch$963$rdmux[0][0][0]$a$2263 [1] $memory$flatten\u_core.$auto$proc_rom.cc:155:do_switch$963$rdmux[0][0][0]$a$2263 [1] 1'0 $memory$flatten\u_core.$auto$proc_rom.cc:155:do_switch$963$rdmux[0][0][0]$a$2263 [2] $memory$flatten\u_core.$auto$proc_rom.cc:155:do_switch$963$rdmux[0][0][0]$a$2263 [7] $memory$flatten\u_core.$auto$proc_rom.cc:155:do_switch$963$rdmux[0][0][0]$a$2263 [2] $memory$flatten\u_core.$auto$proc_rom.cc:155:do_switch$963$rdmux[0][0][0]$a$2263 [7] $memory$flatten\u_core.$auto$proc_rom.cc:155:do_switch$963$rdmux[0][0][0]$a$2263 [7] $memory$flatten\u_core.$auto$proc_rom.cc:155:do_switch$963$rdmux[0][0][0]$a$2263 [2] $memory$flatten\u_core.$auto$proc_rom.cc:155:do_switch$963$rdmux[0][0][0]$a$2263 [7] $memory$flatten\u_core.$auto$proc_rom.cc:155:do_switch$963$rdmux[0][0][0]$a$2263 [2] $memory$flatten\u_core.$auto$proc_rom.cc:155:do_switch$963$rdmux[0][0][0]$a$2263 [2] $memory$flatten\u_core.$auto$proc_rom.cc:155:do_switch$963$rdmux[0][0][0]$a$2263 [2] $memory$flatten\u_core.$auto$proc_rom.cc:155:do_switch$963$rdmux[0][0][0]$a$2263 [2] $memory$flatten\u_core.$auto$proc_rom.cc:155:do_switch$963$rdmux[0][0][0]$a$2263 [2] 1'0 }
  Optimizing cells in module \peweaver_ppa_shared_fft.
    Consolidated identical input bits for $mux cell $memory$flatten\u_core.$auto$proc_rom.cc:155:do_switch$967$rdmux[0][4][11]$2721:
      Old ports: A=$memory$flatten\u_core.$auto$proc_rom.cc:155:do_switch$967$rdmux[0][4][11]$a$2722, B=$memory$flatten\u_core.$auto$proc_rom.cc:155:do_switch$967$rdmux[0][4][11]$b$2723, Y=$memory$flatten\u_core.$auto$proc_rom.cc:155:do_switch$967$rdmux[0][3][5]$b$2681
      New ports: A={ $memory$flatten\u_core.$auto$proc_rom.cc:155:do_switch$967$rdmux[0][4][11]$a$2722 [3] 1'0 $memory$flatten\u_core.$auto$proc_rom.cc:155:do_switch$967$rdmux[0][4][11]$a$2722 [3] }, B={ 1'0 $memory$flatten\u_core.$auto$proc_rom.cc:155:do_switch$967$rdmux[0][4][11]$b$2723 [3] $memory$flatten\u_core.$auto$proc_rom.cc:155:do_switch$967$rdmux[0][4][11]$b$2723 [3] }, Y={ $memory$flatten\u_core.$auto$proc_rom.cc:155:do_switch$967$rdmux[0][3][5]$b$2681 [6:5] $memory$flatten\u_core.$auto$proc_rom.cc:155:do_switch$967$rdmux[0][3][5]$b$2681 [3] }
      New connections: { $memory$flatten\u_core.$auto$proc_rom.cc:155:do_switch$967$rdmux[0][3][5]$b$2681 [31:7] $memory$flatten\u_core.$auto$proc_rom.cc:155:do_switch$967$rdmux[0][3][5]$b$2681 [4] $memory$flatten\u_core.$auto$proc_rom.cc:155:do_switch$967$rdmux[0][3][5]$b$2681 [2:0] } = { 1'0 $memory$flatten\u_core.$auto$proc_rom.cc:155:do_switch$967$rdmux[0][3][5]$b$2681 [3] $memory$flatten\u_core.$auto$proc_rom.cc:155:do_switch$967$rdmux[0][3][5]$b$2681 [3] $memory$flatten\u_core.$auto$proc_rom.cc:155:do_switch$967$rdmux[0][3][5]$b$2681 [3] $memory$flatten\u_core.$auto$proc_rom.cc:155:do_switch$967$rdmux[0][3][5]$b$2681 [3] $memory$flatten\u_core.$auto$proc_rom.cc:155:do_switch$967$rdmux[0][3][5]$b$2681 [5] $memory$flatten\u_core.$auto$proc_rom.cc:155:do_switch$967$rdmux[0][3][5]$b$2681 [3] 1'0 $memory$flatten\u_core.$auto$proc_rom.cc:155:do_switch$967$rdmux[0][3][5]$b$2681 [5] $memory$flatten\u_core.$auto$proc_rom.cc:155:do_switch$967$rdmux[0][3][5]$b$2681 [6] $memory$flatten\u_core.$auto$proc_rom.cc:155:do_switch$967$rdmux[0][3][5]$b$2681 [6] $memory$flatten\u_core.$auto$proc_rom.cc:155:do_switch$967$rdmux[0][3][5]$b$2681 [3] $memory$flatten\u_core.$auto$proc_rom.cc:155:do_switch$967$rdmux[0][3][5]$b$2681 [3] $memory$flatten\u_core.$auto$proc_rom.cc:155:do_switch$967$rdmux[0][3][5]$b$2681 [3] 1'0 $memory$flatten\u_core.$auto$proc_rom.cc:155:do_switch$967$rdmux[0][3][5]$b$2681 [3] $memory$flatten\u_core.$auto$proc_rom.cc:155:do_switch$967$rdmux[0][3][5]$b$2681 [3] $memory$flatten\u_core.$auto$proc_rom.cc:155:do_switch$967$rdmux[0][3][5]$b$2681 [3] $memory$flatten\u_core.$auto$proc_rom.cc:155:do_switch$967$rdmux[0][3][5]$b$2681 [5] $memory$flatten\u_core.$auto$proc_rom.cc:155:do_switch$967$rdmux[0][3][5]$b$2681 [6] $memory$flatten\u_core.$auto$proc_rom.cc:155:do_switch$967$rdmux[0][3][5]$b$2681 [3] $memory$flatten\u_core.$auto$proc_rom.cc:155:do_switch$967$rdmux[0][3][5]$b$2681 [5] $memory$flatten\u_core.$auto$proc_rom.cc:155:do_switch$967$rdmux[0][3][5]$b$2681 [6:5] $memory$flatten\u_core.$auto$proc_rom.cc:155:do_switch$967$rdmux[0][3][5]$b$2681 [6] $memory$flatten\u_core.$auto$proc_rom.cc:155:do_switch$967$rdmux[0][3][5]$b$2681 [3] 3'000 }
    Consolidated identical input bits for $mux cell $memory$flatten\u_core.$auto$proc_rom.cc:155:do_switch$967$rdmux[0][4][10]$2718:
      Old ports: A=$memory$flatten\u_core.$auto$proc_rom.cc:155:do_switch$967$rdmux[0][4][10]$a$2719, B=$memory$flatten\u_core.$auto$proc_rom.cc:155:do_switch$967$rdmux[0][4][10]$b$2720, Y=$memory$flatten\u_core.$auto$proc_rom.cc:155:do_switch$967$rdmux[0][3][5]$a$2680
      New ports: A={ $memory$flatten\u_core.$auto$proc_rom.cc:155:do_switch$967$rdmux[0][4][10]$a$2719 [1] $memory$flatten\u_core.$auto$proc_rom.cc:155:do_switch$967$rdmux[0][4][10]$a$2719 [1] 1'0 $memory$flatten\u_core.$auto$proc_rom.cc:155:do_switch$967$rdmux[0][4][10]$a$2719 [1] 1'0 $memory$flatten\u_core.$auto$proc_rom.cc:155:do_switch$967$rdmux[0][4][10]$a$2719 [1] 1'0 }, B={ $memory$flatten\u_core.$auto$proc_rom.cc:155:do_switch$967$rdmux[0][4][10]$b$2720 [2] $memory$flatten\u_core.$auto$proc_rom.cc:155:do_switch$967$rdmux[0][4][10]$b$2720 [0] $memory$flatten\u_core.$auto$proc_rom.cc:155:do_switch$967$rdmux[0][4][10]$b$2720 [1] 1'0 $memory$flatten\u_core.$auto$proc_rom.cc:155:do_switch$967$rdmux[0][4][10]$b$2720 [2:0] }, Y={ $memory$flatten\u_core.$auto$proc_rom.cc:155:do_switch$967$rdmux[0][3][5]$a$2680 [20] $memory$flatten\u_core.$auto$proc_rom.cc:155:do_switch$967$rdmux[0][3][5]$a$2680 [13] $memory$flatten\u_core.$auto$proc_rom.cc:155:do_switch$967$rdmux[0][3][5]$a$2680 [6] $memory$flatten\u_core.$auto$proc_rom.cc:155:do_switch$967$rdmux[0][3][5]$a$2680 [3:0] }
      New connections: { $memory$flatten\u_core.$auto$proc_rom.cc:155:do_switch$967$rdmux[0][3][5]$a$2680 [31:21] $memory$flatten\u_core.$auto$proc_rom.cc:155:do_switch$967$rdmux[0][3][5]$a$2680 [19:14] $memory$flatten\u_core.$auto$proc_rom.cc:155:do_switch$967$rdmux[0][3][5]$a$2680 [12:7] $memory$flatten\u_core.$auto$proc_rom.cc:155:do_switch$967$rdmux[0][3][5]$a$2680 [5:4] } = { 1'0 $memory$flatten\u_core.$auto$proc_rom.cc:155:do_switch$967$rdmux[0][3][5]$a$2680 [1] $memory$flatten\u_core.$auto$proc_rom.cc:155:do_switch$967$rdmux[0][3][5]$a$2680 [6] $memory$flatten\u_core.$auto$proc_rom.cc:155:do_switch$967$rdmux[0][3][5]$a$2680 [20] $memory$flatten\u_core.$auto$proc_rom.cc:155:do_switch$967$rdmux[0][3][5]$a$2680 [13] $memory$flatten\u_core.$auto$proc_rom.cc:155:do_switch$967$rdmux[0][3][5]$a$2680 [3] $memory$flatten\u_core.$auto$proc_rom.cc:155:do_switch$967$rdmux[0][3][5]$a$2680 [1] $memory$flatten\u_core.$auto$proc_rom.cc:155:do_switch$967$rdmux[0][3][5]$a$2680 [2] $memory$flatten\u_core.$auto$proc_rom.cc:155:do_switch$967$rdmux[0][3][5]$a$2680 [20] $memory$flatten\u_core.$auto$proc_rom.cc:155:do_switch$967$rdmux[0][3][5]$a$2680 [13] $memory$flatten\u_core.$auto$proc_rom.cc:155:do_switch$967$rdmux[0][3][5]$a$2680 [6] $memory$flatten\u_core.$auto$proc_rom.cc:155:do_switch$967$rdmux[0][3][5]$a$2680 [0] $memory$flatten\u_core.$auto$proc_rom.cc:155:do_switch$967$rdmux[0][3][5]$a$2680 [1] $memory$flatten\u_core.$auto$proc_rom.cc:155:do_switch$967$rdmux[0][3][5]$a$2680 [1] $memory$flatten\u_core.$auto$proc_rom.cc:155:do_switch$967$rdmux[0][3][5]$a$2680 [3] $memory$flatten\u_core.$auto$proc_rom.cc:155:do_switch$967$rdmux[0][3][5]$a$2680 [1] $memory$flatten\u_core.$auto$proc_rom.cc:155:do_switch$967$rdmux[0][3][5]$a$2680 [2] $memory$flatten\u_core.$auto$proc_rom.cc:155:do_switch$967$rdmux[0][3][5]$a$2680 [0] $memory$flatten\u_core.$auto$proc_rom.cc:155:do_switch$967$rdmux[0][3][5]$a$2680 [1] 1'0 $memory$flatten\u_core.$auto$proc_rom.cc:155:do_switch$967$rdmux[0][3][5]$a$2680 [3:2] $memory$flatten\u_core.$auto$proc_rom.cc:155:do_switch$967$rdmux[0][3][5]$a$2680 [0] $memory$flatten\u_core.$auto$proc_rom.cc:155:do_switch$967$rdmux[0][3][5]$a$2680 [0] 1'0 }
    Consolidated identical input bits for $mux cell $memory$flatten\u_core.$auto$proc_rom.cc:155:do_switch$967$rdmux[0][4][9]$2715:
      Old ports: A=$memory$flatten\u_core.$auto$proc_rom.cc:155:do_switch$967$rdmux[0][4][9]$a$2716, B=$memory$flatten\u_core.$auto$proc_rom.cc:155:do_switch$967$rdmux[0][4][9]$b$2717, Y=$memory$flatten\u_core.$auto$proc_rom.cc:155:do_switch$967$rdmux[0][3][4]$b$2678
      New ports: A={ $memory$flatten\u_core.$auto$proc_rom.cc:155:do_switch$967$rdmux[0][4][9]$a$2716 [9] 1'0 $memory$flatten\u_core.$auto$proc_rom.cc:155:do_switch$967$rdmux[0][4][9]$a$2716 [9] $memory$flatten\u_core.$auto$proc_rom.cc:155:do_switch$967$rdmux[0][4][9]$a$2716 [3] $memory$flatten\u_core.$auto$proc_rom.cc:155:do_switch$967$rdmux[0][4][9]$a$2716 [1] $memory$flatten\u_core.$auto$proc_rom.cc:155:do_switch$967$rdmux[0][4][9]$a$2716 [3] $memory$flatten\u_core.$auto$proc_rom.cc:155:do_switch$967$rdmux[0][4][9]$a$2716 [1] }, B={ $memory$flatten\u_core.$auto$proc_rom.cc:155:do_switch$967$rdmux[0][4][9]$b$2717 [1] $memory$flatten\u_core.$auto$proc_rom.cc:155:do_switch$967$rdmux[0][4][9]$b$2717 [1] 3'000 $memory$flatten\u_core.$auto$proc_rom.cc:155:do_switch$967$rdmux[0][4][9]$b$2717 [1] $memory$flatten\u_core.$auto$proc_rom.cc:155:do_switch$967$rdmux[0][4][9]$b$2717 [1] }, Y={ $memory$flatten\u_core.$auto$proc_rom.cc:155:do_switch$967$rdmux[0][3][4]$b$2678 [12] $memory$flatten\u_core.$auto$proc_rom.cc:155:do_switch$967$rdmux[0][3][4]$b$2678 [10:9] $memory$flatten\u_core.$auto$proc_rom.cc:155:do_switch$967$rdmux[0][3][4]$b$2678 [7] $memory$flatten\u_core.$auto$proc_rom.cc:155:do_switch$967$rdmux[0][3][4]$b$2678 [4:3] $memory$flatten\u_core.$auto$proc_rom.cc:155:do_switch$967$rdmux[0][3][4]$b$2678 [1] }
      New connections: { $memory$flatten\u_core.$auto$proc_rom.cc:155:do_switch$967$rdmux[0][3][4]$b$2678 [31:13] $memory$flatten\u_core.$auto$proc_rom.cc:155:do_switch$967$rdmux[0][3][4]$b$2678 [11] $memory$flatten\u_core.$auto$proc_rom.cc:155:do_switch$967$rdmux[0][3][4]$b$2678 [8] $memory$flatten\u_core.$auto$proc_rom.cc:155:do_switch$967$rdmux[0][3][4]$b$2678 [6:5] $memory$flatten\u_core.$auto$proc_rom.cc:155:do_switch$967$rdmux[0][3][4]$b$2678 [2] $memory$flatten\u_core.$auto$proc_rom.cc:155:do_switch$967$rdmux[0][3][4]$b$2678 [0] } = { 1'0 $memory$flatten\u_core.$auto$proc_rom.cc:155:do_switch$967$rdmux[0][3][4]$b$2678 [12] $memory$flatten\u_core.$auto$proc_rom.cc:155:do_switch$967$rdmux[0][3][4]$b$2678 [7] $memory$flatten\u_core.$auto$proc_rom.cc:155:do_switch$967$rdmux[0][3][4]$b$2678 [3] 3'000 $memory$flatten\u_core.$auto$proc_rom.cc:155:do_switch$967$rdmux[0][3][4]$b$2678 [12] $memory$flatten\u_core.$auto$proc_rom.cc:155:do_switch$967$rdmux[0][3][4]$b$2678 [4] $memory$flatten\u_core.$auto$proc_rom.cc:155:do_switch$967$rdmux[0][3][4]$b$2678 [4:3] $memory$flatten\u_core.$auto$proc_rom.cc:155:do_switch$967$rdmux[0][3][4]$b$2678 [3] $memory$flatten\u_core.$auto$proc_rom.cc:155:do_switch$967$rdmux[0][3][4]$b$2678 [4] $memory$flatten\u_core.$auto$proc_rom.cc:155:do_switch$967$rdmux[0][3][4]$b$2678 [1] $memory$flatten\u_core.$auto$proc_rom.cc:155:do_switch$967$rdmux[0][3][4]$b$2678 [9] 1'0 $memory$flatten\u_core.$auto$proc_rom.cc:155:do_switch$967$rdmux[0][3][4]$b$2678 [1] 2'00 $memory$flatten\u_core.$auto$proc_rom.cc:155:do_switch$967$rdmux[0][3][4]$b$2678 [3] $memory$flatten\u_core.$auto$proc_rom.cc:155:do_switch$967$rdmux[0][3][4]$b$2678 [3] 1'0 $memory$flatten\u_core.$auto$proc_rom.cc:155:do_switch$967$rdmux[0][3][4]$b$2678 [4] $memory$flatten\u_core.$auto$proc_rom.cc:155:do_switch$967$rdmux[0][3][4]$b$2678 [1] 1'0 }
    Consolidated identical input bits for $mux cell $memory$flatten\u_core.$auto$proc_rom.cc:155:do_switch$967$rdmux[0][4][8]$2712:
      Old ports: A=$memory$flatten\u_core.$auto$proc_rom.cc:155:do_switch$967$rdmux[0][4][8]$a$2713, B=$memory$flatten\u_core.$auto$proc_rom.cc:155:do_switch$967$rdmux[0][4][8]$b$2714, Y=$memory$flatten\u_core.$auto$proc_rom.cc:155:do_switch$967$rdmux[0][3][4]$a$2677
      New ports: A={ 1'0 $memory$flatten\u_core.$auto$proc_rom.cc:155:do_switch$967$rdmux[0][4][8]$a$2713 [1] $memory$flatten\u_core.$auto$proc_rom.cc:155:do_switch$967$rdmux[0][4][8]$a$2713 [1] }, B={ $memory$flatten\u_core.$auto$proc_rom.cc:155:do_switch$967$rdmux[0][4][8]$b$2714 [1] 1'0 $memory$flatten\u_core.$auto$proc_rom.cc:155:do_switch$967$rdmux[0][4][8]$b$2714 [1] }, Y={ $memory$flatten\u_core.$auto$proc_rom.cc:155:do_switch$967$rdmux[0][3][4]$a$2677 [6] $memory$flatten\u_core.$auto$proc_rom.cc:155:do_switch$967$rdmux[0][3][4]$a$2677 [3] $memory$flatten\u_core.$auto$proc_rom.cc:155:do_switch$967$rdmux[0][3][4]$a$2677 [1] }
      New connections: { $memory$flatten\u_core.$auto$proc_rom.cc:155:do_switch$967$rdmux[0][3][4]$a$2677 [31:7] $memory$flatten\u_core.$auto$proc_rom.cc:155:do_switch$967$rdmux[0][3][4]$a$2677 [5:4] $memory$flatten\u_core.$auto$proc_rom.cc:155:do_switch$967$rdmux[0][3][4]$a$2677 [2] $memory$flatten\u_core.$auto$proc_rom.cc:155:do_switch$967$rdmux[0][3][4]$a$2677 [0] } = { 3'000 $memory$flatten\u_core.$auto$proc_rom.cc:155:do_switch$967$rdmux[0][3][4]$a$2677 [6] $memory$flatten\u_core.$auto$proc_rom.cc:155:do_switch$967$rdmux[0][3][4]$a$2677 [1] $memory$flatten\u_core.$auto$proc_rom.cc:155:do_switch$967$rdmux[0][3][4]$a$2677 [1] $memory$flatten\u_core.$auto$proc_rom.cc:155:do_switch$967$rdmux[0][3][4]$a$2677 [6] $memory$flatten\u_core.$auto$proc_rom.cc:155:do_switch$967$rdmux[0][3][4]$a$2677 [6] $memory$flatten\u_core.$auto$proc_rom.cc:155:do_switch$967$rdmux[0][3][4]$a$2677 [3] 2'00 $memory$flatten\u_core.$auto$proc_rom.cc:155:do_switch$967$rdmux[0][3][4]$a$2677 [6] $memory$flatten\u_core.$auto$proc_rom.cc:155:do_switch$967$rdmux[0][3][4]$a$2677 [1] $memory$flatten\u_core.$auto$proc_rom.cc:155:do_switch$967$rdmux[0][3][4]$a$2677 [3] $memory$flatten\u_core.$auto$proc_rom.cc:155:do_switch$967$rdmux[0][3][4]$a$2677 [6] 1'0 $memory$flatten\u_core.$auto$proc_rom.cc:155:do_switch$967$rdmux[0][3][4]$a$2677 [1] 5'00000 $memory$flatten\u_core.$auto$proc_rom.cc:155:do_switch$967$rdmux[0][3][4]$a$2677 [6] $memory$flatten\u_core.$auto$proc_rom.cc:155:do_switch$967$rdmux[0][3][4]$a$2677 [6] $memory$flatten\u_core.$auto$proc_rom.cc:155:do_switch$967$rdmux[0][3][4]$a$2677 [1] 1'0 $memory$flatten\u_core.$auto$proc_rom.cc:155:do_switch$967$rdmux[0][3][4]$a$2677 [1] $memory$flatten\u_core.$auto$proc_rom.cc:155:do_switch$967$rdmux[0][3][4]$a$2677 [1] 1'0 }
    Consolidated identical input bits for $mux cell $memory$flatten\u_core.$auto$proc_rom.cc:155:do_switch$967$rdmux[0][4][7]$2709:
      Old ports: A=$memory$flatten\u_core.$auto$proc_rom.cc:155:do_switch$967$rdmux[0][4][7]$a$2710, B=$memory$flatten\u_core.$auto$proc_rom.cc:155:do_switch$967$rdmux[0][4][7]$b$2711, Y=$memory$flatten\u_core.$auto$proc_rom.cc:155:do_switch$967$rdmux[0][3][3]$b$2675
      New ports: A={ 1'0 $memory$flatten\u_core.$auto$proc_rom.cc:155:do_switch$967$rdmux[0][4][7]$a$2710 [0] $memory$flatten\u_core.$auto$proc_rom.cc:155:do_switch$967$rdmux[0][4][7]$a$2710 [7] $memory$flatten\u_core.$auto$proc_rom.cc:155:do_switch$967$rdmux[0][4][7]$a$2710 [3] $memory$flatten\u_core.$auto$proc_rom.cc:155:do_switch$967$rdmux[0][4][7]$a$2710 [7] $memory$flatten\u_core.$auto$proc_rom.cc:155:do_switch$967$rdmux[0][4][7]$a$2710 [0] $memory$flatten\u_core.$auto$proc_rom.cc:155:do_switch$967$rdmux[0][4][7]$a$2710 [6] $memory$flatten\u_core.$auto$proc_rom.cc:155:do_switch$967$rdmux[0][4][7]$a$2710 [19] $memory$flatten\u_core.$auto$proc_rom.cc:155:do_switch$967$rdmux[0][4][7]$a$2710 [19] $memory$flatten\u_core.$auto$proc_rom.cc:155:do_switch$967$rdmux[0][4][7]$a$2710 [2] 1'0 $memory$flatten\u_core.$auto$proc_rom.cc:155:do_switch$967$rdmux[0][4][7]$a$2710 [2] $memory$flatten\u_core.$auto$proc_rom.cc:155:do_switch$967$rdmux[0][4][7]$a$2710 [0] $memory$flatten\u_core.$auto$proc_rom.cc:155:do_switch$967$rdmux[0][4][7]$a$2710 [1] $memory$flatten\u_core.$auto$proc_rom.cc:155:do_switch$967$rdmux[0][4][7]$a$2710 [7:6] $memory$flatten\u_core.$auto$proc_rom.cc:155:do_switch$967$rdmux[0][4][7]$a$2710 [3] $memory$flatten\u_core.$auto$proc_rom.cc:155:do_switch$967$rdmux[0][4][7]$a$2710 [3] $memory$flatten\u_core.$auto$proc_rom.cc:155:do_switch$967$rdmux[0][4][7]$a$2710 [3:0] }, B={ $memory$flatten\u_core.$auto$proc_rom.cc:155:do_switch$967$rdmux[0][4][7]$b$2711 [1] $memory$flatten\u_core.$auto$proc_rom.cc:155:do_switch$967$rdmux[0][4][7]$b$2711 [20] $memory$flatten\u_core.$auto$proc_rom.cc:155:do_switch$967$rdmux[0][4][7]$b$2711 [0] $memory$flatten\u_core.$auto$proc_rom.cc:155:do_switch$967$rdmux[0][4][7]$b$2711 [6] $memory$flatten\u_core.$auto$proc_rom.cc:155:do_switch$967$rdmux[0][4][7]$b$2711 [4:3] $memory$flatten\u_core.$auto$proc_rom.cc:155:do_switch$967$rdmux[0][4][7]$b$2711 [20] $memory$flatten\u_core.$auto$proc_rom.cc:155:do_switch$967$rdmux[0][4][7]$b$2711 [20] $memory$flatten\u_core.$auto$proc_rom.cc:155:do_switch$967$rdmux[0][4][7]$b$2711 [0] $memory$flatten\u_core.$auto$proc_rom.cc:155:do_switch$967$rdmux[0][4][7]$b$2711 [4] $memory$flatten\u_core.$auto$proc_rom.cc:155:do_switch$967$rdmux[0][4][7]$b$2711 [6] 3'000 $memory$flatten\u_core.$auto$proc_rom.cc:155:do_switch$967$rdmux[0][4][7]$b$2711 [3] $memory$flatten\u_core.$auto$proc_rom.cc:155:do_switch$967$rdmux[0][4][7]$b$2711 [6:3] $memory$flatten\u_core.$auto$proc_rom.cc:155:do_switch$967$rdmux[0][4][7]$b$2711 [1] $memory$flatten\u_core.$auto$proc_rom.cc:155:do_switch$967$rdmux[0][4][7]$b$2711 [1:0] }, Y={ $memory$flatten\u_core.$auto$proc_rom.cc:155:do_switch$967$rdmux[0][3][3]$b$2675 [29:25] $memory$flatten\u_core.$auto$proc_rom.cc:155:do_switch$967$rdmux[0][3][3]$b$2675 [22:17] $memory$flatten\u_core.$auto$proc_rom.cc:155:do_switch$967$rdmux[0][3][3]$b$2675 [11:10] $memory$flatten\u_core.$auto$proc_rom.cc:155:do_switch$967$rdmux[0][3][3]$b$2675 [8:0] }
      New connections: { $memory$flatten\u_core.$auto$proc_rom.cc:155:do_switch$967$rdmux[0][3][3]$b$2675 [31:30] $memory$flatten\u_core.$auto$proc_rom.cc:155:do_switch$967$rdmux[0][3][3]$b$2675 [24:23] $memory$flatten\u_core.$auto$proc_rom.cc:155:do_switch$967$rdmux[0][3][3]$b$2675 [16:12] $memory$flatten\u_core.$auto$proc_rom.cc:155:do_switch$967$rdmux[0][3][3]$b$2675 [9] } = { $memory$flatten\u_core.$auto$proc_rom.cc:155:do_switch$967$rdmux[0][3][3]$b$2675 [1] $memory$flatten\u_core.$auto$proc_rom.cc:155:do_switch$967$rdmux[0][3][3]$b$2675 [1] $memory$flatten\u_core.$auto$proc_rom.cc:155:do_switch$967$rdmux[0][3][3]$b$2675 [2] $memory$flatten\u_core.$auto$proc_rom.cc:155:do_switch$967$rdmux[0][3][3]$b$2675 [0] $memory$flatten\u_core.$auto$proc_rom.cc:155:do_switch$967$rdmux[0][3][3]$b$2675 [6] $memory$flatten\u_core.$auto$proc_rom.cc:155:do_switch$967$rdmux[0][3][3]$b$2675 [1] 3'000 $memory$flatten\u_core.$auto$proc_rom.cc:155:do_switch$967$rdmux[0][3][3]$b$2675 [6] }
    Consolidated identical input bits for $mux cell $memory$flatten\u_core.$auto$proc_rom.cc:155:do_switch$967$rdmux[0][4][6]$2706:
      Old ports: A=$memory$flatten\u_core.$auto$proc_rom.cc:155:do_switch$967$rdmux[0][4][6]$a$2707, B=$memory$flatten\u_core.$auto$proc_rom.cc:155:do_switch$967$rdmux[0][4][6]$b$2708, Y=$memory$flatten\u_core.$auto$proc_rom.cc:155:do_switch$967$rdmux[0][3][3]$a$2674
      New ports: A={ $memory$flatten\u_core.$auto$proc_rom.cc:155:do_switch$967$rdmux[0][4][6]$a$2707 [28:27] $memory$flatten\u_core.$auto$proc_rom.cc:155:do_switch$967$rdmux[0][4][6]$a$2707 [4] $memory$flatten\u_core.$auto$proc_rom.cc:155:do_switch$967$rdmux[0][4][6]$a$2707 [11] $memory$flatten\u_core.$auto$proc_rom.cc:155:do_switch$967$rdmux[0][4][6]$a$2707 [8] $memory$flatten\u_core.$auto$proc_rom.cc:155:do_switch$967$rdmux[0][4][6]$a$2707 [6] $memory$flatten\u_core.$auto$proc_rom.cc:155:do_switch$967$rdmux[0][4][6]$a$2707 [1] $memory$flatten\u_core.$auto$proc_rom.cc:155:do_switch$967$rdmux[0][4][6]$a$2707 [6] 1'0 $memory$flatten\u_core.$auto$proc_rom.cc:155:do_switch$967$rdmux[0][4][6]$a$2707 [11] $memory$flatten\u_core.$auto$proc_rom.cc:155:do_switch$967$rdmux[0][4][6]$a$2707 [11] $memory$flatten\u_core.$auto$proc_rom.cc:155:do_switch$967$rdmux[0][4][6]$a$2707 [1] $memory$flatten\u_core.$auto$proc_rom.cc:155:do_switch$967$rdmux[0][4][6]$a$2707 [8] 1'0 $memory$flatten\u_core.$auto$proc_rom.cc:155:do_switch$967$rdmux[0][4][6]$a$2707 [6] $memory$flatten\u_core.$auto$proc_rom.cc:155:do_switch$967$rdmux[0][4][6]$a$2707 [4] $memory$flatten\u_core.$auto$proc_rom.cc:155:do_switch$967$rdmux[0][4][6]$a$2707 [4] $memory$flatten\u_core.$auto$proc_rom.cc:155:do_switch$967$rdmux[0][4][6]$a$2707 [1] $memory$flatten\u_core.$auto$proc_rom.cc:155:do_switch$967$rdmux[0][4][6]$a$2707 [1] 1'0 }, B={ $memory$flatten\u_core.$auto$proc_rom.cc:155:do_switch$967$rdmux[0][4][6]$b$2708 [1] $memory$flatten\u_core.$auto$proc_rom.cc:155:do_switch$967$rdmux[0][4][6]$b$2708 [1:0] $memory$flatten\u_core.$auto$proc_rom.cc:155:do_switch$967$rdmux[0][4][6]$b$2708 [4] $memory$flatten\u_core.$auto$proc_rom.cc:155:do_switch$967$rdmux[0][4][6]$b$2708 [1] $memory$flatten\u_core.$auto$proc_rom.cc:155:do_switch$967$rdmux[0][4][6]$b$2708 [4] 1'0 $memory$flatten\u_core.$auto$proc_rom.cc:155:do_switch$967$rdmux[0][4][6]$b$2708 [1] $memory$flatten\u_core.$auto$proc_rom.cc:155:do_switch$967$rdmux[0][4][6]$b$2708 [4] $memory$flatten\u_core.$auto$proc_rom.cc:155:do_switch$967$rdmux[0][4][6]$b$2708 [1:0] $memory$flatten\u_core.$auto$proc_rom.cc:155:do_switch$967$rdmux[0][4][6]$b$2708 [4] $memory$flatten\u_core.$auto$proc_rom.cc:155:do_switch$967$rdmux[0][4][6]$b$2708 [4] $memory$flatten\u_core.$auto$proc_rom.cc:155:do_switch$967$rdmux[0][4][6]$b$2708 [1] 2'00 $memory$flatten\u_core.$auto$proc_rom.cc:155:do_switch$967$rdmux[0][4][6]$b$2708 [4] $memory$flatten\u_core.$auto$proc_rom.cc:155:do_switch$967$rdmux[0][4][6]$b$2708 [0] $memory$flatten\u_core.$auto$proc_rom.cc:155:do_switch$967$rdmux[0][4][6]$b$2708 [1:0] }, Y={ $memory$flatten\u_core.$auto$proc_rom.cc:155:do_switch$967$rdmux[0][3][3]$a$2674 [28:27] $memory$flatten\u_core.$auto$proc_rom.cc:155:do_switch$967$rdmux[0][3][3]$a$2674 [24:21] $memory$flatten\u_core.$auto$proc_rom.cc:155:do_switch$967$rdmux[0][3][3]$a$2674 [18:16] $memory$flatten\u_core.$auto$proc_rom.cc:155:do_switch$967$rdmux[0][3][3]$a$2674 [12:10] $memory$flatten\u_core.$auto$proc_rom.cc:155:do_switch$967$rdmux[0][3][3]$a$2674 [8:4] $memory$flatten\u_core.$auto$proc_rom.cc:155:do_switch$967$rdmux[0][3][3]$a$2674 [2:0] }
      New connections: { $memory$flatten\u_core.$auto$proc_rom.cc:155:do_switch$967$rdmux[0][3][3]$a$2674 [31:29] $memory$flatten\u_core.$auto$proc_rom.cc:155:do_switch$967$rdmux[0][3][3]$a$2674 [26:25] $memory$flatten\u_core.$auto$proc_rom.cc:155:do_switch$967$rdmux[0][3][3]$a$2674 [20:19] $memory$flatten\u_core.$auto$proc_rom.cc:155:do_switch$967$rdmux[0][3][3]$a$2674 [15:13] $memory$flatten\u_core.$auto$proc_rom.cc:155:do_switch$967$rdmux[0][3][3]$a$2674 [9] $memory$flatten\u_core.$auto$proc_rom.cc:155:do_switch$967$rdmux[0][3][3]$a$2674 [3] } = { $memory$flatten\u_core.$auto$proc_rom.cc:155:do_switch$967$rdmux[0][3][3]$a$2674 [8] $memory$flatten\u_core.$auto$proc_rom.cc:155:do_switch$967$rdmux[0][3][3]$a$2674 [0] $memory$flatten\u_core.$auto$proc_rom.cc:155:do_switch$967$rdmux[0][3][3]$a$2674 [22] $memory$flatten\u_core.$auto$proc_rom.cc:155:do_switch$967$rdmux[0][3][3]$a$2674 [18] $memory$flatten\u_core.$auto$proc_rom.cc:155:do_switch$967$rdmux[0][3][3]$a$2674 [11] $memory$flatten\u_core.$auto$proc_rom.cc:155:do_switch$967$rdmux[0][3][3]$a$2674 [6] $memory$flatten\u_core.$auto$proc_rom.cc:155:do_switch$967$rdmux[0][3][3]$a$2674 [2] $memory$flatten\u_core.$auto$proc_rom.cc:155:do_switch$967$rdmux[0][3][3]$a$2674 [8] 1'0 $memory$flatten\u_core.$auto$proc_rom.cc:155:do_switch$967$rdmux[0][3][3]$a$2674 [6] $memory$flatten\u_core.$auto$proc_rom.cc:155:do_switch$967$rdmux[0][3][3]$a$2674 [0] $memory$flatten\u_core.$auto$proc_rom.cc:155:do_switch$967$rdmux[0][3][3]$a$2674 [2] }
    Consolidated identical input bits for $mux cell $memory$flatten\u_core.$auto$proc_rom.cc:155:do_switch$967$rdmux[0][4][5]$2703:
      Old ports: A=$memory$flatten\u_core.$auto$proc_rom.cc:155:do_switch$967$rdmux[0][4][5]$a$2704, B=$memory$flatten\u_core.$auto$proc_rom.cc:155:do_switch$967$rdmux[0][4][5]$b$2705, Y=$memory$flatten\u_core.$auto$proc_rom.cc:155:do_switch$967$rdmux[0][3][2]$b$2672
      New ports: A={ $memory$flatten\u_core.$auto$proc_rom.cc:155:do_switch$967$rdmux[0][4][5]$a$2704 [0] $memory$flatten\u_core.$auto$proc_rom.cc:155:do_switch$967$rdmux[0][4][5]$a$2704 [2] $memory$flatten\u_core.$auto$proc_rom.cc:155:do_switch$967$rdmux[0][4][5]$a$2704 [2] $memory$flatten\u_core.$auto$proc_rom.cc:155:do_switch$967$rdmux[0][4][5]$a$2704 [8] $memory$flatten\u_core.$auto$proc_rom.cc:155:do_switch$967$rdmux[0][4][5]$a$2704 [8] $memory$flatten\u_core.$auto$proc_rom.cc:155:do_switch$967$rdmux[0][4][5]$a$2704 [0] $memory$flatten\u_core.$auto$proc_rom.cc:155:do_switch$967$rdmux[0][4][5]$a$2704 [8] $memory$flatten\u_core.$auto$proc_rom.cc:155:do_switch$967$rdmux[0][4][5]$a$2704 [8] 1'0 $memory$flatten\u_core.$auto$proc_rom.cc:155:do_switch$967$rdmux[0][4][5]$a$2704 [2] $memory$flatten\u_core.$auto$proc_rom.cc:155:do_switch$967$rdmux[0][4][5]$a$2704 [8] $memory$flatten\u_core.$auto$proc_rom.cc:155:do_switch$967$rdmux[0][4][5]$a$2704 [8] $memory$flatten\u_core.$auto$proc_rom.cc:155:do_switch$967$rdmux[0][4][5]$a$2704 [0] 1'0 $memory$flatten\u_core.$auto$proc_rom.cc:155:do_switch$967$rdmux[0][4][5]$a$2704 [0] $memory$flatten\u_core.$auto$proc_rom.cc:155:do_switch$967$rdmux[0][4][5]$a$2704 [2] 1'0 $memory$flatten\u_core.$auto$proc_rom.cc:155:do_switch$967$rdmux[0][4][5]$a$2704 [0] }, B={ $memory$flatten\u_core.$auto$proc_rom.cc:155:do_switch$967$rdmux[0][4][5]$b$2705 [11] $memory$flatten\u_core.$auto$proc_rom.cc:155:do_switch$967$rdmux[0][4][5]$b$2705 [0] $memory$flatten\u_core.$auto$proc_rom.cc:155:do_switch$967$rdmux[0][4][5]$b$2705 [8] $memory$flatten\u_core.$auto$proc_rom.cc:155:do_switch$967$rdmux[0][4][5]$b$2705 [12] $memory$flatten\u_core.$auto$proc_rom.cc:155:do_switch$967$rdmux[0][4][5]$b$2705 [2] 1'0 $memory$flatten\u_core.$auto$proc_rom.cc:155:do_switch$967$rdmux[0][4][5]$b$2705 [6] 1'0 $memory$flatten\u_core.$auto$proc_rom.cc:155:do_switch$967$rdmux[0][4][5]$b$2705 [12:11] $memory$flatten\u_core.$auto$proc_rom.cc:155:do_switch$967$rdmux[0][4][5]$b$2705 [9:8] $memory$flatten\u_core.$auto$proc_rom.cc:155:do_switch$967$rdmux[0][4][5]$b$2705 [6] $memory$flatten\u_core.$auto$proc_rom.cc:155:do_switch$967$rdmux[0][4][5]$b$2705 [6] $memory$flatten\u_core.$auto$proc_rom.cc:155:do_switch$967$rdmux[0][4][5]$b$2705 [2] $memory$flatten\u_core.$auto$proc_rom.cc:155:do_switch$967$rdmux[0][4][5]$b$2705 [2] $memory$flatten\u_core.$auto$proc_rom.cc:155:do_switch$967$rdmux[0][4][5]$b$2705 [0] $memory$flatten\u_core.$auto$proc_rom.cc:155:do_switch$967$rdmux[0][4][5]$b$2705 [0] }, Y={ $memory$flatten\u_core.$auto$proc_rom.cc:155:do_switch$967$rdmux[0][3][2]$b$2672 [26] $memory$flatten\u_core.$auto$proc_rom.cc:155:do_switch$967$rdmux[0][3][2]$b$2672 [23] $memory$flatten\u_core.$auto$proc_rom.cc:155:do_switch$967$rdmux[0][3][2]$b$2672 [21:20] $memory$flatten\u_core.$auto$proc_rom.cc:155:do_switch$967$rdmux[0][3][2]$b$2672 [18] $memory$flatten\u_core.$auto$proc_rom.cc:155:do_switch$967$rdmux[0][3][2]$b$2672 [16:14] $memory$flatten\u_core.$auto$proc_rom.cc:155:do_switch$967$rdmux[0][3][2]$b$2672 [12:11] $memory$flatten\u_core.$auto$proc_rom.cc:155:do_switch$967$rdmux[0][3][2]$b$2672 [9:6] $memory$flatten\u_core.$auto$proc_rom.cc:155:do_switch$967$rdmux[0][3][2]$b$2672 [3:0] }
      New connections: { $memory$flatten\u_core.$auto$proc_rom.cc:155:do_switch$967$rdmux[0][3][2]$b$2672 [31:27] $memory$flatten\u_core.$auto$proc_rom.cc:155:do_switch$967$rdmux[0][3][2]$b$2672 [25:24] $memory$flatten\u_core.$auto$proc_rom.cc:155:do_switch$967$rdmux[0][3][2]$b$2672 [22] $memory$flatten\u_core.$auto$proc_rom.cc:155:do_switch$967$rdmux[0][3][2]$b$2672 [19] $memory$flatten\u_core.$auto$proc_rom.cc:155:do_switch$967$rdmux[0][3][2]$b$2672 [17] $memory$flatten\u_core.$auto$proc_rom.cc:155:do_switch$967$rdmux[0][3][2]$b$2672 [13] $memory$flatten\u_core.$auto$proc_rom.cc:155:do_switch$967$rdmux[0][3][2]$b$2672 [10] $memory$flatten\u_core.$auto$proc_rom.cc:155:do_switch$967$rdmux[0][3][2]$b$2672 [5:4] } = { $memory$flatten\u_core.$auto$proc_rom.cc:155:do_switch$967$rdmux[0][3][2]$b$2672 [15] 2'00 $memory$flatten\u_core.$auto$proc_rom.cc:155:do_switch$967$rdmux[0][3][2]$b$2672 [6] $memory$flatten\u_core.$auto$proc_rom.cc:155:do_switch$967$rdmux[0][3][2]$b$2672 [9] $memory$flatten\u_core.$auto$proc_rom.cc:155:do_switch$967$rdmux[0][3][2]$b$2672 [16:15] 1'0 $memory$flatten\u_core.$auto$proc_rom.cc:155:do_switch$967$rdmux[0][3][2]$b$2672 [18] $memory$flatten\u_core.$auto$proc_rom.cc:155:do_switch$967$rdmux[0][3][2]$b$2672 [11] $memory$flatten\u_core.$auto$proc_rom.cc:155:do_switch$967$rdmux[0][3][2]$b$2672 [6] $memory$flatten\u_core.$auto$proc_rom.cc:155:do_switch$967$rdmux[0][3][2]$b$2672 [2] $memory$flatten\u_core.$auto$proc_rom.cc:155:do_switch$967$rdmux[0][3][2]$b$2672 [0] 1'0 }
    Consolidated identical input bits for $mux cell $memory$flatten\u_core.$auto$proc_rom.cc:155:do_switch$967$rdmux[0][4][4]$2700:
      Old ports: A=$memory$flatten\u_core.$auto$proc_rom.cc:155:do_switch$967$rdmux[0][4][4]$a$2701, B=$memory$flatten\u_core.$auto$proc_rom.cc:155:do_switch$967$rdmux[0][4][4]$b$2702, Y=$memory$flatten\u_core.$auto$proc_rom.cc:155:do_switch$967$rdmux[0][3][2]$a$2671
      New ports: A={ $memory$flatten\u_core.$auto$proc_rom.cc:155:do_switch$967$rdmux[0][4][4]$a$2701 [31] 1'0 $memory$flatten\u_core.$auto$proc_rom.cc:155:do_switch$967$rdmux[0][4][4]$a$2701 [2] $memory$flatten\u_core.$auto$proc_rom.cc:155:do_switch$967$rdmux[0][4][4]$a$2701 [3:2] $memory$flatten\u_core.$auto$proc_rom.cc:155:do_switch$967$rdmux[0][4][4]$a$2701 [2] $memory$flatten\u_core.$auto$proc_rom.cc:155:do_switch$967$rdmux[0][4][4]$a$2701 [4] $memory$flatten\u_core.$auto$proc_rom.cc:155:do_switch$967$rdmux[0][4][4]$a$2701 [4] $memory$flatten\u_core.$auto$proc_rom.cc:155:do_switch$967$rdmux[0][4][4]$a$2701 [2] $memory$flatten\u_core.$auto$proc_rom.cc:155:do_switch$967$rdmux[0][4][4]$a$2701 [4:2] $memory$flatten\u_core.$auto$proc_rom.cc:155:do_switch$967$rdmux[0][4][4]$a$2701 [4] $memory$flatten\u_core.$auto$proc_rom.cc:155:do_switch$967$rdmux[0][4][4]$a$2701 [4:2] 2'00 }, B={ $memory$flatten\u_core.$auto$proc_rom.cc:155:do_switch$967$rdmux[0][4][4]$b$2702 [14] $memory$flatten\u_core.$auto$proc_rom.cc:155:do_switch$967$rdmux[0][4][4]$b$2702 [6] $memory$flatten\u_core.$auto$proc_rom.cc:155:do_switch$967$rdmux[0][4][4]$b$2702 [3] $memory$flatten\u_core.$auto$proc_rom.cc:155:do_switch$967$rdmux[0][4][4]$b$2702 [0] $memory$flatten\u_core.$auto$proc_rom.cc:155:do_switch$967$rdmux[0][4][4]$b$2702 [0] $memory$flatten\u_core.$auto$proc_rom.cc:155:do_switch$967$rdmux[0][4][4]$b$2702 [5] $memory$flatten\u_core.$auto$proc_rom.cc:155:do_switch$967$rdmux[0][4][4]$b$2702 [14] $memory$flatten\u_core.$auto$proc_rom.cc:155:do_switch$967$rdmux[0][4][4]$b$2702 [6] $memory$flatten\u_core.$auto$proc_rom.cc:155:do_switch$967$rdmux[0][4][4]$b$2702 [9] $memory$flatten\u_core.$auto$proc_rom.cc:155:do_switch$967$rdmux[0][4][4]$b$2702 [1] $memory$flatten\u_core.$auto$proc_rom.cc:155:do_switch$967$rdmux[0][4][4]$b$2702 [6] $memory$flatten\u_core.$auto$proc_rom.cc:155:do_switch$967$rdmux[0][4][4]$b$2702 [6:5] $memory$flatten\u_core.$auto$proc_rom.cc:155:do_switch$967$rdmux[0][4][4]$b$2702 [3] $memory$flatten\u_core.$auto$proc_rom.cc:155:do_switch$967$rdmux[0][4][4]$b$2702 [3] $memory$flatten\u_core.$auto$proc_rom.cc:155:do_switch$967$rdmux[0][4][4]$b$2702 [1] $memory$flatten\u_core.$auto$proc_rom.cc:155:do_switch$967$rdmux[0][4][4]$b$2702 [1:0] }, Y={ $memory$flatten\u_core.$auto$proc_rom.cc:155:do_switch$967$rdmux[0][3][2]$a$2671 [31] $memory$flatten\u_core.$auto$proc_rom.cc:155:do_switch$967$rdmux[0][3][2]$a$2671 [24:23] $memory$flatten\u_core.$auto$proc_rom.cc:155:do_switch$967$rdmux[0][3][2]$a$2671 [21:19] $memory$flatten\u_core.$auto$proc_rom.cc:155:do_switch$967$rdmux[0][3][2]$a$2671 [14] $memory$flatten\u_core.$auto$proc_rom.cc:155:do_switch$967$rdmux[0][3][2]$a$2671 [12] $memory$flatten\u_core.$auto$proc_rom.cc:155:do_switch$967$rdmux[0][3][2]$a$2671 [9:0] }
      New connections: { $memory$flatten\u_core.$auto$proc_rom.cc:155:do_switch$967$rdmux[0][3][2]$a$2671 [30:25] $memory$flatten\u_core.$auto$proc_rom.cc:155:do_switch$967$rdmux[0][3][2]$a$2671 [22] $memory$flatten\u_core.$auto$proc_rom.cc:155:do_switch$967$rdmux[0][3][2]$a$2671 [18:15] $memory$flatten\u_core.$auto$proc_rom.cc:155:do_switch$967$rdmux[0][3][2]$a$2671 [13] $memory$flatten\u_core.$auto$proc_rom.cc:155:do_switch$967$rdmux[0][3][2]$a$2671 [11:10] } = { 4'0000 $memory$flatten\u_core.$auto$proc_rom.cc:155:do_switch$967$rdmux[0][3][2]$a$2671 [24] $memory$flatten\u_core.$auto$proc_rom.cc:155:do_switch$967$rdmux[0][3][2]$a$2671 [0] $memory$flatten\u_core.$auto$proc_rom.cc:155:do_switch$967$rdmux[0][3][2]$a$2671 [0] $memory$flatten\u_core.$auto$proc_rom.cc:155:do_switch$967$rdmux[0][3][2]$a$2671 [8] $memory$flatten\u_core.$auto$proc_rom.cc:155:do_switch$967$rdmux[0][3][2]$a$2671 [14] $memory$flatten\u_core.$auto$proc_rom.cc:155:do_switch$967$rdmux[0][3][2]$a$2671 [7] $memory$flatten\u_core.$auto$proc_rom.cc:155:do_switch$967$rdmux[0][3][2]$a$2671 [14] $memory$flatten\u_core.$auto$proc_rom.cc:155:do_switch$967$rdmux[0][3][2]$a$2671 [8] $memory$flatten\u_core.$auto$proc_rom.cc:155:do_switch$967$rdmux[0][3][2]$a$2671 [3] $memory$flatten\u_core.$auto$proc_rom.cc:155:do_switch$967$rdmux[0][3][2]$a$2671 [0] }
    Consolidated identical input bits for $mux cell $memory$flatten\u_core.$auto$proc_rom.cc:155:do_switch$967$rdmux[0][4][3]$2697:
      Old ports: A=$memory$flatten\u_core.$auto$proc_rom.cc:155:do_switch$967$rdmux[0][4][3]$a$2698, B=$memory$flatten\u_core.$auto$proc_rom.cc:155:do_switch$967$rdmux[0][4][3]$b$2699, Y=$memory$flatten\u_core.$auto$proc_rom.cc:155:do_switch$967$rdmux[0][3][1]$b$2669
      New ports: A={ $memory$flatten\u_core.$auto$proc_rom.cc:155:do_switch$967$rdmux[0][4][3]$a$2698 [6] $memory$flatten\u_core.$auto$proc_rom.cc:155:do_switch$967$rdmux[0][4][3]$a$2698 [16] $memory$flatten\u_core.$auto$proc_rom.cc:155:do_switch$967$rdmux[0][4][3]$a$2698 [1] 1'1 $memory$flatten\u_core.$auto$proc_rom.cc:155:do_switch$967$rdmux[0][4][3]$a$2698 [23] $memory$flatten\u_core.$auto$proc_rom.cc:155:do_switch$967$rdmux[0][4][3]$a$2698 [1] $memory$flatten\u_core.$auto$proc_rom.cc:155:do_switch$967$rdmux[0][4][3]$a$2698 [2] $memory$flatten\u_core.$auto$proc_rom.cc:155:do_switch$967$rdmux[0][4][3]$a$2698 [4] $memory$flatten\u_core.$auto$proc_rom.cc:155:do_switch$967$rdmux[0][4][3]$a$2698 [12] $memory$flatten\u_core.$auto$proc_rom.cc:155:do_switch$967$rdmux[0][4][3]$a$2698 [16] $memory$flatten\u_core.$auto$proc_rom.cc:155:do_switch$967$rdmux[0][4][3]$a$2698 [13:12] $memory$flatten\u_core.$auto$proc_rom.cc:155:do_switch$967$rdmux[0][4][3]$a$2698 [1] $memory$flatten\u_core.$auto$proc_rom.cc:155:do_switch$967$rdmux[0][4][3]$a$2698 [10] $memory$flatten\u_core.$auto$proc_rom.cc:155:do_switch$967$rdmux[0][4][3]$a$2698 [1] $memory$flatten\u_core.$auto$proc_rom.cc:155:do_switch$967$rdmux[0][4][3]$a$2698 [8] $memory$flatten\u_core.$auto$proc_rom.cc:155:do_switch$967$rdmux[0][4][3]$a$2698 [6] $memory$flatten\u_core.$auto$proc_rom.cc:155:do_switch$967$rdmux[0][4][3]$a$2698 [6:4] $memory$flatten\u_core.$auto$proc_rom.cc:155:do_switch$967$rdmux[0][4][3]$a$2698 [2:0] }, B={ 2'00 $memory$flatten\u_core.$auto$proc_rom.cc:155:do_switch$967$rdmux[0][4][3]$b$2699 [0] $memory$flatten\u_core.$auto$proc_rom.cc:155:do_switch$967$rdmux[0][4][3]$b$2699 [24] $memory$flatten\u_core.$auto$proc_rom.cc:155:do_switch$967$rdmux[0][4][3]$b$2699 [2] $memory$flatten\u_core.$auto$proc_rom.cc:155:do_switch$967$rdmux[0][4][3]$b$2699 [12] $memory$flatten\u_core.$auto$proc_rom.cc:155:do_switch$967$rdmux[0][4][3]$b$2699 [6] $memory$flatten\u_core.$auto$proc_rom.cc:155:do_switch$967$rdmux[0][4][3]$b$2699 [11] $memory$flatten\u_core.$auto$proc_rom.cc:155:do_switch$967$rdmux[0][4][3]$b$2699 [18] $memory$flatten\u_core.$auto$proc_rom.cc:155:do_switch$967$rdmux[0][4][3]$b$2699 [9] 1'0 $memory$flatten\u_core.$auto$proc_rom.cc:155:do_switch$967$rdmux[0][4][3]$b$2699 [12:9] 1'0 $memory$flatten\u_core.$auto$proc_rom.cc:155:do_switch$967$rdmux[0][4][3]$b$2699 [7:6] $memory$flatten\u_core.$auto$proc_rom.cc:155:do_switch$967$rdmux[0][4][3]$b$2699 [0] $memory$flatten\u_core.$auto$proc_rom.cc:155:do_switch$967$rdmux[0][4][3]$b$2699 [0] $memory$flatten\u_core.$auto$proc_rom.cc:155:do_switch$967$rdmux[0][4][3]$b$2699 [2] 1'0 $memory$flatten\u_core.$auto$proc_rom.cc:155:do_switch$967$rdmux[0][4][3]$b$2699 [0] }, Y={ $memory$flatten\u_core.$auto$proc_rom.cc:155:do_switch$967$rdmux[0][3][1]$b$2669 [27:20] $memory$flatten\u_core.$auto$proc_rom.cc:155:do_switch$967$rdmux[0][3][1]$b$2669 [18] $memory$flatten\u_core.$auto$proc_rom.cc:155:do_switch$967$rdmux[0][3][1]$b$2669 [16] $memory$flatten\u_core.$auto$proc_rom.cc:155:do_switch$967$rdmux[0][3][1]$b$2669 [13:4] $memory$flatten\u_core.$auto$proc_rom.cc:155:do_switch$967$rdmux[0][3][1]$b$2669 [2:0] }
      New connections: { $memory$flatten\u_core.$auto$proc_rom.cc:155:do_switch$967$rdmux[0][3][1]$b$2669 [31:28] $memory$flatten\u_core.$auto$proc_rom.cc:155:do_switch$967$rdmux[0][3][1]$b$2669 [19] $memory$flatten\u_core.$auto$proc_rom.cc:155:do_switch$967$rdmux[0][3][1]$b$2669 [17] $memory$flatten\u_core.$auto$proc_rom.cc:155:do_switch$967$rdmux[0][3][1]$b$2669 [15:14] $memory$flatten\u_core.$auto$proc_rom.cc:155:do_switch$967$rdmux[0][3][1]$b$2669 [3] } = { 4'1000 $memory$flatten\u_core.$auto$proc_rom.cc:155:do_switch$967$rdmux[0][3][1]$b$2669 [2] 4'1001 }
    Consolidated identical input bits for $mux cell $memory$flatten\u_core.$auto$proc_rom.cc:155:do_switch$967$rdmux[0][4][2]$2694:
      Old ports: A=$memory$flatten\u_core.$auto$proc_rom.cc:155:do_switch$967$rdmux[0][4][2]$a$2695, B=$memory$flatten\u_core.$auto$proc_rom.cc:155:do_switch$967$rdmux[0][4][2]$b$2696, Y=$memory$flatten\u_core.$auto$proc_rom.cc:155:do_switch$967$rdmux[0][3][1]$a$2668
      New ports: A={ $memory$flatten\u_core.$auto$proc_rom.cc:155:do_switch$967$rdmux[0][4][2]$a$2695 [1] $memory$flatten\u_core.$auto$proc_rom.cc:155:do_switch$967$rdmux[0][4][2]$a$2695 [27] $memory$flatten\u_core.$auto$proc_rom.cc:155:do_switch$967$rdmux[0][4][2]$a$2695 [27] $memory$flatten\u_core.$auto$proc_rom.cc:155:do_switch$967$rdmux[0][4][2]$a$2695 [17] 3'010 $memory$flatten\u_core.$auto$proc_rom.cc:155:do_switch$967$rdmux[0][4][2]$a$2695 [9] $memory$flatten\u_core.$auto$proc_rom.cc:155:do_switch$967$rdmux[0][4][2]$a$2695 [21] $memory$flatten\u_core.$auto$proc_rom.cc:155:do_switch$967$rdmux[0][4][2]$a$2695 [11] $memory$flatten\u_core.$auto$proc_rom.cc:155:do_switch$967$rdmux[0][4][2]$a$2695 [17] $memory$flatten\u_core.$auto$proc_rom.cc:155:do_switch$967$rdmux[0][4][2]$a$2695 [17:16] 2'10 $memory$flatten\u_core.$auto$proc_rom.cc:155:do_switch$967$rdmux[0][4][2]$a$2695 [12:11] $memory$flatten\u_core.$auto$proc_rom.cc:155:do_switch$967$rdmux[0][4][2]$a$2695 [6] $memory$flatten\u_core.$auto$proc_rom.cc:155:do_switch$967$rdmux[0][4][2]$a$2695 [9] $memory$flatten\u_core.$auto$proc_rom.cc:155:do_switch$967$rdmux[0][4][2]$a$2695 [2:1] $memory$flatten\u_core.$auto$proc_rom.cc:155:do_switch$967$rdmux[0][4][2]$a$2695 [6] $memory$flatten\u_core.$auto$proc_rom.cc:155:do_switch$967$rdmux[0][4][2]$a$2695 [2] $memory$flatten\u_core.$auto$proc_rom.cc:155:do_switch$967$rdmux[0][4][2]$a$2695 [2] 1'0 $memory$flatten\u_core.$auto$proc_rom.cc:155:do_switch$967$rdmux[0][4][2]$a$2695 [2:1] 1'0 }, B={ 1'0 $memory$flatten\u_core.$auto$proc_rom.cc:155:do_switch$967$rdmux[0][4][2]$b$2696 [8] $memory$flatten\u_core.$auto$proc_rom.cc:155:do_switch$967$rdmux[0][4][2]$b$2696 [12] $memory$flatten\u_core.$auto$proc_rom.cc:155:do_switch$967$rdmux[0][4][2]$b$2696 [4] $memory$flatten\u_core.$auto$proc_rom.cc:155:do_switch$967$rdmux[0][4][2]$b$2696 [6] $memory$flatten\u_core.$auto$proc_rom.cc:155:do_switch$967$rdmux[0][4][2]$b$2696 [0] $memory$flatten\u_core.$auto$proc_rom.cc:155:do_switch$967$rdmux[0][4][2]$b$2696 [23] $memory$flatten\u_core.$auto$proc_rom.cc:155:do_switch$967$rdmux[0][4][2]$b$2696 [5] $memory$flatten\u_core.$auto$proc_rom.cc:155:do_switch$967$rdmux[0][4][2]$b$2696 [21] $memory$flatten\u_core.$auto$proc_rom.cc:155:do_switch$967$rdmux[0][4][2]$b$2696 [2] $memory$flatten\u_core.$auto$proc_rom.cc:155:do_switch$967$rdmux[0][4][2]$b$2696 [6] $memory$flatten\u_core.$auto$proc_rom.cc:155:do_switch$967$rdmux[0][4][2]$b$2696 [3] $memory$flatten\u_core.$auto$proc_rom.cc:155:do_switch$967$rdmux[0][4][2]$b$2696 [11] $memory$flatten\u_core.$auto$proc_rom.cc:155:do_switch$967$rdmux[0][4][2]$b$2696 [8] $memory$flatten\u_core.$auto$proc_rom.cc:155:do_switch$967$rdmux[0][4][2]$b$2696 [12] $memory$flatten\u_core.$auto$proc_rom.cc:155:do_switch$967$rdmux[0][4][2]$b$2696 [12:11] $memory$flatten\u_core.$auto$proc_rom.cc:155:do_switch$967$rdmux[0][4][2]$b$2696 [4] $memory$flatten\u_core.$auto$proc_rom.cc:155:do_switch$967$rdmux[0][4][2]$b$2696 [9:0] }, Y={ $memory$flatten\u_core.$auto$proc_rom.cc:155:do_switch$967$rdmux[0][3][1]$a$2668 [29:20] $memory$flatten\u_core.$auto$proc_rom.cc:155:do_switch$967$rdmux[0][3][1]$a$2668 [18:16] $memory$flatten\u_core.$auto$proc_rom.cc:155:do_switch$967$rdmux[0][3][1]$a$2668 [14:0] }
      New connections: { $memory$flatten\u_core.$auto$proc_rom.cc:155:do_switch$967$rdmux[0][3][1]$a$2668 [31:30] $memory$flatten\u_core.$auto$proc_rom.cc:155:do_switch$967$rdmux[0][3][1]$a$2668 [19] $memory$flatten\u_core.$auto$proc_rom.cc:155:do_switch$967$rdmux[0][3][1]$a$2668 [15] } = { 2'10 $memory$flatten\u_core.$auto$proc_rom.cc:155:do_switch$967$rdmux[0][3][1]$a$2668 [12] 1'0 }
    Consolidated identical input bits for $mux cell $memory$flatten\u_core.$auto$proc_rom.cc:155:do_switch$967$rdmux[0][4][1]$2691:
      Old ports: A=$memory$flatten\u_core.$auto$proc_rom.cc:155:do_switch$967$rdmux[0][4][1]$a$2692, B=$memory$flatten\u_core.$auto$proc_rom.cc:155:do_switch$967$rdmux[0][4][1]$b$2693, Y=$memory$flatten\u_core.$auto$proc_rom.cc:155:do_switch$967$rdmux[0][3][0]$b$2666
      New ports: A={ $memory$flatten\u_core.$auto$proc_rom.cc:155:do_switch$967$rdmux[0][4][1]$a$2692 [12] $memory$flatten\u_core.$auto$proc_rom.cc:155:do_switch$967$rdmux[0][4][1]$a$2692 [3] $memory$flatten\u_core.$auto$proc_rom.cc:155:do_switch$967$rdmux[0][4][1]$a$2692 [3] $memory$flatten\u_core.$auto$proc_rom.cc:155:do_switch$967$rdmux[0][4][1]$a$2692 [27] $memory$flatten\u_core.$auto$proc_rom.cc:155:do_switch$967$rdmux[0][4][1]$a$2692 [10] $memory$flatten\u_core.$auto$proc_rom.cc:155:do_switch$967$rdmux[0][4][1]$a$2692 [6] $memory$flatten\u_core.$auto$proc_rom.cc:155:do_switch$967$rdmux[0][4][1]$a$2692 [12] $memory$flatten\u_core.$auto$proc_rom.cc:155:do_switch$967$rdmux[0][4][1]$a$2692 [0] $memory$flatten\u_core.$auto$proc_rom.cc:155:do_switch$967$rdmux[0][4][1]$a$2692 [2] $memory$flatten\u_core.$auto$proc_rom.cc:155:do_switch$967$rdmux[0][4][1]$a$2692 [21] $memory$flatten\u_core.$auto$proc_rom.cc:155:do_switch$967$rdmux[0][4][1]$a$2692 [3] $memory$flatten\u_core.$auto$proc_rom.cc:155:do_switch$967$rdmux[0][4][1]$a$2692 [0] $memory$flatten\u_core.$auto$proc_rom.cc:155:do_switch$967$rdmux[0][4][1]$a$2692 [9:8] $memory$flatten\u_core.$auto$proc_rom.cc:155:do_switch$967$rdmux[0][4][1]$a$2692 [0] 1'1 $memory$flatten\u_core.$auto$proc_rom.cc:155:do_switch$967$rdmux[0][4][1]$a$2692 [12] $memory$flatten\u_core.$auto$proc_rom.cc:155:do_switch$967$rdmux[0][4][1]$a$2692 [3] $memory$flatten\u_core.$auto$proc_rom.cc:155:do_switch$967$rdmux[0][4][1]$a$2692 [10:5] $memory$flatten\u_core.$auto$proc_rom.cc:155:do_switch$967$rdmux[0][4][1]$a$2692 [2] $memory$flatten\u_core.$auto$proc_rom.cc:155:do_switch$967$rdmux[0][4][1]$a$2692 [3:2] 1'1 $memory$flatten\u_core.$auto$proc_rom.cc:155:do_switch$967$rdmux[0][4][1]$a$2692 [0] }, B={ 2'01 $memory$flatten\u_core.$auto$proc_rom.cc:155:do_switch$967$rdmux[0][4][1]$b$2693 [28] $memory$flatten\u_core.$auto$proc_rom.cc:155:do_switch$967$rdmux[0][4][1]$b$2693 [1] $memory$flatten\u_core.$auto$proc_rom.cc:155:do_switch$967$rdmux[0][4][1]$b$2693 [18] $memory$flatten\u_core.$auto$proc_rom.cc:155:do_switch$967$rdmux[0][4][1]$b$2693 [4] $memory$flatten\u_core.$auto$proc_rom.cc:155:do_switch$967$rdmux[0][4][1]$b$2693 [24] $memory$flatten\u_core.$auto$proc_rom.cc:155:do_switch$967$rdmux[0][4][1]$b$2693 [13] $memory$flatten\u_core.$auto$proc_rom.cc:155:do_switch$967$rdmux[0][4][1]$b$2693 [13] $memory$flatten\u_core.$auto$proc_rom.cc:155:do_switch$967$rdmux[0][4][1]$b$2693 [3] 1'0 $memory$flatten\u_core.$auto$proc_rom.cc:155:do_switch$967$rdmux[0][4][1]$b$2693 [19:18] $memory$flatten\u_core.$auto$proc_rom.cc:155:do_switch$967$rdmux[0][4][1]$b$2693 [2] $memory$flatten\u_core.$auto$proc_rom.cc:155:do_switch$967$rdmux[0][4][1]$b$2693 [3] $memory$flatten\u_core.$auto$proc_rom.cc:155:do_switch$967$rdmux[0][4][1]$b$2693 [13] $memory$flatten\u_core.$auto$proc_rom.cc:155:do_switch$967$rdmux[0][4][1]$b$2693 [0] $memory$flatten\u_core.$auto$proc_rom.cc:155:do_switch$967$rdmux[0][4][1]$b$2693 [2] $memory$flatten\u_core.$auto$proc_rom.cc:155:do_switch$967$rdmux[0][4][1]$b$2693 [10] 2'10 $memory$flatten\u_core.$auto$proc_rom.cc:155:do_switch$967$rdmux[0][4][1]$b$2693 [4] 1'1 $memory$flatten\u_core.$auto$proc_rom.cc:155:do_switch$967$rdmux[0][4][1]$b$2693 [5:0] }, Y={ $memory$flatten\u_core.$auto$proc_rom.cc:155:do_switch$967$rdmux[0][3][0]$b$2666 [30:16] $memory$flatten\u_core.$auto$proc_rom.cc:155:do_switch$967$rdmux[0][3][0]$b$2666 [13:0] }
      New connections: { $memory$flatten\u_core.$auto$proc_rom.cc:155:do_switch$967$rdmux[0][3][0]$b$2666 [31] $memory$flatten\u_core.$auto$proc_rom.cc:155:do_switch$967$rdmux[0][3][0]$b$2666 [15:14] } = 3'101
    Consolidated identical input bits for $mux cell $memory$flatten\u_core.$auto$proc_rom.cc:155:do_switch$967$rdmux[0][4][0]$2688:
      Old ports: A=$memory$flatten\u_core.$auto$proc_rom.cc:155:do_switch$967$rdmux[0][4][0]$a$2689, B=$memory$flatten\u_core.$auto$proc_rom.cc:155:do_switch$967$rdmux[0][4][0]$b$2690, Y=$memory$flatten\u_core.$auto$proc_rom.cc:155:do_switch$967$rdmux[0][3][0]$a$2665
      New ports: A={ $memory$flatten\u_core.$auto$proc_rom.cc:155:do_switch$967$rdmux[0][4][0]$a$2689 [6] $memory$flatten\u_core.$auto$proc_rom.cc:155:do_switch$967$rdmux[0][4][0]$a$2689 [2:1] $memory$flatten\u_core.$auto$proc_rom.cc:155:do_switch$967$rdmux[0][4][0]$a$2689 [9] $memory$flatten\u_core.$auto$proc_rom.cc:155:do_switch$967$rdmux[0][4][0]$a$2689 [23] $memory$flatten\u_core.$auto$proc_rom.cc:155:do_switch$967$rdmux[0][4][0]$a$2689 [1] $memory$flatten\u_core.$auto$proc_rom.cc:155:do_switch$967$rdmux[0][4][0]$a$2689 [9] 2'00 $memory$flatten\u_core.$auto$proc_rom.cc:155:do_switch$967$rdmux[0][4][0]$a$2689 [9] $memory$flatten\u_core.$auto$proc_rom.cc:155:do_switch$967$rdmux[0][4][0]$a$2689 [9] $memory$flatten\u_core.$auto$proc_rom.cc:155:do_switch$967$rdmux[0][4][0]$a$2689 [9] $memory$flatten\u_core.$auto$proc_rom.cc:155:do_switch$967$rdmux[0][4][0]$a$2689 [6] $memory$flatten\u_core.$auto$proc_rom.cc:155:do_switch$967$rdmux[0][4][0]$a$2689 [0] $memory$flatten\u_core.$auto$proc_rom.cc:155:do_switch$967$rdmux[0][4][0]$a$2689 [6] $memory$flatten\u_core.$auto$proc_rom.cc:155:do_switch$967$rdmux[0][4][0]$a$2689 [1:0] $memory$flatten\u_core.$auto$proc_rom.cc:155:do_switch$967$rdmux[0][4][0]$a$2689 [0] $memory$flatten\u_core.$auto$proc_rom.cc:155:do_switch$967$rdmux[0][4][0]$a$2689 [2:0] }, B={ $memory$flatten\u_core.$auto$proc_rom.cc:155:do_switch$967$rdmux[0][4][0]$b$2690 [0] $memory$flatten\u_core.$auto$proc_rom.cc:155:do_switch$967$rdmux[0][4][0]$b$2690 [7] $memory$flatten\u_core.$auto$proc_rom.cc:155:do_switch$967$rdmux[0][4][0]$b$2690 [25] $memory$flatten\u_core.$auto$proc_rom.cc:155:do_switch$967$rdmux[0][4][0]$b$2690 [8] $memory$flatten\u_core.$auto$proc_rom.cc:155:do_switch$967$rdmux[0][4][0]$b$2690 [22] $memory$flatten\u_core.$auto$proc_rom.cc:155:do_switch$967$rdmux[0][4][0]$b$2690 [22:21] $memory$flatten\u_core.$auto$proc_rom.cc:155:do_switch$967$rdmux[0][4][0]$b$2690 [1] $memory$flatten\u_core.$auto$proc_rom.cc:155:do_switch$967$rdmux[0][4][0]$b$2690 [7] 1'1 $memory$flatten\u_core.$auto$proc_rom.cc:155:do_switch$967$rdmux[0][4][0]$b$2690 [1] $memory$flatten\u_core.$auto$proc_rom.cc:155:do_switch$967$rdmux[0][4][0]$b$2690 [4] $memory$flatten\u_core.$auto$proc_rom.cc:155:do_switch$967$rdmux[0][4][0]$b$2690 [8:7] $memory$flatten\u_core.$auto$proc_rom.cc:155:do_switch$967$rdmux[0][4][0]$b$2690 [4] $memory$flatten\u_core.$auto$proc_rom.cc:155:do_switch$967$rdmux[0][4][0]$b$2690 [5:3] $memory$flatten\u_core.$auto$proc_rom.cc:155:do_switch$967$rdmux[0][4][0]$b$2690 [0] $memory$flatten\u_core.$auto$proc_rom.cc:155:do_switch$967$rdmux[0][4][0]$b$2690 [1:0] }, Y={ $memory$flatten\u_core.$auto$proc_rom.cc:155:do_switch$967$rdmux[0][3][0]$a$2665 [28] $memory$flatten\u_core.$auto$proc_rom.cc:155:do_switch$967$rdmux[0][3][0]$a$2665 [26:21] $memory$flatten\u_core.$auto$proc_rom.cc:155:do_switch$967$rdmux[0][3][0]$a$2665 [17:16] $memory$flatten\u_core.$auto$proc_rom.cc:155:do_switch$967$rdmux[0][3][0]$a$2665 [11:0] }
      New connections: { $memory$flatten\u_core.$auto$proc_rom.cc:155:do_switch$967$rdmux[0][3][0]$a$2665 [31:29] $memory$flatten\u_core.$auto$proc_rom.cc:155:do_switch$967$rdmux[0][3][0]$a$2665 [27] $memory$flatten\u_core.$auto$proc_rom.cc:155:do_switch$967$rdmux[0][3][0]$a$2665 [20:18] $memory$flatten\u_core.$auto$proc_rom.cc:155:do_switch$967$rdmux[0][3][0]$a$2665 [15:12] } = { $memory$flatten\u_core.$auto$proc_rom.cc:155:do_switch$967$rdmux[0][3][0]$a$2665 [11] $memory$flatten\u_core.$auto$proc_rom.cc:155:do_switch$967$rdmux[0][3][0]$a$2665 [11:10] $memory$flatten\u_core.$auto$proc_rom.cc:155:do_switch$967$rdmux[0][3][0]$a$2665 [4] $memory$flatten\u_core.$auto$proc_rom.cc:155:do_switch$967$rdmux[0][3][0]$a$2665 [9] $memory$flatten\u_core.$auto$proc_rom.cc:155:do_switch$967$rdmux[0][3][0]$a$2665 [4] $memory$flatten\u_core.$auto$proc_rom.cc:155:do_switch$967$rdmux[0][3][0]$a$2665 [1] 1'0 $memory$flatten\u_core.$auto$proc_rom.cc:155:do_switch$967$rdmux[0][3][0]$a$2665 [11] $memory$flatten\u_core.$auto$proc_rom.cc:155:do_switch$967$rdmux[0][3][0]$a$2665 [11] $memory$flatten\u_core.$auto$proc_rom.cc:155:do_switch$967$rdmux[0][3][0]$a$2665 [11] }
    Consolidated identical input bits for $mux cell $memory$flatten\u_core.$auto$proc_rom.cc:155:do_switch$971$rdmux[0][4][11]$3102:
      Old ports: A=$memory$flatten\u_core.$auto$proc_rom.cc:155:do_switch$971$rdmux[0][4][11]$a$3103, B=$memory$flatten\u_core.$auto$proc_rom.cc:155:do_switch$971$rdmux[0][4][11]$b$3104, Y=$memory$flatten\u_core.$auto$proc_rom.cc:155:do_switch$971$rdmux[0][3][5]$b$3062
      New ports: A={ $memory$flatten\u_core.$auto$proc_rom.cc:155:do_switch$971$rdmux[0][4][11]$a$3103 [3] 1'0 $memory$flatten\u_core.$auto$proc_rom.cc:155:do_switch$971$rdmux[0][4][11]$a$3103 [3] }, B={ 1'0 $memory$flatten\u_core.$auto$proc_rom.cc:155:do_switch$971$rdmux[0][4][11]$b$3104 [3] $memory$flatten\u_core.$auto$proc_rom.cc:155:do_switch$971$rdmux[0][4][11]$b$3104 [3] }, Y={ $memory$flatten\u_core.$auto$proc_rom.cc:155:do_switch$971$rdmux[0][3][5]$b$3062 [6:5] $memory$flatten\u_core.$auto$proc_rom.cc:155:do_switch$971$rdmux[0][3][5]$b$3062 [3] }
      New connections: { $memory$flatten\u_core.$auto$proc_rom.cc:155:do_switch$971$rdmux[0][3][5]$b$3062 [31:7] $memory$flatten\u_core.$auto$proc_rom.cc:155:do_switch$971$rdmux[0][3][5]$b$3062 [4] $memory$flatten\u_core.$auto$proc_rom.cc:155:do_switch$971$rdmux[0][3][5]$b$3062 [2:0] } = { 1'0 $memory$flatten\u_core.$auto$proc_rom.cc:155:do_switch$971$rdmux[0][3][5]$b$3062 [3] $memory$flatten\u_core.$auto$proc_rom.cc:155:do_switch$971$rdmux[0][3][5]$b$3062 [3] $memory$flatten\u_core.$auto$proc_rom.cc:155:do_switch$971$rdmux[0][3][5]$b$3062 [3] $memory$flatten\u_core.$auto$proc_rom.cc:155:do_switch$971$rdmux[0][3][5]$b$3062 [3] $memory$flatten\u_core.$auto$proc_rom.cc:155:do_switch$971$rdmux[0][3][5]$b$3062 [5] $memory$flatten\u_core.$auto$proc_rom.cc:155:do_switch$971$rdmux[0][3][5]$b$3062 [3] 1'0 $memory$flatten\u_core.$auto$proc_rom.cc:155:do_switch$971$rdmux[0][3][5]$b$3062 [5] $memory$flatten\u_core.$auto$proc_rom.cc:155:do_switch$971$rdmux[0][3][5]$b$3062 [6] $memory$flatten\u_core.$auto$proc_rom.cc:155:do_switch$971$rdmux[0][3][5]$b$3062 [6] $memory$flatten\u_core.$auto$proc_rom.cc:155:do_switch$971$rdmux[0][3][5]$b$3062 [3] $memory$flatten\u_core.$auto$proc_rom.cc:155:do_switch$971$rdmux[0][3][5]$b$3062 [3] $memory$flatten\u_core.$auto$proc_rom.cc:155:do_switch$971$rdmux[0][3][5]$b$3062 [3] 1'0 $memory$flatten\u_core.$auto$proc_rom.cc:155:do_switch$971$rdmux[0][3][5]$b$3062 [3] $memory$flatten\u_core.$auto$proc_rom.cc:155:do_switch$971$rdmux[0][3][5]$b$3062 [3] $memory$flatten\u_core.$auto$proc_rom.cc:155:do_switch$971$rdmux[0][3][5]$b$3062 [3] $memory$flatten\u_core.$auto$proc_rom.cc:155:do_switch$971$rdmux[0][3][5]$b$3062 [5] $memory$flatten\u_core.$auto$proc_rom.cc:155:do_switch$971$rdmux[0][3][5]$b$3062 [6] $memory$flatten\u_core.$auto$proc_rom.cc:155:do_switch$971$rdmux[0][3][5]$b$3062 [3] $memory$flatten\u_core.$auto$proc_rom.cc:155:do_switch$971$rdmux[0][3][5]$b$3062 [5] $memory$flatten\u_core.$auto$proc_rom.cc:155:do_switch$971$rdmux[0][3][5]$b$3062 [6:5] $memory$flatten\u_core.$auto$proc_rom.cc:155:do_switch$971$rdmux[0][3][5]$b$3062 [6] $memory$flatten\u_core.$auto$proc_rom.cc:155:do_switch$971$rdmux[0][3][5]$b$3062 [3] 3'000 }
    Consolidated identical input bits for $mux cell $memory$flatten\u_core.$auto$proc_rom.cc:155:do_switch$971$rdmux[0][4][10]$3099:
      Old ports: A=$memory$flatten\u_core.$auto$proc_rom.cc:155:do_switch$971$rdmux[0][4][10]$a$3100, B=$memory$flatten\u_core.$auto$proc_rom.cc:155:do_switch$971$rdmux[0][4][10]$b$3101, Y=$memory$flatten\u_core.$auto$proc_rom.cc:155:do_switch$971$rdmux[0][3][5]$a$3061
      New ports: A={ $memory$flatten\u_core.$auto$proc_rom.cc:155:do_switch$971$rdmux[0][4][10]$a$3100 [1] $memory$flatten\u_core.$auto$proc_rom.cc:155:do_switch$971$rdmux[0][4][10]$a$3100 [1] 1'0 $memory$flatten\u_core.$auto$proc_rom.cc:155:do_switch$971$rdmux[0][4][10]$a$3100 [1] 1'0 $memory$flatten\u_core.$auto$proc_rom.cc:155:do_switch$971$rdmux[0][4][10]$a$3100 [1] 1'0 }, B={ $memory$flatten\u_core.$auto$proc_rom.cc:155:do_switch$971$rdmux[0][4][10]$b$3101 [2] $memory$flatten\u_core.$auto$proc_rom.cc:155:do_switch$971$rdmux[0][4][10]$b$3101 [0] $memory$flatten\u_core.$auto$proc_rom.cc:155:do_switch$971$rdmux[0][4][10]$b$3101 [1] 1'0 $memory$flatten\u_core.$auto$proc_rom.cc:155:do_switch$971$rdmux[0][4][10]$b$3101 [2:0] }, Y={ $memory$flatten\u_core.$auto$proc_rom.cc:155:do_switch$971$rdmux[0][3][5]$a$3061 [20] $memory$flatten\u_core.$auto$proc_rom.cc:155:do_switch$971$rdmux[0][3][5]$a$3061 [13] $memory$flatten\u_core.$auto$proc_rom.cc:155:do_switch$971$rdmux[0][3][5]$a$3061 [6] $memory$flatten\u_core.$auto$proc_rom.cc:155:do_switch$971$rdmux[0][3][5]$a$3061 [3:0] }
      New connections: { $memory$flatten\u_core.$auto$proc_rom.cc:155:do_switch$971$rdmux[0][3][5]$a$3061 [31:21] $memory$flatten\u_core.$auto$proc_rom.cc:155:do_switch$971$rdmux[0][3][5]$a$3061 [19:14] $memory$flatten\u_core.$auto$proc_rom.cc:155:do_switch$971$rdmux[0][3][5]$a$3061 [12:7] $memory$flatten\u_core.$auto$proc_rom.cc:155:do_switch$971$rdmux[0][3][5]$a$3061 [5:4] } = { 1'0 $memory$flatten\u_core.$auto$proc_rom.cc:155:do_switch$971$rdmux[0][3][5]$a$3061 [1] $memory$flatten\u_core.$auto$proc_rom.cc:155:do_switch$971$rdmux[0][3][5]$a$3061 [6] $memory$flatten\u_core.$auto$proc_rom.cc:155:do_switch$971$rdmux[0][3][5]$a$3061 [20] $memory$flatten\u_core.$auto$proc_rom.cc:155:do_switch$971$rdmux[0][3][5]$a$3061 [13] $memory$flatten\u_core.$auto$proc_rom.cc:155:do_switch$971$rdmux[0][3][5]$a$3061 [3] $memory$flatten\u_core.$auto$proc_rom.cc:155:do_switch$971$rdmux[0][3][5]$a$3061 [1] $memory$flatten\u_core.$auto$proc_rom.cc:155:do_switch$971$rdmux[0][3][5]$a$3061 [2] $memory$flatten\u_core.$auto$proc_rom.cc:155:do_switch$971$rdmux[0][3][5]$a$3061 [20] $memory$flatten\u_core.$auto$proc_rom.cc:155:do_switch$971$rdmux[0][3][5]$a$3061 [13] $memory$flatten\u_core.$auto$proc_rom.cc:155:do_switch$971$rdmux[0][3][5]$a$3061 [6] $memory$flatten\u_core.$auto$proc_rom.cc:155:do_switch$971$rdmux[0][3][5]$a$3061 [0] $memory$flatten\u_core.$auto$proc_rom.cc:155:do_switch$971$rdmux[0][3][5]$a$3061 [1] $memory$flatten\u_core.$auto$proc_rom.cc:155:do_switch$971$rdmux[0][3][5]$a$3061 [1] $memory$flatten\u_core.$auto$proc_rom.cc:155:do_switch$971$rdmux[0][3][5]$a$3061 [3] $memory$flatten\u_core.$auto$proc_rom.cc:155:do_switch$971$rdmux[0][3][5]$a$3061 [1] $memory$flatten\u_core.$auto$proc_rom.cc:155:do_switch$971$rdmux[0][3][5]$a$3061 [2] $memory$flatten\u_core.$auto$proc_rom.cc:155:do_switch$971$rdmux[0][3][5]$a$3061 [0] $memory$flatten\u_core.$auto$proc_rom.cc:155:do_switch$971$rdmux[0][3][5]$a$3061 [1] 1'0 $memory$flatten\u_core.$auto$proc_rom.cc:155:do_switch$971$rdmux[0][3][5]$a$3061 [3:2] $memory$flatten\u_core.$auto$proc_rom.cc:155:do_switch$971$rdmux[0][3][5]$a$3061 [0] $memory$flatten\u_core.$auto$proc_rom.cc:155:do_switch$971$rdmux[0][3][5]$a$3061 [0] 1'0 }
    Consolidated identical input bits for $mux cell $memory$flatten\u_core.$auto$proc_rom.cc:155:do_switch$971$rdmux[0][4][8]$3093:
      Old ports: A=$memory$flatten\u_core.$auto$proc_rom.cc:155:do_switch$971$rdmux[0][4][8]$a$3094, B=$memory$flatten\u_core.$auto$proc_rom.cc:155:do_switch$971$rdmux[0][4][8]$b$3095, Y=$memory$flatten\u_core.$auto$proc_rom.cc:155:do_switch$971$rdmux[0][3][4]$a$3058
      New ports: A={ 1'0 $memory$flatten\u_core.$auto$proc_rom.cc:155:do_switch$971$rdmux[0][4][8]$a$3094 [1] $memory$flatten\u_core.$auto$proc_rom.cc:155:do_switch$971$rdmux[0][4][8]$a$3094 [1] }, B={ $memory$flatten\u_core.$auto$proc_rom.cc:155:do_switch$971$rdmux[0][4][8]$b$3095 [1] 1'0 $memory$flatten\u_core.$auto$proc_rom.cc:155:do_switch$971$rdmux[0][4][8]$b$3095 [1] }, Y={ $memory$flatten\u_core.$auto$proc_rom.cc:155:do_switch$971$rdmux[0][3][4]$a$3058 [6] $memory$flatten\u_core.$auto$proc_rom.cc:155:do_switch$971$rdmux[0][3][4]$a$3058 [3] $memory$flatten\u_core.$auto$proc_rom.cc:155:do_switch$971$rdmux[0][3][4]$a$3058 [1] }
      New connections: { $memory$flatten\u_core.$auto$proc_rom.cc:155:do_switch$971$rdmux[0][3][4]$a$3058 [31:7] $memory$flatten\u_core.$auto$proc_rom.cc:155:do_switch$971$rdmux[0][3][4]$a$3058 [5:4] $memory$flatten\u_core.$auto$proc_rom.cc:155:do_switch$971$rdmux[0][3][4]$a$3058 [2] $memory$flatten\u_core.$auto$proc_rom.cc:155:do_switch$971$rdmux[0][3][4]$a$3058 [0] } = { 3'000 $memory$flatten\u_core.$auto$proc_rom.cc:155:do_switch$971$rdmux[0][3][4]$a$3058 [6] $memory$flatten\u_core.$auto$proc_rom.cc:155:do_switch$971$rdmux[0][3][4]$a$3058 [1] $memory$flatten\u_core.$auto$proc_rom.cc:155:do_switch$971$rdmux[0][3][4]$a$3058 [1] $memory$flatten\u_core.$auto$proc_rom.cc:155:do_switch$971$rdmux[0][3][4]$a$3058 [6] $memory$flatten\u_core.$auto$proc_rom.cc:155:do_switch$971$rdmux[0][3][4]$a$3058 [6] $memory$flatten\u_core.$auto$proc_rom.cc:155:do_switch$971$rdmux[0][3][4]$a$3058 [3] 2'00 $memory$flatten\u_core.$auto$proc_rom.cc:155:do_switch$971$rdmux[0][3][4]$a$3058 [6] $memory$flatten\u_core.$auto$proc_rom.cc:155:do_switch$971$rdmux[0][3][4]$a$3058 [1] $memory$flatten\u_core.$auto$proc_rom.cc:155:do_switch$971$rdmux[0][3][4]$a$3058 [3] $memory$flatten\u_core.$auto$proc_rom.cc:155:do_switch$971$rdmux[0][3][4]$a$3058 [6] 1'0 $memory$flatten\u_core.$auto$proc_rom.cc:155:do_switch$971$rdmux[0][3][4]$a$3058 [1] 5'00000 $memory$flatten\u_core.$auto$proc_rom.cc:155:do_switch$971$rdmux[0][3][4]$a$3058 [6] $memory$flatten\u_core.$auto$proc_rom.cc:155:do_switch$971$rdmux[0][3][4]$a$3058 [6] $memory$flatten\u_core.$auto$proc_rom.cc:155:do_switch$971$rdmux[0][3][4]$a$3058 [1] 1'0 $memory$flatten\u_core.$auto$proc_rom.cc:155:do_switch$971$rdmux[0][3][4]$a$3058 [1] $memory$flatten\u_core.$auto$proc_rom.cc:155:do_switch$971$rdmux[0][3][4]$a$3058 [1] 1'0 }
    Consolidated identical input bits for $mux cell $memory$flatten\u_core.$auto$proc_rom.cc:155:do_switch$971$rdmux[0][4][7]$3090:
      Old ports: A=$memory$flatten\u_core.$auto$proc_rom.cc:155:do_switch$971$rdmux[0][4][7]$a$3091, B=$memory$flatten\u_core.$auto$proc_rom.cc:155:do_switch$971$rdmux[0][4][7]$b$3092, Y=$memory$flatten\u_core.$auto$proc_rom.cc:155:do_switch$971$rdmux[0][3][3]$b$3056
      New ports: A={ 1'0 $memory$flatten\u_core.$auto$proc_rom.cc:155:do_switch$971$rdmux[0][4][7]$a$3091 [0] $memory$flatten\u_core.$auto$proc_rom.cc:155:do_switch$971$rdmux[0][4][7]$a$3091 [7] $memory$flatten\u_core.$auto$proc_rom.cc:155:do_switch$971$rdmux[0][4][7]$a$3091 [3] $memory$flatten\u_core.$auto$proc_rom.cc:155:do_switch$971$rdmux[0][4][7]$a$3091 [7] $memory$flatten\u_core.$auto$proc_rom.cc:155:do_switch$971$rdmux[0][4][7]$a$3091 [0] $memory$flatten\u_core.$auto$proc_rom.cc:155:do_switch$971$rdmux[0][4][7]$a$3091 [6] $memory$flatten\u_core.$auto$proc_rom.cc:155:do_switch$971$rdmux[0][4][7]$a$3091 [19] $memory$flatten\u_core.$auto$proc_rom.cc:155:do_switch$971$rdmux[0][4][7]$a$3091 [19] $memory$flatten\u_core.$auto$proc_rom.cc:155:do_switch$971$rdmux[0][4][7]$a$3091 [2] 1'0 $memory$flatten\u_core.$auto$proc_rom.cc:155:do_switch$971$rdmux[0][4][7]$a$3091 [2] $memory$flatten\u_core.$auto$proc_rom.cc:155:do_switch$971$rdmux[0][4][7]$a$3091 [0] $memory$flatten\u_core.$auto$proc_rom.cc:155:do_switch$971$rdmux[0][4][7]$a$3091 [1] $memory$flatten\u_core.$auto$proc_rom.cc:155:do_switch$971$rdmux[0][4][7]$a$3091 [7:6] $memory$flatten\u_core.$auto$proc_rom.cc:155:do_switch$971$rdmux[0][4][7]$a$3091 [3] $memory$flatten\u_core.$auto$proc_rom.cc:155:do_switch$971$rdmux[0][4][7]$a$3091 [3] $memory$flatten\u_core.$auto$proc_rom.cc:155:do_switch$971$rdmux[0][4][7]$a$3091 [3:0] }, B={ $memory$flatten\u_core.$auto$proc_rom.cc:155:do_switch$971$rdmux[0][4][7]$b$3092 [1] $memory$flatten\u_core.$auto$proc_rom.cc:155:do_switch$971$rdmux[0][4][7]$b$3092 [20] $memory$flatten\u_core.$auto$proc_rom.cc:155:do_switch$971$rdmux[0][4][7]$b$3092 [0] $memory$flatten\u_core.$auto$proc_rom.cc:155:do_switch$971$rdmux[0][4][7]$b$3092 [6] $memory$flatten\u_core.$auto$proc_rom.cc:155:do_switch$971$rdmux[0][4][7]$b$3092 [4:3] $memory$flatten\u_core.$auto$proc_rom.cc:155:do_switch$971$rdmux[0][4][7]$b$3092 [20] $memory$flatten\u_core.$auto$proc_rom.cc:155:do_switch$971$rdmux[0][4][7]$b$3092 [20] $memory$flatten\u_core.$auto$proc_rom.cc:155:do_switch$971$rdmux[0][4][7]$b$3092 [0] $memory$flatten\u_core.$auto$proc_rom.cc:155:do_switch$971$rdmux[0][4][7]$b$3092 [4] $memory$flatten\u_core.$auto$proc_rom.cc:155:do_switch$971$rdmux[0][4][7]$b$3092 [6] 3'000 $memory$flatten\u_core.$auto$proc_rom.cc:155:do_switch$971$rdmux[0][4][7]$b$3092 [3] $memory$flatten\u_core.$auto$proc_rom.cc:155:do_switch$971$rdmux[0][4][7]$b$3092 [6:3] $memory$flatten\u_core.$auto$proc_rom.cc:155:do_switch$971$rdmux[0][4][7]$b$3092 [1] $memory$flatten\u_core.$auto$proc_rom.cc:155:do_switch$971$rdmux[0][4][7]$b$3092 [1:0] }, Y={ $memory$flatten\u_core.$auto$proc_rom.cc:155:do_switch$971$rdmux[0][3][3]$b$3056 [29:25] $memory$flatten\u_core.$auto$proc_rom.cc:155:do_switch$971$rdmux[0][3][3]$b$3056 [22:17] $memory$flatten\u_core.$auto$proc_rom.cc:155:do_switch$971$rdmux[0][3][3]$b$3056 [11:10] $memory$flatten\u_core.$auto$proc_rom.cc:155:do_switch$971$rdmux[0][3][3]$b$3056 [8:0] }
      New connections: { $memory$flatten\u_core.$auto$proc_rom.cc:155:do_switch$971$rdmux[0][3][3]$b$3056 [31:30] $memory$flatten\u_core.$auto$proc_rom.cc:155:do_switch$971$rdmux[0][3][3]$b$3056 [24:23] $memory$flatten\u_core.$auto$proc_rom.cc:155:do_switch$971$rdmux[0][3][3]$b$3056 [16:12] $memory$flatten\u_core.$auto$proc_rom.cc:155:do_switch$971$rdmux[0][3][3]$b$3056 [9] } = { $memory$flatten\u_core.$auto$proc_rom.cc:155:do_switch$971$rdmux[0][3][3]$b$3056 [1] $memory$flatten\u_core.$auto$proc_rom.cc:155:do_switch$971$rdmux[0][3][3]$b$3056 [1] $memory$flatten\u_core.$auto$proc_rom.cc:155:do_switch$971$rdmux[0][3][3]$b$3056 [2] $memory$flatten\u_core.$auto$proc_rom.cc:155:do_switch$971$rdmux[0][3][3]$b$3056 [0] $memory$flatten\u_core.$auto$proc_rom.cc:155:do_switch$971$rdmux[0][3][3]$b$3056 [6] $memory$flatten\u_core.$auto$proc_rom.cc:155:do_switch$971$rdmux[0][3][3]$b$3056 [1] 3'000 $memory$flatten\u_core.$auto$proc_rom.cc:155:do_switch$971$rdmux[0][3][3]$b$3056 [6] }
    Consolidated identical input bits for $mux cell $memory$flatten\u_core.$auto$proc_rom.cc:155:do_switch$971$rdmux[0][4][5]$3084:
      Old ports: A=$memory$flatten\u_core.$auto$proc_rom.cc:155:do_switch$971$rdmux[0][4][5]$a$3085, B=$memory$flatten\u_core.$auto$proc_rom.cc:155:do_switch$971$rdmux[0][4][5]$b$3086, Y=$memory$flatten\u_core.$auto$proc_rom.cc:155:do_switch$971$rdmux[0][3][2]$b$3053
      New ports: A={ $memory$flatten\u_core.$auto$proc_rom.cc:155:do_switch$971$rdmux[0][4][5]$a$3085 [0] $memory$flatten\u_core.$auto$proc_rom.cc:155:do_switch$971$rdmux[0][4][5]$a$3085 [2] $memory$flatten\u_core.$auto$proc_rom.cc:155:do_switch$971$rdmux[0][4][5]$a$3085 [2] $memory$flatten\u_core.$auto$proc_rom.cc:155:do_switch$971$rdmux[0][4][5]$a$3085 [8] $memory$flatten\u_core.$auto$proc_rom.cc:155:do_switch$971$rdmux[0][4][5]$a$3085 [8] $memory$flatten\u_core.$auto$proc_rom.cc:155:do_switch$971$rdmux[0][4][5]$a$3085 [0] $memory$flatten\u_core.$auto$proc_rom.cc:155:do_switch$971$rdmux[0][4][5]$a$3085 [8] $memory$flatten\u_core.$auto$proc_rom.cc:155:do_switch$971$rdmux[0][4][5]$a$3085 [8] 1'0 $memory$flatten\u_core.$auto$proc_rom.cc:155:do_switch$971$rdmux[0][4][5]$a$3085 [2] $memory$flatten\u_core.$auto$proc_rom.cc:155:do_switch$971$rdmux[0][4][5]$a$3085 [8] $memory$flatten\u_core.$auto$proc_rom.cc:155:do_switch$971$rdmux[0][4][5]$a$3085 [8] $memory$flatten\u_core.$auto$proc_rom.cc:155:do_switch$971$rdmux[0][4][5]$a$3085 [0] 1'0 $memory$flatten\u_core.$auto$proc_rom.cc:155:do_switch$971$rdmux[0][4][5]$a$3085 [0] $memory$flatten\u_core.$auto$proc_rom.cc:155:do_switch$971$rdmux[0][4][5]$a$3085 [2] 1'0 $memory$flatten\u_core.$auto$proc_rom.cc:155:do_switch$971$rdmux[0][4][5]$a$3085 [0] }, B={ $memory$flatten\u_core.$auto$proc_rom.cc:155:do_switch$971$rdmux[0][4][5]$b$3086 [11] $memory$flatten\u_core.$auto$proc_rom.cc:155:do_switch$971$rdmux[0][4][5]$b$3086 [0] $memory$flatten\u_core.$auto$proc_rom.cc:155:do_switch$971$rdmux[0][4][5]$b$3086 [8] $memory$flatten\u_core.$auto$proc_rom.cc:155:do_switch$971$rdmux[0][4][5]$b$3086 [12] $memory$flatten\u_core.$auto$proc_rom.cc:155:do_switch$971$rdmux[0][4][5]$b$3086 [2] 1'0 $memory$flatten\u_core.$auto$proc_rom.cc:155:do_switch$971$rdmux[0][4][5]$b$3086 [6] 1'0 $memory$flatten\u_core.$auto$proc_rom.cc:155:do_switch$971$rdmux[0][4][5]$b$3086 [12:11] $memory$flatten\u_core.$auto$proc_rom.cc:155:do_switch$971$rdmux[0][4][5]$b$3086 [9:8] $memory$flatten\u_core.$auto$proc_rom.cc:155:do_switch$971$rdmux[0][4][5]$b$3086 [6] $memory$flatten\u_core.$auto$proc_rom.cc:155:do_switch$971$rdmux[0][4][5]$b$3086 [6] $memory$flatten\u_core.$auto$proc_rom.cc:155:do_switch$971$rdmux[0][4][5]$b$3086 [2] $memory$flatten\u_core.$auto$proc_rom.cc:155:do_switch$971$rdmux[0][4][5]$b$3086 [2] $memory$flatten\u_core.$auto$proc_rom.cc:155:do_switch$971$rdmux[0][4][5]$b$3086 [0] $memory$flatten\u_core.$auto$proc_rom.cc:155:do_switch$971$rdmux[0][4][5]$b$3086 [0] }, Y={ $memory$flatten\u_core.$auto$proc_rom.cc:155:do_switch$971$rdmux[0][3][2]$b$3053 [26] $memory$flatten\u_core.$auto$proc_rom.cc:155:do_switch$971$rdmux[0][3][2]$b$3053 [23] $memory$flatten\u_core.$auto$proc_rom.cc:155:do_switch$971$rdmux[0][3][2]$b$3053 [21:20] $memory$flatten\u_core.$auto$proc_rom.cc:155:do_switch$971$rdmux[0][3][2]$b$3053 [18] $memory$flatten\u_core.$auto$proc_rom.cc:155:do_switch$971$rdmux[0][3][2]$b$3053 [16:14] $memory$flatten\u_core.$auto$proc_rom.cc:155:do_switch$971$rdmux[0][3][2]$b$3053 [12:11] $memory$flatten\u_core.$auto$proc_rom.cc:155:do_switch$971$rdmux[0][3][2]$b$3053 [9:6] $memory$flatten\u_core.$auto$proc_rom.cc:155:do_switch$971$rdmux[0][3][2]$b$3053 [3:0] }
      New connections: { $memory$flatten\u_core.$auto$proc_rom.cc:155:do_switch$971$rdmux[0][3][2]$b$3053 [31:27] $memory$flatten\u_core.$auto$proc_rom.cc:155:do_switch$971$rdmux[0][3][2]$b$3053 [25:24] $memory$flatten\u_core.$auto$proc_rom.cc:155:do_switch$971$rdmux[0][3][2]$b$3053 [22] $memory$flatten\u_core.$auto$proc_rom.cc:155:do_switch$971$rdmux[0][3][2]$b$3053 [19] $memory$flatten\u_core.$auto$proc_rom.cc:155:do_switch$971$rdmux[0][3][2]$b$3053 [17] $memory$flatten\u_core.$auto$proc_rom.cc:155:do_switch$971$rdmux[0][3][2]$b$3053 [13] $memory$flatten\u_core.$auto$proc_rom.cc:155:do_switch$971$rdmux[0][3][2]$b$3053 [10] $memory$flatten\u_core.$auto$proc_rom.cc:155:do_switch$971$rdmux[0][3][2]$b$3053 [5:4] } = { $memory$flatten\u_core.$auto$proc_rom.cc:155:do_switch$971$rdmux[0][3][2]$b$3053 [15] 2'00 $memory$flatten\u_core.$auto$proc_rom.cc:155:do_switch$971$rdmux[0][3][2]$b$3053 [6] $memory$flatten\u_core.$auto$proc_rom.cc:155:do_switch$971$rdmux[0][3][2]$b$3053 [9] $memory$flatten\u_core.$auto$proc_rom.cc:155:do_switch$971$rdmux[0][3][2]$b$3053 [16:15] 1'0 $memory$flatten\u_core.$auto$proc_rom.cc:155:do_switch$971$rdmux[0][3][2]$b$3053 [18] $memory$flatten\u_core.$auto$proc_rom.cc:155:do_switch$971$rdmux[0][3][2]$b$3053 [11] $memory$flatten\u_core.$auto$proc_rom.cc:155:do_switch$971$rdmux[0][3][2]$b$3053 [6] $memory$flatten\u_core.$auto$proc_rom.cc:155:do_switch$971$rdmux[0][3][2]$b$3053 [2] $memory$flatten\u_core.$auto$proc_rom.cc:155:do_switch$971$rdmux[0][3][2]$b$3053 [0] 1'0 }
    Consolidated identical input bits for $mux cell $memory$flatten\u_core.$auto$proc_rom.cc:155:do_switch$971$rdmux[0][4][4]$3081:
      Old ports: A=$memory$flatten\u_core.$auto$proc_rom.cc:155:do_switch$971$rdmux[0][4][4]$a$3082, B=$memory$flatten\u_core.$auto$proc_rom.cc:155:do_switch$971$rdmux[0][4][4]$b$3083, Y=$memory$flatten\u_core.$auto$proc_rom.cc:155:do_switch$971$rdmux[0][3][2]$a$3052
      New ports: A={ $memory$flatten\u_core.$auto$proc_rom.cc:155:do_switch$971$rdmux[0][4][4]$a$3082 [31] 1'0 $memory$flatten\u_core.$auto$proc_rom.cc:155:do_switch$971$rdmux[0][4][4]$a$3082 [2] $memory$flatten\u_core.$auto$proc_rom.cc:155:do_switch$971$rdmux[0][4][4]$a$3082 [3:2] $memory$flatten\u_core.$auto$proc_rom.cc:155:do_switch$971$rdmux[0][4][4]$a$3082 [2] $memory$flatten\u_core.$auto$proc_rom.cc:155:do_switch$971$rdmux[0][4][4]$a$3082 [4] $memory$flatten\u_core.$auto$proc_rom.cc:155:do_switch$971$rdmux[0][4][4]$a$3082 [4] $memory$flatten\u_core.$auto$proc_rom.cc:155:do_switch$971$rdmux[0][4][4]$a$3082 [2] $memory$flatten\u_core.$auto$proc_rom.cc:155:do_switch$971$rdmux[0][4][4]$a$3082 [4:2] $memory$flatten\u_core.$auto$proc_rom.cc:155:do_switch$971$rdmux[0][4][4]$a$3082 [4] $memory$flatten\u_core.$auto$proc_rom.cc:155:do_switch$971$rdmux[0][4][4]$a$3082 [4:2] 2'00 }, B={ $memory$flatten\u_core.$auto$proc_rom.cc:155:do_switch$971$rdmux[0][4][4]$b$3083 [14] $memory$flatten\u_core.$auto$proc_rom.cc:155:do_switch$971$rdmux[0][4][4]$b$3083 [6] $memory$flatten\u_core.$auto$proc_rom.cc:155:do_switch$971$rdmux[0][4][4]$b$3083 [3] $memory$flatten\u_core.$auto$proc_rom.cc:155:do_switch$971$rdmux[0][4][4]$b$3083 [0] $memory$flatten\u_core.$auto$proc_rom.cc:155:do_switch$971$rdmux[0][4][4]$b$3083 [0] $memory$flatten\u_core.$auto$proc_rom.cc:155:do_switch$971$rdmux[0][4][4]$b$3083 [5] $memory$flatten\u_core.$auto$proc_rom.cc:155:do_switch$971$rdmux[0][4][4]$b$3083 [14] $memory$flatten\u_core.$auto$proc_rom.cc:155:do_switch$971$rdmux[0][4][4]$b$3083 [6] $memory$flatten\u_core.$auto$proc_rom.cc:155:do_switch$971$rdmux[0][4][4]$b$3083 [9] $memory$flatten\u_core.$auto$proc_rom.cc:155:do_switch$971$rdmux[0][4][4]$b$3083 [1] $memory$flatten\u_core.$auto$proc_rom.cc:155:do_switch$971$rdmux[0][4][4]$b$3083 [6] $memory$flatten\u_core.$auto$proc_rom.cc:155:do_switch$971$rdmux[0][4][4]$b$3083 [6:5] $memory$flatten\u_core.$auto$proc_rom.cc:155:do_switch$971$rdmux[0][4][4]$b$3083 [3] $memory$flatten\u_core.$auto$proc_rom.cc:155:do_switch$971$rdmux[0][4][4]$b$3083 [3] $memory$flatten\u_core.$auto$proc_rom.cc:155:do_switch$971$rdmux[0][4][4]$b$3083 [1] $memory$flatten\u_core.$auto$proc_rom.cc:155:do_switch$971$rdmux[0][4][4]$b$3083 [1:0] }, Y={ $memory$flatten\u_core.$auto$proc_rom.cc:155:do_switch$971$rdmux[0][3][2]$a$3052 [31] $memory$flatten\u_core.$auto$proc_rom.cc:155:do_switch$971$rdmux[0][3][2]$a$3052 [24:23] $memory$flatten\u_core.$auto$proc_rom.cc:155:do_switch$971$rdmux[0][3][2]$a$3052 [21:19] $memory$flatten\u_core.$auto$proc_rom.cc:155:do_switch$971$rdmux[0][3][2]$a$3052 [14] $memory$flatten\u_core.$auto$proc_rom.cc:155:do_switch$971$rdmux[0][3][2]$a$3052 [12] $memory$flatten\u_core.$auto$proc_rom.cc:155:do_switch$971$rdmux[0][3][2]$a$3052 [9:0] }
      New connections: { $memory$flatten\u_core.$auto$proc_rom.cc:155:do_switch$971$rdmux[0][3][2]$a$3052 [30:25] $memory$flatten\u_core.$auto$proc_rom.cc:155:do_switch$971$rdmux[0][3][2]$a$3052 [22] $memory$flatten\u_core.$auto$proc_rom.cc:155:do_switch$971$rdmux[0][3][2]$a$3052 [18:15] $memory$flatten\u_core.$auto$proc_rom.cc:155:do_switch$971$rdmux[0][3][2]$a$3052 [13] $memory$flatten\u_core.$auto$proc_rom.cc:155:do_switch$971$rdmux[0][3][2]$a$3052 [11:10] } = { 4'0000 $memory$flatten\u_core.$auto$proc_rom.cc:155:do_switch$971$rdmux[0][3][2]$a$3052 [24] $memory$flatten\u_core.$auto$proc_rom.cc:155:do_switch$971$rdmux[0][3][2]$a$3052 [0] $memory$flatten\u_core.$auto$proc_rom.cc:155:do_switch$971$rdmux[0][3][2]$a$3052 [0] $memory$flatten\u_core.$auto$proc_rom.cc:155:do_switch$971$rdmux[0][3][2]$a$3052 [8] $memory$flatten\u_core.$auto$proc_rom.cc:155:do_switch$971$rdmux[0][3][2]$a$3052 [14] $memory$flatten\u_core.$auto$proc_rom.cc:155:do_switch$971$rdmux[0][3][2]$a$3052 [7] $memory$flatten\u_core.$auto$proc_rom.cc:155:do_switch$971$rdmux[0][3][2]$a$3052 [14] $memory$flatten\u_core.$auto$proc_rom.cc:155:do_switch$971$rdmux[0][3][2]$a$3052 [8] $memory$flatten\u_core.$auto$proc_rom.cc:155:do_switch$971$rdmux[0][3][2]$a$3052 [3] $memory$flatten\u_core.$auto$proc_rom.cc:155:do_switch$971$rdmux[0][3][2]$a$3052 [0] }
    Consolidated identical input bits for $mux cell $memory$flatten\u_core.$auto$proc_rom.cc:155:do_switch$971$rdmux[0][4][2]$3075:
      Old ports: A=$memory$flatten\u_core.$auto$proc_rom.cc:155:do_switch$971$rdmux[0][4][2]$a$3076, B=$memory$flatten\u_core.$auto$proc_rom.cc:155:do_switch$971$rdmux[0][4][2]$b$3077, Y=$memory$flatten\u_core.$auto$proc_rom.cc:155:do_switch$971$rdmux[0][3][1]$a$3049
      New ports: A={ $memory$flatten\u_core.$auto$proc_rom.cc:155:do_switch$971$rdmux[0][4][2]$a$3076 [1] $memory$flatten\u_core.$auto$proc_rom.cc:155:do_switch$971$rdmux[0][4][2]$a$3076 [27] $memory$flatten\u_core.$auto$proc_rom.cc:155:do_switch$971$rdmux[0][4][2]$a$3076 [27] $memory$flatten\u_core.$auto$proc_rom.cc:155:do_switch$971$rdmux[0][4][2]$a$3076 [17] 3'010 $memory$flatten\u_core.$auto$proc_rom.cc:155:do_switch$971$rdmux[0][4][2]$a$3076 [9] $memory$flatten\u_core.$auto$proc_rom.cc:155:do_switch$971$rdmux[0][4][2]$a$3076 [21] $memory$flatten\u_core.$auto$proc_rom.cc:155:do_switch$971$rdmux[0][4][2]$a$3076 [11] $memory$flatten\u_core.$auto$proc_rom.cc:155:do_switch$971$rdmux[0][4][2]$a$3076 [17] $memory$flatten\u_core.$auto$proc_rom.cc:155:do_switch$971$rdmux[0][4][2]$a$3076 [17:16] 2'10 $memory$flatten\u_core.$auto$proc_rom.cc:155:do_switch$971$rdmux[0][4][2]$a$3076 [12:11] $memory$flatten\u_core.$auto$proc_rom.cc:155:do_switch$971$rdmux[0][4][2]$a$3076 [6] $memory$flatten\u_core.$auto$proc_rom.cc:155:do_switch$971$rdmux[0][4][2]$a$3076 [9] $memory$flatten\u_core.$auto$proc_rom.cc:155:do_switch$971$rdmux[0][4][2]$a$3076 [2:1] $memory$flatten\u_core.$auto$proc_rom.cc:155:do_switch$971$rdmux[0][4][2]$a$3076 [6] $memory$flatten\u_core.$auto$proc_rom.cc:155:do_switch$971$rdmux[0][4][2]$a$3076 [2] $memory$flatten\u_core.$auto$proc_rom.cc:155:do_switch$971$rdmux[0][4][2]$a$3076 [2] 1'0 $memory$flatten\u_core.$auto$proc_rom.cc:155:do_switch$971$rdmux[0][4][2]$a$3076 [2:1] 1'0 }, B={ 1'0 $memory$flatten\u_core.$auto$proc_rom.cc:155:do_switch$971$rdmux[0][4][2]$b$3077 [8] $memory$flatten\u_core.$auto$proc_rom.cc:155:do_switch$971$rdmux[0][4][2]$b$3077 [12] $memory$flatten\u_core.$auto$proc_rom.cc:155:do_switch$971$rdmux[0][4][2]$b$3077 [4] $memory$flatten\u_core.$auto$proc_rom.cc:155:do_switch$971$rdmux[0][4][2]$b$3077 [6] $memory$flatten\u_core.$auto$proc_rom.cc:155:do_switch$971$rdmux[0][4][2]$b$3077 [0] $memory$flatten\u_core.$auto$proc_rom.cc:155:do_switch$971$rdmux[0][4][2]$b$3077 [23] $memory$flatten\u_core.$auto$proc_rom.cc:155:do_switch$971$rdmux[0][4][2]$b$3077 [5] $memory$flatten\u_core.$auto$proc_rom.cc:155:do_switch$971$rdmux[0][4][2]$b$3077 [21] $memory$flatten\u_core.$auto$proc_rom.cc:155:do_switch$971$rdmux[0][4][2]$b$3077 [2] $memory$flatten\u_core.$auto$proc_rom.cc:155:do_switch$971$rdmux[0][4][2]$b$3077 [6] $memory$flatten\u_core.$auto$proc_rom.cc:155:do_switch$971$rdmux[0][4][2]$b$3077 [3] $memory$flatten\u_core.$auto$proc_rom.cc:155:do_switch$971$rdmux[0][4][2]$b$3077 [11] $memory$flatten\u_core.$auto$proc_rom.cc:155:do_switch$971$rdmux[0][4][2]$b$3077 [8] $memory$flatten\u_core.$auto$proc_rom.cc:155:do_switch$971$rdmux[0][4][2]$b$3077 [12] $memory$flatten\u_core.$auto$proc_rom.cc:155:do_switch$971$rdmux[0][4][2]$b$3077 [12:11] $memory$flatten\u_core.$auto$proc_rom.cc:155:do_switch$971$rdmux[0][4][2]$b$3077 [4] $memory$flatten\u_core.$auto$proc_rom.cc:155:do_switch$971$rdmux[0][4][2]$b$3077 [9:0] }, Y={ $memory$flatten\u_core.$auto$proc_rom.cc:155:do_switch$971$rdmux[0][3][1]$a$3049 [29:20] $memory$flatten\u_core.$auto$proc_rom.cc:155:do_switch$971$rdmux[0][3][1]$a$3049 [18:16] $memory$flatten\u_core.$auto$proc_rom.cc:155:do_switch$971$rdmux[0][3][1]$a$3049 [14:0] }
      New connections: { $memory$flatten\u_core.$auto$proc_rom.cc:155:do_switch$971$rdmux[0][3][1]$a$3049 [31:30] $memory$flatten\u_core.$auto$proc_rom.cc:155:do_switch$971$rdmux[0][3][1]$a$3049 [19] $memory$flatten\u_core.$auto$proc_rom.cc:155:do_switch$971$rdmux[0][3][1]$a$3049 [15] } = { 2'10 $memory$flatten\u_core.$auto$proc_rom.cc:155:do_switch$971$rdmux[0][3][1]$a$3049 [12] 1'0 }
    Consolidated identical input bits for $mux cell $memory$flatten\u_core.$auto$proc_rom.cc:155:do_switch$971$rdmux[0][4][1]$3072:
      Old ports: A=$memory$flatten\u_core.$auto$proc_rom.cc:155:do_switch$971$rdmux[0][4][1]$a$3073, B=$memory$flatten\u_core.$auto$proc_rom.cc:155:do_switch$971$rdmux[0][4][1]$b$3074, Y=$memory$flatten\u_core.$auto$proc_rom.cc:155:do_switch$971$rdmux[0][3][0]$b$3047
      New ports: A={ $memory$flatten\u_core.$auto$proc_rom.cc:155:do_switch$971$rdmux[0][4][1]$a$3073 [12] $memory$flatten\u_core.$auto$proc_rom.cc:155:do_switch$971$rdmux[0][4][1]$a$3073 [3] $memory$flatten\u_core.$auto$proc_rom.cc:155:do_switch$971$rdmux[0][4][1]$a$3073 [3] $memory$flatten\u_core.$auto$proc_rom.cc:155:do_switch$971$rdmux[0][4][1]$a$3073 [27] $memory$flatten\u_core.$auto$proc_rom.cc:155:do_switch$971$rdmux[0][4][1]$a$3073 [10] $memory$flatten\u_core.$auto$proc_rom.cc:155:do_switch$971$rdmux[0][4][1]$a$3073 [6] $memory$flatten\u_core.$auto$proc_rom.cc:155:do_switch$971$rdmux[0][4][1]$a$3073 [12] $memory$flatten\u_core.$auto$proc_rom.cc:155:do_switch$971$rdmux[0][4][1]$a$3073 [0] $memory$flatten\u_core.$auto$proc_rom.cc:155:do_switch$971$rdmux[0][4][1]$a$3073 [2] $memory$flatten\u_core.$auto$proc_rom.cc:155:do_switch$971$rdmux[0][4][1]$a$3073 [21] $memory$flatten\u_core.$auto$proc_rom.cc:155:do_switch$971$rdmux[0][4][1]$a$3073 [3] $memory$flatten\u_core.$auto$proc_rom.cc:155:do_switch$971$rdmux[0][4][1]$a$3073 [0] $memory$flatten\u_core.$auto$proc_rom.cc:155:do_switch$971$rdmux[0][4][1]$a$3073 [9:8] $memory$flatten\u_core.$auto$proc_rom.cc:155:do_switch$971$rdmux[0][4][1]$a$3073 [0] 1'1 $memory$flatten\u_core.$auto$proc_rom.cc:155:do_switch$971$rdmux[0][4][1]$a$3073 [12] $memory$flatten\u_core.$auto$proc_rom.cc:155:do_switch$971$rdmux[0][4][1]$a$3073 [3] $memory$flatten\u_core.$auto$proc_rom.cc:155:do_switch$971$rdmux[0][4][1]$a$3073 [10:5] $memory$flatten\u_core.$auto$proc_rom.cc:155:do_switch$971$rdmux[0][4][1]$a$3073 [2] $memory$flatten\u_core.$auto$proc_rom.cc:155:do_switch$971$rdmux[0][4][1]$a$3073 [3:2] 1'1 $memory$flatten\u_core.$auto$proc_rom.cc:155:do_switch$971$rdmux[0][4][1]$a$3073 [0] }, B={ 2'01 $memory$flatten\u_core.$auto$proc_rom.cc:155:do_switch$971$rdmux[0][4][1]$b$3074 [28] $memory$flatten\u_core.$auto$proc_rom.cc:155:do_switch$971$rdmux[0][4][1]$b$3074 [1] $memory$flatten\u_core.$auto$proc_rom.cc:155:do_switch$971$rdmux[0][4][1]$b$3074 [18] $memory$flatten\u_core.$auto$proc_rom.cc:155:do_switch$971$rdmux[0][4][1]$b$3074 [4] $memory$flatten\u_core.$auto$proc_rom.cc:155:do_switch$971$rdmux[0][4][1]$b$3074 [24] $memory$flatten\u_core.$auto$proc_rom.cc:155:do_switch$971$rdmux[0][4][1]$b$3074 [13] $memory$flatten\u_core.$auto$proc_rom.cc:155:do_switch$971$rdmux[0][4][1]$b$3074 [13] $memory$flatten\u_core.$auto$proc_rom.cc:155:do_switch$971$rdmux[0][4][1]$b$3074 [3] 1'0 $memory$flatten\u_core.$auto$proc_rom.cc:155:do_switch$971$rdmux[0][4][1]$b$3074 [19:18] $memory$flatten\u_core.$auto$proc_rom.cc:155:do_switch$971$rdmux[0][4][1]$b$3074 [2] $memory$flatten\u_core.$auto$proc_rom.cc:155:do_switch$971$rdmux[0][4][1]$b$3074 [3] $memory$flatten\u_core.$auto$proc_rom.cc:155:do_switch$971$rdmux[0][4][1]$b$3074 [13] $memory$flatten\u_core.$auto$proc_rom.cc:155:do_switch$971$rdmux[0][4][1]$b$3074 [0] $memory$flatten\u_core.$auto$proc_rom.cc:155:do_switch$971$rdmux[0][4][1]$b$3074 [2] $memory$flatten\u_core.$auto$proc_rom.cc:155:do_switch$971$rdmux[0][4][1]$b$3074 [10] 2'10 $memory$flatten\u_core.$auto$proc_rom.cc:155:do_switch$971$rdmux[0][4][1]$b$3074 [4] 1'1 $memory$flatten\u_core.$auto$proc_rom.cc:155:do_switch$971$rdmux[0][4][1]$b$3074 [5:0] }, Y={ $memory$flatten\u_core.$auto$proc_rom.cc:155:do_switch$971$rdmux[0][3][0]$b$3047 [30:16] $memory$flatten\u_core.$auto$proc_rom.cc:155:do_switch$971$rdmux[0][3][0]$b$3047 [13:0] }
      New connections: { $memory$flatten\u_core.$auto$proc_rom.cc:155:do_switch$971$rdmux[0][3][0]$b$3047 [31] $memory$flatten\u_core.$auto$proc_rom.cc:155:do_switch$971$rdmux[0][3][0]$b$3047 [15:14] } = 3'101
    Consolidated identical input bits for $mux cell $memory$flatten\u_core.$auto$proc_rom.cc:155:do_switch$971$rdmux[0][4][9]$3096:
      Old ports: A=$memory$flatten\u_core.$auto$proc_rom.cc:155:do_switch$971$rdmux[0][4][9]$a$3097, B=$memory$flatten\u_core.$auto$proc_rom.cc:155:do_switch$971$rdmux[0][4][9]$b$3098, Y=$memory$flatten\u_core.$auto$proc_rom.cc:155:do_switch$971$rdmux[0][3][4]$b$3059
      New ports: A={ $memory$flatten\u_core.$auto$proc_rom.cc:155:do_switch$971$rdmux[0][4][9]$a$3097 [9] 1'0 $memory$flatten\u_core.$auto$proc_rom.cc:155:do_switch$971$rdmux[0][4][9]$a$3097 [9] $memory$flatten\u_core.$auto$proc_rom.cc:155:do_switch$971$rdmux[0][4][9]$a$3097 [3] $memory$flatten\u_core.$auto$proc_rom.cc:155:do_switch$971$rdmux[0][4][9]$a$3097 [1] $memory$flatten\u_core.$auto$proc_rom.cc:155:do_switch$971$rdmux[0][4][9]$a$3097 [3] $memory$flatten\u_core.$auto$proc_rom.cc:155:do_switch$971$rdmux[0][4][9]$a$3097 [1] }, B={ $memory$flatten\u_core.$auto$proc_rom.cc:155:do_switch$971$rdmux[0][4][9]$b$3098 [1] $memory$flatten\u_core.$auto$proc_rom.cc:155:do_switch$971$rdmux[0][4][9]$b$3098 [1] 3'000 $memory$flatten\u_core.$auto$proc_rom.cc:155:do_switch$971$rdmux[0][4][9]$b$3098 [1] $memory$flatten\u_core.$auto$proc_rom.cc:155:do_switch$971$rdmux[0][4][9]$b$3098 [1] }, Y={ $memory$flatten\u_core.$auto$proc_rom.cc:155:do_switch$971$rdmux[0][3][4]$b$3059 [12] $memory$flatten\u_core.$auto$proc_rom.cc:155:do_switch$971$rdmux[0][3][4]$b$3059 [10:9] $memory$flatten\u_core.$auto$proc_rom.cc:155:do_switch$971$rdmux[0][3][4]$b$3059 [7] $memory$flatten\u_core.$auto$proc_rom.cc:155:do_switch$971$rdmux[0][3][4]$b$3059 [4:3] $memory$flatten\u_core.$auto$proc_rom.cc:155:do_switch$971$rdmux[0][3][4]$b$3059 [1] }
      New connections: { $memory$flatten\u_core.$auto$proc_rom.cc:155:do_switch$971$rdmux[0][3][4]$b$3059 [31:13] $memory$flatten\u_core.$auto$proc_rom.cc:155:do_switch$971$rdmux[0][3][4]$b$3059 [11] $memory$flatten\u_core.$auto$proc_rom.cc:155:do_switch$971$rdmux[0][3][4]$b$3059 [8] $memory$flatten\u_core.$auto$proc_rom.cc:155:do_switch$971$rdmux[0][3][4]$b$3059 [6:5] $memory$flatten\u_core.$auto$proc_rom.cc:155:do_switch$971$rdmux[0][3][4]$b$3059 [2] $memory$flatten\u_core.$auto$proc_rom.cc:155:do_switch$971$rdmux[0][3][4]$b$3059 [0] } = { 1'0 $memory$flatten\u_core.$auto$proc_rom.cc:155:do_switch$971$rdmux[0][3][4]$b$3059 [12] $memory$flatten\u_core.$auto$proc_rom.cc:155:do_switch$971$rdmux[0][3][4]$b$3059 [7] $memory$flatten\u_core.$auto$proc_rom.cc:155:do_switch$971$rdmux[0][3][4]$b$3059 [3] 3'000 $memory$flatten\u_core.$auto$proc_rom.cc:155:do_switch$971$rdmux[0][3][4]$b$3059 [12] $memory$flatten\u_core.$auto$proc_rom.cc:155:do_switch$971$rdmux[0][3][4]$b$3059 [4] $memory$flatten\u_core.$auto$proc_rom.cc:155:do_switch$971$rdmux[0][3][4]$b$3059 [4:3] $memory$flatten\u_core.$auto$proc_rom.cc:155:do_switch$971$rdmux[0][3][4]$b$3059 [3] $memory$flatten\u_core.$auto$proc_rom.cc:155:do_switch$971$rdmux[0][3][4]$b$3059 [4] $memory$flatten\u_core.$auto$proc_rom.cc:155:do_switch$971$rdmux[0][3][4]$b$3059 [1] $memory$flatten\u_core.$auto$proc_rom.cc:155:do_switch$971$rdmux[0][3][4]$b$3059 [9] 1'0 $memory$flatten\u_core.$auto$proc_rom.cc:155:do_switch$971$rdmux[0][3][4]$b$3059 [1] 2'00 $memory$flatten\u_core.$auto$proc_rom.cc:155:do_switch$971$rdmux[0][3][4]$b$3059 [3] $memory$flatten\u_core.$auto$proc_rom.cc:155:do_switch$971$rdmux[0][3][4]$b$3059 [3] 1'0 $memory$flatten\u_core.$auto$proc_rom.cc:155:do_switch$971$rdmux[0][3][4]$b$3059 [4] $memory$flatten\u_core.$auto$proc_rom.cc:155:do_switch$971$rdmux[0][3][4]$b$3059 [1] 1'0 }
    Consolidated identical input bits for $mux cell $memory$flatten\u_core.$auto$proc_rom.cc:155:do_switch$971$rdmux[0][4][6]$3087:
      Old ports: A=$memory$flatten\u_core.$auto$proc_rom.cc:155:do_switch$971$rdmux[0][4][6]$a$3088, B=$memory$flatten\u_core.$auto$proc_rom.cc:155:do_switch$971$rdmux[0][4][6]$b$3089, Y=$memory$flatten\u_core.$auto$proc_rom.cc:155:do_switch$971$rdmux[0][3][3]$a$3055
      New ports: A={ $memory$flatten\u_core.$auto$proc_rom.cc:155:do_switch$971$rdmux[0][4][6]$a$3088 [28:27] $memory$flatten\u_core.$auto$proc_rom.cc:155:do_switch$971$rdmux[0][4][6]$a$3088 [4] $memory$flatten\u_core.$auto$proc_rom.cc:155:do_switch$971$rdmux[0][4][6]$a$3088 [11] $memory$flatten\u_core.$auto$proc_rom.cc:155:do_switch$971$rdmux[0][4][6]$a$3088 [8] $memory$flatten\u_core.$auto$proc_rom.cc:155:do_switch$971$rdmux[0][4][6]$a$3088 [6] $memory$flatten\u_core.$auto$proc_rom.cc:155:do_switch$971$rdmux[0][4][6]$a$3088 [1] $memory$flatten\u_core.$auto$proc_rom.cc:155:do_switch$971$rdmux[0][4][6]$a$3088 [6] 1'0 $memory$flatten\u_core.$auto$proc_rom.cc:155:do_switch$971$rdmux[0][4][6]$a$3088 [11] $memory$flatten\u_core.$auto$proc_rom.cc:155:do_switch$971$rdmux[0][4][6]$a$3088 [11] $memory$flatten\u_core.$auto$proc_rom.cc:155:do_switch$971$rdmux[0][4][6]$a$3088 [1] $memory$flatten\u_core.$auto$proc_rom.cc:155:do_switch$971$rdmux[0][4][6]$a$3088 [8] 1'0 $memory$flatten\u_core.$auto$proc_rom.cc:155:do_switch$971$rdmux[0][4][6]$a$3088 [6] $memory$flatten\u_core.$auto$proc_rom.cc:155:do_switch$971$rdmux[0][4][6]$a$3088 [4] $memory$flatten\u_core.$auto$proc_rom.cc:155:do_switch$971$rdmux[0][4][6]$a$3088 [4] $memory$flatten\u_core.$auto$proc_rom.cc:155:do_switch$971$rdmux[0][4][6]$a$3088 [1] $memory$flatten\u_core.$auto$proc_rom.cc:155:do_switch$971$rdmux[0][4][6]$a$3088 [1] 1'0 }, B={ $memory$flatten\u_core.$auto$proc_rom.cc:155:do_switch$971$rdmux[0][4][6]$b$3089 [1] $memory$flatten\u_core.$auto$proc_rom.cc:155:do_switch$971$rdmux[0][4][6]$b$3089 [1:0] $memory$flatten\u_core.$auto$proc_rom.cc:155:do_switch$971$rdmux[0][4][6]$b$3089 [4] $memory$flatten\u_core.$auto$proc_rom.cc:155:do_switch$971$rdmux[0][4][6]$b$3089 [1] $memory$flatten\u_core.$auto$proc_rom.cc:155:do_switch$971$rdmux[0][4][6]$b$3089 [4] 1'0 $memory$flatten\u_core.$auto$proc_rom.cc:155:do_switch$971$rdmux[0][4][6]$b$3089 [1] $memory$flatten\u_core.$auto$proc_rom.cc:155:do_switch$971$rdmux[0][4][6]$b$3089 [4] $memory$flatten\u_core.$auto$proc_rom.cc:155:do_switch$971$rdmux[0][4][6]$b$3089 [1:0] $memory$flatten\u_core.$auto$proc_rom.cc:155:do_switch$971$rdmux[0][4][6]$b$3089 [4] $memory$flatten\u_core.$auto$proc_rom.cc:155:do_switch$971$rdmux[0][4][6]$b$3089 [4] $memory$flatten\u_core.$auto$proc_rom.cc:155:do_switch$971$rdmux[0][4][6]$b$3089 [1] 2'00 $memory$flatten\u_core.$auto$proc_rom.cc:155:do_switch$971$rdmux[0][4][6]$b$3089 [4] $memory$flatten\u_core.$auto$proc_rom.cc:155:do_switch$971$rdmux[0][4][6]$b$3089 [0] $memory$flatten\u_core.$auto$proc_rom.cc:155:do_switch$971$rdmux[0][4][6]$b$3089 [1:0] }, Y={ $memory$flatten\u_core.$auto$proc_rom.cc:155:do_switch$971$rdmux[0][3][3]$a$3055 [28:27] $memory$flatten\u_core.$auto$proc_rom.cc:155:do_switch$971$rdmux[0][3][3]$a$3055 [24:21] $memory$flatten\u_core.$auto$proc_rom.cc:155:do_switch$971$rdmux[0][3][3]$a$3055 [18:16] $memory$flatten\u_core.$auto$proc_rom.cc:155:do_switch$971$rdmux[0][3][3]$a$3055 [12:10] $memory$flatten\u_core.$auto$proc_rom.cc:155:do_switch$971$rdmux[0][3][3]$a$3055 [8:4] $memory$flatten\u_core.$auto$proc_rom.cc:155:do_switch$971$rdmux[0][3][3]$a$3055 [2:0] }
      New connections: { $memory$flatten\u_core.$auto$proc_rom.cc:155:do_switch$971$rdmux[0][3][3]$a$3055 [31:29] $memory$flatten\u_core.$auto$proc_rom.cc:155:do_switch$971$rdmux[0][3][3]$a$3055 [26:25] $memory$flatten\u_core.$auto$proc_rom.cc:155:do_switch$971$rdmux[0][3][3]$a$3055 [20:19] $memory$flatten\u_core.$auto$proc_rom.cc:155:do_switch$971$rdmux[0][3][3]$a$3055 [15:13] $memory$flatten\u_core.$auto$proc_rom.cc:155:do_switch$971$rdmux[0][3][3]$a$3055 [9] $memory$flatten\u_core.$auto$proc_rom.cc:155:do_switch$971$rdmux[0][3][3]$a$3055 [3] } = { $memory$flatten\u_core.$auto$proc_rom.cc:155:do_switch$971$rdmux[0][3][3]$a$3055 [8] $memory$flatten\u_core.$auto$proc_rom.cc:155:do_switch$971$rdmux[0][3][3]$a$3055 [0] $memory$flatten\u_core.$auto$proc_rom.cc:155:do_switch$971$rdmux[0][3][3]$a$3055 [22] $memory$flatten\u_core.$auto$proc_rom.cc:155:do_switch$971$rdmux[0][3][3]$a$3055 [18] $memory$flatten\u_core.$auto$proc_rom.cc:155:do_switch$971$rdmux[0][3][3]$a$3055 [11] $memory$flatten\u_core.$auto$proc_rom.cc:155:do_switch$971$rdmux[0][3][3]$a$3055 [6] $memory$flatten\u_core.$auto$proc_rom.cc:155:do_switch$971$rdmux[0][3][3]$a$3055 [2] $memory$flatten\u_core.$auto$proc_rom.cc:155:do_switch$971$rdmux[0][3][3]$a$3055 [8] 1'0 $memory$flatten\u_core.$auto$proc_rom.cc:155:do_switch$971$rdmux[0][3][3]$a$3055 [6] $memory$flatten\u_core.$auto$proc_rom.cc:155:do_switch$971$rdmux[0][3][3]$a$3055 [0] $memory$flatten\u_core.$auto$proc_rom.cc:155:do_switch$971$rdmux[0][3][3]$a$3055 [2] }
    Consolidated identical input bits for $mux cell $memory$flatten\u_core.$auto$proc_rom.cc:155:do_switch$971$rdmux[0][4][3]$3078:
      Old ports: A=$memory$flatten\u_core.$auto$proc_rom.cc:155:do_switch$971$rdmux[0][4][3]$a$3079, B=$memory$flatten\u_core.$auto$proc_rom.cc:155:do_switch$971$rdmux[0][4][3]$b$3080, Y=$memory$flatten\u_core.$auto$proc_rom.cc:155:do_switch$971$rdmux[0][3][1]$b$3050
      New ports: A={ $memory$flatten\u_core.$auto$proc_rom.cc:155:do_switch$971$rdmux[0][4][3]$a$3079 [6] $memory$flatten\u_core.$auto$proc_rom.cc:155:do_switch$971$rdmux[0][4][3]$a$3079 [16] $memory$flatten\u_core.$auto$proc_rom.cc:155:do_switch$971$rdmux[0][4][3]$a$3079 [1] 1'1 $memory$flatten\u_core.$auto$proc_rom.cc:155:do_switch$971$rdmux[0][4][3]$a$3079 [23] $memory$flatten\u_core.$auto$proc_rom.cc:155:do_switch$971$rdmux[0][4][3]$a$3079 [1] $memory$flatten\u_core.$auto$proc_rom.cc:155:do_switch$971$rdmux[0][4][3]$a$3079 [2] $memory$flatten\u_core.$auto$proc_rom.cc:155:do_switch$971$rdmux[0][4][3]$a$3079 [4] $memory$flatten\u_core.$auto$proc_rom.cc:155:do_switch$971$rdmux[0][4][3]$a$3079 [12] $memory$flatten\u_core.$auto$proc_rom.cc:155:do_switch$971$rdmux[0][4][3]$a$3079 [16] $memory$flatten\u_core.$auto$proc_rom.cc:155:do_switch$971$rdmux[0][4][3]$a$3079 [13:12] $memory$flatten\u_core.$auto$proc_rom.cc:155:do_switch$971$rdmux[0][4][3]$a$3079 [1] $memory$flatten\u_core.$auto$proc_rom.cc:155:do_switch$971$rdmux[0][4][3]$a$3079 [10] $memory$flatten\u_core.$auto$proc_rom.cc:155:do_switch$971$rdmux[0][4][3]$a$3079 [1] $memory$flatten\u_core.$auto$proc_rom.cc:155:do_switch$971$rdmux[0][4][3]$a$3079 [8] $memory$flatten\u_core.$auto$proc_rom.cc:155:do_switch$971$rdmux[0][4][3]$a$3079 [6] $memory$flatten\u_core.$auto$proc_rom.cc:155:do_switch$971$rdmux[0][4][3]$a$3079 [6:4] $memory$flatten\u_core.$auto$proc_rom.cc:155:do_switch$971$rdmux[0][4][3]$a$3079 [2:0] }, B={ 2'00 $memory$flatten\u_core.$auto$proc_rom.cc:155:do_switch$971$rdmux[0][4][3]$b$3080 [0] $memory$flatten\u_core.$auto$proc_rom.cc:155:do_switch$971$rdmux[0][4][3]$b$3080 [24] $memory$flatten\u_core.$auto$proc_rom.cc:155:do_switch$971$rdmux[0][4][3]$b$3080 [2] $memory$flatten\u_core.$auto$proc_rom.cc:155:do_switch$971$rdmux[0][4][3]$b$3080 [12] $memory$flatten\u_core.$auto$proc_rom.cc:155:do_switch$971$rdmux[0][4][3]$b$3080 [6] $memory$flatten\u_core.$auto$proc_rom.cc:155:do_switch$971$rdmux[0][4][3]$b$3080 [11] $memory$flatten\u_core.$auto$proc_rom.cc:155:do_switch$971$rdmux[0][4][3]$b$3080 [18] $memory$flatten\u_core.$auto$proc_rom.cc:155:do_switch$971$rdmux[0][4][3]$b$3080 [9] 1'0 $memory$flatten\u_core.$auto$proc_rom.cc:155:do_switch$971$rdmux[0][4][3]$b$3080 [12:9] 1'0 $memory$flatten\u_core.$auto$proc_rom.cc:155:do_switch$971$rdmux[0][4][3]$b$3080 [7:6] $memory$flatten\u_core.$auto$proc_rom.cc:155:do_switch$971$rdmux[0][4][3]$b$3080 [0] $memory$flatten\u_core.$auto$proc_rom.cc:155:do_switch$971$rdmux[0][4][3]$b$3080 [0] $memory$flatten\u_core.$auto$proc_rom.cc:155:do_switch$971$rdmux[0][4][3]$b$3080 [2] 1'0 $memory$flatten\u_core.$auto$proc_rom.cc:155:do_switch$971$rdmux[0][4][3]$b$3080 [0] }, Y={ $memory$flatten\u_core.$auto$proc_rom.cc:155:do_switch$971$rdmux[0][3][1]$b$3050 [27:20] $memory$flatten\u_core.$auto$proc_rom.cc:155:do_switch$971$rdmux[0][3][1]$b$3050 [18] $memory$flatten\u_core.$auto$proc_rom.cc:155:do_switch$971$rdmux[0][3][1]$b$3050 [16] $memory$flatten\u_core.$auto$proc_rom.cc:155:do_switch$971$rdmux[0][3][1]$b$3050 [13:4] $memory$flatten\u_core.$auto$proc_rom.cc:155:do_switch$971$rdmux[0][3][1]$b$3050 [2:0] }
      New connections: { $memory$flatten\u_core.$auto$proc_rom.cc:155:do_switch$971$rdmux[0][3][1]$b$3050 [31:28] $memory$flatten\u_core.$auto$proc_rom.cc:155:do_switch$971$rdmux[0][3][1]$b$3050 [19] $memory$flatten\u_core.$auto$proc_rom.cc:155:do_switch$971$rdmux[0][3][1]$b$3050 [17] $memory$flatten\u_core.$auto$proc_rom.cc:155:do_switch$971$rdmux[0][3][1]$b$3050 [15:14] $memory$flatten\u_core.$auto$proc_rom.cc:155:do_switch$971$rdmux[0][3][1]$b$3050 [3] } = { 4'1000 $memory$flatten\u_core.$auto$proc_rom.cc:155:do_switch$971$rdmux[0][3][1]$b$3050 [2] 4'1001 }
    Consolidated identical input bits for $mux cell $memory$flatten\u_core.$auto$proc_rom.cc:155:do_switch$971$rdmux[0][4][0]$3069:
      Old ports: A=$memory$flatten\u_core.$auto$proc_rom.cc:155:do_switch$971$rdmux[0][4][0]$a$3070, B=$memory$flatten\u_core.$auto$proc_rom.cc:155:do_switch$971$rdmux[0][4][0]$b$3071, Y=$memory$flatten\u_core.$auto$proc_rom.cc:155:do_switch$971$rdmux[0][3][0]$a$3046
      New ports: A={ $memory$flatten\u_core.$auto$proc_rom.cc:155:do_switch$971$rdmux[0][4][0]$a$3070 [6] $memory$flatten\u_core.$auto$proc_rom.cc:155:do_switch$971$rdmux[0][4][0]$a$3070 [2:1] $memory$flatten\u_core.$auto$proc_rom.cc:155:do_switch$971$rdmux[0][4][0]$a$3070 [9] $memory$flatten\u_core.$auto$proc_rom.cc:155:do_switch$971$rdmux[0][4][0]$a$3070 [23] $memory$flatten\u_core.$auto$proc_rom.cc:155:do_switch$971$rdmux[0][4][0]$a$3070 [1] $memory$flatten\u_core.$auto$proc_rom.cc:155:do_switch$971$rdmux[0][4][0]$a$3070 [9] 2'00 $memory$flatten\u_core.$auto$proc_rom.cc:155:do_switch$971$rdmux[0][4][0]$a$3070 [9] $memory$flatten\u_core.$auto$proc_rom.cc:155:do_switch$971$rdmux[0][4][0]$a$3070 [9] $memory$flatten\u_core.$auto$proc_rom.cc:155:do_switch$971$rdmux[0][4][0]$a$3070 [9] $memory$flatten\u_core.$auto$proc_rom.cc:155:do_switch$971$rdmux[0][4][0]$a$3070 [6] $memory$flatten\u_core.$auto$proc_rom.cc:155:do_switch$971$rdmux[0][4][0]$a$3070 [0] $memory$flatten\u_core.$auto$proc_rom.cc:155:do_switch$971$rdmux[0][4][0]$a$3070 [6] $memory$flatten\u_core.$auto$proc_rom.cc:155:do_switch$971$rdmux[0][4][0]$a$3070 [1:0] $memory$flatten\u_core.$auto$proc_rom.cc:155:do_switch$971$rdmux[0][4][0]$a$3070 [0] $memory$flatten\u_core.$auto$proc_rom.cc:155:do_switch$971$rdmux[0][4][0]$a$3070 [2:0] }, B={ $memory$flatten\u_core.$auto$proc_rom.cc:155:do_switch$971$rdmux[0][4][0]$b$3071 [0] $memory$flatten\u_core.$auto$proc_rom.cc:155:do_switch$971$rdmux[0][4][0]$b$3071 [7] $memory$flatten\u_core.$auto$proc_rom.cc:155:do_switch$971$rdmux[0][4][0]$b$3071 [25] $memory$flatten\u_core.$auto$proc_rom.cc:155:do_switch$971$rdmux[0][4][0]$b$3071 [8] $memory$flatten\u_core.$auto$proc_rom.cc:155:do_switch$971$rdmux[0][4][0]$b$3071 [22] $memory$flatten\u_core.$auto$proc_rom.cc:155:do_switch$971$rdmux[0][4][0]$b$3071 [22:21] $memory$flatten\u_core.$auto$proc_rom.cc:155:do_switch$971$rdmux[0][4][0]$b$3071 [1] $memory$flatten\u_core.$auto$proc_rom.cc:155:do_switch$971$rdmux[0][4][0]$b$3071 [7] 1'1 $memory$flatten\u_core.$auto$proc_rom.cc:155:do_switch$971$rdmux[0][4][0]$b$3071 [1] $memory$flatten\u_core.$auto$proc_rom.cc:155:do_switch$971$rdmux[0][4][0]$b$3071 [4] $memory$flatten\u_core.$auto$proc_rom.cc:155:do_switch$971$rdmux[0][4][0]$b$3071 [8:7] $memory$flatten\u_core.$auto$proc_rom.cc:155:do_switch$971$rdmux[0][4][0]$b$3071 [4] $memory$flatten\u_core.$auto$proc_rom.cc:155:do_switch$971$rdmux[0][4][0]$b$3071 [5:3] $memory$flatten\u_core.$auto$proc_rom.cc:155:do_switch$971$rdmux[0][4][0]$b$3071 [0] $memory$flatten\u_core.$auto$proc_rom.cc:155:do_switch$971$rdmux[0][4][0]$b$3071 [1:0] }, Y={ $memory$flatten\u_core.$auto$proc_rom.cc:155:do_switch$971$rdmux[0][3][0]$a$3046 [28] $memory$flatten\u_core.$auto$proc_rom.cc:155:do_switch$971$rdmux[0][3][0]$a$3046 [26:21] $memory$flatten\u_core.$auto$proc_rom.cc:155:do_switch$971$rdmux[0][3][0]$a$3046 [17:16] $memory$flatten\u_core.$auto$proc_rom.cc:155:do_switch$971$rdmux[0][3][0]$a$3046 [11:0] }
      New connections: { $memory$flatten\u_core.$auto$proc_rom.cc:155:do_switch$971$rdmux[0][3][0]$a$3046 [31:29] $memory$flatten\u_core.$auto$proc_rom.cc:155:do_switch$971$rdmux[0][3][0]$a$3046 [27] $memory$flatten\u_core.$auto$proc_rom.cc:155:do_switch$971$rdmux[0][3][0]$a$3046 [20:18] $memory$flatten\u_core.$auto$proc_rom.cc:155:do_switch$971$rdmux[0][3][0]$a$3046 [15:12] } = { $memory$flatten\u_core.$auto$proc_rom.cc:155:do_switch$971$rdmux[0][3][0]$a$3046 [11] $memory$flatten\u_core.$auto$proc_rom.cc:155:do_switch$971$rdmux[0][3][0]$a$3046 [11:10] $memory$flatten\u_core.$auto$proc_rom.cc:155:do_switch$971$rdmux[0][3][0]$a$3046 [4] $memory$flatten\u_core.$auto$proc_rom.cc:155:do_switch$971$rdmux[0][3][0]$a$3046 [9] $memory$flatten\u_core.$auto$proc_rom.cc:155:do_switch$971$rdmux[0][3][0]$a$3046 [4] $memory$flatten\u_core.$auto$proc_rom.cc:155:do_switch$971$rdmux[0][3][0]$a$3046 [1] 1'0 $memory$flatten\u_core.$auto$proc_rom.cc:155:do_switch$971$rdmux[0][3][0]$a$3046 [11] $memory$flatten\u_core.$auto$proc_rom.cc:155:do_switch$971$rdmux[0][3][0]$a$3046 [11] $memory$flatten\u_core.$auto$proc_rom.cc:155:do_switch$971$rdmux[0][3][0]$a$3046 [11] }
    Consolidated identical input bits for $mux cell $memory$flatten\u_core.$auto$proc_rom.cc:155:do_switch$963$rdmux[0][0][0]$2262:
      Old ports: A=$memory$flatten\u_core.$auto$proc_rom.cc:155:do_switch$963$rdmux[0][0][0]$a$2263, B=0, Y=$$flatten\u_core.$auto$proc_rom.cc:155:do_switch$963$rdreg[0]$d
      New ports: A={ $memory$flatten\u_core.$auto$proc_rom.cc:155:do_switch$963$rdmux[0][0][0]$a$2263 [31] $memory$flatten\u_core.$auto$proc_rom.cc:155:do_switch$963$rdmux[0][0][0]$a$2263 [7] $memory$flatten\u_core.$auto$proc_rom.cc:155:do_switch$963$rdmux[0][0][0]$a$2263 [2:1] }, B=4'0000, Y={ $$flatten\u_core.$auto$proc_rom.cc:155:do_switch$963$rdreg[0]$d [31] $$flatten\u_core.$auto$proc_rom.cc:155:do_switch$963$rdreg[0]$d [7] $$flatten\u_core.$auto$proc_rom.cc:155:do_switch$963$rdreg[0]$d [2:1] }
      New connections: { $$flatten\u_core.$auto$proc_rom.cc:155:do_switch$963$rdreg[0]$d [30:8] $$flatten\u_core.$auto$proc_rom.cc:155:do_switch$963$rdreg[0]$d [6:3] $$flatten\u_core.$auto$proc_rom.cc:155:do_switch$963$rdreg[0]$d [0] } = { 1'0 $$flatten\u_core.$auto$proc_rom.cc:155:do_switch$963$rdreg[0]$d [1] 2'00 $$flatten\u_core.$auto$proc_rom.cc:155:do_switch$963$rdreg[0]$d [1] 1'0 $$flatten\u_core.$auto$proc_rom.cc:155:do_switch$963$rdreg[0]$d [1] 1'0 $$flatten\u_core.$auto$proc_rom.cc:155:do_switch$963$rdreg[0]$d [1] $$flatten\u_core.$auto$proc_rom.cc:155:do_switch$963$rdreg[0]$d [1] $$flatten\u_core.$auto$proc_rom.cc:155:do_switch$963$rdreg[0]$d [1] $$flatten\u_core.$auto$proc_rom.cc:155:do_switch$963$rdreg[0]$d [1] $$flatten\u_core.$auto$proc_rom.cc:155:do_switch$963$rdreg[0]$d [1] $$flatten\u_core.$auto$proc_rom.cc:155:do_switch$963$rdreg[0]$d [1] 1'0 $$flatten\u_core.$auto$proc_rom.cc:155:do_switch$963$rdreg[0]$d [2] $$flatten\u_core.$auto$proc_rom.cc:155:do_switch$963$rdreg[0]$d [7] $$flatten\u_core.$auto$proc_rom.cc:155:do_switch$963$rdreg[0]$d [2] $$flatten\u_core.$auto$proc_rom.cc:155:do_switch$963$rdreg[0]$d [7] $$flatten\u_core.$auto$proc_rom.cc:155:do_switch$963$rdreg[0]$d [7] $$flatten\u_core.$auto$proc_rom.cc:155:do_switch$963$rdreg[0]$d [2] $$flatten\u_core.$auto$proc_rom.cc:155:do_switch$963$rdreg[0]$d [7] $$flatten\u_core.$auto$proc_rom.cc:155:do_switch$963$rdreg[0]$d [2] $$flatten\u_core.$auto$proc_rom.cc:155:do_switch$963$rdreg[0]$d [2] $$flatten\u_core.$auto$proc_rom.cc:155:do_switch$963$rdreg[0]$d [2] $$flatten\u_core.$auto$proc_rom.cc:155:do_switch$963$rdreg[0]$d [2] $$flatten\u_core.$auto$proc_rom.cc:155:do_switch$963$rdreg[0]$d [2] 1'0 }
  Optimizing cells in module \peweaver_ppa_shared_fft.
    Consolidated identical input bits for $mux cell $memory$flatten\u_core.$auto$proc_rom.cc:155:do_switch$967$rdmux[0][3][5]$2679:
      Old ports: A=$memory$flatten\u_core.$auto$proc_rom.cc:155:do_switch$967$rdmux[0][3][5]$a$2680, B=$memory$flatten\u_core.$auto$proc_rom.cc:155:do_switch$967$rdmux[0][3][5]$b$2681, Y=$memory$flatten\u_core.$auto$proc_rom.cc:155:do_switch$967$rdmux[0][2][2]$b$2660
      New ports: A={ $memory$flatten\u_core.$auto$proc_rom.cc:155:do_switch$967$rdmux[0][3][5]$a$2680 [6] $memory$flatten\u_core.$auto$proc_rom.cc:155:do_switch$967$rdmux[0][3][5]$a$2680 [13] $memory$flatten\u_core.$auto$proc_rom.cc:155:do_switch$967$rdmux[0][3][5]$a$2680 [3] $memory$flatten\u_core.$auto$proc_rom.cc:155:do_switch$967$rdmux[0][3][5]$a$2680 [20] $memory$flatten\u_core.$auto$proc_rom.cc:155:do_switch$967$rdmux[0][3][5]$a$2680 [13] $memory$flatten\u_core.$auto$proc_rom.cc:155:do_switch$967$rdmux[0][3][5]$a$2680 [20] $memory$flatten\u_core.$auto$proc_rom.cc:155:do_switch$967$rdmux[0][3][5]$a$2680 [0] $memory$flatten\u_core.$auto$proc_rom.cc:155:do_switch$967$rdmux[0][3][5]$a$2680 [2] $memory$flatten\u_core.$auto$proc_rom.cc:155:do_switch$967$rdmux[0][3][5]$a$2680 [13] $memory$flatten\u_core.$auto$proc_rom.cc:155:do_switch$967$rdmux[0][3][5]$a$2680 [1] 1'0 $memory$flatten\u_core.$auto$proc_rom.cc:155:do_switch$967$rdmux[0][3][5]$a$2680 [3:2] $memory$flatten\u_core.$auto$proc_rom.cc:155:do_switch$967$rdmux[0][3][5]$a$2680 [0] $memory$flatten\u_core.$auto$proc_rom.cc:155:do_switch$967$rdmux[0][3][5]$a$2680 [6] $memory$flatten\u_core.$auto$proc_rom.cc:155:do_switch$967$rdmux[0][3][5]$a$2680 [0] 1'0 $memory$flatten\u_core.$auto$proc_rom.cc:155:do_switch$967$rdmux[0][3][5]$a$2680 [3:0] }, B={ $memory$flatten\u_core.$auto$proc_rom.cc:155:do_switch$967$rdmux[0][3][5]$b$2681 [3] $memory$flatten\u_core.$auto$proc_rom.cc:155:do_switch$967$rdmux[0][3][5]$b$2681 [3] $memory$flatten\u_core.$auto$proc_rom.cc:155:do_switch$967$rdmux[0][3][5]$b$2681 [5] $memory$flatten\u_core.$auto$proc_rom.cc:155:do_switch$967$rdmux[0][3][5]$b$2681 [5] $memory$flatten\u_core.$auto$proc_rom.cc:155:do_switch$967$rdmux[0][3][5]$b$2681 [6] $memory$flatten\u_core.$auto$proc_rom.cc:155:do_switch$967$rdmux[0][3][5]$b$2681 [3] $memory$flatten\u_core.$auto$proc_rom.cc:155:do_switch$967$rdmux[0][3][5]$b$2681 [3] $memory$flatten\u_core.$auto$proc_rom.cc:155:do_switch$967$rdmux[0][3][5]$b$2681 [3] $memory$flatten\u_core.$auto$proc_rom.cc:155:do_switch$967$rdmux[0][3][5]$b$2681 [5] $memory$flatten\u_core.$auto$proc_rom.cc:155:do_switch$967$rdmux[0][3][5]$b$2681 [3] $memory$flatten\u_core.$auto$proc_rom.cc:155:do_switch$967$rdmux[0][3][5]$b$2681 [5] $memory$flatten\u_core.$auto$proc_rom.cc:155:do_switch$967$rdmux[0][3][5]$b$2681 [6:5] $memory$flatten\u_core.$auto$proc_rom.cc:155:do_switch$967$rdmux[0][3][5]$b$2681 [6] $memory$flatten\u_core.$auto$proc_rom.cc:155:do_switch$967$rdmux[0][3][5]$b$2681 [6:5] $memory$flatten\u_core.$auto$proc_rom.cc:155:do_switch$967$rdmux[0][3][5]$b$2681 [3] $memory$flatten\u_core.$auto$proc_rom.cc:155:do_switch$967$rdmux[0][3][5]$b$2681 [3] 3'000 }, Y={ $memory$flatten\u_core.$auto$proc_rom.cc:155:do_switch$967$rdmux[0][2][2]$b$2660 [29] $memory$flatten\u_core.$auto$proc_rom.cc:155:do_switch$967$rdmux[0][2][2]$b$2660 [27:26] $memory$flatten\u_core.$auto$proc_rom.cc:155:do_switch$967$rdmux[0][2][2]$b$2660 [23:22] $memory$flatten\u_core.$auto$proc_rom.cc:155:do_switch$967$rdmux[0][2][2]$b$2660 [20:19] $memory$flatten\u_core.$auto$proc_rom.cc:155:do_switch$967$rdmux[0][2][2]$b$2660 [14:13] $memory$flatten\u_core.$auto$proc_rom.cc:155:do_switch$967$rdmux[0][2][2]$b$2660 [11:0] }
      New connections: { $memory$flatten\u_core.$auto$proc_rom.cc:155:do_switch$967$rdmux[0][2][2]$b$2660 [31:30] $memory$flatten\u_core.$auto$proc_rom.cc:155:do_switch$967$rdmux[0][2][2]$b$2660 [28] $memory$flatten\u_core.$auto$proc_rom.cc:155:do_switch$967$rdmux[0][2][2]$b$2660 [25:24] $memory$flatten\u_core.$auto$proc_rom.cc:155:do_switch$967$rdmux[0][2][2]$b$2660 [21] $memory$flatten\u_core.$auto$proc_rom.cc:155:do_switch$967$rdmux[0][2][2]$b$2660 [18:15] $memory$flatten\u_core.$auto$proc_rom.cc:155:do_switch$967$rdmux[0][2][2]$b$2660 [12] } = { 1'0 $memory$flatten\u_core.$auto$proc_rom.cc:155:do_switch$967$rdmux[0][2][2]$b$2660 [11] $memory$flatten\u_core.$auto$proc_rom.cc:155:do_switch$967$rdmux[0][2][2]$b$2660 [20] $memory$flatten\u_core.$auto$proc_rom.cc:155:do_switch$967$rdmux[0][2][2]$b$2660 [11] $memory$flatten\u_core.$auto$proc_rom.cc:155:do_switch$967$rdmux[0][2][2]$b$2660 [2] $memory$flatten\u_core.$auto$proc_rom.cc:155:do_switch$967$rdmux[0][2][2]$b$2660 [6] $memory$flatten\u_core.$auto$proc_rom.cc:155:do_switch$967$rdmux[0][2][2]$b$2660 [11] $memory$flatten\u_core.$auto$proc_rom.cc:155:do_switch$967$rdmux[0][2][2]$b$2660 [1] $memory$flatten\u_core.$auto$proc_rom.cc:155:do_switch$967$rdmux[0][2][2]$b$2660 [3] $memory$flatten\u_core.$auto$proc_rom.cc:155:do_switch$967$rdmux[0][2][2]$b$2660 [11] $memory$flatten\u_core.$auto$proc_rom.cc:155:do_switch$967$rdmux[0][2][2]$b$2660 [7] }
    Consolidated identical input bits for $mux cell $memory$flatten\u_core.$auto$proc_rom.cc:155:do_switch$967$rdmux[0][3][4]$2676:
      Old ports: A=$memory$flatten\u_core.$auto$proc_rom.cc:155:do_switch$967$rdmux[0][3][4]$a$2677, B=$memory$flatten\u_core.$auto$proc_rom.cc:155:do_switch$967$rdmux[0][3][4]$b$2678, Y=$memory$flatten\u_core.$auto$proc_rom.cc:155:do_switch$967$rdmux[0][2][2]$a$2659
      New ports: A={ 1'0 $memory$flatten\u_core.$auto$proc_rom.cc:155:do_switch$967$rdmux[0][3][4]$a$2677 [1] $memory$flatten\u_core.$auto$proc_rom.cc:155:do_switch$967$rdmux[0][3][4]$a$2677 [6] $memory$flatten\u_core.$auto$proc_rom.cc:155:do_switch$967$rdmux[0][3][4]$a$2677 [3] $memory$flatten\u_core.$auto$proc_rom.cc:155:do_switch$967$rdmux[0][3][4]$a$2677 [3] 3'000 $memory$flatten\u_core.$auto$proc_rom.cc:155:do_switch$967$rdmux[0][3][4]$a$2677 [6] $memory$flatten\u_core.$auto$proc_rom.cc:155:do_switch$967$rdmux[0][3][4]$a$2677 [6] $memory$flatten\u_core.$auto$proc_rom.cc:155:do_switch$967$rdmux[0][3][4]$a$2677 [1] $memory$flatten\u_core.$auto$proc_rom.cc:155:do_switch$967$rdmux[0][3][4]$a$2677 [6] 1'0 $memory$flatten\u_core.$auto$proc_rom.cc:155:do_switch$967$rdmux[0][3][4]$a$2677 [1] $memory$flatten\u_core.$auto$proc_rom.cc:155:do_switch$967$rdmux[0][3][4]$a$2677 [3] $memory$flatten\u_core.$auto$proc_rom.cc:155:do_switch$967$rdmux[0][3][4]$a$2677 [1] }, B={ $memory$flatten\u_core.$auto$proc_rom.cc:155:do_switch$967$rdmux[0][3][4]$b$2678 [7] 1'0 $memory$flatten\u_core.$auto$proc_rom.cc:155:do_switch$967$rdmux[0][3][4]$b$2678 [12] $memory$flatten\u_core.$auto$proc_rom.cc:155:do_switch$967$rdmux[0][3][4]$b$2678 [4] $memory$flatten\u_core.$auto$proc_rom.cc:155:do_switch$967$rdmux[0][3][4]$b$2678 [1] $memory$flatten\u_core.$auto$proc_rom.cc:155:do_switch$967$rdmux[0][3][4]$b$2678 [12] $memory$flatten\u_core.$auto$proc_rom.cc:155:do_switch$967$rdmux[0][3][4]$b$2678 [3] $memory$flatten\u_core.$auto$proc_rom.cc:155:do_switch$967$rdmux[0][3][4]$b$2678 [10:9] $memory$flatten\u_core.$auto$proc_rom.cc:155:do_switch$967$rdmux[0][3][4]$b$2678 [3] $memory$flatten\u_core.$auto$proc_rom.cc:155:do_switch$967$rdmux[0][3][4]$b$2678 [7] 1'0 $memory$flatten\u_core.$auto$proc_rom.cc:155:do_switch$967$rdmux[0][3][4]$b$2678 [4] $memory$flatten\u_core.$auto$proc_rom.cc:155:do_switch$967$rdmux[0][3][4]$b$2678 [4:3] $memory$flatten\u_core.$auto$proc_rom.cc:155:do_switch$967$rdmux[0][3][4]$b$2678 [1] }, Y={ $memory$flatten\u_core.$auto$proc_rom.cc:155:do_switch$967$rdmux[0][2][2]$a$2659 [29] $memory$flatten\u_core.$auto$proc_rom.cc:155:do_switch$967$rdmux[0][2][2]$a$2659 [26] $memory$flatten\u_core.$auto$proc_rom.cc:155:do_switch$967$rdmux[0][2][2]$a$2659 [24:23] $memory$flatten\u_core.$auto$proc_rom.cc:155:do_switch$967$rdmux[0][2][2]$a$2659 [18] $memory$flatten\u_core.$auto$proc_rom.cc:155:do_switch$967$rdmux[0][2][2]$a$2659 [12:3] $memory$flatten\u_core.$auto$proc_rom.cc:155:do_switch$967$rdmux[0][2][2]$a$2659 [1] }
      New connections: { $memory$flatten\u_core.$auto$proc_rom.cc:155:do_switch$967$rdmux[0][2][2]$a$2659 [31:30] $memory$flatten\u_core.$auto$proc_rom.cc:155:do_switch$967$rdmux[0][2][2]$a$2659 [28:27] $memory$flatten\u_core.$auto$proc_rom.cc:155:do_switch$967$rdmux[0][2][2]$a$2659 [25] $memory$flatten\u_core.$auto$proc_rom.cc:155:do_switch$967$rdmux[0][2][2]$a$2659 [22:19] $memory$flatten\u_core.$auto$proc_rom.cc:155:do_switch$967$rdmux[0][2][2]$a$2659 [17:13] $memory$flatten\u_core.$auto$proc_rom.cc:155:do_switch$967$rdmux[0][2][2]$a$2659 [2] $memory$flatten\u_core.$auto$proc_rom.cc:155:do_switch$967$rdmux[0][2][2]$a$2659 [0] } = { 1'0 $memory$flatten\u_core.$auto$proc_rom.cc:155:do_switch$967$rdmux[0][2][2]$a$2659 [12] $memory$flatten\u_core.$auto$proc_rom.cc:155:do_switch$967$rdmux[0][2][2]$a$2659 [8] $memory$flatten\u_core.$auto$proc_rom.cc:155:do_switch$967$rdmux[0][2][2]$a$2659 [26] $memory$flatten\u_core.$auto$proc_rom.cc:155:do_switch$967$rdmux[0][2][2]$a$2659 [6:5] $memory$flatten\u_core.$auto$proc_rom.cc:155:do_switch$967$rdmux[0][2][2]$a$2659 [11] $memory$flatten\u_core.$auto$proc_rom.cc:155:do_switch$967$rdmux[0][2][2]$a$2659 [8] $memory$flatten\u_core.$auto$proc_rom.cc:155:do_switch$967$rdmux[0][2][2]$a$2659 [4] $memory$flatten\u_core.$auto$proc_rom.cc:155:do_switch$967$rdmux[0][2][2]$a$2659 [9] 1'0 $memory$flatten\u_core.$auto$proc_rom.cc:155:do_switch$967$rdmux[0][2][2]$a$2659 [1] 2'00 $memory$flatten\u_core.$auto$proc_rom.cc:155:do_switch$967$rdmux[0][2][2]$a$2659 [1] 1'0 }
    Consolidated identical input bits for $mux cell $memory$flatten\u_core.$auto$proc_rom.cc:155:do_switch$967$rdmux[0][3][3]$2673:
      Old ports: A=$memory$flatten\u_core.$auto$proc_rom.cc:155:do_switch$967$rdmux[0][3][3]$a$2674, B=$memory$flatten\u_core.$auto$proc_rom.cc:155:do_switch$967$rdmux[0][3][3]$b$2675, Y=$memory$flatten\u_core.$auto$proc_rom.cc:155:do_switch$967$rdmux[0][2][1]$b$2657
      New ports: A={ $memory$flatten\u_core.$auto$proc_rom.cc:155:do_switch$967$rdmux[0][3][3]$a$2674 [0] $memory$flatten\u_core.$auto$proc_rom.cc:155:do_switch$967$rdmux[0][3][3]$a$2674 [22] $memory$flatten\u_core.$auto$proc_rom.cc:155:do_switch$967$rdmux[0][3][3]$a$2674 [28:27] $memory$flatten\u_core.$auto$proc_rom.cc:155:do_switch$967$rdmux[0][3][3]$a$2674 [18] $memory$flatten\u_core.$auto$proc_rom.cc:155:do_switch$967$rdmux[0][3][3]$a$2674 [11] $memory$flatten\u_core.$auto$proc_rom.cc:155:do_switch$967$rdmux[0][3][3]$a$2674 [24:21] $memory$flatten\u_core.$auto$proc_rom.cc:155:do_switch$967$rdmux[0][3][3]$a$2674 [6] $memory$flatten\u_core.$auto$proc_rom.cc:155:do_switch$967$rdmux[0][3][3]$a$2674 [2] $memory$flatten\u_core.$auto$proc_rom.cc:155:do_switch$967$rdmux[0][3][3]$a$2674 [18:16] $memory$flatten\u_core.$auto$proc_rom.cc:155:do_switch$967$rdmux[0][3][3]$a$2674 [8] $memory$flatten\u_core.$auto$proc_rom.cc:155:do_switch$967$rdmux[0][3][3]$a$2674 [6] $memory$flatten\u_core.$auto$proc_rom.cc:155:do_switch$967$rdmux[0][3][3]$a$2674 [12:10] $memory$flatten\u_core.$auto$proc_rom.cc:155:do_switch$967$rdmux[0][3][3]$a$2674 [0] $memory$flatten\u_core.$auto$proc_rom.cc:155:do_switch$967$rdmux[0][3][3]$a$2674 [8:4] $memory$flatten\u_core.$auto$proc_rom.cc:155:do_switch$967$rdmux[0][3][3]$a$2674 [2] $memory$flatten\u_core.$auto$proc_rom.cc:155:do_switch$967$rdmux[0][3][3]$a$2674 [2:0] }, B={ $memory$flatten\u_core.$auto$proc_rom.cc:155:do_switch$967$rdmux[0][3][3]$b$2675 [1] $memory$flatten\u_core.$auto$proc_rom.cc:155:do_switch$967$rdmux[0][3][3]$b$2675 [29:25] $memory$flatten\u_core.$auto$proc_rom.cc:155:do_switch$967$rdmux[0][3][3]$b$2675 [2] $memory$flatten\u_core.$auto$proc_rom.cc:155:do_switch$967$rdmux[0][3][3]$b$2675 [0] $memory$flatten\u_core.$auto$proc_rom.cc:155:do_switch$967$rdmux[0][3][3]$b$2675 [22:17] $memory$flatten\u_core.$auto$proc_rom.cc:155:do_switch$967$rdmux[0][3][3]$b$2675 [6] $memory$flatten\u_core.$auto$proc_rom.cc:155:do_switch$967$rdmux[0][3][3]$b$2675 [1] 2'00 $memory$flatten\u_core.$auto$proc_rom.cc:155:do_switch$967$rdmux[0][3][3]$b$2675 [11:10] $memory$flatten\u_core.$auto$proc_rom.cc:155:do_switch$967$rdmux[0][3][3]$b$2675 [6] $memory$flatten\u_core.$auto$proc_rom.cc:155:do_switch$967$rdmux[0][3][3]$b$2675 [8:0] }, Y={ $memory$flatten\u_core.$auto$proc_rom.cc:155:do_switch$967$rdmux[0][2][1]$b$2657 [30:15] $memory$flatten\u_core.$auto$proc_rom.cc:155:do_switch$967$rdmux[0][2][1]$b$2657 [13:0] }
      New connections: { $memory$flatten\u_core.$auto$proc_rom.cc:155:do_switch$967$rdmux[0][2][1]$b$2657 [31] $memory$flatten\u_core.$auto$proc_rom.cc:155:do_switch$967$rdmux[0][2][1]$b$2657 [14] } = { $memory$flatten\u_core.$auto$proc_rom.cc:155:do_switch$967$rdmux[0][2][1]$b$2657 [15] 1'0 }
    Consolidated identical input bits for $mux cell $memory$flatten\u_core.$auto$proc_rom.cc:155:do_switch$967$rdmux[0][3][2]$2670:
      Old ports: A=$memory$flatten\u_core.$auto$proc_rom.cc:155:do_switch$967$rdmux[0][3][2]$a$2671, B=$memory$flatten\u_core.$auto$proc_rom.cc:155:do_switch$967$rdmux[0][3][2]$b$2672, Y=$memory$flatten\u_core.$auto$proc_rom.cc:155:do_switch$967$rdmux[0][2][1]$a$2656
      New ports: A={ $memory$flatten\u_core.$auto$proc_rom.cc:155:do_switch$967$rdmux[0][3][2]$a$2671 [31] 2'00 $memory$flatten\u_core.$auto$proc_rom.cc:155:do_switch$967$rdmux[0][3][2]$a$2671 [24] $memory$flatten\u_core.$auto$proc_rom.cc:155:do_switch$967$rdmux[0][3][2]$a$2671 [0] $memory$flatten\u_core.$auto$proc_rom.cc:155:do_switch$967$rdmux[0][3][2]$a$2671 [24:23] $memory$flatten\u_core.$auto$proc_rom.cc:155:do_switch$967$rdmux[0][3][2]$a$2671 [0] $memory$flatten\u_core.$auto$proc_rom.cc:155:do_switch$967$rdmux[0][3][2]$a$2671 [21:19] $memory$flatten\u_core.$auto$proc_rom.cc:155:do_switch$967$rdmux[0][3][2]$a$2671 [8] $memory$flatten\u_core.$auto$proc_rom.cc:155:do_switch$967$rdmux[0][3][2]$a$2671 [14] $memory$flatten\u_core.$auto$proc_rom.cc:155:do_switch$967$rdmux[0][3][2]$a$2671 [7] $memory$flatten\u_core.$auto$proc_rom.cc:155:do_switch$967$rdmux[0][3][2]$a$2671 [14] $memory$flatten\u_core.$auto$proc_rom.cc:155:do_switch$967$rdmux[0][3][2]$a$2671 [14] $memory$flatten\u_core.$auto$proc_rom.cc:155:do_switch$967$rdmux[0][3][2]$a$2671 [8] $memory$flatten\u_core.$auto$proc_rom.cc:155:do_switch$967$rdmux[0][3][2]$a$2671 [12] $memory$flatten\u_core.$auto$proc_rom.cc:155:do_switch$967$rdmux[0][3][2]$a$2671 [3] $memory$flatten\u_core.$auto$proc_rom.cc:155:do_switch$967$rdmux[0][3][2]$a$2671 [0] $memory$flatten\u_core.$auto$proc_rom.cc:155:do_switch$967$rdmux[0][3][2]$a$2671 [9:0] }, B={ $memory$flatten\u_core.$auto$proc_rom.cc:155:do_switch$967$rdmux[0][3][2]$b$2672 [15] $memory$flatten\u_core.$auto$proc_rom.cc:155:do_switch$967$rdmux[0][3][2]$b$2672 [6] $memory$flatten\u_core.$auto$proc_rom.cc:155:do_switch$967$rdmux[0][3][2]$b$2672 [9] $memory$flatten\u_core.$auto$proc_rom.cc:155:do_switch$967$rdmux[0][3][2]$b$2672 [26] $memory$flatten\u_core.$auto$proc_rom.cc:155:do_switch$967$rdmux[0][3][2]$b$2672 [16:15] $memory$flatten\u_core.$auto$proc_rom.cc:155:do_switch$967$rdmux[0][3][2]$b$2672 [23] 1'0 $memory$flatten\u_core.$auto$proc_rom.cc:155:do_switch$967$rdmux[0][3][2]$b$2672 [21:20] $memory$flatten\u_core.$auto$proc_rom.cc:155:do_switch$967$rdmux[0][3][2]$b$2672 [18] $memory$flatten\u_core.$auto$proc_rom.cc:155:do_switch$967$rdmux[0][3][2]$b$2672 [18] $memory$flatten\u_core.$auto$proc_rom.cc:155:do_switch$967$rdmux[0][3][2]$b$2672 [11] $memory$flatten\u_core.$auto$proc_rom.cc:155:do_switch$967$rdmux[0][3][2]$b$2672 [16:14] $memory$flatten\u_core.$auto$proc_rom.cc:155:do_switch$967$rdmux[0][3][2]$b$2672 [6] $memory$flatten\u_core.$auto$proc_rom.cc:155:do_switch$967$rdmux[0][3][2]$b$2672 [12:11] $memory$flatten\u_core.$auto$proc_rom.cc:155:do_switch$967$rdmux[0][3][2]$b$2672 [2] $memory$flatten\u_core.$auto$proc_rom.cc:155:do_switch$967$rdmux[0][3][2]$b$2672 [9:6] $memory$flatten\u_core.$auto$proc_rom.cc:155:do_switch$967$rdmux[0][3][2]$b$2672 [0] 1'0 $memory$flatten\u_core.$auto$proc_rom.cc:155:do_switch$967$rdmux[0][3][2]$b$2672 [3:0] }, Y={ $memory$flatten\u_core.$auto$proc_rom.cc:155:do_switch$967$rdmux[0][2][1]$a$2656 [31] $memory$flatten\u_core.$auto$proc_rom.cc:155:do_switch$967$rdmux[0][2][1]$a$2656 [28:0] }
      New connections: $memory$flatten\u_core.$auto$proc_rom.cc:155:do_switch$967$rdmux[0][2][1]$a$2656 [30:29] = 2'00
    Consolidated identical input bits for $mux cell $memory$flatten\u_core.$auto$proc_rom.cc:155:do_switch$967$rdmux[0][3][1]$2667:
      Old ports: A=$memory$flatten\u_core.$auto$proc_rom.cc:155:do_switch$967$rdmux[0][3][1]$a$2668, B=$memory$flatten\u_core.$auto$proc_rom.cc:155:do_switch$967$rdmux[0][3][1]$b$2669, Y=$memory$flatten\u_core.$auto$proc_rom.cc:155:do_switch$967$rdmux[0][2][0]$b$2654
      New ports: A={ $memory$flatten\u_core.$auto$proc_rom.cc:155:do_switch$967$rdmux[0][3][1]$a$2668 [29:20] $memory$flatten\u_core.$auto$proc_rom.cc:155:do_switch$967$rdmux[0][3][1]$a$2668 [12] $memory$flatten\u_core.$auto$proc_rom.cc:155:do_switch$967$rdmux[0][3][1]$a$2668 [18:16] $memory$flatten\u_core.$auto$proc_rom.cc:155:do_switch$967$rdmux[0][3][1]$a$2668 [14:0] }, B={ 2'00 $memory$flatten\u_core.$auto$proc_rom.cc:155:do_switch$967$rdmux[0][3][1]$b$2669 [27:20] $memory$flatten\u_core.$auto$proc_rom.cc:155:do_switch$967$rdmux[0][3][1]$b$2669 [2] $memory$flatten\u_core.$auto$proc_rom.cc:155:do_switch$967$rdmux[0][3][1]$b$2669 [18] 1'1 $memory$flatten\u_core.$auto$proc_rom.cc:155:do_switch$967$rdmux[0][3][1]$b$2669 [16] 1'0 $memory$flatten\u_core.$auto$proc_rom.cc:155:do_switch$967$rdmux[0][3][1]$b$2669 [13:4] 1'1 $memory$flatten\u_core.$auto$proc_rom.cc:155:do_switch$967$rdmux[0][3][1]$b$2669 [2:0] }, Y={ $memory$flatten\u_core.$auto$proc_rom.cc:155:do_switch$967$rdmux[0][2][0]$b$2654 [29:16] $memory$flatten\u_core.$auto$proc_rom.cc:155:do_switch$967$rdmux[0][2][0]$b$2654 [14:0] }
      New connections: { $memory$flatten\u_core.$auto$proc_rom.cc:155:do_switch$967$rdmux[0][2][0]$b$2654 [31:30] $memory$flatten\u_core.$auto$proc_rom.cc:155:do_switch$967$rdmux[0][2][0]$b$2654 [15] } = 3'100
    Consolidated identical input bits for $mux cell $memory$flatten\u_core.$auto$proc_rom.cc:155:do_switch$967$rdmux[0][3][0]$2664:
      Old ports: A=$memory$flatten\u_core.$auto$proc_rom.cc:155:do_switch$967$rdmux[0][3][0]$a$2665, B=$memory$flatten\u_core.$auto$proc_rom.cc:155:do_switch$967$rdmux[0][3][0]$b$2666, Y=$memory$flatten\u_core.$auto$proc_rom.cc:155:do_switch$967$rdmux[0][2][0]$a$2653
      New ports: A={ $memory$flatten\u_core.$auto$proc_rom.cc:155:do_switch$967$rdmux[0][3][0]$a$2665 [11:10] $memory$flatten\u_core.$auto$proc_rom.cc:155:do_switch$967$rdmux[0][3][0]$a$2665 [28] $memory$flatten\u_core.$auto$proc_rom.cc:155:do_switch$967$rdmux[0][3][0]$a$2665 [4] $memory$flatten\u_core.$auto$proc_rom.cc:155:do_switch$967$rdmux[0][3][0]$a$2665 [26:21] $memory$flatten\u_core.$auto$proc_rom.cc:155:do_switch$967$rdmux[0][3][0]$a$2665 [9] $memory$flatten\u_core.$auto$proc_rom.cc:155:do_switch$967$rdmux[0][3][0]$a$2665 [4] $memory$flatten\u_core.$auto$proc_rom.cc:155:do_switch$967$rdmux[0][3][0]$a$2665 [1] $memory$flatten\u_core.$auto$proc_rom.cc:155:do_switch$967$rdmux[0][3][0]$a$2665 [17:16] $memory$flatten\u_core.$auto$proc_rom.cc:155:do_switch$967$rdmux[0][3][0]$a$2665 [11] $memory$flatten\u_core.$auto$proc_rom.cc:155:do_switch$967$rdmux[0][3][0]$a$2665 [11] $memory$flatten\u_core.$auto$proc_rom.cc:155:do_switch$967$rdmux[0][3][0]$a$2665 [11] $memory$flatten\u_core.$auto$proc_rom.cc:155:do_switch$967$rdmux[0][3][0]$a$2665 [11:0] }, B={ $memory$flatten\u_core.$auto$proc_rom.cc:155:do_switch$967$rdmux[0][3][0]$b$2666 [30:16] 1'1 $memory$flatten\u_core.$auto$proc_rom.cc:155:do_switch$967$rdmux[0][3][0]$b$2666 [13:0] }, Y={ $memory$flatten\u_core.$auto$proc_rom.cc:155:do_switch$967$rdmux[0][2][0]$a$2653 [30:16] $memory$flatten\u_core.$auto$proc_rom.cc:155:do_switch$967$rdmux[0][2][0]$a$2653 [14:0] }
      New connections: { $memory$flatten\u_core.$auto$proc_rom.cc:155:do_switch$967$rdmux[0][2][0]$a$2653 [31] $memory$flatten\u_core.$auto$proc_rom.cc:155:do_switch$967$rdmux[0][2][0]$a$2653 [15] } = { $memory$flatten\u_core.$auto$proc_rom.cc:155:do_switch$967$rdmux[0][2][0]$a$2653 [14] 1'0 }
    Consolidated identical input bits for $mux cell $memory$flatten\u_core.$auto$proc_rom.cc:155:do_switch$971$rdmux[0][3][5]$3060:
      Old ports: A=$memory$flatten\u_core.$auto$proc_rom.cc:155:do_switch$971$rdmux[0][3][5]$a$3061, B=$memory$flatten\u_core.$auto$proc_rom.cc:155:do_switch$971$rdmux[0][3][5]$b$3062, Y=$memory$flatten\u_core.$auto$proc_rom.cc:155:do_switch$971$rdmux[0][2][2]$b$3041
      New ports: A={ $memory$flatten\u_core.$auto$proc_rom.cc:155:do_switch$971$rdmux[0][3][5]$a$3061 [6] $memory$flatten\u_core.$auto$proc_rom.cc:155:do_switch$971$rdmux[0][3][5]$a$3061 [13] $memory$flatten\u_core.$auto$proc_rom.cc:155:do_switch$971$rdmux[0][3][5]$a$3061 [3] $memory$flatten\u_core.$auto$proc_rom.cc:155:do_switch$971$rdmux[0][3][5]$a$3061 [20] $memory$flatten\u_core.$auto$proc_rom.cc:155:do_switch$971$rdmux[0][3][5]$a$3061 [13] $memory$flatten\u_core.$auto$proc_rom.cc:155:do_switch$971$rdmux[0][3][5]$a$3061 [20] $memory$flatten\u_core.$auto$proc_rom.cc:155:do_switch$971$rdmux[0][3][5]$a$3061 [0] $memory$flatten\u_core.$auto$proc_rom.cc:155:do_switch$971$rdmux[0][3][5]$a$3061 [2] $memory$flatten\u_core.$auto$proc_rom.cc:155:do_switch$971$rdmux[0][3][5]$a$3061 [13] $memory$flatten\u_core.$auto$proc_rom.cc:155:do_switch$971$rdmux[0][3][5]$a$3061 [1] 1'0 $memory$flatten\u_core.$auto$proc_rom.cc:155:do_switch$971$rdmux[0][3][5]$a$3061 [3:2] $memory$flatten\u_core.$auto$proc_rom.cc:155:do_switch$971$rdmux[0][3][5]$a$3061 [0] $memory$flatten\u_core.$auto$proc_rom.cc:155:do_switch$971$rdmux[0][3][5]$a$3061 [6] $memory$flatten\u_core.$auto$proc_rom.cc:155:do_switch$971$rdmux[0][3][5]$a$3061 [0] 1'0 $memory$flatten\u_core.$auto$proc_rom.cc:155:do_switch$971$rdmux[0][3][5]$a$3061 [3:0] }, B={ $memory$flatten\u_core.$auto$proc_rom.cc:155:do_switch$971$rdmux[0][3][5]$b$3062 [3] $memory$flatten\u_core.$auto$proc_rom.cc:155:do_switch$971$rdmux[0][3][5]$b$3062 [3] $memory$flatten\u_core.$auto$proc_rom.cc:155:do_switch$971$rdmux[0][3][5]$b$3062 [5] $memory$flatten\u_core.$auto$proc_rom.cc:155:do_switch$971$rdmux[0][3][5]$b$3062 [5] $memory$flatten\u_core.$auto$proc_rom.cc:155:do_switch$971$rdmux[0][3][5]$b$3062 [6] $memory$flatten\u_core.$auto$proc_rom.cc:155:do_switch$971$rdmux[0][3][5]$b$3062 [3] $memory$flatten\u_core.$auto$proc_rom.cc:155:do_switch$971$rdmux[0][3][5]$b$3062 [3] $memory$flatten\u_core.$auto$proc_rom.cc:155:do_switch$971$rdmux[0][3][5]$b$3062 [3] $memory$flatten\u_core.$auto$proc_rom.cc:155:do_switch$971$rdmux[0][3][5]$b$3062 [5] $memory$flatten\u_core.$auto$proc_rom.cc:155:do_switch$971$rdmux[0][3][5]$b$3062 [3] $memory$flatten\u_core.$auto$proc_rom.cc:155:do_switch$971$rdmux[0][3][5]$b$3062 [5] $memory$flatten\u_core.$auto$proc_rom.cc:155:do_switch$971$rdmux[0][3][5]$b$3062 [6:5] $memory$flatten\u_core.$auto$proc_rom.cc:155:do_switch$971$rdmux[0][3][5]$b$3062 [6] $memory$flatten\u_core.$auto$proc_rom.cc:155:do_switch$971$rdmux[0][3][5]$b$3062 [6:5] $memory$flatten\u_core.$auto$proc_rom.cc:155:do_switch$971$rdmux[0][3][5]$b$3062 [3] $memory$flatten\u_core.$auto$proc_rom.cc:155:do_switch$971$rdmux[0][3][5]$b$3062 [3] 3'000 }, Y={ $memory$flatten\u_core.$auto$proc_rom.cc:155:do_switch$971$rdmux[0][2][2]$b$3041 [29] $memory$flatten\u_core.$auto$proc_rom.cc:155:do_switch$971$rdmux[0][2][2]$b$3041 [27:26] $memory$flatten\u_core.$auto$proc_rom.cc:155:do_switch$971$rdmux[0][2][2]$b$3041 [23:22] $memory$flatten\u_core.$auto$proc_rom.cc:155:do_switch$971$rdmux[0][2][2]$b$3041 [20:19] $memory$flatten\u_core.$auto$proc_rom.cc:155:do_switch$971$rdmux[0][2][2]$b$3041 [14:13] $memory$flatten\u_core.$auto$proc_rom.cc:155:do_switch$971$rdmux[0][2][2]$b$3041 [11:0] }
      New connections: { $memory$flatten\u_core.$auto$proc_rom.cc:155:do_switch$971$rdmux[0][2][2]$b$3041 [31:30] $memory$flatten\u_core.$auto$proc_rom.cc:155:do_switch$971$rdmux[0][2][2]$b$3041 [28] $memory$flatten\u_core.$auto$proc_rom.cc:155:do_switch$971$rdmux[0][2][2]$b$3041 [25:24] $memory$flatten\u_core.$auto$proc_rom.cc:155:do_switch$971$rdmux[0][2][2]$b$3041 [21] $memory$flatten\u_core.$auto$proc_rom.cc:155:do_switch$971$rdmux[0][2][2]$b$3041 [18:15] $memory$flatten\u_core.$auto$proc_rom.cc:155:do_switch$971$rdmux[0][2][2]$b$3041 [12] } = { 1'0 $memory$flatten\u_core.$auto$proc_rom.cc:155:do_switch$971$rdmux[0][2][2]$b$3041 [11] $memory$flatten\u_core.$auto$proc_rom.cc:155:do_switch$971$rdmux[0][2][2]$b$3041 [20] $memory$flatten\u_core.$auto$proc_rom.cc:155:do_switch$971$rdmux[0][2][2]$b$3041 [11] $memory$flatten\u_core.$auto$proc_rom.cc:155:do_switch$971$rdmux[0][2][2]$b$3041 [2] $memory$flatten\u_core.$auto$proc_rom.cc:155:do_switch$971$rdmux[0][2][2]$b$3041 [6] $memory$flatten\u_core.$auto$proc_rom.cc:155:do_switch$971$rdmux[0][2][2]$b$3041 [11] $memory$flatten\u_core.$auto$proc_rom.cc:155:do_switch$971$rdmux[0][2][2]$b$3041 [1] $memory$flatten\u_core.$auto$proc_rom.cc:155:do_switch$971$rdmux[0][2][2]$b$3041 [3] $memory$flatten\u_core.$auto$proc_rom.cc:155:do_switch$971$rdmux[0][2][2]$b$3041 [11] $memory$flatten\u_core.$auto$proc_rom.cc:155:do_switch$971$rdmux[0][2][2]$b$3041 [7] }
    Consolidated identical input bits for $mux cell $memory$flatten\u_core.$auto$proc_rom.cc:155:do_switch$971$rdmux[0][3][3]$3054:
      Old ports: A=$memory$flatten\u_core.$auto$proc_rom.cc:155:do_switch$971$rdmux[0][3][3]$a$3055, B=$memory$flatten\u_core.$auto$proc_rom.cc:155:do_switch$971$rdmux[0][3][3]$b$3056, Y=$memory$flatten\u_core.$auto$proc_rom.cc:155:do_switch$971$rdmux[0][2][1]$b$3038
      New ports: A={ $memory$flatten\u_core.$auto$proc_rom.cc:155:do_switch$971$rdmux[0][3][3]$a$3055 [0] $memory$flatten\u_core.$auto$proc_rom.cc:155:do_switch$971$rdmux[0][3][3]$a$3055 [22] $memory$flatten\u_core.$auto$proc_rom.cc:155:do_switch$971$rdmux[0][3][3]$a$3055 [28:27] $memory$flatten\u_core.$auto$proc_rom.cc:155:do_switch$971$rdmux[0][3][3]$a$3055 [18] $memory$flatten\u_core.$auto$proc_rom.cc:155:do_switch$971$rdmux[0][3][3]$a$3055 [11] $memory$flatten\u_core.$auto$proc_rom.cc:155:do_switch$971$rdmux[0][3][3]$a$3055 [24:21] $memory$flatten\u_core.$auto$proc_rom.cc:155:do_switch$971$rdmux[0][3][3]$a$3055 [6] $memory$flatten\u_core.$auto$proc_rom.cc:155:do_switch$971$rdmux[0][3][3]$a$3055 [2] $memory$flatten\u_core.$auto$proc_rom.cc:155:do_switch$971$rdmux[0][3][3]$a$3055 [18:16] $memory$flatten\u_core.$auto$proc_rom.cc:155:do_switch$971$rdmux[0][3][3]$a$3055 [8] $memory$flatten\u_core.$auto$proc_rom.cc:155:do_switch$971$rdmux[0][3][3]$a$3055 [6] $memory$flatten\u_core.$auto$proc_rom.cc:155:do_switch$971$rdmux[0][3][3]$a$3055 [12:10] $memory$flatten\u_core.$auto$proc_rom.cc:155:do_switch$971$rdmux[0][3][3]$a$3055 [0] $memory$flatten\u_core.$auto$proc_rom.cc:155:do_switch$971$rdmux[0][3][3]$a$3055 [8:4] $memory$flatten\u_core.$auto$proc_rom.cc:155:do_switch$971$rdmux[0][3][3]$a$3055 [2] $memory$flatten\u_core.$auto$proc_rom.cc:155:do_switch$971$rdmux[0][3][3]$a$3055 [2:0] }, B={ $memory$flatten\u_core.$auto$proc_rom.cc:155:do_switch$971$rdmux[0][3][3]$b$3056 [1] $memory$flatten\u_core.$auto$proc_rom.cc:155:do_switch$971$rdmux[0][3][3]$b$3056 [29:25] $memory$flatten\u_core.$auto$proc_rom.cc:155:do_switch$971$rdmux[0][3][3]$b$3056 [2] $memory$flatten\u_core.$auto$proc_rom.cc:155:do_switch$971$rdmux[0][3][3]$b$3056 [0] $memory$flatten\u_core.$auto$proc_rom.cc:155:do_switch$971$rdmux[0][3][3]$b$3056 [22:17] $memory$flatten\u_core.$auto$proc_rom.cc:155:do_switch$971$rdmux[0][3][3]$b$3056 [6] $memory$flatten\u_core.$auto$proc_rom.cc:155:do_switch$971$rdmux[0][3][3]$b$3056 [1] 2'00 $memory$flatten\u_core.$auto$proc_rom.cc:155:do_switch$971$rdmux[0][3][3]$b$3056 [11:10] $memory$flatten\u_core.$auto$proc_rom.cc:155:do_switch$971$rdmux[0][3][3]$b$3056 [6] $memory$flatten\u_core.$auto$proc_rom.cc:155:do_switch$971$rdmux[0][3][3]$b$3056 [8:0] }, Y={ $memory$flatten\u_core.$auto$proc_rom.cc:155:do_switch$971$rdmux[0][2][1]$b$3038 [30:15] $memory$flatten\u_core.$auto$proc_rom.cc:155:do_switch$971$rdmux[0][2][1]$b$3038 [13:0] }
      New connections: { $memory$flatten\u_core.$auto$proc_rom.cc:155:do_switch$971$rdmux[0][2][1]$b$3038 [31] $memory$flatten\u_core.$auto$proc_rom.cc:155:do_switch$971$rdmux[0][2][1]$b$3038 [14] } = { $memory$flatten\u_core.$auto$proc_rom.cc:155:do_switch$971$rdmux[0][2][1]$b$3038 [15] 1'0 }
    Consolidated identical input bits for $mux cell $memory$flatten\u_core.$auto$proc_rom.cc:155:do_switch$971$rdmux[0][3][2]$3051:
      Old ports: A=$memory$flatten\u_core.$auto$proc_rom.cc:155:do_switch$971$rdmux[0][3][2]$a$3052, B=$memory$flatten\u_core.$auto$proc_rom.cc:155:do_switch$971$rdmux[0][3][2]$b$3053, Y=$memory$flatten\u_core.$auto$proc_rom.cc:155:do_switch$971$rdmux[0][2][1]$a$3037
      New ports: A={ $memory$flatten\u_core.$auto$proc_rom.cc:155:do_switch$971$rdmux[0][3][2]$a$3052 [31] 2'00 $memory$flatten\u_core.$auto$proc_rom.cc:155:do_switch$971$rdmux[0][3][2]$a$3052 [24] $memory$flatten\u_core.$auto$proc_rom.cc:155:do_switch$971$rdmux[0][3][2]$a$3052 [0] $memory$flatten\u_core.$auto$proc_rom.cc:155:do_switch$971$rdmux[0][3][2]$a$3052 [24:23] $memory$flatten\u_core.$auto$proc_rom.cc:155:do_switch$971$rdmux[0][3][2]$a$3052 [0] $memory$flatten\u_core.$auto$proc_rom.cc:155:do_switch$971$rdmux[0][3][2]$a$3052 [21:19] $memory$flatten\u_core.$auto$proc_rom.cc:155:do_switch$971$rdmux[0][3][2]$a$3052 [8] $memory$flatten\u_core.$auto$proc_rom.cc:155:do_switch$971$rdmux[0][3][2]$a$3052 [14] $memory$flatten\u_core.$auto$proc_rom.cc:155:do_switch$971$rdmux[0][3][2]$a$3052 [7] $memory$flatten\u_core.$auto$proc_rom.cc:155:do_switch$971$rdmux[0][3][2]$a$3052 [14] $memory$flatten\u_core.$auto$proc_rom.cc:155:do_switch$971$rdmux[0][3][2]$a$3052 [14] $memory$flatten\u_core.$auto$proc_rom.cc:155:do_switch$971$rdmux[0][3][2]$a$3052 [8] $memory$flatten\u_core.$auto$proc_rom.cc:155:do_switch$971$rdmux[0][3][2]$a$3052 [12] $memory$flatten\u_core.$auto$proc_rom.cc:155:do_switch$971$rdmux[0][3][2]$a$3052 [3] $memory$flatten\u_core.$auto$proc_rom.cc:155:do_switch$971$rdmux[0][3][2]$a$3052 [0] $memory$flatten\u_core.$auto$proc_rom.cc:155:do_switch$971$rdmux[0][3][2]$a$3052 [9:0] }, B={ $memory$flatten\u_core.$auto$proc_rom.cc:155:do_switch$971$rdmux[0][3][2]$b$3053 [15] $memory$flatten\u_core.$auto$proc_rom.cc:155:do_switch$971$rdmux[0][3][2]$b$3053 [6] $memory$flatten\u_core.$auto$proc_rom.cc:155:do_switch$971$rdmux[0][3][2]$b$3053 [9] $memory$flatten\u_core.$auto$proc_rom.cc:155:do_switch$971$rdmux[0][3][2]$b$3053 [26] $memory$flatten\u_core.$auto$proc_rom.cc:155:do_switch$971$rdmux[0][3][2]$b$3053 [16:15] $memory$flatten\u_core.$auto$proc_rom.cc:155:do_switch$971$rdmux[0][3][2]$b$3053 [23] 1'0 $memory$flatten\u_core.$auto$proc_rom.cc:155:do_switch$971$rdmux[0][3][2]$b$3053 [21:20] $memory$flatten\u_core.$auto$proc_rom.cc:155:do_switch$971$rdmux[0][3][2]$b$3053 [18] $memory$flatten\u_core.$auto$proc_rom.cc:155:do_switch$971$rdmux[0][3][2]$b$3053 [18] $memory$flatten\u_core.$auto$proc_rom.cc:155:do_switch$971$rdmux[0][3][2]$b$3053 [11] $memory$flatten\u_core.$auto$proc_rom.cc:155:do_switch$971$rdmux[0][3][2]$b$3053 [16:14] $memory$flatten\u_core.$auto$proc_rom.cc:155:do_switch$971$rdmux[0][3][2]$b$3053 [6] $memory$flatten\u_core.$auto$proc_rom.cc:155:do_switch$971$rdmux[0][3][2]$b$3053 [12:11] $memory$flatten\u_core.$auto$proc_rom.cc:155:do_switch$971$rdmux[0][3][2]$b$3053 [2] $memory$flatten\u_core.$auto$proc_rom.cc:155:do_switch$971$rdmux[0][3][2]$b$3053 [9:6] $memory$flatten\u_core.$auto$proc_rom.cc:155:do_switch$971$rdmux[0][3][2]$b$3053 [0] 1'0 $memory$flatten\u_core.$auto$proc_rom.cc:155:do_switch$971$rdmux[0][3][2]$b$3053 [3:0] }, Y={ $memory$flatten\u_core.$auto$proc_rom.cc:155:do_switch$971$rdmux[0][2][1]$a$3037 [31] $memory$flatten\u_core.$auto$proc_rom.cc:155:do_switch$971$rdmux[0][2][1]$a$3037 [28:0] }
      New connections: $memory$flatten\u_core.$auto$proc_rom.cc:155:do_switch$971$rdmux[0][2][1]$a$3037 [30:29] = 2'00
    Consolidated identical input bits for $mux cell $memory$flatten\u_core.$auto$proc_rom.cc:155:do_switch$971$rdmux[0][3][0]$3045:
      Old ports: A=$memory$flatten\u_core.$auto$proc_rom.cc:155:do_switch$971$rdmux[0][3][0]$a$3046, B=$memory$flatten\u_core.$auto$proc_rom.cc:155:do_switch$971$rdmux[0][3][0]$b$3047, Y=$memory$flatten\u_core.$auto$proc_rom.cc:155:do_switch$971$rdmux[0][2][0]$a$3034
      New ports: A={ $memory$flatten\u_core.$auto$proc_rom.cc:155:do_switch$971$rdmux[0][3][0]$a$3046 [11:10] $memory$flatten\u_core.$auto$proc_rom.cc:155:do_switch$971$rdmux[0][3][0]$a$3046 [28] $memory$flatten\u_core.$auto$proc_rom.cc:155:do_switch$971$rdmux[0][3][0]$a$3046 [4] $memory$flatten\u_core.$auto$proc_rom.cc:155:do_switch$971$rdmux[0][3][0]$a$3046 [26:21] $memory$flatten\u_core.$auto$proc_rom.cc:155:do_switch$971$rdmux[0][3][0]$a$3046 [9] $memory$flatten\u_core.$auto$proc_rom.cc:155:do_switch$971$rdmux[0][3][0]$a$3046 [4] $memory$flatten\u_core.$auto$proc_rom.cc:155:do_switch$971$rdmux[0][3][0]$a$3046 [1] $memory$flatten\u_core.$auto$proc_rom.cc:155:do_switch$971$rdmux[0][3][0]$a$3046 [17:16] $memory$flatten\u_core.$auto$proc_rom.cc:155:do_switch$971$rdmux[0][3][0]$a$3046 [11] $memory$flatten\u_core.$auto$proc_rom.cc:155:do_switch$971$rdmux[0][3][0]$a$3046 [11] $memory$flatten\u_core.$auto$proc_rom.cc:155:do_switch$971$rdmux[0][3][0]$a$3046 [11] $memory$flatten\u_core.$auto$proc_rom.cc:155:do_switch$971$rdmux[0][3][0]$a$3046 [11:0] }, B={ $memory$flatten\u_core.$auto$proc_rom.cc:155:do_switch$971$rdmux[0][3][0]$b$3047 [30:16] 1'1 $memory$flatten\u_core.$auto$proc_rom.cc:155:do_switch$971$rdmux[0][3][0]$b$3047 [13:0] }, Y={ $memory$flatten\u_core.$auto$proc_rom.cc:155:do_switch$971$rdmux[0][2][0]$a$3034 [30:16] $memory$flatten\u_core.$auto$proc_rom.cc:155:do_switch$971$rdmux[0][2][0]$a$3034 [14:0] }
      New connections: { $memory$flatten\u_core.$auto$proc_rom.cc:155:do_switch$971$rdmux[0][2][0]$a$3034 [31] $memory$flatten\u_core.$auto$proc_rom.cc:155:do_switch$971$rdmux[0][2][0]$a$3034 [15] } = { $memory$flatten\u_core.$auto$proc_rom.cc:155:do_switch$971$rdmux[0][2][0]$a$3034 [14] 1'0 }
    Consolidated identical input bits for $mux cell $memory$flatten\u_core.$auto$proc_rom.cc:155:do_switch$971$rdmux[0][3][4]$3057:
      Old ports: A=$memory$flatten\u_core.$auto$proc_rom.cc:155:do_switch$971$rdmux[0][3][4]$a$3058, B=$memory$flatten\u_core.$auto$proc_rom.cc:155:do_switch$971$rdmux[0][3][4]$b$3059, Y=$memory$flatten\u_core.$auto$proc_rom.cc:155:do_switch$971$rdmux[0][2][2]$a$3040
      New ports: A={ 1'0 $memory$flatten\u_core.$auto$proc_rom.cc:155:do_switch$971$rdmux[0][3][4]$a$3058 [1] $memory$flatten\u_core.$auto$proc_rom.cc:155:do_switch$971$rdmux[0][3][4]$a$3058 [6] $memory$flatten\u_core.$auto$proc_rom.cc:155:do_switch$971$rdmux[0][3][4]$a$3058 [3] $memory$flatten\u_core.$auto$proc_rom.cc:155:do_switch$971$rdmux[0][3][4]$a$3058 [3] 3'000 $memory$flatten\u_core.$auto$proc_rom.cc:155:do_switch$971$rdmux[0][3][4]$a$3058 [6] $memory$flatten\u_core.$auto$proc_rom.cc:155:do_switch$971$rdmux[0][3][4]$a$3058 [6] $memory$flatten\u_core.$auto$proc_rom.cc:155:do_switch$971$rdmux[0][3][4]$a$3058 [1] $memory$flatten\u_core.$auto$proc_rom.cc:155:do_switch$971$rdmux[0][3][4]$a$3058 [6] 1'0 $memory$flatten\u_core.$auto$proc_rom.cc:155:do_switch$971$rdmux[0][3][4]$a$3058 [1] $memory$flatten\u_core.$auto$proc_rom.cc:155:do_switch$971$rdmux[0][3][4]$a$3058 [3] $memory$flatten\u_core.$auto$proc_rom.cc:155:do_switch$971$rdmux[0][3][4]$a$3058 [1] }, B={ $memory$flatten\u_core.$auto$proc_rom.cc:155:do_switch$971$rdmux[0][3][4]$b$3059 [7] 1'0 $memory$flatten\u_core.$auto$proc_rom.cc:155:do_switch$971$rdmux[0][3][4]$b$3059 [12] $memory$flatten\u_core.$auto$proc_rom.cc:155:do_switch$971$rdmux[0][3][4]$b$3059 [4] $memory$flatten\u_core.$auto$proc_rom.cc:155:do_switch$971$rdmux[0][3][4]$b$3059 [1] $memory$flatten\u_core.$auto$proc_rom.cc:155:do_switch$971$rdmux[0][3][4]$b$3059 [12] $memory$flatten\u_core.$auto$proc_rom.cc:155:do_switch$971$rdmux[0][3][4]$b$3059 [3] $memory$flatten\u_core.$auto$proc_rom.cc:155:do_switch$971$rdmux[0][3][4]$b$3059 [10:9] $memory$flatten\u_core.$auto$proc_rom.cc:155:do_switch$971$rdmux[0][3][4]$b$3059 [3] $memory$flatten\u_core.$auto$proc_rom.cc:155:do_switch$971$rdmux[0][3][4]$b$3059 [7] 1'0 $memory$flatten\u_core.$auto$proc_rom.cc:155:do_switch$971$rdmux[0][3][4]$b$3059 [4] $memory$flatten\u_core.$auto$proc_rom.cc:155:do_switch$971$rdmux[0][3][4]$b$3059 [4:3] $memory$flatten\u_core.$auto$proc_rom.cc:155:do_switch$971$rdmux[0][3][4]$b$3059 [1] }, Y={ $memory$flatten\u_core.$auto$proc_rom.cc:155:do_switch$971$rdmux[0][2][2]$a$3040 [29] $memory$flatten\u_core.$auto$proc_rom.cc:155:do_switch$971$rdmux[0][2][2]$a$3040 [26] $memory$flatten\u_core.$auto$proc_rom.cc:155:do_switch$971$rdmux[0][2][2]$a$3040 [24:23] $memory$flatten\u_core.$auto$proc_rom.cc:155:do_switch$971$rdmux[0][2][2]$a$3040 [18] $memory$flatten\u_core.$auto$proc_rom.cc:155:do_switch$971$rdmux[0][2][2]$a$3040 [12:3] $memory$flatten\u_core.$auto$proc_rom.cc:155:do_switch$971$rdmux[0][2][2]$a$3040 [1] }
      New connections: { $memory$flatten\u_core.$auto$proc_rom.cc:155:do_switch$971$rdmux[0][2][2]$a$3040 [31:30] $memory$flatten\u_core.$auto$proc_rom.cc:155:do_switch$971$rdmux[0][2][2]$a$3040 [28:27] $memory$flatten\u_core.$auto$proc_rom.cc:155:do_switch$971$rdmux[0][2][2]$a$3040 [25] $memory$flatten\u_core.$auto$proc_rom.cc:155:do_switch$971$rdmux[0][2][2]$a$3040 [22:19] $memory$flatten\u_core.$auto$proc_rom.cc:155:do_switch$971$rdmux[0][2][2]$a$3040 [17:13] $memory$flatten\u_core.$auto$proc_rom.cc:155:do_switch$971$rdmux[0][2][2]$a$3040 [2] $memory$flatten\u_core.$auto$proc_rom.cc:155:do_switch$971$rdmux[0][2][2]$a$3040 [0] } = { 1'0 $memory$flatten\u_core.$auto$proc_rom.cc:155:do_switch$971$rdmux[0][2][2]$a$3040 [12] $memory$flatten\u_core.$auto$proc_rom.cc:155:do_switch$971$rdmux[0][2][2]$a$3040 [8] $memory$flatten\u_core.$auto$proc_rom.cc:155:do_switch$971$rdmux[0][2][2]$a$3040 [26] $memory$flatten\u_core.$auto$proc_rom.cc:155:do_switch$971$rdmux[0][2][2]$a$3040 [6:5] $memory$flatten\u_core.$auto$proc_rom.cc:155:do_switch$971$rdmux[0][2][2]$a$3040 [11] $memory$flatten\u_core.$auto$proc_rom.cc:155:do_switch$971$rdmux[0][2][2]$a$3040 [8] $memory$flatten\u_core.$auto$proc_rom.cc:155:do_switch$971$rdmux[0][2][2]$a$3040 [4] $memory$flatten\u_core.$auto$proc_rom.cc:155:do_switch$971$rdmux[0][2][2]$a$3040 [9] 1'0 $memory$flatten\u_core.$auto$proc_rom.cc:155:do_switch$971$rdmux[0][2][2]$a$3040 [1] 2'00 $memory$flatten\u_core.$auto$proc_rom.cc:155:do_switch$971$rdmux[0][2][2]$a$3040 [1] 1'0 }
    Consolidated identical input bits for $mux cell $memory$flatten\u_core.$auto$proc_rom.cc:155:do_switch$971$rdmux[0][3][1]$3048:
      Old ports: A=$memory$flatten\u_core.$auto$proc_rom.cc:155:do_switch$971$rdmux[0][3][1]$a$3049, B=$memory$flatten\u_core.$auto$proc_rom.cc:155:do_switch$971$rdmux[0][3][1]$b$3050, Y=$memory$flatten\u_core.$auto$proc_rom.cc:155:do_switch$971$rdmux[0][2][0]$b$3035
      New ports: A={ $memory$flatten\u_core.$auto$proc_rom.cc:155:do_switch$971$rdmux[0][3][1]$a$3049 [29:20] $memory$flatten\u_core.$auto$proc_rom.cc:155:do_switch$971$rdmux[0][3][1]$a$3049 [12] $memory$flatten\u_core.$auto$proc_rom.cc:155:do_switch$971$rdmux[0][3][1]$a$3049 [18:16] $memory$flatten\u_core.$auto$proc_rom.cc:155:do_switch$971$rdmux[0][3][1]$a$3049 [14:0] }, B={ 2'00 $memory$flatten\u_core.$auto$proc_rom.cc:155:do_switch$971$rdmux[0][3][1]$b$3050 [27:20] $memory$flatten\u_core.$auto$proc_rom.cc:155:do_switch$971$rdmux[0][3][1]$b$3050 [2] $memory$flatten\u_core.$auto$proc_rom.cc:155:do_switch$971$rdmux[0][3][1]$b$3050 [18] 1'1 $memory$flatten\u_core.$auto$proc_rom.cc:155:do_switch$971$rdmux[0][3][1]$b$3050 [16] 1'0 $memory$flatten\u_core.$auto$proc_rom.cc:155:do_switch$971$rdmux[0][3][1]$b$3050 [13:4] 1'1 $memory$flatten\u_core.$auto$proc_rom.cc:155:do_switch$971$rdmux[0][3][1]$b$3050 [2:0] }, Y={ $memory$flatten\u_core.$auto$proc_rom.cc:155:do_switch$971$rdmux[0][2][0]$b$3035 [29:16] $memory$flatten\u_core.$auto$proc_rom.cc:155:do_switch$971$rdmux[0][2][0]$b$3035 [14:0] }
      New connections: { $memory$flatten\u_core.$auto$proc_rom.cc:155:do_switch$971$rdmux[0][2][0]$b$3035 [31:30] $memory$flatten\u_core.$auto$proc_rom.cc:155:do_switch$971$rdmux[0][2][0]$b$3035 [15] } = 3'100
  Optimizing cells in module \peweaver_ppa_shared_fft.
    Consolidated identical input bits for $mux cell $memory$flatten\u_core.$auto$proc_rom.cc:155:do_switch$967$rdmux[0][2][2]$2658:
      Old ports: A=$memory$flatten\u_core.$auto$proc_rom.cc:155:do_switch$967$rdmux[0][2][2]$a$2659, B=$memory$flatten\u_core.$auto$proc_rom.cc:155:do_switch$967$rdmux[0][2][2]$b$2660, Y=$memory$flatten\u_core.$auto$proc_rom.cc:155:do_switch$967$rdmux[0][1][1]$a$2650
      New ports: A={ $memory$flatten\u_core.$auto$proc_rom.cc:155:do_switch$967$rdmux[0][2][2]$a$2659 [12] $memory$flatten\u_core.$auto$proc_rom.cc:155:do_switch$967$rdmux[0][2][2]$a$2659 [29] $memory$flatten\u_core.$auto$proc_rom.cc:155:do_switch$967$rdmux[0][2][2]$a$2659 [26] $memory$flatten\u_core.$auto$proc_rom.cc:155:do_switch$967$rdmux[0][2][2]$a$2659 [26] $memory$flatten\u_core.$auto$proc_rom.cc:155:do_switch$967$rdmux[0][2][2]$a$2659 [6] $memory$flatten\u_core.$auto$proc_rom.cc:155:do_switch$967$rdmux[0][2][2]$a$2659 [24:23] $memory$flatten\u_core.$auto$proc_rom.cc:155:do_switch$967$rdmux[0][2][2]$a$2659 [5] $memory$flatten\u_core.$auto$proc_rom.cc:155:do_switch$967$rdmux[0][2][2]$a$2659 [11] $memory$flatten\u_core.$auto$proc_rom.cc:155:do_switch$967$rdmux[0][2][2]$a$2659 [8] $memory$flatten\u_core.$auto$proc_rom.cc:155:do_switch$967$rdmux[0][2][2]$a$2659 [4] $memory$flatten\u_core.$auto$proc_rom.cc:155:do_switch$967$rdmux[0][2][2]$a$2659 [18] $memory$flatten\u_core.$auto$proc_rom.cc:155:do_switch$967$rdmux[0][2][2]$a$2659 [9] 1'0 $memory$flatten\u_core.$auto$proc_rom.cc:155:do_switch$967$rdmux[0][2][2]$a$2659 [1] 2'00 $memory$flatten\u_core.$auto$proc_rom.cc:155:do_switch$967$rdmux[0][2][2]$a$2659 [12:3] $memory$flatten\u_core.$auto$proc_rom.cc:155:do_switch$967$rdmux[0][2][2]$a$2659 [1] $memory$flatten\u_core.$auto$proc_rom.cc:155:do_switch$967$rdmux[0][2][2]$a$2659 [1] 1'0 }, B={ $memory$flatten\u_core.$auto$proc_rom.cc:155:do_switch$967$rdmux[0][2][2]$b$2660 [11] $memory$flatten\u_core.$auto$proc_rom.cc:155:do_switch$967$rdmux[0][2][2]$b$2660 [29] $memory$flatten\u_core.$auto$proc_rom.cc:155:do_switch$967$rdmux[0][2][2]$b$2660 [27:26] $memory$flatten\u_core.$auto$proc_rom.cc:155:do_switch$967$rdmux[0][2][2]$b$2660 [11] $memory$flatten\u_core.$auto$proc_rom.cc:155:do_switch$967$rdmux[0][2][2]$b$2660 [2] $memory$flatten\u_core.$auto$proc_rom.cc:155:do_switch$967$rdmux[0][2][2]$b$2660 [23:22] $memory$flatten\u_core.$auto$proc_rom.cc:155:do_switch$967$rdmux[0][2][2]$b$2660 [6] $memory$flatten\u_core.$auto$proc_rom.cc:155:do_switch$967$rdmux[0][2][2]$b$2660 [20:19] $memory$flatten\u_core.$auto$proc_rom.cc:155:do_switch$967$rdmux[0][2][2]$b$2660 [11] $memory$flatten\u_core.$auto$proc_rom.cc:155:do_switch$967$rdmux[0][2][2]$b$2660 [1] $memory$flatten\u_core.$auto$proc_rom.cc:155:do_switch$967$rdmux[0][2][2]$b$2660 [3] $memory$flatten\u_core.$auto$proc_rom.cc:155:do_switch$967$rdmux[0][2][2]$b$2660 [11] $memory$flatten\u_core.$auto$proc_rom.cc:155:do_switch$967$rdmux[0][2][2]$b$2660 [14:13] $memory$flatten\u_core.$auto$proc_rom.cc:155:do_switch$967$rdmux[0][2][2]$b$2660 [7] $memory$flatten\u_core.$auto$proc_rom.cc:155:do_switch$967$rdmux[0][2][2]$b$2660 [11:0] }, Y={ $memory$flatten\u_core.$auto$proc_rom.cc:155:do_switch$967$rdmux[0][1][1]$a$2650 [30:29] $memory$flatten\u_core.$auto$proc_rom.cc:155:do_switch$967$rdmux[0][1][1]$a$2650 [27:0] }
      New connections: { $memory$flatten\u_core.$auto$proc_rom.cc:155:do_switch$967$rdmux[0][1][1]$a$2650 [31] $memory$flatten\u_core.$auto$proc_rom.cc:155:do_switch$967$rdmux[0][1][1]$a$2650 [28] } = { 1'0 $memory$flatten\u_core.$auto$proc_rom.cc:155:do_switch$967$rdmux[0][1][1]$a$2650 [20] }
    Consolidated identical input bits for $mux cell $memory$flatten\u_core.$auto$proc_rom.cc:155:do_switch$967$rdmux[0][2][0]$2652:
      Old ports: A=$memory$flatten\u_core.$auto$proc_rom.cc:155:do_switch$967$rdmux[0][2][0]$a$2653, B=$memory$flatten\u_core.$auto$proc_rom.cc:155:do_switch$967$rdmux[0][2][0]$b$2654, Y=$memory$flatten\u_core.$auto$proc_rom.cc:155:do_switch$967$rdmux[0][1][0]$a$2647
      New ports: A={ $memory$flatten\u_core.$auto$proc_rom.cc:155:do_switch$967$rdmux[0][2][0]$a$2653 [14] $memory$flatten\u_core.$auto$proc_rom.cc:155:do_switch$967$rdmux[0][2][0]$a$2653 [30:16] $memory$flatten\u_core.$auto$proc_rom.cc:155:do_switch$967$rdmux[0][2][0]$a$2653 [14:0] }, B={ 2'10 $memory$flatten\u_core.$auto$proc_rom.cc:155:do_switch$967$rdmux[0][2][0]$b$2654 [29:16] $memory$flatten\u_core.$auto$proc_rom.cc:155:do_switch$967$rdmux[0][2][0]$b$2654 [14:0] }, Y={ $memory$flatten\u_core.$auto$proc_rom.cc:155:do_switch$967$rdmux[0][1][0]$a$2647 [31:16] $memory$flatten\u_core.$auto$proc_rom.cc:155:do_switch$967$rdmux[0][1][0]$a$2647 [14:0] }
      New connections: $memory$flatten\u_core.$auto$proc_rom.cc:155:do_switch$967$rdmux[0][1][0]$a$2647 [15] = 1'0
    Consolidated identical input bits for $mux cell $memory$flatten\u_core.$auto$proc_rom.cc:155:do_switch$971$rdmux[0][2][2]$3039:
      Old ports: A=$memory$flatten\u_core.$auto$proc_rom.cc:155:do_switch$971$rdmux[0][2][2]$a$3040, B=$memory$flatten\u_core.$auto$proc_rom.cc:155:do_switch$971$rdmux[0][2][2]$b$3041, Y=$memory$flatten\u_core.$auto$proc_rom.cc:155:do_switch$971$rdmux[0][1][1]$a$3031
      New ports: A={ $memory$flatten\u_core.$auto$proc_rom.cc:155:do_switch$971$rdmux[0][2][2]$a$3040 [12] $memory$flatten\u_core.$auto$proc_rom.cc:155:do_switch$971$rdmux[0][2][2]$a$3040 [29] $memory$flatten\u_core.$auto$proc_rom.cc:155:do_switch$971$rdmux[0][2][2]$a$3040 [26] $memory$flatten\u_core.$auto$proc_rom.cc:155:do_switch$971$rdmux[0][2][2]$a$3040 [26] $memory$flatten\u_core.$auto$proc_rom.cc:155:do_switch$971$rdmux[0][2][2]$a$3040 [6] $memory$flatten\u_core.$auto$proc_rom.cc:155:do_switch$971$rdmux[0][2][2]$a$3040 [24:23] $memory$flatten\u_core.$auto$proc_rom.cc:155:do_switch$971$rdmux[0][2][2]$a$3040 [5] $memory$flatten\u_core.$auto$proc_rom.cc:155:do_switch$971$rdmux[0][2][2]$a$3040 [11] $memory$flatten\u_core.$auto$proc_rom.cc:155:do_switch$971$rdmux[0][2][2]$a$3040 [8] $memory$flatten\u_core.$auto$proc_rom.cc:155:do_switch$971$rdmux[0][2][2]$a$3040 [4] $memory$flatten\u_core.$auto$proc_rom.cc:155:do_switch$971$rdmux[0][2][2]$a$3040 [18] $memory$flatten\u_core.$auto$proc_rom.cc:155:do_switch$971$rdmux[0][2][2]$a$3040 [9] 1'0 $memory$flatten\u_core.$auto$proc_rom.cc:155:do_switch$971$rdmux[0][2][2]$a$3040 [1] 2'00 $memory$flatten\u_core.$auto$proc_rom.cc:155:do_switch$971$rdmux[0][2][2]$a$3040 [12:3] $memory$flatten\u_core.$auto$proc_rom.cc:155:do_switch$971$rdmux[0][2][2]$a$3040 [1] $memory$flatten\u_core.$auto$proc_rom.cc:155:do_switch$971$rdmux[0][2][2]$a$3040 [1] 1'0 }, B={ $memory$flatten\u_core.$auto$proc_rom.cc:155:do_switch$971$rdmux[0][2][2]$b$3041 [11] $memory$flatten\u_core.$auto$proc_rom.cc:155:do_switch$971$rdmux[0][2][2]$b$3041 [29] $memory$flatten\u_core.$auto$proc_rom.cc:155:do_switch$971$rdmux[0][2][2]$b$3041 [27:26] $memory$flatten\u_core.$auto$proc_rom.cc:155:do_switch$971$rdmux[0][2][2]$b$3041 [11] $memory$flatten\u_core.$auto$proc_rom.cc:155:do_switch$971$rdmux[0][2][2]$b$3041 [2] $memory$flatten\u_core.$auto$proc_rom.cc:155:do_switch$971$rdmux[0][2][2]$b$3041 [23:22] $memory$flatten\u_core.$auto$proc_rom.cc:155:do_switch$971$rdmux[0][2][2]$b$3041 [6] $memory$flatten\u_core.$auto$proc_rom.cc:155:do_switch$971$rdmux[0][2][2]$b$3041 [20:19] $memory$flatten\u_core.$auto$proc_rom.cc:155:do_switch$971$rdmux[0][2][2]$b$3041 [11] $memory$flatten\u_core.$auto$proc_rom.cc:155:do_switch$971$rdmux[0][2][2]$b$3041 [1] $memory$flatten\u_core.$auto$proc_rom.cc:155:do_switch$971$rdmux[0][2][2]$b$3041 [3] $memory$flatten\u_core.$auto$proc_rom.cc:155:do_switch$971$rdmux[0][2][2]$b$3041 [11] $memory$flatten\u_core.$auto$proc_rom.cc:155:do_switch$971$rdmux[0][2][2]$b$3041 [14:13] $memory$flatten\u_core.$auto$proc_rom.cc:155:do_switch$971$rdmux[0][2][2]$b$3041 [7] $memory$flatten\u_core.$auto$proc_rom.cc:155:do_switch$971$rdmux[0][2][2]$b$3041 [11:0] }, Y={ $memory$flatten\u_core.$auto$proc_rom.cc:155:do_switch$971$rdmux[0][1][1]$a$3031 [30:29] $memory$flatten\u_core.$auto$proc_rom.cc:155:do_switch$971$rdmux[0][1][1]$a$3031 [27:0] }
      New connections: { $memory$flatten\u_core.$auto$proc_rom.cc:155:do_switch$971$rdmux[0][1][1]$a$3031 [31] $memory$flatten\u_core.$auto$proc_rom.cc:155:do_switch$971$rdmux[0][1][1]$a$3031 [28] } = { 1'0 $memory$flatten\u_core.$auto$proc_rom.cc:155:do_switch$971$rdmux[0][1][1]$a$3031 [20] }
    Consolidated identical input bits for $mux cell $memory$flatten\u_core.$auto$proc_rom.cc:155:do_switch$971$rdmux[0][2][0]$3033:
      Old ports: A=$memory$flatten\u_core.$auto$proc_rom.cc:155:do_switch$971$rdmux[0][2][0]$a$3034, B=$memory$flatten\u_core.$auto$proc_rom.cc:155:do_switch$971$rdmux[0][2][0]$b$3035, Y=$memory$flatten\u_core.$auto$proc_rom.cc:155:do_switch$971$rdmux[0][1][0]$a$3028
      New ports: A={ $memory$flatten\u_core.$auto$proc_rom.cc:155:do_switch$971$rdmux[0][2][0]$a$3034 [14] $memory$flatten\u_core.$auto$proc_rom.cc:155:do_switch$971$rdmux[0][2][0]$a$3034 [30:16] $memory$flatten\u_core.$auto$proc_rom.cc:155:do_switch$971$rdmux[0][2][0]$a$3034 [14:0] }, B={ 2'10 $memory$flatten\u_core.$auto$proc_rom.cc:155:do_switch$971$rdmux[0][2][0]$b$3035 [29:16] $memory$flatten\u_core.$auto$proc_rom.cc:155:do_switch$971$rdmux[0][2][0]$b$3035 [14:0] }, Y={ $memory$flatten\u_core.$auto$proc_rom.cc:155:do_switch$971$rdmux[0][1][0]$a$3028 [31:16] $memory$flatten\u_core.$auto$proc_rom.cc:155:do_switch$971$rdmux[0][1][0]$a$3028 [14:0] }
      New connections: $memory$flatten\u_core.$auto$proc_rom.cc:155:do_switch$971$rdmux[0][1][0]$a$3028 [15] = 1'0
  Optimizing cells in module \peweaver_ppa_shared_fft.
    Consolidated identical input bits for $mux cell $memory$flatten\u_core.$auto$proc_rom.cc:155:do_switch$967$rdmux[0][1][1]$2649:
      Old ports: A=$memory$flatten\u_core.$auto$proc_rom.cc:155:do_switch$967$rdmux[0][1][1]$a$2650, B=0, Y=$memory$flatten\u_core.$auto$proc_rom.cc:155:do_switch$967$rdmux[0][0][0]$b$2645
      New ports: A={ $memory$flatten\u_core.$auto$proc_rom.cc:155:do_switch$967$rdmux[0][1][1]$a$2650 [30:29] $memory$flatten\u_core.$auto$proc_rom.cc:155:do_switch$967$rdmux[0][1][1]$a$2650 [27:0] }, B=30'000000000000000000000000000000, Y={ $memory$flatten\u_core.$auto$proc_rom.cc:155:do_switch$967$rdmux[0][0][0]$b$2645 [30:29] $memory$flatten\u_core.$auto$proc_rom.cc:155:do_switch$967$rdmux[0][0][0]$b$2645 [27:0] }
      New connections: { $memory$flatten\u_core.$auto$proc_rom.cc:155:do_switch$967$rdmux[0][0][0]$b$2645 [31] $memory$flatten\u_core.$auto$proc_rom.cc:155:do_switch$967$rdmux[0][0][0]$b$2645 [28] } = { 1'0 $memory$flatten\u_core.$auto$proc_rom.cc:155:do_switch$967$rdmux[0][0][0]$b$2645 [20] }
    Consolidated identical input bits for $mux cell $memory$flatten\u_core.$auto$proc_rom.cc:155:do_switch$971$rdmux[0][1][1]$3030:
      Old ports: A=$memory$flatten\u_core.$auto$proc_rom.cc:155:do_switch$971$rdmux[0][1][1]$a$3031, B=0, Y=$memory$flatten\u_core.$auto$proc_rom.cc:155:do_switch$971$rdmux[0][0][0]$b$3026
      New ports: A={ $memory$flatten\u_core.$auto$proc_rom.cc:155:do_switch$971$rdmux[0][1][1]$a$3031 [30:29] $memory$flatten\u_core.$auto$proc_rom.cc:155:do_switch$971$rdmux[0][1][1]$a$3031 [27:0] }, B=30'000000000000000000000000000000, Y={ $memory$flatten\u_core.$auto$proc_rom.cc:155:do_switch$971$rdmux[0][0][0]$b$3026 [30:29] $memory$flatten\u_core.$auto$proc_rom.cc:155:do_switch$971$rdmux[0][0][0]$b$3026 [27:0] }
      New connections: { $memory$flatten\u_core.$auto$proc_rom.cc:155:do_switch$971$rdmux[0][0][0]$b$3026 [31] $memory$flatten\u_core.$auto$proc_rom.cc:155:do_switch$971$rdmux[0][0][0]$b$3026 [28] } = { 1'0 $memory$flatten\u_core.$auto$proc_rom.cc:155:do_switch$971$rdmux[0][0][0]$b$3026 [20] }
  Optimizing cells in module \peweaver_ppa_shared_fft.
Performed a total of 184 changes.

4.21.5. Executing OPT_MERGE pass (detect identical cells).
Finding identical cells in module `\peweaver_ppa_shared_fft'.
Computing hashes of 871 cells of `\peweaver_ppa_shared_fft'.
Finding duplicate cells in `\peweaver_ppa_shared_fft'.
Computing hashes of 790 cells of `\peweaver_ppa_shared_fft'.
Finding duplicate cells in `\peweaver_ppa_shared_fft'.
Computing hashes of 780 cells of `\peweaver_ppa_shared_fft'.
Finding duplicate cells in `\peweaver_ppa_shared_fft'.
<suppressed ~273 debug messages>
Removed a total of 91 cells.

4.21.6. Executing OPT_SHARE pass.
    Found cells that share an operand and can be merged by moving the $mux $flatten\u_core.$ternary$rtl/peweaver_shared_fft.v:685$734 in front of them:
        $flatten\u_core.$eq$rtl/peweaver_shared_fft.v:685$732
        $flatten\u_core.$eq$rtl/peweaver_shared_fft.v:685$733

    Found cells that share an operand and can be merged by moving the $mux $flatten\u_core.$ternary$rtl/peweaver_shared_fft.v:373$626 in front of them:
        $flatten\u_core.$eq$rtl/peweaver_shared_fft.v:373$624
        $flatten\u_core.$eq$rtl/peweaver_shared_fft.v:373$625

    Found cells that share an operand and can be merged by moving the $mux $flatten\u_core.$ternary$rtl/peweaver_shared_fft.v:50$518 in front of them:
        $flatten\u_core.$eq$rtl/peweaver_shared_fft.v:50$516
        $flatten\u_core.$eq$rtl/peweaver_shared_fft.v:50$517

4.21.7. Executing OPT_DFF pass (perform DFF optimizations).
Adding SRST signal on $$flatten\u_core.$auto$proc_rom.cc:155:do_switch$963$rdreg[0] ($dff) from module peweaver_ppa_shared_fft (D = $memory$flatten\u_core.$auto$proc_rom.cc:155:do_switch$963$rdmux[0][0][0]$a$2263 [31], Q = \u_core.s3_twi [15], rval = 1'0).

4.21.8. Executing OPT_CLEAN pass (remove unused cells and wires).
Finding unused cells or wires in module \peweaver_ppa_shared_fft..
Removed 0 unused cells and 678 unused wires.
<suppressed ~1 debug messages>

4.21.9. Executing OPT_EXPR pass (perform const folding).
Optimizing module peweaver_ppa_shared_fft.
<suppressed ~123 debug messages>

4.21.10. Rerunning OPT passes. (Maybe there is more to do..)

4.21.11. Executing OPT_MUXTREE pass (detect dead branches in mux trees).
Running muxtree optimizer on module \peweaver_ppa_shared_fft..
  Creating internal representation of mux trees.
  Evaluating internal representation of mux trees.
  Analyzing evaluation results.
    dead port 2/32 on $pmux $flatten\u_core.$procmux$1282.
    dead port 3/32 on $pmux $flatten\u_core.$procmux$1282.
    dead port 4/32 on $pmux $flatten\u_core.$procmux$1282.
    dead port 5/32 on $pmux $flatten\u_core.$procmux$1282.
    dead port 6/32 on $pmux $flatten\u_core.$procmux$1282.
    dead port 7/32 on $pmux $flatten\u_core.$procmux$1282.
    dead port 8/32 on $pmux $flatten\u_core.$procmux$1282.
    dead port 9/32 on $pmux $flatten\u_core.$procmux$1282.
    dead port 10/32 on $pmux $flatten\u_core.$procmux$1282.
    dead port 11/32 on $pmux $flatten\u_core.$procmux$1282.
    dead port 12/32 on $pmux $flatten\u_core.$procmux$1282.
    dead port 13/32 on $pmux $flatten\u_core.$procmux$1282.
    dead port 14/32 on $pmux $flatten\u_core.$procmux$1282.
    dead port 15/32 on $pmux $flatten\u_core.$procmux$1282.
    dead port 16/32 on $pmux $flatten\u_core.$procmux$1282.
    dead port 18/32 on $pmux $flatten\u_core.$procmux$1282.
    dead port 19/32 on $pmux $flatten\u_core.$procmux$1282.
    dead port 20/32 on $pmux $flatten\u_core.$procmux$1282.
    dead port 21/32 on $pmux $flatten\u_core.$procmux$1282.
    dead port 22/32 on $pmux $flatten\u_core.$procmux$1282.
    dead port 23/32 on $pmux $flatten\u_core.$procmux$1282.
    dead port 24/32 on $pmux $flatten\u_core.$procmux$1282.
    dead port 25/32 on $pmux $flatten\u_core.$procmux$1282.
    dead port 26/32 on $pmux $flatten\u_core.$procmux$1282.
    dead port 27/32 on $pmux $flatten\u_core.$procmux$1282.
    dead port 28/32 on $pmux $flatten\u_core.$procmux$1282.
    dead port 29/32 on $pmux $flatten\u_core.$procmux$1282.
    dead port 30/32 on $pmux $flatten\u_core.$procmux$1282.
    dead port 31/32 on $pmux $flatten\u_core.$procmux$1282.
    dead port 2/32 on $pmux $flatten\u_core.$procmux$1315.
    dead port 3/32 on $pmux $flatten\u_core.$procmux$1315.
    dead port 4/32 on $pmux $flatten\u_core.$procmux$1315.
    dead port 5/32 on $pmux $flatten\u_core.$procmux$1315.
    dead port 6/32 on $pmux $flatten\u_core.$procmux$1315.
    dead port 7/32 on $pmux $flatten\u_core.$procmux$1315.
    dead port 8/32 on $pmux $flatten\u_core.$procmux$1315.
    dead port 9/32 on $pmux $flatten\u_core.$procmux$1315.
    dead port 10/32 on $pmux $flatten\u_core.$procmux$1315.
    dead port 11/32 on $pmux $flatten\u_core.$procmux$1315.
    dead port 12/32 on $pmux $flatten\u_core.$procmux$1315.
    dead port 13/32 on $pmux $flatten\u_core.$procmux$1315.
    dead port 14/32 on $pmux $flatten\u_core.$procmux$1315.
    dead port 15/32 on $pmux $flatten\u_core.$procmux$1315.
    dead port 16/32 on $pmux $flatten\u_core.$procmux$1315.
    dead port 18/32 on $pmux $flatten\u_core.$procmux$1315.
    dead port 19/32 on $pmux $flatten\u_core.$procmux$1315.
    dead port 20/32 on $pmux $flatten\u_core.$procmux$1315.
    dead port 21/32 on $pmux $flatten\u_core.$procmux$1315.
    dead port 22/32 on $pmux $flatten\u_core.$procmux$1315.
    dead port 23/32 on $pmux $flatten\u_core.$procmux$1315.
    dead port 24/32 on $pmux $flatten\u_core.$procmux$1315.
    dead port 25/32 on $pmux $flatten\u_core.$procmux$1315.
    dead port 26/32 on $pmux $flatten\u_core.$procmux$1315.
    dead port 27/32 on $pmux $flatten\u_core.$procmux$1315.
    dead port 28/32 on $pmux $flatten\u_core.$procmux$1315.
    dead port 29/32 on $pmux $flatten\u_core.$procmux$1315.
    dead port 30/32 on $pmux $flatten\u_core.$procmux$1315.
    dead port 31/32 on $pmux $flatten\u_core.$procmux$1315.
    dead port 2/32 on $pmux $flatten\u_core.$procmux$1150.
    dead port 3/32 on $pmux $flatten\u_core.$procmux$1150.
    dead port 4/32 on $pmux $flatten\u_core.$procmux$1150.
    dead port 5/32 on $pmux $flatten\u_core.$procmux$1150.
    dead port 6/32 on $pmux $flatten\u_core.$procmux$1150.
    dead port 7/32 on $pmux $flatten\u_core.$procmux$1150.
    dead port 8/32 on $pmux $flatten\u_core.$procmux$1150.
    dead port 9/32 on $pmux $flatten\u_core.$procmux$1150.
    dead port 10/32 on $pmux $flatten\u_core.$procmux$1150.
    dead port 11/32 on $pmux $flatten\u_core.$procmux$1150.
    dead port 12/32 on $pmux $flatten\u_core.$procmux$1150.
    dead port 13/32 on $pmux $flatten\u_core.$procmux$1150.
    dead port 14/32 on $pmux $flatten\u_core.$procmux$1150.
    dead port 15/32 on $pmux $flatten\u_core.$procmux$1150.
    dead port 16/32 on $pmux $flatten\u_core.$procmux$1150.
    dead port 18/32 on $pmux $flatten\u_core.$procmux$1150.
    dead port 19/32 on $pmux $flatten\u_core.$procmux$1150.
    dead port 20/32 on $pmux $flatten\u_core.$procmux$1150.
    dead port 21/32 on $pmux $flatten\u_core.$procmux$1150.
    dead port 22/32 on $pmux $flatten\u_core.$procmux$1150.
    dead port 23/32 on $pmux $flatten\u_core.$procmux$1150.
    dead port 24/32 on $pmux $flatten\u_core.$procmux$1150.
    dead port 25/32 on $pmux $flatten\u_core.$procmux$1150.
    dead port 26/32 on $pmux $flatten\u_core.$procmux$1150.
    dead port 27/32 on $pmux $flatten\u_core.$procmux$1150.
    dead port 28/32 on $pmux $flatten\u_core.$procmux$1150.
    dead port 29/32 on $pmux $flatten\u_core.$procmux$1150.
    dead port 30/32 on $pmux $flatten\u_core.$procmux$1150.
    dead port 31/32 on $pmux $flatten\u_core.$procmux$1150.
    dead port 2/4 on $pmux $flatten\u_core.$procmux$986.
    dead port 2/4 on $pmux $flatten\u_core.$procmux$991.
    dead port 2/16 on $pmux $flatten\u_core.$procmux$1016.
    dead port 3/16 on $pmux $flatten\u_core.$procmux$1016.
    dead port 4/16 on $pmux $flatten\u_core.$procmux$1016.
    dead port 5/16 on $pmux $flatten\u_core.$procmux$1016.
    dead port 6/16 on $pmux $flatten\u_core.$procmux$1016.
    dead port 7/16 on $pmux $flatten\u_core.$procmux$1016.
    dead port 8/16 on $pmux $flatten\u_core.$procmux$1016.
    dead port 10/16 on $pmux $flatten\u_core.$procmux$1016.
    dead port 11/16 on $pmux $flatten\u_core.$procmux$1016.
    dead port 12/16 on $pmux $flatten\u_core.$procmux$1016.
    dead port 13/16 on $pmux $flatten\u_core.$procmux$1016.
    dead port 14/16 on $pmux $flatten\u_core.$procmux$1016.
    dead port 15/16 on $pmux $flatten\u_core.$procmux$1016.
    dead port 2/32 on $pmux $flatten\u_core.$procmux$1183.
    dead port 3/32 on $pmux $flatten\u_core.$procmux$1183.
    dead port 4/32 on $pmux $flatten\u_core.$procmux$1183.
    dead port 5/32 on $pmux $flatten\u_core.$procmux$1183.
    dead port 6/32 on $pmux $flatten\u_core.$procmux$1183.
    dead port 7/32 on $pmux $flatten\u_core.$procmux$1183.
    dead port 8/32 on $pmux $flatten\u_core.$procmux$1183.
    dead port 9/32 on $pmux $flatten\u_core.$procmux$1183.
    dead port 10/32 on $pmux $flatten\u_core.$procmux$1183.
    dead port 11/32 on $pmux $flatten\u_core.$procmux$1183.
    dead port 12/32 on $pmux $flatten\u_core.$procmux$1183.
    dead port 13/32 on $pmux $flatten\u_core.$procmux$1183.
    dead port 14/32 on $pmux $flatten\u_core.$procmux$1183.
    dead port 15/32 on $pmux $flatten\u_core.$procmux$1183.
    dead port 16/32 on $pmux $flatten\u_core.$procmux$1183.
    dead port 18/32 on $pmux $flatten\u_core.$procmux$1183.
    dead port 19/32 on $pmux $flatten\u_core.$procmux$1183.
    dead port 20/32 on $pmux $flatten\u_core.$procmux$1183.
    dead port 21/32 on $pmux $flatten\u_core.$procmux$1183.
    dead port 22/32 on $pmux $flatten\u_core.$procmux$1183.
    dead port 23/32 on $pmux $flatten\u_core.$procmux$1183.
    dead port 24/32 on $pmux $flatten\u_core.$procmux$1183.
    dead port 25/32 on $pmux $flatten\u_core.$procmux$1183.
    dead port 26/32 on $pmux $flatten\u_core.$procmux$1183.
    dead port 27/32 on $pmux $flatten\u_core.$procmux$1183.
    dead port 28/32 on $pmux $flatten\u_core.$procmux$1183.
    dead port 29/32 on $pmux $flatten\u_core.$procmux$1183.
    dead port 30/32 on $pmux $flatten\u_core.$procmux$1183.
    dead port 31/32 on $pmux $flatten\u_core.$procmux$1183.
    dead port 2/16 on $pmux $flatten\u_core.$procmux$1033.
    dead port 3/16 on $pmux $flatten\u_core.$procmux$1033.
    dead port 4/16 on $pmux $flatten\u_core.$procmux$1033.
    dead port 5/16 on $pmux $flatten\u_core.$procmux$1033.
    dead port 6/16 on $pmux $flatten\u_core.$procmux$1033.
    dead port 7/16 on $pmux $flatten\u_core.$procmux$1033.
    dead port 8/16 on $pmux $flatten\u_core.$procmux$1033.
    dead port 10/16 on $pmux $flatten\u_core.$procmux$1033.
    dead port 11/16 on $pmux $flatten\u_core.$procmux$1033.
    dead port 12/16 on $pmux $flatten\u_core.$procmux$1033.
    dead port 13/16 on $pmux $flatten\u_core.$procmux$1033.
    dead port 14/16 on $pmux $flatten\u_core.$procmux$1033.
    dead port 15/16 on $pmux $flatten\u_core.$procmux$1033.
    dead port 2/64 on $pmux $flatten\u_core.$procmux$1414.
    dead port 3/64 on $pmux $flatten\u_core.$procmux$1414.
    dead port 4/64 on $pmux $flatten\u_core.$procmux$1414.
    dead port 5/64 on $pmux $flatten\u_core.$procmux$1414.
    dead port 6/64 on $pmux $flatten\u_core.$procmux$1414.
    dead port 7/64 on $pmux $flatten\u_core.$procmux$1414.
    dead port 8/64 on $pmux $flatten\u_core.$procmux$1414.
    dead port 9/64 on $pmux $flatten\u_core.$procmux$1414.
    dead port 10/64 on $pmux $flatten\u_core.$procmux$1414.
    dead port 11/64 on $pmux $flatten\u_core.$procmux$1414.
    dead port 12/64 on $pmux $flatten\u_core.$procmux$1414.
    dead port 13/64 on $pmux $flatten\u_core.$procmux$1414.
    dead port 14/64 on $pmux $flatten\u_core.$procmux$1414.
    dead port 15/64 on $pmux $flatten\u_core.$procmux$1414.
    dead port 16/64 on $pmux $flatten\u_core.$procmux$1414.
    dead port 17/64 on $pmux $flatten\u_core.$procmux$1414.
    dead port 18/64 on $pmux $flatten\u_core.$procmux$1414.
    dead port 19/64 on $pmux $flatten\u_core.$procmux$1414.
    dead port 20/64 on $pmux $flatten\u_core.$procmux$1414.
    dead port 21/64 on $pmux $flatten\u_core.$procmux$1414.
    dead port 22/64 on $pmux $flatten\u_core.$procmux$1414.
    dead port 23/64 on $pmux $flatten\u_core.$procmux$1414.
    dead port 24/64 on $pmux $flatten\u_core.$procmux$1414.
    dead port 25/64 on $pmux $flatten\u_core.$procmux$1414.
    dead port 26/64 on $pmux $flatten\u_core.$procmux$1414.
    dead port 27/64 on $pmux $flatten\u_core.$procmux$1414.
    dead port 28/64 on $pmux $flatten\u_core.$procmux$1414.
    dead port 29/64 on $pmux $flatten\u_core.$procmux$1414.
    dead port 30/64 on $pmux $flatten\u_core.$procmux$1414.
    dead port 31/64 on $pmux $flatten\u_core.$procmux$1414.
    dead port 32/64 on $pmux $flatten\u_core.$procmux$1414.
    dead port 34/64 on $pmux $flatten\u_core.$procmux$1414.
    dead port 35/64 on $pmux $flatten\u_core.$procmux$1414.
    dead port 36/64 on $pmux $flatten\u_core.$procmux$1414.
    dead port 37/64 on $pmux $flatten\u_core.$procmux$1414.
    dead port 38/64 on $pmux $flatten\u_core.$procmux$1414.
    dead port 39/64 on $pmux $flatten\u_core.$procmux$1414.
    dead port 40/64 on $pmux $flatten\u_core.$procmux$1414.
    dead port 41/64 on $pmux $flatten\u_core.$procmux$1414.
    dead port 42/64 on $pmux $flatten\u_core.$procmux$1414.
    dead port 43/64 on $pmux $flatten\u_core.$procmux$1414.
    dead port 44/64 on $pmux $flatten\u_core.$procmux$1414.
    dead port 45/64 on $pmux $flatten\u_core.$procmux$1414.
    dead port 46/64 on $pmux $flatten\u_core.$procmux$1414.
    dead port 47/64 on $pmux $flatten\u_core.$procmux$1414.
    dead port 48/64 on $pmux $flatten\u_core.$procmux$1414.
    dead port 49/64 on $pmux $flatten\u_core.$procmux$1414.
    dead port 50/64 on $pmux $flatten\u_core.$procmux$1414.
    dead port 51/64 on $pmux $flatten\u_core.$procmux$1414.
    dead port 52/64 on $pmux $flatten\u_core.$procmux$1414.
    dead port 53/64 on $pmux $flatten\u_core.$procmux$1414.
    dead port 54/64 on $pmux $flatten\u_core.$procmux$1414.
    dead port 55/64 on $pmux $flatten\u_core.$procmux$1414.
    dead port 56/64 on $pmux $flatten\u_core.$procmux$1414.
    dead port 57/64 on $pmux $flatten\u_core.$procmux$1414.
    dead port 58/64 on $pmux $flatten\u_core.$procmux$1414.
    dead port 59/64 on $pmux $flatten\u_core.$procmux$1414.
    dead port 60/64 on $pmux $flatten\u_core.$procmux$1414.
    dead port 61/64 on $pmux $flatten\u_core.$procmux$1414.
    dead port 62/64 on $pmux $flatten\u_core.$procmux$1414.
    dead port 63/64 on $pmux $flatten\u_core.$procmux$1414.
    dead port 2/64 on $pmux $flatten\u_core.$procmux$1479.
    dead port 3/64 on $pmux $flatten\u_core.$procmux$1479.
    dead port 4/64 on $pmux $flatten\u_core.$procmux$1479.
    dead port 5/64 on $pmux $flatten\u_core.$procmux$1479.
    dead port 6/64 on $pmux $flatten\u_core.$procmux$1479.
    dead port 7/64 on $pmux $flatten\u_core.$procmux$1479.
    dead port 8/64 on $pmux $flatten\u_core.$procmux$1479.
    dead port 9/64 on $pmux $flatten\u_core.$procmux$1479.
    dead port 10/64 on $pmux $flatten\u_core.$procmux$1479.
    dead port 11/64 on $pmux $flatten\u_core.$procmux$1479.
    dead port 12/64 on $pmux $flatten\u_core.$procmux$1479.
    dead port 13/64 on $pmux $flatten\u_core.$procmux$1479.
    dead port 14/64 on $pmux $flatten\u_core.$procmux$1479.
    dead port 15/64 on $pmux $flatten\u_core.$procmux$1479.
    dead port 16/64 on $pmux $flatten\u_core.$procmux$1479.
    dead port 17/64 on $pmux $flatten\u_core.$procmux$1479.
    dead port 18/64 on $pmux $flatten\u_core.$procmux$1479.
    dead port 19/64 on $pmux $flatten\u_core.$procmux$1479.
    dead port 20/64 on $pmux $flatten\u_core.$procmux$1479.
    dead port 21/64 on $pmux $flatten\u_core.$procmux$1479.
    dead port 22/64 on $pmux $flatten\u_core.$procmux$1479.
    dead port 23/64 on $pmux $flatten\u_core.$procmux$1479.
    dead port 24/64 on $pmux $flatten\u_core.$procmux$1479.
    dead port 25/64 on $pmux $flatten\u_core.$procmux$1479.
    dead port 26/64 on $pmux $flatten\u_core.$procmux$1479.
    dead port 27/64 on $pmux $flatten\u_core.$procmux$1479.
    dead port 28/64 on $pmux $flatten\u_core.$procmux$1479.
    dead port 29/64 on $pmux $flatten\u_core.$procmux$1479.
    dead port 30/64 on $pmux $flatten\u_core.$procmux$1479.
    dead port 31/64 on $pmux $flatten\u_core.$procmux$1479.
    dead port 32/64 on $pmux $flatten\u_core.$procmux$1479.
    dead port 34/64 on $pmux $flatten\u_core.$procmux$1479.
    dead port 35/64 on $pmux $flatten\u_core.$procmux$1479.
    dead port 36/64 on $pmux $flatten\u_core.$procmux$1479.
    dead port 37/64 on $pmux $flatten\u_core.$procmux$1479.
    dead port 38/64 on $pmux $flatten\u_core.$procmux$1479.
    dead port 39/64 on $pmux $flatten\u_core.$procmux$1479.
    dead port 40/64 on $pmux $flatten\u_core.$procmux$1479.
    dead port 41/64 on $pmux $flatten\u_core.$procmux$1479.
    dead port 42/64 on $pmux $flatten\u_core.$procmux$1479.
    dead port 43/64 on $pmux $flatten\u_core.$procmux$1479.
    dead port 44/64 on $pmux $flatten\u_core.$procmux$1479.
    dead port 45/64 on $pmux $flatten\u_core.$procmux$1479.
    dead port 46/64 on $pmux $flatten\u_core.$procmux$1479.
    dead port 47/64 on $pmux $flatten\u_core.$procmux$1479.
    dead port 48/64 on $pmux $flatten\u_core.$procmux$1479.
    dead port 49/64 on $pmux $flatten\u_core.$procmux$1479.
    dead port 50/64 on $pmux $flatten\u_core.$procmux$1479.
    dead port 51/64 on $pmux $flatten\u_core.$procmux$1479.
    dead port 52/64 on $pmux $flatten\u_core.$procmux$1479.
    dead port 53/64 on $pmux $flatten\u_core.$procmux$1479.
    dead port 54/64 on $pmux $flatten\u_core.$procmux$1479.
    dead port 55/64 on $pmux $flatten\u_core.$procmux$1479.
    dead port 56/64 on $pmux $flatten\u_core.$procmux$1479.
    dead port 57/64 on $pmux $flatten\u_core.$procmux$1479.
    dead port 58/64 on $pmux $flatten\u_core.$procmux$1479.
    dead port 59/64 on $pmux $flatten\u_core.$procmux$1479.
    dead port 60/64 on $pmux $flatten\u_core.$procmux$1479.
    dead port 61/64 on $pmux $flatten\u_core.$procmux$1479.
    dead port 62/64 on $pmux $flatten\u_core.$procmux$1479.
    dead port 63/64 on $pmux $flatten\u_core.$procmux$1479.
Removed 266 multiplexer ports.
<suppressed ~394 debug messages>

4.21.12. Executing OPT_REDUCE pass (consolidate $*mux and $reduce_* inputs).
  Optimizing cells in module \peweaver_ppa_shared_fft.
    Consolidated identical input bits for $mux cell $memory$flatten\u_core.$auto$proc_rom.cc:155:do_switch$971$rdmux[0][5][7]$3138:
      Old ports: A={ $memory$flatten\u_core.$auto$proc_rom.cc:155:do_switch$971$rdmux[0][5][11]$a$3151 [8] $memory$flatten\u_core.$auto$proc_rom.cc:155:do_switch$971$rdmux[0][5][11]$a$3151 [0] 1'1 $memory$flatten\u_core.$auto$proc_rom.cc:155:do_switch$971$rdmux[0][5][11]$a$3151 [0] 1'0 $memory$flatten\u_core.$auto$proc_rom.cc:155:do_switch$971$rdmux[0][5][11]$a$3151 [8] 3'110 $memory$flatten\u_core.$auto$proc_rom.cc:155:do_switch$971$rdmux[0][5][11]$a$3151 [0] }, B={ 3'010 $memory$flatten\u_core.$auto$proc_rom.cc:155:do_switch$971$rdmux[0][5][11]$a$3151 [0] 1'1 $memory$flatten\u_core.$auto$proc_rom.cc:155:do_switch$971$rdmux[0][5][11]$a$3151 [8] $memory$flatten\u_core.$auto$proc_rom.cc:155:do_switch$971$rdmux[0][5][11]$a$3151 [0] $memory$flatten\u_core.$auto$proc_rom.cc:155:do_switch$971$rdmux[0][5][11]$a$3151 [8] $memory$flatten\u_core.$auto$proc_rom.cc:155:do_switch$971$rdmux[0][5][11]$a$3151 [0] 1'0 }, Y={ $memory$flatten\u_core.$auto$proc_rom.cc:155:do_switch$971$rdmux[0][4][3]$b$3080 [24] $memory$flatten\u_core.$auto$proc_rom.cc:155:do_switch$971$rdmux[0][4][3]$b$3080 [18] $memory$flatten\u_core.$auto$proc_rom.cc:155:do_switch$971$rdmux[0][4][3]$b$3080 [12:9] $memory$flatten\u_core.$auto$proc_rom.cc:155:do_switch$971$rdmux[0][4][3]$b$3080 [7:6] $memory$flatten\u_core.$auto$proc_rom.cc:155:do_switch$971$rdmux[0][4][3]$b$3080 [2] $memory$flatten\u_core.$auto$proc_rom.cc:155:do_switch$971$rdmux[0][4][3]$b$3080 [0] }
      New ports: A={ $memory$flatten\u_core.$auto$proc_rom.cc:155:do_switch$971$rdmux[0][5][11]$a$3151 [8] $memory$flatten\u_core.$auto$proc_rom.cc:155:do_switch$971$rdmux[0][5][11]$a$3151 [0] 5'10110 $memory$flatten\u_core.$auto$proc_rom.cc:155:do_switch$971$rdmux[0][5][11]$a$3151 [0] }, B={ 4'0101 $memory$flatten\u_core.$auto$proc_rom.cc:155:do_switch$971$rdmux[0][5][11]$a$3151 [0] $memory$flatten\u_core.$auto$proc_rom.cc:155:do_switch$971$rdmux[0][5][11]$a$3151 [8] $memory$flatten\u_core.$auto$proc_rom.cc:155:do_switch$971$rdmux[0][5][11]$a$3151 [0] 1'0 }, Y={ $memory$flatten\u_core.$auto$proc_rom.cc:155:do_switch$971$rdmux[0][4][3]$b$3080 [24] $memory$flatten\u_core.$auto$proc_rom.cc:155:do_switch$971$rdmux[0][4][3]$b$3080 [18] $memory$flatten\u_core.$auto$proc_rom.cc:155:do_switch$971$rdmux[0][4][3]$b$3080 [12] $memory$flatten\u_core.$auto$proc_rom.cc:155:do_switch$971$rdmux[0][4][3]$b$3080 [10] $memory$flatten\u_core.$auto$proc_rom.cc:155:do_switch$971$rdmux[0][4][3]$b$3080 [7:6] $memory$flatten\u_core.$auto$proc_rom.cc:155:do_switch$971$rdmux[0][4][3]$b$3080 [2] $memory$flatten\u_core.$auto$proc_rom.cc:155:do_switch$971$rdmux[0][4][3]$b$3080 [0] }
      New connections: { $memory$flatten\u_core.$auto$proc_rom.cc:155:do_switch$971$rdmux[0][4][3]$b$3080 [11] $memory$flatten\u_core.$auto$proc_rom.cc:155:do_switch$971$rdmux[0][4][3]$b$3080 [9] } = { $memory$flatten\u_core.$auto$proc_rom.cc:155:do_switch$971$rdmux[0][5][11]$a$3151 [0] $memory$flatten\u_core.$auto$proc_rom.cc:155:do_switch$971$rdmux[0][5][11]$a$3151 [8] }
    Consolidated identical input bits for $mux cell $memory$flatten\u_core.$auto$proc_rom.cc:155:do_switch$967$rdmux[0][5][13]$2775:
      Old ports: A={ $memory$flatten\u_core.$auto$proc_rom.cc:155:do_switch$967$rdmux[0][5][10]$a$2767 [2] $memory$flatten\u_core.$auto$proc_rom.cc:155:do_switch$967$rdmux[0][5][10]$a$2767 [2] 1'0 }, B={ $memory$flatten\u_core.$auto$proc_rom.cc:155:do_switch$967$rdmux[0][5][10]$a$2767 [2] 1'0 $memory$flatten\u_core.$auto$proc_rom.cc:155:do_switch$967$rdmux[0][5][10]$a$2767 [2] }, Y={ $memory$flatten\u_core.$auto$proc_rom.cc:155:do_switch$967$rdmux[0][4][5]$a$2704 [8] $memory$flatten\u_core.$auto$proc_rom.cc:155:do_switch$967$rdmux[0][4][5]$a$2704 [2] $memory$flatten\u_core.$auto$proc_rom.cc:155:do_switch$967$rdmux[0][4][5]$a$2704 [0] }
      New ports: A={ $memory$flatten\u_core.$auto$proc_rom.cc:155:do_switch$967$rdmux[0][5][10]$a$2767 [2] 1'0 }, B={ 1'0 $memory$flatten\u_core.$auto$proc_rom.cc:155:do_switch$967$rdmux[0][5][10]$a$2767 [2] }, Y={ $memory$flatten\u_core.$auto$proc_rom.cc:155:do_switch$967$rdmux[0][4][5]$a$2704 [2] $memory$flatten\u_core.$auto$proc_rom.cc:155:do_switch$967$rdmux[0][4][5]$a$2704 [0] }
      New connections: $memory$flatten\u_core.$auto$proc_rom.cc:155:do_switch$967$rdmux[0][4][5]$a$2704 [8] = $memory$flatten\u_core.$auto$proc_rom.cc:155:do_switch$967$rdmux[0][5][10]$a$2767 [2]
    Consolidated identical input bits for $mux cell $memory$flatten\u_core.$auto$proc_rom.cc:155:do_switch$971$rdmux[0][5][5]$3132:
      Old ports: A={ $memory$flatten\u_core.$auto$proc_rom.cc:155:do_switch$971$rdmux[0][5][11]$a$3151 [0] $memory$flatten\u_core.$auto$proc_rom.cc:155:do_switch$971$rdmux[0][5][11]$a$3151 [8] 2'00 $memory$flatten\u_core.$auto$proc_rom.cc:155:do_switch$971$rdmux[0][5][11]$a$3151 [0] 1'1 $memory$flatten\u_core.$auto$proc_rom.cc:155:do_switch$971$rdmux[0][5][11]$a$3151 [8] $memory$flatten\u_core.$auto$proc_rom.cc:155:do_switch$971$rdmux[0][5][11]$a$3151 [8] 1'0 $memory$flatten\u_core.$auto$proc_rom.cc:155:do_switch$971$rdmux[0][5][11]$a$3151 [0] 2'11 $memory$flatten\u_core.$auto$proc_rom.cc:155:do_switch$971$rdmux[0][5][11]$a$3151 [8] $memory$flatten\u_core.$auto$proc_rom.cc:155:do_switch$971$rdmux[0][5][11]$a$3151 [0] }, B={ 3'001 $memory$flatten\u_core.$auto$proc_rom.cc:155:do_switch$971$rdmux[0][5][11]$a$3151 [0] $memory$flatten\u_core.$auto$proc_rom.cc:155:do_switch$971$rdmux[0][5][11]$a$3151 [8] 1'0 $memory$flatten\u_core.$auto$proc_rom.cc:155:do_switch$971$rdmux[0][5][11]$a$3151 [8] $memory$flatten\u_core.$auto$proc_rom.cc:155:do_switch$971$rdmux[0][5][11]$a$3151 [0] $memory$flatten\u_core.$auto$proc_rom.cc:155:do_switch$971$rdmux[0][5][11]$a$3151 [8] 1'1 $memory$flatten\u_core.$auto$proc_rom.cc:155:do_switch$971$rdmux[0][5][11]$a$3151 [8] $memory$flatten\u_core.$auto$proc_rom.cc:155:do_switch$971$rdmux[0][5][11]$a$3151 [0] 1'1 $memory$flatten\u_core.$auto$proc_rom.cc:155:do_switch$971$rdmux[0][5][11]$a$3151 [0] }, Y={ $memory$flatten\u_core.$auto$proc_rom.cc:155:do_switch$971$rdmux[0][4][2]$b$3077 [23] $memory$flatten\u_core.$auto$proc_rom.cc:155:do_switch$971$rdmux[0][4][2]$b$3077 [21] $memory$flatten\u_core.$auto$proc_rom.cc:155:do_switch$971$rdmux[0][4][2]$b$3077 [12:11] $memory$flatten\u_core.$auto$proc_rom.cc:155:do_switch$971$rdmux[0][4][2]$b$3077 [9:0] }
      New ports: A={ $memory$flatten\u_core.$auto$proc_rom.cc:155:do_switch$971$rdmux[0][5][11]$a$3151 [0] $memory$flatten\u_core.$auto$proc_rom.cc:155:do_switch$971$rdmux[0][5][11]$a$3151 [8] 2'00 $memory$flatten\u_core.$auto$proc_rom.cc:155:do_switch$971$rdmux[0][5][11]$a$3151 [0] 1'1 $memory$flatten\u_core.$auto$proc_rom.cc:155:do_switch$971$rdmux[0][5][11]$a$3151 [8] 1'0 $memory$flatten\u_core.$auto$proc_rom.cc:155:do_switch$971$rdmux[0][5][11]$a$3151 [0] 2'11 $memory$flatten\u_core.$auto$proc_rom.cc:155:do_switch$971$rdmux[0][5][11]$a$3151 [8] }, B={ 3'001 $memory$flatten\u_core.$auto$proc_rom.cc:155:do_switch$971$rdmux[0][5][11]$a$3151 [0] $memory$flatten\u_core.$auto$proc_rom.cc:155:do_switch$971$rdmux[0][5][11]$a$3151 [8] 1'0 $memory$flatten\u_core.$auto$proc_rom.cc:155:do_switch$971$rdmux[0][5][11]$a$3151 [0] $memory$flatten\u_core.$auto$proc_rom.cc:155:do_switch$971$rdmux[0][5][11]$a$3151 [8] 1'1 $memory$flatten\u_core.$auto$proc_rom.cc:155:do_switch$971$rdmux[0][5][11]$a$3151 [8] $memory$flatten\u_core.$auto$proc_rom.cc:155:do_switch$971$rdmux[0][5][11]$a$3151 [0] 1'1 }, Y={ $memory$flatten\u_core.$auto$proc_rom.cc:155:do_switch$971$rdmux[0][4][2]$b$3077 [23] $memory$flatten\u_core.$auto$proc_rom.cc:155:do_switch$971$rdmux[0][4][2]$b$3077 [21] $memory$flatten\u_core.$auto$proc_rom.cc:155:do_switch$971$rdmux[0][4][2]$b$3077 [12:11] $memory$flatten\u_core.$auto$proc_rom.cc:155:do_switch$971$rdmux[0][4][2]$b$3077 [9:8] $memory$flatten\u_core.$auto$proc_rom.cc:155:do_switch$971$rdmux[0][4][2]$b$3077 [6:1] }
      New connections: { $memory$flatten\u_core.$auto$proc_rom.cc:155:do_switch$971$rdmux[0][4][2]$b$3077 [7] $memory$flatten\u_core.$auto$proc_rom.cc:155:do_switch$971$rdmux[0][4][2]$b$3077 [0] } = { $memory$flatten\u_core.$auto$proc_rom.cc:155:do_switch$971$rdmux[0][5][11]$a$3151 [8] $memory$flatten\u_core.$auto$proc_rom.cc:155:do_switch$971$rdmux[0][5][11]$a$3151 [0] }
    Consolidated identical input bits for $mux cell $memory$flatten\u_core.$auto$proc_rom.cc:155:do_switch$971$rdmux[0][5][6]$3135:
      Old ports: A={ $memory$flatten\u_core.$auto$proc_rom.cc:155:do_switch$971$rdmux[0][5][0]$b$3119 [1:0] 1'1 $memory$flatten\u_core.$auto$proc_rom.cc:155:do_switch$971$rdmux[0][5][0]$b$3119 [1] 1'0 $memory$flatten\u_core.$auto$proc_rom.cc:155:do_switch$971$rdmux[0][5][0]$b$3119 [0] $memory$flatten\u_core.$auto$proc_rom.cc:155:do_switch$971$rdmux[0][5][0]$b$3119 [1] $memory$flatten\u_core.$auto$proc_rom.cc:155:do_switch$971$rdmux[0][5][0]$b$3119 [1] 2'11 $memory$flatten\u_core.$auto$proc_rom.cc:155:do_switch$971$rdmux[0][5][0]$b$3119 [0] $memory$flatten\u_core.$auto$proc_rom.cc:155:do_switch$971$rdmux[0][5][0]$b$3119 [0] }, B={ 1'1 $memory$flatten\u_core.$auto$proc_rom.cc:155:do_switch$971$rdmux[0][5][0]$b$3119 [1] $memory$flatten\u_core.$auto$proc_rom.cc:155:do_switch$971$rdmux[0][5][0]$b$3119 [1:0] 3'110 $memory$flatten\u_core.$auto$proc_rom.cc:155:do_switch$971$rdmux[0][5][0]$b$3119 [1:0] 1'0 $memory$flatten\u_core.$auto$proc_rom.cc:155:do_switch$971$rdmux[0][5][0]$b$3119 [0] 1'0 }, Y={ $memory$flatten\u_core.$auto$proc_rom.cc:155:do_switch$971$rdmux[0][4][3]$a$3079 [23] $memory$flatten\u_core.$auto$proc_rom.cc:155:do_switch$971$rdmux[0][4][3]$a$3079 [16] $memory$flatten\u_core.$auto$proc_rom.cc:155:do_switch$971$rdmux[0][4][3]$a$3079 [13:12] $memory$flatten\u_core.$auto$proc_rom.cc:155:do_switch$971$rdmux[0][4][3]$a$3079 [10] $memory$flatten\u_core.$auto$proc_rom.cc:155:do_switch$971$rdmux[0][4][3]$a$3079 [8] $memory$flatten\u_core.$auto$proc_rom.cc:155:do_switch$971$rdmux[0][4][3]$a$3079 [6:4] $memory$flatten\u_core.$auto$proc_rom.cc:155:do_switch$971$rdmux[0][4][3]$a$3079 [2:0] }
      New ports: A={ $memory$flatten\u_core.$auto$proc_rom.cc:155:do_switch$971$rdmux[0][5][0]$b$3119 [1:0] 1'1 $memory$flatten\u_core.$auto$proc_rom.cc:155:do_switch$971$rdmux[0][5][0]$b$3119 [1] 1'0 $memory$flatten\u_core.$auto$proc_rom.cc:155:do_switch$971$rdmux[0][5][0]$b$3119 [0] $memory$flatten\u_core.$auto$proc_rom.cc:155:do_switch$971$rdmux[0][5][0]$b$3119 [1] 2'11 $memory$flatten\u_core.$auto$proc_rom.cc:155:do_switch$971$rdmux[0][5][0]$b$3119 [0] }, B={ 1'1 $memory$flatten\u_core.$auto$proc_rom.cc:155:do_switch$971$rdmux[0][5][0]$b$3119 [1] $memory$flatten\u_core.$auto$proc_rom.cc:155:do_switch$971$rdmux[0][5][0]$b$3119 [1:0] 3'110 $memory$flatten\u_core.$auto$proc_rom.cc:155:do_switch$971$rdmux[0][5][0]$b$3119 [0] 2'00 }, Y={ $memory$flatten\u_core.$auto$proc_rom.cc:155:do_switch$971$rdmux[0][4][3]$a$3079 [23] $memory$flatten\u_core.$auto$proc_rom.cc:155:do_switch$971$rdmux[0][4][3]$a$3079 [16] $memory$flatten\u_core.$auto$proc_rom.cc:155:do_switch$971$rdmux[0][4][3]$a$3079 [13:12] $memory$flatten\u_core.$auto$proc_rom.cc:155:do_switch$971$rdmux[0][4][3]$a$3079 [10] $memory$flatten\u_core.$auto$proc_rom.cc:155:do_switch$971$rdmux[0][4][3]$a$3079 [8] $memory$flatten\u_core.$auto$proc_rom.cc:155:do_switch$971$rdmux[0][4][3]$a$3079 [6] $memory$flatten\u_core.$auto$proc_rom.cc:155:do_switch$971$rdmux[0][4][3]$a$3079 [4] $memory$flatten\u_core.$auto$proc_rom.cc:155:do_switch$971$rdmux[0][4][3]$a$3079 [2] $memory$flatten\u_core.$auto$proc_rom.cc:155:do_switch$971$rdmux[0][4][3]$a$3079 [0] }
      New connections: { $memory$flatten\u_core.$auto$proc_rom.cc:155:do_switch$971$rdmux[0][4][3]$a$3079 [5] $memory$flatten\u_core.$auto$proc_rom.cc:155:do_switch$971$rdmux[0][4][3]$a$3079 [1] } = $memory$flatten\u_core.$auto$proc_rom.cc:155:do_switch$971$rdmux[0][5][0]$b$3119 [1:0]
    Consolidated identical input bits for $mux cell $memory$flatten\u_core.$auto$proc_rom.cc:155:do_switch$971$rdmux[0][5][13]$3156:
      Old ports: A={ $memory$flatten\u_core.$auto$proc_rom.cc:155:do_switch$971$rdmux[0][5][10]$a$3148 [2] $memory$flatten\u_core.$auto$proc_rom.cc:155:do_switch$971$rdmux[0][5][10]$a$3148 [2] 1'0 }, B={ $memory$flatten\u_core.$auto$proc_rom.cc:155:do_switch$971$rdmux[0][5][10]$a$3148 [2] 1'0 $memory$flatten\u_core.$auto$proc_rom.cc:155:do_switch$971$rdmux[0][5][10]$a$3148 [2] }, Y={ $memory$flatten\u_core.$auto$proc_rom.cc:155:do_switch$971$rdmux[0][4][5]$a$3085 [8] $memory$flatten\u_core.$auto$proc_rom.cc:155:do_switch$971$rdmux[0][4][5]$a$3085 [2] $memory$flatten\u_core.$auto$proc_rom.cc:155:do_switch$971$rdmux[0][4][5]$a$3085 [0] }
      New ports: A={ $memory$flatten\u_core.$auto$proc_rom.cc:155:do_switch$971$rdmux[0][5][10]$a$3148 [2] 1'0 }, B={ 1'0 $memory$flatten\u_core.$auto$proc_rom.cc:155:do_switch$971$rdmux[0][5][10]$a$3148 [2] }, Y={ $memory$flatten\u_core.$auto$proc_rom.cc:155:do_switch$971$rdmux[0][4][5]$a$3085 [2] $memory$flatten\u_core.$auto$proc_rom.cc:155:do_switch$971$rdmux[0][4][5]$a$3085 [0] }
      New connections: $memory$flatten\u_core.$auto$proc_rom.cc:155:do_switch$971$rdmux[0][4][5]$a$3085 [8] = $memory$flatten\u_core.$auto$proc_rom.cc:155:do_switch$971$rdmux[0][5][10]$a$3148 [2]
    Consolidated identical input bits for $mux cell $memory$flatten\u_core.$auto$proc_rom.cc:155:do_switch$967$rdmux[0][5][5]$2751:
      Old ports: A={ $memory$flatten\u_core.$auto$proc_rom.cc:155:do_switch$967$rdmux[0][5][11]$a$2770 [0] $memory$flatten\u_core.$auto$proc_rom.cc:155:do_switch$967$rdmux[0][5][11]$a$2770 [8] 2'00 $memory$flatten\u_core.$auto$proc_rom.cc:155:do_switch$967$rdmux[0][5][11]$a$2770 [0] 1'1 $memory$flatten\u_core.$auto$proc_rom.cc:155:do_switch$967$rdmux[0][5][11]$a$2770 [8] $memory$flatten\u_core.$auto$proc_rom.cc:155:do_switch$967$rdmux[0][5][11]$a$2770 [8] 1'0 $memory$flatten\u_core.$auto$proc_rom.cc:155:do_switch$967$rdmux[0][5][11]$a$2770 [0] 2'11 $memory$flatten\u_core.$auto$proc_rom.cc:155:do_switch$967$rdmux[0][5][11]$a$2770 [8] $memory$flatten\u_core.$auto$proc_rom.cc:155:do_switch$967$rdmux[0][5][11]$a$2770 [0] }, B={ 3'001 $memory$flatten\u_core.$auto$proc_rom.cc:155:do_switch$967$rdmux[0][5][11]$a$2770 [0] $memory$flatten\u_core.$auto$proc_rom.cc:155:do_switch$967$rdmux[0][5][11]$a$2770 [8] 1'0 $memory$flatten\u_core.$auto$proc_rom.cc:155:do_switch$967$rdmux[0][5][11]$a$2770 [8] $memory$flatten\u_core.$auto$proc_rom.cc:155:do_switch$967$rdmux[0][5][11]$a$2770 [0] $memory$flatten\u_core.$auto$proc_rom.cc:155:do_switch$967$rdmux[0][5][11]$a$2770 [8] 1'1 $memory$flatten\u_core.$auto$proc_rom.cc:155:do_switch$967$rdmux[0][5][11]$a$2770 [8] $memory$flatten\u_core.$auto$proc_rom.cc:155:do_switch$967$rdmux[0][5][11]$a$2770 [0] 1'1 $memory$flatten\u_core.$auto$proc_rom.cc:155:do_switch$967$rdmux[0][5][11]$a$2770 [0] }, Y={ $memory$flatten\u_core.$auto$proc_rom.cc:155:do_switch$967$rdmux[0][4][2]$b$2696 [23] $memory$flatten\u_core.$auto$proc_rom.cc:155:do_switch$967$rdmux[0][4][2]$b$2696 [21] $memory$flatten\u_core.$auto$proc_rom.cc:155:do_switch$967$rdmux[0][4][2]$b$2696 [12:11] $memory$flatten\u_core.$auto$proc_rom.cc:155:do_switch$967$rdmux[0][4][2]$b$2696 [9:0] }
      New ports: A={ $memory$flatten\u_core.$auto$proc_rom.cc:155:do_switch$967$rdmux[0][5][11]$a$2770 [0] $memory$flatten\u_core.$auto$proc_rom.cc:155:do_switch$967$rdmux[0][5][11]$a$2770 [8] 2'00 $memory$flatten\u_core.$auto$proc_rom.cc:155:do_switch$967$rdmux[0][5][11]$a$2770 [0] 1'1 $memory$flatten\u_core.$auto$proc_rom.cc:155:do_switch$967$rdmux[0][5][11]$a$2770 [8] 1'0 $memory$flatten\u_core.$auto$proc_rom.cc:155:do_switch$967$rdmux[0][5][11]$a$2770 [0] 2'11 $memory$flatten\u_core.$auto$proc_rom.cc:155:do_switch$967$rdmux[0][5][11]$a$2770 [8] }, B={ 3'001 $memory$flatten\u_core.$auto$proc_rom.cc:155:do_switch$967$rdmux[0][5][11]$a$2770 [0] $memory$flatten\u_core.$auto$proc_rom.cc:155:do_switch$967$rdmux[0][5][11]$a$2770 [8] 1'0 $memory$flatten\u_core.$auto$proc_rom.cc:155:do_switch$967$rdmux[0][5][11]$a$2770 [0] $memory$flatten\u_core.$auto$proc_rom.cc:155:do_switch$967$rdmux[0][5][11]$a$2770 [8] 1'1 $memory$flatten\u_core.$auto$proc_rom.cc:155:do_switch$967$rdmux[0][5][11]$a$2770 [8] $memory$flatten\u_core.$auto$proc_rom.cc:155:do_switch$967$rdmux[0][5][11]$a$2770 [0] 1'1 }, Y={ $memory$flatten\u_core.$auto$proc_rom.cc:155:do_switch$967$rdmux[0][4][2]$b$2696 [23] $memory$flatten\u_core.$auto$proc_rom.cc:155:do_switch$967$rdmux[0][4][2]$b$2696 [21] $memory$flatten\u_core.$auto$proc_rom.cc:155:do_switch$967$rdmux[0][4][2]$b$2696 [12:11] $memory$flatten\u_core.$auto$proc_rom.cc:155:do_switch$967$rdmux[0][4][2]$b$2696 [9:8] $memory$flatten\u_core.$auto$proc_rom.cc:155:do_switch$967$rdmux[0][4][2]$b$2696 [6:1] }
      New connections: { $memory$flatten\u_core.$auto$proc_rom.cc:155:do_switch$967$rdmux[0][4][2]$b$2696 [7] $memory$flatten\u_core.$auto$proc_rom.cc:155:do_switch$967$rdmux[0][4][2]$b$2696 [0] } = { $memory$flatten\u_core.$auto$proc_rom.cc:155:do_switch$967$rdmux[0][5][11]$a$2770 [8] $memory$flatten\u_core.$auto$proc_rom.cc:155:do_switch$967$rdmux[0][5][11]$a$2770 [0] }
    Consolidated identical input bits for $mux cell $memory$flatten\u_core.$auto$proc_rom.cc:155:do_switch$967$rdmux[0][5][6]$2754:
      Old ports: A={ $memory$flatten\u_core.$auto$proc_rom.cc:155:do_switch$967$rdmux[0][5][0]$b$2738 [1:0] 1'1 $memory$flatten\u_core.$auto$proc_rom.cc:155:do_switch$967$rdmux[0][5][0]$b$2738 [1] 1'0 $memory$flatten\u_core.$auto$proc_rom.cc:155:do_switch$967$rdmux[0][5][0]$b$2738 [0] $memory$flatten\u_core.$auto$proc_rom.cc:155:do_switch$967$rdmux[0][5][0]$b$2738 [1] $memory$flatten\u_core.$auto$proc_rom.cc:155:do_switch$967$rdmux[0][5][0]$b$2738 [1] 2'11 $memory$flatten\u_core.$auto$proc_rom.cc:155:do_switch$967$rdmux[0][5][0]$b$2738 [0] $memory$flatten\u_core.$auto$proc_rom.cc:155:do_switch$967$rdmux[0][5][0]$b$2738 [0] }, B={ 1'1 $memory$flatten\u_core.$auto$proc_rom.cc:155:do_switch$967$rdmux[0][5][0]$b$2738 [1] $memory$flatten\u_core.$auto$proc_rom.cc:155:do_switch$967$rdmux[0][5][0]$b$2738 [1:0] 3'110 $memory$flatten\u_core.$auto$proc_rom.cc:155:do_switch$967$rdmux[0][5][0]$b$2738 [1:0] 1'0 $memory$flatten\u_core.$auto$proc_rom.cc:155:do_switch$967$rdmux[0][5][0]$b$2738 [0] 1'0 }, Y={ $memory$flatten\u_core.$auto$proc_rom.cc:155:do_switch$967$rdmux[0][4][3]$a$2698 [23] $memory$flatten\u_core.$auto$proc_rom.cc:155:do_switch$967$rdmux[0][4][3]$a$2698 [16] $memory$flatten\u_core.$auto$proc_rom.cc:155:do_switch$967$rdmux[0][4][3]$a$2698 [13:12] $memory$flatten\u_core.$auto$proc_rom.cc:155:do_switch$967$rdmux[0][4][3]$a$2698 [10] $memory$flatten\u_core.$auto$proc_rom.cc:155:do_switch$967$rdmux[0][4][3]$a$2698 [8] $memory$flatten\u_core.$auto$proc_rom.cc:155:do_switch$967$rdmux[0][4][3]$a$2698 [6:4] $memory$flatten\u_core.$auto$proc_rom.cc:155:do_switch$967$rdmux[0][4][3]$a$2698 [2:0] }
      New ports: A={ $memory$flatten\u_core.$auto$proc_rom.cc:155:do_switch$967$rdmux[0][5][0]$b$2738 [1:0] 1'1 $memory$flatten\u_core.$auto$proc_rom.cc:155:do_switch$967$rdmux[0][5][0]$b$2738 [1] 1'0 $memory$flatten\u_core.$auto$proc_rom.cc:155:do_switch$967$rdmux[0][5][0]$b$2738 [0] $memory$flatten\u_core.$auto$proc_rom.cc:155:do_switch$967$rdmux[0][5][0]$b$2738 [1] 2'11 $memory$flatten\u_core.$auto$proc_rom.cc:155:do_switch$967$rdmux[0][5][0]$b$2738 [0] }, B={ 1'1 $memory$flatten\u_core.$auto$proc_rom.cc:155:do_switch$967$rdmux[0][5][0]$b$2738 [1] $memory$flatten\u_core.$auto$proc_rom.cc:155:do_switch$967$rdmux[0][5][0]$b$2738 [1:0] 3'110 $memory$flatten\u_core.$auto$proc_rom.cc:155:do_switch$967$rdmux[0][5][0]$b$2738 [0] 2'00 }, Y={ $memory$flatten\u_core.$auto$proc_rom.cc:155:do_switch$967$rdmux[0][4][3]$a$2698 [23] $memory$flatten\u_core.$auto$proc_rom.cc:155:do_switch$967$rdmux[0][4][3]$a$2698 [16] $memory$flatten\u_core.$auto$proc_rom.cc:155:do_switch$967$rdmux[0][4][3]$a$2698 [13:12] $memory$flatten\u_core.$auto$proc_rom.cc:155:do_switch$967$rdmux[0][4][3]$a$2698 [10] $memory$flatten\u_core.$auto$proc_rom.cc:155:do_switch$967$rdmux[0][4][3]$a$2698 [8] $memory$flatten\u_core.$auto$proc_rom.cc:155:do_switch$967$rdmux[0][4][3]$a$2698 [6] $memory$flatten\u_core.$auto$proc_rom.cc:155:do_switch$967$rdmux[0][4][3]$a$2698 [4] $memory$flatten\u_core.$auto$proc_rom.cc:155:do_switch$967$rdmux[0][4][3]$a$2698 [2] $memory$flatten\u_core.$auto$proc_rom.cc:155:do_switch$967$rdmux[0][4][3]$a$2698 [0] }
      New connections: { $memory$flatten\u_core.$auto$proc_rom.cc:155:do_switch$967$rdmux[0][4][3]$a$2698 [5] $memory$flatten\u_core.$auto$proc_rom.cc:155:do_switch$967$rdmux[0][4][3]$a$2698 [1] } = $memory$flatten\u_core.$auto$proc_rom.cc:155:do_switch$967$rdmux[0][5][0]$b$2738 [1:0]
    Consolidated identical input bits for $mux cell $memory$flatten\u_core.$auto$proc_rom.cc:155:do_switch$963$rdmux[0][1][0]$2265:
      Old ports: A={ $memory$flatten\u_core.$auto$proc_rom.cc:155:do_switch$963$rdmux[0][1][0]$a$2266 [1] $memory$flatten\u_core.$auto$proc_rom.cc:155:do_switch$963$rdmux[0][1][0]$a$2266 [1] 1'0 $memory$flatten\u_core.$auto$proc_rom.cc:155:do_switch$963$rdmux[0][1][0]$a$2266 [1] }, B={ 2'10 $memory$flatten\u_core.$auto$proc_rom.cc:155:do_switch$963$rdmux[0][1][0]$a$2266 [1] $memory$flatten\u_core.$auto$proc_rom.cc:155:do_switch$963$rdmux[0][1][0]$a$2266 [1] }, Y={ $memory$flatten\u_core.$auto$proc_rom.cc:155:do_switch$963$rdmux[0][0][0]$a$2263 [31] $memory$flatten\u_core.$auto$proc_rom.cc:155:do_switch$963$rdmux[0][0][0]$a$2263 [7] $memory$flatten\u_core.$auto$proc_rom.cc:155:do_switch$963$rdmux[0][0][0]$a$2263 [2:1] }
      New ports: A={ \u_core.s3_twaddr [4] \u_core.s3_twaddr [4] 1'0 }, B={ 2'10 \u_core.s3_twaddr [4] }, Y={ $memory$flatten\u_core.$auto$proc_rom.cc:155:do_switch$963$rdmux[0][0][0]$a$2263 [31] $memory$flatten\u_core.$auto$proc_rom.cc:155:do_switch$963$rdmux[0][0][0]$a$2263 [7] $memory$flatten\u_core.$auto$proc_rom.cc:155:do_switch$963$rdmux[0][0][0]$a$2263 [2] }
      New connections: $memory$flatten\u_core.$auto$proc_rom.cc:155:do_switch$963$rdmux[0][0][0]$a$2263 [1] = \u_core.s3_twaddr [4]
    Consolidated identical input bits for $mux cell $memory$flatten\u_core.$auto$proc_rom.cc:155:do_switch$967$rdmux[0][5][7]$2757:
      Old ports: A={ $memory$flatten\u_core.$auto$proc_rom.cc:155:do_switch$967$rdmux[0][5][11]$a$2770 [8] $memory$flatten\u_core.$auto$proc_rom.cc:155:do_switch$967$rdmux[0][5][11]$a$2770 [0] 1'1 $memory$flatten\u_core.$auto$proc_rom.cc:155:do_switch$967$rdmux[0][5][11]$a$2770 [0] 1'0 $memory$flatten\u_core.$auto$proc_rom.cc:155:do_switch$967$rdmux[0][5][11]$a$2770 [8] 3'110 $memory$flatten\u_core.$auto$proc_rom.cc:155:do_switch$967$rdmux[0][5][11]$a$2770 [0] }, B={ 3'010 $memory$flatten\u_core.$auto$proc_rom.cc:155:do_switch$967$rdmux[0][5][11]$a$2770 [0] 1'1 $memory$flatten\u_core.$auto$proc_rom.cc:155:do_switch$967$rdmux[0][5][11]$a$2770 [8] $memory$flatten\u_core.$auto$proc_rom.cc:155:do_switch$967$rdmux[0][5][11]$a$2770 [0] $memory$flatten\u_core.$auto$proc_rom.cc:155:do_switch$967$rdmux[0][5][11]$a$2770 [8] $memory$flatten\u_core.$auto$proc_rom.cc:155:do_switch$967$rdmux[0][5][11]$a$2770 [0] 1'0 }, Y={ $memory$flatten\u_core.$auto$proc_rom.cc:155:do_switch$967$rdmux[0][4][3]$b$2699 [24] $memory$flatten\u_core.$auto$proc_rom.cc:155:do_switch$967$rdmux[0][4][3]$b$2699 [18] $memory$flatten\u_core.$auto$proc_rom.cc:155:do_switch$967$rdmux[0][4][3]$b$2699 [12:9] $memory$flatten\u_core.$auto$proc_rom.cc:155:do_switch$967$rdmux[0][4][3]$b$2699 [7:6] $memory$flatten\u_core.$auto$proc_rom.cc:155:do_switch$967$rdmux[0][4][3]$b$2699 [2] $memory$flatten\u_core.$auto$proc_rom.cc:155:do_switch$967$rdmux[0][4][3]$b$2699 [0] }
      New ports: A={ $memory$flatten\u_core.$auto$proc_rom.cc:155:do_switch$967$rdmux[0][5][11]$a$2770 [8] $memory$flatten\u_core.$auto$proc_rom.cc:155:do_switch$967$rdmux[0][5][11]$a$2770 [0] 5'10110 $memory$flatten\u_core.$auto$proc_rom.cc:155:do_switch$967$rdmux[0][5][11]$a$2770 [0] }, B={ 4'0101 $memory$flatten\u_core.$auto$proc_rom.cc:155:do_switch$967$rdmux[0][5][11]$a$2770 [0] $memory$flatten\u_core.$auto$proc_rom.cc:155:do_switch$967$rdmux[0][5][11]$a$2770 [8] $memory$flatten\u_core.$auto$proc_rom.cc:155:do_switch$967$rdmux[0][5][11]$a$2770 [0] 1'0 }, Y={ $memory$flatten\u_core.$auto$proc_rom.cc:155:do_switch$967$rdmux[0][4][3]$b$2699 [24] $memory$flatten\u_core.$auto$proc_rom.cc:155:do_switch$967$rdmux[0][4][3]$b$2699 [18] $memory$flatten\u_core.$auto$proc_rom.cc:155:do_switch$967$rdmux[0][4][3]$b$2699 [12] $memory$flatten\u_core.$auto$proc_rom.cc:155:do_switch$967$rdmux[0][4][3]$b$2699 [10] $memory$flatten\u_core.$auto$proc_rom.cc:155:do_switch$967$rdmux[0][4][3]$b$2699 [7:6] $memory$flatten\u_core.$auto$proc_rom.cc:155:do_switch$967$rdmux[0][4][3]$b$2699 [2] $memory$flatten\u_core.$auto$proc_rom.cc:155:do_switch$967$rdmux[0][4][3]$b$2699 [0] }
      New connections: { $memory$flatten\u_core.$auto$proc_rom.cc:155:do_switch$967$rdmux[0][4][3]$b$2699 [11] $memory$flatten\u_core.$auto$proc_rom.cc:155:do_switch$967$rdmux[0][4][3]$b$2699 [9] } = { $memory$flatten\u_core.$auto$proc_rom.cc:155:do_switch$967$rdmux[0][5][11]$a$2770 [0] $memory$flatten\u_core.$auto$proc_rom.cc:155:do_switch$967$rdmux[0][5][11]$a$2770 [8] }
  Optimizing cells in module \peweaver_ppa_shared_fft.
Performed a total of 9 changes.

4.21.13. Executing OPT_MERGE pass (detect identical cells).
Finding identical cells in module `\peweaver_ppa_shared_fft'.
Computing hashes of 666 cells of `\peweaver_ppa_shared_fft'.
Finding duplicate cells in `\peweaver_ppa_shared_fft'.
Computing hashes of 663 cells of `\peweaver_ppa_shared_fft'.
Finding duplicate cells in `\peweaver_ppa_shared_fft'.
<suppressed ~9 debug messages>
Removed a total of 3 cells.

4.21.14. Executing OPT_SHARE pass.

4.21.15. Executing OPT_DFF pass (perform DFF optimizations).
Adding SRST signal on $$flatten\u_core.$auto$proc_rom.cc:155:do_switch$967$rdreg[0] ($dff) from module peweaver_ppa_shared_fft (D = $memory$flatten\u_core.$auto$proc_rom.cc:155:do_switch$967$rdmux[0][0][0]$a$2644 [31], Q = \u_core.s2_twi [15], rval = 1'0).
Adding SRST signal on $$flatten\u_core.$auto$proc_rom.cc:155:do_switch$971$rdreg[0] ($dff) from module peweaver_ppa_shared_fft (D = $memory$flatten\u_core.$auto$proc_rom.cc:155:do_switch$971$rdmux[0][0][0]$a$3025 [31], Q = \u_core.s1_twi [15], rval = 1'0).
Setting constant 0-bit at position 0 on $auto$ff.cc:337:slice$3415 ($dff) from module peweaver_ppa_shared_fft.
Setting constant 0-bit at position 16 on $auto$ff.cc:337:slice$3415 ($dff) from module peweaver_ppa_shared_fft.
Setting constant 0-bit at position 23 on $auto$ff.cc:337:slice$3415 ($dff) from module peweaver_ppa_shared_fft.
Setting constant 0-bit at position 25 on $auto$ff.cc:337:slice$3415 ($dff) from module peweaver_ppa_shared_fft.
Setting constant 0-bit at position 27 on $auto$ff.cc:337:slice$3415 ($dff) from module peweaver_ppa_shared_fft.
Setting constant 0-bit at position 28 on $auto$ff.cc:337:slice$3415 ($dff) from module peweaver_ppa_shared_fft.
Setting constant 0-bit at position 30 on $auto$ff.cc:337:slice$3415 ($dff) from module peweaver_ppa_shared_fft.

4.21.16. Executing OPT_CLEAN pass (remove unused cells and wires).
Finding unused cells or wires in module \peweaver_ppa_shared_fft..
Removed 0 unused cells and 124 unused wires.
<suppressed ~1 debug messages>

4.21.17. Executing OPT_EXPR pass (perform const folding).
Optimizing module peweaver_ppa_shared_fft.

4.21.18. Rerunning OPT passes. (Maybe there is more to do..)

4.21.19. Executing OPT_MUXTREE pass (detect dead branches in mux trees).
Running muxtree optimizer on module \peweaver_ppa_shared_fft..
  Creating internal representation of mux trees.
  Evaluating internal representation of mux trees.
  Analyzing evaluation results.
Removed 0 multiplexer ports.
<suppressed ~390 debug messages>

4.21.20. Executing OPT_REDUCE pass (consolidate $*mux and $reduce_* inputs).
  Optimizing cells in module \peweaver_ppa_shared_fft.
Performed a total of 0 changes.

4.21.21. Executing OPT_MERGE pass (detect identical cells).
Finding identical cells in module `\peweaver_ppa_shared_fft'.
Computing hashes of 665 cells of `\peweaver_ppa_shared_fft'.
Finding duplicate cells in `\peweaver_ppa_shared_fft'.
Removed a total of 0 cells.

4.21.22. Executing OPT_SHARE pass.

4.21.23. Executing OPT_DFF pass (perform DFF optimizations).

4.21.24. Executing OPT_CLEAN pass (remove unused cells and wires).
Finding unused cells or wires in module \peweaver_ppa_shared_fft..

4.21.25. Executing OPT_EXPR pass (perform const folding).
Optimizing module peweaver_ppa_shared_fft.

4.21.26. Finished fast OPT passes. (There is nothing left to do.)

4.22. Executing TECHMAP pass (map to technology primitives).

4.22.1. Executing Verilog-2005 frontend: /home/peweaver-user/Documents/chialoop/toolchains/oss-cad-suite/lib/../share/yosys/techmap.v
Parsing Verilog input from `/home/peweaver-user/Documents/chialoop/toolchains/oss-cad-suite/lib/../share/yosys/techmap.v' to AST representation.
Generating RTLIL representation for module `\_90_simplemap_bool_ops'.
Generating RTLIL representation for module `\_90_simplemap_reduce_ops'.
Generating RTLIL representation for module `\_90_simplemap_logic_ops'.
Generating RTLIL representation for module `\_90_simplemap_compare_ops'.
Generating RTLIL representation for module `\_90_simplemap_various'.
Generating RTLIL representation for module `\_90_simplemap_registers'.
Generating RTLIL representation for module `\_90_shift_ops_shr_shl_sshl_sshr'.
Generating RTLIL representation for module `\_90_shift_shiftx'.
Generating RTLIL representation for module `\_90_fa'.
Generating RTLIL representation for module `\_90_lcu_brent_kung'.
Generating RTLIL representation for module `\_90_alu'.
Generating RTLIL representation for module `\_90_macc'.
Generating RTLIL representation for module `\_90_alumacc'.
Generating RTLIL representation for module `$__div_mod_u'.
Generating RTLIL representation for module `$__div_mod_trunc'.
Generating RTLIL representation for module `\_90_div'.
Generating RTLIL representation for module `\_90_mod'.
Generating RTLIL representation for module `$__div_mod_floor'.
Generating RTLIL representation for module `\_90_divfloor'.
Generating RTLIL representation for module `\_90_modfloor'.
Generating RTLIL representation for module `\_90_pow'.
Generating RTLIL representation for module `\_90_demux'.
Generating RTLIL representation for module `\_90_lut'.
Generating RTLIL representation for module `$connect'.
Generating RTLIL representation for module `$input_port'.
Successfully finished Verilog frontend.

4.22.2. Continuing TECHMAP pass.
Using extmapper simplemap for cells of type $dff.
Using extmapper simplemap for cells of type $sdff.
Using extmapper simplemap for cells of type $mux.
Using template $paramod$103b4016182df467cceab67bcf3e18e6361ec0fd\_90_alu for cells of type $alu.
Using template $paramod$d4c0c20b0ee59f495e14575c4397dc0a6dd9e8e6\_90_alu for cells of type $alu.
Using template $paramod$2470b7ea32c975a55c3ab8b283381b72d09e16d3\_90_alu for cells of type $alu.
Using template $paramod$2af30114e9bd4ccb04dad757b3f0a8f6bf0615b0\_90_alu for cells of type $alu.
Using extmapper maccmap for cells of type $macc_v2.
  add \u_core.s2_b2x0i (16 bits, signed)
  add \u_core.s2_b2x1i (16 bits, signed)
  add 17'00000000000000001 (17 bits, unsigned)
  packed 1 (1) bits / 1 words into adder tree
  add \u_core.s2_b2x0r (16 bits, signed)
  sub \u_core.s2_b2x1r (16 bits, signed)
  add 17'00000000000000001 (17 bits, unsigned)
  add \u_core.s2_b2x0i (16 bits, signed)
  sub \u_core.s2_b2x1i (16 bits, signed)
  add 17'00000000000000001 (17 bits, unsigned)
  add \u_core.s1_b2x0r (16 bits, signed)
  add \u_core.s1_b2x1r (16 bits, signed)
  add 17'00000000000000001 (17 bits, unsigned)
  packed 1 (1) bits / 1 words into adder tree
  add { \u_core.s2_twnum [2] 2'00 } * \u_core.s2_twsel (3x2 bits, unsigned)
  add { \u_core.s2_twnum [4:2] 2'00 } * \u_core.s2_twsel (5x2 bits, unsigned)
  add \u_core.s2_muar * \u_core.s2_twr (16x16 bits, signed)
  add \u_core.s2_muar * \u_core.s2_twi (16x16 bits, signed)
  add \u_core.s2_muai * \u_core.s2_twr (16x16 bits, signed)
  add \u_core.s2_muai * \u_core.s2_twi (16x16 bits, signed)
  add \u_core.s3_muai * { \u_core.s3_twi [15] 1'0 \u_core.s3_twi [13] 2'00 \u_core.s3_twi [10] 1'0 \u_core.s3_twi [8] 1'0 \u_core.s3_twi [6:1] 1'0 } (16x16 bits, signed)
  add { \u_core.s3_bf2cnt [1] \u_core.s3_bf2cnt [2] } * \u_core.s3_bf2cnt [0] (2x1 bits, unsigned)
  add \u_core.s1_muai * \u_core.s1_twi (16x16 bits, signed)
  add \u_core.s1_muai * \u_core.s1_twr (16x16 bits, signed)
  add \u_core.s1_muar * \u_core.s1_twi (16x16 bits, signed)
  add \u_core.s1_muar * \u_core.s1_twr (16x16 bits, signed)
  add \u_core.s3_muar * { \u_core.s3_twr [15:1] 1'0 } (16x16 bits, signed)
  add \u_core.s1_twnum * \u_core.s1_twsel (5x2 bits, unsigned)
  add \u_core.s3_muar * { \u_core.s3_twi [15] 1'0 \u_core.s3_twi [13] 2'00 \u_core.s3_twi [10] 1'0 \u_core.s3_twi [8] 1'0 \u_core.s3_twi [6:1] 1'0 } (16x16 bits, signed)
  add \u_core.s2_b2x0r (16 bits, signed)
  add \u_core.s2_b2x1r (16 bits, signed)
  add 17'00000000000000001 (17 bits, unsigned)
  packed 1 (1) bits / 1 words into adder tree
  add \u_core.s1_twnum [3:0] * \u_core.s1_twsel (4x2 bits, unsigned)
  add \u_core.s3_muai * { \u_core.s3_twr [15:1] 1'0 } (16x16 bits, signed)
  add \u_core.s1_b2x0i (16 bits, signed)
  sub \u_core.s1_b2x1i (16 bits, signed)
  add 17'00000000000000001 (17 bits, unsigned)
  add \u_core.s3_b2x0r (16 bits, signed)
  add \u_core.s3_b2x1r (16 bits, signed)
  add 17'00000000000000001 (17 bits, unsigned)
  packed 1 (1) bits / 1 words into adder tree
  add \u_core.s3_b2x0i (16 bits, signed)
  add \u_core.s3_b2x1i (16 bits, signed)
  add 17'00000000000000001 (17 bits, unsigned)
  packed 1 (1) bits / 1 words into adder tree
  add \u_core.s3_b2x0r (16 bits, signed)
  sub \u_core.s3_b2x1r (16 bits, signed)
  add 17'00000000000000001 (17 bits, unsigned)
  add \u_core.s3_b2x0i (16 bits, signed)
  sub \u_core.s3_b2x1i (16 bits, signed)
  add 17'00000000000000001 (17 bits, unsigned)
  add \u_core.s1_b2x0r (16 bits, signed)
  sub \u_core.s1_b2x1r (16 bits, signed)
  add 17'00000000000000001 (17 bits, unsigned)
  add \u_core.s1_b2x0i (16 bits, signed)
  add \u_core.s1_b2x1i (16 bits, signed)
  add 17'00000000000000001 (17 bits, unsigned)
  packed 1 (1) bits / 1 words into adder tree
Using extmapper simplemap for cells of type $reduce_bool.
Using extmapper simplemap for cells of type $adffe.
Using extmapper simplemap for cells of type $adff.
Using extmapper simplemap for cells of type $not.
Using extmapper simplemap for cells of type $and.
Using extmapper simplemap for cells of type $pmux.
Using extmapper simplemap for cells of type $eq.
Using template $paramod$3bb72ad0665cdca279bbc49ed6a39f403f16497f\_90_alu for cells of type $alu.
Using template $paramod\_90_fa\WIDTH=32'00000000000000000000000000010001 for cells of type $fa.
Using template $paramod\_90_fa\WIDTH=32'00000000000000000000000000011111 for cells of type $fa.
Using template $paramod$ebf89ea36a793f0f77858f212141d47c833068ad\_90_alu for cells of type $alu.
Using template $paramod$00298f3f8094950cb9a5ff2fda48d0d8bde8806c\_90_alu for cells of type $alu.
Using template $paramod$dbcdc7e8aa1a4080cea2deda6fdc8772064f4d90\_90_alu for cells of type $alu.
Using template $paramod$b18e16801adf491a64caa0542270798e5d4ac6b6\_90_alu for cells of type $alu.
Using extmapper simplemap for cells of type $pos.
Using template $paramod\_90_fa\WIDTH=32'00000000000000000000000000000111 for cells of type $fa.
Using template $paramod\_90_lcu_brent_kung\WIDTH=32'00000000000000000000000000000111 for cells of type $lcu.
Using extmapper simplemap for cells of type $xor.
Using template $paramod\_90_fa\WIDTH=32'00000000000000000000000000010000 for cells of type $fa.
Using template $paramod\_90_lcu_brent_kung\WIDTH=32'00000000000000000000000000010000 for cells of type $lcu.
Using template $paramod\_90_lcu_brent_kung\WIDTH=32'00000000000000000000000000010001 for cells of type $lcu.
Using extmapper simplemap for cells of type $or.
Using template $paramod\_90_fa\WIDTH=32'00000000000000000000000000000101 for cells of type $fa.
Using template $paramod\_90_lcu_brent_kung\WIDTH=32'00000000000000000000000000000101 for cells of type $lcu.
Using template $paramod\_90_lcu_brent_kung\WIDTH=32'00000000000000000000000000011111 for cells of type $lcu.
Using template $paramod\_90_fa\WIDTH=32'00000000000000000000000000000110 for cells of type $fa.
Using template $paramod\_90_lcu_brent_kung\WIDTH=32'00000000000000000000000000000110 for cells of type $lcu.
No more expansions possible.
<suppressed ~8056 debug messages>

4.23. Executing OPT pass (performing simple optimizations).

4.23.1. Executing OPT_EXPR pass (perform const folding).
Optimizing module peweaver_ppa_shared_fft.
<suppressed ~17872 debug messages>

4.23.2. Executing OPT_MERGE pass (detect identical cells).
Finding identical cells in module `\peweaver_ppa_shared_fft'.
Computing hashes of 38904 cells of `\peweaver_ppa_shared_fft'.
Finding duplicate cells in `\peweaver_ppa_shared_fft'.
Computing hashes of 37105 cells of `\peweaver_ppa_shared_fft'.
Finding duplicate cells in `\peweaver_ppa_shared_fft'.
Computing hashes of 35631 cells of `\peweaver_ppa_shared_fft'.
Finding duplicate cells in `\peweaver_ppa_shared_fft'.
Computing hashes of 34725 cells of `\peweaver_ppa_shared_fft'.
Finding duplicate cells in `\peweaver_ppa_shared_fft'.
Computing hashes of 34309 cells of `\peweaver_ppa_shared_fft'.
Finding duplicate cells in `\peweaver_ppa_shared_fft'.
Computing hashes of 33863 cells of `\peweaver_ppa_shared_fft'.
Finding duplicate cells in `\peweaver_ppa_shared_fft'.
Computing hashes of 33631 cells of `\peweaver_ppa_shared_fft'.
Finding duplicate cells in `\peweaver_ppa_shared_fft'.
Computing hashes of 33515 cells of `\peweaver_ppa_shared_fft'.
Finding duplicate cells in `\peweaver_ppa_shared_fft'.
Computing hashes of 33467 cells of `\peweaver_ppa_shared_fft'.
Finding duplicate cells in `\peweaver_ppa_shared_fft'.
Computing hashes of 33423 cells of `\peweaver_ppa_shared_fft'.
Finding duplicate cells in `\peweaver_ppa_shared_fft'.
Computing hashes of 33413 cells of `\peweaver_ppa_shared_fft'.
Finding duplicate cells in `\peweaver_ppa_shared_fft'.
<suppressed ~16473 debug messages>
Removed a total of 5491 cells.

4.23.3. Executing OPT_DFF pass (perform DFF optimizations).
Removing never-active SRST on $auto$ff.cc:337:slice$3580 ($_SDFF_PP0_) from module peweaver_ppa_shared_fft.
Adding SRST signal on $auto$ff.cc:337:slice$3580 ($_SDFF_PP0_) from module peweaver_ppa_shared_fft (D = \u_core.s3_twaddr [4], Q = \u_core.s3_twi [15], rval = 1'1).
Adding SRST signal on $auto$ff.cc:337:slice$3557 ($_DFF_P_) from module peweaver_ppa_shared_fft (D = $memory$flatten\u_core.$auto$proc_rom.cc:155:do_switch$967$rdmux[0][0][0]$a$2644 [9], Q = \u_core.s2_twr [9], rval = 1'0).
Adding SRST signal on $auto$ff.cc:337:slice$3558 ($_DFF_P_) from module peweaver_ppa_shared_fft (D = $memory$flatten\u_core.$auto$proc_rom.cc:155:do_switch$967$rdmux[0][0][0]$a$2644 [10], Q = \u_core.s2_twr [10], rval = 1'0).
Adding SRST signal on $auto$ff.cc:337:slice$3562 ($_DFF_P_) from module peweaver_ppa_shared_fft (D = $memory$flatten\u_core.$auto$proc_rom.cc:155:do_switch$967$rdmux[0][0][0]$a$2644 [14], Q = \u_core.s2_twr [14], rval = 1'0).
Adding SRST signal on $auto$ff.cc:337:slice$3564 ($_DFF_P_) from module peweaver_ppa_shared_fft (D = $memory$flatten\u_core.$auto$proc_rom.cc:155:do_switch$967$rdmux[0][0][0]$a$2644 [16], Q = \u_core.s2_twi [0], rval = 1'0).
Adding SRST signal on $auto$ff.cc:337:slice$3572 ($_DFF_P_) from module peweaver_ppa_shared_fft (D = $memory$flatten\u_core.$auto$proc_rom.cc:155:do_switch$967$rdmux[0][0][0]$a$2644 [24], Q = \u_core.s2_twi [8], rval = 1'0).
Adding SRST signal on $auto$ff.cc:337:slice$3574 ($_DFF_P_) from module peweaver_ppa_shared_fft (D = $memory$flatten\u_core.$auto$proc_rom.cc:155:do_switch$967$rdmux[0][0][0]$a$2644 [26], Q = \u_core.s2_twi [10], rval = 1'0).

4.23.4. Executing OPT_CLEAN pass (remove unused cells and wires).
Finding unused cells or wires in module \peweaver_ppa_shared_fft..
Removed 1520 unused cells and 5168 unused wires.
<suppressed ~1524 debug messages>

4.23.5. Rerunning OPT passes. (Removed registers in this run.)

4.23.6. Executing OPT_EXPR pass (perform const folding).
Optimizing module peweaver_ppa_shared_fft.
<suppressed ~157 debug messages>

4.23.7. Executing OPT_MERGE pass (detect identical cells).
Finding identical cells in module `\peweaver_ppa_shared_fft'.
Computing hashes of 31736 cells of `\peweaver_ppa_shared_fft'.
Finding duplicate cells in `\peweaver_ppa_shared_fft'.
Computing hashes of 31731 cells of `\peweaver_ppa_shared_fft'.
Finding duplicate cells in `\peweaver_ppa_shared_fft'.
<suppressed ~15 debug messages>
Removed a total of 5 cells.

4.23.8. Executing OPT_DFF pass (perform DFF optimizations).
Adding SRST signal on $auto$ff.cc:337:slice$3505 ($_DFF_P_) from module peweaver_ppa_shared_fft (D = \u_core.s3_twaddr [4], Q = \u_core.s3_twr [14], rval = 1'0).
Adding SRST signal on $auto$ff.cc:337:slice$3506 ($_DFF_P_) from module peweaver_ppa_shared_fft (D = \u_core.s3_twaddr [4], Q = \u_core.s3_twr [15], rval = 1'0).

4.23.9. Executing OPT_CLEAN pass (remove unused cells and wires).
Finding unused cells or wires in module \peweaver_ppa_shared_fft..
Removed 2 unused cells and 3 unused wires.
<suppressed ~3 debug messages>

4.23.10. Rerunning OPT passes. (Removed registers in this run.)

4.23.11. Executing OPT_EXPR pass (perform const folding).
Optimizing module peweaver_ppa_shared_fft.

4.23.12. Executing OPT_MERGE pass (detect identical cells).
Finding identical cells in module `\peweaver_ppa_shared_fft'.
Computing hashes of 31729 cells of `\peweaver_ppa_shared_fft'.
Finding duplicate cells in `\peweaver_ppa_shared_fft'.
Removed a total of 0 cells.

4.23.13. Executing OPT_DFF pass (perform DFF optimizations).

4.23.14. Executing OPT_CLEAN pass (remove unused cells and wires).
Finding unused cells or wires in module \peweaver_ppa_shared_fft..

4.23.15. Finished fast OPT passes.

4.24. Executing ABC pass (technology mapping using ABC).

4.24.1. Extracting gate netlist of module `\peweaver_ppa_shared_fft' to `<abc-temp-dir>/input.blif'..

4.24.1.1. Executed ABC.
Extracted 26421 gates and 27342 wires to a netlist network with 919 inputs and 728 outputs.
Running ABC script: <abc-temp-dir>/abc.script
ABC: UC Berkeley, ABC 1.01 (compiled Aug 28 2026 12:09:00)
ABC: abc 01> empty
ABC: abc 01> source <abc-temp-dir>/abc.script
ABC: + read_blif <abc-temp-dir>/input.blif 
ABC: + read_library <abc-temp-dir>/stdcells.genlib 
ABC: + strash 
ABC: + &get -n 
ABC: + &fraig -x 
ABC: + &put 
ABC: + scorr 
ABC: Warning: The network is combinational (run "fraig" or "fraig_sweep").
ABC: + dc2 
ABC: + dretime 
ABC: + strash 
ABC: + &get -n 
ABC: + &dch -f 
ABC: + &nf 
ABC: + &put 
ABC: + write_blif <abc-temp-dir>/output.blif 
ABC: 
ABC: YOSYS_ABC_DONE 

4.24.1.2. Re-integrating ABC results.
ABC RESULTS:               AND cells:     3536
ABC RESULTS:            ANDNOT cells:      692
ABC RESULTS:               MUX cells:      767
ABC RESULTS:              NAND cells:     9857
ABC RESULTS:               NOR cells:      241
ABC RESULTS:               NOT cells:       87
ABC RESULTS:                OR cells:      979
ABC RESULTS:             ORNOT cells:      790
ABC RESULTS:              XNOR cells:     1303
ABC RESULTS:               XOR cells:     5358
ABC RESULTS:        internal signals:    25695
ABC RESULTS:           input signals:      919
ABC RESULTS:          output signals:      728
Removing temp directory.
Removing global temp directory.

4.25. Executing OPT pass (performing simple optimizations).

4.25.1. Executing OPT_EXPR pass (perform const folding).
Optimizing module peweaver_ppa_shared_fft.
<suppressed ~19 debug messages>

4.25.2. Executing OPT_MERGE pass (detect identical cells).
Finding identical cells in module `\peweaver_ppa_shared_fft'.
Computing hashes of 28918 cells of `\peweaver_ppa_shared_fft'.
Finding duplicate cells in `\peweaver_ppa_shared_fft'.
Computing hashes of 28916 cells of `\peweaver_ppa_shared_fft'.
Finding duplicate cells in `\peweaver_ppa_shared_fft'.
<suppressed ~6 debug messages>
Removed a total of 2 cells.

4.25.3. Executing OPT_DFF pass (perform DFF optimizations).

4.25.4. Executing OPT_CLEAN pass (remove unused cells and wires).
Finding unused cells or wires in module \peweaver_ppa_shared_fft..
Removed 0 unused cells and 5978 unused wires.
<suppressed ~99 debug messages>

4.25.5. Finished fast OPT passes.

4.26. Executing HIERARCHY pass (managing design hierarchy).
Attribute `top' found on module `peweaver_ppa_shared_fft'. Setting top module to peweaver_ppa_shared_fft.

4.26.1. Analyzing design hierarchy..
Top module:  \peweaver_ppa_shared_fft

4.26.2. Analyzing design hierarchy..
Top module:  \peweaver_ppa_shared_fft
Removed 0 unused modules.

4.27. Printing statistics.

=== peweaver_ppa_shared_fft ===

        +----------Local Count, excluding submodules.
        | 
    23513 wires
    29681 wire bits
      450 public wires
     6556 public wire bits
        9 ports
       69 port bits
    28916 cells
      692   $_ANDNOT_
     3536   $_AND_
        6   $_DFFE_PP0P_
       73   $_DFF_PP0_
        2   $_DFF_PP1_
     5214   $_DFF_P_
      767   $_MUX_
     9857   $_NAND_
      241   $_NOR_
       87   $_NOT_
      789   $_ORNOT_
      978   $_OR_
        1   $_SDFF_PN0_
        9   $_SDFF_PP0_
        1   $_SDFF_PP1_
     1303   $_XNOR_
     5358   $_XOR_
        2   $scopeinfo

4.28. Executing CHECK pass (checking for obvious problems).
Checking module peweaver_ppa_shared_fft...
Found and reported 0 problems.

5. Executing DFFLIBMAP pass (mapping DFF/DLATCH cells to sequential cells from liberty file).
  cell sky130_fd_sc_hd__dfxtp_1 (noninv, pins=3, area=20.02) is a direct match for cell type $_DFF_P_.
  cell sky130_fd_sc_hd__dfrtn_1 (noninv, pins=4, area=25.02) is a direct match for cell type $_DFF_NN0_.
  cell sky130_fd_sc_hd__dfrtp_1 (noninv, pins=4, area=25.02) is a direct match for cell type $_DFF_PN0_.
  cell sky130_fd_sc_hd__dfstp_1 (noninv, pins=4, area=26.28) is a direct match for cell type $_DFF_PN1_.
  cell sky130_fd_sc_hd__edfxtp_1 (noninv, pins=4, area=30.03) is a direct match for cell type $_DFFE_PP_.
  cell sky130_fd_sc_hd__dfbbn_1 (noninv, pins=6, area=32.53) is a direct match for cell type $_DFFSR_NNN_.
  cell sky130_fd_sc_hd__dfbbp_1 (noninv, pins=6, area=32.53) is a direct match for cell type $_DFFSR_PNN_.
  cell sky130_fd_sc_hd__dlxtn_1 (noninv, pins=3, area=15.01) is a direct match for cell type $_DLATCH_N_.
  cell sky130_fd_sc_hd__dlxtp_1 (noninv, pins=3, area=15.01) is a direct match for cell type $_DLATCH_P_.
  cell sky130_fd_sc_hd__dlrtn_1 (noninv, pins=4, area=17.52) is a direct match for cell type $_DLATCH_NN0_.
  cell sky130_fd_sc_hd__dlrtp_1 (noninv, pins=4, area=16.27) is a direct match for cell type $_DLATCH_PN0_.
  final dff/dlatch cell mappings:
    unmapped dff/dlatch cell: $_DFF_N_
    \sky130_fd_sc_hd__dfxtp_1 _DFF_P_ (.CLK( C), .D( D), .Q( Q));
    \sky130_fd_sc_hd__dfrtn_1 _DFF_NN0_ (.CLK_N( C), .D( D), .Q( Q), .RESET_B( R));
    unmapped dff/dlatch cell: $_DFF_NN1_
    unmapped dff/dlatch cell: $_DFF_NP0_
    unmapped dff/dlatch cell: $_DFF_NP1_
    \sky130_fd_sc_hd__dfrtp_1 _DFF_PN0_ (.CLK( C), .D( D), .Q( Q), .RESET_B( R));
    \sky130_fd_sc_hd__dfstp_1 _DFF_PN1_ (.CLK( C), .D( D), .Q( Q), .SET_B( R));
    unmapped dff/dlatch cell: $_DFF_PP0_
    unmapped dff/dlatch cell: $_DFF_PP1_
    unmapped dff/dlatch cell: $_DFFE_NN_
    unmapped dff/dlatch cell: $_DFFE_NP_
    unmapped dff/dlatch cell: $_DFFE_PN_
    \sky130_fd_sc_hd__edfxtp_1 _DFFE_PP_ (.CLK( C), .D( D), .DE( E), .Q( Q));
    \sky130_fd_sc_hd__dfbbn_1 _DFFSR_NNN_ (.CLK_N( C), .D( D), .Q( Q), .Q_N(~Q), .RESET_B( R), .SET_B( S));
    unmapped dff/dlatch cell: $_DFFSR_NNP_
    unmapped dff/dlatch cell: $_DFFSR_NPN_
    unmapped dff/dlatch cell: $_DFFSR_NPP_
    \sky130_fd_sc_hd__dfbbp_1 _DFFSR_PNN_ (.CLK( C), .D( D), .Q( Q), .Q_N(~Q), .RESET_B( R), .SET_B( S));
    unmapped dff/dlatch cell: $_DFFSR_PNP_
    unmapped dff/dlatch cell: $_DFFSR_PPN_
    unmapped dff/dlatch cell: $_DFFSR_PPP_
    \sky130_fd_sc_hd__dlxtn_1 _DLATCH_N_ (.D( D), .GATE_N( E), .Q( Q));
    \sky130_fd_sc_hd__dlxtp_1 _DLATCH_P_ (.D( D), .GATE( E), .Q( Q));
    \sky130_fd_sc_hd__dlrtn_1 _DLATCH_NN0_ (.D( D), .GATE_N( E), .Q( Q), .RESET_B( R));
    unmapped dff/dlatch cell: $_DLATCH_NN1_
    unmapped dff/dlatch cell: $_DLATCH_NP0_
    unmapped dff/dlatch cell: $_DLATCH_NP1_
    \sky130_fd_sc_hd__dlrtp_1 _DLATCH_PN0_ (.D( D), .GATE( E), .Q( Q), .RESET_B( R));
    unmapped dff/dlatch cell: $_DLATCH_PN1_
    unmapped dff/dlatch cell: $_DLATCH_PP0_
    unmapped dff/dlatch cell: $_DLATCH_PP1_
    unmapped dff/dlatch cell: $_DLATCHSR_NNN_
    unmapped dff/dlatch cell: $_DLATCHSR_NNP_
    unmapped dff/dlatch cell: $_DLATCHSR_NPN_
    unmapped dff/dlatch cell: $_DLATCHSR_NPP_
    unmapped dff/dlatch cell: $_DLATCHSR_PNN_
    unmapped dff/dlatch cell: $_DLATCHSR_PNP_
    unmapped dff/dlatch cell: $_DLATCHSR_PPN_
    unmapped dff/dlatch cell: $_DLATCHSR_PPP_

5.1. Executing DFFLEGALIZE pass (convert FFs and LATCHes to types supported by the target).
<suppressed ~24 debug messages>
Mapping DFF/DLATCH cells in module `\peweaver_ppa_shared_fft':
  mapped 79 $_DFF_PN0_ cells to \sky130_fd_sc_hd__dfrtp_1 cells.
  mapped 2 $_DFF_PN1_ cells to \sky130_fd_sc_hd__dfstp_1 cells.
  mapped 5225 $_DFF_P_ cells to \sky130_fd_sc_hd__dfxtp_1 cells.

6. Executing ABC pass (technology mapping using ABC).

6.1. Extracting gate netlist of module `\peweaver_ppa_shared_fft' to `<abc-temp-dir>/input.blif'..

6.1.1. Executed ABC.
Extracted 23706 gates and 24629 wires to a netlist network with 921 inputs and 803 outputs.
Running ABC script: <abc-temp-dir>/abc.script
ABC: UC Berkeley, ABC 1.01 (compiled Aug 28 2026 12:09:00)
ABC: abc 01> empty
ABC: abc 01> source <abc-temp-dir>/abc.script
ABC: + read_blif <abc-temp-dir>/input.blif 
ABC: + read_scl /tmp/yosys-liberty-scl-cache/yosys_merged_613a98bd.scl 
ABC: Warning: Detected 9 multi-output cells (for example, "sky130_fd_sc_hd__fa_1").
ABC: + strash 
ABC: + &get -n 
ABC: + &fraig -x 
ABC: + &put 
ABC: + scorr 
ABC: Warning: The network is combinational (run "fraig" or "fraig_sweep").
ABC: + dc2 
ABC: + dretime 
ABC: + retime -o -D 10000 
ABC: + strash 
ABC: + &get -n 
ABC: + &dch -f 
ABC: + &nf -D 10000 
ABC: + &put 
ABC: + write_blif <abc-temp-dir>/output.blif 
ABC: 
ABC: YOSYS_ABC_DONE 

6.1.2. Re-integrating ABC results.
ABC RESULTS:   sky130_fd_sc_hd__a2111oi_0 cells:        1
ABC RESULTS:   sky130_fd_sc_hd__a211o_1 cells:       10
ABC RESULTS:   sky130_fd_sc_hd__a211oi_1 cells:       37
ABC RESULTS:   sky130_fd_sc_hd__a21bo_1 cells:        6
ABC RESULTS:   sky130_fd_sc_hd__a21boi_0 cells:       84
ABC RESULTS:   sky130_fd_sc_hd__a21o_1 cells:      149
ABC RESULTS:   sky130_fd_sc_hd__a21oi_1 cells:     1013
ABC RESULTS:   sky130_fd_sc_hd__a221o_1 cells:        1
ABC RESULTS:   sky130_fd_sc_hd__a221oi_1 cells:        8
ABC RESULTS:   sky130_fd_sc_hd__a22o_1 cells:      110
ABC RESULTS:   sky130_fd_sc_hd__a22oi_1 cells:       78
ABC RESULTS:   sky130_fd_sc_hd__a2bb2o_1 cells:       44
ABC RESULTS:   sky130_fd_sc_hd__a2bb2oi_1 cells:       11
ABC RESULTS:   sky130_fd_sc_hd__a311o_1 cells:        1
ABC RESULTS:   sky130_fd_sc_hd__a311oi_1 cells:        5
ABC RESULTS:   sky130_fd_sc_hd__a31o_1 cells:       14
ABC RESULTS:   sky130_fd_sc_hd__a31oi_1 cells:       82
ABC RESULTS:   sky130_fd_sc_hd__a32o_1 cells:        8
ABC RESULTS:   sky130_fd_sc_hd__a32oi_1 cells:       12
ABC RESULTS:   sky130_fd_sc_hd__a41o_1 cells:        2
ABC RESULTS:   sky130_fd_sc_hd__a41oi_1 cells:        4
ABC RESULTS:   sky130_fd_sc_hd__and2_0 cells:      308
ABC RESULTS:   sky130_fd_sc_hd__and3_1 cells:      558
ABC RESULTS:   sky130_fd_sc_hd__and3b_1 cells:        1
ABC RESULTS:   sky130_fd_sc_hd__and4_1 cells:       16
ABC RESULTS:   sky130_fd_sc_hd__clkinv_1 cells:      502
ABC RESULTS:   sky130_fd_sc_hd__maj3_1 cells:     1378
ABC RESULTS:   sky130_fd_sc_hd__mux2_1 cells:       43
ABC RESULTS:   sky130_fd_sc_hd__mux2i_1 cells:      247
ABC RESULTS:   sky130_fd_sc_hd__nand2_1 cells:     2834
ABC RESULTS:   sky130_fd_sc_hd__nand2b_1 cells:      382
ABC RESULTS:   sky130_fd_sc_hd__nand3_1 cells:     1000
ABC RESULTS:   sky130_fd_sc_hd__nand3b_1 cells:       18
ABC RESULTS:   sky130_fd_sc_hd__nand4_1 cells:       48
ABC RESULTS:   sky130_fd_sc_hd__nor2_1 cells:     1626
ABC RESULTS:   sky130_fd_sc_hd__nor2b_1 cells:      323
ABC RESULTS:   sky130_fd_sc_hd__nor3_1 cells:      154
ABC RESULTS:   sky130_fd_sc_hd__nor3b_1 cells:       36
ABC RESULTS:   sky130_fd_sc_hd__nor4_1 cells:       10
ABC RESULTS:   sky130_fd_sc_hd__nor4b_1 cells:        3
ABC RESULTS:   sky130_fd_sc_hd__o2111ai_1 cells:        5
ABC RESULTS:   sky130_fd_sc_hd__o211a_1 cells:       16
ABC RESULTS:   sky130_fd_sc_hd__o211ai_1 cells:       39
ABC RESULTS:   sky130_fd_sc_hd__o21a_1 cells:      120
ABC RESULTS:   sky130_fd_sc_hd__o21ai_0 cells:     1104
ABC RESULTS:   sky130_fd_sc_hd__o21ba_1 cells:        5
ABC RESULTS:   sky130_fd_sc_hd__o21bai_1 cells:       39
ABC RESULTS:   sky130_fd_sc_hd__o221a_1 cells:        1
ABC RESULTS:   sky130_fd_sc_hd__o221ai_1 cells:        5
ABC RESULTS:   sky130_fd_sc_hd__o22a_1 cells:       40
ABC RESULTS:   sky130_fd_sc_hd__o22ai_1 cells:      154
ABC RESULTS:   sky130_fd_sc_hd__o2bb2ai_1 cells:       63
ABC RESULTS:   sky130_fd_sc_hd__o311a_1 cells:        1
ABC RESULTS:   sky130_fd_sc_hd__o311ai_0 cells:        5
ABC RESULTS:   sky130_fd_sc_hd__o31a_1 cells:        3
ABC RESULTS:   sky130_fd_sc_hd__o31ai_1 cells:       40
ABC RESULTS:   sky130_fd_sc_hd__o32a_1 cells:       31
ABC RESULTS:   sky130_fd_sc_hd__o32ai_1 cells:        9
ABC RESULTS:   sky130_fd_sc_hd__or2_0 cells:      148
ABC RESULTS:   sky130_fd_sc_hd__or3_1 cells:      204
ABC RESULTS:   sky130_fd_sc_hd__or3b_1 cells:        4
ABC RESULTS:   sky130_fd_sc_hd__xnor2_1 cells:     3028
ABC RESULTS:   sky130_fd_sc_hd__xnor3_1 cells:      441
ABC RESULTS:   sky130_fd_sc_hd__xor2_1 cells:     1562
ABC RESULTS:   sky130_fd_sc_hd__xor3_1 cells:      261
ABC RESULTS:        internal signals:    22905
ABC RESULTS:           input signals:      921
ABC RESULTS:          output signals:      803
Removing temp directory.
Removing global temp directory.

7. Executing SETUNDEF pass (replace undef values with defined constants).

8. Executing SPLITNETS pass (splitting up multi-bit signals).

9. Executing OPT_CLEAN pass (remove unused cells and wires).
Finding unused cells or wires in module \peweaver_ppa_shared_fft..
Removed 2 unused cells and 25358 unused wires.
<suppressed ~735 debug messages>

10. Executing CHECK pass (checking for obvious problems).
Checking module peweaver_ppa_shared_fft...
Warning: Wire peweaver_ppa_shared_fft.\do_en is used but has no driver.
Warning: Wire peweaver_ppa_shared_fft.\do_re [15] is used but has no driver.
Warning: Wire peweaver_ppa_shared_fft.\do_re [14] is used but has no driver.
Warning: Wire peweaver_ppa_shared_fft.\do_re [13] is used but has no driver.
Warning: Wire peweaver_ppa_shared_fft.\do_re [12] is used but has no driver.
Warning: Wire peweaver_ppa_shared_fft.\do_re [11] is used but has no driver.
Warning: Wire peweaver_ppa_shared_fft.\do_re [10] is used but has no driver.
Warning: Wire peweaver_ppa_shared_fft.\do_re [9] is used but has no driver.
Warning: Wire peweaver_ppa_shared_fft.\do_re [8] is used but has no driver.
Warning: Wire peweaver_ppa_shared_fft.\do_re [7] is used but has no driver.
Warning: Wire peweaver_ppa_shared_fft.\do_re [6] is used but has no driver.
Warning: Wire peweaver_ppa_shared_fft.\do_re [5] is used but has no driver.
Warning: Wire peweaver_ppa_shared_fft.\do_re [4] is used but has no driver.
Warning: Wire peweaver_ppa_shared_fft.\do_re [3] is used but has no driver.
Warning: Wire peweaver_ppa_shared_fft.\do_re [2] is used but has no driver.
Warning: Wire peweaver_ppa_shared_fft.\do_re [1] is used but has no driver.
Warning: Wire peweaver_ppa_shared_fft.\do_re [0] is used but has no driver.
Warning: Wire peweaver_ppa_shared_fft.\do_im [15] is used but has no driver.
Warning: Wire peweaver_ppa_shared_fft.\do_im [14] is used but has no driver.
Warning: Wire peweaver_ppa_shared_fft.\do_im [13] is used but has no driver.
Warning: Wire peweaver_ppa_shared_fft.\do_im [12] is used but has no driver.
Warning: Wire peweaver_ppa_shared_fft.\do_im [11] is used but has no driver.
Warning: Wire peweaver_ppa_shared_fft.\do_im [10] is used but has no driver.
Warning: Wire peweaver_ppa_shared_fft.\do_im [9] is used but has no driver.
Warning: Wire peweaver_ppa_shared_fft.\do_im [8] is used but has no driver.
Warning: Wire peweaver_ppa_shared_fft.\do_im [7] is used but has no driver.
Warning: Wire peweaver_ppa_shared_fft.\do_im [6] is used but has no driver.
Warning: Wire peweaver_ppa_shared_fft.\do_im [5] is used but has no driver.
Warning: Wire peweaver_ppa_shared_fft.\do_im [4] is used but has no driver.
Warning: Wire peweaver_ppa_shared_fft.\do_im [3] is used but has no driver.
Warning: Wire peweaver_ppa_shared_fft.\do_im [2] is used but has no driver.
Warning: Wire peweaver_ppa_shared_fft.\do_im [1] is used but has no driver.
Warning: Wire peweaver_ppa_shared_fft.\do_im [0] is used but has no driver.
Found and reported 33 problems.

11. Printing statistics.

=== peweaver_ppa_shared_fft ===

        +----------Local Count, excluding submodules.
        |        +-Local Area, excluding submodules.
        |        | 
    23777        - wires
    23837        - wire bits
     5764        - public wires
     5824        - public wire bits
        9        - ports
       69        - port bits
    23801 2.37E+05 cells
        1    8.758   sky130_fd_sc_hd__a2111oi_0
       10   87.584   sky130_fd_sc_hd__a211o_1
       37  277.766   sky130_fd_sc_hd__a211oi_1
        6   60.058   sky130_fd_sc_hd__a21bo_1
       84  630.605   sky130_fd_sc_hd__a21boi_0
      149 1.12E+03   sky130_fd_sc_hd__a21o_1
     1013 5.07E+03   sky130_fd_sc_hd__a21oi_1
        1    10.01   sky130_fd_sc_hd__a221o_1
        8   70.067   sky130_fd_sc_hd__a221oi_1
      110  963.424   sky130_fd_sc_hd__a22o_1
       78  585.562   sky130_fd_sc_hd__a22oi_1
       44  440.422   sky130_fd_sc_hd__a2bb2o_1
       11   96.342   sky130_fd_sc_hd__a2bb2oi_1
        1    10.01   sky130_fd_sc_hd__a311o_1
        5   43.792   sky130_fd_sc_hd__a311oi_1
       14  122.618   sky130_fd_sc_hd__a31o_1
       82  512.992   sky130_fd_sc_hd__a31oi_1
        8   80.077   sky130_fd_sc_hd__a32o_1
       12  105.101   sky130_fd_sc_hd__a32oi_1
        2   20.019   sky130_fd_sc_hd__a41o_1
        4   35.034   sky130_fd_sc_hd__a41oi_1
      308 1.93E+03   sky130_fd_sc_hd__and2_0
      558 3.49E+03   sky130_fd_sc_hd__and3_1
        1    8.758   sky130_fd_sc_hd__and3b_1
       16  140.134   sky130_fd_sc_hd__and4_1
      502 1.88E+03   sky130_fd_sc_hd__clkinv_1
       79 1.98E+03   sky130_fd_sc_hd__dfrtp_1
        2    52.55   sky130_fd_sc_hd__dfstp_1
     5225 1.05E+05   sky130_fd_sc_hd__dfxtp_1
     1378 1.38E+04   sky130_fd_sc_hd__maj3_1
       43  484.214   sky130_fd_sc_hd__mux2_1
      247 2.47E+03   sky130_fd_sc_hd__mux2i_1
     2834 1.06E+04   sky130_fd_sc_hd__nand2_1
      382 2.39E+03   sky130_fd_sc_hd__nand2b_1
     1000   5004.8   sky130_fd_sc_hd__nand3_1
       18   135.13   sky130_fd_sc_hd__nand3b_1
       48  300.288   sky130_fd_sc_hd__nand4_1
     1626  6.1E+03   sky130_fd_sc_hd__nor2_1
      323 2.02E+03   sky130_fd_sc_hd__nor2b_1
      154  770.739   sky130_fd_sc_hd__nor3_1
       36  270.259   sky130_fd_sc_hd__nor3b_1
       10    62.56   sky130_fd_sc_hd__nor4_1
        3   26.275   sky130_fd_sc_hd__nor4b_1
        5   43.792   sky130_fd_sc_hd__o2111ai_1
       16  160.154   sky130_fd_sc_hd__o211a_1
       39  292.781   sky130_fd_sc_hd__o211ai_1
      120  900.864   sky130_fd_sc_hd__o21a_1
     1104 5.53E+03   sky130_fd_sc_hd__o21ai_0
        5   50.048   sky130_fd_sc_hd__o21ba_1
       39  292.781   sky130_fd_sc_hd__o21bai_1
        1   11.261   sky130_fd_sc_hd__o221a_1
        5   43.792   sky130_fd_sc_hd__o221ai_1
       40  350.336   sky130_fd_sc_hd__o22a_1
      154  963.424   sky130_fd_sc_hd__o22ai_1
       63  551.779   sky130_fd_sc_hd__o2bb2ai_1
        1    10.01   sky130_fd_sc_hd__o311a_1
        5   43.792   sky130_fd_sc_hd__o311ai_0
        3   26.275   sky130_fd_sc_hd__o31a_1
       40  300.288   sky130_fd_sc_hd__o31ai_1
       31  310.298   sky130_fd_sc_hd__o32a_1
        9   78.826   sky130_fd_sc_hd__o32ai_1
      148  925.888   sky130_fd_sc_hd__or2_0
      204 1.28E+03   sky130_fd_sc_hd__or3_1
        4   35.034   sky130_fd_sc_hd__or3b_1
     3028 2.65E+04   sky130_fd_sc_hd__xnor2_1
      441 9.93E+03   sky130_fd_sc_hd__xnor3_1
     1562 1.37E+04   sky130_fd_sc_hd__xor2_1
      261  6.2E+03   sky130_fd_sc_hd__xor3_1

   Chip area for module '\peweaver_ppa_shared_fft': 237431.465600
     of which used for sequential elements: 106629.766400 (44.91%)

12. Executing Verilog backend.
Dumping module `\peweaver_ppa_shared_fft'.

Warnings: 45 unique messages, 57 total
End of script. Logfile hash: fad7e50cd7, time: 6.99s, user: 3.64s, system: 0.15s, MEM: 151.41 MB peak
Yosys 0.68+136 (git sha1 c30457480-dirty, Release, Clang /usr/bin/clang++ 21.1.8)
Time spent: 56% 2x abc (4 sec), 11% 27x opt_clean (0 sec), ...
