run-physical.sh: verifying tool/PDK pins against tool-lock.json
run-physical.sh: tool binaries match tool-lock.json
run-physical.sh: pins verified (openroad/yosys/verilator/volare)
run-physical.sh: stage 1 synthesis (yosys -> sky130_fd_sc_hd)
filter_liberty.py: kept 392 cells, removed 36: sky130_fd_sc_hd__lpflow_bleeder_1, sky130_fd_sc_hd__lpflow_clkbufkapwr_1, sky130_fd_sc_hd__lpflow_clkbufkapwr_16, sky130_fd_sc_hd__lpflow_clkbufkapwr_2, sky130_fd_sc_hd__lpflow_clkbufkapwr_4, sky130_fd_sc_hd__lpflow_clkbufkapwr_8, sky130_fd_sc_hd__lpflow_clkinvkapwr_1, sky130_fd_sc_hd__lpflow_clkinvkapwr_16, sky130_fd_sc_hd__lpflow_clkinvkapwr_2, sky130_fd_sc_hd__lpflow_clkinvkapwr_4, sky130_fd_sc_hd__lpflow_clkinvkapwr_8, sky130_fd_sc_hd__lpflow_decapkapwr_12, sky130_fd_sc_hd__lpflow_decapkapwr_3, sky130_fd_sc_hd__lpflow_decapkapwr_4, sky130_fd_sc_hd__lpflow_decapkapwr_6, sky130_fd_sc_hd__lpflow_decapkapwr_8, sky130_fd_sc_hd__lpflow_inputiso0n_1, sky130_fd_sc_hd__lpflow_inputiso0p_1, sky130_fd_sc_hd__lpflow_inputiso1n_1, sky130_fd_sc_hd__lpflow_inputiso1p_1, sky130_fd_sc_hd__lpflow_inputisolatch_1, sky130_fd_sc_hd__lpflow_isobufsrc_1, sky130_fd_sc_hd__lpflow_isobufsrc_16, sky130_fd_sc_hd__lpflow_isobufsrc_2, sky130_fd_sc_hd__lpflow_isobufsrc_4, sky130_fd_sc_hd__lpflow_isobufsrc_8, sky130_fd_sc_hd__lpflow_isobufsrckapwr_16, sky130_fd_sc_hd__lpflow_lsbuf_lh_hl_isowell_tap_1, sky130_fd_sc_hd__lpflow_lsbuf_lh_hl_isowell_tap_2, sky130_fd_sc_hd__lpflow_lsbuf_lh_hl_isowell_tap_4, sky130_fd_sc_hd__lpflow_lsbuf_lh_isowell_4, sky130_fd_sc_hd__lpflow_lsbuf_lh_isowell_tap_1, sky130_fd_sc_hd__lpflow_lsbuf_lh_isowell_tap_2, sky130_fd_sc_hd__lpflow_lsbuf_lh_isowell_tap_4, sky130_fd_sc_hd__probe_p_8, sky130_fd_sc_hd__probec_p_8; wrote /work/peweaver/runs/s0-independent-repeat-20260909/examples/peweaver/physical/results_s0_repeat_20260909b/work/lib_shared_tt_synth.lib

 /----------------------------------------------------------------------------\
 |  yosys -- Yosys Open SYnthesis Suite                                       |
 |  Copyright (C) 2012 - 2026  Claire Xenia Wolf <claire@yosyshq.com>         |
 |  Distributed under an ISC-like license, type "license" to see terms        |
 \----------------------------------------------------------------------------/
 Yosys 0.68+136 (git sha1 c30457480-dirty, Release, Clang /usr/bin/clang++ 21.1.8)

-- Executing script file `/work/peweaver/runs/s0-independent-repeat-20260909/examples/peweaver/physical/results_s0_repeat_20260909b/work/shared_synth_run.ys' --

1. Executing Verilog-2005 frontend: rtl/peweaver_ppa_shared_fft.v
Parsing SystemVerilog input from `rtl/peweaver_ppa_shared_fft.v' to AST representation.
Generating RTLIL representation for module `\peweaver_ppa_reset_sync_shared'.
Generating RTLIL representation for module `\peweaver_ppa_shared_fft'.
Successfully finished Verilog frontend.

2. Executing Verilog-2005 frontend: rtl/peweaver_shared_fft.v
Parsing SystemVerilog input from `rtl/peweaver_shared_fft.v' to AST representation.
Generating RTLIL representation for module `\peweaver_shared_fft'.
Generating RTLIL representation for module `\SharedSdfUnit'.
Generating RTLIL representation for module `\SharedDelayBuffer'.
Warning: Replacing memory \buf_im with list of registers. See rtl/peweaver_shared_fft.v:427
Warning: Replacing memory \buf_re with list of registers. See rtl/peweaver_shared_fft.v:426
Generating RTLIL representation for module `\SdfUnit2'.
Generating RTLIL representation for module `\DelayBuffer'.
Warning: Replacing memory \buf_im with list of registers. See rtl/peweaver_shared_fft.v:549
Warning: Replacing memory \buf_re with list of registers. See rtl/peweaver_shared_fft.v:548
Generating RTLIL representation for module `\Butterfly'.
Generating RTLIL representation for module `\Multiply'.
Generating RTLIL representation for module `\Twiddle'.
Successfully finished Verilog frontend.

3. Executing HIERARCHY pass (managing design hierarchy).

3.1. Analyzing design hierarchy..
Top module:  \peweaver_ppa_shared_fft
Used module:     \peweaver_shared_fft
Used module:         \SdfUnit2
Used module:             \DelayBuffer
Used module:             \Butterfly
Used module:         \SharedSdfUnit
Used module:             \Multiply
Used module:             \Twiddle
Used module:             \SharedDelayBuffer
Used module:     \peweaver_ppa_reset_sync_shared
Parameter \WIDTH = 16

3.2. Executing AST frontend in derive mode using pre-parsed AST for module `\peweaver_shared_fft'.
Parameter \WIDTH = 16
Generating RTLIL representation for module `$paramod\peweaver_shared_fft\WIDTH=s32'00000000000000000000000000010000'.
Parameter \WIDTH = 16
Parameter \BF_RH = 0

3.3. Executing AST frontend in derive mode using pre-parsed AST for module `\SdfUnit2'.
Parameter \WIDTH = 16
Parameter \BF_RH = 0
Generating RTLIL representation for module `$paramod$acfde09421055442384df923236884512d648c66\SdfUnit2'.
Parameter \STAGE_ID = 2
Parameter \LOG_M0 = 2
Parameter \D1_DEPTH0 = 2
Parameter \D1_DEPTH1 = 4
Parameter \D2_DEPTH0 = 1
Parameter \D2_DEPTH1 = 2

3.4. Executing AST frontend in derive mode using pre-parsed AST for module `\SharedSdfUnit'.
Parameter \STAGE_ID = 2
Parameter \LOG_M0 = 2
Parameter \D1_DEPTH0 = 2
Parameter \D1_DEPTH1 = 4
Parameter \D2_DEPTH0 = 1
Parameter \D2_DEPTH1 = 2
Generating RTLIL representation for module `$paramod$13c884fdcaf50f82d9759f7b9da10f470b3fe4f1\SharedSdfUnit'.
Parameter \STAGE_ID = 1
Parameter \LOG_M0 = 4
Parameter \D1_DEPTH0 = 8
Parameter \D1_DEPTH1 = 16
Parameter \D2_DEPTH0 = 4
Parameter \D2_DEPTH1 = 8

3.5. Executing AST frontend in derive mode using pre-parsed AST for module `\SharedSdfUnit'.
Parameter \STAGE_ID = 1
Parameter \LOG_M0 = 4
Parameter \D1_DEPTH0 = 8
Parameter \D1_DEPTH1 = 16
Parameter \D2_DEPTH0 = 4
Parameter \D2_DEPTH1 = 8
Generating RTLIL representation for module `$paramod$8d11d99acb7471071f15885b81a84929edb08a8f\SharedSdfUnit'.
Parameter \STAGE_ID = 0
Parameter \LOG_M0 = 6
Parameter \D1_DEPTH0 = 32
Parameter \D1_DEPTH1 = 64
Parameter \D2_DEPTH0 = 16
Parameter \D2_DEPTH1 = 32

3.6. Executing AST frontend in derive mode using pre-parsed AST for module `\SharedSdfUnit'.
Parameter \STAGE_ID = 0
Parameter \LOG_M0 = 6
Parameter \D1_DEPTH0 = 32
Parameter \D1_DEPTH1 = 64
Parameter \D2_DEPTH0 = 16
Parameter \D2_DEPTH1 = 32
Generating RTLIL representation for module `$paramod$ddd1dbeb542b066b17317505cd6a065ae38cf366\SharedSdfUnit'.
Parameter \WIDTH = 16

3.7. Executing AST frontend in derive mode using pre-parsed AST for module `\Multiply'.
Parameter \WIDTH = 16
Generating RTLIL representation for module `$paramod\Multiply\WIDTH=s32'00000000000000000000000000010000'.
Parameter \DEPTH0 = 16
Parameter \DEPTH1 = 32
Parameter \WIDTH = 16

3.8. Executing AST frontend in derive mode using pre-parsed AST for module `\SharedDelayBuffer'.
Parameter \DEPTH0 = 16
Parameter \DEPTH1 = 32
Parameter \WIDTH = 16
Generating RTLIL representation for module `$paramod$dc25daec3dd8bd6d76b02d3c5368e2485052c5da\SharedDelayBuffer'.
Warning: Replacing memory \buf_im with list of registers. See rtl/peweaver_shared_fft.v:427
Warning: Replacing memory \buf_re with list of registers. See rtl/peweaver_shared_fft.v:426
Parameter \WIDTH = 16
Parameter \RH = 1

3.9. Executing AST frontend in derive mode using pre-parsed AST for module `\Butterfly'.
Parameter \WIDTH = 16
Parameter \RH = 1
Generating RTLIL representation for module `$paramod$cc7e198dbe1c7d8352a2bac47477dedd9788e883\Butterfly'.
Parameter \DEPTH0 = 32
Parameter \DEPTH1 = 64
Parameter \WIDTH = 16

3.10. Executing AST frontend in derive mode using pre-parsed AST for module `\SharedDelayBuffer'.
Parameter \DEPTH0 = 32
Parameter \DEPTH1 = 64
Parameter \WIDTH = 16
Generating RTLIL representation for module `$paramod$661d166254ab1f10e4ab9fdc594a2d052f4530e3\SharedDelayBuffer'.
Warning: Replacing memory \buf_im with list of registers. See rtl/peweaver_shared_fft.v:427
Warning: Replacing memory \buf_re with list of registers. See rtl/peweaver_shared_fft.v:426
Parameter \WIDTH = 16
Parameter \RH = 0

3.11. Executing AST frontend in derive mode using pre-parsed AST for module `\Butterfly'.
Parameter \WIDTH = 16
Parameter \RH = 0
Generating RTLIL representation for module `$paramod$5480229501c9659b6947fa834aa4fdab0727c259\Butterfly'.
Parameter \DEPTH = 1
Parameter \WIDTH = 16

3.12. Executing AST frontend in derive mode using pre-parsed AST for module `\DelayBuffer'.
Parameter \DEPTH = 1
Parameter \WIDTH = 16
Generating RTLIL representation for module `$paramod$17914cfb50699f154dc59f1c3f8fd47b6e195f44\DelayBuffer'.
Warning: Replacing memory \buf_im with list of registers. See rtl/peweaver_shared_fft.v:552
Warning: Replacing memory \buf_re with list of registers. See rtl/peweaver_shared_fft.v:551
Parameter \WIDTH = 16
Parameter \RH = 0
Found cached RTLIL representation for module `$paramod$5480229501c9659b6947fa834aa4fdab0727c259\Butterfly'.

3.13. Analyzing design hierarchy..
Top module:  \peweaver_ppa_shared_fft
Used module:     $paramod\peweaver_shared_fft\WIDTH=s32'00000000000000000000000000010000
Used module:         \SdfUnit2
Used module:             $paramod$17914cfb50699f154dc59f1c3f8fd47b6e195f44\DelayBuffer
Used module:             $paramod$5480229501c9659b6947fa834aa4fdab0727c259\Butterfly
Used module:         \SharedSdfUnit
Used module:             $paramod\Multiply\WIDTH=s32'00000000000000000000000000010000
Used module:             \Twiddle
Used module:             $paramod$dc25daec3dd8bd6d76b02d3c5368e2485052c5da\SharedDelayBuffer
Used module:             $paramod$cc7e198dbe1c7d8352a2bac47477dedd9788e883\Butterfly
Used module:             $paramod$661d166254ab1f10e4ab9fdc594a2d052f4530e3\SharedDelayBuffer
Used module:     \peweaver_ppa_reset_sync_shared
Parameter \WIDTH = 16
Parameter \BF_RH = 0
Found cached RTLIL representation for module `$paramod$acfde09421055442384df923236884512d648c66\SdfUnit2'.
Parameter \STAGE_ID = 2
Parameter \LOG_M0 = 2
Parameter \D1_DEPTH0 = 2
Parameter \D1_DEPTH1 = 4
Parameter \D2_DEPTH0 = 1
Parameter \D2_DEPTH1 = 2
Found cached RTLIL representation for module `$paramod$13c884fdcaf50f82d9759f7b9da10f470b3fe4f1\SharedSdfUnit'.
Parameter \STAGE_ID = 1
Parameter \LOG_M0 = 4
Parameter \D1_DEPTH0 = 8
Parameter \D1_DEPTH1 = 16
Parameter \D2_DEPTH0 = 4
Parameter \D2_DEPTH1 = 8
Found cached RTLIL representation for module `$paramod$8d11d99acb7471071f15885b81a84929edb08a8f\SharedSdfUnit'.
Parameter \STAGE_ID = 0
Parameter \LOG_M0 = 6
Parameter \D1_DEPTH0 = 32
Parameter \D1_DEPTH1 = 64
Parameter \D2_DEPTH0 = 16
Parameter \D2_DEPTH1 = 32
Found cached RTLIL representation for module `$paramod$ddd1dbeb542b066b17317505cd6a065ae38cf366\SharedSdfUnit'.

3.14. Analyzing design hierarchy..
Top module:  \peweaver_ppa_shared_fft
Used module:     $paramod\peweaver_shared_fft\WIDTH=s32'00000000000000000000000000010000
Used module:         $paramod$acfde09421055442384df923236884512d648c66\SdfUnit2
Used module:             \DelayBuffer
Used module:             \Butterfly
Used module:         $paramod$13c884fdcaf50f82d9759f7b9da10f470b3fe4f1\SharedSdfUnit
Used module:             \Multiply
Used module:             \Twiddle
Used module:             \SharedDelayBuffer
Used module:         $paramod$8d11d99acb7471071f15885b81a84929edb08a8f\SharedSdfUnit
Used module:         $paramod$ddd1dbeb542b066b17317505cd6a065ae38cf366\SharedSdfUnit
Used module:     \peweaver_ppa_reset_sync_shared
Parameter \DEPTH = 1
Parameter \WIDTH = 16
Found cached RTLIL representation for module `$paramod$17914cfb50699f154dc59f1c3f8fd47b6e195f44\DelayBuffer'.
Parameter \WIDTH = 16
Parameter \RH = 0
Found cached RTLIL representation for module `$paramod$5480229501c9659b6947fa834aa4fdab0727c259\Butterfly'.
Parameter \WIDTH = 16
Found cached RTLIL representation for module `$paramod\Multiply\WIDTH=s32'00000000000000000000000000010000'.
Parameter \DEPTH0 = 1
Parameter \DEPTH1 = 2
Parameter \WIDTH = 16

3.15. Executing AST frontend in derive mode using pre-parsed AST for module `\SharedDelayBuffer'.
Parameter \DEPTH0 = 1
Parameter \DEPTH1 = 2
Parameter \WIDTH = 16
Generating RTLIL representation for module `$paramod$3ebd556efa5e0b51800643ceec6809e07c210b5f\SharedDelayBuffer'.
Warning: Replacing memory \buf_im with list of registers. See rtl/peweaver_shared_fft.v:427
Warning: Replacing memory \buf_re with list of registers. See rtl/peweaver_shared_fft.v:426
Parameter \WIDTH = 16
Parameter \RH = 1
Found cached RTLIL representation for module `$paramod$cc7e198dbe1c7d8352a2bac47477dedd9788e883\Butterfly'.
Parameter \DEPTH0 = 2
Parameter \DEPTH1 = 4
Parameter \WIDTH = 16

3.16. Executing AST frontend in derive mode using pre-parsed AST for module `\SharedDelayBuffer'.
Parameter \DEPTH0 = 2
Parameter \DEPTH1 = 4
Parameter \WIDTH = 16
Generating RTLIL representation for module `$paramod$88cd2ddfbb8184221d632f3c3d25c8d476256959\SharedDelayBuffer'.
Warning: Replacing memory \buf_im with list of registers. See rtl/peweaver_shared_fft.v:427
Warning: Replacing memory \buf_re with list of registers. See rtl/peweaver_shared_fft.v:426
Parameter \WIDTH = 16
Parameter \RH = 0
Found cached RTLIL representation for module `$paramod$5480229501c9659b6947fa834aa4fdab0727c259\Butterfly'.
Parameter \WIDTH = 16
Found cached RTLIL representation for module `$paramod\Multiply\WIDTH=s32'00000000000000000000000000010000'.
Parameter \DEPTH0 = 4
Parameter \DEPTH1 = 8
Parameter \WIDTH = 16

3.17. Executing AST frontend in derive mode using pre-parsed AST for module `\SharedDelayBuffer'.
Parameter \DEPTH0 = 4
Parameter \DEPTH1 = 8
Parameter \WIDTH = 16
Generating RTLIL representation for module `$paramod$bf4db1fd822cd1e8dfaa4dc2826349dab1ae0abc\SharedDelayBuffer'.
Warning: Replacing memory \buf_im with list of registers. See rtl/peweaver_shared_fft.v:427
Warning: Replacing memory \buf_re with list of registers. See rtl/peweaver_shared_fft.v:426
Parameter \WIDTH = 16
Parameter \RH = 1
Found cached RTLIL representation for module `$paramod$cc7e198dbe1c7d8352a2bac47477dedd9788e883\Butterfly'.
Parameter \DEPTH0 = 8
Parameter \DEPTH1 = 16
Parameter \WIDTH = 16

3.18. Executing AST frontend in derive mode using pre-parsed AST for module `\SharedDelayBuffer'.
Parameter \DEPTH0 = 8
Parameter \DEPTH1 = 16
Parameter \WIDTH = 16
Generating RTLIL representation for module `$paramod$91a3a7dbf4bfbd28b5b341fe20d9acb72db55de6\SharedDelayBuffer'.
Warning: Replacing memory \buf_im with list of registers. See rtl/peweaver_shared_fft.v:427
Warning: Replacing memory \buf_re with list of registers. See rtl/peweaver_shared_fft.v:426
Parameter \WIDTH = 16
Parameter \RH = 0
Found cached RTLIL representation for module `$paramod$5480229501c9659b6947fa834aa4fdab0727c259\Butterfly'.
Parameter \WIDTH = 16
Found cached RTLIL representation for module `$paramod\Multiply\WIDTH=s32'00000000000000000000000000010000'.
Parameter \DEPTH0 = 16
Parameter \DEPTH1 = 32
Parameter \WIDTH = 16
Found cached RTLIL representation for module `$paramod$dc25daec3dd8bd6d76b02d3c5368e2485052c5da\SharedDelayBuffer'.
Parameter \WIDTH = 16
Parameter \RH = 1
Found cached RTLIL representation for module `$paramod$cc7e198dbe1c7d8352a2bac47477dedd9788e883\Butterfly'.
Parameter \DEPTH0 = 32
Parameter \DEPTH1 = 64
Parameter \WIDTH = 16
Found cached RTLIL representation for module `$paramod$661d166254ab1f10e4ab9fdc594a2d052f4530e3\SharedDelayBuffer'.
Parameter \WIDTH = 16
Parameter \RH = 0
Found cached RTLIL representation for module `$paramod$5480229501c9659b6947fa834aa4fdab0727c259\Butterfly'.

3.19. Analyzing design hierarchy..
Top module:  \peweaver_ppa_shared_fft
Used module:     $paramod\peweaver_shared_fft\WIDTH=s32'00000000000000000000000000010000
Used module:         $paramod$acfde09421055442384df923236884512d648c66\SdfUnit2
Used module:             $paramod$17914cfb50699f154dc59f1c3f8fd47b6e195f44\DelayBuffer
Used module:             $paramod$5480229501c9659b6947fa834aa4fdab0727c259\Butterfly
Used module:         $paramod$13c884fdcaf50f82d9759f7b9da10f470b3fe4f1\SharedSdfUnit
Used module:             $paramod\Multiply\WIDTH=s32'00000000000000000000000000010000
Used module:             \Twiddle
Used module:             $paramod$3ebd556efa5e0b51800643ceec6809e07c210b5f\SharedDelayBuffer
Used module:             $paramod$cc7e198dbe1c7d8352a2bac47477dedd9788e883\Butterfly
Used module:             $paramod$88cd2ddfbb8184221d632f3c3d25c8d476256959\SharedDelayBuffer
Used module:         $paramod$8d11d99acb7471071f15885b81a84929edb08a8f\SharedSdfUnit
Used module:             $paramod$bf4db1fd822cd1e8dfaa4dc2826349dab1ae0abc\SharedDelayBuffer
Used module:             $paramod$91a3a7dbf4bfbd28b5b341fe20d9acb72db55de6\SharedDelayBuffer
Used module:         $paramod$ddd1dbeb542b066b17317505cd6a065ae38cf366\SharedSdfUnit
Used module:             $paramod$dc25daec3dd8bd6d76b02d3c5368e2485052c5da\SharedDelayBuffer
Used module:             $paramod$661d166254ab1f10e4ab9fdc594a2d052f4530e3\SharedDelayBuffer
Used module:     \peweaver_ppa_reset_sync_shared

3.20. Analyzing design hierarchy..
Top module:  \peweaver_ppa_shared_fft
Used module:     $paramod\peweaver_shared_fft\WIDTH=s32'00000000000000000000000000010000
Used module:         $paramod$acfde09421055442384df923236884512d648c66\SdfUnit2
Used module:             $paramod$17914cfb50699f154dc59f1c3f8fd47b6e195f44\DelayBuffer
Used module:             $paramod$5480229501c9659b6947fa834aa4fdab0727c259\Butterfly
Used module:         $paramod$13c884fdcaf50f82d9759f7b9da10f470b3fe4f1\SharedSdfUnit
Used module:             $paramod\Multiply\WIDTH=s32'00000000000000000000000000010000
Used module:             \Twiddle
Used module:             $paramod$3ebd556efa5e0b51800643ceec6809e07c210b5f\SharedDelayBuffer
Used module:             $paramod$cc7e198dbe1c7d8352a2bac47477dedd9788e883\Butterfly
Used module:             $paramod$88cd2ddfbb8184221d632f3c3d25c8d476256959\SharedDelayBuffer
Used module:         $paramod$8d11d99acb7471071f15885b81a84929edb08a8f\SharedSdfUnit
Used module:             $paramod$bf4db1fd822cd1e8dfaa4dc2826349dab1ae0abc\SharedDelayBuffer
Used module:             $paramod$91a3a7dbf4bfbd28b5b341fe20d9acb72db55de6\SharedDelayBuffer
Used module:         $paramod$ddd1dbeb542b066b17317505cd6a065ae38cf366\SharedSdfUnit
Used module:             $paramod$dc25daec3dd8bd6d76b02d3c5368e2485052c5da\SharedDelayBuffer
Used module:             $paramod$661d166254ab1f10e4ab9fdc594a2d052f4530e3\SharedDelayBuffer
Used module:     \peweaver_ppa_reset_sync_shared
Removing unused module `\Multiply'.
Removing unused module `\Butterfly'.
Removing unused module `\DelayBuffer'.
Removing unused module `\SdfUnit2'.
Removing unused module `\SharedDelayBuffer'.
Removing unused module `\SharedSdfUnit'.
Removing unused module `\peweaver_shared_fft'.
Removed 7 unused modules.

4. Executing SYNTH pass.

4.1. Executing HIERARCHY pass (managing design hierarchy).

4.1.1. Analyzing design hierarchy..
Top module:  \peweaver_ppa_shared_fft
Used module:     $paramod\peweaver_shared_fft\WIDTH=s32'00000000000000000000000000010000
Used module:         $paramod$acfde09421055442384df923236884512d648c66\SdfUnit2
Used module:             $paramod$17914cfb50699f154dc59f1c3f8fd47b6e195f44\DelayBuffer
Used module:             $paramod$5480229501c9659b6947fa834aa4fdab0727c259\Butterfly
Used module:         $paramod$13c884fdcaf50f82d9759f7b9da10f470b3fe4f1\SharedSdfUnit
Used module:             $paramod\Multiply\WIDTH=s32'00000000000000000000000000010000
Used module:             \Twiddle
Used module:             $paramod$3ebd556efa5e0b51800643ceec6809e07c210b5f\SharedDelayBuffer
Used module:             $paramod$cc7e198dbe1c7d8352a2bac47477dedd9788e883\Butterfly
Used module:             $paramod$88cd2ddfbb8184221d632f3c3d25c8d476256959\SharedDelayBuffer
Used module:         $paramod$8d11d99acb7471071f15885b81a84929edb08a8f\SharedSdfUnit
Used module:             $paramod$bf4db1fd822cd1e8dfaa4dc2826349dab1ae0abc\SharedDelayBuffer
Used module:             $paramod$91a3a7dbf4bfbd28b5b341fe20d9acb72db55de6\SharedDelayBuffer
Used module:         $paramod$ddd1dbeb542b066b17317505cd6a065ae38cf366\SharedSdfUnit
Used module:             $paramod$dc25daec3dd8bd6d76b02d3c5368e2485052c5da\SharedDelayBuffer
Used module:             $paramod$661d166254ab1f10e4ab9fdc594a2d052f4530e3\SharedDelayBuffer
Used module:     \peweaver_ppa_reset_sync_shared

4.1.2. Analyzing design hierarchy..
Top module:  \peweaver_ppa_shared_fft
Used module:     $paramod\peweaver_shared_fft\WIDTH=s32'00000000000000000000000000010000
Used module:         $paramod$acfde09421055442384df923236884512d648c66\SdfUnit2
Used module:             $paramod$17914cfb50699f154dc59f1c3f8fd47b6e195f44\DelayBuffer
Used module:             $paramod$5480229501c9659b6947fa834aa4fdab0727c259\Butterfly
Used module:         $paramod$13c884fdcaf50f82d9759f7b9da10f470b3fe4f1\SharedSdfUnit
Used module:             $paramod\Multiply\WIDTH=s32'00000000000000000000000000010000
Used module:             \Twiddle
Used module:             $paramod$3ebd556efa5e0b51800643ceec6809e07c210b5f\SharedDelayBuffer
Used module:             $paramod$cc7e198dbe1c7d8352a2bac47477dedd9788e883\Butterfly
Used module:             $paramod$88cd2ddfbb8184221d632f3c3d25c8d476256959\SharedDelayBuffer
Used module:         $paramod$8d11d99acb7471071f15885b81a84929edb08a8f\SharedSdfUnit
Used module:             $paramod$bf4db1fd822cd1e8dfaa4dc2826349dab1ae0abc\SharedDelayBuffer
Used module:             $paramod$91a3a7dbf4bfbd28b5b341fe20d9acb72db55de6\SharedDelayBuffer
Used module:         $paramod$ddd1dbeb542b066b17317505cd6a065ae38cf366\SharedSdfUnit
Used module:             $paramod$dc25daec3dd8bd6d76b02d3c5368e2485052c5da\SharedDelayBuffer
Used module:             $paramod$661d166254ab1f10e4ab9fdc594a2d052f4530e3\SharedDelayBuffer
Used module:     \peweaver_ppa_reset_sync_shared
Removed 0 unused modules.

4.2. Executing PROC pass (convert processes to netlists).

4.2.1. Executing PROC_CLEAN pass (remove empty switches from decision trees).
Found and cleaned up 1 empty switch in `$paramod$ddd1dbeb542b066b17317505cd6a065ae38cf366\SharedSdfUnit.$proc$rtl/peweaver_shared_fft.v:339$577'.
Found and cleaned up 2 empty switches in `$paramod$8d11d99acb7471071f15885b81a84929edb08a8f\SharedSdfUnit.$proc$rtl/peweaver_shared_fft.v:339$510'.
Found and cleaned up 2 empty switches in `$paramod$13c884fdcaf50f82d9759f7b9da10f470b3fe4f1\SharedSdfUnit.$proc$rtl/peweaver_shared_fft.v:339$443'.
Cleaned up 5 empty switches.

4.2.2. Executing PROC_RMDEAD pass (remove dead branches from decision trees).
Marked 1 switch rules as full_case in process $proc$rtl/peweaver_shared_fft.v:387$585 in module $paramod$ddd1dbeb542b066b17317505cd6a065ae38cf366\SharedSdfUnit.
Marked 1 switch rules as full_case in process $proc$rtl/peweaver_shared_fft.v:360$580 in module $paramod$ddd1dbeb542b066b17317505cd6a065ae38cf366\SharedSdfUnit.
Marked 1 switch rules as full_case in process $proc$rtl/peweaver_shared_fft.v:323$574 in module $paramod$ddd1dbeb542b066b17317505cd6a065ae38cf366\SharedSdfUnit.
Marked 1 switch rules as full_case in process $proc$rtl/peweaver_shared_fft.v:304$566 in module $paramod$ddd1dbeb542b066b17317505cd6a065ae38cf366\SharedSdfUnit.
Marked 1 switch rules as full_case in process $proc$rtl/peweaver_shared_fft.v:292$562 in module $paramod$ddd1dbeb542b066b17317505cd6a065ae38cf366\SharedSdfUnit.
Marked 1 switch rules as full_case in process $proc$rtl/peweaver_shared_fft.v:250$557 in module $paramod$ddd1dbeb542b066b17317505cd6a065ae38cf366\SharedSdfUnit.
Marked 1 switch rules as full_case in process $proc$rtl/peweaver_shared_fft.v:222$541 in module $paramod$ddd1dbeb542b066b17317505cd6a065ae38cf366\SharedSdfUnit.
Marked 1 switch rules as full_case in process $proc$rtl/peweaver_shared_fft.v:176$531 in module $paramod$ddd1dbeb542b066b17317505cd6a065ae38cf366\SharedSdfUnit.
Marked 1 switch rules as full_case in process $proc$rtl/peweaver_shared_fft.v:387$518 in module $paramod$8d11d99acb7471071f15885b81a84929edb08a8f\SharedSdfUnit.
Marked 1 switch rules as full_case in process $proc$rtl/peweaver_shared_fft.v:360$513 in module $paramod$8d11d99acb7471071f15885b81a84929edb08a8f\SharedSdfUnit.
Marked 1 switch rules as full_case in process $proc$rtl/peweaver_shared_fft.v:323$507 in module $paramod$8d11d99acb7471071f15885b81a84929edb08a8f\SharedSdfUnit.
Marked 1 switch rules as full_case in process $proc$rtl/peweaver_shared_fft.v:304$499 in module $paramod$8d11d99acb7471071f15885b81a84929edb08a8f\SharedSdfUnit.
Marked 1 switch rules as full_case in process $proc$rtl/peweaver_shared_fft.v:292$495 in module $paramod$8d11d99acb7471071f15885b81a84929edb08a8f\SharedSdfUnit.
Marked 1 switch rules as full_case in process $proc$rtl/peweaver_shared_fft.v:250$490 in module $paramod$8d11d99acb7471071f15885b81a84929edb08a8f\SharedSdfUnit.
Marked 1 switch rules as full_case in process $proc$rtl/peweaver_shared_fft.v:222$474 in module $paramod$8d11d99acb7471071f15885b81a84929edb08a8f\SharedSdfUnit.
Marked 1 switch rules as full_case in process $proc$rtl/peweaver_shared_fft.v:176$464 in module $paramod$8d11d99acb7471071f15885b81a84929edb08a8f\SharedSdfUnit.
Marked 1 switch rules as full_case in process $proc$rtl/peweaver_shared_fft.v:387$451 in module $paramod$13c884fdcaf50f82d9759f7b9da10f470b3fe4f1\SharedSdfUnit.
Marked 1 switch rules as full_case in process $proc$rtl/peweaver_shared_fft.v:360$446 in module $paramod$13c884fdcaf50f82d9759f7b9da10f470b3fe4f1\SharedSdfUnit.
Marked 1 switch rules as full_case in process $proc$rtl/peweaver_shared_fft.v:323$440 in module $paramod$13c884fdcaf50f82d9759f7b9da10f470b3fe4f1\SharedSdfUnit.
Marked 1 switch rules as full_case in process $proc$rtl/peweaver_shared_fft.v:304$432 in module $paramod$13c884fdcaf50f82d9759f7b9da10f470b3fe4f1\SharedSdfUnit.
Marked 1 switch rules as full_case in process $proc$rtl/peweaver_shared_fft.v:292$428 in module $paramod$13c884fdcaf50f82d9759f7b9da10f470b3fe4f1\SharedSdfUnit.
Marked 1 switch rules as full_case in process $proc$rtl/peweaver_shared_fft.v:250$423 in module $paramod$13c884fdcaf50f82d9759f7b9da10f470b3fe4f1\SharedSdfUnit.
Marked 1 switch rules as full_case in process $proc$rtl/peweaver_shared_fft.v:222$407 in module $paramod$13c884fdcaf50f82d9759f7b9da10f470b3fe4f1\SharedSdfUnit.
Marked 1 switch rules as full_case in process $proc$rtl/peweaver_shared_fft.v:176$397 in module $paramod$13c884fdcaf50f82d9759f7b9da10f470b3fe4f1\SharedSdfUnit.
Marked 1 switch rules as full_case in process $proc$rtl/peweaver_shared_fft.v:510$392 in module $paramod$acfde09421055442384df923236884512d648c66\SdfUnit2.
Marked 1 switch rules as full_case in process $proc$rtl/peweaver_shared_fft.v:473$385 in module $paramod$acfde09421055442384df923236884512d648c66\SdfUnit2.
Marked 1 switch rules as full_case in process $proc$rtl/peweaver_shared_fft.v:25$378 in module $paramod\peweaver_shared_fft\WIDTH=s32'00000000000000000000000000010000.
Removed 1 dead cases from process $proc$rtl/peweaver_shared_fft.v:636$119 in module Twiddle.
Marked 1 switch rules as full_case in process $proc$rtl/peweaver_shared_fft.v:636$119 in module Twiddle.
Removed 1 dead cases from process $proc$rtl/peweaver_shared_fft.v:635$116 in module Twiddle.
Marked 1 switch rules as full_case in process $proc$rtl/peweaver_shared_fft.v:635$116 in module Twiddle.
Marked 1 switch rules as full_case in process $proc$rtl/peweaver_ppa_shared_fft.v:15$1 in module peweaver_ppa_reset_sync_shared.
Removed a total of 2 dead cases.

4.2.3. Executing PROC_PRUNE pass (remove redundant assignments in processes).
Removed 34 redundant assignments.
Promoted 549 assignments to connections.

4.2.4. Executing PROC_INIT pass (extract init attributes).

4.2.5. Executing PROC_ARST pass (detect async resets in processes).
Found async reset \reset in `$paramod$ddd1dbeb542b066b17317505cd6a065ae38cf366\SharedSdfUnit.$proc$rtl/peweaver_shared_fft.v:387$585'.
Found async reset \reset in `$paramod$ddd1dbeb542b066b17317505cd6a065ae38cf366\SharedSdfUnit.$proc$rtl/peweaver_shared_fft.v:360$580'.
Found async reset \reset in `$paramod$ddd1dbeb542b066b17317505cd6a065ae38cf366\SharedSdfUnit.$proc$rtl/peweaver_shared_fft.v:323$574'.
Found async reset \reset in `$paramod$ddd1dbeb542b066b17317505cd6a065ae38cf366\SharedSdfUnit.$proc$rtl/peweaver_shared_fft.v:304$566'.
Found async reset \reset in `$paramod$ddd1dbeb542b066b17317505cd6a065ae38cf366\SharedSdfUnit.$proc$rtl/peweaver_shared_fft.v:292$562'.
Found async reset \reset in `$paramod$ddd1dbeb542b066b17317505cd6a065ae38cf366\SharedSdfUnit.$proc$rtl/peweaver_shared_fft.v:250$557'.
Found async reset \reset in `$paramod$ddd1dbeb542b066b17317505cd6a065ae38cf366\SharedSdfUnit.$proc$rtl/peweaver_shared_fft.v:222$541'.
Found async reset \reset in `$paramod$ddd1dbeb542b066b17317505cd6a065ae38cf366\SharedSdfUnit.$proc$rtl/peweaver_shared_fft.v:176$531'.
Found async reset \reset in `$paramod$8d11d99acb7471071f15885b81a84929edb08a8f\SharedSdfUnit.$proc$rtl/peweaver_shared_fft.v:387$518'.
Found async reset \reset in `$paramod$8d11d99acb7471071f15885b81a84929edb08a8f\SharedSdfUnit.$proc$rtl/peweaver_shared_fft.v:360$513'.
Found async reset \reset in `$paramod$8d11d99acb7471071f15885b81a84929edb08a8f\SharedSdfUnit.$proc$rtl/peweaver_shared_fft.v:323$507'.
Found async reset \reset in `$paramod$8d11d99acb7471071f15885b81a84929edb08a8f\SharedSdfUnit.$proc$rtl/peweaver_shared_fft.v:304$499'.
Found async reset \reset in `$paramod$8d11d99acb7471071f15885b81a84929edb08a8f\SharedSdfUnit.$proc$rtl/peweaver_shared_fft.v:292$495'.
Found async reset \reset in `$paramod$8d11d99acb7471071f15885b81a84929edb08a8f\SharedSdfUnit.$proc$rtl/peweaver_shared_fft.v:250$490'.
Found async reset \reset in `$paramod$8d11d99acb7471071f15885b81a84929edb08a8f\SharedSdfUnit.$proc$rtl/peweaver_shared_fft.v:222$474'.
Found async reset \reset in `$paramod$8d11d99acb7471071f15885b81a84929edb08a8f\SharedSdfUnit.$proc$rtl/peweaver_shared_fft.v:176$464'.
Found async reset \reset in `$paramod$13c884fdcaf50f82d9759f7b9da10f470b3fe4f1\SharedSdfUnit.$proc$rtl/peweaver_shared_fft.v:387$451'.
Found async reset \reset in `$paramod$13c884fdcaf50f82d9759f7b9da10f470b3fe4f1\SharedSdfUnit.$proc$rtl/peweaver_shared_fft.v:360$446'.
Found async reset \reset in `$paramod$13c884fdcaf50f82d9759f7b9da10f470b3fe4f1\SharedSdfUnit.$proc$rtl/peweaver_shared_fft.v:323$440'.
Found async reset \reset in `$paramod$13c884fdcaf50f82d9759f7b9da10f470b3fe4f1\SharedSdfUnit.$proc$rtl/peweaver_shared_fft.v:304$432'.
Found async reset \reset in `$paramod$13c884fdcaf50f82d9759f7b9da10f470b3fe4f1\SharedSdfUnit.$proc$rtl/peweaver_shared_fft.v:292$428'.
Found async reset \reset in `$paramod$13c884fdcaf50f82d9759f7b9da10f470b3fe4f1\SharedSdfUnit.$proc$rtl/peweaver_shared_fft.v:250$423'.
Found async reset \reset in `$paramod$13c884fdcaf50f82d9759f7b9da10f470b3fe4f1\SharedSdfUnit.$proc$rtl/peweaver_shared_fft.v:222$407'.
Found async reset \reset in `$paramod$13c884fdcaf50f82d9759f7b9da10f470b3fe4f1\SharedSdfUnit.$proc$rtl/peweaver_shared_fft.v:176$397'.
Found async reset \reset in `$paramod$acfde09421055442384df923236884512d648c66\SdfUnit2.$proc$rtl/peweaver_shared_fft.v:510$392'.
Found async reset \reset in `$paramod$acfde09421055442384df923236884512d648c66\SdfUnit2.$proc$rtl/peweaver_shared_fft.v:473$385'.
Found async reset \reset in `$paramod\peweaver_shared_fft\WIDTH=s32'00000000000000000000000000010000.$proc$rtl/peweaver_shared_fft.v:25$378'.
Found async reset \reset_async_in in `\peweaver_ppa_reset_sync_shared.$proc$rtl/peweaver_ppa_shared_fft.v:15$1'.

4.2.6. Executing PROC_ROM pass (convert switches to ROMs).
Converted 0 switches.
<suppressed ~4 debug messages>

4.2.7. Executing PROC_MUX pass (convert decision trees to multiplexers).
Creating decoders for process `$paramod$dc25daec3dd8bd6d76b02d3c5368e2485052c5da\SharedDelayBuffer.$proc$rtl/peweaver_shared_fft.v:424$605'.
Creating decoders for process `$paramod$ddd1dbeb542b066b17317505cd6a065ae38cf366\SharedSdfUnit.$proc$rtl/peweaver_shared_fft.v:387$585'.
     1/1: $0\mu_do_en[0:0]
Creating decoders for process `$paramod$ddd1dbeb542b066b17317505cd6a065ae38cf366\SharedSdfUnit.$proc$rtl/peweaver_shared_fft.v:382$582'.
Creating decoders for process `$paramod$ddd1dbeb542b066b17317505cd6a065ae38cf366\SharedSdfUnit.$proc$rtl/peweaver_shared_fft.v:360$580'.
     1/1: $0\mu_en[0:0]
Creating decoders for process `$paramod$ddd1dbeb542b066b17317505cd6a065ae38cf366\SharedSdfUnit.$proc$rtl/peweaver_shared_fft.v:339$577'.
Creating decoders for process `$paramod$ddd1dbeb542b066b17317505cd6a065ae38cf366\SharedSdfUnit.$proc$rtl/peweaver_shared_fft.v:323$574'.
     1/1: $0\bf2_do_en[0:0]
Creating decoders for process `$paramod$ddd1dbeb542b066b17317505cd6a065ae38cf366\SharedSdfUnit.$proc$rtl/peweaver_shared_fft.v:318$573'.
Creating decoders for process `$paramod$ddd1dbeb542b066b17317505cd6a065ae38cf366\SharedSdfUnit.$proc$rtl/peweaver_shared_fft.v:304$566'.
     1/2: $0\bf2_count[6:0]
     2/2: $0\bf2_sp_en[0:0]
Creating decoders for process `$paramod$ddd1dbeb542b066b17317505cd6a065ae38cf366\SharedSdfUnit.$proc$rtl/peweaver_shared_fft.v:292$562'.
     1/1: $0\bf2_start[0:0]
Creating decoders for process `$paramod$ddd1dbeb542b066b17317505cd6a065ae38cf366\SharedSdfUnit.$proc$rtl/peweaver_shared_fft.v:250$557'.
     1/1: $0\bf2_bf[0:0]
Creating decoders for process `$paramod$ddd1dbeb542b066b17317505cd6a065ae38cf366\SharedSdfUnit.$proc$rtl/peweaver_shared_fft.v:240$555'.
Creating decoders for process `$paramod$ddd1dbeb542b066b17317505cd6a065ae38cf366\SharedSdfUnit.$proc$rtl/peweaver_shared_fft.v:222$541'.
     1/2: $0\bf1_count[6:0]
     2/2: $0\bf1_sp_en[0:0]
Creating decoders for process `$paramod$ddd1dbeb542b066b17317505cd6a065ae38cf366\SharedSdfUnit.$proc$rtl/peweaver_shared_fft.v:176$531'.
     1/1: $0\di_count[6:0]
Creating decoders for process `$paramod$8d11d99acb7471071f15885b81a84929edb08a8f\SharedSdfUnit.$proc$rtl/peweaver_shared_fft.v:387$518'.
     1/1: $0\mu_do_en[0:0]
Creating decoders for process `$paramod$8d11d99acb7471071f15885b81a84929edb08a8f\SharedSdfUnit.$proc$rtl/peweaver_shared_fft.v:382$515'.
Creating decoders for process `$paramod$8d11d99acb7471071f15885b81a84929edb08a8f\SharedSdfUnit.$proc$rtl/peweaver_shared_fft.v:360$513'.
     1/1: $0\mu_en[0:0]
Creating decoders for process `$paramod$8d11d99acb7471071f15885b81a84929edb08a8f\SharedSdfUnit.$proc$rtl/peweaver_shared_fft.v:339$510'.
Creating decoders for process `$paramod$8d11d99acb7471071f15885b81a84929edb08a8f\SharedSdfUnit.$proc$rtl/peweaver_shared_fft.v:323$507'.
     1/1: $0\bf2_do_en[0:0]
Creating decoders for process `$paramod$8d11d99acb7471071f15885b81a84929edb08a8f\SharedSdfUnit.$proc$rtl/peweaver_shared_fft.v:318$506'.
Creating decoders for process `$paramod$8d11d99acb7471071f15885b81a84929edb08a8f\SharedSdfUnit.$proc$rtl/peweaver_shared_fft.v:304$499'.
     1/2: $0\bf2_count[6:0]
     2/2: $0\bf2_sp_en[0:0]
Creating decoders for process `$paramod$8d11d99acb7471071f15885b81a84929edb08a8f\SharedSdfUnit.$proc$rtl/peweaver_shared_fft.v:292$495'.
     1/1: $0\bf2_start[0:0]
Creating decoders for process `$paramod$8d11d99acb7471071f15885b81a84929edb08a8f\SharedSdfUnit.$proc$rtl/peweaver_shared_fft.v:250$490'.
     1/1: $0\bf2_bf[0:0]
Creating decoders for process `$paramod$8d11d99acb7471071f15885b81a84929edb08a8f\SharedSdfUnit.$proc$rtl/peweaver_shared_fft.v:240$488'.
Creating decoders for process `$paramod$8d11d99acb7471071f15885b81a84929edb08a8f\SharedSdfUnit.$proc$rtl/peweaver_shared_fft.v:222$474'.
     1/2: $0\bf1_count[6:0]
     2/2: $0\bf1_sp_en[0:0]
Creating decoders for process `$paramod$8d11d99acb7471071f15885b81a84929edb08a8f\SharedSdfUnit.$proc$rtl/peweaver_shared_fft.v:176$464'.
     1/1: $0\di_count[6:0]
Creating decoders for process `$paramod$13c884fdcaf50f82d9759f7b9da10f470b3fe4f1\SharedSdfUnit.$proc$rtl/peweaver_shared_fft.v:387$451'.
     1/1: $0\mu_do_en[0:0]
Creating decoders for process `$paramod$13c884fdcaf50f82d9759f7b9da10f470b3fe4f1\SharedSdfUnit.$proc$rtl/peweaver_shared_fft.v:382$448'.
Creating decoders for process `$paramod$13c884fdcaf50f82d9759f7b9da10f470b3fe4f1\SharedSdfUnit.$proc$rtl/peweaver_shared_fft.v:360$446'.
     1/1: $0\mu_en[0:0]
Creating decoders for process `$paramod$13c884fdcaf50f82d9759f7b9da10f470b3fe4f1\SharedSdfUnit.$proc$rtl/peweaver_shared_fft.v:339$443'.
Creating decoders for process `$paramod$13c884fdcaf50f82d9759f7b9da10f470b3fe4f1\SharedSdfUnit.$proc$rtl/peweaver_shared_fft.v:323$440'.
     1/1: $0\bf2_do_en[0:0]
Creating decoders for process `$paramod$13c884fdcaf50f82d9759f7b9da10f470b3fe4f1\SharedSdfUnit.$proc$rtl/peweaver_shared_fft.v:318$439'.
Creating decoders for process `$paramod$13c884fdcaf50f82d9759f7b9da10f470b3fe4f1\SharedSdfUnit.$proc$rtl/peweaver_shared_fft.v:304$432'.
     1/2: $0\bf2_count[6:0]
     2/2: $0\bf2_sp_en[0:0]
Creating decoders for process `$paramod$13c884fdcaf50f82d9759f7b9da10f470b3fe4f1\SharedSdfUnit.$proc$rtl/peweaver_shared_fft.v:292$428'.
     1/1: $0\bf2_start[0:0]
Creating decoders for process `$paramod$13c884fdcaf50f82d9759f7b9da10f470b3fe4f1\SharedSdfUnit.$proc$rtl/peweaver_shared_fft.v:250$423'.
     1/1: $0\bf2_bf[0:0]
Creating decoders for process `$paramod$13c884fdcaf50f82d9759f7b9da10f470b3fe4f1\SharedSdfUnit.$proc$rtl/peweaver_shared_fft.v:240$421'.
Creating decoders for process `$paramod$13c884fdcaf50f82d9759f7b9da10f470b3fe4f1\SharedSdfUnit.$proc$rtl/peweaver_shared_fft.v:222$407'.
     1/2: $0\bf1_count[6:0]
     2/2: $0\bf1_sp_en[0:0]
Creating decoders for process `$paramod$13c884fdcaf50f82d9759f7b9da10f470b3fe4f1\SharedSdfUnit.$proc$rtl/peweaver_shared_fft.v:176$397'.
     1/1: $0\di_count[6:0]
Creating decoders for process `$paramod$acfde09421055442384df923236884512d648c66\SdfUnit2.$proc$rtl/peweaver_shared_fft.v:520$393'.
Creating decoders for process `$paramod$acfde09421055442384df923236884512d648c66\SdfUnit2.$proc$rtl/peweaver_shared_fft.v:510$392'.
     1/2: $0\do_en[0:0]
     2/2: $0\bf_sp_en[0:0]
Creating decoders for process `$paramod$acfde09421055442384df923236884512d648c66\SdfUnit2.$proc$rtl/peweaver_shared_fft.v:473$385'.
     1/1: $0\bf_en[0:0]
Creating decoders for process `$paramod\peweaver_shared_fft\WIDTH=s32'00000000000000000000000000010000.$proc$rtl/peweaver_shared_fft.v:25$378'.
     1/2: $0\mode_locked[0:0]
     2/2: $0\mode_q[0:0]
Creating decoders for process `\Twiddle.$proc$rtl/peweaver_shared_fft.v:775$377'.
Creating decoders for process `\Twiddle.$proc$rtl/peweaver_shared_fft.v:775$376'.
Creating decoders for process `\Twiddle.$proc$rtl/peweaver_shared_fft.v:774$375'.
Creating decoders for process `\Twiddle.$proc$rtl/peweaver_shared_fft.v:774$374'.
Creating decoders for process `\Twiddle.$proc$rtl/peweaver_shared_fft.v:773$373'.
Creating decoders for process `\Twiddle.$proc$rtl/peweaver_shared_fft.v:773$372'.
Creating decoders for process `\Twiddle.$proc$rtl/peweaver_shared_fft.v:772$371'.
Creating decoders for process `\Twiddle.$proc$rtl/peweaver_shared_fft.v:772$370'.
Creating decoders for process `\Twiddle.$proc$rtl/peweaver_shared_fft.v:771$369'.
Creating decoders for process `\Twiddle.$proc$rtl/peweaver_shared_fft.v:771$368'.
Creating decoders for process `\Twiddle.$proc$rtl/peweaver_shared_fft.v:770$367'.
Creating decoders for process `\Twiddle.$proc$rtl/peweaver_shared_fft.v:770$366'.
Creating decoders for process `\Twiddle.$proc$rtl/peweaver_shared_fft.v:769$365'.
Creating decoders for process `\Twiddle.$proc$rtl/peweaver_shared_fft.v:769$364'.
Creating decoders for process `\Twiddle.$proc$rtl/peweaver_shared_fft.v:768$363'.
Creating decoders for process `\Twiddle.$proc$rtl/peweaver_shared_fft.v:768$362'.
Creating decoders for process `\Twiddle.$proc$rtl/peweaver_shared_fft.v:767$361'.
Creating decoders for process `\Twiddle.$proc$rtl/peweaver_shared_fft.v:767$360'.
Creating decoders for process `\Twiddle.$proc$rtl/peweaver_shared_fft.v:766$359'.
Creating decoders for process `\Twiddle.$proc$rtl/peweaver_shared_fft.v:766$358'.
Creating decoders for process `\Twiddle.$proc$rtl/peweaver_shared_fft.v:765$357'.
Creating decoders for process `\Twiddle.$proc$rtl/peweaver_shared_fft.v:765$356'.
Creating decoders for process `\Twiddle.$proc$rtl/peweaver_shared_fft.v:764$355'.
Creating decoders for process `\Twiddle.$proc$rtl/peweaver_shared_fft.v:764$354'.
Creating decoders for process `\Twiddle.$proc$rtl/peweaver_shared_fft.v:763$353'.
Creating decoders for process `\Twiddle.$proc$rtl/peweaver_shared_fft.v:763$352'.
Creating decoders for process `\Twiddle.$proc$rtl/peweaver_shared_fft.v:762$351'.
Creating decoders for process `\Twiddle.$proc$rtl/peweaver_shared_fft.v:762$350'.
Creating decoders for process `\Twiddle.$proc$rtl/peweaver_shared_fft.v:761$349'.
Creating decoders for process `\Twiddle.$proc$rtl/peweaver_shared_fft.v:761$348'.
Creating decoders for process `\Twiddle.$proc$rtl/peweaver_shared_fft.v:760$347'.
Creating decoders for process `\Twiddle.$proc$rtl/peweaver_shared_fft.v:760$346'.
Creating decoders for process `\Twiddle.$proc$rtl/peweaver_shared_fft.v:759$345'.
Creating decoders for process `\Twiddle.$proc$rtl/peweaver_shared_fft.v:759$344'.
Creating decoders for process `\Twiddle.$proc$rtl/peweaver_shared_fft.v:758$343'.
Creating decoders for process `\Twiddle.$proc$rtl/peweaver_shared_fft.v:758$342'.
Creating decoders for process `\Twiddle.$proc$rtl/peweaver_shared_fft.v:757$341'.
Creating decoders for process `\Twiddle.$proc$rtl/peweaver_shared_fft.v:757$340'.
Creating decoders for process `\Twiddle.$proc$rtl/peweaver_shared_fft.v:756$339'.
Creating decoders for process `\Twiddle.$proc$rtl/peweaver_shared_fft.v:756$338'.
Creating decoders for process `\Twiddle.$proc$rtl/peweaver_shared_fft.v:755$337'.
Creating decoders for process `\Twiddle.$proc$rtl/peweaver_shared_fft.v:755$336'.
Creating decoders for process `\Twiddle.$proc$rtl/peweaver_shared_fft.v:754$335'.
Creating decoders for process `\Twiddle.$proc$rtl/peweaver_shared_fft.v:754$334'.
Creating decoders for process `\Twiddle.$proc$rtl/peweaver_shared_fft.v:753$333'.
Creating decoders for process `\Twiddle.$proc$rtl/peweaver_shared_fft.v:753$332'.
Creating decoders for process `\Twiddle.$proc$rtl/peweaver_shared_fft.v:752$331'.
Creating decoders for process `\Twiddle.$proc$rtl/peweaver_shared_fft.v:752$330'.
Creating decoders for process `\Twiddle.$proc$rtl/peweaver_shared_fft.v:751$329'.
Creating decoders for process `\Twiddle.$proc$rtl/peweaver_shared_fft.v:751$328'.
Creating decoders for process `\Twiddle.$proc$rtl/peweaver_shared_fft.v:750$327'.
Creating decoders for process `\Twiddle.$proc$rtl/peweaver_shared_fft.v:750$326'.
Creating decoders for process `\Twiddle.$proc$rtl/peweaver_shared_fft.v:749$325'.
Creating decoders for process `\Twiddle.$proc$rtl/peweaver_shared_fft.v:749$324'.
Creating decoders for process `\Twiddle.$proc$rtl/peweaver_shared_fft.v:748$323'.
Creating decoders for process `\Twiddle.$proc$rtl/peweaver_shared_fft.v:748$322'.
Creating decoders for process `\Twiddle.$proc$rtl/peweaver_shared_fft.v:747$321'.
Creating decoders for process `\Twiddle.$proc$rtl/peweaver_shared_fft.v:747$320'.
Creating decoders for process `\Twiddle.$proc$rtl/peweaver_shared_fft.v:746$319'.
Creating decoders for process `\Twiddle.$proc$rtl/peweaver_shared_fft.v:746$318'.
Creating decoders for process `\Twiddle.$proc$rtl/peweaver_shared_fft.v:745$317'.
Creating decoders for process `\Twiddle.$proc$rtl/peweaver_shared_fft.v:745$316'.
Creating decoders for process `\Twiddle.$proc$rtl/peweaver_shared_fft.v:744$315'.
Creating decoders for process `\Twiddle.$proc$rtl/peweaver_shared_fft.v:744$314'.
Creating decoders for process `\Twiddle.$proc$rtl/peweaver_shared_fft.v:743$313'.
Creating decoders for process `\Twiddle.$proc$rtl/peweaver_shared_fft.v:743$312'.
Creating decoders for process `\Twiddle.$proc$rtl/peweaver_shared_fft.v:742$311'.
Creating decoders for process `\Twiddle.$proc$rtl/peweaver_shared_fft.v:742$310'.
Creating decoders for process `\Twiddle.$proc$rtl/peweaver_shared_fft.v:741$309'.
Creating decoders for process `\Twiddle.$proc$rtl/peweaver_shared_fft.v:741$308'.
Creating decoders for process `\Twiddle.$proc$rtl/peweaver_shared_fft.v:740$307'.
Creating decoders for process `\Twiddle.$proc$rtl/peweaver_shared_fft.v:740$306'.
Creating decoders for process `\Twiddle.$proc$rtl/peweaver_shared_fft.v:739$305'.
Creating decoders for process `\Twiddle.$proc$rtl/peweaver_shared_fft.v:739$304'.
Creating decoders for process `\Twiddle.$proc$rtl/peweaver_shared_fft.v:738$303'.
Creating decoders for process `\Twiddle.$proc$rtl/peweaver_shared_fft.v:738$302'.
Creating decoders for process `\Twiddle.$proc$rtl/peweaver_shared_fft.v:737$301'.
Creating decoders for process `\Twiddle.$proc$rtl/peweaver_shared_fft.v:737$300'.
Creating decoders for process `\Twiddle.$proc$rtl/peweaver_shared_fft.v:736$299'.
Creating decoders for process `\Twiddle.$proc$rtl/peweaver_shared_fft.v:736$298'.
Creating decoders for process `\Twiddle.$proc$rtl/peweaver_shared_fft.v:735$297'.
Creating decoders for process `\Twiddle.$proc$rtl/peweaver_shared_fft.v:735$296'.
Creating decoders for process `\Twiddle.$proc$rtl/peweaver_shared_fft.v:734$295'.
Creating decoders for process `\Twiddle.$proc$rtl/peweaver_shared_fft.v:734$294'.
Creating decoders for process `\Twiddle.$proc$rtl/peweaver_shared_fft.v:733$293'.
Creating decoders for process `\Twiddle.$proc$rtl/peweaver_shared_fft.v:733$292'.
Creating decoders for process `\Twiddle.$proc$rtl/peweaver_shared_fft.v:732$291'.
Creating decoders for process `\Twiddle.$proc$rtl/peweaver_shared_fft.v:732$290'.
Creating decoders for process `\Twiddle.$proc$rtl/peweaver_shared_fft.v:731$289'.
Creating decoders for process `\Twiddle.$proc$rtl/peweaver_shared_fft.v:731$288'.
Creating decoders for process `\Twiddle.$proc$rtl/peweaver_shared_fft.v:730$287'.
Creating decoders for process `\Twiddle.$proc$rtl/peweaver_shared_fft.v:730$286'.
Creating decoders for process `\Twiddle.$proc$rtl/peweaver_shared_fft.v:729$285'.
Creating decoders for process `\Twiddle.$proc$rtl/peweaver_shared_fft.v:729$284'.
Creating decoders for process `\Twiddle.$proc$rtl/peweaver_shared_fft.v:728$283'.
Creating decoders for process `\Twiddle.$proc$rtl/peweaver_shared_fft.v:728$282'.
Creating decoders for process `\Twiddle.$proc$rtl/peweaver_shared_fft.v:727$281'.
Creating decoders for process `\Twiddle.$proc$rtl/peweaver_shared_fft.v:727$280'.
Creating decoders for process `\Twiddle.$proc$rtl/peweaver_shared_fft.v:726$279'.
Creating decoders for process `\Twiddle.$proc$rtl/peweaver_shared_fft.v:726$278'.
Creating decoders for process `\Twiddle.$proc$rtl/peweaver_shared_fft.v:725$277'.
Creating decoders for process `\Twiddle.$proc$rtl/peweaver_shared_fft.v:725$276'.
Creating decoders for process `\Twiddle.$proc$rtl/peweaver_shared_fft.v:724$275'.
Creating decoders for process `\Twiddle.$proc$rtl/peweaver_shared_fft.v:724$274'.
Creating decoders for process `\Twiddle.$proc$rtl/peweaver_shared_fft.v:723$273'.
Creating decoders for process `\Twiddle.$proc$rtl/peweaver_shared_fft.v:723$272'.
Creating decoders for process `\Twiddle.$proc$rtl/peweaver_shared_fft.v:722$271'.
Creating decoders for process `\Twiddle.$proc$rtl/peweaver_shared_fft.v:722$270'.
Creating decoders for process `\Twiddle.$proc$rtl/peweaver_shared_fft.v:721$269'.
Creating decoders for process `\Twiddle.$proc$rtl/peweaver_shared_fft.v:721$268'.
Creating decoders for process `\Twiddle.$proc$rtl/peweaver_shared_fft.v:720$267'.
Creating decoders for process `\Twiddle.$proc$rtl/peweaver_shared_fft.v:720$266'.
Creating decoders for process `\Twiddle.$proc$rtl/peweaver_shared_fft.v:719$265'.
Creating decoders for process `\Twiddle.$proc$rtl/peweaver_shared_fft.v:719$264'.
Creating decoders for process `\Twiddle.$proc$rtl/peweaver_shared_fft.v:718$263'.
Creating decoders for process `\Twiddle.$proc$rtl/peweaver_shared_fft.v:718$262'.
Creating decoders for process `\Twiddle.$proc$rtl/peweaver_shared_fft.v:717$261'.
Creating decoders for process `\Twiddle.$proc$rtl/peweaver_shared_fft.v:717$260'.
Creating decoders for process `\Twiddle.$proc$rtl/peweaver_shared_fft.v:716$259'.
Creating decoders for process `\Twiddle.$proc$rtl/peweaver_shared_fft.v:716$258'.
Creating decoders for process `\Twiddle.$proc$rtl/peweaver_shared_fft.v:715$257'.
Creating decoders for process `\Twiddle.$proc$rtl/peweaver_shared_fft.v:715$256'.
Creating decoders for process `\Twiddle.$proc$rtl/peweaver_shared_fft.v:714$255'.
Creating decoders for process `\Twiddle.$proc$rtl/peweaver_shared_fft.v:714$254'.
Creating decoders for process `\Twiddle.$proc$rtl/peweaver_shared_fft.v:713$253'.
Creating decoders for process `\Twiddle.$proc$rtl/peweaver_shared_fft.v:713$252'.
Creating decoders for process `\Twiddle.$proc$rtl/peweaver_shared_fft.v:712$251'.
Creating decoders for process `\Twiddle.$proc$rtl/peweaver_shared_fft.v:712$250'.
Creating decoders for process `\Twiddle.$proc$rtl/peweaver_shared_fft.v:711$249'.
Creating decoders for process `\Twiddle.$proc$rtl/peweaver_shared_fft.v:711$248'.
Creating decoders for process `\Twiddle.$proc$rtl/peweaver_shared_fft.v:710$247'.
Creating decoders for process `\Twiddle.$proc$rtl/peweaver_shared_fft.v:710$246'.
Creating decoders for process `\Twiddle.$proc$rtl/peweaver_shared_fft.v:709$245'.
Creating decoders for process `\Twiddle.$proc$rtl/peweaver_shared_fft.v:709$244'.
Creating decoders for process `\Twiddle.$proc$rtl/peweaver_shared_fft.v:708$243'.
Creating decoders for process `\Twiddle.$proc$rtl/peweaver_shared_fft.v:708$242'.
Creating decoders for process `\Twiddle.$proc$rtl/peweaver_shared_fft.v:707$241'.
Creating decoders for process `\Twiddle.$proc$rtl/peweaver_shared_fft.v:707$240'.
Creating decoders for process `\Twiddle.$proc$rtl/peweaver_shared_fft.v:706$239'.
Creating decoders for process `\Twiddle.$proc$rtl/peweaver_shared_fft.v:706$238'.
Creating decoders for process `\Twiddle.$proc$rtl/peweaver_shared_fft.v:705$237'.
Creating decoders for process `\Twiddle.$proc$rtl/peweaver_shared_fft.v:705$236'.
Creating decoders for process `\Twiddle.$proc$rtl/peweaver_shared_fft.v:704$235'.
Creating decoders for process `\Twiddle.$proc$rtl/peweaver_shared_fft.v:704$234'.
Creating decoders for process `\Twiddle.$proc$rtl/peweaver_shared_fft.v:703$233'.
Creating decoders for process `\Twiddle.$proc$rtl/peweaver_shared_fft.v:703$232'.
Creating decoders for process `\Twiddle.$proc$rtl/peweaver_shared_fft.v:702$231'.
Creating decoders for process `\Twiddle.$proc$rtl/peweaver_shared_fft.v:702$230'.
Creating decoders for process `\Twiddle.$proc$rtl/peweaver_shared_fft.v:701$229'.
Creating decoders for process `\Twiddle.$proc$rtl/peweaver_shared_fft.v:701$228'.
Creating decoders for process `\Twiddle.$proc$rtl/peweaver_shared_fft.v:700$227'.
Creating decoders for process `\Twiddle.$proc$rtl/peweaver_shared_fft.v:700$226'.
Creating decoders for process `\Twiddle.$proc$rtl/peweaver_shared_fft.v:699$225'.
Creating decoders for process `\Twiddle.$proc$rtl/peweaver_shared_fft.v:699$224'.
Creating decoders for process `\Twiddle.$proc$rtl/peweaver_shared_fft.v:698$223'.
Creating decoders for process `\Twiddle.$proc$rtl/peweaver_shared_fft.v:698$222'.
Creating decoders for process `\Twiddle.$proc$rtl/peweaver_shared_fft.v:697$221'.
Creating decoders for process `\Twiddle.$proc$rtl/peweaver_shared_fft.v:697$220'.
Creating decoders for process `\Twiddle.$proc$rtl/peweaver_shared_fft.v:696$219'.
Creating decoders for process `\Twiddle.$proc$rtl/peweaver_shared_fft.v:696$218'.
Creating decoders for process `\Twiddle.$proc$rtl/peweaver_shared_fft.v:695$217'.
Creating decoders for process `\Twiddle.$proc$rtl/peweaver_shared_fft.v:695$216'.
Creating decoders for process `\Twiddle.$proc$rtl/peweaver_shared_fft.v:694$215'.
Creating decoders for process `\Twiddle.$proc$rtl/peweaver_shared_fft.v:694$214'.
Creating decoders for process `\Twiddle.$proc$rtl/peweaver_shared_fft.v:693$213'.
Creating decoders for process `\Twiddle.$proc$rtl/peweaver_shared_fft.v:693$212'.
Creating decoders for process `\Twiddle.$proc$rtl/peweaver_shared_fft.v:692$211'.
Creating decoders for process `\Twiddle.$proc$rtl/peweaver_shared_fft.v:692$210'.
Creating decoders for process `\Twiddle.$proc$rtl/peweaver_shared_fft.v:691$209'.
Creating decoders for process `\Twiddle.$proc$rtl/peweaver_shared_fft.v:691$208'.
Creating decoders for process `\Twiddle.$proc$rtl/peweaver_shared_fft.v:690$207'.
Creating decoders for process `\Twiddle.$proc$rtl/peweaver_shared_fft.v:690$206'.
Creating decoders for process `\Twiddle.$proc$rtl/peweaver_shared_fft.v:689$205'.
Creating decoders for process `\Twiddle.$proc$rtl/peweaver_shared_fft.v:689$204'.
Creating decoders for process `\Twiddle.$proc$rtl/peweaver_shared_fft.v:688$203'.
Creating decoders for process `\Twiddle.$proc$rtl/peweaver_shared_fft.v:688$202'.
Creating decoders for process `\Twiddle.$proc$rtl/peweaver_shared_fft.v:687$201'.
Creating decoders for process `\Twiddle.$proc$rtl/peweaver_shared_fft.v:687$200'.
Creating decoders for process `\Twiddle.$proc$rtl/peweaver_shared_fft.v:686$199'.
Creating decoders for process `\Twiddle.$proc$rtl/peweaver_shared_fft.v:686$198'.
Creating decoders for process `\Twiddle.$proc$rtl/peweaver_shared_fft.v:685$197'.
Creating decoders for process `\Twiddle.$proc$rtl/peweaver_shared_fft.v:685$196'.
Creating decoders for process `\Twiddle.$proc$rtl/peweaver_shared_fft.v:684$195'.
Creating decoders for process `\Twiddle.$proc$rtl/peweaver_shared_fft.v:684$194'.
Creating decoders for process `\Twiddle.$proc$rtl/peweaver_shared_fft.v:683$193'.
Creating decoders for process `\Twiddle.$proc$rtl/peweaver_shared_fft.v:683$192'.
Creating decoders for process `\Twiddle.$proc$rtl/peweaver_shared_fft.v:682$191'.
Creating decoders for process `\Twiddle.$proc$rtl/peweaver_shared_fft.v:682$190'.
Creating decoders for process `\Twiddle.$proc$rtl/peweaver_shared_fft.v:681$189'.
Creating decoders for process `\Twiddle.$proc$rtl/peweaver_shared_fft.v:681$188'.
Creating decoders for process `\Twiddle.$proc$rtl/peweaver_shared_fft.v:680$187'.
Creating decoders for process `\Twiddle.$proc$rtl/peweaver_shared_fft.v:680$186'.
Creating decoders for process `\Twiddle.$proc$rtl/peweaver_shared_fft.v:679$185'.
Creating decoders for process `\Twiddle.$proc$rtl/peweaver_shared_fft.v:679$184'.
Creating decoders for process `\Twiddle.$proc$rtl/peweaver_shared_fft.v:678$183'.
Creating decoders for process `\Twiddle.$proc$rtl/peweaver_shared_fft.v:678$182'.
Creating decoders for process `\Twiddle.$proc$rtl/peweaver_shared_fft.v:677$181'.
Creating decoders for process `\Twiddle.$proc$rtl/peweaver_shared_fft.v:677$180'.
Creating decoders for process `\Twiddle.$proc$rtl/peweaver_shared_fft.v:676$179'.
Creating decoders for process `\Twiddle.$proc$rtl/peweaver_shared_fft.v:676$178'.
Creating decoders for process `\Twiddle.$proc$rtl/peweaver_shared_fft.v:675$177'.
Creating decoders for process `\Twiddle.$proc$rtl/peweaver_shared_fft.v:675$176'.
Creating decoders for process `\Twiddle.$proc$rtl/peweaver_shared_fft.v:674$175'.
Creating decoders for process `\Twiddle.$proc$rtl/peweaver_shared_fft.v:674$174'.
Creating decoders for process `\Twiddle.$proc$rtl/peweaver_shared_fft.v:673$173'.
Creating decoders for process `\Twiddle.$proc$rtl/peweaver_shared_fft.v:673$172'.
Creating decoders for process `\Twiddle.$proc$rtl/peweaver_shared_fft.v:672$171'.
Creating decoders for process `\Twiddle.$proc$rtl/peweaver_shared_fft.v:672$170'.
Creating decoders for process `\Twiddle.$proc$rtl/peweaver_shared_fft.v:671$169'.
Creating decoders for process `\Twiddle.$proc$rtl/peweaver_shared_fft.v:671$168'.
Creating decoders for process `\Twiddle.$proc$rtl/peweaver_shared_fft.v:670$167'.
Creating decoders for process `\Twiddle.$proc$rtl/peweaver_shared_fft.v:670$166'.
Creating decoders for process `\Twiddle.$proc$rtl/peweaver_shared_fft.v:669$165'.
Creating decoders for process `\Twiddle.$proc$rtl/peweaver_shared_fft.v:669$164'.
Creating decoders for process `\Twiddle.$proc$rtl/peweaver_shared_fft.v:668$163'.
Creating decoders for process `\Twiddle.$proc$rtl/peweaver_shared_fft.v:668$162'.
Creating decoders for process `\Twiddle.$proc$rtl/peweaver_shared_fft.v:667$161'.
Creating decoders for process `\Twiddle.$proc$rtl/peweaver_shared_fft.v:667$160'.
Creating decoders for process `\Twiddle.$proc$rtl/peweaver_shared_fft.v:666$159'.
Creating decoders for process `\Twiddle.$proc$rtl/peweaver_shared_fft.v:666$158'.
Creating decoders for process `\Twiddle.$proc$rtl/peweaver_shared_fft.v:665$157'.
Creating decoders for process `\Twiddle.$proc$rtl/peweaver_shared_fft.v:665$156'.
Creating decoders for process `\Twiddle.$proc$rtl/peweaver_shared_fft.v:664$155'.
Creating decoders for process `\Twiddle.$proc$rtl/peweaver_shared_fft.v:664$154'.
Creating decoders for process `\Twiddle.$proc$rtl/peweaver_shared_fft.v:663$153'.
Creating decoders for process `\Twiddle.$proc$rtl/peweaver_shared_fft.v:663$152'.
Creating decoders for process `\Twiddle.$proc$rtl/peweaver_shared_fft.v:662$151'.
Creating decoders for process `\Twiddle.$proc$rtl/peweaver_shared_fft.v:662$150'.
Creating decoders for process `\Twiddle.$proc$rtl/peweaver_shared_fft.v:661$149'.
Creating decoders for process `\Twiddle.$proc$rtl/peweaver_shared_fft.v:661$148'.
Creating decoders for process `\Twiddle.$proc$rtl/peweaver_shared_fft.v:660$147'.
Creating decoders for process `\Twiddle.$proc$rtl/peweaver_shared_fft.v:660$146'.
Creating decoders for process `\Twiddle.$proc$rtl/peweaver_shared_fft.v:659$145'.
Creating decoders for process `\Twiddle.$proc$rtl/peweaver_shared_fft.v:659$144'.
Creating decoders for process `\Twiddle.$proc$rtl/peweaver_shared_fft.v:658$143'.
Creating decoders for process `\Twiddle.$proc$rtl/peweaver_shared_fft.v:658$142'.
Creating decoders for process `\Twiddle.$proc$rtl/peweaver_shared_fft.v:657$141'.
Creating decoders for process `\Twiddle.$proc$rtl/peweaver_shared_fft.v:657$140'.
Creating decoders for process `\Twiddle.$proc$rtl/peweaver_shared_fft.v:656$139'.
Creating decoders for process `\Twiddle.$proc$rtl/peweaver_shared_fft.v:656$138'.
Creating decoders for process `\Twiddle.$proc$rtl/peweaver_shared_fft.v:655$137'.
Creating decoders for process `\Twiddle.$proc$rtl/peweaver_shared_fft.v:655$136'.
Creating decoders for process `\Twiddle.$proc$rtl/peweaver_shared_fft.v:654$135'.
Creating decoders for process `\Twiddle.$proc$rtl/peweaver_shared_fft.v:654$134'.
Creating decoders for process `\Twiddle.$proc$rtl/peweaver_shared_fft.v:653$133'.
Creating decoders for process `\Twiddle.$proc$rtl/peweaver_shared_fft.v:653$132'.
Creating decoders for process `\Twiddle.$proc$rtl/peweaver_shared_fft.v:652$131'.
Creating decoders for process `\Twiddle.$proc$rtl/peweaver_shared_fft.v:652$130'.
Creating decoders for process `\Twiddle.$proc$rtl/peweaver_shared_fft.v:651$129'.
Creating decoders for process `\Twiddle.$proc$rtl/peweaver_shared_fft.v:651$128'.
Creating decoders for process `\Twiddle.$proc$rtl/peweaver_shared_fft.v:650$127'.
Creating decoders for process `\Twiddle.$proc$rtl/peweaver_shared_fft.v:650$126'.
Creating decoders for process `\Twiddle.$proc$rtl/peweaver_shared_fft.v:649$125'.
Creating decoders for process `\Twiddle.$proc$rtl/peweaver_shared_fft.v:649$124'.
Creating decoders for process `\Twiddle.$proc$rtl/peweaver_shared_fft.v:648$123'.
Creating decoders for process `\Twiddle.$proc$rtl/peweaver_shared_fft.v:648$122'.
Creating decoders for process `\Twiddle.$proc$rtl/peweaver_shared_fft.v:636$119'.
     1/1: $1$mem2reg_rd$\wn_im$rtl/peweaver_shared_fft.v:636$114_DATA[15:0]$121
Creating decoders for process `\Twiddle.$proc$rtl/peweaver_shared_fft.v:635$116'.
     1/1: $1$mem2reg_rd$\wn_re$rtl/peweaver_shared_fft.v:635$113_DATA[15:0]$118
Creating decoders for process `\Twiddle.$proc$rtl/peweaver_shared_fft.v:640$115'.
Creating decoders for process `$paramod$91a3a7dbf4bfbd28b5b341fe20d9acb72db55de6\SharedDelayBuffer.$proc$rtl/peweaver_shared_fft.v:424$645'.
Creating decoders for process `$paramod$bf4db1fd822cd1e8dfaa4dc2826349dab1ae0abc\SharedDelayBuffer.$proc$rtl/peweaver_shared_fft.v:424$642'.
Creating decoders for process `$paramod$88cd2ddfbb8184221d632f3c3d25c8d476256959\SharedDelayBuffer.$proc$rtl/peweaver_shared_fft.v:424$639'.
Creating decoders for process `$paramod$3ebd556efa5e0b51800643ceec6809e07c210b5f\SharedDelayBuffer.$proc$rtl/peweaver_shared_fft.v:424$636'.
Creating decoders for process `$paramod$17914cfb50699f154dc59f1c3f8fd47b6e195f44\DelayBuffer.$proc$rtl/peweaver_shared_fft.v:546$635'.
Creating decoders for process `$paramod$661d166254ab1f10e4ab9fdc594a2d052f4530e3\SharedDelayBuffer.$proc$rtl/peweaver_shared_fft.v:424$620'.
Creating decoders for process `\peweaver_ppa_reset_sync_shared.$proc$rtl/peweaver_ppa_shared_fft.v:15$1'.
     1/1: $0\sync_ff[1:0]

4.2.8. Executing PROC_DLATCH pass (convert process syncs to latches).
No latch inferred for signal `$paramod$ddd1dbeb542b066b17317505cd6a065ae38cf366\SharedSdfUnit.\tw_base' from process `$paramod$ddd1dbeb542b066b17317505cd6a065ae38cf366\SharedSdfUnit.$proc$rtl/peweaver_shared_fft.v:339$577'.
No latch inferred for signal `$paramod$8d11d99acb7471071f15885b81a84929edb08a8f\SharedSdfUnit.\tw_base' from process `$paramod$8d11d99acb7471071f15885b81a84929edb08a8f\SharedSdfUnit.$proc$rtl/peweaver_shared_fft.v:339$510'.
No latch inferred for signal `$paramod$13c884fdcaf50f82d9759f7b9da10f470b3fe4f1\SharedSdfUnit.\tw_base' from process `$paramod$13c884fdcaf50f82d9759f7b9da10f470b3fe4f1\SharedSdfUnit.$proc$rtl/peweaver_shared_fft.v:339$443'.
No latch inferred for signal `\Twiddle.\wn_im[127]' from process `\Twiddle.$proc$rtl/peweaver_shared_fft.v:775$377'.
No latch inferred for signal `\Twiddle.\wn_re[127]' from process `\Twiddle.$proc$rtl/peweaver_shared_fft.v:775$376'.
No latch inferred for signal `\Twiddle.\wn_im[126]' from process `\Twiddle.$proc$rtl/peweaver_shared_fft.v:774$375'.
No latch inferred for signal `\Twiddle.\wn_re[126]' from process `\Twiddle.$proc$rtl/peweaver_shared_fft.v:774$374'.
No latch inferred for signal `\Twiddle.\wn_im[125]' from process `\Twiddle.$proc$rtl/peweaver_shared_fft.v:773$373'.
No latch inferred for signal `\Twiddle.\wn_re[125]' from process `\Twiddle.$proc$rtl/peweaver_shared_fft.v:773$372'.
No latch inferred for signal `\Twiddle.\wn_im[124]' from process `\Twiddle.$proc$rtl/peweaver_shared_fft.v:772$371'.
No latch inferred for signal `\Twiddle.\wn_re[124]' from process `\Twiddle.$proc$rtl/peweaver_shared_fft.v:772$370'.
No latch inferred for signal `\Twiddle.\wn_im[123]' from process `\Twiddle.$proc$rtl/peweaver_shared_fft.v:771$369'.
No latch inferred for signal `\Twiddle.\wn_re[123]' from process `\Twiddle.$proc$rtl/peweaver_shared_fft.v:771$368'.
No latch inferred for signal `\Twiddle.\wn_im[122]' from process `\Twiddle.$proc$rtl/peweaver_shared_fft.v:770$367'.
No latch inferred for signal `\Twiddle.\wn_re[122]' from process `\Twiddle.$proc$rtl/peweaver_shared_fft.v:770$366'.
No latch inferred for signal `\Twiddle.\wn_im[121]' from process `\Twiddle.$proc$rtl/peweaver_shared_fft.v:769$365'.
No latch inferred for signal `\Twiddle.\wn_re[121]' from process `\Twiddle.$proc$rtl/peweaver_shared_fft.v:769$364'.
No latch inferred for signal `\Twiddle.\wn_im[120]' from process `\Twiddle.$proc$rtl/peweaver_shared_fft.v:768$363'.
No latch inferred for signal `\Twiddle.\wn_re[120]' from process `\Twiddle.$proc$rtl/peweaver_shared_fft.v:768$362'.
No latch inferred for signal `\Twiddle.\wn_im[119]' from process `\Twiddle.$proc$rtl/peweaver_shared_fft.v:767$361'.
No latch inferred for signal `\Twiddle.\wn_re[119]' from process `\Twiddle.$proc$rtl/peweaver_shared_fft.v:767$360'.
No latch inferred for signal `\Twiddle.\wn_im[118]' from process `\Twiddle.$proc$rtl/peweaver_shared_fft.v:766$359'.
No latch inferred for signal `\Twiddle.\wn_re[118]' from process `\Twiddle.$proc$rtl/peweaver_shared_fft.v:766$358'.
No latch inferred for signal `\Twiddle.\wn_im[117]' from process `\Twiddle.$proc$rtl/peweaver_shared_fft.v:765$357'.
No latch inferred for signal `\Twiddle.\wn_re[117]' from process `\Twiddle.$proc$rtl/peweaver_shared_fft.v:765$356'.
No latch inferred for signal `\Twiddle.\wn_im[116]' from process `\Twiddle.$proc$rtl/peweaver_shared_fft.v:764$355'.
No latch inferred for signal `\Twiddle.\wn_re[116]' from process `\Twiddle.$proc$rtl/peweaver_shared_fft.v:764$354'.
No latch inferred for signal `\Twiddle.\wn_im[115]' from process `\Twiddle.$proc$rtl/peweaver_shared_fft.v:763$353'.
No latch inferred for signal `\Twiddle.\wn_re[115]' from process `\Twiddle.$proc$rtl/peweaver_shared_fft.v:763$352'.
No latch inferred for signal `\Twiddle.\wn_im[114]' from process `\Twiddle.$proc$rtl/peweaver_shared_fft.v:762$351'.
No latch inferred for signal `\Twiddle.\wn_re[114]' from process `\Twiddle.$proc$rtl/peweaver_shared_fft.v:762$350'.
No latch inferred for signal `\Twiddle.\wn_im[113]' from process `\Twiddle.$proc$rtl/peweaver_shared_fft.v:761$349'.
No latch inferred for signal `\Twiddle.\wn_re[113]' from process `\Twiddle.$proc$rtl/peweaver_shared_fft.v:761$348'.
No latch inferred for signal `\Twiddle.\wn_im[112]' from process `\Twiddle.$proc$rtl/peweaver_shared_fft.v:760$347'.
No latch inferred for signal `\Twiddle.\wn_re[112]' from process `\Twiddle.$proc$rtl/peweaver_shared_fft.v:760$346'.
No latch inferred for signal `\Twiddle.\wn_im[111]' from process `\Twiddle.$proc$rtl/peweaver_shared_fft.v:759$345'.
No latch inferred for signal `\Twiddle.\wn_re[111]' from process `\Twiddle.$proc$rtl/peweaver_shared_fft.v:759$344'.
No latch inferred for signal `\Twiddle.\wn_im[110]' from process `\Twiddle.$proc$rtl/peweaver_shared_fft.v:758$343'.
No latch inferred for signal `\Twiddle.\wn_re[110]' from process `\Twiddle.$proc$rtl/peweaver_shared_fft.v:758$342'.
No latch inferred for signal `\Twiddle.\wn_im[109]' from process `\Twiddle.$proc$rtl/peweaver_shared_fft.v:757$341'.
No latch inferred for signal `\Twiddle.\wn_re[109]' from process `\Twiddle.$proc$rtl/peweaver_shared_fft.v:757$340'.
No latch inferred for signal `\Twiddle.\wn_im[108]' from process `\Twiddle.$proc$rtl/peweaver_shared_fft.v:756$339'.
No latch inferred for signal `\Twiddle.\wn_re[108]' from process `\Twiddle.$proc$rtl/peweaver_shared_fft.v:756$338'.
No latch inferred for signal `\Twiddle.\wn_im[107]' from process `\Twiddle.$proc$rtl/peweaver_shared_fft.v:755$337'.
No latch inferred for signal `\Twiddle.\wn_re[107]' from process `\Twiddle.$proc$rtl/peweaver_shared_fft.v:755$336'.
No latch inferred for signal `\Twiddle.\wn_im[106]' from process `\Twiddle.$proc$rtl/peweaver_shared_fft.v:754$335'.
No latch inferred for signal `\Twiddle.\wn_re[106]' from process `\Twiddle.$proc$rtl/peweaver_shared_fft.v:754$334'.
No latch inferred for signal `\Twiddle.\wn_im[105]' from process `\Twiddle.$proc$rtl/peweaver_shared_fft.v:753$333'.
No latch inferred for signal `\Twiddle.\wn_re[105]' from process `\Twiddle.$proc$rtl/peweaver_shared_fft.v:753$332'.
No latch inferred for signal `\Twiddle.\wn_im[104]' from process `\Twiddle.$proc$rtl/peweaver_shared_fft.v:752$331'.
No latch inferred for signal `\Twiddle.\wn_re[104]' from process `\Twiddle.$proc$rtl/peweaver_shared_fft.v:752$330'.
No latch inferred for signal `\Twiddle.\wn_im[103]' from process `\Twiddle.$proc$rtl/peweaver_shared_fft.v:751$329'.
No latch inferred for signal `\Twiddle.\wn_re[103]' from process `\Twiddle.$proc$rtl/peweaver_shared_fft.v:751$328'.
No latch inferred for signal `\Twiddle.\wn_im[102]' from process `\Twiddle.$proc$rtl/peweaver_shared_fft.v:750$327'.
No latch inferred for signal `\Twiddle.\wn_re[102]' from process `\Twiddle.$proc$rtl/peweaver_shared_fft.v:750$326'.
No latch inferred for signal `\Twiddle.\wn_im[101]' from process `\Twiddle.$proc$rtl/peweaver_shared_fft.v:749$325'.
No latch inferred for signal `\Twiddle.\wn_re[101]' from process `\Twiddle.$proc$rtl/peweaver_shared_fft.v:749$324'.
No latch inferred for signal `\Twiddle.\wn_im[100]' from process `\Twiddle.$proc$rtl/peweaver_shared_fft.v:748$323'.
No latch inferred for signal `\Twiddle.\wn_re[100]' from process `\Twiddle.$proc$rtl/peweaver_shared_fft.v:748$322'.
No latch inferred for signal `\Twiddle.\wn_im[99]' from process `\Twiddle.$proc$rtl/peweaver_shared_fft.v:747$321'.
No latch inferred for signal `\Twiddle.\wn_re[99]' from process `\Twiddle.$proc$rtl/peweaver_shared_fft.v:747$320'.
No latch inferred for signal `\Twiddle.\wn_im[98]' from process `\Twiddle.$proc$rtl/peweaver_shared_fft.v:746$319'.
No latch inferred for signal `\Twiddle.\wn_re[98]' from process `\Twiddle.$proc$rtl/peweaver_shared_fft.v:746$318'.
No latch inferred for signal `\Twiddle.\wn_im[97]' from process `\Twiddle.$proc$rtl/peweaver_shared_fft.v:745$317'.
No latch inferred for signal `\Twiddle.\wn_re[97]' from process `\Twiddle.$proc$rtl/peweaver_shared_fft.v:745$316'.
No latch inferred for signal `\Twiddle.\wn_im[96]' from process `\Twiddle.$proc$rtl/peweaver_shared_fft.v:744$315'.
No latch inferred for signal `\Twiddle.\wn_re[96]' from process `\Twiddle.$proc$rtl/peweaver_shared_fft.v:744$314'.
No latch inferred for signal `\Twiddle.\wn_im[95]' from process `\Twiddle.$proc$rtl/peweaver_shared_fft.v:743$313'.
No latch inferred for signal `\Twiddle.\wn_re[95]' from process `\Twiddle.$proc$rtl/peweaver_shared_fft.v:743$312'.
No latch inferred for signal `\Twiddle.\wn_im[94]' from process `\Twiddle.$proc$rtl/peweaver_shared_fft.v:742$311'.
No latch inferred for signal `\Twiddle.\wn_re[94]' from process `\Twiddle.$proc$rtl/peweaver_shared_fft.v:742$310'.
No latch inferred for signal `\Twiddle.\wn_im[93]' from process `\Twiddle.$proc$rtl/peweaver_shared_fft.v:741$309'.
No latch inferred for signal `\Twiddle.\wn_re[93]' from process `\Twiddle.$proc$rtl/peweaver_shared_fft.v:741$308'.
No latch inferred for signal `\Twiddle.\wn_im[92]' from process `\Twiddle.$proc$rtl/peweaver_shared_fft.v:740$307'.
No latch inferred for signal `\Twiddle.\wn_re[92]' from process `\Twiddle.$proc$rtl/peweaver_shared_fft.v:740$306'.
No latch inferred for signal `\Twiddle.\wn_im[91]' from process `\Twiddle.$proc$rtl/peweaver_shared_fft.v:739$305'.
No latch inferred for signal `\Twiddle.\wn_re[91]' from process `\Twiddle.$proc$rtl/peweaver_shared_fft.v:739$304'.
No latch inferred for signal `\Twiddle.\wn_im[90]' from process `\Twiddle.$proc$rtl/peweaver_shared_fft.v:738$303'.
No latch inferred for signal `\Twiddle.\wn_re[90]' from process `\Twiddle.$proc$rtl/peweaver_shared_fft.v:738$302'.
No latch inferred for signal `\Twiddle.\wn_im[89]' from process `\Twiddle.$proc$rtl/peweaver_shared_fft.v:737$301'.
No latch inferred for signal `\Twiddle.\wn_re[89]' from process `\Twiddle.$proc$rtl/peweaver_shared_fft.v:737$300'.
No latch inferred for signal `\Twiddle.\wn_im[88]' from process `\Twiddle.$proc$rtl/peweaver_shared_fft.v:736$299'.
No latch inferred for signal `\Twiddle.\wn_re[88]' from process `\Twiddle.$proc$rtl/peweaver_shared_fft.v:736$298'.
No latch inferred for signal `\Twiddle.\wn_im[87]' from process `\Twiddle.$proc$rtl/peweaver_shared_fft.v:735$297'.
No latch inferred for signal `\Twiddle.\wn_re[87]' from process `\Twiddle.$proc$rtl/peweaver_shared_fft.v:735$296'.
No latch inferred for signal `\Twiddle.\wn_im[86]' from process `\Twiddle.$proc$rtl/peweaver_shared_fft.v:734$295'.
No latch inferred for signal `\Twiddle.\wn_re[86]' from process `\Twiddle.$proc$rtl/peweaver_shared_fft.v:734$294'.
No latch inferred for signal `\Twiddle.\wn_im[85]' from process `\Twiddle.$proc$rtl/peweaver_shared_fft.v:733$293'.
No latch inferred for signal `\Twiddle.\wn_re[85]' from process `\Twiddle.$proc$rtl/peweaver_shared_fft.v:733$292'.
No latch inferred for signal `\Twiddle.\wn_im[84]' from process `\Twiddle.$proc$rtl/peweaver_shared_fft.v:732$291'.
No latch inferred for signal `\Twiddle.\wn_re[84]' from process `\Twiddle.$proc$rtl/peweaver_shared_fft.v:732$290'.
No latch inferred for signal `\Twiddle.\wn_im[83]' from process `\Twiddle.$proc$rtl/peweaver_shared_fft.v:731$289'.
No latch inferred for signal `\Twiddle.\wn_re[83]' from process `\Twiddle.$proc$rtl/peweaver_shared_fft.v:731$288'.
No latch inferred for signal `\Twiddle.\wn_im[82]' from process `\Twiddle.$proc$rtl/peweaver_shared_fft.v:730$287'.
No latch inferred for signal `\Twiddle.\wn_re[82]' from process `\Twiddle.$proc$rtl/peweaver_shared_fft.v:730$286'.
No latch inferred for signal `\Twiddle.\wn_im[81]' from process `\Twiddle.$proc$rtl/peweaver_shared_fft.v:729$285'.
No latch inferred for signal `\Twiddle.\wn_re[81]' from process `\Twiddle.$proc$rtl/peweaver_shared_fft.v:729$284'.
No latch inferred for signal `\Twiddle.\wn_im[80]' from process `\Twiddle.$proc$rtl/peweaver_shared_fft.v:728$283'.
No latch inferred for signal `\Twiddle.\wn_re[80]' from process `\Twiddle.$proc$rtl/peweaver_shared_fft.v:728$282'.
No latch inferred for signal `\Twiddle.\wn_im[79]' from process `\Twiddle.$proc$rtl/peweaver_shared_fft.v:727$281'.
No latch inferred for signal `\Twiddle.\wn_re[79]' from process `\Twiddle.$proc$rtl/peweaver_shared_fft.v:727$280'.
No latch inferred for signal `\Twiddle.\wn_im[78]' from process `\Twiddle.$proc$rtl/peweaver_shared_fft.v:726$279'.
No latch inferred for signal `\Twiddle.\wn_re[78]' from process `\Twiddle.$proc$rtl/peweaver_shared_fft.v:726$278'.
No latch inferred for signal `\Twiddle.\wn_im[77]' from process `\Twiddle.$proc$rtl/peweaver_shared_fft.v:725$277'.
No latch inferred for signal `\Twiddle.\wn_re[77]' from process `\Twiddle.$proc$rtl/peweaver_shared_fft.v:725$276'.
No latch inferred for signal `\Twiddle.\wn_im[76]' from process `\Twiddle.$proc$rtl/peweaver_shared_fft.v:724$275'.
No latch inferred for signal `\Twiddle.\wn_re[76]' from process `\Twiddle.$proc$rtl/peweaver_shared_fft.v:724$274'.
No latch inferred for signal `\Twiddle.\wn_im[75]' from process `\Twiddle.$proc$rtl/peweaver_shared_fft.v:723$273'.
No latch inferred for signal `\Twiddle.\wn_re[75]' from process `\Twiddle.$proc$rtl/peweaver_shared_fft.v:723$272'.
No latch inferred for signal `\Twiddle.\wn_im[74]' from process `\Twiddle.$proc$rtl/peweaver_shared_fft.v:722$271'.
No latch inferred for signal `\Twiddle.\wn_re[74]' from process `\Twiddle.$proc$rtl/peweaver_shared_fft.v:722$270'.
No latch inferred for signal `\Twiddle.\wn_im[73]' from process `\Twiddle.$proc$rtl/peweaver_shared_fft.v:721$269'.
No latch inferred for signal `\Twiddle.\wn_re[73]' from process `\Twiddle.$proc$rtl/peweaver_shared_fft.v:721$268'.
No latch inferred for signal `\Twiddle.\wn_im[72]' from process `\Twiddle.$proc$rtl/peweaver_shared_fft.v:720$267'.
No latch inferred for signal `\Twiddle.\wn_re[72]' from process `\Twiddle.$proc$rtl/peweaver_shared_fft.v:720$266'.
No latch inferred for signal `\Twiddle.\wn_im[71]' from process `\Twiddle.$proc$rtl/peweaver_shared_fft.v:719$265'.
No latch inferred for signal `\Twiddle.\wn_re[71]' from process `\Twiddle.$proc$rtl/peweaver_shared_fft.v:719$264'.
No latch inferred for signal `\Twiddle.\wn_im[70]' from process `\Twiddle.$proc$rtl/peweaver_shared_fft.v:718$263'.
No latch inferred for signal `\Twiddle.\wn_re[70]' from process `\Twiddle.$proc$rtl/peweaver_shared_fft.v:718$262'.
No latch inferred for signal `\Twiddle.\wn_im[69]' from process `\Twiddle.$proc$rtl/peweaver_shared_fft.v:717$261'.
No latch inferred for signal `\Twiddle.\wn_re[69]' from process `\Twiddle.$proc$rtl/peweaver_shared_fft.v:717$260'.
No latch inferred for signal `\Twiddle.\wn_im[68]' from process `\Twiddle.$proc$rtl/peweaver_shared_fft.v:716$259'.
No latch inferred for signal `\Twiddle.\wn_re[68]' from process `\Twiddle.$proc$rtl/peweaver_shared_fft.v:716$258'.
No latch inferred for signal `\Twiddle.\wn_im[67]' from process `\Twiddle.$proc$rtl/peweaver_shared_fft.v:715$257'.
No latch inferred for signal `\Twiddle.\wn_re[67]' from process `\Twiddle.$proc$rtl/peweaver_shared_fft.v:715$256'.
No latch inferred for signal `\Twiddle.\wn_im[66]' from process `\Twiddle.$proc$rtl/peweaver_shared_fft.v:714$255'.
No latch inferred for signal `\Twiddle.\wn_re[66]' from process `\Twiddle.$proc$rtl/peweaver_shared_fft.v:714$254'.
No latch inferred for signal `\Twiddle.\wn_im[65]' from process `\Twiddle.$proc$rtl/peweaver_shared_fft.v:713$253'.
No latch inferred for signal `\Twiddle.\wn_re[65]' from process `\Twiddle.$proc$rtl/peweaver_shared_fft.v:713$252'.
No latch inferred for signal `\Twiddle.\wn_im[64]' from process `\Twiddle.$proc$rtl/peweaver_shared_fft.v:712$251'.
No latch inferred for signal `\Twiddle.\wn_re[64]' from process `\Twiddle.$proc$rtl/peweaver_shared_fft.v:712$250'.
No latch inferred for signal `\Twiddle.\wn_im[63]' from process `\Twiddle.$proc$rtl/peweaver_shared_fft.v:711$249'.
No latch inferred for signal `\Twiddle.\wn_re[63]' from process `\Twiddle.$proc$rtl/peweaver_shared_fft.v:711$248'.
No latch inferred for signal `\Twiddle.\wn_im[62]' from process `\Twiddle.$proc$rtl/peweaver_shared_fft.v:710$247'.
No latch inferred for signal `\Twiddle.\wn_re[62]' from process `\Twiddle.$proc$rtl/peweaver_shared_fft.v:710$246'.
No latch inferred for signal `\Twiddle.\wn_im[61]' from process `\Twiddle.$proc$rtl/peweaver_shared_fft.v:709$245'.
No latch inferred for signal `\Twiddle.\wn_re[61]' from process `\Twiddle.$proc$rtl/peweaver_shared_fft.v:709$244'.
No latch inferred for signal `\Twiddle.\wn_im[60]' from process `\Twiddle.$proc$rtl/peweaver_shared_fft.v:708$243'.
No latch inferred for signal `\Twiddle.\wn_re[60]' from process `\Twiddle.$proc$rtl/peweaver_shared_fft.v:708$242'.
No latch inferred for signal `\Twiddle.\wn_im[59]' from process `\Twiddle.$proc$rtl/peweaver_shared_fft.v:707$241'.
No latch inferred for signal `\Twiddle.\wn_re[59]' from process `\Twiddle.$proc$rtl/peweaver_shared_fft.v:707$240'.
No latch inferred for signal `\Twiddle.\wn_im[58]' from process `\Twiddle.$proc$rtl/peweaver_shared_fft.v:706$239'.
No latch inferred for signal `\Twiddle.\wn_re[58]' from process `\Twiddle.$proc$rtl/peweaver_shared_fft.v:706$238'.
No latch inferred for signal `\Twiddle.\wn_im[57]' from process `\Twiddle.$proc$rtl/peweaver_shared_fft.v:705$237'.
No latch inferred for signal `\Twiddle.\wn_re[57]' from process `\Twiddle.$proc$rtl/peweaver_shared_fft.v:705$236'.
No latch inferred for signal `\Twiddle.\wn_im[56]' from process `\Twiddle.$proc$rtl/peweaver_shared_fft.v:704$235'.
No latch inferred for signal `\Twiddle.\wn_re[56]' from process `\Twiddle.$proc$rtl/peweaver_shared_fft.v:704$234'.
No latch inferred for signal `\Twiddle.\wn_im[55]' from process `\Twiddle.$proc$rtl/peweaver_shared_fft.v:703$233'.
No latch inferred for signal `\Twiddle.\wn_re[55]' from process `\Twiddle.$proc$rtl/peweaver_shared_fft.v:703$232'.
No latch inferred for signal `\Twiddle.\wn_im[54]' from process `\Twiddle.$proc$rtl/peweaver_shared_fft.v:702$231'.
No latch inferred for signal `\Twiddle.\wn_re[54]' from process `\Twiddle.$proc$rtl/peweaver_shared_fft.v:702$230'.
No latch inferred for signal `\Twiddle.\wn_im[53]' from process `\Twiddle.$proc$rtl/peweaver_shared_fft.v:701$229'.
No latch inferred for signal `\Twiddle.\wn_re[53]' from process `\Twiddle.$proc$rtl/peweaver_shared_fft.v:701$228'.
No latch inferred for signal `\Twiddle.\wn_im[52]' from process `\Twiddle.$proc$rtl/peweaver_shared_fft.v:700$227'.
No latch inferred for signal `\Twiddle.\wn_re[52]' from process `\Twiddle.$proc$rtl/peweaver_shared_fft.v:700$226'.
No latch inferred for signal `\Twiddle.\wn_im[51]' from process `\Twiddle.$proc$rtl/peweaver_shared_fft.v:699$225'.
No latch inferred for signal `\Twiddle.\wn_re[51]' from process `\Twiddle.$proc$rtl/peweaver_shared_fft.v:699$224'.
No latch inferred for signal `\Twiddle.\wn_im[50]' from process `\Twiddle.$proc$rtl/peweaver_shared_fft.v:698$223'.
No latch inferred for signal `\Twiddle.\wn_re[50]' from process `\Twiddle.$proc$rtl/peweaver_shared_fft.v:698$222'.
No latch inferred for signal `\Twiddle.\wn_im[49]' from process `\Twiddle.$proc$rtl/peweaver_shared_fft.v:697$221'.
No latch inferred for signal `\Twiddle.\wn_re[49]' from process `\Twiddle.$proc$rtl/peweaver_shared_fft.v:697$220'.
No latch inferred for signal `\Twiddle.\wn_im[48]' from process `\Twiddle.$proc$rtl/peweaver_shared_fft.v:696$219'.
No latch inferred for signal `\Twiddle.\wn_re[48]' from process `\Twiddle.$proc$rtl/peweaver_shared_fft.v:696$218'.
No latch inferred for signal `\Twiddle.\wn_im[47]' from process `\Twiddle.$proc$rtl/peweaver_shared_fft.v:695$217'.
No latch inferred for signal `\Twiddle.\wn_re[47]' from process `\Twiddle.$proc$rtl/peweaver_shared_fft.v:695$216'.
No latch inferred for signal `\Twiddle.\wn_im[46]' from process `\Twiddle.$proc$rtl/peweaver_shared_fft.v:694$215'.
No latch inferred for signal `\Twiddle.\wn_re[46]' from process `\Twiddle.$proc$rtl/peweaver_shared_fft.v:694$214'.
No latch inferred for signal `\Twiddle.\wn_im[45]' from process `\Twiddle.$proc$rtl/peweaver_shared_fft.v:693$213'.
No latch inferred for signal `\Twiddle.\wn_re[45]' from process `\Twiddle.$proc$rtl/peweaver_shared_fft.v:693$212'.
No latch inferred for signal `\Twiddle.\wn_im[44]' from process `\Twiddle.$proc$rtl/peweaver_shared_fft.v:692$211'.
No latch inferred for signal `\Twiddle.\wn_re[44]' from process `\Twiddle.$proc$rtl/peweaver_shared_fft.v:692$210'.
No latch inferred for signal `\Twiddle.\wn_im[43]' from process `\Twiddle.$proc$rtl/peweaver_shared_fft.v:691$209'.
No latch inferred for signal `\Twiddle.\wn_re[43]' from process `\Twiddle.$proc$rtl/peweaver_shared_fft.v:691$208'.
No latch inferred for signal `\Twiddle.\wn_im[42]' from process `\Twiddle.$proc$rtl/peweaver_shared_fft.v:690$207'.
No latch inferred for signal `\Twiddle.\wn_re[42]' from process `\Twiddle.$proc$rtl/peweaver_shared_fft.v:690$206'.
No latch inferred for signal `\Twiddle.\wn_im[41]' from process `\Twiddle.$proc$rtl/peweaver_shared_fft.v:689$205'.
No latch inferred for signal `\Twiddle.\wn_re[41]' from process `\Twiddle.$proc$rtl/peweaver_shared_fft.v:689$204'.
No latch inferred for signal `\Twiddle.\wn_im[40]' from process `\Twiddle.$proc$rtl/peweaver_shared_fft.v:688$203'.
No latch inferred for signal `\Twiddle.\wn_re[40]' from process `\Twiddle.$proc$rtl/peweaver_shared_fft.v:688$202'.
No latch inferred for signal `\Twiddle.\wn_im[39]' from process `\Twiddle.$proc$rtl/peweaver_shared_fft.v:687$201'.
No latch inferred for signal `\Twiddle.\wn_re[39]' from process `\Twiddle.$proc$rtl/peweaver_shared_fft.v:687$200'.
No latch inferred for signal `\Twiddle.\wn_im[38]' from process `\Twiddle.$proc$rtl/peweaver_shared_fft.v:686$199'.
No latch inferred for signal `\Twiddle.\wn_re[38]' from process `\Twiddle.$proc$rtl/peweaver_shared_fft.v:686$198'.
No latch inferred for signal `\Twiddle.\wn_im[37]' from process `\Twiddle.$proc$rtl/peweaver_shared_fft.v:685$197'.
No latch inferred for signal `\Twiddle.\wn_re[37]' from process `\Twiddle.$proc$rtl/peweaver_shared_fft.v:685$196'.
No latch inferred for signal `\Twiddle.\wn_im[36]' from process `\Twiddle.$proc$rtl/peweaver_shared_fft.v:684$195'.
No latch inferred for signal `\Twiddle.\wn_re[36]' from process `\Twiddle.$proc$rtl/peweaver_shared_fft.v:684$194'.
No latch inferred for signal `\Twiddle.\wn_im[35]' from process `\Twiddle.$proc$rtl/peweaver_shared_fft.v:683$193'.
No latch inferred for signal `\Twiddle.\wn_re[35]' from process `\Twiddle.$proc$rtl/peweaver_shared_fft.v:683$192'.
No latch inferred for signal `\Twiddle.\wn_im[34]' from process `\Twiddle.$proc$rtl/peweaver_shared_fft.v:682$191'.
No latch inferred for signal `\Twiddle.\wn_re[34]' from process `\Twiddle.$proc$rtl/peweaver_shared_fft.v:682$190'.
No latch inferred for signal `\Twiddle.\wn_im[33]' from process `\Twiddle.$proc$rtl/peweaver_shared_fft.v:681$189'.
No latch inferred for signal `\Twiddle.\wn_re[33]' from process `\Twiddle.$proc$rtl/peweaver_shared_fft.v:681$188'.
No latch inferred for signal `\Twiddle.\wn_im[32]' from process `\Twiddle.$proc$rtl/peweaver_shared_fft.v:680$187'.
No latch inferred for signal `\Twiddle.\wn_re[32]' from process `\Twiddle.$proc$rtl/peweaver_shared_fft.v:680$186'.
No latch inferred for signal `\Twiddle.\wn_im[31]' from process `\Twiddle.$proc$rtl/peweaver_shared_fft.v:679$185'.
No latch inferred for signal `\Twiddle.\wn_re[31]' from process `\Twiddle.$proc$rtl/peweaver_shared_fft.v:679$184'.
No latch inferred for signal `\Twiddle.\wn_im[30]' from process `\Twiddle.$proc$rtl/peweaver_shared_fft.v:678$183'.
No latch inferred for signal `\Twiddle.\wn_re[30]' from process `\Twiddle.$proc$rtl/peweaver_shared_fft.v:678$182'.
No latch inferred for signal `\Twiddle.\wn_im[29]' from process `\Twiddle.$proc$rtl/peweaver_shared_fft.v:677$181'.
No latch inferred for signal `\Twiddle.\wn_re[29]' from process `\Twiddle.$proc$rtl/peweaver_shared_fft.v:677$180'.
No latch inferred for signal `\Twiddle.\wn_im[28]' from process `\Twiddle.$proc$rtl/peweaver_shared_fft.v:676$179'.
No latch inferred for signal `\Twiddle.\wn_re[28]' from process `\Twiddle.$proc$rtl/peweaver_shared_fft.v:676$178'.
No latch inferred for signal `\Twiddle.\wn_im[27]' from process `\Twiddle.$proc$rtl/peweaver_shared_fft.v:675$177'.
No latch inferred for signal `\Twiddle.\wn_re[27]' from process `\Twiddle.$proc$rtl/peweaver_shared_fft.v:675$176'.
No latch inferred for signal `\Twiddle.\wn_im[26]' from process `\Twiddle.$proc$rtl/peweaver_shared_fft.v:674$175'.
No latch inferred for signal `\Twiddle.\wn_re[26]' from process `\Twiddle.$proc$rtl/peweaver_shared_fft.v:674$174'.
No latch inferred for signal `\Twiddle.\wn_im[25]' from process `\Twiddle.$proc$rtl/peweaver_shared_fft.v:673$173'.
No latch inferred for signal `\Twiddle.\wn_re[25]' from process `\Twiddle.$proc$rtl/peweaver_shared_fft.v:673$172'.
No latch inferred for signal `\Twiddle.\wn_im[24]' from process `\Twiddle.$proc$rtl/peweaver_shared_fft.v:672$171'.
No latch inferred for signal `\Twiddle.\wn_re[24]' from process `\Twiddle.$proc$rtl/peweaver_shared_fft.v:672$170'.
No latch inferred for signal `\Twiddle.\wn_im[23]' from process `\Twiddle.$proc$rtl/peweaver_shared_fft.v:671$169'.
No latch inferred for signal `\Twiddle.\wn_re[23]' from process `\Twiddle.$proc$rtl/peweaver_shared_fft.v:671$168'.
No latch inferred for signal `\Twiddle.\wn_im[22]' from process `\Twiddle.$proc$rtl/peweaver_shared_fft.v:670$167'.
No latch inferred for signal `\Twiddle.\wn_re[22]' from process `\Twiddle.$proc$rtl/peweaver_shared_fft.v:670$166'.
No latch inferred for signal `\Twiddle.\wn_im[21]' from process `\Twiddle.$proc$rtl/peweaver_shared_fft.v:669$165'.
No latch inferred for signal `\Twiddle.\wn_re[21]' from process `\Twiddle.$proc$rtl/peweaver_shared_fft.v:669$164'.
No latch inferred for signal `\Twiddle.\wn_im[20]' from process `\Twiddle.$proc$rtl/peweaver_shared_fft.v:668$163'.
No latch inferred for signal `\Twiddle.\wn_re[20]' from process `\Twiddle.$proc$rtl/peweaver_shared_fft.v:668$162'.
No latch inferred for signal `\Twiddle.\wn_im[19]' from process `\Twiddle.$proc$rtl/peweaver_shared_fft.v:667$161'.
No latch inferred for signal `\Twiddle.\wn_re[19]' from process `\Twiddle.$proc$rtl/peweaver_shared_fft.v:667$160'.
No latch inferred for signal `\Twiddle.\wn_im[18]' from process `\Twiddle.$proc$rtl/peweaver_shared_fft.v:666$159'.
No latch inferred for signal `\Twiddle.\wn_re[18]' from process `\Twiddle.$proc$rtl/peweaver_shared_fft.v:666$158'.
No latch inferred for signal `\Twiddle.\wn_im[17]' from process `\Twiddle.$proc$rtl/peweaver_shared_fft.v:665$157'.
No latch inferred for signal `\Twiddle.\wn_re[17]' from process `\Twiddle.$proc$rtl/peweaver_shared_fft.v:665$156'.
No latch inferred for signal `\Twiddle.\wn_im[16]' from process `\Twiddle.$proc$rtl/peweaver_shared_fft.v:664$155'.
No latch inferred for signal `\Twiddle.\wn_re[16]' from process `\Twiddle.$proc$rtl/peweaver_shared_fft.v:664$154'.
No latch inferred for signal `\Twiddle.\wn_im[15]' from process `\Twiddle.$proc$rtl/peweaver_shared_fft.v:663$153'.
No latch inferred for signal `\Twiddle.\wn_re[15]' from process `\Twiddle.$proc$rtl/peweaver_shared_fft.v:663$152'.
No latch inferred for signal `\Twiddle.\wn_im[14]' from process `\Twiddle.$proc$rtl/peweaver_shared_fft.v:662$151'.
No latch inferred for signal `\Twiddle.\wn_re[14]' from process `\Twiddle.$proc$rtl/peweaver_shared_fft.v:662$150'.
No latch inferred for signal `\Twiddle.\wn_im[13]' from process `\Twiddle.$proc$rtl/peweaver_shared_fft.v:661$149'.
No latch inferred for signal `\Twiddle.\wn_re[13]' from process `\Twiddle.$proc$rtl/peweaver_shared_fft.v:661$148'.
No latch inferred for signal `\Twiddle.\wn_im[12]' from process `\Twiddle.$proc$rtl/peweaver_shared_fft.v:660$147'.
No latch inferred for signal `\Twiddle.\wn_re[12]' from process `\Twiddle.$proc$rtl/peweaver_shared_fft.v:660$146'.
No latch inferred for signal `\Twiddle.\wn_im[11]' from process `\Twiddle.$proc$rtl/peweaver_shared_fft.v:659$145'.
No latch inferred for signal `\Twiddle.\wn_re[11]' from process `\Twiddle.$proc$rtl/peweaver_shared_fft.v:659$144'.
No latch inferred for signal `\Twiddle.\wn_im[10]' from process `\Twiddle.$proc$rtl/peweaver_shared_fft.v:658$143'.
No latch inferred for signal `\Twiddle.\wn_re[10]' from process `\Twiddle.$proc$rtl/peweaver_shared_fft.v:658$142'.
No latch inferred for signal `\Twiddle.\wn_im[9]' from process `\Twiddle.$proc$rtl/peweaver_shared_fft.v:657$141'.
No latch inferred for signal `\Twiddle.\wn_re[9]' from process `\Twiddle.$proc$rtl/peweaver_shared_fft.v:657$140'.
No latch inferred for signal `\Twiddle.\wn_im[8]' from process `\Twiddle.$proc$rtl/peweaver_shared_fft.v:656$139'.
No latch inferred for signal `\Twiddle.\wn_re[8]' from process `\Twiddle.$proc$rtl/peweaver_shared_fft.v:656$138'.
No latch inferred for signal `\Twiddle.\wn_im[7]' from process `\Twiddle.$proc$rtl/peweaver_shared_fft.v:655$137'.
No latch inferred for signal `\Twiddle.\wn_re[7]' from process `\Twiddle.$proc$rtl/peweaver_shared_fft.v:655$136'.
No latch inferred for signal `\Twiddle.\wn_im[6]' from process `\Twiddle.$proc$rtl/peweaver_shared_fft.v:654$135'.
No latch inferred for signal `\Twiddle.\wn_re[6]' from process `\Twiddle.$proc$rtl/peweaver_shared_fft.v:654$134'.
No latch inferred for signal `\Twiddle.\wn_im[5]' from process `\Twiddle.$proc$rtl/peweaver_shared_fft.v:653$133'.
No latch inferred for signal `\Twiddle.\wn_re[5]' from process `\Twiddle.$proc$rtl/peweaver_shared_fft.v:653$132'.
No latch inferred for signal `\Twiddle.\wn_im[4]' from process `\Twiddle.$proc$rtl/peweaver_shared_fft.v:652$131'.
No latch inferred for signal `\Twiddle.\wn_re[4]' from process `\Twiddle.$proc$rtl/peweaver_shared_fft.v:652$130'.
No latch inferred for signal `\Twiddle.\wn_im[3]' from process `\Twiddle.$proc$rtl/peweaver_shared_fft.v:651$129'.
No latch inferred for signal `\Twiddle.\wn_re[3]' from process `\Twiddle.$proc$rtl/peweaver_shared_fft.v:651$128'.
No latch inferred for signal `\Twiddle.\wn_im[2]' from process `\Twiddle.$proc$rtl/peweaver_shared_fft.v:650$127'.
No latch inferred for signal `\Twiddle.\wn_re[2]' from process `\Twiddle.$proc$rtl/peweaver_shared_fft.v:650$126'.
No latch inferred for signal `\Twiddle.\wn_im[1]' from process `\Twiddle.$proc$rtl/peweaver_shared_fft.v:649$125'.
No latch inferred for signal `\Twiddle.\wn_re[1]' from process `\Twiddle.$proc$rtl/peweaver_shared_fft.v:649$124'.
No latch inferred for signal `\Twiddle.\wn_im[0]' from process `\Twiddle.$proc$rtl/peweaver_shared_fft.v:648$123'.
No latch inferred for signal `\Twiddle.\wn_re[0]' from process `\Twiddle.$proc$rtl/peweaver_shared_fft.v:648$122'.
No latch inferred for signal `\Twiddle.$mem2reg_rd$\wn_im$rtl/peweaver_shared_fft.v:636$114_DATA' from process `\Twiddle.$proc$rtl/peweaver_shared_fft.v:636$119'.
No latch inferred for signal `\Twiddle.$mem2reg_rd$\wn_re$rtl/peweaver_shared_fft.v:635$113_DATA' from process `\Twiddle.$proc$rtl/peweaver_shared_fft.v:635$116'.

4.2.9. Executing PROC_DFF pass (convert process syncs to FFs).
Creating register for signal `$paramod$dc25daec3dd8bd6d76b02d3c5368e2485052c5da\SharedDelayBuffer.\n' using process `$paramod$dc25daec3dd8bd6d76b02d3c5368e2485052c5da\SharedDelayBuffer.$proc$rtl/peweaver_shared_fft.v:424$605'.
  created $dff cell `$procdff$912' with positive edge clock.
Creating register for signal `$paramod$dc25daec3dd8bd6d76b02d3c5368e2485052c5da\SharedDelayBuffer.\buf_re[0]' using process `$paramod$dc25daec3dd8bd6d76b02d3c5368e2485052c5da\SharedDelayBuffer.$proc$rtl/peweaver_shared_fft.v:424$605'.
  created $dff cell `$procdff$913' with positive edge clock.
Creating register for signal `$paramod$dc25daec3dd8bd6d76b02d3c5368e2485052c5da\SharedDelayBuffer.\buf_re[1]' using process `$paramod$dc25daec3dd8bd6d76b02d3c5368e2485052c5da\SharedDelayBuffer.$proc$rtl/peweaver_shared_fft.v:424$605'.
  created $dff cell `$procdff$914' with positive edge clock.
Creating register for signal `$paramod$dc25daec3dd8bd6d76b02d3c5368e2485052c5da\SharedDelayBuffer.\buf_re[2]' using process `$paramod$dc25daec3dd8bd6d76b02d3c5368e2485052c5da\SharedDelayBuffer.$proc$rtl/peweaver_shared_fft.v:424$605'.
  created $dff cell `$procdff$915' with positive edge clock.
Creating register for signal `$paramod$dc25daec3dd8bd6d76b02d3c5368e2485052c5da\SharedDelayBuffer.\buf_re[3]' using process `$paramod$dc25daec3dd8bd6d76b02d3c5368e2485052c5da\SharedDelayBuffer.$proc$rtl/peweaver_shared_fft.v:424$605'.
  created $dff cell `$procdff$916' with positive edge clock.
Creating register for signal `$paramod$dc25daec3dd8bd6d76b02d3c5368e2485052c5da\SharedDelayBuffer.\buf_re[4]' using process `$paramod$dc25daec3dd8bd6d76b02d3c5368e2485052c5da\SharedDelayBuffer.$proc$rtl/peweaver_shared_fft.v:424$605'.
  created $dff cell `$procdff$917' with positive edge clock.
Creating register for signal `$paramod$dc25daec3dd8bd6d76b02d3c5368e2485052c5da\SharedDelayBuffer.\buf_re[5]' using process `$paramod$dc25daec3dd8bd6d76b02d3c5368e2485052c5da\SharedDelayBuffer.$proc$rtl/peweaver_shared_fft.v:424$605'.
  created $dff cell `$procdff$918' with positive edge clock.
Creating register for signal `$paramod$dc25daec3dd8bd6d76b02d3c5368e2485052c5da\SharedDelayBuffer.\buf_re[6]' using process `$paramod$dc25daec3dd8bd6d76b02d3c5368e2485052c5da\SharedDelayBuffer.$proc$rtl/peweaver_shared_fft.v:424$605'.
  created $dff cell `$procdff$919' with positive edge clock.
Creating register for signal `$paramod$dc25daec3dd8bd6d76b02d3c5368e2485052c5da\SharedDelayBuffer.\buf_re[7]' using process `$paramod$dc25daec3dd8bd6d76b02d3c5368e2485052c5da\SharedDelayBuffer.$proc$rtl/peweaver_shared_fft.v:424$605'.
  created $dff cell `$procdff$920' with positive edge clock.
Creating register for signal `$paramod$dc25daec3dd8bd6d76b02d3c5368e2485052c5da\SharedDelayBuffer.\buf_re[8]' using process `$paramod$dc25daec3dd8bd6d76b02d3c5368e2485052c5da\SharedDelayBuffer.$proc$rtl/peweaver_shared_fft.v:424$605'.
  created $dff cell `$procdff$921' with positive edge clock.
Creating register for signal `$paramod$dc25daec3dd8bd6d76b02d3c5368e2485052c5da\SharedDelayBuffer.\buf_re[9]' using process `$paramod$dc25daec3dd8bd6d76b02d3c5368e2485052c5da\SharedDelayBuffer.$proc$rtl/peweaver_shared_fft.v:424$605'.
  created $dff cell `$procdff$922' with positive edge clock.
Creating register for signal `$paramod$dc25daec3dd8bd6d76b02d3c5368e2485052c5da\SharedDelayBuffer.\buf_re[10]' using process `$paramod$dc25daec3dd8bd6d76b02d3c5368e2485052c5da\SharedDelayBuffer.$proc$rtl/peweaver_shared_fft.v:424$605'.
  created $dff cell `$procdff$923' with positive edge clock.
Creating register for signal `$paramod$dc25daec3dd8bd6d76b02d3c5368e2485052c5da\SharedDelayBuffer.\buf_re[11]' using process `$paramod$dc25daec3dd8bd6d76b02d3c5368e2485052c5da\SharedDelayBuffer.$proc$rtl/peweaver_shared_fft.v:424$605'.
  created $dff cell `$procdff$924' with positive edge clock.
Creating register for signal `$paramod$dc25daec3dd8bd6d76b02d3c5368e2485052c5da\SharedDelayBuffer.\buf_re[12]' using process `$paramod$dc25daec3dd8bd6d76b02d3c5368e2485052c5da\SharedDelayBuffer.$proc$rtl/peweaver_shared_fft.v:424$605'.
  created $dff cell `$procdff$925' with positive edge clock.
Creating register for signal `$paramod$dc25daec3dd8bd6d76b02d3c5368e2485052c5da\SharedDelayBuffer.\buf_re[13]' using process `$paramod$dc25daec3dd8bd6d76b02d3c5368e2485052c5da\SharedDelayBuffer.$proc$rtl/peweaver_shared_fft.v:424$605'.
  created $dff cell `$procdff$926' with positive edge clock.
Creating register for signal `$paramod$dc25daec3dd8bd6d76b02d3c5368e2485052c5da\SharedDelayBuffer.\buf_re[14]' using process `$paramod$dc25daec3dd8bd6d76b02d3c5368e2485052c5da\SharedDelayBuffer.$proc$rtl/peweaver_shared_fft.v:424$605'.
  created $dff cell `$procdff$927' with positive edge clock.
Creating register for signal `$paramod$dc25daec3dd8bd6d76b02d3c5368e2485052c5da\SharedDelayBuffer.\buf_re[15]' using process `$paramod$dc25daec3dd8bd6d76b02d3c5368e2485052c5da\SharedDelayBuffer.$proc$rtl/peweaver_shared_fft.v:424$605'.
  created $dff cell `$procdff$928' with positive edge clock.
Creating register for signal `$paramod$dc25daec3dd8bd6d76b02d3c5368e2485052c5da\SharedDelayBuffer.\buf_re[16]' using process `$paramod$dc25daec3dd8bd6d76b02d3c5368e2485052c5da\SharedDelayBuffer.$proc$rtl/peweaver_shared_fft.v:424$605'.
  created $dff cell `$procdff$929' with positive edge clock.
Creating register for signal `$paramod$dc25daec3dd8bd6d76b02d3c5368e2485052c5da\SharedDelayBuffer.\buf_re[17]' using process `$paramod$dc25daec3dd8bd6d76b02d3c5368e2485052c5da\SharedDelayBuffer.$proc$rtl/peweaver_shared_fft.v:424$605'.
  created $dff cell `$procdff$930' with positive edge clock.
Creating register for signal `$paramod$dc25daec3dd8bd6d76b02d3c5368e2485052c5da\SharedDelayBuffer.\buf_re[18]' using process `$paramod$dc25daec3dd8bd6d76b02d3c5368e2485052c5da\SharedDelayBuffer.$proc$rtl/peweaver_shared_fft.v:424$605'.
  created $dff cell `$procdff$931' with positive edge clock.
Creating register for signal `$paramod$dc25daec3dd8bd6d76b02d3c5368e2485052c5da\SharedDelayBuffer.\buf_re[19]' using process `$paramod$dc25daec3dd8bd6d76b02d3c5368e2485052c5da\SharedDelayBuffer.$proc$rtl/peweaver_shared_fft.v:424$605'.
  created $dff cell `$procdff$932' with positive edge clock.
Creating register for signal `$paramod$dc25daec3dd8bd6d76b02d3c5368e2485052c5da\SharedDelayBuffer.\buf_re[20]' using process `$paramod$dc25daec3dd8bd6d76b02d3c5368e2485052c5da\SharedDelayBuffer.$proc$rtl/peweaver_shared_fft.v:424$605'.
  created $dff cell `$procdff$933' with positive edge clock.
Creating register for signal `$paramod$dc25daec3dd8bd6d76b02d3c5368e2485052c5da\SharedDelayBuffer.\buf_re[21]' using process `$paramod$dc25daec3dd8bd6d76b02d3c5368e2485052c5da\SharedDelayBuffer.$proc$rtl/peweaver_shared_fft.v:424$605'.
  created $dff cell `$procdff$934' with positive edge clock.
Creating register for signal `$paramod$dc25daec3dd8bd6d76b02d3c5368e2485052c5da\SharedDelayBuffer.\buf_re[22]' using process `$paramod$dc25daec3dd8bd6d76b02d3c5368e2485052c5da\SharedDelayBuffer.$proc$rtl/peweaver_shared_fft.v:424$605'.
  created $dff cell `$procdff$935' with positive edge clock.
Creating register for signal `$paramod$dc25daec3dd8bd6d76b02d3c5368e2485052c5da\SharedDelayBuffer.\buf_re[23]' using process `$paramod$dc25daec3dd8bd6d76b02d3c5368e2485052c5da\SharedDelayBuffer.$proc$rtl/peweaver_shared_fft.v:424$605'.
  created $dff cell `$procdff$936' with positive edge clock.
Creating register for signal `$paramod$dc25daec3dd8bd6d76b02d3c5368e2485052c5da\SharedDelayBuffer.\buf_re[24]' using process `$paramod$dc25daec3dd8bd6d76b02d3c5368e2485052c5da\SharedDelayBuffer.$proc$rtl/peweaver_shared_fft.v:424$605'.
  created $dff cell `$procdff$937' with positive edge clock.
Creating register for signal `$paramod$dc25daec3dd8bd6d76b02d3c5368e2485052c5da\SharedDelayBuffer.\buf_re[25]' using process `$paramod$dc25daec3dd8bd6d76b02d3c5368e2485052c5da\SharedDelayBuffer.$proc$rtl/peweaver_shared_fft.v:424$605'.
  created $dff cell `$procdff$938' with positive edge clock.
Creating register for signal `$paramod$dc25daec3dd8bd6d76b02d3c5368e2485052c5da\SharedDelayBuffer.\buf_re[26]' using process `$paramod$dc25daec3dd8bd6d76b02d3c5368e2485052c5da\SharedDelayBuffer.$proc$rtl/peweaver_shared_fft.v:424$605'.
  created $dff cell `$procdff$939' with positive edge clock.
Creating register for signal `$paramod$dc25daec3dd8bd6d76b02d3c5368e2485052c5da\SharedDelayBuffer.\buf_re[27]' using process `$paramod$dc25daec3dd8bd6d76b02d3c5368e2485052c5da\SharedDelayBuffer.$proc$rtl/peweaver_shared_fft.v:424$605'.
  created $dff cell `$procdff$940' with positive edge clock.
Creating register for signal `$paramod$dc25daec3dd8bd6d76b02d3c5368e2485052c5da\SharedDelayBuffer.\buf_re[28]' using process `$paramod$dc25daec3dd8bd6d76b02d3c5368e2485052c5da\SharedDelayBuffer.$proc$rtl/peweaver_shared_fft.v:424$605'.
  created $dff cell `$procdff$941' with positive edge clock.
Creating register for signal `$paramod$dc25daec3dd8bd6d76b02d3c5368e2485052c5da\SharedDelayBuffer.\buf_re[29]' using process `$paramod$dc25daec3dd8bd6d76b02d3c5368e2485052c5da\SharedDelayBuffer.$proc$rtl/peweaver_shared_fft.v:424$605'.
  created $dff cell `$procdff$942' with positive edge clock.
Creating register for signal `$paramod$dc25daec3dd8bd6d76b02d3c5368e2485052c5da\SharedDelayBuffer.\buf_re[30]' using process `$paramod$dc25daec3dd8bd6d76b02d3c5368e2485052c5da\SharedDelayBuffer.$proc$rtl/peweaver_shared_fft.v:424$605'.
  created $dff cell `$procdff$943' with positive edge clock.
Creating register for signal `$paramod$dc25daec3dd8bd6d76b02d3c5368e2485052c5da\SharedDelayBuffer.\buf_re[31]' using process `$paramod$dc25daec3dd8bd6d76b02d3c5368e2485052c5da\SharedDelayBuffer.$proc$rtl/peweaver_shared_fft.v:424$605'.
  created $dff cell `$procdff$944' with positive edge clock.
Creating register for signal `$paramod$dc25daec3dd8bd6d76b02d3c5368e2485052c5da\SharedDelayBuffer.\buf_im[0]' using process `$paramod$dc25daec3dd8bd6d76b02d3c5368e2485052c5da\SharedDelayBuffer.$proc$rtl/peweaver_shared_fft.v:424$605'.
  created $dff cell `$procdff$945' with positive edge clock.
Creating register for signal `$paramod$dc25daec3dd8bd6d76b02d3c5368e2485052c5da\SharedDelayBuffer.\buf_im[1]' using process `$paramod$dc25daec3dd8bd6d76b02d3c5368e2485052c5da\SharedDelayBuffer.$proc$rtl/peweaver_shared_fft.v:424$605'.
  created $dff cell `$procdff$946' with positive edge clock.
Creating register for signal `$paramod$dc25daec3dd8bd6d76b02d3c5368e2485052c5da\SharedDelayBuffer.\buf_im[2]' using process `$paramod$dc25daec3dd8bd6d76b02d3c5368e2485052c5da\SharedDelayBuffer.$proc$rtl/peweaver_shared_fft.v:424$605'.
  created $dff cell `$procdff$947' with positive edge clock.
Creating register for signal `$paramod$dc25daec3dd8bd6d76b02d3c5368e2485052c5da\SharedDelayBuffer.\buf_im[3]' using process `$paramod$dc25daec3dd8bd6d76b02d3c5368e2485052c5da\SharedDelayBuffer.$proc$rtl/peweaver_shared_fft.v:424$605'.
  created $dff cell `$procdff$948' with positive edge clock.
Creating register for signal `$paramod$dc25daec3dd8bd6d76b02d3c5368e2485052c5da\SharedDelayBuffer.\buf_im[4]' using process `$paramod$dc25daec3dd8bd6d76b02d3c5368e2485052c5da\SharedDelayBuffer.$proc$rtl/peweaver_shared_fft.v:424$605'.
  created $dff cell `$procdff$949' with positive edge clock.
Creating register for signal `$paramod$dc25daec3dd8bd6d76b02d3c5368e2485052c5da\SharedDelayBuffer.\buf_im[5]' using process `$paramod$dc25daec3dd8bd6d76b02d3c5368e2485052c5da\SharedDelayBuffer.$proc$rtl/peweaver_shared_fft.v:424$605'.
  created $dff cell `$procdff$950' with positive edge clock.
Creating register for signal `$paramod$dc25daec3dd8bd6d76b02d3c5368e2485052c5da\SharedDelayBuffer.\buf_im[6]' using process `$paramod$dc25daec3dd8bd6d76b02d3c5368e2485052c5da\SharedDelayBuffer.$proc$rtl/peweaver_shared_fft.v:424$605'.
  created $dff cell `$procdff$951' with positive edge clock.
Creating register for signal `$paramod$dc25daec3dd8bd6d76b02d3c5368e2485052c5da\SharedDelayBuffer.\buf_im[7]' using process `$paramod$dc25daec3dd8bd6d76b02d3c5368e2485052c5da\SharedDelayBuffer.$proc$rtl/peweaver_shared_fft.v:424$605'.
  created $dff cell `$procdff$952' with positive edge clock.
Creating register for signal `$paramod$dc25daec3dd8bd6d76b02d3c5368e2485052c5da\SharedDelayBuffer.\buf_im[8]' using process `$paramod$dc25daec3dd8bd6d76b02d3c5368e2485052c5da\SharedDelayBuffer.$proc$rtl/peweaver_shared_fft.v:424$605'.
  created $dff cell `$procdff$953' with positive edge clock.
Creating register for signal `$paramod$dc25daec3dd8bd6d76b02d3c5368e2485052c5da\SharedDelayBuffer.\buf_im[9]' using process `$paramod$dc25daec3dd8bd6d76b02d3c5368e2485052c5da\SharedDelayBuffer.$proc$rtl/peweaver_shared_fft.v:424$605'.
  created $dff cell `$procdff$954' with positive edge clock.
Creating register for signal `$paramod$dc25daec3dd8bd6d76b02d3c5368e2485052c5da\SharedDelayBuffer.\buf_im[10]' using process `$paramod$dc25daec3dd8bd6d76b02d3c5368e2485052c5da\SharedDelayBuffer.$proc$rtl/peweaver_shared_fft.v:424$605'.
  created $dff cell `$procdff$955' with positive edge clock.
Creating register for signal `$paramod$dc25daec3dd8bd6d76b02d3c5368e2485052c5da\SharedDelayBuffer.\buf_im[11]' using process `$paramod$dc25daec3dd8bd6d76b02d3c5368e2485052c5da\SharedDelayBuffer.$proc$rtl/peweaver_shared_fft.v:424$605'.
  created $dff cell `$procdff$956' with positive edge clock.
Creating register for signal `$paramod$dc25daec3dd8bd6d76b02d3c5368e2485052c5da\SharedDelayBuffer.\buf_im[12]' using process `$paramod$dc25daec3dd8bd6d76b02d3c5368e2485052c5da\SharedDelayBuffer.$proc$rtl/peweaver_shared_fft.v:424$605'.
  created $dff cell `$procdff$957' with positive edge clock.
Creating register for signal `$paramod$dc25daec3dd8bd6d76b02d3c5368e2485052c5da\SharedDelayBuffer.\buf_im[13]' using process `$paramod$dc25daec3dd8bd6d76b02d3c5368e2485052c5da\SharedDelayBuffer.$proc$rtl/peweaver_shared_fft.v:424$605'.
  created $dff cell `$procdff$958' with positive edge clock.
Creating register for signal `$paramod$dc25daec3dd8bd6d76b02d3c5368e2485052c5da\SharedDelayBuffer.\buf_im[14]' using process `$paramod$dc25daec3dd8bd6d76b02d3c5368e2485052c5da\SharedDelayBuffer.$proc$rtl/peweaver_shared_fft.v:424$605'.
  created $dff cell `$procdff$959' with positive edge clock.
Creating register for signal `$paramod$dc25daec3dd8bd6d76b02d3c5368e2485052c5da\SharedDelayBuffer.\buf_im[15]' using process `$paramod$dc25daec3dd8bd6d76b02d3c5368e2485052c5da\SharedDelayBuffer.$proc$rtl/peweaver_shared_fft.v:424$605'.
  created $dff cell `$procdff$960' with positive edge clock.
Creating register for signal `$paramod$dc25daec3dd8bd6d76b02d3c5368e2485052c5da\SharedDelayBuffer.\buf_im[16]' using process `$paramod$dc25daec3dd8bd6d76b02d3c5368e2485052c5da\SharedDelayBuffer.$proc$rtl/peweaver_shared_fft.v:424$605'.
  created $dff cell `$procdff$961' with positive edge clock.
Creating register for signal `$paramod$dc25daec3dd8bd6d76b02d3c5368e2485052c5da\SharedDelayBuffer.\buf_im[17]' using process `$paramod$dc25daec3dd8bd6d76b02d3c5368e2485052c5da\SharedDelayBuffer.$proc$rtl/peweaver_shared_fft.v:424$605'.
  created $dff cell `$procdff$962' with positive edge clock.
Creating register for signal `$paramod$dc25daec3dd8bd6d76b02d3c5368e2485052c5da\SharedDelayBuffer.\buf_im[18]' using process `$paramod$dc25daec3dd8bd6d76b02d3c5368e2485052c5da\SharedDelayBuffer.$proc$rtl/peweaver_shared_fft.v:424$605'.
  created $dff cell `$procdff$963' with positive edge clock.
Creating register for signal `$paramod$dc25daec3dd8bd6d76b02d3c5368e2485052c5da\SharedDelayBuffer.\buf_im[19]' using process `$paramod$dc25daec3dd8bd6d76b02d3c5368e2485052c5da\SharedDelayBuffer.$proc$rtl/peweaver_shared_fft.v:424$605'.
  created $dff cell `$procdff$964' with positive edge clock.
Creating register for signal `$paramod$dc25daec3dd8bd6d76b02d3c5368e2485052c5da\SharedDelayBuffer.\buf_im[20]' using process `$paramod$dc25daec3dd8bd6d76b02d3c5368e2485052c5da\SharedDelayBuffer.$proc$rtl/peweaver_shared_fft.v:424$605'.
  created $dff cell `$procdff$965' with positive edge clock.
Creating register for signal `$paramod$dc25daec3dd8bd6d76b02d3c5368e2485052c5da\SharedDelayBuffer.\buf_im[21]' using process `$paramod$dc25daec3dd8bd6d76b02d3c5368e2485052c5da\SharedDelayBuffer.$proc$rtl/peweaver_shared_fft.v:424$605'.
  created $dff cell `$procdff$966' with positive edge clock.
Creating register for signal `$paramod$dc25daec3dd8bd6d76b02d3c5368e2485052c5da\SharedDelayBuffer.\buf_im[22]' using process `$paramod$dc25daec3dd8bd6d76b02d3c5368e2485052c5da\SharedDelayBuffer.$proc$rtl/peweaver_shared_fft.v:424$605'.
  created $dff cell `$procdff$967' with positive edge clock.
Creating register for signal `$paramod$dc25daec3dd8bd6d76b02d3c5368e2485052c5da\SharedDelayBuffer.\buf_im[23]' using process `$paramod$dc25daec3dd8bd6d76b02d3c5368e2485052c5da\SharedDelayBuffer.$proc$rtl/peweaver_shared_fft.v:424$605'.
  created $dff cell `$procdff$968' with positive edge clock.
Creating register for signal `$paramod$dc25daec3dd8bd6d76b02d3c5368e2485052c5da\SharedDelayBuffer.\buf_im[24]' using process `$paramod$dc25daec3dd8bd6d76b02d3c5368e2485052c5da\SharedDelayBuffer.$proc$rtl/peweaver_shared_fft.v:424$605'.
  created $dff cell `$procdff$969' with positive edge clock.
Creating register for signal `$paramod$dc25daec3dd8bd6d76b02d3c5368e2485052c5da\SharedDelayBuffer.\buf_im[25]' using process `$paramod$dc25daec3dd8bd6d76b02d3c5368e2485052c5da\SharedDelayBuffer.$proc$rtl/peweaver_shared_fft.v:424$605'.
  created $dff cell `$procdff$970' with positive edge clock.
Creating register for signal `$paramod$dc25daec3dd8bd6d76b02d3c5368e2485052c5da\SharedDelayBuffer.\buf_im[26]' using process `$paramod$dc25daec3dd8bd6d76b02d3c5368e2485052c5da\SharedDelayBuffer.$proc$rtl/peweaver_shared_fft.v:424$605'.
  created $dff cell `$procdff$971' with positive edge clock.
Creating register for signal `$paramod$dc25daec3dd8bd6d76b02d3c5368e2485052c5da\SharedDelayBuffer.\buf_im[27]' using process `$paramod$dc25daec3dd8bd6d76b02d3c5368e2485052c5da\SharedDelayBuffer.$proc$rtl/peweaver_shared_fft.v:424$605'.
  created $dff cell `$procdff$972' with positive edge clock.
Creating register for signal `$paramod$dc25daec3dd8bd6d76b02d3c5368e2485052c5da\SharedDelayBuffer.\buf_im[28]' using process `$paramod$dc25daec3dd8bd6d76b02d3c5368e2485052c5da\SharedDelayBuffer.$proc$rtl/peweaver_shared_fft.v:424$605'.
  created $dff cell `$procdff$973' with positive edge clock.
Creating register for signal `$paramod$dc25daec3dd8bd6d76b02d3c5368e2485052c5da\SharedDelayBuffer.\buf_im[29]' using process `$paramod$dc25daec3dd8bd6d76b02d3c5368e2485052c5da\SharedDelayBuffer.$proc$rtl/peweaver_shared_fft.v:424$605'.
  created $dff cell `$procdff$974' with positive edge clock.
Creating register for signal `$paramod$dc25daec3dd8bd6d76b02d3c5368e2485052c5da\SharedDelayBuffer.\buf_im[30]' using process `$paramod$dc25daec3dd8bd6d76b02d3c5368e2485052c5da\SharedDelayBuffer.$proc$rtl/peweaver_shared_fft.v:424$605'.
  created $dff cell `$procdff$975' with positive edge clock.
Creating register for signal `$paramod$dc25daec3dd8bd6d76b02d3c5368e2485052c5da\SharedDelayBuffer.\buf_im[31]' using process `$paramod$dc25daec3dd8bd6d76b02d3c5368e2485052c5da\SharedDelayBuffer.$proc$rtl/peweaver_shared_fft.v:424$605'.
  created $dff cell `$procdff$976' with positive edge clock.
Creating register for signal `$paramod$ddd1dbeb542b066b17317505cd6a065ae38cf366\SharedSdfUnit.\mu_do_en' using process `$paramod$ddd1dbeb542b066b17317505cd6a065ae38cf366\SharedSdfUnit.$proc$rtl/peweaver_shared_fft.v:387$585'.
  created $adff cell `$procdff$979' with positive edge clock and positive level reset.
Creating register for signal `$paramod$ddd1dbeb542b066b17317505cd6a065ae38cf366\SharedSdfUnit.\mu_do_re' using process `$paramod$ddd1dbeb542b066b17317505cd6a065ae38cf366\SharedSdfUnit.$proc$rtl/peweaver_shared_fft.v:382$582'.
  created $dff cell `$procdff$980' with positive edge clock.
Creating register for signal `$paramod$ddd1dbeb542b066b17317505cd6a065ae38cf366\SharedSdfUnit.\mu_do_im' using process `$paramod$ddd1dbeb542b066b17317505cd6a065ae38cf366\SharedSdfUnit.$proc$rtl/peweaver_shared_fft.v:382$582'.
  created $dff cell `$procdff$981' with positive edge clock.
Creating register for signal `$paramod$ddd1dbeb542b066b17317505cd6a065ae38cf366\SharedSdfUnit.\mu_en' using process `$paramod$ddd1dbeb542b066b17317505cd6a065ae38cf366\SharedSdfUnit.$proc$rtl/peweaver_shared_fft.v:360$580'.
  created $adff cell `$procdff$984' with positive edge clock and positive level reset.
Creating register for signal `$paramod$ddd1dbeb542b066b17317505cd6a065ae38cf366\SharedSdfUnit.\bf2_do_en' using process `$paramod$ddd1dbeb542b066b17317505cd6a065ae38cf366\SharedSdfUnit.$proc$rtl/peweaver_shared_fft.v:323$574'.
  created $adff cell `$procdff$987' with positive edge clock and positive level reset.
Creating register for signal `$paramod$ddd1dbeb542b066b17317505cd6a065ae38cf366\SharedSdfUnit.\bf2_do_re' using process `$paramod$ddd1dbeb542b066b17317505cd6a065ae38cf366\SharedSdfUnit.$proc$rtl/peweaver_shared_fft.v:318$573'.
  created $dff cell `$procdff$988' with positive edge clock.
Creating register for signal `$paramod$ddd1dbeb542b066b17317505cd6a065ae38cf366\SharedSdfUnit.\bf2_do_im' using process `$paramod$ddd1dbeb542b066b17317505cd6a065ae38cf366\SharedSdfUnit.$proc$rtl/peweaver_shared_fft.v:318$573'.
  created $dff cell `$procdff$989' with positive edge clock.
Creating register for signal `$paramod$ddd1dbeb542b066b17317505cd6a065ae38cf366\SharedSdfUnit.\bf2_sp_en' using process `$paramod$ddd1dbeb542b066b17317505cd6a065ae38cf366\SharedSdfUnit.$proc$rtl/peweaver_shared_fft.v:304$566'.
  created $adff cell `$procdff$992' with positive edge clock and positive level reset.
Creating register for signal `$paramod$ddd1dbeb542b066b17317505cd6a065ae38cf366\SharedSdfUnit.\bf2_count' using process `$paramod$ddd1dbeb542b066b17317505cd6a065ae38cf366\SharedSdfUnit.$proc$rtl/peweaver_shared_fft.v:304$566'.
  created $adff cell `$procdff$995' with positive edge clock and positive level reset.
Creating register for signal `$paramod$ddd1dbeb542b066b17317505cd6a065ae38cf366\SharedSdfUnit.\bf2_start' using process `$paramod$ddd1dbeb542b066b17317505cd6a065ae38cf366\SharedSdfUnit.$proc$rtl/peweaver_shared_fft.v:292$562'.
  created $adff cell `$procdff$998' with positive edge clock and positive level reset.
Creating register for signal `$paramod$ddd1dbeb542b066b17317505cd6a065ae38cf366\SharedSdfUnit.\bf2_bf' using process `$paramod$ddd1dbeb542b066b17317505cd6a065ae38cf366\SharedSdfUnit.$proc$rtl/peweaver_shared_fft.v:250$557'.
  created $adff cell `$procdff$1001' with positive edge clock and positive level reset.
Creating register for signal `$paramod$ddd1dbeb542b066b17317505cd6a065ae38cf366\SharedSdfUnit.\bf1_do_re' using process `$paramod$ddd1dbeb542b066b17317505cd6a065ae38cf366\SharedSdfUnit.$proc$rtl/peweaver_shared_fft.v:240$555'.
  created $dff cell `$procdff$1002' with positive edge clock.
Creating register for signal `$paramod$ddd1dbeb542b066b17317505cd6a065ae38cf366\SharedSdfUnit.\bf1_do_im' using process `$paramod$ddd1dbeb542b066b17317505cd6a065ae38cf366\SharedSdfUnit.$proc$rtl/peweaver_shared_fft.v:240$555'.
  created $dff cell `$procdff$1003' with positive edge clock.
Creating register for signal `$paramod$ddd1dbeb542b066b17317505cd6a065ae38cf366\SharedSdfUnit.\bf1_sp_en' using process `$paramod$ddd1dbeb542b066b17317505cd6a065ae38cf366\SharedSdfUnit.$proc$rtl/peweaver_shared_fft.v:222$541'.
  created $adff cell `$procdff$1006' with positive edge clock and positive level reset.
Creating register for signal `$paramod$ddd1dbeb542b066b17317505cd6a065ae38cf366\SharedSdfUnit.\bf1_count' using process `$paramod$ddd1dbeb542b066b17317505cd6a065ae38cf366\SharedSdfUnit.$proc$rtl/peweaver_shared_fft.v:222$541'.
  created $adff cell `$procdff$1009' with positive edge clock and positive level reset.
Creating register for signal `$paramod$ddd1dbeb542b066b17317505cd6a065ae38cf366\SharedSdfUnit.\di_count' using process `$paramod$ddd1dbeb542b066b17317505cd6a065ae38cf366\SharedSdfUnit.$proc$rtl/peweaver_shared_fft.v:176$531'.
  created $adff cell `$procdff$1012' with positive edge clock and positive level reset.
Creating register for signal `$paramod$8d11d99acb7471071f15885b81a84929edb08a8f\SharedSdfUnit.\mu_do_en' using process `$paramod$8d11d99acb7471071f15885b81a84929edb08a8f\SharedSdfUnit.$proc$rtl/peweaver_shared_fft.v:387$518'.
  created $adff cell `$procdff$1015' with positive edge clock and positive level reset.
Creating register for signal `$paramod$8d11d99acb7471071f15885b81a84929edb08a8f\SharedSdfUnit.\mu_do_re' using process `$paramod$8d11d99acb7471071f15885b81a84929edb08a8f\SharedSdfUnit.$proc$rtl/peweaver_shared_fft.v:382$515'.
  created $dff cell `$procdff$1016' with positive edge clock.
Creating register for signal `$paramod$8d11d99acb7471071f15885b81a84929edb08a8f\SharedSdfUnit.\mu_do_im' using process `$paramod$8d11d99acb7471071f15885b81a84929edb08a8f\SharedSdfUnit.$proc$rtl/peweaver_shared_fft.v:382$515'.
  created $dff cell `$procdff$1017' with positive edge clock.
Creating register for signal `$paramod$8d11d99acb7471071f15885b81a84929edb08a8f\SharedSdfUnit.\mu_en' using process `$paramod$8d11d99acb7471071f15885b81a84929edb08a8f\SharedSdfUnit.$proc$rtl/peweaver_shared_fft.v:360$513'.
  created $adff cell `$procdff$1020' with positive edge clock and positive level reset.
Creating register for signal `$paramod$8d11d99acb7471071f15885b81a84929edb08a8f\SharedSdfUnit.\bf2_do_en' using process `$paramod$8d11d99acb7471071f15885b81a84929edb08a8f\SharedSdfUnit.$proc$rtl/peweaver_shared_fft.v:323$507'.
  created $adff cell `$procdff$1023' with positive edge clock and positive level reset.
Creating register for signal `$paramod$8d11d99acb7471071f15885b81a84929edb08a8f\SharedSdfUnit.\bf2_do_re' using process `$paramod$8d11d99acb7471071f15885b81a84929edb08a8f\SharedSdfUnit.$proc$rtl/peweaver_shared_fft.v:318$506'.
  created $dff cell `$procdff$1024' with positive edge clock.
Creating register for signal `$paramod$8d11d99acb7471071f15885b81a84929edb08a8f\SharedSdfUnit.\bf2_do_im' using process `$paramod$8d11d99acb7471071f15885b81a84929edb08a8f\SharedSdfUnit.$proc$rtl/peweaver_shared_fft.v:318$506'.
  created $dff cell `$procdff$1025' with positive edge clock.
Creating register for signal `$paramod$8d11d99acb7471071f15885b81a84929edb08a8f\SharedSdfUnit.\bf2_sp_en' using process `$paramod$8d11d99acb7471071f15885b81a84929edb08a8f\SharedSdfUnit.$proc$rtl/peweaver_shared_fft.v:304$499'.
  created $adff cell `$procdff$1028' with positive edge clock and positive level reset.
Creating register for signal `$paramod$8d11d99acb7471071f15885b81a84929edb08a8f\SharedSdfUnit.\bf2_count' using process `$paramod$8d11d99acb7471071f15885b81a84929edb08a8f\SharedSdfUnit.$proc$rtl/peweaver_shared_fft.v:304$499'.
  created $adff cell `$procdff$1031' with positive edge clock and positive level reset.
Creating register for signal `$paramod$8d11d99acb7471071f15885b81a84929edb08a8f\SharedSdfUnit.\bf2_start' using process `$paramod$8d11d99acb7471071f15885b81a84929edb08a8f\SharedSdfUnit.$proc$rtl/peweaver_shared_fft.v:292$495'.
  created $adff cell `$procdff$1034' with positive edge clock and positive level reset.
Creating register for signal `$paramod$8d11d99acb7471071f15885b81a84929edb08a8f\SharedSdfUnit.\bf2_bf' using process `$paramod$8d11d99acb7471071f15885b81a84929edb08a8f\SharedSdfUnit.$proc$rtl/peweaver_shared_fft.v:250$490'.
  created $adff cell `$procdff$1037' with positive edge clock and positive level reset.
Creating register for signal `$paramod$8d11d99acb7471071f15885b81a84929edb08a8f\SharedSdfUnit.\bf1_do_re' using process `$paramod$8d11d99acb7471071f15885b81a84929edb08a8f\SharedSdfUnit.$proc$rtl/peweaver_shared_fft.v:240$488'.
  created $dff cell `$procdff$1038' with positive edge clock.
Creating register for signal `$paramod$8d11d99acb7471071f15885b81a84929edb08a8f\SharedSdfUnit.\bf1_do_im' using process `$paramod$8d11d99acb7471071f15885b81a84929edb08a8f\SharedSdfUnit.$proc$rtl/peweaver_shared_fft.v:240$488'.
  created $dff cell `$procdff$1039' with positive edge clock.
Creating register for signal `$paramod$8d11d99acb7471071f15885b81a84929edb08a8f\SharedSdfUnit.\bf1_sp_en' using process `$paramod$8d11d99acb7471071f15885b81a84929edb08a8f\SharedSdfUnit.$proc$rtl/peweaver_shared_fft.v:222$474'.
  created $adff cell `$procdff$1042' with positive edge clock and positive level reset.
Creating register for signal `$paramod$8d11d99acb7471071f15885b81a84929edb08a8f\SharedSdfUnit.\bf1_count' using process `$paramod$8d11d99acb7471071f15885b81a84929edb08a8f\SharedSdfUnit.$proc$rtl/peweaver_shared_fft.v:222$474'.
  created $adff cell `$procdff$1045' with positive edge clock and positive level reset.
Creating register for signal `$paramod$8d11d99acb7471071f15885b81a84929edb08a8f\SharedSdfUnit.\di_count' using process `$paramod$8d11d99acb7471071f15885b81a84929edb08a8f\SharedSdfUnit.$proc$rtl/peweaver_shared_fft.v:176$464'.
  created $adff cell `$procdff$1048' with positive edge clock and positive level reset.
Creating register for signal `$paramod$13c884fdcaf50f82d9759f7b9da10f470b3fe4f1\SharedSdfUnit.\mu_do_en' using process `$paramod$13c884fdcaf50f82d9759f7b9da10f470b3fe4f1\SharedSdfUnit.$proc$rtl/peweaver_shared_fft.v:387$451'.
  created $adff cell `$procdff$1051' with positive edge clock and positive level reset.
Creating register for signal `$paramod$13c884fdcaf50f82d9759f7b9da10f470b3fe4f1\SharedSdfUnit.\mu_do_re' using process `$paramod$13c884fdcaf50f82d9759f7b9da10f470b3fe4f1\SharedSdfUnit.$proc$rtl/peweaver_shared_fft.v:382$448'.
  created $dff cell `$procdff$1052' with positive edge clock.
Creating register for signal `$paramod$13c884fdcaf50f82d9759f7b9da10f470b3fe4f1\SharedSdfUnit.\mu_do_im' using process `$paramod$13c884fdcaf50f82d9759f7b9da10f470b3fe4f1\SharedSdfUnit.$proc$rtl/peweaver_shared_fft.v:382$448'.
  created $dff cell `$procdff$1053' with positive edge clock.
Creating register for signal `$paramod$13c884fdcaf50f82d9759f7b9da10f470b3fe4f1\SharedSdfUnit.\mu_en' using process `$paramod$13c884fdcaf50f82d9759f7b9da10f470b3fe4f1\SharedSdfUnit.$proc$rtl/peweaver_shared_fft.v:360$446'.
  created $adff cell `$procdff$1056' with positive edge clock and positive level reset.
Creating register for signal `$paramod$13c884fdcaf50f82d9759f7b9da10f470b3fe4f1\SharedSdfUnit.\bf2_do_en' using process `$paramod$13c884fdcaf50f82d9759f7b9da10f470b3fe4f1\SharedSdfUnit.$proc$rtl/peweaver_shared_fft.v:323$440'.
  created $adff cell `$procdff$1059' with positive edge clock and positive level reset.
Creating register for signal `$paramod$13c884fdcaf50f82d9759f7b9da10f470b3fe4f1\SharedSdfUnit.\bf2_do_re' using process `$paramod$13c884fdcaf50f82d9759f7b9da10f470b3fe4f1\SharedSdfUnit.$proc$rtl/peweaver_shared_fft.v:318$439'.
  created $dff cell `$procdff$1060' with positive edge clock.
Creating register for signal `$paramod$13c884fdcaf50f82d9759f7b9da10f470b3fe4f1\SharedSdfUnit.\bf2_do_im' using process `$paramod$13c884fdcaf50f82d9759f7b9da10f470b3fe4f1\SharedSdfUnit.$proc$rtl/peweaver_shared_fft.v:318$439'.
  created $dff cell `$procdff$1061' with positive edge clock.
Creating register for signal `$paramod$13c884fdcaf50f82d9759f7b9da10f470b3fe4f1\SharedSdfUnit.\bf2_sp_en' using process `$paramod$13c884fdcaf50f82d9759f7b9da10f470b3fe4f1\SharedSdfUnit.$proc$rtl/peweaver_shared_fft.v:304$432'.
  created $adff cell `$procdff$1064' with positive edge clock and positive level reset.
Creating register for signal `$paramod$13c884fdcaf50f82d9759f7b9da10f470b3fe4f1\SharedSdfUnit.\bf2_count' using process `$paramod$13c884fdcaf50f82d9759f7b9da10f470b3fe4f1\SharedSdfUnit.$proc$rtl/peweaver_shared_fft.v:304$432'.
  created $adff cell `$procdff$1067' with positive edge clock and positive level reset.
Creating register for signal `$paramod$13c884fdcaf50f82d9759f7b9da10f470b3fe4f1\SharedSdfUnit.\bf2_start' using process `$paramod$13c884fdcaf50f82d9759f7b9da10f470b3fe4f1\SharedSdfUnit.$proc$rtl/peweaver_shared_fft.v:292$428'.
  created $adff cell `$procdff$1070' with positive edge clock and positive level reset.
Creating register for signal `$paramod$13c884fdcaf50f82d9759f7b9da10f470b3fe4f1\SharedSdfUnit.\bf2_bf' using process `$paramod$13c884fdcaf50f82d9759f7b9da10f470b3fe4f1\SharedSdfUnit.$proc$rtl/peweaver_shared_fft.v:250$423'.
  created $adff cell `$procdff$1073' with positive edge clock and positive level reset.
Creating register for signal `$paramod$13c884fdcaf50f82d9759f7b9da10f470b3fe4f1\SharedSdfUnit.\bf1_do_re' using process `$paramod$13c884fdcaf50f82d9759f7b9da10f470b3fe4f1\SharedSdfUnit.$proc$rtl/peweaver_shared_fft.v:240$421'.
  created $dff cell `$procdff$1074' with positive edge clock.
Creating register for signal `$paramod$13c884fdcaf50f82d9759f7b9da10f470b3fe4f1\SharedSdfUnit.\bf1_do_im' using process `$paramod$13c884fdcaf50f82d9759f7b9da10f470b3fe4f1\SharedSdfUnit.$proc$rtl/peweaver_shared_fft.v:240$421'.
  created $dff cell `$procdff$1075' with positive edge clock.
Creating register for signal `$paramod$13c884fdcaf50f82d9759f7b9da10f470b3fe4f1\SharedSdfUnit.\bf1_sp_en' using process `$paramod$13c884fdcaf50f82d9759f7b9da10f470b3fe4f1\SharedSdfUnit.$proc$rtl/peweaver_shared_fft.v:222$407'.
  created $adff cell `$procdff$1078' with positive edge clock and positive level reset.
Creating register for signal `$paramod$13c884fdcaf50f82d9759f7b9da10f470b3fe4f1\SharedSdfUnit.\bf1_count' using process `$paramod$13c884fdcaf50f82d9759f7b9da10f470b3fe4f1\SharedSdfUnit.$proc$rtl/peweaver_shared_fft.v:222$407'.
  created $adff cell `$procdff$1081' with positive edge clock and positive level reset.
Creating register for signal `$paramod$13c884fdcaf50f82d9759f7b9da10f470b3fe4f1\SharedSdfUnit.\di_count' using process `$paramod$13c884fdcaf50f82d9759f7b9da10f470b3fe4f1\SharedSdfUnit.$proc$rtl/peweaver_shared_fft.v:176$397'.
  created $adff cell `$procdff$1084' with positive edge clock and positive level reset.
Creating register for signal `$paramod$acfde09421055442384df923236884512d648c66\SdfUnit2.\do_re' using process `$paramod$acfde09421055442384df923236884512d648c66\SdfUnit2.$proc$rtl/peweaver_shared_fft.v:520$393'.
  created $dff cell `$procdff$1085' with positive edge clock.
Creating register for signal `$paramod$acfde09421055442384df923236884512d648c66\SdfUnit2.\do_im' using process `$paramod$acfde09421055442384df923236884512d648c66\SdfUnit2.$proc$rtl/peweaver_shared_fft.v:520$393'.
  created $dff cell `$procdff$1086' with positive edge clock.
Creating register for signal `$paramod$acfde09421055442384df923236884512d648c66\SdfUnit2.\do_en' using process `$paramod$acfde09421055442384df923236884512d648c66\SdfUnit2.$proc$rtl/peweaver_shared_fft.v:510$392'.
  created $adff cell `$procdff$1089' with positive edge clock and positive level reset.
Creating register for signal `$paramod$acfde09421055442384df923236884512d648c66\SdfUnit2.\bf_sp_en' using process `$paramod$acfde09421055442384df923236884512d648c66\SdfUnit2.$proc$rtl/peweaver_shared_fft.v:510$392'.
  created $adff cell `$procdff$1092' with positive edge clock and positive level reset.
Creating register for signal `$paramod$acfde09421055442384df923236884512d648c66\SdfUnit2.\bf_en' using process `$paramod$acfde09421055442384df923236884512d648c66\SdfUnit2.$proc$rtl/peweaver_shared_fft.v:473$385'.
  created $adff cell `$procdff$1095' with positive edge clock and positive level reset.
Creating register for signal `$paramod\peweaver_shared_fft\WIDTH=s32'00000000000000000000000000010000.\mode_q' using process `$paramod\peweaver_shared_fft\WIDTH=s32'00000000000000000000000000010000.$proc$rtl/peweaver_shared_fft.v:25$378'.
  created $adff cell `$procdff$1098' with positive edge clock and positive level reset.
Creating register for signal `$paramod\peweaver_shared_fft\WIDTH=s32'00000000000000000000000000010000.\mode_locked' using process `$paramod\peweaver_shared_fft\WIDTH=s32'00000000000000000000000000010000.$proc$rtl/peweaver_shared_fft.v:25$378'.
  created $adff cell `$procdff$1101' with positive edge clock and positive level reset.
Creating register for signal `\Twiddle.\ff_re' using process `\Twiddle.$proc$rtl/peweaver_shared_fft.v:640$115'.
  created $dff cell `$procdff$1102' with positive edge clock.
Creating register for signal `\Twiddle.\ff_im' using process `\Twiddle.$proc$rtl/peweaver_shared_fft.v:640$115'.
  created $dff cell `$procdff$1103' with positive edge clock.
Creating register for signal `$paramod$91a3a7dbf4bfbd28b5b341fe20d9acb72db55de6\SharedDelayBuffer.\n' using process `$paramod$91a3a7dbf4bfbd28b5b341fe20d9acb72db55de6\SharedDelayBuffer.$proc$rtl/peweaver_shared_fft.v:424$645'.
  created $dff cell `$procdff$1104' with positive edge clock.
Creating register for signal `$paramod$91a3a7dbf4bfbd28b5b341fe20d9acb72db55de6\SharedDelayBuffer.\buf_re[0]' using process `$paramod$91a3a7dbf4bfbd28b5b341fe20d9acb72db55de6\SharedDelayBuffer.$proc$rtl/peweaver_shared_fft.v:424$645'.
  created $dff cell `$procdff$1105' with positive edge clock.
Creating register for signal `$paramod$91a3a7dbf4bfbd28b5b341fe20d9acb72db55de6\SharedDelayBuffer.\buf_re[1]' using process `$paramod$91a3a7dbf4bfbd28b5b341fe20d9acb72db55de6\SharedDelayBuffer.$proc$rtl/peweaver_shared_fft.v:424$645'.
  created $dff cell `$procdff$1106' with positive edge clock.
Creating register for signal `$paramod$91a3a7dbf4bfbd28b5b341fe20d9acb72db55de6\SharedDelayBuffer.\buf_re[2]' using process `$paramod$91a3a7dbf4bfbd28b5b341fe20d9acb72db55de6\SharedDelayBuffer.$proc$rtl/peweaver_shared_fft.v:424$645'.
  created $dff cell `$procdff$1107' with positive edge clock.
Creating register for signal `$paramod$91a3a7dbf4bfbd28b5b341fe20d9acb72db55de6\SharedDelayBuffer.\buf_re[3]' using process `$paramod$91a3a7dbf4bfbd28b5b341fe20d9acb72db55de6\SharedDelayBuffer.$proc$rtl/peweaver_shared_fft.v:424$645'.
  created $dff cell `$procdff$1108' with positive edge clock.
Creating register for signal `$paramod$91a3a7dbf4bfbd28b5b341fe20d9acb72db55de6\SharedDelayBuffer.\buf_re[4]' using process `$paramod$91a3a7dbf4bfbd28b5b341fe20d9acb72db55de6\SharedDelayBuffer.$proc$rtl/peweaver_shared_fft.v:424$645'.
  created $dff cell `$procdff$1109' with positive edge clock.
Creating register for signal `$paramod$91a3a7dbf4bfbd28b5b341fe20d9acb72db55de6\SharedDelayBuffer.\buf_re[5]' using process `$paramod$91a3a7dbf4bfbd28b5b341fe20d9acb72db55de6\SharedDelayBuffer.$proc$rtl/peweaver_shared_fft.v:424$645'.
  created $dff cell `$procdff$1110' with positive edge clock.
Creating register for signal `$paramod$91a3a7dbf4bfbd28b5b341fe20d9acb72db55de6\SharedDelayBuffer.\buf_re[6]' using process `$paramod$91a3a7dbf4bfbd28b5b341fe20d9acb72db55de6\SharedDelayBuffer.$proc$rtl/peweaver_shared_fft.v:424$645'.
  created $dff cell `$procdff$1111' with positive edge clock.
Creating register for signal `$paramod$91a3a7dbf4bfbd28b5b341fe20d9acb72db55de6\SharedDelayBuffer.\buf_re[7]' using process `$paramod$91a3a7dbf4bfbd28b5b341fe20d9acb72db55de6\SharedDelayBuffer.$proc$rtl/peweaver_shared_fft.v:424$645'.
  created $dff cell `$procdff$1112' with positive edge clock.
Creating register for signal `$paramod$91a3a7dbf4bfbd28b5b341fe20d9acb72db55de6\SharedDelayBuffer.\buf_re[8]' using process `$paramod$91a3a7dbf4bfbd28b5b341fe20d9acb72db55de6\SharedDelayBuffer.$proc$rtl/peweaver_shared_fft.v:424$645'.
  created $dff cell `$procdff$1113' with positive edge clock.
Creating register for signal `$paramod$91a3a7dbf4bfbd28b5b341fe20d9acb72db55de6\SharedDelayBuffer.\buf_re[9]' using process `$paramod$91a3a7dbf4bfbd28b5b341fe20d9acb72db55de6\SharedDelayBuffer.$proc$rtl/peweaver_shared_fft.v:424$645'.
  created $dff cell `$procdff$1114' with positive edge clock.
Creating register for signal `$paramod$91a3a7dbf4bfbd28b5b341fe20d9acb72db55de6\SharedDelayBuffer.\buf_re[10]' using process `$paramod$91a3a7dbf4bfbd28b5b341fe20d9acb72db55de6\SharedDelayBuffer.$proc$rtl/peweaver_shared_fft.v:424$645'.
  created $dff cell `$procdff$1115' with positive edge clock.
Creating register for signal `$paramod$91a3a7dbf4bfbd28b5b341fe20d9acb72db55de6\SharedDelayBuffer.\buf_re[11]' using process `$paramod$91a3a7dbf4bfbd28b5b341fe20d9acb72db55de6\SharedDelayBuffer.$proc$rtl/peweaver_shared_fft.v:424$645'.
  created $dff cell `$procdff$1116' with positive edge clock.
Creating register for signal `$paramod$91a3a7dbf4bfbd28b5b341fe20d9acb72db55de6\SharedDelayBuffer.\buf_re[12]' using process `$paramod$91a3a7dbf4bfbd28b5b341fe20d9acb72db55de6\SharedDelayBuffer.$proc$rtl/peweaver_shared_fft.v:424$645'.
  created $dff cell `$procdff$1117' with positive edge clock.
Creating register for signal `$paramod$91a3a7dbf4bfbd28b5b341fe20d9acb72db55de6\SharedDelayBuffer.\buf_re[13]' using process `$paramod$91a3a7dbf4bfbd28b5b341fe20d9acb72db55de6\SharedDelayBuffer.$proc$rtl/peweaver_shared_fft.v:424$645'.
  created $dff cell `$procdff$1118' with positive edge clock.
Creating register for signal `$paramod$91a3a7dbf4bfbd28b5b341fe20d9acb72db55de6\SharedDelayBuffer.\buf_re[14]' using process `$paramod$91a3a7dbf4bfbd28b5b341fe20d9acb72db55de6\SharedDelayBuffer.$proc$rtl/peweaver_shared_fft.v:424$645'.
  created $dff cell `$procdff$1119' with positive edge clock.
Creating register for signal `$paramod$91a3a7dbf4bfbd28b5b341fe20d9acb72db55de6\SharedDelayBuffer.\buf_re[15]' using process `$paramod$91a3a7dbf4bfbd28b5b341fe20d9acb72db55de6\SharedDelayBuffer.$proc$rtl/peweaver_shared_fft.v:424$645'.
  created $dff cell `$procdff$1120' with positive edge clock.
Creating register for signal `$paramod$91a3a7dbf4bfbd28b5b341fe20d9acb72db55de6\SharedDelayBuffer.\buf_im[0]' using process `$paramod$91a3a7dbf4bfbd28b5b341fe20d9acb72db55de6\SharedDelayBuffer.$proc$rtl/peweaver_shared_fft.v:424$645'.
  created $dff cell `$procdff$1121' with positive edge clock.
Creating register for signal `$paramod$91a3a7dbf4bfbd28b5b341fe20d9acb72db55de6\SharedDelayBuffer.\buf_im[1]' using process `$paramod$91a3a7dbf4bfbd28b5b341fe20d9acb72db55de6\SharedDelayBuffer.$proc$rtl/peweaver_shared_fft.v:424$645'.
  created $dff cell `$procdff$1122' with positive edge clock.
Creating register for signal `$paramod$91a3a7dbf4bfbd28b5b341fe20d9acb72db55de6\SharedDelayBuffer.\buf_im[2]' using process `$paramod$91a3a7dbf4bfbd28b5b341fe20d9acb72db55de6\SharedDelayBuffer.$proc$rtl/peweaver_shared_fft.v:424$645'.
  created $dff cell `$procdff$1123' with positive edge clock.
Creating register for signal `$paramod$91a3a7dbf4bfbd28b5b341fe20d9acb72db55de6\SharedDelayBuffer.\buf_im[3]' using process `$paramod$91a3a7dbf4bfbd28b5b341fe20d9acb72db55de6\SharedDelayBuffer.$proc$rtl/peweaver_shared_fft.v:424$645'.
  created $dff cell `$procdff$1124' with positive edge clock.
Creating register for signal `$paramod$91a3a7dbf4bfbd28b5b341fe20d9acb72db55de6\SharedDelayBuffer.\buf_im[4]' using process `$paramod$91a3a7dbf4bfbd28b5b341fe20d9acb72db55de6\SharedDelayBuffer.$proc$rtl/peweaver_shared_fft.v:424$645'.
  created $dff cell `$procdff$1125' with positive edge clock.
Creating register for signal `$paramod$91a3a7dbf4bfbd28b5b341fe20d9acb72db55de6\SharedDelayBuffer.\buf_im[5]' using process `$paramod$91a3a7dbf4bfbd28b5b341fe20d9acb72db55de6\SharedDelayBuffer.$proc$rtl/peweaver_shared_fft.v:424$645'.
  created $dff cell `$procdff$1126' with positive edge clock.
Creating register for signal `$paramod$91a3a7dbf4bfbd28b5b341fe20d9acb72db55de6\SharedDelayBuffer.\buf_im[6]' using process `$paramod$91a3a7dbf4bfbd28b5b341fe20d9acb72db55de6\SharedDelayBuffer.$proc$rtl/peweaver_shared_fft.v:424$645'.
  created $dff cell `$procdff$1127' with positive edge clock.
Creating register for signal `$paramod$91a3a7dbf4bfbd28b5b341fe20d9acb72db55de6\SharedDelayBuffer.\buf_im[7]' using process `$paramod$91a3a7dbf4bfbd28b5b341fe20d9acb72db55de6\SharedDelayBuffer.$proc$rtl/peweaver_shared_fft.v:424$645'.
  created $dff cell `$procdff$1128' with positive edge clock.
Creating register for signal `$paramod$91a3a7dbf4bfbd28b5b341fe20d9acb72db55de6\SharedDelayBuffer.\buf_im[8]' using process `$paramod$91a3a7dbf4bfbd28b5b341fe20d9acb72db55de6\SharedDelayBuffer.$proc$rtl/peweaver_shared_fft.v:424$645'.
  created $dff cell `$procdff$1129' with positive edge clock.
Creating register for signal `$paramod$91a3a7dbf4bfbd28b5b341fe20d9acb72db55de6\SharedDelayBuffer.\buf_im[9]' using process `$paramod$91a3a7dbf4bfbd28b5b341fe20d9acb72db55de6\SharedDelayBuffer.$proc$rtl/peweaver_shared_fft.v:424$645'.
  created $dff cell `$procdff$1130' with positive edge clock.
Creating register for signal `$paramod$91a3a7dbf4bfbd28b5b341fe20d9acb72db55de6\SharedDelayBuffer.\buf_im[10]' using process `$paramod$91a3a7dbf4bfbd28b5b341fe20d9acb72db55de6\SharedDelayBuffer.$proc$rtl/peweaver_shared_fft.v:424$645'.
  created $dff cell `$procdff$1131' with positive edge clock.
Creating register for signal `$paramod$91a3a7dbf4bfbd28b5b341fe20d9acb72db55de6\SharedDelayBuffer.\buf_im[11]' using process `$paramod$91a3a7dbf4bfbd28b5b341fe20d9acb72db55de6\SharedDelayBuffer.$proc$rtl/peweaver_shared_fft.v:424$645'.
  created $dff cell `$procdff$1132' with positive edge clock.
Creating register for signal `$paramod$91a3a7dbf4bfbd28b5b341fe20d9acb72db55de6\SharedDelayBuffer.\buf_im[12]' using process `$paramod$91a3a7dbf4bfbd28b5b341fe20d9acb72db55de6\SharedDelayBuffer.$proc$rtl/peweaver_shared_fft.v:424$645'.
  created $dff cell `$procdff$1133' with positive edge clock.
Creating register for signal `$paramod$91a3a7dbf4bfbd28b5b341fe20d9acb72db55de6\SharedDelayBuffer.\buf_im[13]' using process `$paramod$91a3a7dbf4bfbd28b5b341fe20d9acb72db55de6\SharedDelayBuffer.$proc$rtl/peweaver_shared_fft.v:424$645'.
  created $dff cell `$procdff$1134' with positive edge clock.
Creating register for signal `$paramod$91a3a7dbf4bfbd28b5b341fe20d9acb72db55de6\SharedDelayBuffer.\buf_im[14]' using process `$paramod$91a3a7dbf4bfbd28b5b341fe20d9acb72db55de6\SharedDelayBuffer.$proc$rtl/peweaver_shared_fft.v:424$645'.
  created $dff cell `$procdff$1135' with positive edge clock.
Creating register for signal `$paramod$91a3a7dbf4bfbd28b5b341fe20d9acb72db55de6\SharedDelayBuffer.\buf_im[15]' using process `$paramod$91a3a7dbf4bfbd28b5b341fe20d9acb72db55de6\SharedDelayBuffer.$proc$rtl/peweaver_shared_fft.v:424$645'.
  created $dff cell `$procdff$1136' with positive edge clock.
Creating register for signal `$paramod$bf4db1fd822cd1e8dfaa4dc2826349dab1ae0abc\SharedDelayBuffer.\n' using process `$paramod$bf4db1fd822cd1e8dfaa4dc2826349dab1ae0abc\SharedDelayBuffer.$proc$rtl/peweaver_shared_fft.v:424$642'.
  created $dff cell `$procdff$1137' with positive edge clock.
Creating register for signal `$paramod$bf4db1fd822cd1e8dfaa4dc2826349dab1ae0abc\SharedDelayBuffer.\buf_re[0]' using process `$paramod$bf4db1fd822cd1e8dfaa4dc2826349dab1ae0abc\SharedDelayBuffer.$proc$rtl/peweaver_shared_fft.v:424$642'.
  created $dff cell `$procdff$1138' with positive edge clock.
Creating register for signal `$paramod$bf4db1fd822cd1e8dfaa4dc2826349dab1ae0abc\SharedDelayBuffer.\buf_re[1]' using process `$paramod$bf4db1fd822cd1e8dfaa4dc2826349dab1ae0abc\SharedDelayBuffer.$proc$rtl/peweaver_shared_fft.v:424$642'.
  created $dff cell `$procdff$1139' with positive edge clock.
Creating register for signal `$paramod$bf4db1fd822cd1e8dfaa4dc2826349dab1ae0abc\SharedDelayBuffer.\buf_re[2]' using process `$paramod$bf4db1fd822cd1e8dfaa4dc2826349dab1ae0abc\SharedDelayBuffer.$proc$rtl/peweaver_shared_fft.v:424$642'.
  created $dff cell `$procdff$1140' with positive edge clock.
Creating register for signal `$paramod$bf4db1fd822cd1e8dfaa4dc2826349dab1ae0abc\SharedDelayBuffer.\buf_re[3]' using process `$paramod$bf4db1fd822cd1e8dfaa4dc2826349dab1ae0abc\SharedDelayBuffer.$proc$rtl/peweaver_shared_fft.v:424$642'.
  created $dff cell `$procdff$1141' with positive edge clock.
Creating register for signal `$paramod$bf4db1fd822cd1e8dfaa4dc2826349dab1ae0abc\SharedDelayBuffer.\buf_re[4]' using process `$paramod$bf4db1fd822cd1e8dfaa4dc2826349dab1ae0abc\SharedDelayBuffer.$proc$rtl/peweaver_shared_fft.v:424$642'.
  created $dff cell `$procdff$1142' with positive edge clock.
Creating register for signal `$paramod$bf4db1fd822cd1e8dfaa4dc2826349dab1ae0abc\SharedDelayBuffer.\buf_re[5]' using process `$paramod$bf4db1fd822cd1e8dfaa4dc2826349dab1ae0abc\SharedDelayBuffer.$proc$rtl/peweaver_shared_fft.v:424$642'.
  created $dff cell `$procdff$1143' with positive edge clock.
Creating register for signal `$paramod$bf4db1fd822cd1e8dfaa4dc2826349dab1ae0abc\SharedDelayBuffer.\buf_re[6]' using process `$paramod$bf4db1fd822cd1e8dfaa4dc2826349dab1ae0abc\SharedDelayBuffer.$proc$rtl/peweaver_shared_fft.v:424$642'.
  created $dff cell `$procdff$1144' with positive edge clock.
Creating register for signal `$paramod$bf4db1fd822cd1e8dfaa4dc2826349dab1ae0abc\SharedDelayBuffer.\buf_re[7]' using process `$paramod$bf4db1fd822cd1e8dfaa4dc2826349dab1ae0abc\SharedDelayBuffer.$proc$rtl/peweaver_shared_fft.v:424$642'.
  created $dff cell `$procdff$1145' with positive edge clock.
Creating register for signal `$paramod$bf4db1fd822cd1e8dfaa4dc2826349dab1ae0abc\SharedDelayBuffer.\buf_im[0]' using process `$paramod$bf4db1fd822cd1e8dfaa4dc2826349dab1ae0abc\SharedDelayBuffer.$proc$rtl/peweaver_shared_fft.v:424$642'.
  created $dff cell `$procdff$1146' with positive edge clock.
Creating register for signal `$paramod$bf4db1fd822cd1e8dfaa4dc2826349dab1ae0abc\SharedDelayBuffer.\buf_im[1]' using process `$paramod$bf4db1fd822cd1e8dfaa4dc2826349dab1ae0abc\SharedDelayBuffer.$proc$rtl/peweaver_shared_fft.v:424$642'.
  created $dff cell `$procdff$1147' with positive edge clock.
Creating register for signal `$paramod$bf4db1fd822cd1e8dfaa4dc2826349dab1ae0abc\SharedDelayBuffer.\buf_im[2]' using process `$paramod$bf4db1fd822cd1e8dfaa4dc2826349dab1ae0abc\SharedDelayBuffer.$proc$rtl/peweaver_shared_fft.v:424$642'.
  created $dff cell `$procdff$1148' with positive edge clock.
Creating register for signal `$paramod$bf4db1fd822cd1e8dfaa4dc2826349dab1ae0abc\SharedDelayBuffer.\buf_im[3]' using process `$paramod$bf4db1fd822cd1e8dfaa4dc2826349dab1ae0abc\SharedDelayBuffer.$proc$rtl/peweaver_shared_fft.v:424$642'.
  created $dff cell `$procdff$1149' with positive edge clock.
Creating register for signal `$paramod$bf4db1fd822cd1e8dfaa4dc2826349dab1ae0abc\SharedDelayBuffer.\buf_im[4]' using process `$paramod$bf4db1fd822cd1e8dfaa4dc2826349dab1ae0abc\SharedDelayBuffer.$proc$rtl/peweaver_shared_fft.v:424$642'.
  created $dff cell `$procdff$1150' with positive edge clock.
Creating register for signal `$paramod$bf4db1fd822cd1e8dfaa4dc2826349dab1ae0abc\SharedDelayBuffer.\buf_im[5]' using process `$paramod$bf4db1fd822cd1e8dfaa4dc2826349dab1ae0abc\SharedDelayBuffer.$proc$rtl/peweaver_shared_fft.v:424$642'.
  created $dff cell `$procdff$1151' with positive edge clock.
Creating register for signal `$paramod$bf4db1fd822cd1e8dfaa4dc2826349dab1ae0abc\SharedDelayBuffer.\buf_im[6]' using process `$paramod$bf4db1fd822cd1e8dfaa4dc2826349dab1ae0abc\SharedDelayBuffer.$proc$rtl/peweaver_shared_fft.v:424$642'.
  created $dff cell `$procdff$1152' with positive edge clock.
Creating register for signal `$paramod$bf4db1fd822cd1e8dfaa4dc2826349dab1ae0abc\SharedDelayBuffer.\buf_im[7]' using process `$paramod$bf4db1fd822cd1e8dfaa4dc2826349dab1ae0abc\SharedDelayBuffer.$proc$rtl/peweaver_shared_fft.v:424$642'.
  created $dff cell `$procdff$1153' with positive edge clock.
Creating register for signal `$paramod$88cd2ddfbb8184221d632f3c3d25c8d476256959\SharedDelayBuffer.\n' using process `$paramod$88cd2ddfbb8184221d632f3c3d25c8d476256959\SharedDelayBuffer.$proc$rtl/peweaver_shared_fft.v:424$639'.
  created $dff cell `$procdff$1154' with positive edge clock.
Creating register for signal `$paramod$88cd2ddfbb8184221d632f3c3d25c8d476256959\SharedDelayBuffer.\buf_re[0]' using process `$paramod$88cd2ddfbb8184221d632f3c3d25c8d476256959\SharedDelayBuffer.$proc$rtl/peweaver_shared_fft.v:424$639'.
  created $dff cell `$procdff$1155' with positive edge clock.
Creating register for signal `$paramod$88cd2ddfbb8184221d632f3c3d25c8d476256959\SharedDelayBuffer.\buf_re[1]' using process `$paramod$88cd2ddfbb8184221d632f3c3d25c8d476256959\SharedDelayBuffer.$proc$rtl/peweaver_shared_fft.v:424$639'.
  created $dff cell `$procdff$1156' with positive edge clock.
Creating register for signal `$paramod$88cd2ddfbb8184221d632f3c3d25c8d476256959\SharedDelayBuffer.\buf_re[2]' using process `$paramod$88cd2ddfbb8184221d632f3c3d25c8d476256959\SharedDelayBuffer.$proc$rtl/peweaver_shared_fft.v:424$639'.
  created $dff cell `$procdff$1157' with positive edge clock.
Creating register for signal `$paramod$88cd2ddfbb8184221d632f3c3d25c8d476256959\SharedDelayBuffer.\buf_re[3]' using process `$paramod$88cd2ddfbb8184221d632f3c3d25c8d476256959\SharedDelayBuffer.$proc$rtl/peweaver_shared_fft.v:424$639'.
  created $dff cell `$procdff$1158' with positive edge clock.
Creating register for signal `$paramod$88cd2ddfbb8184221d632f3c3d25c8d476256959\SharedDelayBuffer.\buf_im[0]' using process `$paramod$88cd2ddfbb8184221d632f3c3d25c8d476256959\SharedDelayBuffer.$proc$rtl/peweaver_shared_fft.v:424$639'.
  created $dff cell `$procdff$1159' with positive edge clock.
Creating register for signal `$paramod$88cd2ddfbb8184221d632f3c3d25c8d476256959\SharedDelayBuffer.\buf_im[1]' using process `$paramod$88cd2ddfbb8184221d632f3c3d25c8d476256959\SharedDelayBuffer.$proc$rtl/peweaver_shared_fft.v:424$639'.
  created $dff cell `$procdff$1160' with positive edge clock.
Creating register for signal `$paramod$88cd2ddfbb8184221d632f3c3d25c8d476256959\SharedDelayBuffer.\buf_im[2]' using process `$paramod$88cd2ddfbb8184221d632f3c3d25c8d476256959\SharedDelayBuffer.$proc$rtl/peweaver_shared_fft.v:424$639'.
  created $dff cell `$procdff$1161' with positive edge clock.
Creating register for signal `$paramod$88cd2ddfbb8184221d632f3c3d25c8d476256959\SharedDelayBuffer.\buf_im[3]' using process `$paramod$88cd2ddfbb8184221d632f3c3d25c8d476256959\SharedDelayBuffer.$proc$rtl/peweaver_shared_fft.v:424$639'.
  created $dff cell `$procdff$1162' with positive edge clock.
Creating register for signal `$paramod$3ebd556efa5e0b51800643ceec6809e07c210b5f\SharedDelayBuffer.\n' using process `$paramod$3ebd556efa5e0b51800643ceec6809e07c210b5f\SharedDelayBuffer.$proc$rtl/peweaver_shared_fft.v:424$636'.
  created $dff cell `$procdff$1163' with positive edge clock.
Creating register for signal `$paramod$3ebd556efa5e0b51800643ceec6809e07c210b5f\SharedDelayBuffer.\buf_re[0]' using process `$paramod$3ebd556efa5e0b51800643ceec6809e07c210b5f\SharedDelayBuffer.$proc$rtl/peweaver_shared_fft.v:424$636'.
  created $dff cell `$procdff$1164' with positive edge clock.
Creating register for signal `$paramod$3ebd556efa5e0b51800643ceec6809e07c210b5f\SharedDelayBuffer.\buf_re[1]' using process `$paramod$3ebd556efa5e0b51800643ceec6809e07c210b5f\SharedDelayBuffer.$proc$rtl/peweaver_shared_fft.v:424$636'.
  created $dff cell `$procdff$1165' with positive edge clock.
Creating register for signal `$paramod$3ebd556efa5e0b51800643ceec6809e07c210b5f\SharedDelayBuffer.\buf_im[0]' using process `$paramod$3ebd556efa5e0b51800643ceec6809e07c210b5f\SharedDelayBuffer.$proc$rtl/peweaver_shared_fft.v:424$636'.
  created $dff cell `$procdff$1166' with positive edge clock.
Creating register for signal `$paramod$3ebd556efa5e0b51800643ceec6809e07c210b5f\SharedDelayBuffer.\buf_im[1]' using process `$paramod$3ebd556efa5e0b51800643ceec6809e07c210b5f\SharedDelayBuffer.$proc$rtl/peweaver_shared_fft.v:424$636'.
  created $dff cell `$procdff$1167' with positive edge clock.
Creating register for signal `$paramod$17914cfb50699f154dc59f1c3f8fd47b6e195f44\DelayBuffer.\n' using process `$paramod$17914cfb50699f154dc59f1c3f8fd47b6e195f44\DelayBuffer.$proc$rtl/peweaver_shared_fft.v:546$635'.
  created $dff cell `$procdff$1168' with positive edge clock.
Creating register for signal `$paramod$17914cfb50699f154dc59f1c3f8fd47b6e195f44\DelayBuffer.\buf_re[0]' using process `$paramod$17914cfb50699f154dc59f1c3f8fd47b6e195f44\DelayBuffer.$proc$rtl/peweaver_shared_fft.v:546$635'.
  created $dff cell `$procdff$1169' with positive edge clock.
Creating register for signal `$paramod$17914cfb50699f154dc59f1c3f8fd47b6e195f44\DelayBuffer.\buf_im[0]' using process `$paramod$17914cfb50699f154dc59f1c3f8fd47b6e195f44\DelayBuffer.$proc$rtl/peweaver_shared_fft.v:546$635'.
  created $dff cell `$procdff$1170' with positive edge clock.
Creating register for signal `$paramod$661d166254ab1f10e4ab9fdc594a2d052f4530e3\SharedDelayBuffer.\n' using process `$paramod$661d166254ab1f10e4ab9fdc594a2d052f4530e3\SharedDelayBuffer.$proc$rtl/peweaver_shared_fft.v:424$620'.
  created $dff cell `$procdff$1171' with positive edge clock.
Creating register for signal `$paramod$661d166254ab1f10e4ab9fdc594a2d052f4530e3\SharedDelayBuffer.\buf_re[0]' using process `$paramod$661d166254ab1f10e4ab9fdc594a2d052f4530e3\SharedDelayBuffer.$proc$rtl/peweaver_shared_fft.v:424$620'.
  created $dff cell `$procdff$1172' with positive edge clock.
Creating register for signal `$paramod$661d166254ab1f10e4ab9fdc594a2d052f4530e3\SharedDelayBuffer.\buf_re[1]' using process `$paramod$661d166254ab1f10e4ab9fdc594a2d052f4530e3\SharedDelayBuffer.$proc$rtl/peweaver_shared_fft.v:424$620'.
  created $dff cell `$procdff$1173' with positive edge clock.
Creating register for signal `$paramod$661d166254ab1f10e4ab9fdc594a2d052f4530e3\SharedDelayBuffer.\buf_re[2]' using process `$paramod$661d166254ab1f10e4ab9fdc594a2d052f4530e3\SharedDelayBuffer.$proc$rtl/peweaver_shared_fft.v:424$620'.
  created $dff cell `$procdff$1174' with positive edge clock.
Creating register for signal `$paramod$661d166254ab1f10e4ab9fdc594a2d052f4530e3\SharedDelayBuffer.\buf_re[3]' using process `$paramod$661d166254ab1f10e4ab9fdc594a2d052f4530e3\SharedDelayBuffer.$proc$rtl/peweaver_shared_fft.v:424$620'.
  created $dff cell `$procdff$1175' with positive edge clock.
Creating register for signal `$paramod$661d166254ab1f10e4ab9fdc594a2d052f4530e3\SharedDelayBuffer.\buf_re[4]' using process `$paramod$661d166254ab1f10e4ab9fdc594a2d052f4530e3\SharedDelayBuffer.$proc$rtl/peweaver_shared_fft.v:424$620'.
  created $dff cell `$procdff$1176' with positive edge clock.
Creating register for signal `$paramod$661d166254ab1f10e4ab9fdc594a2d052f4530e3\SharedDelayBuffer.\buf_re[5]' using process `$paramod$661d166254ab1f10e4ab9fdc594a2d052f4530e3\SharedDelayBuffer.$proc$rtl/peweaver_shared_fft.v:424$620'.
  created $dff cell `$procdff$1177' with positive edge clock.
Creating register for signal `$paramod$661d166254ab1f10e4ab9fdc594a2d052f4530e3\SharedDelayBuffer.\buf_re[6]' using process `$paramod$661d166254ab1f10e4ab9fdc594a2d052f4530e3\SharedDelayBuffer.$proc$rtl/peweaver_shared_fft.v:424$620'.
  created $dff cell `$procdff$1178' with positive edge clock.
Creating register for signal `$paramod$661d166254ab1f10e4ab9fdc594a2d052f4530e3\SharedDelayBuffer.\buf_re[7]' using process `$paramod$661d166254ab1f10e4ab9fdc594a2d052f4530e3\SharedDelayBuffer.$proc$rtl/peweaver_shared_fft.v:424$620'.
  created $dff cell `$procdff$1179' with positive edge clock.
Creating register for signal `$paramod$661d166254ab1f10e4ab9fdc594a2d052f4530e3\SharedDelayBuffer.\buf_re[8]' using process `$paramod$661d166254ab1f10e4ab9fdc594a2d052f4530e3\SharedDelayBuffer.$proc$rtl/peweaver_shared_fft.v:424$620'.
  created $dff cell `$procdff$1180' with positive edge clock.
Creating register for signal `$paramod$661d166254ab1f10e4ab9fdc594a2d052f4530e3\SharedDelayBuffer.\buf_re[9]' using process `$paramod$661d166254ab1f10e4ab9fdc594a2d052f4530e3\SharedDelayBuffer.$proc$rtl/peweaver_shared_fft.v:424$620'.
  created $dff cell `$procdff$1181' with positive edge clock.
Creating register for signal `$paramod$661d166254ab1f10e4ab9fdc594a2d052f4530e3\SharedDelayBuffer.\buf_re[10]' using process `$paramod$661d166254ab1f10e4ab9fdc594a2d052f4530e3\SharedDelayBuffer.$proc$rtl/peweaver_shared_fft.v:424$620'.
  created $dff cell `$procdff$1182' with positive edge clock.
Creating register for signal `$paramod$661d166254ab1f10e4ab9fdc594a2d052f4530e3\SharedDelayBuffer.\buf_re[11]' using process `$paramod$661d166254ab1f10e4ab9fdc594a2d052f4530e3\SharedDelayBuffer.$proc$rtl/peweaver_shared_fft.v:424$620'.
  created $dff cell `$procdff$1183' with positive edge clock.
Creating register for signal `$paramod$661d166254ab1f10e4ab9fdc594a2d052f4530e3\SharedDelayBuffer.\buf_re[12]' using process `$paramod$661d166254ab1f10e4ab9fdc594a2d052f4530e3\SharedDelayBuffer.$proc$rtl/peweaver_shared_fft.v:424$620'.
  created $dff cell `$procdff$1184' with positive edge clock.
Creating register for signal `$paramod$661d166254ab1f10e4ab9fdc594a2d052f4530e3\SharedDelayBuffer.\buf_re[13]' using process `$paramod$661d166254ab1f10e4ab9fdc594a2d052f4530e3\SharedDelayBuffer.$proc$rtl/peweaver_shared_fft.v:424$620'.
  created $dff cell `$procdff$1185' with positive edge clock.
Creating register for signal `$paramod$661d166254ab1f10e4ab9fdc594a2d052f4530e3\SharedDelayBuffer.\buf_re[14]' using process `$paramod$661d166254ab1f10e4ab9fdc594a2d052f4530e3\SharedDelayBuffer.$proc$rtl/peweaver_shared_fft.v:424$620'.
  created $dff cell `$procdff$1186' with positive edge clock.
Creating register for signal `$paramod$661d166254ab1f10e4ab9fdc594a2d052f4530e3\SharedDelayBuffer.\buf_re[15]' using process `$paramod$661d166254ab1f10e4ab9fdc594a2d052f4530e3\SharedDelayBuffer.$proc$rtl/peweaver_shared_fft.v:424$620'.
  created $dff cell `$procdff$1187' with positive edge clock.
Creating register for signal `$paramod$661d166254ab1f10e4ab9fdc594a2d052f4530e3\SharedDelayBuffer.\buf_re[16]' using process `$paramod$661d166254ab1f10e4ab9fdc594a2d052f4530e3\SharedDelayBuffer.$proc$rtl/peweaver_shared_fft.v:424$620'.
  created $dff cell `$procdff$1188' with positive edge clock.
Creating register for signal `$paramod$661d166254ab1f10e4ab9fdc594a2d052f4530e3\SharedDelayBuffer.\buf_re[17]' using process `$paramod$661d166254ab1f10e4ab9fdc594a2d052f4530e3\SharedDelayBuffer.$proc$rtl/peweaver_shared_fft.v:424$620'.
  created $dff cell `$procdff$1189' with positive edge clock.
Creating register for signal `$paramod$661d166254ab1f10e4ab9fdc594a2d052f4530e3\SharedDelayBuffer.\buf_re[18]' using process `$paramod$661d166254ab1f10e4ab9fdc594a2d052f4530e3\SharedDelayBuffer.$proc$rtl/peweaver_shared_fft.v:424$620'.
  created $dff cell `$procdff$1190' with positive edge clock.
Creating register for signal `$paramod$661d166254ab1f10e4ab9fdc594a2d052f4530e3\SharedDelayBuffer.\buf_re[19]' using process `$paramod$661d166254ab1f10e4ab9fdc594a2d052f4530e3\SharedDelayBuffer.$proc$rtl/peweaver_shared_fft.v:424$620'.
  created $dff cell `$procdff$1191' with positive edge clock.
Creating register for signal `$paramod$661d166254ab1f10e4ab9fdc594a2d052f4530e3\SharedDelayBuffer.\buf_re[20]' using process `$paramod$661d166254ab1f10e4ab9fdc594a2d052f4530e3\SharedDelayBuffer.$proc$rtl/peweaver_shared_fft.v:424$620'.
  created $dff cell `$procdff$1192' with positive edge clock.
Creating register for signal `$paramod$661d166254ab1f10e4ab9fdc594a2d052f4530e3\SharedDelayBuffer.\buf_re[21]' using process `$paramod$661d166254ab1f10e4ab9fdc594a2d052f4530e3\SharedDelayBuffer.$proc$rtl/peweaver_shared_fft.v:424$620'.
  created $dff cell `$procdff$1193' with positive edge clock.
Creating register for signal `$paramod$661d166254ab1f10e4ab9fdc594a2d052f4530e3\SharedDelayBuffer.\buf_re[22]' using process `$paramod$661d166254ab1f10e4ab9fdc594a2d052f4530e3\SharedDelayBuffer.$proc$rtl/peweaver_shared_fft.v:424$620'.
  created $dff cell `$procdff$1194' with positive edge clock.
Creating register for signal `$paramod$661d166254ab1f10e4ab9fdc594a2d052f4530e3\SharedDelayBuffer.\buf_re[23]' using process `$paramod$661d166254ab1f10e4ab9fdc594a2d052f4530e3\SharedDelayBuffer.$proc$rtl/peweaver_shared_fft.v:424$620'.
  created $dff cell `$procdff$1195' with positive edge clock.
Creating register for signal `$paramod$661d166254ab1f10e4ab9fdc594a2d052f4530e3\SharedDelayBuffer.\buf_re[24]' using process `$paramod$661d166254ab1f10e4ab9fdc594a2d052f4530e3\SharedDelayBuffer.$proc$rtl/peweaver_shared_fft.v:424$620'.
  created $dff cell `$procdff$1196' with positive edge clock.
Creating register for signal `$paramod$661d166254ab1f10e4ab9fdc594a2d052f4530e3\SharedDelayBuffer.\buf_re[25]' using process `$paramod$661d166254ab1f10e4ab9fdc594a2d052f4530e3\SharedDelayBuffer.$proc$rtl/peweaver_shared_fft.v:424$620'.
  created $dff cell `$procdff$1197' with positive edge clock.
Creating register for signal `$paramod$661d166254ab1f10e4ab9fdc594a2d052f4530e3\SharedDelayBuffer.\buf_re[26]' using process `$paramod$661d166254ab1f10e4ab9fdc594a2d052f4530e3\SharedDelayBuffer.$proc$rtl/peweaver_shared_fft.v:424$620'.
  created $dff cell `$procdff$1198' with positive edge clock.
Creating register for signal `$paramod$661d166254ab1f10e4ab9fdc594a2d052f4530e3\SharedDelayBuffer.\buf_re[27]' using process `$paramod$661d166254ab1f10e4ab9fdc594a2d052f4530e3\SharedDelayBuffer.$proc$rtl/peweaver_shared_fft.v:424$620'.
  created $dff cell `$procdff$1199' with positive edge clock.
Creating register for signal `$paramod$661d166254ab1f10e4ab9fdc594a2d052f4530e3\SharedDelayBuffer.\buf_re[28]' using process `$paramod$661d166254ab1f10e4ab9fdc594a2d052f4530e3\SharedDelayBuffer.$proc$rtl/peweaver_shared_fft.v:424$620'.
  created $dff cell `$procdff$1200' with positive edge clock.
Creating register for signal `$paramod$661d166254ab1f10e4ab9fdc594a2d052f4530e3\SharedDelayBuffer.\buf_re[29]' using process `$paramod$661d166254ab1f10e4ab9fdc594a2d052f4530e3\SharedDelayBuffer.$proc$rtl/peweaver_shared_fft.v:424$620'.
  created $dff cell `$procdff$1201' with positive edge clock.
Creating register for signal `$paramod$661d166254ab1f10e4ab9fdc594a2d052f4530e3\SharedDelayBuffer.\buf_re[30]' using process `$paramod$661d166254ab1f10e4ab9fdc594a2d052f4530e3\SharedDelayBuffer.$proc$rtl/peweaver_shared_fft.v:424$620'.
  created $dff cell `$procdff$1202' with positive edge clock.
Creating register for signal `$paramod$661d166254ab1f10e4ab9fdc594a2d052f4530e3\SharedDelayBuffer.\buf_re[31]' using process `$paramod$661d166254ab1f10e4ab9fdc594a2d052f4530e3\SharedDelayBuffer.$proc$rtl/peweaver_shared_fft.v:424$620'.
  created $dff cell `$procdff$1203' with positive edge clock.
Creating register for signal `$paramod$661d166254ab1f10e4ab9fdc594a2d052f4530e3\SharedDelayBuffer.\buf_re[32]' using process `$paramod$661d166254ab1f10e4ab9fdc594a2d052f4530e3\SharedDelayBuffer.$proc$rtl/peweaver_shared_fft.v:424$620'.
  created $dff cell `$procdff$1204' with positive edge clock.
Creating register for signal `$paramod$661d166254ab1f10e4ab9fdc594a2d052f4530e3\SharedDelayBuffer.\buf_re[33]' using process `$paramod$661d166254ab1f10e4ab9fdc594a2d052f4530e3\SharedDelayBuffer.$proc$rtl/peweaver_shared_fft.v:424$620'.
  created $dff cell `$procdff$1205' with positive edge clock.
Creating register for signal `$paramod$661d166254ab1f10e4ab9fdc594a2d052f4530e3\SharedDelayBuffer.\buf_re[34]' using process `$paramod$661d166254ab1f10e4ab9fdc594a2d052f4530e3\SharedDelayBuffer.$proc$rtl/peweaver_shared_fft.v:424$620'.
  created $dff cell `$procdff$1206' with positive edge clock.
Creating register for signal `$paramod$661d166254ab1f10e4ab9fdc594a2d052f4530e3\SharedDelayBuffer.\buf_re[35]' using process `$paramod$661d166254ab1f10e4ab9fdc594a2d052f4530e3\SharedDelayBuffer.$proc$rtl/peweaver_shared_fft.v:424$620'.
  created $dff cell `$procdff$1207' with positive edge clock.
Creating register for signal `$paramod$661d166254ab1f10e4ab9fdc594a2d052f4530e3\SharedDelayBuffer.\buf_re[36]' using process `$paramod$661d166254ab1f10e4ab9fdc594a2d052f4530e3\SharedDelayBuffer.$proc$rtl/peweaver_shared_fft.v:424$620'.
  created $dff cell `$procdff$1208' with positive edge clock.
Creating register for signal `$paramod$661d166254ab1f10e4ab9fdc594a2d052f4530e3\SharedDelayBuffer.\buf_re[37]' using process `$paramod$661d166254ab1f10e4ab9fdc594a2d052f4530e3\SharedDelayBuffer.$proc$rtl/peweaver_shared_fft.v:424$620'.
  created $dff cell `$procdff$1209' with positive edge clock.
Creating register for signal `$paramod$661d166254ab1f10e4ab9fdc594a2d052f4530e3\SharedDelayBuffer.\buf_re[38]' using process `$paramod$661d166254ab1f10e4ab9fdc594a2d052f4530e3\SharedDelayBuffer.$proc$rtl/peweaver_shared_fft.v:424$620'.
  created $dff cell `$procdff$1210' with positive edge clock.
Creating register for signal `$paramod$661d166254ab1f10e4ab9fdc594a2d052f4530e3\SharedDelayBuffer.\buf_re[39]' using process `$paramod$661d166254ab1f10e4ab9fdc594a2d052f4530e3\SharedDelayBuffer.$proc$rtl/peweaver_shared_fft.v:424$620'.
  created $dff cell `$procdff$1211' with positive edge clock.
Creating register for signal `$paramod$661d166254ab1f10e4ab9fdc594a2d052f4530e3\SharedDelayBuffer.\buf_re[40]' using process `$paramod$661d166254ab1f10e4ab9fdc594a2d052f4530e3\SharedDelayBuffer.$proc$rtl/peweaver_shared_fft.v:424$620'.
  created $dff cell `$procdff$1212' with positive edge clock.
Creating register for signal `$paramod$661d166254ab1f10e4ab9fdc594a2d052f4530e3\SharedDelayBuffer.\buf_re[41]' using process `$paramod$661d166254ab1f10e4ab9fdc594a2d052f4530e3\SharedDelayBuffer.$proc$rtl/peweaver_shared_fft.v:424$620'.
  created $dff cell `$procdff$1213' with positive edge clock.
Creating register for signal `$paramod$661d166254ab1f10e4ab9fdc594a2d052f4530e3\SharedDelayBuffer.\buf_re[42]' using process `$paramod$661d166254ab1f10e4ab9fdc594a2d052f4530e3\SharedDelayBuffer.$proc$rtl/peweaver_shared_fft.v:424$620'.
  created $dff cell `$procdff$1214' with positive edge clock.
Creating register for signal `$paramod$661d166254ab1f10e4ab9fdc594a2d052f4530e3\SharedDelayBuffer.\buf_re[43]' using process `$paramod$661d166254ab1f10e4ab9fdc594a2d052f4530e3\SharedDelayBuffer.$proc$rtl/peweaver_shared_fft.v:424$620'.
  created $dff cell `$procdff$1215' with positive edge clock.
Creating register for signal `$paramod$661d166254ab1f10e4ab9fdc594a2d052f4530e3\SharedDelayBuffer.\buf_re[44]' using process `$paramod$661d166254ab1f10e4ab9fdc594a2d052f4530e3\SharedDelayBuffer.$proc$rtl/peweaver_shared_fft.v:424$620'.
  created $dff cell `$procdff$1216' with positive edge clock.
Creating register for signal `$paramod$661d166254ab1f10e4ab9fdc594a2d052f4530e3\SharedDelayBuffer.\buf_re[45]' using process `$paramod$661d166254ab1f10e4ab9fdc594a2d052f4530e3\SharedDelayBuffer.$proc$rtl/peweaver_shared_fft.v:424$620'.
  created $dff cell `$procdff$1217' with positive edge clock.
Creating register for signal `$paramod$661d166254ab1f10e4ab9fdc594a2d052f4530e3\SharedDelayBuffer.\buf_re[46]' using process `$paramod$661d166254ab1f10e4ab9fdc594a2d052f4530e3\SharedDelayBuffer.$proc$rtl/peweaver_shared_fft.v:424$620'.
  created $dff cell `$procdff$1218' with positive edge clock.
Creating register for signal `$paramod$661d166254ab1f10e4ab9fdc594a2d052f4530e3\SharedDelayBuffer.\buf_re[47]' using process `$paramod$661d166254ab1f10e4ab9fdc594a2d052f4530e3\SharedDelayBuffer.$proc$rtl/peweaver_shared_fft.v:424$620'.
  created $dff cell `$procdff$1219' with positive edge clock.
Creating register for signal `$paramod$661d166254ab1f10e4ab9fdc594a2d052f4530e3\SharedDelayBuffer.\buf_re[48]' using process `$paramod$661d166254ab1f10e4ab9fdc594a2d052f4530e3\SharedDelayBuffer.$proc$rtl/peweaver_shared_fft.v:424$620'.
  created $dff cell `$procdff$1220' with positive edge clock.
Creating register for signal `$paramod$661d166254ab1f10e4ab9fdc594a2d052f4530e3\SharedDelayBuffer.\buf_re[49]' using process `$paramod$661d166254ab1f10e4ab9fdc594a2d052f4530e3\SharedDelayBuffer.$proc$rtl/peweaver_shared_fft.v:424$620'.
  created $dff cell `$procdff$1221' with positive edge clock.
Creating register for signal `$paramod$661d166254ab1f10e4ab9fdc594a2d052f4530e3\SharedDelayBuffer.\buf_re[50]' using process `$paramod$661d166254ab1f10e4ab9fdc594a2d052f4530e3\SharedDelayBuffer.$proc$rtl/peweaver_shared_fft.v:424$620'.
  created $dff cell `$procdff$1222' with positive edge clock.
Creating register for signal `$paramod$661d166254ab1f10e4ab9fdc594a2d052f4530e3\SharedDelayBuffer.\buf_re[51]' using process `$paramod$661d166254ab1f10e4ab9fdc594a2d052f4530e3\SharedDelayBuffer.$proc$rtl/peweaver_shared_fft.v:424$620'.
  created $dff cell `$procdff$1223' with positive edge clock.
Creating register for signal `$paramod$661d166254ab1f10e4ab9fdc594a2d052f4530e3\SharedDelayBuffer.\buf_re[52]' using process `$paramod$661d166254ab1f10e4ab9fdc594a2d052f4530e3\SharedDelayBuffer.$proc$rtl/peweaver_shared_fft.v:424$620'.
  created $dff cell `$procdff$1224' with positive edge clock.
Creating register for signal `$paramod$661d166254ab1f10e4ab9fdc594a2d052f4530e3\SharedDelayBuffer.\buf_re[53]' using process `$paramod$661d166254ab1f10e4ab9fdc594a2d052f4530e3\SharedDelayBuffer.$proc$rtl/peweaver_shared_fft.v:424$620'.
  created $dff cell `$procdff$1225' with positive edge clock.
Creating register for signal `$paramod$661d166254ab1f10e4ab9fdc594a2d052f4530e3\SharedDelayBuffer.\buf_re[54]' using process `$paramod$661d166254ab1f10e4ab9fdc594a2d052f4530e3\SharedDelayBuffer.$proc$rtl/peweaver_shared_fft.v:424$620'.
  created $dff cell `$procdff$1226' with positive edge clock.
Creating register for signal `$paramod$661d166254ab1f10e4ab9fdc594a2d052f4530e3\SharedDelayBuffer.\buf_re[55]' using process `$paramod$661d166254ab1f10e4ab9fdc594a2d052f4530e3\SharedDelayBuffer.$proc$rtl/peweaver_shared_fft.v:424$620'.
  created $dff cell `$procdff$1227' with positive edge clock.
Creating register for signal `$paramod$661d166254ab1f10e4ab9fdc594a2d052f4530e3\SharedDelayBuffer.\buf_re[56]' using process `$paramod$661d166254ab1f10e4ab9fdc594a2d052f4530e3\SharedDelayBuffer.$proc$rtl/peweaver_shared_fft.v:424$620'.
  created $dff cell `$procdff$1228' with positive edge clock.
Creating register for signal `$paramod$661d166254ab1f10e4ab9fdc594a2d052f4530e3\SharedDelayBuffer.\buf_re[57]' using process `$paramod$661d166254ab1f10e4ab9fdc594a2d052f4530e3\SharedDelayBuffer.$proc$rtl/peweaver_shared_fft.v:424$620'.
  created $dff cell `$procdff$1229' with positive edge clock.
Creating register for signal `$paramod$661d166254ab1f10e4ab9fdc594a2d052f4530e3\SharedDelayBuffer.\buf_re[58]' using process `$paramod$661d166254ab1f10e4ab9fdc594a2d052f4530e3\SharedDelayBuffer.$proc$rtl/peweaver_shared_fft.v:424$620'.
  created $dff cell `$procdff$1230' with positive edge clock.
Creating register for signal `$paramod$661d166254ab1f10e4ab9fdc594a2d052f4530e3\SharedDelayBuffer.\buf_re[59]' using process `$paramod$661d166254ab1f10e4ab9fdc594a2d052f4530e3\SharedDelayBuffer.$proc$rtl/peweaver_shared_fft.v:424$620'.
  created $dff cell `$procdff$1231' with positive edge clock.
Creating register for signal `$paramod$661d166254ab1f10e4ab9fdc594a2d052f4530e3\SharedDelayBuffer.\buf_re[60]' using process `$paramod$661d166254ab1f10e4ab9fdc594a2d052f4530e3\SharedDelayBuffer.$proc$rtl/peweaver_shared_fft.v:424$620'.
  created $dff cell `$procdff$1232' with positive edge clock.
Creating register for signal `$paramod$661d166254ab1f10e4ab9fdc594a2d052f4530e3\SharedDelayBuffer.\buf_re[61]' using process `$paramod$661d166254ab1f10e4ab9fdc594a2d052f4530e3\SharedDelayBuffer.$proc$rtl/peweaver_shared_fft.v:424$620'.
  created $dff cell `$procdff$1233' with positive edge clock.
Creating register for signal `$paramod$661d166254ab1f10e4ab9fdc594a2d052f4530e3\SharedDelayBuffer.\buf_re[62]' using process `$paramod$661d166254ab1f10e4ab9fdc594a2d052f4530e3\SharedDelayBuffer.$proc$rtl/peweaver_shared_fft.v:424$620'.
  created $dff cell `$procdff$1234' with positive edge clock.
Creating register for signal `$paramod$661d166254ab1f10e4ab9fdc594a2d052f4530e3\SharedDelayBuffer.\buf_re[63]' using process `$paramod$661d166254ab1f10e4ab9fdc594a2d052f4530e3\SharedDelayBuffer.$proc$rtl/peweaver_shared_fft.v:424$620'.
  created $dff cell `$procdff$1235' with positive edge clock.
Creating register for signal `$paramod$661d166254ab1f10e4ab9fdc594a2d052f4530e3\SharedDelayBuffer.\buf_im[0]' using process `$paramod$661d166254ab1f10e4ab9fdc594a2d052f4530e3\SharedDelayBuffer.$proc$rtl/peweaver_shared_fft.v:424$620'.
  created $dff cell `$procdff$1236' with positive edge clock.
Creating register for signal `$paramod$661d166254ab1f10e4ab9fdc594a2d052f4530e3\SharedDelayBuffer.\buf_im[1]' using process `$paramod$661d166254ab1f10e4ab9fdc594a2d052f4530e3\SharedDelayBuffer.$proc$rtl/peweaver_shared_fft.v:424$620'.
  created $dff cell `$procdff$1237' with positive edge clock.
Creating register for signal `$paramod$661d166254ab1f10e4ab9fdc594a2d052f4530e3\SharedDelayBuffer.\buf_im[2]' using process `$paramod$661d166254ab1f10e4ab9fdc594a2d052f4530e3\SharedDelayBuffer.$proc$rtl/peweaver_shared_fft.v:424$620'.
  created $dff cell `$procdff$1238' with positive edge clock.
Creating register for signal `$paramod$661d166254ab1f10e4ab9fdc594a2d052f4530e3\SharedDelayBuffer.\buf_im[3]' using process `$paramod$661d166254ab1f10e4ab9fdc594a2d052f4530e3\SharedDelayBuffer.$proc$rtl/peweaver_shared_fft.v:424$620'.
  created $dff cell `$procdff$1239' with positive edge clock.
Creating register for signal `$paramod$661d166254ab1f10e4ab9fdc594a2d052f4530e3\SharedDelayBuffer.\buf_im[4]' using process `$paramod$661d166254ab1f10e4ab9fdc594a2d052f4530e3\SharedDelayBuffer.$proc$rtl/peweaver_shared_fft.v:424$620'.
  created $dff cell `$procdff$1240' with positive edge clock.
Creating register for signal `$paramod$661d166254ab1f10e4ab9fdc594a2d052f4530e3\SharedDelayBuffer.\buf_im[5]' using process `$paramod$661d166254ab1f10e4ab9fdc594a2d052f4530e3\SharedDelayBuffer.$proc$rtl/peweaver_shared_fft.v:424$620'.
  created $dff cell `$procdff$1241' with positive edge clock.
Creating register for signal `$paramod$661d166254ab1f10e4ab9fdc594a2d052f4530e3\SharedDelayBuffer.\buf_im[6]' using process `$paramod$661d166254ab1f10e4ab9fdc594a2d052f4530e3\SharedDelayBuffer.$proc$rtl/peweaver_shared_fft.v:424$620'.
  created $dff cell `$procdff$1242' with positive edge clock.
Creating register for signal `$paramod$661d166254ab1f10e4ab9fdc594a2d052f4530e3\SharedDelayBuffer.\buf_im[7]' using process `$paramod$661d166254ab1f10e4ab9fdc594a2d052f4530e3\SharedDelayBuffer.$proc$rtl/peweaver_shared_fft.v:424$620'.
  created $dff cell `$procdff$1243' with positive edge clock.
Creating register for signal `$paramod$661d166254ab1f10e4ab9fdc594a2d052f4530e3\SharedDelayBuffer.\buf_im[8]' using process `$paramod$661d166254ab1f10e4ab9fdc594a2d052f4530e3\SharedDelayBuffer.$proc$rtl/peweaver_shared_fft.v:424$620'.
  created $dff cell `$procdff$1244' with positive edge clock.
Creating register for signal `$paramod$661d166254ab1f10e4ab9fdc594a2d052f4530e3\SharedDelayBuffer.\buf_im[9]' using process `$paramod$661d166254ab1f10e4ab9fdc594a2d052f4530e3\SharedDelayBuffer.$proc$rtl/peweaver_shared_fft.v:424$620'.
  created $dff cell `$procdff$1245' with positive edge clock.
Creating register for signal `$paramod$661d166254ab1f10e4ab9fdc594a2d052f4530e3\SharedDelayBuffer.\buf_im[10]' using process `$paramod$661d166254ab1f10e4ab9fdc594a2d052f4530e3\SharedDelayBuffer.$proc$rtl/peweaver_shared_fft.v:424$620'.
  created $dff cell `$procdff$1246' with positive edge clock.
Creating register for signal `$paramod$661d166254ab1f10e4ab9fdc594a2d052f4530e3\SharedDelayBuffer.\buf_im[11]' using process `$paramod$661d166254ab1f10e4ab9fdc594a2d052f4530e3\SharedDelayBuffer.$proc$rtl/peweaver_shared_fft.v:424$620'.
  created $dff cell `$procdff$1247' with positive edge clock.
Creating register for signal `$paramod$661d166254ab1f10e4ab9fdc594a2d052f4530e3\SharedDelayBuffer.\buf_im[12]' using process `$paramod$661d166254ab1f10e4ab9fdc594a2d052f4530e3\SharedDelayBuffer.$proc$rtl/peweaver_shared_fft.v:424$620'.
  created $dff cell `$procdff$1248' with positive edge clock.
Creating register for signal `$paramod$661d166254ab1f10e4ab9fdc594a2d052f4530e3\SharedDelayBuffer.\buf_im[13]' using process `$paramod$661d166254ab1f10e4ab9fdc594a2d052f4530e3\SharedDelayBuffer.$proc$rtl/peweaver_shared_fft.v:424$620'.
  created $dff cell `$procdff$1249' with positive edge clock.
Creating register for signal `$paramod$661d166254ab1f10e4ab9fdc594a2d052f4530e3\SharedDelayBuffer.\buf_im[14]' using process `$paramod$661d166254ab1f10e4ab9fdc594a2d052f4530e3\SharedDelayBuffer.$proc$rtl/peweaver_shared_fft.v:424$620'.
  created $dff cell `$procdff$1250' with positive edge clock.
Creating register for signal `$paramod$661d166254ab1f10e4ab9fdc594a2d052f4530e3\SharedDelayBuffer.\buf_im[15]' using process `$paramod$661d166254ab1f10e4ab9fdc594a2d052f4530e3\SharedDelayBuffer.$proc$rtl/peweaver_shared_fft.v:424$620'.
  created $dff cell `$procdff$1251' with positive edge clock.
Creating register for signal `$paramod$661d166254ab1f10e4ab9fdc594a2d052f4530e3\SharedDelayBuffer.\buf_im[16]' using process `$paramod$661d166254ab1f10e4ab9fdc594a2d052f4530e3\SharedDelayBuffer.$proc$rtl/peweaver_shared_fft.v:424$620'.
  created $dff cell `$procdff$1252' with positive edge clock.
Creating register for signal `$paramod$661d166254ab1f10e4ab9fdc594a2d052f4530e3\SharedDelayBuffer.\buf_im[17]' using process `$paramod$661d166254ab1f10e4ab9fdc594a2d052f4530e3\SharedDelayBuffer.$proc$rtl/peweaver_shared_fft.v:424$620'.
  created $dff cell `$procdff$1253' with positive edge clock.
Creating register for signal `$paramod$661d166254ab1f10e4ab9fdc594a2d052f4530e3\SharedDelayBuffer.\buf_im[18]' using process `$paramod$661d166254ab1f10e4ab9fdc594a2d052f4530e3\SharedDelayBuffer.$proc$rtl/peweaver_shared_fft.v:424$620'.
  created $dff cell `$procdff$1254' with positive edge clock.
Creating register for signal `$paramod$661d166254ab1f10e4ab9fdc594a2d052f4530e3\SharedDelayBuffer.\buf_im[19]' using process `$paramod$661d166254ab1f10e4ab9fdc594a2d052f4530e3\SharedDelayBuffer.$proc$rtl/peweaver_shared_fft.v:424$620'.
  created $dff cell `$procdff$1255' with positive edge clock.
Creating register for signal `$paramod$661d166254ab1f10e4ab9fdc594a2d052f4530e3\SharedDelayBuffer.\buf_im[20]' using process `$paramod$661d166254ab1f10e4ab9fdc594a2d052f4530e3\SharedDelayBuffer.$proc$rtl/peweaver_shared_fft.v:424$620'.
  created $dff cell `$procdff$1256' with positive edge clock.
Creating register for signal `$paramod$661d166254ab1f10e4ab9fdc594a2d052f4530e3\SharedDelayBuffer.\buf_im[21]' using process `$paramod$661d166254ab1f10e4ab9fdc594a2d052f4530e3\SharedDelayBuffer.$proc$rtl/peweaver_shared_fft.v:424$620'.
  created $dff cell `$procdff$1257' with positive edge clock.
Creating register for signal `$paramod$661d166254ab1f10e4ab9fdc594a2d052f4530e3\SharedDelayBuffer.\buf_im[22]' using process `$paramod$661d166254ab1f10e4ab9fdc594a2d052f4530e3\SharedDelayBuffer.$proc$rtl/peweaver_shared_fft.v:424$620'.
  created $dff cell `$procdff$1258' with positive edge clock.
Creating register for signal `$paramod$661d166254ab1f10e4ab9fdc594a2d052f4530e3\SharedDelayBuffer.\buf_im[23]' using process `$paramod$661d166254ab1f10e4ab9fdc594a2d052f4530e3\SharedDelayBuffer.$proc$rtl/peweaver_shared_fft.v:424$620'.
  created $dff cell `$procdff$1259' with positive edge clock.
Creating register for signal `$paramod$661d166254ab1f10e4ab9fdc594a2d052f4530e3\SharedDelayBuffer.\buf_im[24]' using process `$paramod$661d166254ab1f10e4ab9fdc594a2d052f4530e3\SharedDelayBuffer.$proc$rtl/peweaver_shared_fft.v:424$620'.
  created $dff cell `$procdff$1260' with positive edge clock.
Creating register for signal `$paramod$661d166254ab1f10e4ab9fdc594a2d052f4530e3\SharedDelayBuffer.\buf_im[25]' using process `$paramod$661d166254ab1f10e4ab9fdc594a2d052f4530e3\SharedDelayBuffer.$proc$rtl/peweaver_shared_fft.v:424$620'.
  created $dff cell `$procdff$1261' with positive edge clock.
Creating register for signal `$paramod$661d166254ab1f10e4ab9fdc594a2d052f4530e3\SharedDelayBuffer.\buf_im[26]' using process `$paramod$661d166254ab1f10e4ab9fdc594a2d052f4530e3\SharedDelayBuffer.$proc$rtl/peweaver_shared_fft.v:424$620'.
  created $dff cell `$procdff$1262' with positive edge clock.
Creating register for signal `$paramod$661d166254ab1f10e4ab9fdc594a2d052f4530e3\SharedDelayBuffer.\buf_im[27]' using process `$paramod$661d166254ab1f10e4ab9fdc594a2d052f4530e3\SharedDelayBuffer.$proc$rtl/peweaver_shared_fft.v:424$620'.
  created $dff cell `$procdff$1263' with positive edge clock.
Creating register for signal `$paramod$661d166254ab1f10e4ab9fdc594a2d052f4530e3\SharedDelayBuffer.\buf_im[28]' using process `$paramod$661d166254ab1f10e4ab9fdc594a2d052f4530e3\SharedDelayBuffer.$proc$rtl/peweaver_shared_fft.v:424$620'.
  created $dff cell `$procdff$1264' with positive edge clock.
Creating register for signal `$paramod$661d166254ab1f10e4ab9fdc594a2d052f4530e3\SharedDelayBuffer.\buf_im[29]' using process `$paramod$661d166254ab1f10e4ab9fdc594a2d052f4530e3\SharedDelayBuffer.$proc$rtl/peweaver_shared_fft.v:424$620'.
  created $dff cell `$procdff$1265' with positive edge clock.
Creating register for signal `$paramod$661d166254ab1f10e4ab9fdc594a2d052f4530e3\SharedDelayBuffer.\buf_im[30]' using process `$paramod$661d166254ab1f10e4ab9fdc594a2d052f4530e3\SharedDelayBuffer.$proc$rtl/peweaver_shared_fft.v:424$620'.
  created $dff cell `$procdff$1266' with positive edge clock.
Creating register for signal `$paramod$661d166254ab1f10e4ab9fdc594a2d052f4530e3\SharedDelayBuffer.\buf_im[31]' using process `$paramod$661d166254ab1f10e4ab9fdc594a2d052f4530e3\SharedDelayBuffer.$proc$rtl/peweaver_shared_fft.v:424$620'.
  created $dff cell `$procdff$1267' with positive edge clock.
Creating register for signal `$paramod$661d166254ab1f10e4ab9fdc594a2d052f4530e3\SharedDelayBuffer.\buf_im[32]' using process `$paramod$661d166254ab1f10e4ab9fdc594a2d052f4530e3\SharedDelayBuffer.$proc$rtl/peweaver_shared_fft.v:424$620'.
  created $dff cell `$procdff$1268' with positive edge clock.
Creating register for signal `$paramod$661d166254ab1f10e4ab9fdc594a2d052f4530e3\SharedDelayBuffer.\buf_im[33]' using process `$paramod$661d166254ab1f10e4ab9fdc594a2d052f4530e3\SharedDelayBuffer.$proc$rtl/peweaver_shared_fft.v:424$620'.
  created $dff cell `$procdff$1269' with positive edge clock.
Creating register for signal `$paramod$661d166254ab1f10e4ab9fdc594a2d052f4530e3\SharedDelayBuffer.\buf_im[34]' using process `$paramod$661d166254ab1f10e4ab9fdc594a2d052f4530e3\SharedDelayBuffer.$proc$rtl/peweaver_shared_fft.v:424$620'.
  created $dff cell `$procdff$1270' with positive edge clock.
Creating register for signal `$paramod$661d166254ab1f10e4ab9fdc594a2d052f4530e3\SharedDelayBuffer.\buf_im[35]' using process `$paramod$661d166254ab1f10e4ab9fdc594a2d052f4530e3\SharedDelayBuffer.$proc$rtl/peweaver_shared_fft.v:424$620'.
  created $dff cell `$procdff$1271' with positive edge clock.
Creating register for signal `$paramod$661d166254ab1f10e4ab9fdc594a2d052f4530e3\SharedDelayBuffer.\buf_im[36]' using process `$paramod$661d166254ab1f10e4ab9fdc594a2d052f4530e3\SharedDelayBuffer.$proc$rtl/peweaver_shared_fft.v:424$620'.
  created $dff cell `$procdff$1272' with positive edge clock.
Creating register for signal `$paramod$661d166254ab1f10e4ab9fdc594a2d052f4530e3\SharedDelayBuffer.\buf_im[37]' using process `$paramod$661d166254ab1f10e4ab9fdc594a2d052f4530e3\SharedDelayBuffer.$proc$rtl/peweaver_shared_fft.v:424$620'.
  created $dff cell `$procdff$1273' with positive edge clock.
Creating register for signal `$paramod$661d166254ab1f10e4ab9fdc594a2d052f4530e3\SharedDelayBuffer.\buf_im[38]' using process `$paramod$661d166254ab1f10e4ab9fdc594a2d052f4530e3\SharedDelayBuffer.$proc$rtl/peweaver_shared_fft.v:424$620'.
  created $dff cell `$procdff$1274' with positive edge clock.
Creating register for signal `$paramod$661d166254ab1f10e4ab9fdc594a2d052f4530e3\SharedDelayBuffer.\buf_im[39]' using process `$paramod$661d166254ab1f10e4ab9fdc594a2d052f4530e3\SharedDelayBuffer.$proc$rtl/peweaver_shared_fft.v:424$620'.
  created $dff cell `$procdff$1275' with positive edge clock.
Creating register for signal `$paramod$661d166254ab1f10e4ab9fdc594a2d052f4530e3\SharedDelayBuffer.\buf_im[40]' using process `$paramod$661d166254ab1f10e4ab9fdc594a2d052f4530e3\SharedDelayBuffer.$proc$rtl/peweaver_shared_fft.v:424$620'.
  created $dff cell `$procdff$1276' with positive edge clock.
Creating register for signal `$paramod$661d166254ab1f10e4ab9fdc594a2d052f4530e3\SharedDelayBuffer.\buf_im[41]' using process `$paramod$661d166254ab1f10e4ab9fdc594a2d052f4530e3\SharedDelayBuffer.$proc$rtl/peweaver_shared_fft.v:424$620'.
  created $dff cell `$procdff$1277' with positive edge clock.
Creating register for signal `$paramod$661d166254ab1f10e4ab9fdc594a2d052f4530e3\SharedDelayBuffer.\buf_im[42]' using process `$paramod$661d166254ab1f10e4ab9fdc594a2d052f4530e3\SharedDelayBuffer.$proc$rtl/peweaver_shared_fft.v:424$620'.
  created $dff cell `$procdff$1278' with positive edge clock.
Creating register for signal `$paramod$661d166254ab1f10e4ab9fdc594a2d052f4530e3\SharedDelayBuffer.\buf_im[43]' using process `$paramod$661d166254ab1f10e4ab9fdc594a2d052f4530e3\SharedDelayBuffer.$proc$rtl/peweaver_shared_fft.v:424$620'.
  created $dff cell `$procdff$1279' with positive edge clock.
Creating register for signal `$paramod$661d166254ab1f10e4ab9fdc594a2d052f4530e3\SharedDelayBuffer.\buf_im[44]' using process `$paramod$661d166254ab1f10e4ab9fdc594a2d052f4530e3\SharedDelayBuffer.$proc$rtl/peweaver_shared_fft.v:424$620'.
  created $dff cell `$procdff$1280' with positive edge clock.
Creating register for signal `$paramod$661d166254ab1f10e4ab9fdc594a2d052f4530e3\SharedDelayBuffer.\buf_im[45]' using process `$paramod$661d166254ab1f10e4ab9fdc594a2d052f4530e3\SharedDelayBuffer.$proc$rtl/peweaver_shared_fft.v:424$620'.
  created $dff cell `$procdff$1281' with positive edge clock.
Creating register for signal `$paramod$661d166254ab1f10e4ab9fdc594a2d052f4530e3\SharedDelayBuffer.\buf_im[46]' using process `$paramod$661d166254ab1f10e4ab9fdc594a2d052f4530e3\SharedDelayBuffer.$proc$rtl/peweaver_shared_fft.v:424$620'.
  created $dff cell `$procdff$1282' with positive edge clock.
Creating register for signal `$paramod$661d166254ab1f10e4ab9fdc594a2d052f4530e3\SharedDelayBuffer.\buf_im[47]' using process `$paramod$661d166254ab1f10e4ab9fdc594a2d052f4530e3\SharedDelayBuffer.$proc$rtl/peweaver_shared_fft.v:424$620'.
  created $dff cell `$procdff$1283' with positive edge clock.
Creating register for signal `$paramod$661d166254ab1f10e4ab9fdc594a2d052f4530e3\SharedDelayBuffer.\buf_im[48]' using process `$paramod$661d166254ab1f10e4ab9fdc594a2d052f4530e3\SharedDelayBuffer.$proc$rtl/peweaver_shared_fft.v:424$620'.
  created $dff cell `$procdff$1284' with positive edge clock.
Creating register for signal `$paramod$661d166254ab1f10e4ab9fdc594a2d052f4530e3\SharedDelayBuffer.\buf_im[49]' using process `$paramod$661d166254ab1f10e4ab9fdc594a2d052f4530e3\SharedDelayBuffer.$proc$rtl/peweaver_shared_fft.v:424$620'.
  created $dff cell `$procdff$1285' with positive edge clock.
Creating register for signal `$paramod$661d166254ab1f10e4ab9fdc594a2d052f4530e3\SharedDelayBuffer.\buf_im[50]' using process `$paramod$661d166254ab1f10e4ab9fdc594a2d052f4530e3\SharedDelayBuffer.$proc$rtl/peweaver_shared_fft.v:424$620'.
  created $dff cell `$procdff$1286' with positive edge clock.
Creating register for signal `$paramod$661d166254ab1f10e4ab9fdc594a2d052f4530e3\SharedDelayBuffer.\buf_im[51]' using process `$paramod$661d166254ab1f10e4ab9fdc594a2d052f4530e3\SharedDelayBuffer.$proc$rtl/peweaver_shared_fft.v:424$620'.
  created $dff cell `$procdff$1287' with positive edge clock.
Creating register for signal `$paramod$661d166254ab1f10e4ab9fdc594a2d052f4530e3\SharedDelayBuffer.\buf_im[52]' using process `$paramod$661d166254ab1f10e4ab9fdc594a2d052f4530e3\SharedDelayBuffer.$proc$rtl/peweaver_shared_fft.v:424$620'.
  created $dff cell `$procdff$1288' with positive edge clock.
Creating register for signal `$paramod$661d166254ab1f10e4ab9fdc594a2d052f4530e3\SharedDelayBuffer.\buf_im[53]' using process `$paramod$661d166254ab1f10e4ab9fdc594a2d052f4530e3\SharedDelayBuffer.$proc$rtl/peweaver_shared_fft.v:424$620'.
  created $dff cell `$procdff$1289' with positive edge clock.
Creating register for signal `$paramod$661d166254ab1f10e4ab9fdc594a2d052f4530e3\SharedDelayBuffer.\buf_im[54]' using process `$paramod$661d166254ab1f10e4ab9fdc594a2d052f4530e3\SharedDelayBuffer.$proc$rtl/peweaver_shared_fft.v:424$620'.
  created $dff cell `$procdff$1290' with positive edge clock.
Creating register for signal `$paramod$661d166254ab1f10e4ab9fdc594a2d052f4530e3\SharedDelayBuffer.\buf_im[55]' using process `$paramod$661d166254ab1f10e4ab9fdc594a2d052f4530e3\SharedDelayBuffer.$proc$rtl/peweaver_shared_fft.v:424$620'.
  created $dff cell `$procdff$1291' with positive edge clock.
Creating register for signal `$paramod$661d166254ab1f10e4ab9fdc594a2d052f4530e3\SharedDelayBuffer.\buf_im[56]' using process `$paramod$661d166254ab1f10e4ab9fdc594a2d052f4530e3\SharedDelayBuffer.$proc$rtl/peweaver_shared_fft.v:424$620'.
  created $dff cell `$procdff$1292' with positive edge clock.
Creating register for signal `$paramod$661d166254ab1f10e4ab9fdc594a2d052f4530e3\SharedDelayBuffer.\buf_im[57]' using process `$paramod$661d166254ab1f10e4ab9fdc594a2d052f4530e3\SharedDelayBuffer.$proc$rtl/peweaver_shared_fft.v:424$620'.
  created $dff cell `$procdff$1293' with positive edge clock.
Creating register for signal `$paramod$661d166254ab1f10e4ab9fdc594a2d052f4530e3\SharedDelayBuffer.\buf_im[58]' using process `$paramod$661d166254ab1f10e4ab9fdc594a2d052f4530e3\SharedDelayBuffer.$proc$rtl/peweaver_shared_fft.v:424$620'.
  created $dff cell `$procdff$1294' with positive edge clock.
Creating register for signal `$paramod$661d166254ab1f10e4ab9fdc594a2d052f4530e3\SharedDelayBuffer.\buf_im[59]' using process `$paramod$661d166254ab1f10e4ab9fdc594a2d052f4530e3\SharedDelayBuffer.$proc$rtl/peweaver_shared_fft.v:424$620'.
  created $dff cell `$procdff$1295' with positive edge clock.
Creating register for signal `$paramod$661d166254ab1f10e4ab9fdc594a2d052f4530e3\SharedDelayBuffer.\buf_im[60]' using process `$paramod$661d166254ab1f10e4ab9fdc594a2d052f4530e3\SharedDelayBuffer.$proc$rtl/peweaver_shared_fft.v:424$620'.
  created $dff cell `$procdff$1296' with positive edge clock.
Creating register for signal `$paramod$661d166254ab1f10e4ab9fdc594a2d052f4530e3\SharedDelayBuffer.\buf_im[61]' using process `$paramod$661d166254ab1f10e4ab9fdc594a2d052f4530e3\SharedDelayBuffer.$proc$rtl/peweaver_shared_fft.v:424$620'.
  created $dff cell `$procdff$1297' with positive edge clock.
Creating register for signal `$paramod$661d166254ab1f10e4ab9fdc594a2d052f4530e3\SharedDelayBuffer.\buf_im[62]' using process `$paramod$661d166254ab1f10e4ab9fdc594a2d052f4530e3\SharedDelayBuffer.$proc$rtl/peweaver_shared_fft.v:424$620'.
  created $dff cell `$procdff$1298' with positive edge clock.
Creating register for signal `$paramod$661d166254ab1f10e4ab9fdc594a2d052f4530e3\SharedDelayBuffer.\buf_im[63]' using process `$paramod$661d166254ab1f10e4ab9fdc594a2d052f4530e3\SharedDelayBuffer.$proc$rtl/peweaver_shared_fft.v:424$620'.
  created $dff cell `$procdff$1299' with positive edge clock.
Creating register for signal `\peweaver_ppa_reset_sync_shared.\sync_ff' using process `\peweaver_ppa_reset_sync_shared.$proc$rtl/peweaver_ppa_shared_fft.v:15$1'.
  created $adff cell `$procdff$1302' with positive edge clock and positive level reset.

4.2.10. Executing PROC_MEMWR pass (convert process memory writes to cells).

4.2.11. Executing PROC_CLEAN pass (remove empty switches from decision trees).
Removing empty process `$paramod$dc25daec3dd8bd6d76b02d3c5368e2485052c5da\SharedDelayBuffer.$proc$rtl/peweaver_shared_fft.v:424$605'.
Removing empty process `$paramod$ddd1dbeb542b066b17317505cd6a065ae38cf366\SharedSdfUnit.$proc$rtl/peweaver_shared_fft.v:387$585'.
Removing empty process `$paramod$ddd1dbeb542b066b17317505cd6a065ae38cf366\SharedSdfUnit.$proc$rtl/peweaver_shared_fft.v:382$582'.
Removing empty process `$paramod$ddd1dbeb542b066b17317505cd6a065ae38cf366\SharedSdfUnit.$proc$rtl/peweaver_shared_fft.v:360$580'.
Removing empty process `$paramod$ddd1dbeb542b066b17317505cd6a065ae38cf366\SharedSdfUnit.$proc$rtl/peweaver_shared_fft.v:339$577'.
Removing empty process `$paramod$ddd1dbeb542b066b17317505cd6a065ae38cf366\SharedSdfUnit.$proc$rtl/peweaver_shared_fft.v:323$574'.
Removing empty process `$paramod$ddd1dbeb542b066b17317505cd6a065ae38cf366\SharedSdfUnit.$proc$rtl/peweaver_shared_fft.v:318$573'.
Removing empty process `$paramod$ddd1dbeb542b066b17317505cd6a065ae38cf366\SharedSdfUnit.$proc$rtl/peweaver_shared_fft.v:304$566'.
Removing empty process `$paramod$ddd1dbeb542b066b17317505cd6a065ae38cf366\SharedSdfUnit.$proc$rtl/peweaver_shared_fft.v:292$562'.
Removing empty process `$paramod$ddd1dbeb542b066b17317505cd6a065ae38cf366\SharedSdfUnit.$proc$rtl/peweaver_shared_fft.v:250$557'.
Removing empty process `$paramod$ddd1dbeb542b066b17317505cd6a065ae38cf366\SharedSdfUnit.$proc$rtl/peweaver_shared_fft.v:240$555'.
Removing empty process `$paramod$ddd1dbeb542b066b17317505cd6a065ae38cf366\SharedSdfUnit.$proc$rtl/peweaver_shared_fft.v:222$541'.
Removing empty process `$paramod$ddd1dbeb542b066b17317505cd6a065ae38cf366\SharedSdfUnit.$proc$rtl/peweaver_shared_fft.v:176$531'.
Removing empty process `$paramod$8d11d99acb7471071f15885b81a84929edb08a8f\SharedSdfUnit.$proc$rtl/peweaver_shared_fft.v:387$518'.
Removing empty process `$paramod$8d11d99acb7471071f15885b81a84929edb08a8f\SharedSdfUnit.$proc$rtl/peweaver_shared_fft.v:382$515'.
Removing empty process `$paramod$8d11d99acb7471071f15885b81a84929edb08a8f\SharedSdfUnit.$proc$rtl/peweaver_shared_fft.v:360$513'.
Removing empty process `$paramod$8d11d99acb7471071f15885b81a84929edb08a8f\SharedSdfUnit.$proc$rtl/peweaver_shared_fft.v:339$510'.
Removing empty process `$paramod$8d11d99acb7471071f15885b81a84929edb08a8f\SharedSdfUnit.$proc$rtl/peweaver_shared_fft.v:323$507'.
Removing empty process `$paramod$8d11d99acb7471071f15885b81a84929edb08a8f\SharedSdfUnit.$proc$rtl/peweaver_shared_fft.v:318$506'.
Removing empty process `$paramod$8d11d99acb7471071f15885b81a84929edb08a8f\SharedSdfUnit.$proc$rtl/peweaver_shared_fft.v:304$499'.
Removing empty process `$paramod$8d11d99acb7471071f15885b81a84929edb08a8f\SharedSdfUnit.$proc$rtl/peweaver_shared_fft.v:292$495'.
Removing empty process `$paramod$8d11d99acb7471071f15885b81a84929edb08a8f\SharedSdfUnit.$proc$rtl/peweaver_shared_fft.v:250$490'.
Removing empty process `$paramod$8d11d99acb7471071f15885b81a84929edb08a8f\SharedSdfUnit.$proc$rtl/peweaver_shared_fft.v:240$488'.
Removing empty process `$paramod$8d11d99acb7471071f15885b81a84929edb08a8f\SharedSdfUnit.$proc$rtl/peweaver_shared_fft.v:222$474'.
Removing empty process `$paramod$8d11d99acb7471071f15885b81a84929edb08a8f\SharedSdfUnit.$proc$rtl/peweaver_shared_fft.v:176$464'.
Removing empty process `$paramod$13c884fdcaf50f82d9759f7b9da10f470b3fe4f1\SharedSdfUnit.$proc$rtl/peweaver_shared_fft.v:387$451'.
Removing empty process `$paramod$13c884fdcaf50f82d9759f7b9da10f470b3fe4f1\SharedSdfUnit.$proc$rtl/peweaver_shared_fft.v:382$448'.
Removing empty process `$paramod$13c884fdcaf50f82d9759f7b9da10f470b3fe4f1\SharedSdfUnit.$proc$rtl/peweaver_shared_fft.v:360$446'.
Removing empty process `$paramod$13c884fdcaf50f82d9759f7b9da10f470b3fe4f1\SharedSdfUnit.$proc$rtl/peweaver_shared_fft.v:339$443'.
Removing empty process `$paramod$13c884fdcaf50f82d9759f7b9da10f470b3fe4f1\SharedSdfUnit.$proc$rtl/peweaver_shared_fft.v:323$440'.
Removing empty process `$paramod$13c884fdcaf50f82d9759f7b9da10f470b3fe4f1\SharedSdfUnit.$proc$rtl/peweaver_shared_fft.v:318$439'.
Removing empty process `$paramod$13c884fdcaf50f82d9759f7b9da10f470b3fe4f1\SharedSdfUnit.$proc$rtl/peweaver_shared_fft.v:304$432'.
Removing empty process `$paramod$13c884fdcaf50f82d9759f7b9da10f470b3fe4f1\SharedSdfUnit.$proc$rtl/peweaver_shared_fft.v:292$428'.
Removing empty process `$paramod$13c884fdcaf50f82d9759f7b9da10f470b3fe4f1\SharedSdfUnit.$proc$rtl/peweaver_shared_fft.v:250$423'.
Removing empty process `$paramod$13c884fdcaf50f82d9759f7b9da10f470b3fe4f1\SharedSdfUnit.$proc$rtl/peweaver_shared_fft.v:240$421'.
Removing empty process `$paramod$13c884fdcaf50f82d9759f7b9da10f470b3fe4f1\SharedSdfUnit.$proc$rtl/peweaver_shared_fft.v:222$407'.
Removing empty process `$paramod$13c884fdcaf50f82d9759f7b9da10f470b3fe4f1\SharedSdfUnit.$proc$rtl/peweaver_shared_fft.v:176$397'.
Removing empty process `$paramod$acfde09421055442384df923236884512d648c66\SdfUnit2.$proc$rtl/peweaver_shared_fft.v:520$393'.
Removing empty process `$paramod$acfde09421055442384df923236884512d648c66\SdfUnit2.$proc$rtl/peweaver_shared_fft.v:510$392'.
Removing empty process `$paramod$acfde09421055442384df923236884512d648c66\SdfUnit2.$proc$rtl/peweaver_shared_fft.v:473$385'.
Found and cleaned up 2 empty switches in `$paramod\peweaver_shared_fft\WIDTH=s32'00000000000000000000000000010000.$proc$rtl/peweaver_shared_fft.v:25$378'.
Removing empty process `$paramod\peweaver_shared_fft\WIDTH=s32'00000000000000000000000000010000.$proc$rtl/peweaver_shared_fft.v:25$378'.
Removing empty process `Twiddle.$proc$rtl/peweaver_shared_fft.v:775$377'.
Removing empty process `Twiddle.$proc$rtl/peweaver_shared_fft.v:775$376'.
Removing empty process `Twiddle.$proc$rtl/peweaver_shared_fft.v:774$375'.
Removing empty process `Twiddle.$proc$rtl/peweaver_shared_fft.v:774$374'.
Removing empty process `Twiddle.$proc$rtl/peweaver_shared_fft.v:773$373'.
Removing empty process `Twiddle.$proc$rtl/peweaver_shared_fft.v:773$372'.
Removing empty process `Twiddle.$proc$rtl/peweaver_shared_fft.v:772$371'.
Removing empty process `Twiddle.$proc$rtl/peweaver_shared_fft.v:772$370'.
Removing empty process `Twiddle.$proc$rtl/peweaver_shared_fft.v:771$369'.
Removing empty process `Twiddle.$proc$rtl/peweaver_shared_fft.v:771$368'.
Removing empty process `Twiddle.$proc$rtl/peweaver_shared_fft.v:770$367'.
Removing empty process `Twiddle.$proc$rtl/peweaver_shared_fft.v:770$366'.
Removing empty process `Twiddle.$proc$rtl/peweaver_shared_fft.v:769$365'.
Removing empty process `Twiddle.$proc$rtl/peweaver_shared_fft.v:769$364'.
Removing empty process `Twiddle.$proc$rtl/peweaver_shared_fft.v:768$363'.
Removing empty process `Twiddle.$proc$rtl/peweaver_shared_fft.v:768$362'.
Removing empty process `Twiddle.$proc$rtl/peweaver_shared_fft.v:767$361'.
Removing empty process `Twiddle.$proc$rtl/peweaver_shared_fft.v:767$360'.
Removing empty process `Twiddle.$proc$rtl/peweaver_shared_fft.v:766$359'.
Removing empty process `Twiddle.$proc$rtl/peweaver_shared_fft.v:766$358'.
Removing empty process `Twiddle.$proc$rtl/peweaver_shared_fft.v:765$357'.
Removing empty process `Twiddle.$proc$rtl/peweaver_shared_fft.v:765$356'.
Removing empty process `Twiddle.$proc$rtl/peweaver_shared_fft.v:764$355'.
Removing empty process `Twiddle.$proc$rtl/peweaver_shared_fft.v:764$354'.
Removing empty process `Twiddle.$proc$rtl/peweaver_shared_fft.v:763$353'.
Removing empty process `Twiddle.$proc$rtl/peweaver_shared_fft.v:763$352'.
Removing empty process `Twiddle.$proc$rtl/peweaver_shared_fft.v:762$351'.
Removing empty process `Twiddle.$proc$rtl/peweaver_shared_fft.v:762$350'.
Removing empty process `Twiddle.$proc$rtl/peweaver_shared_fft.v:761$349'.
Removing empty process `Twiddle.$proc$rtl/peweaver_shared_fft.v:761$348'.
Removing empty process `Twiddle.$proc$rtl/peweaver_shared_fft.v:760$347'.
Removing empty process `Twiddle.$proc$rtl/peweaver_shared_fft.v:760$346'.
Removing empty process `Twiddle.$proc$rtl/peweaver_shared_fft.v:759$345'.
Removing empty process `Twiddle.$proc$rtl/peweaver_shared_fft.v:759$344'.
Removing empty process `Twiddle.$proc$rtl/peweaver_shared_fft.v:758$343'.
Removing empty process `Twiddle.$proc$rtl/peweaver_shared_fft.v:758$342'.
Removing empty process `Twiddle.$proc$rtl/peweaver_shared_fft.v:757$341'.
Removing empty process `Twiddle.$proc$rtl/peweaver_shared_fft.v:757$340'.
Removing empty process `Twiddle.$proc$rtl/peweaver_shared_fft.v:756$339'.
Removing empty process `Twiddle.$proc$rtl/peweaver_shared_fft.v:756$338'.
Removing empty process `Twiddle.$proc$rtl/peweaver_shared_fft.v:755$337'.
Removing empty process `Twiddle.$proc$rtl/peweaver_shared_fft.v:755$336'.
Removing empty process `Twiddle.$proc$rtl/peweaver_shared_fft.v:754$335'.
Removing empty process `Twiddle.$proc$rtl/peweaver_shared_fft.v:754$334'.
Removing empty process `Twiddle.$proc$rtl/peweaver_shared_fft.v:753$333'.
Removing empty process `Twiddle.$proc$rtl/peweaver_shared_fft.v:753$332'.
Removing empty process `Twiddle.$proc$rtl/peweaver_shared_fft.v:752$331'.
Removing empty process `Twiddle.$proc$rtl/peweaver_shared_fft.v:752$330'.
Removing empty process `Twiddle.$proc$rtl/peweaver_shared_fft.v:751$329'.
Removing empty process `Twiddle.$proc$rtl/peweaver_shared_fft.v:751$328'.
Removing empty process `Twiddle.$proc$rtl/peweaver_shared_fft.v:750$327'.
Removing empty process `Twiddle.$proc$rtl/peweaver_shared_fft.v:750$326'.
Removing empty process `Twiddle.$proc$rtl/peweaver_shared_fft.v:749$325'.
Removing empty process `Twiddle.$proc$rtl/peweaver_shared_fft.v:749$324'.
Removing empty process `Twiddle.$proc$rtl/peweaver_shared_fft.v:748$323'.
Removing empty process `Twiddle.$proc$rtl/peweaver_shared_fft.v:748$322'.
Removing empty process `Twiddle.$proc$rtl/peweaver_shared_fft.v:747$321'.
Removing empty process `Twiddle.$proc$rtl/peweaver_shared_fft.v:747$320'.
Removing empty process `Twiddle.$proc$rtl/peweaver_shared_fft.v:746$319'.
Removing empty process `Twiddle.$proc$rtl/peweaver_shared_fft.v:746$318'.
Removing empty process `Twiddle.$proc$rtl/peweaver_shared_fft.v:745$317'.
Removing empty process `Twiddle.$proc$rtl/peweaver_shared_fft.v:745$316'.
Removing empty process `Twiddle.$proc$rtl/peweaver_shared_fft.v:744$315'.
Removing empty process `Twiddle.$proc$rtl/peweaver_shared_fft.v:744$314'.
Removing empty process `Twiddle.$proc$rtl/peweaver_shared_fft.v:743$313'.
Removing empty process `Twiddle.$proc$rtl/peweaver_shared_fft.v:743$312'.
Removing empty process `Twiddle.$proc$rtl/peweaver_shared_fft.v:742$311'.
Removing empty process `Twiddle.$proc$rtl/peweaver_shared_fft.v:742$310'.
Removing empty process `Twiddle.$proc$rtl/peweaver_shared_fft.v:741$309'.
Removing empty process `Twiddle.$proc$rtl/peweaver_shared_fft.v:741$308'.
Removing empty process `Twiddle.$proc$rtl/peweaver_shared_fft.v:740$307'.
Removing empty process `Twiddle.$proc$rtl/peweaver_shared_fft.v:740$306'.
Removing empty process `Twiddle.$proc$rtl/peweaver_shared_fft.v:739$305'.
Removing empty process `Twiddle.$proc$rtl/peweaver_shared_fft.v:739$304'.
Removing empty process `Twiddle.$proc$rtl/peweaver_shared_fft.v:738$303'.
Removing empty process `Twiddle.$proc$rtl/peweaver_shared_fft.v:738$302'.
Removing empty process `Twiddle.$proc$rtl/peweaver_shared_fft.v:737$301'.
Removing empty process `Twiddle.$proc$rtl/peweaver_shared_fft.v:737$300'.
Removing empty process `Twiddle.$proc$rtl/peweaver_shared_fft.v:736$299'.
Removing empty process `Twiddle.$proc$rtl/peweaver_shared_fft.v:736$298'.
Removing empty process `Twiddle.$proc$rtl/peweaver_shared_fft.v:735$297'.
Removing empty process `Twiddle.$proc$rtl/peweaver_shared_fft.v:735$296'.
Removing empty process `Twiddle.$proc$rtl/peweaver_shared_fft.v:734$295'.
Removing empty process `Twiddle.$proc$rtl/peweaver_shared_fft.v:734$294'.
Removing empty process `Twiddle.$proc$rtl/peweaver_shared_fft.v:733$293'.
Removing empty process `Twiddle.$proc$rtl/peweaver_shared_fft.v:733$292'.
Removing empty process `Twiddle.$proc$rtl/peweaver_shared_fft.v:732$291'.
Removing empty process `Twiddle.$proc$rtl/peweaver_shared_fft.v:732$290'.
Removing empty process `Twiddle.$proc$rtl/peweaver_shared_fft.v:731$289'.
Removing empty process `Twiddle.$proc$rtl/peweaver_shared_fft.v:731$288'.
Removing empty process `Twiddle.$proc$rtl/peweaver_shared_fft.v:730$287'.
Removing empty process `Twiddle.$proc$rtl/peweaver_shared_fft.v:730$286'.
Removing empty process `Twiddle.$proc$rtl/peweaver_shared_fft.v:729$285'.
Removing empty process `Twiddle.$proc$rtl/peweaver_shared_fft.v:729$284'.
Removing empty process `Twiddle.$proc$rtl/peweaver_shared_fft.v:728$283'.
Removing empty process `Twiddle.$proc$rtl/peweaver_shared_fft.v:728$282'.
Removing empty process `Twiddle.$proc$rtl/peweaver_shared_fft.v:727$281'.
Removing empty process `Twiddle.$proc$rtl/peweaver_shared_fft.v:727$280'.
Removing empty process `Twiddle.$proc$rtl/peweaver_shared_fft.v:726$279'.
Removing empty process `Twiddle.$proc$rtl/peweaver_shared_fft.v:726$278'.
Removing empty process `Twiddle.$proc$rtl/peweaver_shared_fft.v:725$277'.
Removing empty process `Twiddle.$proc$rtl/peweaver_shared_fft.v:725$276'.
Removing empty process `Twiddle.$proc$rtl/peweaver_shared_fft.v:724$275'.
Removing empty process `Twiddle.$proc$rtl/peweaver_shared_fft.v:724$274'.
Removing empty process `Twiddle.$proc$rtl/peweaver_shared_fft.v:723$273'.
Removing empty process `Twiddle.$proc$rtl/peweaver_shared_fft.v:723$272'.
Removing empty process `Twiddle.$proc$rtl/peweaver_shared_fft.v:722$271'.
Removing empty process `Twiddle.$proc$rtl/peweaver_shared_fft.v:722$270'.
Removing empty process `Twiddle.$proc$rtl/peweaver_shared_fft.v:721$269'.
Removing empty process `Twiddle.$proc$rtl/peweaver_shared_fft.v:721$268'.
Removing empty process `Twiddle.$proc$rtl/peweaver_shared_fft.v:720$267'.
Removing empty process `Twiddle.$proc$rtl/peweaver_shared_fft.v:720$266'.
Removing empty process `Twiddle.$proc$rtl/peweaver_shared_fft.v:719$265'.
Removing empty process `Twiddle.$proc$rtl/peweaver_shared_fft.v:719$264'.
Removing empty process `Twiddle.$proc$rtl/peweaver_shared_fft.v:718$263'.
Removing empty process `Twiddle.$proc$rtl/peweaver_shared_fft.v:718$262'.
Removing empty process `Twiddle.$proc$rtl/peweaver_shared_fft.v:717$261'.
Removing empty process `Twiddle.$proc$rtl/peweaver_shared_fft.v:717$260'.
Removing empty process `Twiddle.$proc$rtl/peweaver_shared_fft.v:716$259'.
Removing empty process `Twiddle.$proc$rtl/peweaver_shared_fft.v:716$258'.
Removing empty process `Twiddle.$proc$rtl/peweaver_shared_fft.v:715$257'.
Removing empty process `Twiddle.$proc$rtl/peweaver_shared_fft.v:715$256'.
Removing empty process `Twiddle.$proc$rtl/peweaver_shared_fft.v:714$255'.
Removing empty process `Twiddle.$proc$rtl/peweaver_shared_fft.v:714$254'.
Removing empty process `Twiddle.$proc$rtl/peweaver_shared_fft.v:713$253'.
Removing empty process `Twiddle.$proc$rtl/peweaver_shared_fft.v:713$252'.
Removing empty process `Twiddle.$proc$rtl/peweaver_shared_fft.v:712$251'.
Removing empty process `Twiddle.$proc$rtl/peweaver_shared_fft.v:712$250'.
Removing empty process `Twiddle.$proc$rtl/peweaver_shared_fft.v:711$249'.
Removing empty process `Twiddle.$proc$rtl/peweaver_shared_fft.v:711$248'.
Removing empty process `Twiddle.$proc$rtl/peweaver_shared_fft.v:710$247'.
Removing empty process `Twiddle.$proc$rtl/peweaver_shared_fft.v:710$246'.
Removing empty process `Twiddle.$proc$rtl/peweaver_shared_fft.v:709$245'.
Removing empty process `Twiddle.$proc$rtl/peweaver_shared_fft.v:709$244'.
Removing empty process `Twiddle.$proc$rtl/peweaver_shared_fft.v:708$243'.
Removing empty process `Twiddle.$proc$rtl/peweaver_shared_fft.v:708$242'.
Removing empty process `Twiddle.$proc$rtl/peweaver_shared_fft.v:707$241'.
Removing empty process `Twiddle.$proc$rtl/peweaver_shared_fft.v:707$240'.
Removing empty process `Twiddle.$proc$rtl/peweaver_shared_fft.v:706$239'.
Removing empty process `Twiddle.$proc$rtl/peweaver_shared_fft.v:706$238'.
Removing empty process `Twiddle.$proc$rtl/peweaver_shared_fft.v:705$237'.
Removing empty process `Twiddle.$proc$rtl/peweaver_shared_fft.v:705$236'.
Removing empty process `Twiddle.$proc$rtl/peweaver_shared_fft.v:704$235'.
Removing empty process `Twiddle.$proc$rtl/peweaver_shared_fft.v:704$234'.
Removing empty process `Twiddle.$proc$rtl/peweaver_shared_fft.v:703$233'.
Removing empty process `Twiddle.$proc$rtl/peweaver_shared_fft.v:703$232'.
Removing empty process `Twiddle.$proc$rtl/peweaver_shared_fft.v:702$231'.
Removing empty process `Twiddle.$proc$rtl/peweaver_shared_fft.v:702$230'.
Removing empty process `Twiddle.$proc$rtl/peweaver_shared_fft.v:701$229'.
Removing empty process `Twiddle.$proc$rtl/peweaver_shared_fft.v:701$228'.
Removing empty process `Twiddle.$proc$rtl/peweaver_shared_fft.v:700$227'.
Removing empty process `Twiddle.$proc$rtl/peweaver_shared_fft.v:700$226'.
Removing empty process `Twiddle.$proc$rtl/peweaver_shared_fft.v:699$225'.
Removing empty process `Twiddle.$proc$rtl/peweaver_shared_fft.v:699$224'.
Removing empty process `Twiddle.$proc$rtl/peweaver_shared_fft.v:698$223'.
Removing empty process `Twiddle.$proc$rtl/peweaver_shared_fft.v:698$222'.
Removing empty process `Twiddle.$proc$rtl/peweaver_shared_fft.v:697$221'.
Removing empty process `Twiddle.$proc$rtl/peweaver_shared_fft.v:697$220'.
Removing empty process `Twiddle.$proc$rtl/peweaver_shared_fft.v:696$219'.
Removing empty process `Twiddle.$proc$rtl/peweaver_shared_fft.v:696$218'.
Removing empty process `Twiddle.$proc$rtl/peweaver_shared_fft.v:695$217'.
Removing empty process `Twiddle.$proc$rtl/peweaver_shared_fft.v:695$216'.
Removing empty process `Twiddle.$proc$rtl/peweaver_shared_fft.v:694$215'.
Removing empty process `Twiddle.$proc$rtl/peweaver_shared_fft.v:694$214'.
Removing empty process `Twiddle.$proc$rtl/peweaver_shared_fft.v:693$213'.
Removing empty process `Twiddle.$proc$rtl/peweaver_shared_fft.v:693$212'.
Removing empty process `Twiddle.$proc$rtl/peweaver_shared_fft.v:692$211'.
Removing empty process `Twiddle.$proc$rtl/peweaver_shared_fft.v:692$210'.
Removing empty process `Twiddle.$proc$rtl/peweaver_shared_fft.v:691$209'.
Removing empty process `Twiddle.$proc$rtl/peweaver_shared_fft.v:691$208'.
Removing empty process `Twiddle.$proc$rtl/peweaver_shared_fft.v:690$207'.
Removing empty process `Twiddle.$proc$rtl/peweaver_shared_fft.v:690$206'.
Removing empty process `Twiddle.$proc$rtl/peweaver_shared_fft.v:689$205'.
Removing empty process `Twiddle.$proc$rtl/peweaver_shared_fft.v:689$204'.
Removing empty process `Twiddle.$proc$rtl/peweaver_shared_fft.v:688$203'.
Removing empty process `Twiddle.$proc$rtl/peweaver_shared_fft.v:688$202'.
Removing empty process `Twiddle.$proc$rtl/peweaver_shared_fft.v:687$201'.
Removing empty process `Twiddle.$proc$rtl/peweaver_shared_fft.v:687$200'.
Removing empty process `Twiddle.$proc$rtl/peweaver_shared_fft.v:686$199'.
Removing empty process `Twiddle.$proc$rtl/peweaver_shared_fft.v:686$198'.
Removing empty process `Twiddle.$proc$rtl/peweaver_shared_fft.v:685$197'.
Removing empty process `Twiddle.$proc$rtl/peweaver_shared_fft.v:685$196'.
Removing empty process `Twiddle.$proc$rtl/peweaver_shared_fft.v:684$195'.
Removing empty process `Twiddle.$proc$rtl/peweaver_shared_fft.v:684$194'.
Removing empty process `Twiddle.$proc$rtl/peweaver_shared_fft.v:683$193'.
Removing empty process `Twiddle.$proc$rtl/peweaver_shared_fft.v:683$192'.
Removing empty process `Twiddle.$proc$rtl/peweaver_shared_fft.v:682$191'.
Removing empty process `Twiddle.$proc$rtl/peweaver_shared_fft.v:682$190'.
Removing empty process `Twiddle.$proc$rtl/peweaver_shared_fft.v:681$189'.
Removing empty process `Twiddle.$proc$rtl/peweaver_shared_fft.v:681$188'.
Removing empty process `Twiddle.$proc$rtl/peweaver_shared_fft.v:680$187'.
Removing empty process `Twiddle.$proc$rtl/peweaver_shared_fft.v:680$186'.
Removing empty process `Twiddle.$proc$rtl/peweaver_shared_fft.v:679$185'.
Removing empty process `Twiddle.$proc$rtl/peweaver_shared_fft.v:679$184'.
Removing empty process `Twiddle.$proc$rtl/peweaver_shared_fft.v:678$183'.
Removing empty process `Twiddle.$proc$rtl/peweaver_shared_fft.v:678$182'.
Removing empty process `Twiddle.$proc$rtl/peweaver_shared_fft.v:677$181'.
Removing empty process `Twiddle.$proc$rtl/peweaver_shared_fft.v:677$180'.
Removing empty process `Twiddle.$proc$rtl/peweaver_shared_fft.v:676$179'.
Removing empty process `Twiddle.$proc$rtl/peweaver_shared_fft.v:676$178'.
Removing empty process `Twiddle.$proc$rtl/peweaver_shared_fft.v:675$177'.
Removing empty process `Twiddle.$proc$rtl/peweaver_shared_fft.v:675$176'.
Removing empty process `Twiddle.$proc$rtl/peweaver_shared_fft.v:674$175'.
Removing empty process `Twiddle.$proc$rtl/peweaver_shared_fft.v:674$174'.
Removing empty process `Twiddle.$proc$rtl/peweaver_shared_fft.v:673$173'.
Removing empty process `Twiddle.$proc$rtl/peweaver_shared_fft.v:673$172'.
Removing empty process `Twiddle.$proc$rtl/peweaver_shared_fft.v:672$171'.
Removing empty process `Twiddle.$proc$rtl/peweaver_shared_fft.v:672$170'.
Removing empty process `Twiddle.$proc$rtl/peweaver_shared_fft.v:671$169'.
Removing empty process `Twiddle.$proc$rtl/peweaver_shared_fft.v:671$168'.
Removing empty process `Twiddle.$proc$rtl/peweaver_shared_fft.v:670$167'.
Removing empty process `Twiddle.$proc$rtl/peweaver_shared_fft.v:670$166'.
Removing empty process `Twiddle.$proc$rtl/peweaver_shared_fft.v:669$165'.
Removing empty process `Twiddle.$proc$rtl/peweaver_shared_fft.v:669$164'.
Removing empty process `Twiddle.$proc$rtl/peweaver_shared_fft.v:668$163'.
Removing empty process `Twiddle.$proc$rtl/peweaver_shared_fft.v:668$162'.
Removing empty process `Twiddle.$proc$rtl/peweaver_shared_fft.v:667$161'.
Removing empty process `Twiddle.$proc$rtl/peweaver_shared_fft.v:667$160'.
Removing empty process `Twiddle.$proc$rtl/peweaver_shared_fft.v:666$159'.
Removing empty process `Twiddle.$proc$rtl/peweaver_shared_fft.v:666$158'.
Removing empty process `Twiddle.$proc$rtl/peweaver_shared_fft.v:665$157'.
Removing empty process `Twiddle.$proc$rtl/peweaver_shared_fft.v:665$156'.
Removing empty process `Twiddle.$proc$rtl/peweaver_shared_fft.v:664$155'.
Removing empty process `Twiddle.$proc$rtl/peweaver_shared_fft.v:664$154'.
Removing empty process `Twiddle.$proc$rtl/peweaver_shared_fft.v:663$153'.
Removing empty process `Twiddle.$proc$rtl/peweaver_shared_fft.v:663$152'.
Removing empty process `Twiddle.$proc$rtl/peweaver_shared_fft.v:662$151'.
Removing empty process `Twiddle.$proc$rtl/peweaver_shared_fft.v:662$150'.
Removing empty process `Twiddle.$proc$rtl/peweaver_shared_fft.v:661$149'.
Removing empty process `Twiddle.$proc$rtl/peweaver_shared_fft.v:661$148'.
Removing empty process `Twiddle.$proc$rtl/peweaver_shared_fft.v:660$147'.
Removing empty process `Twiddle.$proc$rtl/peweaver_shared_fft.v:660$146'.
Removing empty process `Twiddle.$proc$rtl/peweaver_shared_fft.v:659$145'.
Removing empty process `Twiddle.$proc$rtl/peweaver_shared_fft.v:659$144'.
Removing empty process `Twiddle.$proc$rtl/peweaver_shared_fft.v:658$143'.
Removing empty process `Twiddle.$proc$rtl/peweaver_shared_fft.v:658$142'.
Removing empty process `Twiddle.$proc$rtl/peweaver_shared_fft.v:657$141'.
Removing empty process `Twiddle.$proc$rtl/peweaver_shared_fft.v:657$140'.
Removing empty process `Twiddle.$proc$rtl/peweaver_shared_fft.v:656$139'.
Removing empty process `Twiddle.$proc$rtl/peweaver_shared_fft.v:656$138'.
Removing empty process `Twiddle.$proc$rtl/peweaver_shared_fft.v:655$137'.
Removing empty process `Twiddle.$proc$rtl/peweaver_shared_fft.v:655$136'.
Removing empty process `Twiddle.$proc$rtl/peweaver_shared_fft.v:654$135'.
Removing empty process `Twiddle.$proc$rtl/peweaver_shared_fft.v:654$134'.
Removing empty process `Twiddle.$proc$rtl/peweaver_shared_fft.v:653$133'.
Removing empty process `Twiddle.$proc$rtl/peweaver_shared_fft.v:653$132'.
Removing empty process `Twiddle.$proc$rtl/peweaver_shared_fft.v:652$131'.
Removing empty process `Twiddle.$proc$rtl/peweaver_shared_fft.v:652$130'.
Removing empty process `Twiddle.$proc$rtl/peweaver_shared_fft.v:651$129'.
Removing empty process `Twiddle.$proc$rtl/peweaver_shared_fft.v:651$128'.
Removing empty process `Twiddle.$proc$rtl/peweaver_shared_fft.v:650$127'.
Removing empty process `Twiddle.$proc$rtl/peweaver_shared_fft.v:650$126'.
Removing empty process `Twiddle.$proc$rtl/peweaver_shared_fft.v:649$125'.
Removing empty process `Twiddle.$proc$rtl/peweaver_shared_fft.v:649$124'.
Removing empty process `Twiddle.$proc$rtl/peweaver_shared_fft.v:648$123'.
Removing empty process `Twiddle.$proc$rtl/peweaver_shared_fft.v:648$122'.
Found and cleaned up 1 empty switch in `\Twiddle.$proc$rtl/peweaver_shared_fft.v:636$119'.
Removing empty process `Twiddle.$proc$rtl/peweaver_shared_fft.v:636$119'.
Found and cleaned up 1 empty switch in `\Twiddle.$proc$rtl/peweaver_shared_fft.v:635$116'.
Removing empty process `Twiddle.$proc$rtl/peweaver_shared_fft.v:635$116'.
Removing empty process `Twiddle.$proc$rtl/peweaver_shared_fft.v:640$115'.
Removing empty process `$paramod$91a3a7dbf4bfbd28b5b341fe20d9acb72db55de6\SharedDelayBuffer.$proc$rtl/peweaver_shared_fft.v:424$645'.
Removing empty process `$paramod$bf4db1fd822cd1e8dfaa4dc2826349dab1ae0abc\SharedDelayBuffer.$proc$rtl/peweaver_shared_fft.v:424$642'.
Removing empty process `$paramod$88cd2ddfbb8184221d632f3c3d25c8d476256959\SharedDelayBuffer.$proc$rtl/peweaver_shared_fft.v:424$639'.
Removing empty process `$paramod$3ebd556efa5e0b51800643ceec6809e07c210b5f\SharedDelayBuffer.$proc$rtl/peweaver_shared_fft.v:424$636'.
Removing empty process `$paramod$17914cfb50699f154dc59f1c3f8fd47b6e195f44\DelayBuffer.$proc$rtl/peweaver_shared_fft.v:546$635'.
Removing empty process `$paramod$661d166254ab1f10e4ab9fdc594a2d052f4530e3\SharedDelayBuffer.$proc$rtl/peweaver_shared_fft.v:424$620'.
Removing empty process `peweaver_ppa_reset_sync_shared.$proc$rtl/peweaver_ppa_shared_fft.v:15$1'.
Cleaned up 4 empty switches.

4.2.12. Executing OPT_EXPR pass (perform const folding).
Optimizing module $paramod$cc7e198dbe1c7d8352a2bac47477dedd9788e883\Butterfly.
<suppressed ~4 debug messages>
Optimizing module $paramod$dc25daec3dd8bd6d76b02d3c5368e2485052c5da\SharedDelayBuffer.
Optimizing module $paramod\Multiply\WIDTH=s32'00000000000000000000000000010000.
<suppressed ~4 debug messages>
Optimizing module $paramod$ddd1dbeb542b066b17317505cd6a065ae38cf366\SharedSdfUnit.
<suppressed ~17 debug messages>
Optimizing module $paramod$8d11d99acb7471071f15885b81a84929edb08a8f\SharedSdfUnit.
<suppressed ~17 debug messages>
Optimizing module $paramod$13c884fdcaf50f82d9759f7b9da10f470b3fe4f1\SharedSdfUnit.
<suppressed ~17 debug messages>
Optimizing module $paramod$acfde09421055442384df923236884512d648c66\SdfUnit2.
<suppressed ~3 debug messages>
Optimizing module $paramod\peweaver_shared_fft\WIDTH=s32'00000000000000000000000000010000.
<suppressed ~4 debug messages>
Optimizing module Twiddle.
<suppressed ~2 debug messages>
Optimizing module $paramod$91a3a7dbf4bfbd28b5b341fe20d9acb72db55de6\SharedDelayBuffer.
Optimizing module $paramod$bf4db1fd822cd1e8dfaa4dc2826349dab1ae0abc\SharedDelayBuffer.
Optimizing module $paramod$88cd2ddfbb8184221d632f3c3d25c8d476256959\SharedDelayBuffer.
Optimizing module $paramod$3ebd556efa5e0b51800643ceec6809e07c210b5f\SharedDelayBuffer.
Optimizing module $paramod$17914cfb50699f154dc59f1c3f8fd47b6e195f44\DelayBuffer.
Optimizing module $paramod$5480229501c9659b6947fa834aa4fdab0727c259\Butterfly.
<suppressed ~4 debug messages>
Optimizing module $paramod$661d166254ab1f10e4ab9fdc594a2d052f4530e3\SharedDelayBuffer.
Optimizing module peweaver_ppa_shared_fft.
Optimizing module peweaver_ppa_reset_sync_shared.
<suppressed ~1 debug messages>

4.3. Executing CHECK pass (checking for obvious problems).
Checking module $paramod$cc7e198dbe1c7d8352a2bac47477dedd9788e883\Butterfly...
Checking module $paramod$dc25daec3dd8bd6d76b02d3c5368e2485052c5da\SharedDelayBuffer...
Checking module $paramod\Multiply\WIDTH=s32'00000000000000000000000000010000...
Checking module $paramod$ddd1dbeb542b066b17317505cd6a065ae38cf366\SharedSdfUnit...
Checking module $paramod$8d11d99acb7471071f15885b81a84929edb08a8f\SharedSdfUnit...
Checking module $paramod$13c884fdcaf50f82d9759f7b9da10f470b3fe4f1\SharedSdfUnit...
Checking module $paramod$acfde09421055442384df923236884512d648c66\SdfUnit2...
Checking module $paramod\peweaver_shared_fft\WIDTH=s32'00000000000000000000000000010000...
Checking module Twiddle...
Checking module $paramod$91a3a7dbf4bfbd28b5b341fe20d9acb72db55de6\SharedDelayBuffer...
Checking module $paramod$bf4db1fd822cd1e8dfaa4dc2826349dab1ae0abc\SharedDelayBuffer...
Checking module $paramod$88cd2ddfbb8184221d632f3c3d25c8d476256959\SharedDelayBuffer...
Checking module $paramod$3ebd556efa5e0b51800643ceec6809e07c210b5f\SharedDelayBuffer...
Checking module $paramod$17914cfb50699f154dc59f1c3f8fd47b6e195f44\DelayBuffer...
Checking module $paramod$5480229501c9659b6947fa834aa4fdab0727c259\Butterfly...
Checking module $paramod$661d166254ab1f10e4ab9fdc594a2d052f4530e3\SharedDelayBuffer...
Checking module peweaver_ppa_shared_fft...
Checking module peweaver_ppa_reset_sync_shared...
Found and reported 0 problems.

4.4. Executing FLATTEN pass (flatten design).
Deleting now unused module $paramod$cc7e198dbe1c7d8352a2bac47477dedd9788e883\Butterfly.
Deleting now unused module $paramod$dc25daec3dd8bd6d76b02d3c5368e2485052c5da\SharedDelayBuffer.
Deleting now unused module $paramod\Multiply\WIDTH=s32'00000000000000000000000000010000.
Deleting now unused module $paramod$ddd1dbeb542b066b17317505cd6a065ae38cf366\SharedSdfUnit.
Deleting now unused module $paramod$8d11d99acb7471071f15885b81a84929edb08a8f\SharedSdfUnit.
Deleting now unused module $paramod$13c884fdcaf50f82d9759f7b9da10f470b3fe4f1\SharedSdfUnit.
Deleting now unused module $paramod$acfde09421055442384df923236884512d648c66\SdfUnit2.
Deleting now unused module $paramod\peweaver_shared_fft\WIDTH=s32'00000000000000000000000000010000.
Deleting now unused module Twiddle.
Deleting now unused module $paramod$91a3a7dbf4bfbd28b5b341fe20d9acb72db55de6\SharedDelayBuffer.
Deleting now unused module $paramod$bf4db1fd822cd1e8dfaa4dc2826349dab1ae0abc\SharedDelayBuffer.
Deleting now unused module $paramod$88cd2ddfbb8184221d632f3c3d25c8d476256959\SharedDelayBuffer.
Deleting now unused module $paramod$3ebd556efa5e0b51800643ceec6809e07c210b5f\SharedDelayBuffer.
Deleting now unused module $paramod$17914cfb50699f154dc59f1c3f8fd47b6e195f44\DelayBuffer.
Deleting now unused module $paramod$5480229501c9659b6947fa834aa4fdab0727c259\Butterfly.
Deleting now unused module $paramod$661d166254ab1f10e4ab9fdc594a2d052f4530e3\SharedDelayBuffer.
Deleting now unused module peweaver_ppa_reset_sync_shared.
<suppressed ~26 debug messages>

4.5. Executing OPT_EXPR pass (perform const folding).
Optimizing module peweaver_ppa_shared_fft.
<suppressed ~16 debug messages>

4.6. Executing OPT_CLEAN pass (remove unused cells and wires).
Finding unused cells or wires in module \peweaver_ppa_shared_fft..
Removed 17 unused cells and 1386 unused wires.
<suppressed ~41 debug messages>

4.7. Executing CHECK pass (checking for obvious problems).
Checking module peweaver_ppa_shared_fft...
Found and reported 0 problems.

4.8. Executing OPT pass (performing simple optimizations).

4.8.1. Executing OPT_EXPR pass (perform const folding).
Optimizing module peweaver_ppa_shared_fft.

4.8.2. Executing OPT_MERGE pass (detect identical cells).
Finding identical cells in module `\peweaver_ppa_shared_fft'.
Computing hashes of 1341 cells of `\peweaver_ppa_shared_fft'.
Finding duplicate cells in `\peweaver_ppa_shared_fft'.
Computing hashes of 951 cells of `\peweaver_ppa_shared_fft'.
Finding duplicate cells in `\peweaver_ppa_shared_fft'.
<suppressed ~1170 debug messages>
Removed a total of 390 cells.

4.8.3. Executing OPT_MUXTREE pass (detect dead branches in mux trees).
Running muxtree optimizer on module \peweaver_ppa_shared_fft..
  Creating internal representation of mux trees.
  Evaluating internal representation of mux trees.
      Replacing known input bits on port B of cell $flatten\u_core.$procmux$650: \u_core.mode_locked -> 1'1
      Replacing known input bits on port A of cell $flatten\u_core.$procmux$648: \u_core.mode_locked -> 1'0
  Analyzing evaluation results.
Removed 0 multiplexer ports.
<suppressed ~234 debug messages>

4.8.4. Executing OPT_REDUCE pass (consolidate $*mux and $reduce_* inputs).
  Optimizing cells in module \peweaver_ppa_shared_fft.
    New ctrl vector for $pmux cell $flatten\u_core.\SU1.\TW.$procmux$654: { $flatten\u_core.\SU1.\TW.$procmux$689_CMP $flatten\u_core.\SU1.\TW.$procmux$692_CMP $flatten\u_core.\SU1.\TW.$procmux$695_CMP $flatten\u_core.\SU1.\TW.$procmux$698_CMP $flatten\u_core.\SU1.\TW.$procmux$701_CMP $flatten\u_core.\SU1.\TW.$procmux$704_CMP $flatten\u_core.\SU1.\TW.$procmux$707_CMP $flatten\u_core.\SU1.\TW.$procmux$710_CMP $flatten\u_core.\SU1.\TW.$procmux$713_CMP $flatten\u_core.\SU1.\TW.$procmux$716_CMP $auto$opt_reduce.cc:137:opt_pmux$1370 $auto$opt_reduce.cc:137:opt_pmux$1368 $auto$opt_reduce.cc:137:opt_pmux$1366 $auto$opt_reduce.cc:137:opt_pmux$1364 $auto$opt_reduce.cc:137:opt_pmux$1362 $auto$opt_reduce.cc:137:opt_pmux$1360 $auto$opt_reduce.cc:137:opt_pmux$1358 $auto$opt_reduce.cc:137:opt_pmux$1356 $auto$opt_reduce.cc:137:opt_pmux$1354 $auto$opt_reduce.cc:137:opt_pmux$1352 $auto$opt_reduce.cc:137:opt_pmux$1350 $auto$opt_reduce.cc:137:opt_pmux$1348 $auto$opt_reduce.cc:137:opt_pmux$1346 $auto$opt_reduce.cc:137:opt_pmux$1344 $auto$opt_reduce.cc:137:opt_pmux$1342 $auto$opt_reduce.cc:137:opt_pmux$1340 $auto$opt_reduce.cc:137:opt_pmux$1338 $auto$opt_reduce.cc:137:opt_pmux$1336 $auto$opt_reduce.cc:137:opt_pmux$1334 $auto$opt_reduce.cc:137:opt_pmux$1332 $auto$opt_reduce.cc:137:opt_pmux$1330 $flatten\u_core.\SU1.\TW.$procmux$750_CMP $flatten\u_core.\SU1.\TW.$procmux$753_CMP $flatten\u_core.\SU1.\TW.$procmux$755_CMP $flatten\u_core.\SU1.\TW.$procmux$759_CMP $flatten\u_core.\SU1.\TW.$procmux$761_CMP $flatten\u_core.\SU1.\TW.$procmux$765_CMP $flatten\u_core.\SU1.\TW.$procmux$767_CMP $flatten\u_core.\SU1.\TW.$procmux$771_CMP $flatten\u_core.\SU1.\TW.$procmux$773_CMP $flatten\u_core.\SU1.\TW.$procmux$777_CMP $flatten\u_core.\SU1.\TW.$procmux$779_CMP $flatten\u_core.\SU1.\TW.$procmux$782_CMP }
    New ctrl vector for $pmux cell $flatten\u_core.\SU1.\TW.$procmux$783: { $flatten\u_core.\SU1.\TW.$procmux$689_CMP $auto$opt_reduce.cc:137:opt_pmux$1382 $flatten\u_core.\SU1.\TW.$procmux$695_CMP $auto$opt_reduce.cc:137:opt_pmux$1380 $flatten\u_core.\SU1.\TW.$procmux$701_CMP $auto$opt_reduce.cc:137:opt_pmux$1378 $flatten\u_core.\SU1.\TW.$procmux$707_CMP $auto$opt_reduce.cc:137:opt_pmux$1376 $flatten\u_core.\SU1.\TW.$procmux$713_CMP $auto$opt_reduce.cc:137:opt_pmux$1374 $flatten\u_core.\SU1.\TW.$procmux$719_CMP $flatten\u_core.\SU1.\TW.$procmux$722_CMP $flatten\u_core.\SU1.\TW.$procmux$724_CMP $flatten\u_core.\SU1.\TW.$procmux$725_CMP $flatten\u_core.\SU1.\TW.$procmux$728_CMP $flatten\u_core.\SU1.\TW.$procmux$730_CMP $flatten\u_core.\SU1.\TW.$procmux$731_CMP $flatten\u_core.\SU1.\TW.$procmux$734_CMP $flatten\u_core.\SU1.\TW.$procmux$736_CMP $flatten\u_core.\SU1.\TW.$procmux$737_CMP $flatten\u_core.\SU1.\TW.$procmux$740_CMP $flatten\u_core.\SU1.\TW.$procmux$742_CMP $flatten\u_core.\SU1.\TW.$procmux$743_CMP $flatten\u_core.\SU1.\TW.$procmux$746_CMP $flatten\u_core.\SU1.\TW.$procmux$748_CMP $flatten\u_core.\SU1.\TW.$procmux$749_CMP $auto$opt_reduce.cc:137:opt_pmux$1372 $flatten\u_core.\SU1.\TW.$procmux$751_CMP $flatten\u_core.\SU1.\TW.$procmux$752_CMP $flatten\u_core.\SU1.\TW.$procmux$753_CMP $flatten\u_core.\SU1.\TW.$procmux$754_CMP $flatten\u_core.\SU1.\TW.$procmux$755_CMP $flatten\u_core.\SU1.\TW.$procmux$756_CMP $flatten\u_core.\SU1.\TW.$procmux$757_CMP $flatten\u_core.\SU1.\TW.$procmux$758_CMP $flatten\u_core.\SU1.\TW.$procmux$759_CMP $flatten\u_core.\SU1.\TW.$procmux$760_CMP $flatten\u_core.\SU1.\TW.$procmux$761_CMP $flatten\u_core.\SU1.\TW.$procmux$762_CMP $flatten\u_core.\SU1.\TW.$procmux$763_CMP $flatten\u_core.\SU1.\TW.$procmux$764_CMP $flatten\u_core.\SU1.\TW.$procmux$765_CMP $flatten\u_core.\SU1.\TW.$procmux$766_CMP $flatten\u_core.\SU1.\TW.$procmux$767_CMP $flatten\u_core.\SU1.\TW.$procmux$768_CMP $flatten\u_core.\SU1.\TW.$procmux$769_CMP $flatten\u_core.\SU1.\TW.$procmux$770_CMP $flatten\u_core.\SU1.\TW.$procmux$771_CMP $flatten\u_core.\SU1.\TW.$procmux$772_CMP $flatten\u_core.\SU1.\TW.$procmux$773_CMP $flatten\u_core.\SU1.\TW.$procmux$774_CMP $flatten\u_core.\SU1.\TW.$procmux$775_CMP $flatten\u_core.\SU1.\TW.$procmux$776_CMP $flatten\u_core.\SU1.\TW.$procmux$777_CMP $flatten\u_core.\SU1.\TW.$procmux$778_CMP $flatten\u_core.\SU1.\TW.$procmux$779_CMP $flatten\u_core.\SU1.\TW.$procmux$780_CMP $flatten\u_core.\SU1.\TW.$procmux$781_CMP }
    New ctrl vector for $pmux cell $flatten\u_core.\SU0.\TW.$procmux$654: { $flatten\u_core.\SU0.\TW.$procmux$689_CMP $flatten\u_core.\SU0.\TW.$procmux$692_CMP $flatten\u_core.\SU0.\TW.$procmux$695_CMP $flatten\u_core.\SU0.\TW.$procmux$698_CMP $flatten\u_core.\SU0.\TW.$procmux$701_CMP $flatten\u_core.\SU0.\TW.$procmux$704_CMP $flatten\u_core.\SU0.\TW.$procmux$707_CMP $flatten\u_core.\SU0.\TW.$procmux$710_CMP $flatten\u_core.\SU0.\TW.$procmux$713_CMP $flatten\u_core.\SU0.\TW.$procmux$716_CMP $auto$opt_reduce.cc:137:opt_pmux$1424 $auto$opt_reduce.cc:137:opt_pmux$1422 $auto$opt_reduce.cc:137:opt_pmux$1420 $auto$opt_reduce.cc:137:opt_pmux$1418 $auto$opt_reduce.cc:137:opt_pmux$1416 $auto$opt_reduce.cc:137:opt_pmux$1414 $auto$opt_reduce.cc:137:opt_pmux$1412 $auto$opt_reduce.cc:137:opt_pmux$1410 $auto$opt_reduce.cc:137:opt_pmux$1408 $auto$opt_reduce.cc:137:opt_pmux$1406 $auto$opt_reduce.cc:137:opt_pmux$1404 $auto$opt_reduce.cc:137:opt_pmux$1402 $auto$opt_reduce.cc:137:opt_pmux$1400 $auto$opt_reduce.cc:137:opt_pmux$1398 $auto$opt_reduce.cc:137:opt_pmux$1396 $auto$opt_reduce.cc:137:opt_pmux$1394 $auto$opt_reduce.cc:137:opt_pmux$1392 $auto$opt_reduce.cc:137:opt_pmux$1390 $auto$opt_reduce.cc:137:opt_pmux$1388 $auto$opt_reduce.cc:137:opt_pmux$1386 $auto$opt_reduce.cc:137:opt_pmux$1384 $flatten\u_core.\SU0.\TW.$procmux$750_CMP $flatten\u_core.\SU0.\TW.$procmux$753_CMP $flatten\u_core.\SU0.\TW.$procmux$755_CMP $flatten\u_core.\SU0.\TW.$procmux$759_CMP $flatten\u_core.\SU0.\TW.$procmux$761_CMP $flatten\u_core.\SU0.\TW.$procmux$765_CMP $flatten\u_core.\SU0.\TW.$procmux$767_CMP $flatten\u_core.\SU0.\TW.$procmux$771_CMP $flatten\u_core.\SU0.\TW.$procmux$773_CMP $flatten\u_core.\SU0.\TW.$procmux$777_CMP $flatten\u_core.\SU0.\TW.$procmux$779_CMP $flatten\u_core.\SU0.\TW.$procmux$782_CMP }
    New ctrl vector for $pmux cell $flatten\u_core.\SU2.\TW.$procmux$654: { $flatten\u_core.\SU2.\TW.$procmux$689_CMP $flatten\u_core.\SU2.\TW.$procmux$692_CMP $flatten\u_core.\SU2.\TW.$procmux$695_CMP $flatten\u_core.\SU2.\TW.$procmux$698_CMP $flatten\u_core.\SU2.\TW.$procmux$701_CMP $flatten\u_core.\SU2.\TW.$procmux$704_CMP $flatten\u_core.\SU2.\TW.$procmux$707_CMP $flatten\u_core.\SU2.\TW.$procmux$710_CMP $flatten\u_core.\SU2.\TW.$procmux$713_CMP $flatten\u_core.\SU2.\TW.$procmux$716_CMP $auto$opt_reduce.cc:137:opt_pmux$1466 $auto$opt_reduce.cc:137:opt_pmux$1464 $auto$opt_reduce.cc:137:opt_pmux$1462 $auto$opt_reduce.cc:137:opt_pmux$1460 $auto$opt_reduce.cc:137:opt_pmux$1458 $auto$opt_reduce.cc:137:opt_pmux$1456 $auto$opt_reduce.cc:137:opt_pmux$1454 $auto$opt_reduce.cc:137:opt_pmux$1452 $auto$opt_reduce.cc:137:opt_pmux$1450 $auto$opt_reduce.cc:137:opt_pmux$1448 $auto$opt_reduce.cc:137:opt_pmux$1446 $auto$opt_reduce.cc:137:opt_pmux$1444 $auto$opt_reduce.cc:137:opt_pmux$1442 $auto$opt_reduce.cc:137:opt_pmux$1440 $auto$opt_reduce.cc:137:opt_pmux$1438 $auto$opt_reduce.cc:137:opt_pmux$1436 $auto$opt_reduce.cc:137:opt_pmux$1434 $auto$opt_reduce.cc:137:opt_pmux$1432 $auto$opt_reduce.cc:137:opt_pmux$1430 $auto$opt_reduce.cc:137:opt_pmux$1428 $auto$opt_reduce.cc:137:opt_pmux$1426 $flatten\u_core.\SU2.\TW.$procmux$750_CMP $flatten\u_core.\SU2.\TW.$procmux$753_CMP $flatten\u_core.\SU2.\TW.$procmux$755_CMP $flatten\u_core.\SU2.\TW.$procmux$759_CMP $flatten\u_core.\SU2.\TW.$procmux$761_CMP $flatten\u_core.\SU2.\TW.$procmux$765_CMP $flatten\u_core.\SU2.\TW.$procmux$767_CMP $flatten\u_core.\SU2.\TW.$procmux$771_CMP $flatten\u_core.\SU2.\TW.$procmux$773_CMP $flatten\u_core.\SU2.\TW.$procmux$777_CMP $flatten\u_core.\SU2.\TW.$procmux$779_CMP $flatten\u_core.\SU2.\TW.$procmux$782_CMP }
    New ctrl vector for $pmux cell $flatten\u_core.\SU2.\TW.$procmux$783: { $flatten\u_core.\SU2.\TW.$procmux$689_CMP $auto$opt_reduce.cc:137:opt_pmux$1478 $flatten\u_core.\SU2.\TW.$procmux$695_CMP $auto$opt_reduce.cc:137:opt_pmux$1476 $flatten\u_core.\SU2.\TW.$procmux$701_CMP $auto$opt_reduce.cc:137:opt_pmux$1474 $flatten\u_core.\SU2.\TW.$procmux$707_CMP $auto$opt_reduce.cc:137:opt_pmux$1472 $flatten\u_core.\SU2.\TW.$procmux$713_CMP $auto$opt_reduce.cc:137:opt_pmux$1470 $flatten\u_core.\SU2.\TW.$procmux$719_CMP $flatten\u_core.\SU2.\TW.$procmux$722_CMP $flatten\u_core.\SU2.\TW.$procmux$724_CMP $flatten\u_core.\SU2.\TW.$procmux$725_CMP $flatten\u_core.\SU2.\TW.$procmux$728_CMP $flatten\u_core.\SU2.\TW.$procmux$730_CMP $flatten\u_core.\SU2.\TW.$procmux$731_CMP $flatten\u_core.\SU2.\TW.$procmux$734_CMP $flatten\u_core.\SU2.\TW.$procmux$736_CMP $flatten\u_core.\SU2.\TW.$procmux$737_CMP $flatten\u_core.\SU2.\TW.$procmux$740_CMP $flatten\u_core.\SU2.\TW.$procmux$742_CMP $flatten\u_core.\SU2.\TW.$procmux$743_CMP $flatten\u_core.\SU2.\TW.$procmux$746_CMP $flatten\u_core.\SU2.\TW.$procmux$748_CMP $flatten\u_core.\SU2.\TW.$procmux$749_CMP $auto$opt_reduce.cc:137:opt_pmux$1468 $flatten\u_core.\SU2.\TW.$procmux$751_CMP $flatten\u_core.\SU2.\TW.$procmux$752_CMP $flatten\u_core.\SU2.\TW.$procmux$753_CMP $flatten\u_core.\SU2.\TW.$procmux$754_CMP $flatten\u_core.\SU2.\TW.$procmux$755_CMP $flatten\u_core.\SU2.\TW.$procmux$756_CMP $flatten\u_core.\SU2.\TW.$procmux$757_CMP $flatten\u_core.\SU2.\TW.$procmux$758_CMP $flatten\u_core.\SU2.\TW.$procmux$759_CMP $flatten\u_core.\SU2.\TW.$procmux$760_CMP $flatten\u_core.\SU2.\TW.$procmux$761_CMP $flatten\u_core.\SU2.\TW.$procmux$762_CMP $flatten\u_core.\SU2.\TW.$procmux$763_CMP $flatten\u_core.\SU2.\TW.$procmux$764_CMP $flatten\u_core.\SU2.\TW.$procmux$765_CMP $flatten\u_core.\SU2.\TW.$procmux$766_CMP $flatten\u_core.\SU2.\TW.$procmux$767_CMP $flatten\u_core.\SU2.\TW.$procmux$768_CMP $flatten\u_core.\SU2.\TW.$procmux$769_CMP $flatten\u_core.\SU2.\TW.$procmux$770_CMP $flatten\u_core.\SU2.\TW.$procmux$771_CMP $flatten\u_core.\SU2.\TW.$procmux$772_CMP $flatten\u_core.\SU2.\TW.$procmux$773_CMP $flatten\u_core.\SU2.\TW.$procmux$774_CMP $flatten\u_core.\SU2.\TW.$procmux$775_CMP $flatten\u_core.\SU2.\TW.$procmux$776_CMP $flatten\u_core.\SU2.\TW.$procmux$777_CMP $flatten\u_core.\SU2.\TW.$procmux$778_CMP $flatten\u_core.\SU2.\TW.$procmux$779_CMP $flatten\u_core.\SU2.\TW.$procmux$780_CMP $flatten\u_core.\SU2.\TW.$procmux$781_CMP }
    New ctrl vector for $pmux cell $flatten\u_core.\SU0.\TW.$procmux$783: { $flatten\u_core.\SU0.\TW.$procmux$689_CMP $auto$opt_reduce.cc:137:opt_pmux$1490 $flatten\u_core.\SU0.\TW.$procmux$695_CMP $auto$opt_reduce.cc:137:opt_pmux$1488 $flatten\u_core.\SU0.\TW.$procmux$701_CMP $auto$opt_reduce.cc:137:opt_pmux$1486 $flatten\u_core.\SU0.\TW.$procmux$707_CMP $auto$opt_reduce.cc:137:opt_pmux$1484 $flatten\u_core.\SU0.\TW.$procmux$713_CMP $auto$opt_reduce.cc:137:opt_pmux$1482 $flatten\u_core.\SU0.\TW.$procmux$719_CMP $flatten\u_core.\SU0.\TW.$procmux$722_CMP $flatten\u_core.\SU0.\TW.$procmux$724_CMP $flatten\u_core.\SU0.\TW.$procmux$725_CMP $flatten\u_core.\SU0.\TW.$procmux$728_CMP $flatten\u_core.\SU0.\TW.$procmux$730_CMP $flatten\u_core.\SU0.\TW.$procmux$731_CMP $flatten\u_core.\SU0.\TW.$procmux$734_CMP $flatten\u_core.\SU0.\TW.$procmux$736_CMP $flatten\u_core.\SU0.\TW.$procmux$737_CMP $flatten\u_core.\SU0.\TW.$procmux$740_CMP $flatten\u_core.\SU0.\TW.$procmux$742_CMP $flatten\u_core.\SU0.\TW.$procmux$743_CMP $flatten\u_core.\SU0.\TW.$procmux$746_CMP $flatten\u_core.\SU0.\TW.$procmux$748_CMP $flatten\u_core.\SU0.\TW.$procmux$749_CMP $auto$opt_reduce.cc:137:opt_pmux$1480 $flatten\u_core.\SU0.\TW.$procmux$751_CMP $flatten\u_core.\SU0.\TW.$procmux$752_CMP $flatten\u_core.\SU0.\TW.$procmux$753_CMP $flatten\u_core.\SU0.\TW.$procmux$754_CMP $flatten\u_core.\SU0.\TW.$procmux$755_CMP $flatten\u_core.\SU0.\TW.$procmux$756_CMP $flatten\u_core.\SU0.\TW.$procmux$757_CMP $flatten\u_core.\SU0.\TW.$procmux$758_CMP $flatten\u_core.\SU0.\TW.$procmux$759_CMP $flatten\u_core.\SU0.\TW.$procmux$760_CMP $flatten\u_core.\SU0.\TW.$procmux$761_CMP $flatten\u_core.\SU0.\TW.$procmux$762_CMP $flatten\u_core.\SU0.\TW.$procmux$763_CMP $flatten\u_core.\SU0.\TW.$procmux$764_CMP $flatten\u_core.\SU0.\TW.$procmux$765_CMP $flatten\u_core.\SU0.\TW.$procmux$766_CMP $flatten\u_core.\SU0.\TW.$procmux$767_CMP $flatten\u_core.\SU0.\TW.$procmux$768_CMP $flatten\u_core.\SU0.\TW.$procmux$769_CMP $flatten\u_core.\SU0.\TW.$procmux$770_CMP $flatten\u_core.\SU0.\TW.$procmux$771_CMP $flatten\u_core.\SU0.\TW.$procmux$772_CMP $flatten\u_core.\SU0.\TW.$procmux$773_CMP $flatten\u_core.\SU0.\TW.$procmux$774_CMP $flatten\u_core.\SU0.\TW.$procmux$775_CMP $flatten\u_core.\SU0.\TW.$procmux$776_CMP $flatten\u_core.\SU0.\TW.$procmux$777_CMP $flatten\u_core.\SU0.\TW.$procmux$778_CMP $flatten\u_core.\SU0.\TW.$procmux$779_CMP $flatten\u_core.\SU0.\TW.$procmux$780_CMP $flatten\u_core.\SU0.\TW.$procmux$781_CMP }
  Optimizing cells in module \peweaver_ppa_shared_fft.
Performed a total of 6 changes.

4.8.5. Executing OPT_MERGE pass (detect identical cells).
Finding identical cells in module `\peweaver_ppa_shared_fft'.
Computing hashes of 1032 cells of `\peweaver_ppa_shared_fft'.
Finding duplicate cells in `\peweaver_ppa_shared_fft'.
Computing hashes of 1029 cells of `\peweaver_ppa_shared_fft'.
Finding duplicate cells in `\peweaver_ppa_shared_fft'.
<suppressed ~9 debug messages>
Removed a total of 3 cells.

4.8.6. Executing OPT_DFF pass (perform DFF optimizations).

4.8.7. Executing OPT_CLEAN pass (remove unused cells and wires).
Finding unused cells or wires in module \peweaver_ppa_shared_fft..
Removed 192 unused cells and 583 unused wires.
<suppressed ~193 debug messages>

4.8.8. Executing OPT_EXPR pass (perform const folding).
Optimizing module peweaver_ppa_shared_fft.

4.8.9. Rerunning OPT passes. (Maybe there is more to do..)

4.8.10. Executing OPT_MUXTREE pass (detect dead branches in mux trees).
Running muxtree optimizer on module \peweaver_ppa_shared_fft..
  Creating internal representation of mux trees.
  Evaluating internal representation of mux trees.
  Analyzing evaluation results.
Removed 0 multiplexer ports.
<suppressed ~228 debug messages>

4.8.11. Executing OPT_REDUCE pass (consolidate $*mux and $reduce_* inputs).
  Optimizing cells in module \peweaver_ppa_shared_fft.
Performed a total of 0 changes.

4.8.12. Executing OPT_MERGE pass (detect identical cells).
Finding identical cells in module `\peweaver_ppa_shared_fft'.
Computing hashes of 837 cells of `\peweaver_ppa_shared_fft'.
Finding duplicate cells in `\peweaver_ppa_shared_fft'.
Removed a total of 0 cells.

4.8.13. Executing OPT_DFF pass (perform DFF optimizations).

4.8.14. Executing OPT_CLEAN pass (remove unused cells and wires).
Finding unused cells or wires in module \peweaver_ppa_shared_fft..

4.8.15. Executing OPT_EXPR pass (perform const folding).
Optimizing module peweaver_ppa_shared_fft.

4.8.16. Finished fast OPT passes. (There is nothing left to do.)

4.9. Executing FSM pass (extract and optimize FSM).

4.9.1. Executing FSM_DETECT pass (finding FSMs in design).
Not marking peweaver_ppa_shared_fft.u_core.SU2.TW.ff_re as FSM state register:
    Users of register don't seem to benefit from recoding.
Not marking peweaver_ppa_shared_fft.u_core.SU2.TW.ff_im as FSM state register:
    Users of register don't seem to benefit from recoding.
Not marking peweaver_ppa_shared_fft.u_core.SU1.TW.ff_im as FSM state register:
    Users of register don't seem to benefit from recoding.
Not marking peweaver_ppa_shared_fft.u_core.SU1.TW.ff_re as FSM state register:
    Users of register don't seem to benefit from recoding.
Not marking peweaver_ppa_shared_fft.u_core.SU0.TW.ff_im as FSM state register:
    Users of register don't seem to benefit from recoding.
Not marking peweaver_ppa_shared_fft.u_core.SU0.TW.ff_re as FSM state register:
    Users of register don't seem to benefit from recoding.

4.9.2. Executing FSM_EXTRACT pass (extracting FSM from design).

4.9.3. Executing FSM_OPT pass (simple optimizations of FSMs).

4.9.4. Executing OPT_CLEAN pass (remove unused cells and wires).
Finding unused cells or wires in module \peweaver_ppa_shared_fft..

4.9.5. Executing FSM_OPT pass (simple optimizations of FSMs).

4.9.6. Executing FSM_RECODE pass (re-assigning FSM state encoding).

4.9.7. Executing FSM_INFO pass (dumping all available information on FSM cells).

4.9.8. Executing FSM_MAP pass (mapping FSMs to basic logic).

4.10. Executing OPT pass (performing simple optimizations).

4.10.1. Executing OPT_EXPR pass (perform const folding).
Optimizing module peweaver_ppa_shared_fft.

4.10.2. Executing OPT_MERGE pass (detect identical cells).
Finding identical cells in module `\peweaver_ppa_shared_fft'.
Computing hashes of 837 cells of `\peweaver_ppa_shared_fft'.
Finding duplicate cells in `\peweaver_ppa_shared_fft'.
Removed a total of 0 cells.

4.10.3. Executing OPT_MUXTREE pass (detect dead branches in mux trees).
Running muxtree optimizer on module \peweaver_ppa_shared_fft..
  Creating internal representation of mux trees.
  Evaluating internal representation of mux trees.
  Analyzing evaluation results.
Removed 0 multiplexer ports.
<suppressed ~228 debug messages>

4.10.4. Executing OPT_REDUCE pass (consolidate $*mux and $reduce_* inputs).
  Optimizing cells in module \peweaver_ppa_shared_fft.
Performed a total of 0 changes.

4.10.5. Executing OPT_MERGE pass (detect identical cells).
Finding identical cells in module `\peweaver_ppa_shared_fft'.
Computing hashes of 837 cells of `\peweaver_ppa_shared_fft'.
Finding duplicate cells in `\peweaver_ppa_shared_fft'.
Removed a total of 0 cells.

4.10.6. Executing OPT_DFF pass (perform DFF optimizations).
Adding EN signal on $flatten\u_core.\SU2.$procdff$1078 ($adff) from module peweaver_ppa_shared_fft (D = $flatten\u_core.\SU2.$0\bf1_sp_en[0:0], Q = \u_core.SU2.bf1_sp_en).
Adding EN signal on $flatten\u_core.\SU2.$procdff$1064 ($adff) from module peweaver_ppa_shared_fft (D = $flatten\u_core.\SU2.$0\bf2_sp_en[0:0], Q = \u_core.SU2.bf2_sp_en).
Adding EN signal on $flatten\u_core.\SU1.$procdff$1042 ($adff) from module peweaver_ppa_shared_fft (D = $flatten\u_core.\SU1.$0\bf1_sp_en[0:0], Q = \u_core.SU1.bf1_sp_en).
Adding EN signal on $flatten\u_core.\SU1.$procdff$1028 ($adff) from module peweaver_ppa_shared_fft (D = $flatten\u_core.\SU1.$0\bf2_sp_en[0:0], Q = \u_core.SU1.bf2_sp_en).
Adding EN signal on $flatten\u_core.\SU0.$procdff$992 ($adff) from module peweaver_ppa_shared_fft (D = $flatten\u_core.\SU0.$0\bf2_sp_en[0:0], Q = \u_core.SU0.bf2_sp_en).
Adding EN signal on $flatten\u_core.\SU0.$procdff$1006 ($adff) from module peweaver_ppa_shared_fft (D = $flatten\u_core.\SU0.$0\bf1_sp_en[0:0], Q = \u_core.SU0.bf1_sp_en).

4.10.7. Executing OPT_CLEAN pass (remove unused cells and wires).
Finding unused cells or wires in module \peweaver_ppa_shared_fft..

4.10.8. Executing OPT_EXPR pass (perform const folding).
Optimizing module peweaver_ppa_shared_fft.
<suppressed ~6 debug messages>

4.10.9. Rerunning OPT passes. (Maybe there is more to do..)

4.10.10. Executing OPT_MUXTREE pass (detect dead branches in mux trees).
Running muxtree optimizer on module \peweaver_ppa_shared_fft..
  Creating internal representation of mux trees.
  Evaluating internal representation of mux trees.
  Analyzing evaluation results.
Removed 0 multiplexer ports.
<suppressed ~228 debug messages>

4.10.11. Executing OPT_REDUCE pass (consolidate $*mux and $reduce_* inputs).
  Optimizing cells in module \peweaver_ppa_shared_fft.
Performed a total of 0 changes.

4.10.12. Executing OPT_MERGE pass (detect identical cells).
Finding identical cells in module `\peweaver_ppa_shared_fft'.
Computing hashes of 843 cells of `\peweaver_ppa_shared_fft'.
Finding duplicate cells in `\peweaver_ppa_shared_fft'.
Removed a total of 0 cells.

4.10.13. Executing OPT_DFF pass (perform DFF optimizations).

4.10.14. Executing OPT_CLEAN pass (remove unused cells and wires).
Finding unused cells or wires in module \peweaver_ppa_shared_fft..

4.10.15. Executing OPT_EXPR pass (perform const folding).
Optimizing module peweaver_ppa_shared_fft.

4.10.16. Finished fast OPT passes. (There is nothing left to do.)

4.11. Executing WREDUCE pass (reducing word size of cells).
Removed top 30 bits (of 32) from mux cell peweaver_ppa_shared_fft.$flatten\u_core.\SU2.$ternary$rtl/peweaver_shared_fft.v:169$395 ($mux).
Removed top 31 bits (of 32) from mux cell peweaver_ppa_shared_fft.$flatten\u_core.\SU2.$ternary$rtl/peweaver_shared_fft.v:170$396 ($mux).
Removed top 5 bits (of 7) from port B of cell peweaver_ppa_shared_fft.$flatten\u_core.\SU2.$eq$rtl/peweaver_shared_fft.v:216$405 ($eq).
Removed top 15 bits (of 16) from port A of cell peweaver_ppa_shared_fft.$flatten\u_core.\SU2.$sub$rtl/peweaver_shared_fft.v:236$418 ($sub).
Removed top 6 bits (of 7) from port B of cell peweaver_ppa_shared_fft.$flatten\u_core.\SU2.$eq$rtl/peweaver_shared_fft.v:296$429 ($eq).
Removed top 2 bits (of 7) from port A of cell peweaver_ppa_shared_fft.$flatten\u_core.\SU2.$mul$rtl/peweaver_shared_fft.v:349$445 ($mul).
Removed top 5 bits (of 7) from port B of cell peweaver_ppa_shared_fft.$flatten\u_core.\SU2.$mul$rtl/peweaver_shared_fft.v:349$445 ($mul).
Removed top 1 bits (of 32) from port Y of cell peweaver_ppa_shared_fft.$flatten\u_core.\SU2.\MU.$mul$rtl/peweaver_shared_fft.v:605$595 ($mul).
Removed top 30 bits (of 32) from port B of cell peweaver_ppa_shared_fft.$flatten\u_core.\SU2.\BF2.$add$rtl/peweaver_shared_fft.v:586$618 ($add).
Removed top 15 bits (of 32) from port Y of cell peweaver_ppa_shared_fft.$flatten\u_core.\SU2.\BF2.$add$rtl/peweaver_shared_fft.v:586$618 ($add).
Removed top 30 bits (of 32) from port B of cell peweaver_ppa_shared_fft.$flatten\u_core.\SU2.\BF2.$add$rtl/peweaver_shared_fft.v:584$614 ($add).
Removed top 15 bits (of 32) from port Y of cell peweaver_ppa_shared_fft.$flatten\u_core.\SU2.\BF2.$add$rtl/peweaver_shared_fft.v:584$614 ($add).
Removed top 30 bits (of 32) from port B of cell peweaver_ppa_shared_fft.$flatten\u_core.\SU2.\BF2.$add$rtl/peweaver_shared_fft.v:585$616 ($add).
Removed top 15 bits (of 32) from port Y of cell peweaver_ppa_shared_fft.$flatten\u_core.\SU2.\BF2.$add$rtl/peweaver_shared_fft.v:585$616 ($add).
Removed top 30 bits (of 32) from port B of cell peweaver_ppa_shared_fft.$flatten\u_core.\SU2.\BF2.$add$rtl/peweaver_shared_fft.v:583$612 ($add).
Removed top 15 bits (of 32) from port Y of cell peweaver_ppa_shared_fft.$flatten\u_core.\SU2.\BF2.$add$rtl/peweaver_shared_fft.v:583$612 ($add).
Removed top 6 bits (of 7) from port B of cell peweaver_ppa_shared_fft.$flatten\u_core.\SU2.\TW.$procmux$781_CMP0 ($eq).
Removed top 5 bits (of 7) from port B of cell peweaver_ppa_shared_fft.$flatten\u_core.\SU2.\TW.$procmux$780_CMP0 ($eq).
Removed top 5 bits (of 7) from port B of cell peweaver_ppa_shared_fft.$flatten\u_core.\SU2.\TW.$procmux$779_CMP0 ($eq).
Removed top 4 bits (of 7) from port B of cell peweaver_ppa_shared_fft.$flatten\u_core.\SU2.\TW.$procmux$778_CMP0 ($eq).
Removed top 4 bits (of 7) from port B of cell peweaver_ppa_shared_fft.$flatten\u_core.\SU2.\TW.$procmux$777_CMP0 ($eq).
Removed top 4 bits (of 7) from port B of cell peweaver_ppa_shared_fft.$flatten\u_core.\SU2.\TW.$procmux$776_CMP0 ($eq).
Removed top 4 bits (of 7) from port B of cell peweaver_ppa_shared_fft.$flatten\u_core.\SU2.\TW.$procmux$775_CMP0 ($eq).
Removed top 3 bits (of 7) from port B of cell peweaver_ppa_shared_fft.$flatten\u_core.\SU2.\TW.$procmux$774_CMP0 ($eq).
Removed top 3 bits (of 7) from port B of cell peweaver_ppa_shared_fft.$flatten\u_core.\SU2.\TW.$procmux$773_CMP0 ($eq).
Removed top 3 bits (of 7) from port B of cell peweaver_ppa_shared_fft.$flatten\u_core.\SU2.\TW.$procmux$772_CMP0 ($eq).
Removed top 3 bits (of 7) from port B of cell peweaver_ppa_shared_fft.$flatten\u_core.\SU2.\TW.$procmux$771_CMP0 ($eq).
Removed top 3 bits (of 7) from port B of cell peweaver_ppa_shared_fft.$flatten\u_core.\SU2.\TW.$procmux$770_CMP0 ($eq).
Removed top 3 bits (of 7) from port B of cell peweaver_ppa_shared_fft.$flatten\u_core.\SU2.\TW.$procmux$769_CMP0 ($eq).
Removed top 3 bits (of 7) from port B of cell peweaver_ppa_shared_fft.$flatten\u_core.\SU2.\TW.$procmux$768_CMP0 ($eq).
Removed top 3 bits (of 7) from port B of cell peweaver_ppa_shared_fft.$flatten\u_core.\SU2.\TW.$procmux$767_CMP0 ($eq).
Removed top 2 bits (of 7) from port B of cell peweaver_ppa_shared_fft.$flatten\u_core.\SU2.\TW.$procmux$766_CMP0 ($eq).
Removed top 2 bits (of 7) from port B of cell peweaver_ppa_shared_fft.$flatten\u_core.\SU2.\TW.$procmux$765_CMP0 ($eq).
Removed top 2 bits (of 7) from port B of cell peweaver_ppa_shared_fft.$flatten\u_core.\SU2.\TW.$procmux$764_CMP0 ($eq).
Removed top 2 bits (of 7) from port B of cell peweaver_ppa_shared_fft.$flatten\u_core.\SU2.\TW.$procmux$763_CMP0 ($eq).
Removed top 2 bits (of 7) from port B of cell peweaver_ppa_shared_fft.$flatten\u_core.\SU2.\TW.$procmux$762_CMP0 ($eq).
Removed top 2 bits (of 7) from port B of cell peweaver_ppa_shared_fft.$flatten\u_core.\SU2.\TW.$procmux$761_CMP0 ($eq).
Removed top 2 bits (of 7) from port B of cell peweaver_ppa_shared_fft.$flatten\u_core.\SU2.\TW.$procmux$760_CMP0 ($eq).
Removed top 2 bits (of 7) from port B of cell peweaver_ppa_shared_fft.$flatten\u_core.\SU2.\TW.$procmux$759_CMP0 ($eq).
Removed top 2 bits (of 7) from port B of cell peweaver_ppa_shared_fft.$flatten\u_core.\SU2.\TW.$procmux$758_CMP0 ($eq).
Removed top 2 bits (of 7) from port B of cell peweaver_ppa_shared_fft.$flatten\u_core.\SU2.\TW.$procmux$757_CMP0 ($eq).
Removed top 2 bits (of 7) from port B of cell peweaver_ppa_shared_fft.$flatten\u_core.\SU2.\TW.$procmux$756_CMP0 ($eq).
Removed top 2 bits (of 7) from port B of cell peweaver_ppa_shared_fft.$flatten\u_core.\SU2.\TW.$procmux$755_CMP0 ($eq).
Removed top 2 bits (of 7) from port B of cell peweaver_ppa_shared_fft.$flatten\u_core.\SU2.\TW.$procmux$754_CMP0 ($eq).
Removed top 2 bits (of 7) from port B of cell peweaver_ppa_shared_fft.$flatten\u_core.\SU2.\TW.$procmux$753_CMP0 ($eq).
Removed top 2 bits (of 7) from port B of cell peweaver_ppa_shared_fft.$flatten\u_core.\SU2.\TW.$procmux$752_CMP0 ($eq).
Removed top 2 bits (of 7) from port B of cell peweaver_ppa_shared_fft.$flatten\u_core.\SU2.\TW.$procmux$751_CMP0 ($eq).
Removed top 1 bits (of 7) from port B of cell peweaver_ppa_shared_fft.$flatten\u_core.\SU2.\TW.$procmux$750_CMP0 ($eq).
Removed top 1 bits (of 7) from port B of cell peweaver_ppa_shared_fft.$flatten\u_core.\SU2.\TW.$procmux$749_CMP0 ($eq).
Removed top 1 bits (of 7) from port B of cell peweaver_ppa_shared_fft.$flatten\u_core.\SU2.\TW.$procmux$748_CMP0 ($eq).
Removed top 1 bits (of 7) from port B of cell peweaver_ppa_shared_fft.$flatten\u_core.\SU2.\TW.$procmux$746_CMP0 ($eq).
Removed top 1 bits (of 7) from port B of cell peweaver_ppa_shared_fft.$flatten\u_core.\SU2.\TW.$procmux$744_CMP0 ($eq).
Removed top 1 bits (of 7) from port B of cell peweaver_ppa_shared_fft.$flatten\u_core.\SU2.\TW.$procmux$743_CMP0 ($eq).
Removed top 1 bits (of 7) from port B of cell peweaver_ppa_shared_fft.$flatten\u_core.\SU2.\TW.$procmux$742_CMP0 ($eq).
Removed top 1 bits (of 7) from port B of cell peweaver_ppa_shared_fft.$flatten\u_core.\SU2.\TW.$procmux$740_CMP0 ($eq).
Removed top 1 bits (of 7) from port B of cell peweaver_ppa_shared_fft.$flatten\u_core.\SU2.\TW.$procmux$738_CMP0 ($eq).
Removed top 1 bits (of 7) from port B of cell peweaver_ppa_shared_fft.$flatten\u_core.\SU2.\TW.$procmux$737_CMP0 ($eq).
Removed top 1 bits (of 7) from port B of cell peweaver_ppa_shared_fft.$flatten\u_core.\SU2.\TW.$procmux$736_CMP0 ($eq).
Removed top 1 bits (of 7) from port B of cell peweaver_ppa_shared_fft.$flatten\u_core.\SU2.\TW.$procmux$734_CMP0 ($eq).
Removed top 1 bits (of 7) from port B of cell peweaver_ppa_shared_fft.$flatten\u_core.\SU2.\TW.$procmux$732_CMP0 ($eq).
Removed top 1 bits (of 7) from port B of cell peweaver_ppa_shared_fft.$flatten\u_core.\SU2.\TW.$procmux$731_CMP0 ($eq).
Removed top 1 bits (of 7) from port B of cell peweaver_ppa_shared_fft.$flatten\u_core.\SU2.\TW.$procmux$730_CMP0 ($eq).
Removed top 1 bits (of 7) from port B of cell peweaver_ppa_shared_fft.$flatten\u_core.\SU2.\TW.$procmux$728_CMP0 ($eq).
Removed top 1 bits (of 7) from port B of cell peweaver_ppa_shared_fft.$flatten\u_core.\SU2.\TW.$procmux$726_CMP0 ($eq).
Removed top 1 bits (of 7) from port B of cell peweaver_ppa_shared_fft.$flatten\u_core.\SU2.\TW.$procmux$725_CMP0 ($eq).
Removed top 1 bits (of 7) from port B of cell peweaver_ppa_shared_fft.$flatten\u_core.\SU2.\TW.$procmux$724_CMP0 ($eq).
Removed top 1 bits (of 7) from port B of cell peweaver_ppa_shared_fft.$flatten\u_core.\SU2.\TW.$procmux$722_CMP0 ($eq).
Removed top 1 bits (of 7) from port B of cell peweaver_ppa_shared_fft.$flatten\u_core.\SU2.\TW.$procmux$720_CMP0 ($eq).
Removed top 1 bits (of 7) from port B of cell peweaver_ppa_shared_fft.$flatten\u_core.\SU2.\TW.$procmux$719_CMP0 ($eq).
Removed top 1 bits (of 32) from port Y of cell peweaver_ppa_shared_fft.$flatten\u_core.\SU2.\MU.$mul$rtl/peweaver_shared_fft.v:608$598 ($mul).
Removed top 1 bits (of 32) from port Y of cell peweaver_ppa_shared_fft.$flatten\u_core.\SU2.\MU.$mul$rtl/peweaver_shared_fft.v:607$597 ($mul).
Removed top 1 bits (of 32) from port Y of cell peweaver_ppa_shared_fft.$flatten\u_core.\SU2.\MU.$mul$rtl/peweaver_shared_fft.v:606$596 ($mul).
Removed top 28 bits (of 32) from mux cell peweaver_ppa_shared_fft.$flatten\u_core.\SU1.$ternary$rtl/peweaver_shared_fft.v:169$462 ($mux).
Removed top 29 bits (of 32) from mux cell peweaver_ppa_shared_fft.$flatten\u_core.\SU1.$ternary$rtl/peweaver_shared_fft.v:170$463 ($mux).
Removed top 3 bits (of 7) from port B of cell peweaver_ppa_shared_fft.$flatten\u_core.\SU1.$eq$rtl/peweaver_shared_fft.v:216$472 ($eq).
Removed top 15 bits (of 16) from port A of cell peweaver_ppa_shared_fft.$flatten\u_core.\SU1.$sub$rtl/peweaver_shared_fft.v:236$485 ($sub).
Removed top 4 bits (of 7) from port B of cell peweaver_ppa_shared_fft.$flatten\u_core.\SU1.$eq$rtl/peweaver_shared_fft.v:296$496 ($eq).
Removed top 2 bits (of 7) from port A of cell peweaver_ppa_shared_fft.$flatten\u_core.\SU1.$mul$rtl/peweaver_shared_fft.v:349$512 ($mul).
Removed top 5 bits (of 7) from port B of cell peweaver_ppa_shared_fft.$flatten\u_core.\SU1.$mul$rtl/peweaver_shared_fft.v:349$512 ($mul).
Removed top 1 bits (of 32) from port Y of cell peweaver_ppa_shared_fft.$flatten\u_core.\SU1.\MU.$mul$rtl/peweaver_shared_fft.v:605$595 ($mul).
Removed top 30 bits (of 32) from port B of cell peweaver_ppa_shared_fft.$flatten\u_core.\SU1.\BF2.$add$rtl/peweaver_shared_fft.v:586$618 ($add).
Removed top 15 bits (of 32) from port Y of cell peweaver_ppa_shared_fft.$flatten\u_core.\SU1.\BF2.$add$rtl/peweaver_shared_fft.v:586$618 ($add).
Removed top 30 bits (of 32) from port B of cell peweaver_ppa_shared_fft.$flatten\u_core.\SU1.\BF2.$add$rtl/peweaver_shared_fft.v:584$614 ($add).
Removed top 15 bits (of 32) from port Y of cell peweaver_ppa_shared_fft.$flatten\u_core.\SU1.\BF2.$add$rtl/peweaver_shared_fft.v:584$614 ($add).
Removed top 30 bits (of 32) from port B of cell peweaver_ppa_shared_fft.$flatten\u_core.\SU1.\BF2.$add$rtl/peweaver_shared_fft.v:585$616 ($add).
Removed top 15 bits (of 32) from port Y of cell peweaver_ppa_shared_fft.$flatten\u_core.\SU1.\BF2.$add$rtl/peweaver_shared_fft.v:585$616 ($add).
Removed top 30 bits (of 32) from port B of cell peweaver_ppa_shared_fft.$flatten\u_core.\SU1.\BF2.$add$rtl/peweaver_shared_fft.v:583$612 ($add).
Removed top 15 bits (of 32) from port Y of cell peweaver_ppa_shared_fft.$flatten\u_core.\SU1.\BF2.$add$rtl/peweaver_shared_fft.v:583$612 ($add).
Removed top 6 bits (of 7) from port B of cell peweaver_ppa_shared_fft.$flatten\u_core.\SU1.\TW.$procmux$781_CMP0 ($eq).
Removed top 5 bits (of 7) from port B of cell peweaver_ppa_shared_fft.$flatten\u_core.\SU1.\TW.$procmux$780_CMP0 ($eq).
Removed top 5 bits (of 7) from port B of cell peweaver_ppa_shared_fft.$flatten\u_core.\SU1.\TW.$procmux$779_CMP0 ($eq).
Removed top 4 bits (of 7) from port B of cell peweaver_ppa_shared_fft.$flatten\u_core.\SU1.\TW.$procmux$778_CMP0 ($eq).
Removed top 4 bits (of 7) from port B of cell peweaver_ppa_shared_fft.$flatten\u_core.\SU1.\TW.$procmux$777_CMP0 ($eq).
Removed top 4 bits (of 7) from port B of cell peweaver_ppa_shared_fft.$flatten\u_core.\SU1.\TW.$procmux$776_CMP0 ($eq).
Removed top 4 bits (of 7) from port B of cell peweaver_ppa_shared_fft.$flatten\u_core.\SU1.\TW.$procmux$775_CMP0 ($eq).
Removed top 3 bits (of 7) from port B of cell peweaver_ppa_shared_fft.$flatten\u_core.\SU1.\TW.$procmux$774_CMP0 ($eq).
Removed top 3 bits (of 7) from port B of cell peweaver_ppa_shared_fft.$flatten\u_core.\SU1.\TW.$procmux$773_CMP0 ($eq).
Removed top 3 bits (of 7) from port B of cell peweaver_ppa_shared_fft.$flatten\u_core.\SU1.\TW.$procmux$772_CMP0 ($eq).
Removed top 3 bits (of 7) from port B of cell peweaver_ppa_shared_fft.$flatten\u_core.\SU1.\TW.$procmux$771_CMP0 ($eq).
Removed top 3 bits (of 7) from port B of cell peweaver_ppa_shared_fft.$flatten\u_core.\SU1.\TW.$procmux$770_CMP0 ($eq).
Removed top 3 bits (of 7) from port B of cell peweaver_ppa_shared_fft.$flatten\u_core.\SU1.\TW.$procmux$769_CMP0 ($eq).
Removed top 3 bits (of 7) from port B of cell peweaver_ppa_shared_fft.$flatten\u_core.\SU1.\TW.$procmux$768_CMP0 ($eq).
Removed top 3 bits (of 7) from port B of cell peweaver_ppa_shared_fft.$flatten\u_core.\SU1.\TW.$procmux$767_CMP0 ($eq).
Removed top 2 bits (of 7) from port B of cell peweaver_ppa_shared_fft.$flatten\u_core.\SU1.\TW.$procmux$766_CMP0 ($eq).
Removed top 2 bits (of 7) from port B of cell peweaver_ppa_shared_fft.$flatten\u_core.\SU1.\TW.$procmux$765_CMP0 ($eq).
Removed top 2 bits (of 7) from port B of cell peweaver_ppa_shared_fft.$flatten\u_core.\SU1.\TW.$procmux$764_CMP0 ($eq).
Removed top 2 bits (of 7) from port B of cell peweaver_ppa_shared_fft.$flatten\u_core.\SU1.\TW.$procmux$763_CMP0 ($eq).
Removed top 2 bits (of 7) from port B of cell peweaver_ppa_shared_fft.$flatten\u_core.\SU1.\TW.$procmux$762_CMP0 ($eq).
Removed top 2 bits (of 7) from port B of cell peweaver_ppa_shared_fft.$flatten\u_core.\SU1.\TW.$procmux$761_CMP0 ($eq).
Removed top 2 bits (of 7) from port B of cell peweaver_ppa_shared_fft.$flatten\u_core.\SU1.\TW.$procmux$760_CMP0 ($eq).
Removed top 2 bits (of 7) from port B of cell peweaver_ppa_shared_fft.$flatten\u_core.\SU1.\TW.$procmux$759_CMP0 ($eq).
Removed top 2 bits (of 7) from port B of cell peweaver_ppa_shared_fft.$flatten\u_core.\SU1.\TW.$procmux$758_CMP0 ($eq).
Removed top 2 bits (of 7) from port B of cell peweaver_ppa_shared_fft.$flatten\u_core.\SU1.\TW.$procmux$757_CMP0 ($eq).
Removed top 2 bits (of 7) from port B of cell peweaver_ppa_shared_fft.$flatten\u_core.\SU1.\TW.$procmux$756_CMP0 ($eq).
Removed top 2 bits (of 7) from port B of cell peweaver_ppa_shared_fft.$flatten\u_core.\SU1.\TW.$procmux$755_CMP0 ($eq).
Removed top 2 bits (of 7) from port B of cell peweaver_ppa_shared_fft.$flatten\u_core.\SU1.\TW.$procmux$754_CMP0 ($eq).
Removed top 2 bits (of 7) from port B of cell peweaver_ppa_shared_fft.$flatten\u_core.\SU1.\TW.$procmux$753_CMP0 ($eq).
Removed top 2 bits (of 7) from port B of cell peweaver_ppa_shared_fft.$flatten\u_core.\SU1.\TW.$procmux$752_CMP0 ($eq).
Removed top 2 bits (of 7) from port B of cell peweaver_ppa_shared_fft.$flatten\u_core.\SU1.\TW.$procmux$751_CMP0 ($eq).
Removed top 1 bits (of 7) from port B of cell peweaver_ppa_shared_fft.$flatten\u_core.\SU1.\TW.$procmux$750_CMP0 ($eq).
Removed top 1 bits (of 7) from port B of cell peweaver_ppa_shared_fft.$flatten\u_core.\SU1.\TW.$procmux$749_CMP0 ($eq).
Removed top 1 bits (of 7) from port B of cell peweaver_ppa_shared_fft.$flatten\u_core.\SU1.\TW.$procmux$748_CMP0 ($eq).
Removed top 1 bits (of 7) from port B of cell peweaver_ppa_shared_fft.$flatten\u_core.\SU1.\TW.$procmux$746_CMP0 ($eq).
Removed top 1 bits (of 7) from port B of cell peweaver_ppa_shared_fft.$flatten\u_core.\SU1.\TW.$procmux$744_CMP0 ($eq).
Removed top 1 bits (of 7) from port B of cell peweaver_ppa_shared_fft.$flatten\u_core.\SU1.\TW.$procmux$743_CMP0 ($eq).
Removed top 1 bits (of 7) from port B of cell peweaver_ppa_shared_fft.$flatten\u_core.\SU1.\TW.$procmux$742_CMP0 ($eq).
Removed top 1 bits (of 7) from port B of cell peweaver_ppa_shared_fft.$flatten\u_core.\SU1.\TW.$procmux$740_CMP0 ($eq).
Removed top 1 bits (of 7) from port B of cell peweaver_ppa_shared_fft.$flatten\u_core.\SU1.\TW.$procmux$738_CMP0 ($eq).
Removed top 1 bits (of 7) from port B of cell peweaver_ppa_shared_fft.$flatten\u_core.\SU1.\TW.$procmux$737_CMP0 ($eq).
Removed top 1 bits (of 7) from port B of cell peweaver_ppa_shared_fft.$flatten\u_core.\SU1.\TW.$procmux$736_CMP0 ($eq).
Removed top 1 bits (of 7) from port B of cell peweaver_ppa_shared_fft.$flatten\u_core.\SU1.\TW.$procmux$734_CMP0 ($eq).
Removed top 1 bits (of 7) from port B of cell peweaver_ppa_shared_fft.$flatten\u_core.\SU1.\TW.$procmux$732_CMP0 ($eq).
Removed top 1 bits (of 7) from port B of cell peweaver_ppa_shared_fft.$flatten\u_core.\SU1.\TW.$procmux$731_CMP0 ($eq).
Removed top 1 bits (of 7) from port B of cell peweaver_ppa_shared_fft.$flatten\u_core.\SU1.\TW.$procmux$730_CMP0 ($eq).
Removed top 1 bits (of 7) from port B of cell peweaver_ppa_shared_fft.$flatten\u_core.\SU1.\TW.$procmux$728_CMP0 ($eq).
Removed top 1 bits (of 7) from port B of cell peweaver_ppa_shared_fft.$flatten\u_core.\SU1.\TW.$procmux$726_CMP0 ($eq).
Removed top 1 bits (of 7) from port B of cell peweaver_ppa_shared_fft.$flatten\u_core.\SU1.\TW.$procmux$725_CMP0 ($eq).
Removed top 1 bits (of 7) from port B of cell peweaver_ppa_shared_fft.$flatten\u_core.\SU1.\TW.$procmux$724_CMP0 ($eq).
Removed top 1 bits (of 7) from port B of cell peweaver_ppa_shared_fft.$flatten\u_core.\SU1.\TW.$procmux$722_CMP0 ($eq).
Removed top 1 bits (of 7) from port B of cell peweaver_ppa_shared_fft.$flatten\u_core.\SU1.\TW.$procmux$720_CMP0 ($eq).
Removed top 1 bits (of 7) from port B of cell peweaver_ppa_shared_fft.$flatten\u_core.\SU1.\TW.$procmux$719_CMP0 ($eq).
Removed top 1 bits (of 32) from port Y of cell peweaver_ppa_shared_fft.$flatten\u_core.\SU1.\MU.$mul$rtl/peweaver_shared_fft.v:608$598 ($mul).
Removed top 1 bits (of 32) from port Y of cell peweaver_ppa_shared_fft.$flatten\u_core.\SU1.\MU.$mul$rtl/peweaver_shared_fft.v:607$597 ($mul).
Removed top 1 bits (of 32) from port Y of cell peweaver_ppa_shared_fft.$flatten\u_core.\SU1.\MU.$mul$rtl/peweaver_shared_fft.v:606$596 ($mul).
Removed top 26 bits (of 32) from mux cell peweaver_ppa_shared_fft.$flatten\u_core.\SU0.$ternary$rtl/peweaver_shared_fft.v:169$529 ($mux).
Removed top 27 bits (of 32) from mux cell peweaver_ppa_shared_fft.$flatten\u_core.\SU0.$ternary$rtl/peweaver_shared_fft.v:170$530 ($mux).
Removed top 1 bits (of 7) from port B of cell peweaver_ppa_shared_fft.$flatten\u_core.\SU0.$eq$rtl/peweaver_shared_fft.v:216$539 ($eq).
Removed top 15 bits (of 16) from port A of cell peweaver_ppa_shared_fft.$flatten\u_core.\SU0.$sub$rtl/peweaver_shared_fft.v:236$552 ($sub).
Removed top 2 bits (of 7) from port B of cell peweaver_ppa_shared_fft.$flatten\u_core.\SU0.$eq$rtl/peweaver_shared_fft.v:296$563 ($eq).
Removed top 2 bits (of 7) from port A of cell peweaver_ppa_shared_fft.$flatten\u_core.\SU0.$mul$rtl/peweaver_shared_fft.v:349$579 ($mul).
Removed top 5 bits (of 7) from port B of cell peweaver_ppa_shared_fft.$flatten\u_core.\SU0.$mul$rtl/peweaver_shared_fft.v:349$579 ($mul).
Removed top 1 bits (of 32) from port Y of cell peweaver_ppa_shared_fft.$flatten\u_core.\SU0.\MU.$mul$rtl/peweaver_shared_fft.v:605$595 ($mul).
Removed top 30 bits (of 32) from port B of cell peweaver_ppa_shared_fft.$flatten\u_core.\SU0.\BF2.$add$rtl/peweaver_shared_fft.v:586$618 ($add).
Removed top 15 bits (of 32) from port Y of cell peweaver_ppa_shared_fft.$flatten\u_core.\SU0.\BF2.$add$rtl/peweaver_shared_fft.v:586$618 ($add).
Removed top 30 bits (of 32) from port B of cell peweaver_ppa_shared_fft.$flatten\u_core.\SU0.\BF2.$add$rtl/peweaver_shared_fft.v:584$614 ($add).
Removed top 15 bits (of 32) from port Y of cell peweaver_ppa_shared_fft.$flatten\u_core.\SU0.\BF2.$add$rtl/peweaver_shared_fft.v:584$614 ($add).
Removed top 30 bits (of 32) from port B of cell peweaver_ppa_shared_fft.$flatten\u_core.\SU0.\BF2.$add$rtl/peweaver_shared_fft.v:585$616 ($add).
Removed top 15 bits (of 32) from port Y of cell peweaver_ppa_shared_fft.$flatten\u_core.\SU0.\BF2.$add$rtl/peweaver_shared_fft.v:585$616 ($add).
Removed top 30 bits (of 32) from port B of cell peweaver_ppa_shared_fft.$flatten\u_core.\SU0.\BF2.$add$rtl/peweaver_shared_fft.v:583$612 ($add).
Removed top 15 bits (of 32) from port Y of cell peweaver_ppa_shared_fft.$flatten\u_core.\SU0.\BF2.$add$rtl/peweaver_shared_fft.v:583$612 ($add).
Removed top 6 bits (of 7) from port B of cell peweaver_ppa_shared_fft.$flatten\u_core.\SU0.\TW.$procmux$781_CMP0 ($eq).
Removed top 5 bits (of 7) from port B of cell peweaver_ppa_shared_fft.$flatten\u_core.\SU0.\TW.$procmux$780_CMP0 ($eq).
Removed top 5 bits (of 7) from port B of cell peweaver_ppa_shared_fft.$flatten\u_core.\SU0.\TW.$procmux$779_CMP0 ($eq).
Removed top 4 bits (of 7) from port B of cell peweaver_ppa_shared_fft.$flatten\u_core.\SU0.\TW.$procmux$778_CMP0 ($eq).
Removed top 4 bits (of 7) from port B of cell peweaver_ppa_shared_fft.$flatten\u_core.\SU0.\TW.$procmux$777_CMP0 ($eq).
Removed top 4 bits (of 7) from port B of cell peweaver_ppa_shared_fft.$flatten\u_core.\SU0.\TW.$procmux$776_CMP0 ($eq).
Removed top 4 bits (of 7) from port B of cell peweaver_ppa_shared_fft.$flatten\u_core.\SU0.\TW.$procmux$775_CMP0 ($eq).
Removed top 3 bits (of 7) from port B of cell peweaver_ppa_shared_fft.$flatten\u_core.\SU0.\TW.$procmux$774_CMP0 ($eq).
Removed top 3 bits (of 7) from port B of cell peweaver_ppa_shared_fft.$flatten\u_core.\SU0.\TW.$procmux$773_CMP0 ($eq).
Removed top 3 bits (of 7) from port B of cell peweaver_ppa_shared_fft.$flatten\u_core.\SU0.\TW.$procmux$772_CMP0 ($eq).
Removed top 3 bits (of 7) from port B of cell peweaver_ppa_shared_fft.$flatten\u_core.\SU0.\TW.$procmux$771_CMP0 ($eq).
Removed top 3 bits (of 7) from port B of cell peweaver_ppa_shared_fft.$flatten\u_core.\SU0.\TW.$procmux$770_CMP0 ($eq).
Removed top 3 bits (of 7) from port B of cell peweaver_ppa_shared_fft.$flatten\u_core.\SU0.\TW.$procmux$769_CMP0 ($eq).
Removed top 3 bits (of 7) from port B of cell peweaver_ppa_shared_fft.$flatten\u_core.\SU0.\TW.$procmux$768_CMP0 ($eq).
Removed top 3 bits (of 7) from port B of cell peweaver_ppa_shared_fft.$flatten\u_core.\SU0.\TW.$procmux$767_CMP0 ($eq).
Removed top 2 bits (of 7) from port B of cell peweaver_ppa_shared_fft.$flatten\u_core.\SU0.\TW.$procmux$766_CMP0 ($eq).
Removed top 2 bits (of 7) from port B of cell peweaver_ppa_shared_fft.$flatten\u_core.\SU0.\TW.$procmux$765_CMP0 ($eq).
Removed top 2 bits (of 7) from port B of cell peweaver_ppa_shared_fft.$flatten\u_core.\SU0.\TW.$procmux$764_CMP0 ($eq).
Removed top 2 bits (of 7) from port B of cell peweaver_ppa_shared_fft.$flatten\u_core.\SU0.\TW.$procmux$763_CMP0 ($eq).
Removed top 2 bits (of 7) from port B of cell peweaver_ppa_shared_fft.$flatten\u_core.\SU0.\TW.$procmux$762_CMP0 ($eq).
Removed top 2 bits (of 7) from port B of cell peweaver_ppa_shared_fft.$flatten\u_core.\SU0.\TW.$procmux$761_CMP0 ($eq).
Removed top 2 bits (of 7) from port B of cell peweaver_ppa_shared_fft.$flatten\u_core.\SU0.\TW.$procmux$760_CMP0 ($eq).
Removed top 2 bits (of 7) from port B of cell peweaver_ppa_shared_fft.$flatten\u_core.\SU0.\TW.$procmux$759_CMP0 ($eq).
Removed top 2 bits (of 7) from port B of cell peweaver_ppa_shared_fft.$flatten\u_core.\SU0.\TW.$procmux$758_CMP0 ($eq).
Removed top 2 bits (of 7) from port B of cell peweaver_ppa_shared_fft.$flatten\u_core.\SU0.\TW.$procmux$757_CMP0 ($eq).
Removed top 2 bits (of 7) from port B of cell peweaver_ppa_shared_fft.$flatten\u_core.\SU0.\TW.$procmux$756_CMP0 ($eq).
Removed top 2 bits (of 7) from port B of cell peweaver_ppa_shared_fft.$flatten\u_core.\SU0.\TW.$procmux$755_CMP0 ($eq).
Removed top 2 bits (of 7) from port B of cell peweaver_ppa_shared_fft.$flatten\u_core.\SU0.\TW.$procmux$754_CMP0 ($eq).
Removed top 2 bits (of 7) from port B of cell peweaver_ppa_shared_fft.$flatten\u_core.\SU0.\TW.$procmux$753_CMP0 ($eq).
Removed top 2 bits (of 7) from port B of cell peweaver_ppa_shared_fft.$flatten\u_core.\SU0.\TW.$procmux$752_CMP0 ($eq).
Removed top 2 bits (of 7) from port B of cell peweaver_ppa_shared_fft.$flatten\u_core.\SU0.\TW.$procmux$751_CMP0 ($eq).
Removed top 1 bits (of 7) from port B of cell peweaver_ppa_shared_fft.$flatten\u_core.\SU0.\TW.$procmux$750_CMP0 ($eq).
Removed top 1 bits (of 7) from port B of cell peweaver_ppa_shared_fft.$flatten\u_core.\SU0.\TW.$procmux$749_CMP0 ($eq).
Removed top 1 bits (of 7) from port B of cell peweaver_ppa_shared_fft.$flatten\u_core.\SU0.\TW.$procmux$748_CMP0 ($eq).
Removed top 1 bits (of 7) from port B of cell peweaver_ppa_shared_fft.$flatten\u_core.\SU0.\TW.$procmux$746_CMP0 ($eq).
Removed top 1 bits (of 7) from port B of cell peweaver_ppa_shared_fft.$flatten\u_core.\SU0.\TW.$procmux$744_CMP0 ($eq).
Removed top 1 bits (of 7) from port B of cell peweaver_ppa_shared_fft.$flatten\u_core.\SU0.\TW.$procmux$743_CMP0 ($eq).
Removed top 1 bits (of 7) from port B of cell peweaver_ppa_shared_fft.$flatten\u_core.\SU0.\TW.$procmux$742_CMP0 ($eq).
Removed top 1 bits (of 7) from port B of cell peweaver_ppa_shared_fft.$flatten\u_core.\SU0.\TW.$procmux$740_CMP0 ($eq).
Removed top 1 bits (of 7) from port B of cell peweaver_ppa_shared_fft.$flatten\u_core.\SU0.\TW.$procmux$738_CMP0 ($eq).
Removed top 1 bits (of 7) from port B of cell peweaver_ppa_shared_fft.$flatten\u_core.\SU0.\TW.$procmux$737_CMP0 ($eq).
Removed top 1 bits (of 7) from port B of cell peweaver_ppa_shared_fft.$flatten\u_core.\SU0.\TW.$procmux$736_CMP0 ($eq).
Removed top 1 bits (of 7) from port B of cell peweaver_ppa_shared_fft.$flatten\u_core.\SU0.\TW.$procmux$734_CMP0 ($eq).
Removed top 1 bits (of 7) from port B of cell peweaver_ppa_shared_fft.$flatten\u_core.\SU0.\TW.$procmux$732_CMP0 ($eq).
Removed top 1 bits (of 7) from port B of cell peweaver_ppa_shared_fft.$flatten\u_core.\SU0.\TW.$procmux$731_CMP0 ($eq).
Removed top 1 bits (of 7) from port B of cell peweaver_ppa_shared_fft.$flatten\u_core.\SU0.\TW.$procmux$730_CMP0 ($eq).
Removed top 1 bits (of 7) from port B of cell peweaver_ppa_shared_fft.$flatten\u_core.\SU0.\TW.$procmux$728_CMP0 ($eq).
Removed top 1 bits (of 7) from port B of cell peweaver_ppa_shared_fft.$flatten\u_core.\SU0.\TW.$procmux$726_CMP0 ($eq).
Removed top 1 bits (of 7) from port B of cell peweaver_ppa_shared_fft.$flatten\u_core.\SU0.\TW.$procmux$725_CMP0 ($eq).
Removed top 1 bits (of 7) from port B of cell peweaver_ppa_shared_fft.$flatten\u_core.\SU0.\TW.$procmux$724_CMP0 ($eq).
Removed top 1 bits (of 7) from port B of cell peweaver_ppa_shared_fft.$flatten\u_core.\SU0.\TW.$procmux$722_CMP0 ($eq).
Removed top 1 bits (of 7) from port B of cell peweaver_ppa_shared_fft.$flatten\u_core.\SU0.\TW.$procmux$720_CMP0 ($eq).
Removed top 1 bits (of 7) from port B of cell peweaver_ppa_shared_fft.$flatten\u_core.\SU0.\TW.$procmux$719_CMP0 ($eq).
Removed top 1 bits (of 32) from port Y of cell peweaver_ppa_shared_fft.$flatten\u_core.\SU0.\MU.$mul$rtl/peweaver_shared_fft.v:608$598 ($mul).
Removed top 1 bits (of 32) from port Y of cell peweaver_ppa_shared_fft.$flatten\u_core.\SU0.\MU.$mul$rtl/peweaver_shared_fft.v:607$597 ($mul).
Removed top 1 bits (of 32) from port Y of cell peweaver_ppa_shared_fft.$flatten\u_core.\SU0.\MU.$mul$rtl/peweaver_shared_fft.v:606$596 ($mul).
Removed top 15 bits (of 32) from wire peweaver_ppa_shared_fft.$flatten\u_core.\SU0.\BF2.$add$rtl/peweaver_shared_fft.v:586$618_Y.
Removed top 15 bits (of 32) from wire peweaver_ppa_shared_fft.$flatten\u_core.\SU0.\BF2.$add$rtl/peweaver_shared_fft.v:585$616_Y.
Removed top 15 bits (of 32) from wire peweaver_ppa_shared_fft.$flatten\u_core.\SU0.\BF2.$add$rtl/peweaver_shared_fft.v:584$614_Y.
Removed top 15 bits (of 32) from wire peweaver_ppa_shared_fft.$flatten\u_core.\SU0.\BF2.$add$rtl/peweaver_shared_fft.v:583$612_Y.
Removed top 15 bits (of 32) from wire peweaver_ppa_shared_fft.$flatten\u_core.\SU1.\BF2.$add$rtl/peweaver_shared_fft.v:583$612_Y.
Removed top 15 bits (of 32) from wire peweaver_ppa_shared_fft.$flatten\u_core.\SU1.\BF2.$add$rtl/peweaver_shared_fft.v:584$614_Y.
Removed top 15 bits (of 32) from wire peweaver_ppa_shared_fft.$flatten\u_core.\SU1.\BF2.$add$rtl/peweaver_shared_fft.v:585$616_Y.
Removed top 15 bits (of 32) from wire peweaver_ppa_shared_fft.$flatten\u_core.\SU1.\BF2.$add$rtl/peweaver_shared_fft.v:586$618_Y.
Removed top 29 bits (of 32) from wire peweaver_ppa_shared_fft.$flatten\u_core.\SU1.$ternary$rtl/peweaver_shared_fft.v:170$463_Y.
Removed top 28 bits (of 32) from wire peweaver_ppa_shared_fft.$flatten\u_core.\SU1.$ternary$rtl/peweaver_shared_fft.v:169$462_Y.
Removed top 26 bits (of 32) from wire peweaver_ppa_shared_fft.$flatten\u_core.\SU0.$ternary$rtl/peweaver_shared_fft.v:169$529_Y.
Removed top 15 bits (of 32) from wire peweaver_ppa_shared_fft.$flatten\u_core.\SU2.\BF2.$add$rtl/peweaver_shared_fft.v:583$612_Y.
Removed top 15 bits (of 32) from wire peweaver_ppa_shared_fft.$flatten\u_core.\SU2.\BF2.$add$rtl/peweaver_shared_fft.v:584$614_Y.
Removed top 15 bits (of 32) from wire peweaver_ppa_shared_fft.$flatten\u_core.\SU2.\BF2.$add$rtl/peweaver_shared_fft.v:585$616_Y.
Removed top 15 bits (of 32) from wire peweaver_ppa_shared_fft.$flatten\u_core.\SU2.\BF2.$add$rtl/peweaver_shared_fft.v:586$618_Y.
Removed top 31 bits (of 32) from wire peweaver_ppa_shared_fft.$flatten\u_core.\SU2.$ternary$rtl/peweaver_shared_fft.v:170$396_Y.
Removed top 30 bits (of 32) from wire peweaver_ppa_shared_fft.$flatten\u_core.\SU2.$ternary$rtl/peweaver_shared_fft.v:169$395_Y.
Removed top 27 bits (of 32) from wire peweaver_ppa_shared_fft.$flatten\u_core.\SU0.$ternary$rtl/peweaver_shared_fft.v:170$530_Y.

4.12. Executing PEEPOPT pass (run peephole optimizers).

4.13. Executing OPT_CLEAN pass (remove unused cells and wires).
Finding unused cells or wires in module \peweaver_ppa_shared_fft..
Removed 0 unused cells and 24 unused wires.
<suppressed ~1 debug messages>

4.14. Executing ALUMACC pass (create $alu and $macc cells).
Extracting $alu and $macc cells in module peweaver_ppa_shared_fft:
  creating $macc model for $flatten\u_core.\SU0.\BF2.$add$rtl/peweaver_shared_fft.v:578$608 ($add).
  creating $macc model for $flatten\u_core.\SU0.$sub$rtl/peweaver_shared_fft.v:236$552 ($sub).
  creating $macc model for $flatten\u_core.\SU0.$add$rtl/peweaver_shared_fft.v:228$545 ($add).
  creating $macc model for $flatten\u_core.\SU0.\BF1.$add$rtl/peweaver_shared_fft.v:578$623 ($add).
  creating $macc model for $flatten\u_core.\SU0.$add$rtl/peweaver_shared_fft.v:180$533 ($add).
  creating $macc model for $flatten\u_core.\SU1.\MU.$mul$rtl/peweaver_shared_fft.v:606$596 ($mul).
  creating $macc model for $flatten\u_core.\SU1.\MU.$mul$rtl/peweaver_shared_fft.v:607$597 ($mul).
  creating $macc model for $flatten\u_core.\SU1.\MU.$mul$rtl/peweaver_shared_fft.v:608$598 ($mul).
  creating $macc model for $flatten\u_core.\SU1.\MU.$add$rtl/peweaver_shared_fft.v:616$604 ($add).
  creating $macc model for $flatten\u_core.\SU1.\MU.$sub$rtl/peweaver_shared_fft.v:615$603 ($sub).
  creating $macc model for $flatten\u_core.\SU0.$add$rtl/peweaver_shared_fft.v:310$570 ($add).
  creating $macc model for $flatten\u_core.\SU0.$mul$rtl/peweaver_shared_fft.v:349$579 ($mul).
  creating $macc model for $flatten\u_core.\SU0.\MU.$mul$rtl/peweaver_shared_fft.v:605$595 ($mul).
  creating $macc model for $flatten\u_core.\SU0.\BF1.$sub$rtl/peweaver_shared_fft.v:581$626 ($sub).
  creating $macc model for $flatten\u_core.\SU0.\BF1.$sub$rtl/peweaver_shared_fft.v:580$625 ($sub).
  creating $macc model for $flatten\u_core.\SU0.\BF1.$add$rtl/peweaver_shared_fft.v:579$624 ($add).
  creating $macc model for $flatten\u_core.\SU1.\BF2.$add$rtl/peweaver_shared_fft.v:579$609 ($add).
  creating $macc model for $flatten\u_core.\SU1.\BF2.$sub$rtl/peweaver_shared_fft.v:580$610 ($sub).
  creating $macc model for $flatten\u_core.\SU1.\BF2.$sub$rtl/peweaver_shared_fft.v:581$611 ($sub).
  creating $macc model for $flatten\u_core.\SU1.\BF2.$add$rtl/peweaver_shared_fft.v:583$612 ($add).
  creating $macc model for $flatten\u_core.\SU1.\BF2.$add$rtl/peweaver_shared_fft.v:585$616 ($add).
  creating $macc model for $flatten\u_core.\SU1.\BF2.$add$rtl/peweaver_shared_fft.v:584$614 ($add).
  creating $macc model for $flatten\u_core.\SU1.\BF2.$add$rtl/peweaver_shared_fft.v:586$618 ($add).
  creating $macc model for $flatten\u_core.\SU1.\BF1.$add$rtl/peweaver_shared_fft.v:579$624 ($add).
  creating $macc model for $flatten\u_core.\SU1.\BF1.$sub$rtl/peweaver_shared_fft.v:580$625 ($sub).
  creating $macc model for $flatten\u_core.\SU1.\BF1.$sub$rtl/peweaver_shared_fft.v:581$626 ($sub).
  creating $macc model for $flatten\u_core.\SU1.\MU.$mul$rtl/peweaver_shared_fft.v:605$595 ($mul).
  creating $macc model for $flatten\u_core.\SU1.$mul$rtl/peweaver_shared_fft.v:349$512 ($mul).
  creating $macc model for $flatten\u_core.\SU1.$add$rtl/peweaver_shared_fft.v:310$503 ($add).
  creating $macc model for $flatten\u_core.\SU1.\BF2.$add$rtl/peweaver_shared_fft.v:578$608 ($add).
  creating $macc model for $flatten\u_core.\SU1.$sub$rtl/peweaver_shared_fft.v:236$485 ($sub).
  creating $macc model for $flatten\u_core.\SU1.$add$rtl/peweaver_shared_fft.v:228$478 ($add).
  creating $macc model for $flatten\u_core.\SU1.\BF1.$add$rtl/peweaver_shared_fft.v:578$623 ($add).
  creating $macc model for $flatten\u_core.\SU1.$add$rtl/peweaver_shared_fft.v:180$466 ($add).
  creating $macc model for $flatten\u_core.\SU2.\MU.$mul$rtl/peweaver_shared_fft.v:606$596 ($mul).
  creating $macc model for $flatten\u_core.\SU2.\MU.$mul$rtl/peweaver_shared_fft.v:607$597 ($mul).
  creating $macc model for $flatten\u_core.\SU2.\MU.$mul$rtl/peweaver_shared_fft.v:608$598 ($mul).
  creating $macc model for $flatten\u_core.\SU2.\MU.$add$rtl/peweaver_shared_fft.v:616$604 ($add).
  creating $macc model for $flatten\u_core.\SU2.\MU.$sub$rtl/peweaver_shared_fft.v:615$603 ($sub).
  creating $macc model for $flatten\u_core.\SU0.\BF2.$add$rtl/peweaver_shared_fft.v:579$609 ($add).
  creating $macc model for $flatten\u_core.\SU0.\BF2.$sub$rtl/peweaver_shared_fft.v:580$610 ($sub).
  creating $macc model for $flatten\u_core.\SU0.\BF2.$sub$rtl/peweaver_shared_fft.v:581$611 ($sub).
  creating $macc model for $flatten\u_core.\SU0.\BF2.$add$rtl/peweaver_shared_fft.v:583$612 ($add).
  creating $macc model for $flatten\u_core.\SU0.\BF2.$add$rtl/peweaver_shared_fft.v:585$616 ($add).
  creating $macc model for $flatten\u_core.\SU0.\BF2.$add$rtl/peweaver_shared_fft.v:584$614 ($add).
  creating $macc model for $flatten\u_core.\SU0.\BF2.$add$rtl/peweaver_shared_fft.v:586$618 ($add).
  creating $macc model for $flatten\u_core.\SU2.\BF2.$add$rtl/peweaver_shared_fft.v:579$609 ($add).
  creating $macc model for $flatten\u_core.\SU2.\BF2.$sub$rtl/peweaver_shared_fft.v:580$610 ($sub).
  creating $macc model for $flatten\u_core.\SU2.\BF2.$sub$rtl/peweaver_shared_fft.v:581$611 ($sub).
  creating $macc model for $flatten\u_core.\SU2.\BF2.$add$rtl/peweaver_shared_fft.v:583$612 ($add).
  creating $macc model for $flatten\u_core.\SU2.\BF2.$add$rtl/peweaver_shared_fft.v:585$616 ($add).
  creating $macc model for $flatten\u_core.\SU2.\BF2.$add$rtl/peweaver_shared_fft.v:584$614 ($add).
  creating $macc model for $flatten\u_core.\SU2.\BF2.$add$rtl/peweaver_shared_fft.v:586$618 ($add).
  creating $macc model for $flatten\u_core.\SU0.\MU.$sub$rtl/peweaver_shared_fft.v:615$603 ($sub).
  creating $macc model for $flatten\u_core.\SU2.\BF1.$add$rtl/peweaver_shared_fft.v:579$624 ($add).
  creating $macc model for $flatten\u_core.\SU2.\BF1.$sub$rtl/peweaver_shared_fft.v:580$625 ($sub).
  creating $macc model for $flatten\u_core.\SU2.\BF1.$sub$rtl/peweaver_shared_fft.v:581$626 ($sub).
  creating $macc model for $flatten\u_core.\SU0.\MU.$add$rtl/peweaver_shared_fft.v:616$604 ($add).
  creating $macc model for $flatten\u_core.\SU0.\MU.$mul$rtl/peweaver_shared_fft.v:608$598 ($mul).
  creating $macc model for $flatten\u_core.\SU0.\MU.$mul$rtl/peweaver_shared_fft.v:607$597 ($mul).
  creating $macc model for $flatten\u_core.\SU2.\MU.$mul$rtl/peweaver_shared_fft.v:605$595 ($mul).
  creating $macc model for $flatten\u_core.\SU2.$mul$rtl/peweaver_shared_fft.v:349$445 ($mul).
  creating $macc model for $flatten\u_core.\SU2.$add$rtl/peweaver_shared_fft.v:310$436 ($add).
  creating $macc model for $flatten\u_core.\SU2.\BF2.$add$rtl/peweaver_shared_fft.v:578$608 ($add).
  creating $macc model for $flatten\u_core.\SU2.$sub$rtl/peweaver_shared_fft.v:236$418 ($sub).
  creating $macc model for $flatten\u_core.\SU2.$add$rtl/peweaver_shared_fft.v:228$411 ($add).
  creating $macc model for $flatten\u_core.\SU2.\BF1.$add$rtl/peweaver_shared_fft.v:578$623 ($add).
  creating $macc model for $flatten\u_core.\SU2.$add$rtl/peweaver_shared_fft.v:180$399 ($add).
  creating $macc model for $flatten\u_core.\SU_TAIL.\BF.$add$rtl/peweaver_shared_fft.v:579$624 ($add).
  creating $macc model for $flatten\u_core.\SU_TAIL.\BF.$sub$rtl/peweaver_shared_fft.v:580$625 ($sub).
  creating $macc model for $flatten\u_core.\SU_TAIL.\BF.$sub$rtl/peweaver_shared_fft.v:581$626 ($sub).
  creating $macc model for $flatten\u_core.\SU0.\MU.$mul$rtl/peweaver_shared_fft.v:606$596 ($mul).
  creating $macc model for $flatten\u_core.\SU_TAIL.\BF.$add$rtl/peweaver_shared_fft.v:578$623 ($add).
  merging $macc model for $flatten\u_core.\SU2.\BF2.$sub$rtl/peweaver_shared_fft.v:581$611 into $flatten\u_core.\SU2.\BF2.$add$rtl/peweaver_shared_fft.v:586$618.
  merging $macc model for $flatten\u_core.\SU2.\BF2.$add$rtl/peweaver_shared_fft.v:579$609 into $flatten\u_core.\SU2.\BF2.$add$rtl/peweaver_shared_fft.v:584$614.
  merging $macc model for $flatten\u_core.\SU2.\BF2.$sub$rtl/peweaver_shared_fft.v:580$610 into $flatten\u_core.\SU2.\BF2.$add$rtl/peweaver_shared_fft.v:585$616.
  merging $macc model for $flatten\u_core.\SU2.\BF2.$add$rtl/peweaver_shared_fft.v:578$608 into $flatten\u_core.\SU2.\BF2.$add$rtl/peweaver_shared_fft.v:583$612.
  merging $macc model for $flatten\u_core.\SU0.\BF2.$sub$rtl/peweaver_shared_fft.v:581$611 into $flatten\u_core.\SU0.\BF2.$add$rtl/peweaver_shared_fft.v:586$618.
  merging $macc model for $flatten\u_core.\SU0.\BF2.$add$rtl/peweaver_shared_fft.v:579$609 into $flatten\u_core.\SU0.\BF2.$add$rtl/peweaver_shared_fft.v:584$614.
  merging $macc model for $flatten\u_core.\SU0.\BF2.$sub$rtl/peweaver_shared_fft.v:580$610 into $flatten\u_core.\SU0.\BF2.$add$rtl/peweaver_shared_fft.v:585$616.
  merging $macc model for $flatten\u_core.\SU0.\BF2.$add$rtl/peweaver_shared_fft.v:578$608 into $flatten\u_core.\SU0.\BF2.$add$rtl/peweaver_shared_fft.v:583$612.
  merging $macc model for $flatten\u_core.\SU1.\BF2.$sub$rtl/peweaver_shared_fft.v:581$611 into $flatten\u_core.\SU1.\BF2.$add$rtl/peweaver_shared_fft.v:586$618.
  merging $macc model for $flatten\u_core.\SU1.\BF2.$add$rtl/peweaver_shared_fft.v:579$609 into $flatten\u_core.\SU1.\BF2.$add$rtl/peweaver_shared_fft.v:584$614.
  merging $macc model for $flatten\u_core.\SU1.\BF2.$sub$rtl/peweaver_shared_fft.v:580$610 into $flatten\u_core.\SU1.\BF2.$add$rtl/peweaver_shared_fft.v:585$616.
  merging $macc model for $flatten\u_core.\SU1.\BF2.$add$rtl/peweaver_shared_fft.v:578$608 into $flatten\u_core.\SU1.\BF2.$add$rtl/peweaver_shared_fft.v:583$612.
  creating $alu model for $macc $flatten\u_core.\SU0.\MU.$add$rtl/peweaver_shared_fft.v:616$604.
  creating $alu model for $macc $flatten\u_core.\SU2.\BF1.$sub$rtl/peweaver_shared_fft.v:581$626.
  creating $alu model for $macc $flatten\u_core.\SU2.\BF1.$sub$rtl/peweaver_shared_fft.v:580$625.
  creating $alu model for $macc $flatten\u_core.\SU2.\BF1.$add$rtl/peweaver_shared_fft.v:579$624.
  creating $alu model for $macc $flatten\u_core.\SU0.\MU.$sub$rtl/peweaver_shared_fft.v:615$603.
  creating $alu model for $macc $flatten\u_core.\SU2.$sub$rtl/peweaver_shared_fft.v:236$418.
  creating $alu model for $macc $flatten\u_core.\SU2.$add$rtl/peweaver_shared_fft.v:310$436.
  creating $alu model for $macc $flatten\u_core.\SU2.$add$rtl/peweaver_shared_fft.v:228$411.
  creating $alu model for $macc $flatten\u_core.\SU2.$add$rtl/peweaver_shared_fft.v:180$399.
  creating $alu model for $macc $flatten\u_core.\SU2.\BF1.$add$rtl/peweaver_shared_fft.v:578$623.
  creating $alu model for $macc $flatten\u_core.\SU2.\MU.$sub$rtl/peweaver_shared_fft.v:615$603.
  creating $alu model for $macc $flatten\u_core.\SU2.\MU.$add$rtl/peweaver_shared_fft.v:616$604.
  creating $alu model for $macc $flatten\u_core.\SU1.$add$rtl/peweaver_shared_fft.v:180$466.
  creating $alu model for $macc $flatten\u_core.\SU1.\BF1.$add$rtl/peweaver_shared_fft.v:578$623.
  creating $alu model for $macc $flatten\u_core.\SU1.$add$rtl/peweaver_shared_fft.v:228$478.
  creating $alu model for $macc $flatten\u_core.\SU1.$sub$rtl/peweaver_shared_fft.v:236$485.
  creating $alu model for $macc $flatten\u_core.\SU_TAIL.\BF.$add$rtl/peweaver_shared_fft.v:578$623.
  creating $alu model for $macc $flatten\u_core.\SU1.$add$rtl/peweaver_shared_fft.v:310$503.
  creating $alu model for $macc $flatten\u_core.\SU1.\BF1.$sub$rtl/peweaver_shared_fft.v:581$626.
  creating $alu model for $macc $flatten\u_core.\SU1.\BF1.$sub$rtl/peweaver_shared_fft.v:580$625.
  creating $alu model for $macc $flatten\u_core.\SU1.\BF1.$add$rtl/peweaver_shared_fft.v:579$624.
  creating $alu model for $macc $flatten\u_core.\SU_TAIL.\BF.$sub$rtl/peweaver_shared_fft.v:580$625.
  creating $alu model for $macc $flatten\u_core.\SU_TAIL.\BF.$sub$rtl/peweaver_shared_fft.v:581$626.
  creating $alu model for $macc $flatten\u_core.\SU0.\BF1.$add$rtl/peweaver_shared_fft.v:579$624.
  creating $alu model for $macc $flatten\u_core.\SU0.\BF1.$sub$rtl/peweaver_shared_fft.v:580$625.
  creating $alu model for $macc $flatten\u_core.\SU0.\BF1.$sub$rtl/peweaver_shared_fft.v:581$626.
  creating $alu model for $macc $flatten\u_core.\SU0.$add$rtl/peweaver_shared_fft.v:310$570.
  creating $alu model for $macc $flatten\u_core.\SU1.\MU.$sub$rtl/peweaver_shared_fft.v:615$603.
  creating $alu model for $macc $flatten\u_core.\SU1.\MU.$add$rtl/peweaver_shared_fft.v:616$604.
  creating $alu model for $macc $flatten\u_core.\SU0.$add$rtl/peweaver_shared_fft.v:180$533.
  creating $alu model for $macc $flatten\u_core.\SU0.\BF1.$add$rtl/peweaver_shared_fft.v:578$623.
  creating $alu model for $macc $flatten\u_core.\SU0.$add$rtl/peweaver_shared_fft.v:228$545.
  creating $alu model for $macc $flatten\u_core.\SU0.$sub$rtl/peweaver_shared_fft.v:236$552.
  creating $alu model for $macc $flatten\u_core.\SU_TAIL.\BF.$add$rtl/peweaver_shared_fft.v:579$624.
  creating $macc cell for $flatten\u_core.\SU1.\MU.$mul$rtl/peweaver_shared_fft.v:605$595: $auto$alumacc.cc:399:replace_macc$1527
  creating $macc cell for $flatten\u_core.\SU0.\BF2.$add$rtl/peweaver_shared_fft.v:586$618: $auto$alumacc.cc:399:replace_macc$1528
  creating $macc cell for $flatten\u_core.\SU2.\MU.$mul$rtl/peweaver_shared_fft.v:608$598: $auto$alumacc.cc:399:replace_macc$1529
  creating $macc cell for $flatten\u_core.\SU2.\MU.$mul$rtl/peweaver_shared_fft.v:607$597: $auto$alumacc.cc:399:replace_macc$1530
  creating $macc cell for $flatten\u_core.\SU1.\BF2.$add$rtl/peweaver_shared_fft.v:586$618: $auto$alumacc.cc:399:replace_macc$1531
  creating $macc cell for $flatten\u_core.\SU1.\BF2.$add$rtl/peweaver_shared_fft.v:584$614: $auto$alumacc.cc:399:replace_macc$1532
  creating $macc cell for $flatten\u_core.\SU1.\BF2.$add$rtl/peweaver_shared_fft.v:585$616: $auto$alumacc.cc:399:replace_macc$1533
  creating $macc cell for $flatten\u_core.\SU1.\BF2.$add$rtl/peweaver_shared_fft.v:583$612: $auto$alumacc.cc:399:replace_macc$1534
  creating $macc cell for $flatten\u_core.\SU2.$mul$rtl/peweaver_shared_fft.v:349$445: $auto$alumacc.cc:399:replace_macc$1535
  creating $macc cell for $flatten\u_core.\SU0.\MU.$mul$rtl/peweaver_shared_fft.v:606$596: $auto$alumacc.cc:399:replace_macc$1536
  creating $macc cell for $flatten\u_core.\SU2.\BF2.$add$rtl/peweaver_shared_fft.v:583$612: $auto$alumacc.cc:399:replace_macc$1537
  creating $macc cell for $flatten\u_core.\SU2.\BF2.$add$rtl/peweaver_shared_fft.v:585$616: $auto$alumacc.cc:399:replace_macc$1538
  creating $macc cell for $flatten\u_core.\SU2.\BF2.$add$rtl/peweaver_shared_fft.v:584$614: $auto$alumacc.cc:399:replace_macc$1539
  creating $macc cell for $flatten\u_core.\SU2.\BF2.$add$rtl/peweaver_shared_fft.v:586$618: $auto$alumacc.cc:399:replace_macc$1540
  creating $macc cell for $flatten\u_core.\SU0.\MU.$mul$rtl/peweaver_shared_fft.v:605$595: $auto$alumacc.cc:399:replace_macc$1541
  creating $macc cell for $flatten\u_core.\SU0.$mul$rtl/peweaver_shared_fft.v:349$579: $auto$alumacc.cc:399:replace_macc$1542
  creating $macc cell for $flatten\u_core.\SU2.\MU.$mul$rtl/peweaver_shared_fft.v:606$596: $auto$alumacc.cc:399:replace_macc$1543
  creating $macc cell for $flatten\u_core.\SU0.\BF2.$add$rtl/peweaver_shared_fft.v:583$612: $auto$alumacc.cc:399:replace_macc$1544
  creating $macc cell for $flatten\u_core.\SU0.\BF2.$add$rtl/peweaver_shared_fft.v:585$616: $auto$alumacc.cc:399:replace_macc$1545
  creating $macc cell for $flatten\u_core.\SU1.\MU.$mul$rtl/peweaver_shared_fft.v:608$598: $auto$alumacc.cc:399:replace_macc$1546
  creating $macc cell for $flatten\u_core.\SU1.\MU.$mul$rtl/peweaver_shared_fft.v:607$597: $auto$alumacc.cc:399:replace_macc$1547
  creating $macc cell for $flatten\u_core.\SU1.\MU.$mul$rtl/peweaver_shared_fft.v:606$596: $auto$alumacc.cc:399:replace_macc$1548
  creating $macc cell for $flatten\u_core.\SU0.\BF2.$add$rtl/peweaver_shared_fft.v:584$614: $auto$alumacc.cc:399:replace_macc$1549
  creating $macc cell for $flatten\u_core.\SU1.$mul$rtl/peweaver_shared_fft.v:349$512: $auto$alumacc.cc:399:replace_macc$1550
  creating $macc cell for $flatten\u_core.\SU0.\MU.$mul$rtl/peweaver_shared_fft.v:608$598: $auto$alumacc.cc:399:replace_macc$1551
  creating $macc cell for $flatten\u_core.\SU0.\MU.$mul$rtl/peweaver_shared_fft.v:607$597: $auto$alumacc.cc:399:replace_macc$1552
  creating $macc cell for $flatten\u_core.\SU2.\MU.$mul$rtl/peweaver_shared_fft.v:605$595: $auto$alumacc.cc:399:replace_macc$1553
  creating $alu cell for $flatten\u_core.\SU_TAIL.\BF.$add$rtl/peweaver_shared_fft.v:579$624: $auto$alumacc.cc:548:replace_alu$1554
  creating $alu cell for $flatten\u_core.\SU0.$sub$rtl/peweaver_shared_fft.v:236$552: $auto$alumacc.cc:548:replace_alu$1557
  creating $alu cell for $flatten\u_core.\SU0.$add$rtl/peweaver_shared_fft.v:228$545: $auto$alumacc.cc:548:replace_alu$1560
  creating $alu cell for $flatten\u_core.\SU0.\BF1.$add$rtl/peweaver_shared_fft.v:578$623: $auto$alumacc.cc:548:replace_alu$1563
  creating $alu cell for $flatten\u_core.\SU0.$add$rtl/peweaver_shared_fft.v:180$533: $auto$alumacc.cc:548:replace_alu$1566
  creating $alu cell for $flatten\u_core.\SU1.\MU.$add$rtl/peweaver_shared_fft.v:616$604: $auto$alumacc.cc:548:replace_alu$1569
  creating $alu cell for $flatten\u_core.\SU1.\MU.$sub$rtl/peweaver_shared_fft.v:615$603: $auto$alumacc.cc:548:replace_alu$1572
  creating $alu cell for $flatten\u_core.\SU0.$add$rtl/peweaver_shared_fft.v:310$570: $auto$alumacc.cc:548:replace_alu$1575
  creating $alu cell for $flatten\u_core.\SU0.\BF1.$sub$rtl/peweaver_shared_fft.v:581$626: $auto$alumacc.cc:548:replace_alu$1578
  creating $alu cell for $flatten\u_core.\SU0.\BF1.$sub$rtl/peweaver_shared_fft.v:580$625: $auto$alumacc.cc:548:replace_alu$1581
  creating $alu cell for $flatten\u_core.\SU0.\BF1.$add$rtl/peweaver_shared_fft.v:579$624: $auto$alumacc.cc:548:replace_alu$1584
  creating $alu cell for $flatten\u_core.\SU_TAIL.\BF.$sub$rtl/peweaver_shared_fft.v:581$626: $auto$alumacc.cc:548:replace_alu$1587
  creating $alu cell for $flatten\u_core.\SU_TAIL.\BF.$sub$rtl/peweaver_shared_fft.v:580$625: $auto$alumacc.cc:548:replace_alu$1590
  creating $alu cell for $flatten\u_core.\SU1.\BF1.$add$rtl/peweaver_shared_fft.v:579$624: $auto$alumacc.cc:548:replace_alu$1593
  creating $alu cell for $flatten\u_core.\SU1.\BF1.$sub$rtl/peweaver_shared_fft.v:581$626: $auto$alumacc.cc:548:replace_alu$1596
  creating $alu cell for $flatten\u_core.\SU1.$add$rtl/peweaver_shared_fft.v:310$503: $auto$alumacc.cc:548:replace_alu$1599
  creating $alu cell for $flatten\u_core.\SU_TAIL.\BF.$add$rtl/peweaver_shared_fft.v:578$623: $auto$alumacc.cc:548:replace_alu$1602
  creating $alu cell for $flatten\u_core.\SU1.$sub$rtl/peweaver_shared_fft.v:236$485: $auto$alumacc.cc:548:replace_alu$1605
  creating $alu cell for $flatten\u_core.\SU1.$add$rtl/peweaver_shared_fft.v:228$478: $auto$alumacc.cc:548:replace_alu$1608
  creating $alu cell for $flatten\u_core.\SU1.\BF1.$sub$rtl/peweaver_shared_fft.v:580$625: $auto$alumacc.cc:548:replace_alu$1611
  creating $alu cell for $flatten\u_core.\SU1.\BF1.$add$rtl/peweaver_shared_fft.v:578$623: $auto$alumacc.cc:548:replace_alu$1614
  creating $alu cell for $flatten\u_core.\SU1.$add$rtl/peweaver_shared_fft.v:180$466: $auto$alumacc.cc:548:replace_alu$1617
  creating $alu cell for $flatten\u_core.\SU2.\MU.$add$rtl/peweaver_shared_fft.v:616$604: $auto$alumacc.cc:548:replace_alu$1620
  creating $alu cell for $flatten\u_core.\SU2.\MU.$sub$rtl/peweaver_shared_fft.v:615$603: $auto$alumacc.cc:548:replace_alu$1623
  creating $alu cell for $flatten\u_core.\SU2.$add$rtl/peweaver_shared_fft.v:180$399: $auto$alumacc.cc:548:replace_alu$1626
  creating $alu cell for $flatten\u_core.\SU2.$add$rtl/peweaver_shared_fft.v:228$411: $auto$alumacc.cc:548:replace_alu$1629
  creating $alu cell for $flatten\u_core.\SU2.$add$rtl/peweaver_shared_fft.v:310$436: $auto$alumacc.cc:548:replace_alu$1632
  creating $alu cell for $flatten\u_core.\SU2.$sub$rtl/peweaver_shared_fft.v:236$418: $auto$alumacc.cc:548:replace_alu$1635
  creating $alu cell for $flatten\u_core.\SU0.\MU.$sub$rtl/peweaver_shared_fft.v:615$603: $auto$alumacc.cc:548:replace_alu$1638
  creating $alu cell for $flatten\u_core.\SU2.\BF1.$add$rtl/peweaver_shared_fft.v:578$623: $auto$alumacc.cc:548:replace_alu$1641
  creating $alu cell for $flatten\u_core.\SU2.\BF1.$sub$rtl/peweaver_shared_fft.v:580$625: $auto$alumacc.cc:548:replace_alu$1644
  creating $alu cell for $flatten\u_core.\SU2.\BF1.$add$rtl/peweaver_shared_fft.v:579$624: $auto$alumacc.cc:548:replace_alu$1647
  creating $alu cell for $flatten\u_core.\SU2.\BF1.$sub$rtl/peweaver_shared_fft.v:581$626: $auto$alumacc.cc:548:replace_alu$1650
  creating $alu cell for $flatten\u_core.\SU0.\MU.$add$rtl/peweaver_shared_fft.v:616$604: $auto$alumacc.cc:548:replace_alu$1653
  created 34 $alu and 27 $macc cells.

4.15. Executing SHARE pass (SAT-based resource sharing).

4.16. Executing OPT pass (performing simple optimizations).

4.16.1. Executing OPT_EXPR pass (perform const folding).
Optimizing module peweaver_ppa_shared_fft.

4.16.2. Executing OPT_MERGE pass (detect identical cells).
Finding identical cells in module `\peweaver_ppa_shared_fft'.
Computing hashes of 843 cells of `\peweaver_ppa_shared_fft'.
Finding duplicate cells in `\peweaver_ppa_shared_fft'.
Removed a total of 0 cells.

4.16.3. Executing OPT_MUXTREE pass (detect dead branches in mux trees).
Running muxtree optimizer on module \peweaver_ppa_shared_fft..
  Creating internal representation of mux trees.
  Evaluating internal representation of mux trees.
  Analyzing evaluation results.
Removed 0 multiplexer ports.
<suppressed ~228 debug messages>

4.16.4. Executing OPT_REDUCE pass (consolidate $*mux and $reduce_* inputs).
  Optimizing cells in module \peweaver_ppa_shared_fft.
Performed a total of 0 changes.

4.16.5. Executing OPT_MERGE pass (detect identical cells).
Finding identical cells in module `\peweaver_ppa_shared_fft'.
Computing hashes of 843 cells of `\peweaver_ppa_shared_fft'.
Finding duplicate cells in `\peweaver_ppa_shared_fft'.
Removed a total of 0 cells.

4.16.6. Executing OPT_DFF pass (perform DFF optimizations).

4.16.7. Executing OPT_CLEAN pass (remove unused cells and wires).
Finding unused cells or wires in module \peweaver_ppa_shared_fft..
Removed 12 unused cells and 12 unused wires.
<suppressed ~24 debug messages>

4.16.8. Executing OPT_EXPR pass (perform const folding).
Optimizing module peweaver_ppa_shared_fft.

4.16.9. Rerunning OPT passes. (Maybe there is more to do..)

4.16.10. Executing OPT_MUXTREE pass (detect dead branches in mux trees).
Running muxtree optimizer on module \peweaver_ppa_shared_fft..
  Creating internal representation of mux trees.
  Evaluating internal representation of mux trees.
  Analyzing evaluation results.
Removed 0 multiplexer ports.
<suppressed ~228 debug messages>

4.16.11. Executing OPT_REDUCE pass (consolidate $*mux and $reduce_* inputs).
  Optimizing cells in module \peweaver_ppa_shared_fft.
Performed a total of 0 changes.

4.16.12. Executing OPT_MERGE pass (detect identical cells).
Finding identical cells in module `\peweaver_ppa_shared_fft'.
Computing hashes of 831 cells of `\peweaver_ppa_shared_fft'.
Finding duplicate cells in `\peweaver_ppa_shared_fft'.
Removed a total of 0 cells.

4.16.13. Executing OPT_DFF pass (perform DFF optimizations).

4.16.14. Executing OPT_CLEAN pass (remove unused cells and wires).
Finding unused cells or wires in module \peweaver_ppa_shared_fft..

4.16.15. Executing OPT_EXPR pass (perform const folding).
Optimizing module peweaver_ppa_shared_fft.

4.16.16. Finished fast OPT passes. (There is nothing left to do.)

4.17. Executing MEMORY pass.

4.17.1. Executing OPT_MEM pass (optimize memories).
Performed a total of 0 transformations.

4.17.2. Executing OPT_MEM_PRIORITY pass (removing unnecessary memory write priority relations).
Performed a total of 0 transformations.

4.17.3. Executing OPT_MEM_FEEDBACK pass (finding memory read-to-write feedback paths).

4.17.4. Executing MEMORY_BMUX2ROM pass (converting muxes to ROMs).

4.17.5. Executing MEMORY_DFF pass (merging $dff cells to $memrd).

4.17.6. Executing OPT_CLEAN pass (remove unused cells and wires).
Finding unused cells or wires in module \peweaver_ppa_shared_fft..

4.17.7. Executing MEMORY_SHARE pass (consolidating $memrd/$memwr cells).

4.17.8. Executing OPT_MEM_WIDEN pass (optimize memories where all ports are wide).
Performed a total of 0 transformations.

4.17.9. Executing OPT_CLEAN pass (remove unused cells and wires).
Finding unused cells or wires in module \peweaver_ppa_shared_fft..

4.17.10. Executing MEMORY_COLLECT pass (generating $mem cells).

4.18. Executing OPT_CLEAN pass (remove unused cells and wires).
Finding unused cells or wires in module \peweaver_ppa_shared_fft..

4.19. Executing OPT pass (performing simple optimizations).

4.19.1. Executing OPT_EXPR pass (perform const folding).
Optimizing module peweaver_ppa_shared_fft.
<suppressed ~41 debug messages>

4.19.2. Executing OPT_MERGE pass (detect identical cells).
Finding identical cells in module `\peweaver_ppa_shared_fft'.
Computing hashes of 817 cells of `\peweaver_ppa_shared_fft'.
Finding duplicate cells in `\peweaver_ppa_shared_fft'.
Removed a total of 0 cells.

4.19.3. Executing OPT_DFF pass (perform DFF optimizations).

4.19.4. Executing OPT_CLEAN pass (remove unused cells and wires).
Finding unused cells or wires in module \peweaver_ppa_shared_fft..
Removed 3 unused cells and 16 unused wires.
<suppressed ~4 debug messages>

4.19.5. Finished fast OPT passes.

4.20. Executing MEMORY_MAP pass (converting memories to logic and flip-flops).

4.21. Executing OPT pass (performing simple optimizations).

4.21.1. Executing OPT_EXPR pass (perform const folding).
Optimizing module peweaver_ppa_shared_fft.

4.21.2. Executing OPT_MERGE pass (detect identical cells).
Finding identical cells in module `\peweaver_ppa_shared_fft'.
Computing hashes of 814 cells of `\peweaver_ppa_shared_fft'.
Finding duplicate cells in `\peweaver_ppa_shared_fft'.
Removed a total of 0 cells.

4.21.3. Executing OPT_MUXTREE pass (detect dead branches in mux trees).
Running muxtree optimizer on module \peweaver_ppa_shared_fft..
  Creating internal representation of mux trees.
  Evaluating internal representation of mux trees.
  Analyzing evaluation results.
Removed 0 multiplexer ports.
<suppressed ~199 debug messages>

4.21.4. Executing OPT_REDUCE pass (consolidate $*mux and $reduce_* inputs).
  Optimizing cells in module \peweaver_ppa_shared_fft.
    Consolidated identical input bits for $mux cell $flatten\u_core.\SU0.$ternary$rtl/peweaver_shared_fft.v:170$530:
      Old ports: A=5'01111, B=5'11111, Y=\u_core.SU0.bf2_start_val [4:0]
      New ports: A=1'0, B=1'1, Y=\u_core.SU0.bf2_start_val [4]
      New connections: \u_core.SU0.bf2_start_val [3:0] = 4'1111
    Consolidated identical input bits for $mux cell $flatten\u_core.\SU0.$ternary$rtl/peweaver_shared_fft.v:169$529:
      Old ports: A=6'011111, B=6'111111, Y=\u_core.SU0.bf1_start_val [5:0]
      New ports: A=1'0, B=1'1, Y=\u_core.SU0.bf1_start_val [5]
      New connections: \u_core.SU0.bf1_start_val [4:0] = 5'11111
    Consolidated identical input bits for $mux cell $flatten\u_core.\SU0.$ternary$rtl/peweaver_shared_fft.v:168$528:
      Old ports: A=7'0111111, B=7'1111111, Y=\u_core.SU0.max_count
      New ports: A=1'0, B=1'1, Y=\u_core.SU0.max_count [6]
      New connections: \u_core.SU0.max_count [5:0] = 6'111111
    Consolidated identical input bits for $mux cell $flatten\u_core.\SU1.$ternary$rtl/peweaver_shared_fft.v:343$511:
      Old ports: A={ \u_core.SU1.bf2_count [1:0] 3'000 }, B={ \u_core.SU1.bf2_count [2:0] 2'00 }, Y=\u_core.SU1.tw_base
      New ports: A={ \u_core.SU1.bf2_count [1:0] 1'0 }, B=\u_core.SU1.bf2_count [2:0], Y=\u_core.SU1.tw_base [4:2]
      New connections: \u_core.SU1.tw_base [1:0] = 2'00
    Consolidated identical input bits for $mux cell $flatten\u_core.\SU1.$ternary$rtl/peweaver_shared_fft.v:170$463:
      Old ports: A=3'011, B=3'111, Y=\u_core.SU1.bf2_start_val [2:0]
      New ports: A=1'0, B=1'1, Y=\u_core.SU1.bf2_start_val [2]
      New connections: \u_core.SU1.bf2_start_val [1:0] = 2'11
    Consolidated identical input bits for $mux cell $flatten\u_core.\SU1.$ternary$rtl/peweaver_shared_fft.v:169$462:
      Old ports: A=4'0111, B=4'1111, Y=\u_core.SU1.bf1_start_val [3:0]
      New ports: A=1'0, B=1'1, Y=\u_core.SU1.bf1_start_val [3]
      New connections: \u_core.SU1.bf1_start_val [2:0] = 3'111
    Consolidated identical input bits for $mux cell $flatten\u_core.\SU2.$ternary$rtl/peweaver_shared_fft.v:345$444:
      Old ports: A=5'00000, B={ \u_core.SU2.bf2_count [0] 4'0000 }, Y=\u_core.SU2.tw_base
      New ports: A=1'0, B=\u_core.SU2.bf2_count [0], Y=\u_core.SU2.tw_base [4]
      New connections: \u_core.SU2.tw_base [3:0] = 4'0000
    Consolidated identical input bits for $mux cell $flatten\u_core.\SU2.$ternary$rtl/peweaver_shared_fft.v:169$395:
      Old ports: A=2'01, B=2'11, Y=\u_core.SU2.bf1_start_val [1:0]
      New ports: A=1'0, B=1'1, Y=\u_core.SU2.bf1_start_val [1]
      New connections: \u_core.SU2.bf1_start_val [0] = 1'1
  Optimizing cells in module \peweaver_ppa_shared_fft.
Performed a total of 8 changes.

4.21.5. Executing OPT_MERGE pass (detect identical cells).
Finding identical cells in module `\peweaver_ppa_shared_fft'.
Computing hashes of 814 cells of `\peweaver_ppa_shared_fft'.
Finding duplicate cells in `\peweaver_ppa_shared_fft'.
Computing hashes of 809 cells of `\peweaver_ppa_shared_fft'.
Finding duplicate cells in `\peweaver_ppa_shared_fft'.
<suppressed ~15 debug messages>
Removed a total of 5 cells.

4.21.6. Executing OPT_SHARE pass.

4.21.7. Executing OPT_DFF pass (perform DFF optimizations).

4.21.8. Executing OPT_CLEAN pass (remove unused cells and wires).
Finding unused cells or wires in module \peweaver_ppa_shared_fft..

4.21.9. Executing OPT_EXPR pass (perform const folding).
Optimizing module peweaver_ppa_shared_fft.
<suppressed ~2 debug messages>

4.21.10. Rerunning OPT passes. (Maybe there is more to do..)

4.21.11. Executing OPT_MUXTREE pass (detect dead branches in mux trees).
Running muxtree optimizer on module \peweaver_ppa_shared_fft..
  Creating internal representation of mux trees.
  Evaluating internal representation of mux trees.
  Analyzing evaluation results.
Removed 0 multiplexer ports.
<suppressed ~185 debug messages>

4.21.12. Executing OPT_REDUCE pass (consolidate $*mux and $reduce_* inputs).
  Optimizing cells in module \peweaver_ppa_shared_fft.
Performed a total of 0 changes.

4.21.13. Executing OPT_MERGE pass (detect identical cells).
Finding identical cells in module `\peweaver_ppa_shared_fft'.
Computing hashes of 808 cells of `\peweaver_ppa_shared_fft'.
Finding duplicate cells in `\peweaver_ppa_shared_fft'.
Removed a total of 0 cells.

4.21.14. Executing OPT_SHARE pass.

4.21.15. Executing OPT_DFF pass (perform DFF optimizations).

4.21.16. Executing OPT_CLEAN pass (remove unused cells and wires).
Finding unused cells or wires in module \peweaver_ppa_shared_fft..

4.21.17. Executing OPT_EXPR pass (perform const folding).
Optimizing module peweaver_ppa_shared_fft.

4.21.18. Finished fast OPT passes. (There is nothing left to do.)

4.22. Executing TECHMAP pass (map to technology primitives).

4.22.1. Executing Verilog-2005 frontend: /work/peweaver/toolchains/oss-cad-suite/lib/../share/yosys/techmap.v
Parsing Verilog input from `/work/peweaver/toolchains/oss-cad-suite/lib/../share/yosys/techmap.v' to AST representation.
Generating RTLIL representation for module `\_90_simplemap_bool_ops'.
Generating RTLIL representation for module `\_90_simplemap_reduce_ops'.
Generating RTLIL representation for module `\_90_simplemap_logic_ops'.
Generating RTLIL representation for module `\_90_simplemap_compare_ops'.
Generating RTLIL representation for module `\_90_simplemap_various'.
Generating RTLIL representation for module `\_90_simplemap_registers'.
Generating RTLIL representation for module `\_90_shift_ops_shr_shl_sshl_sshr'.
Generating RTLIL representation for module `\_90_shift_shiftx'.
Generating RTLIL representation for module `\_90_fa'.
Generating RTLIL representation for module `\_90_lcu_brent_kung'.
Generating RTLIL representation for module `\_90_alu'.
Generating RTLIL representation for module `\_90_macc'.
Generating RTLIL representation for module `\_90_alumacc'.
Generating RTLIL representation for module `$__div_mod_u'.
Generating RTLIL representation for module `$__div_mod_trunc'.
Generating RTLIL representation for module `\_90_div'.
Generating RTLIL representation for module `\_90_mod'.
Generating RTLIL representation for module `$__div_mod_floor'.
Generating RTLIL representation for module `\_90_divfloor'.
Generating RTLIL representation for module `\_90_modfloor'.
Generating RTLIL representation for module `\_90_pow'.
Generating RTLIL representation for module `\_90_demux'.
Generating RTLIL representation for module `\_90_lut'.
Generating RTLIL representation for module `$connect'.
Generating RTLIL representation for module `$input_port'.
Successfully finished Verilog frontend.

4.22.2. Continuing TECHMAP pass.
Using template $paramod$d4c0c20b0ee59f495e14575c4397dc0a6dd9e8e6\_90_alu for cells of type $alu.
Using template $paramod$2470b7ea32c975a55c3ab8b283381b72d09e16d3\_90_alu for cells of type $alu.
Using template $paramod$2af30114e9bd4ccb04dad757b3f0a8f6bf0615b0\_90_alu for cells of type $alu.
Using template $paramod$103b4016182df467cceab67bcf3e18e6361ec0fd\_90_alu for cells of type $alu.
Using extmapper maccmap for cells of type $macc_v2.
  add \u_core.SU2.bf2_do_re * \u_core.SU2.TW.ff_re (16x16 bits, signed)
  add \u_core.SU0.bf2_do_im * \u_core.SU0.TW.ff_re (16x16 bits, signed)
  add \u_core.SU0.bf2_do_im * \u_core.SU0.TW.ff_im (16x16 bits, signed)
  add { \u_core.SU1.tw_base [4:2] 2'00 } * \u_core.SU1.tw_sel (5x2 bits, unsigned)
  add \u_core.SU0.BF2.x0_im (16 bits, signed)
  add \u_core.SU0.bf1_do_im (16 bits, signed)
  add 17'00000000000000001 (17 bits, unsigned)
  packed 1 (1) bits / 1 words into adder tree
  add \u_core.SU1.bf2_do_re * \u_core.SU1.TW.ff_im (16x16 bits, signed)
  add \u_core.SU1.bf2_do_im * \u_core.SU1.TW.ff_re (16x16 bits, signed)
  add \u_core.SU1.bf2_do_im * \u_core.SU1.TW.ff_im (16x16 bits, signed)
  add \u_core.SU0.BF2.x0_re (16 bits, signed)
  sub \u_core.SU0.bf1_do_re (16 bits, signed)
  add 17'00000000000000001 (17 bits, unsigned)
  add \u_core.SU0.BF2.x0_re (16 bits, signed)
  add \u_core.SU0.bf1_do_re (16 bits, signed)
  add 17'00000000000000001 (17 bits, unsigned)
  packed 1 (1) bits / 1 words into adder tree
  add \u_core.SU2.bf2_do_re * \u_core.SU2.TW.ff_im (16x16 bits, signed)
  add \u_core.SU0.tw_base * \u_core.SU0.tw_sel (5x2 bits, unsigned)
  add \u_core.SU0.bf2_do_re * \u_core.SU0.TW.ff_re (16x16 bits, signed)
  add \u_core.SU2.BF2.x0_im (16 bits, signed)
  sub \u_core.SU2.bf1_do_im (16 bits, signed)
  add 17'00000000000000001 (17 bits, unsigned)
  add \u_core.SU2.BF2.x0_im (16 bits, signed)
  add \u_core.SU2.bf1_do_im (16 bits, signed)
  add 17'00000000000000001 (17 bits, unsigned)
  packed 1 (1) bits / 1 words into adder tree
  add \u_core.SU2.BF2.x0_re (16 bits, signed)
  sub \u_core.SU2.bf1_do_re (16 bits, signed)
  add 17'00000000000000001 (17 bits, unsigned)
  add \u_core.SU2.BF2.x0_re (16 bits, signed)
  add \u_core.SU2.bf1_do_re (16 bits, signed)
  add 17'00000000000000001 (17 bits, unsigned)
  packed 1 (1) bits / 1 words into adder tree
  add \u_core.SU0.bf2_do_re * \u_core.SU0.TW.ff_im (16x16 bits, signed)
  add { \u_core.SU2.tw_base [4] 4'0000 } * \u_core.SU2.tw_sel (5x2 bits, unsigned)
  add \u_core.SU1.BF2.x0_re (16 bits, signed)
  add \u_core.SU1.bf1_do_re (16 bits, signed)
  add 17'00000000000000001 (17 bits, unsigned)
  packed 1 (1) bits / 1 words into adder tree
  add \u_core.SU1.BF2.x0_re (16 bits, signed)
  sub \u_core.SU1.bf1_do_re (16 bits, signed)
  add 17'00000000000000001 (17 bits, unsigned)
  add \u_core.SU1.BF2.x0_im (16 bits, signed)
  add \u_core.SU1.bf1_do_im (16 bits, signed)
  add 17'00000000000000001 (17 bits, unsigned)
  packed 1 (1) bits / 1 words into adder tree
  add \u_core.SU1.BF2.x0_im (16 bits, signed)
  sub \u_core.SU1.bf1_do_im (16 bits, signed)
  add 17'00000000000000001 (17 bits, unsigned)
  add \u_core.SU2.bf2_do_im * \u_core.SU2.TW.ff_re (16x16 bits, signed)
  add \u_core.SU2.bf2_do_im * \u_core.SU2.TW.ff_im (16x16 bits, signed)
  add \u_core.SU0.BF2.x0_im (16 bits, signed)
  sub \u_core.SU0.bf1_do_im (16 bits, signed)
  add 17'00000000000000001 (17 bits, unsigned)
  add \u_core.SU1.bf2_do_re * \u_core.SU1.TW.ff_re (16x16 bits, signed)
Using extmapper simplemap for cells of type $reduce_bool.
Using extmapper simplemap for cells of type $adffe.
Using extmapper simplemap for cells of type $reduce_or.
Using extmapper simplemap for cells of type $adff.
Using extmapper simplemap for cells of type $and.
Using extmapper simplemap for cells of type $mux.
Using extmapper simplemap for cells of type $dff.
Using extmapper simplemap for cells of type $eq.
Using extmapper simplemap for cells of type $pmux.
Using extmapper simplemap for cells of type $logic_not.
Using extmapper simplemap for cells of type $or.
Using extmapper simplemap for cells of type $not.
Using template $paramod\_90_fa\WIDTH=32'00000000000000000000000000011111 for cells of type $fa.
Using template $paramod$ebf89ea36a793f0f77858f212141d47c833068ad\_90_alu for cells of type $alu.
Using template $paramod\_90_fa\WIDTH=32'00000000000000000000000000010001 for cells of type $fa.
Using template $paramod$3bb72ad0665cdca279bbc49ed6a39f403f16497f\_90_alu for cells of type $alu.
Using template $paramod$dbcdc7e8aa1a4080cea2deda6fdc8772064f4d90\_90_alu for cells of type $alu.
Using extmapper simplemap for cells of type $pos.
Using template $paramod\_90_lcu_brent_kung\WIDTH=32'00000000000000000000000000010001 for cells of type $lcu.
Using extmapper simplemap for cells of type $xor.
Using template $paramod\_90_fa\WIDTH=32'00000000000000000000000000010000 for cells of type $fa.
Using template $paramod\_90_lcu_brent_kung\WIDTH=32'00000000000000000000000000010000 for cells of type $lcu.
Using template $paramod\_90_fa\WIDTH=32'00000000000000000000000000000111 for cells of type $fa.
Using template $paramod\_90_lcu_brent_kung\WIDTH=32'00000000000000000000000000000111 for cells of type $lcu.
Using template $paramod\_90_lcu_brent_kung\WIDTH=32'00000000000000000000000000011111 for cells of type $lcu.
No more expansions possible.
<suppressed ~7863 debug messages>

4.23. Executing OPT pass (performing simple optimizations).

4.23.1. Executing OPT_EXPR pass (perform const folding).
Optimizing module peweaver_ppa_shared_fft.
<suppressed ~26156 debug messages>

4.23.2. Executing OPT_MERGE pass (detect identical cells).
Finding identical cells in module `\peweaver_ppa_shared_fft'.
Computing hashes of 40479 cells of `\peweaver_ppa_shared_fft'.
Finding duplicate cells in `\peweaver_ppa_shared_fft'.
Computing hashes of 37927 cells of `\peweaver_ppa_shared_fft'.
Finding duplicate cells in `\peweaver_ppa_shared_fft'.
Computing hashes of 36770 cells of `\peweaver_ppa_shared_fft'.
Finding duplicate cells in `\peweaver_ppa_shared_fft'.
Computing hashes of 35239 cells of `\peweaver_ppa_shared_fft'.
Finding duplicate cells in `\peweaver_ppa_shared_fft'.
Computing hashes of 34857 cells of `\peweaver_ppa_shared_fft'.
Finding duplicate cells in `\peweaver_ppa_shared_fft'.
Computing hashes of 34352 cells of `\peweaver_ppa_shared_fft'.
Finding duplicate cells in `\peweaver_ppa_shared_fft'.
Computing hashes of 34112 cells of `\peweaver_ppa_shared_fft'.
Finding duplicate cells in `\peweaver_ppa_shared_fft'.
Computing hashes of 33992 cells of `\peweaver_ppa_shared_fft'.
Finding duplicate cells in `\peweaver_ppa_shared_fft'.
Computing hashes of 33968 cells of `\peweaver_ppa_shared_fft'.
Finding duplicate cells in `\peweaver_ppa_shared_fft'.
Computing hashes of 33944 cells of `\peweaver_ppa_shared_fft'.
Finding duplicate cells in `\peweaver_ppa_shared_fft'.
Computing hashes of 33932 cells of `\peweaver_ppa_shared_fft'.
Finding duplicate cells in `\peweaver_ppa_shared_fft'.
<suppressed ~19641 debug messages>
Removed a total of 6547 cells.

4.23.3. Executing OPT_DFF pass (perform DFF optimizations).
Adding SRST signal on $auto$ff.cc:337:slice$3948 ($_DFF_P_) from module peweaver_ppa_shared_fft (D = $auto$simplemap.cc:189:logic_reduce$10389, Q = \u_core.SU2.TW.ff_im [15], rval = 1'0).
Adding SRST signal on $auto$ff.cc:337:slice$11734 ($_DFF_P_) from module peweaver_ppa_shared_fft (D = $auto$simplemap.cc:189:logic_reduce$18175, Q = \u_core.SU1.TW.ff_im [15], rval = 1'0).
Adding SRST signal on $auto$ff.cc:337:slice$11750 ($_DFF_P_) from module peweaver_ppa_shared_fft (D = $auto$simplemap.cc:189:logic_reduce$14642, Q = \u_core.SU1.TW.ff_re [15], rval = 1'1).
Adding SRST signal on $auto$ff.cc:337:slice$21826 ($_DFF_P_) from module peweaver_ppa_shared_fft (D = $auto$simplemap.cc:189:logic_reduce$28267, Q = \u_core.SU0.TW.ff_im [15], rval = 1'0).
Adding SRST signal on $auto$ff.cc:337:slice$21842 ($_DFF_P_) from module peweaver_ppa_shared_fft (D = $auto$simplemap.cc:189:logic_reduce$24734, Q = \u_core.SU0.TW.ff_re [15], rval = 1'1).
Adding SRST signal on $auto$ff.cc:337:slice$3941 ($_DFF_P_) from module peweaver_ppa_shared_fft (D = $auto$simplemap.cc:189:logic_reduce$9465, Q = \u_core.SU2.TW.ff_im [8], rval = 1'0).
Adding SRST signal on $auto$ff.cc:337:slice$3946 ($_DFF_P_) from module peweaver_ppa_shared_fft (D = $auto$simplemap.cc:189:logic_reduce$10125, Q = \u_core.SU2.TW.ff_im [13], rval = 1'1).
Adding SRST signal on $auto$ff.cc:337:slice$3950 ($_DFF_P_) from module peweaver_ppa_shared_fft (D = $auto$simplemap.cc:189:logic_reduce$4378, Q = \u_core.SU2.TW.ff_re [1], rval = 1'0).
Adding SRST signal on $auto$ff.cc:337:slice$3955 ($_DFF_P_) from module peweaver_ppa_shared_fft (D = $auto$simplemap.cc:189:logic_reduce$5263, Q = \u_core.SU2.TW.ff_re [6], rval = 1'0).
Adding SRST signal on $auto$ff.cc:337:slice$3961 ($_DFF_P_) from module peweaver_ppa_shared_fft (D = $auto$simplemap.cc:189:logic_reduce$6325, Q = \u_core.SU2.TW.ff_re [12], rval = 1'0).
Adding SRST signal on $auto$ff.cc:337:slice$3962 ($_DFF_P_) from module peweaver_ppa_shared_fft (D = $auto$simplemap.cc:189:logic_reduce$6502, Q = \u_core.SU2.TW.ff_re [13], rval = 1'1).
Adding SRST signal on $auto$ff.cc:337:slice$3963 ($_DFF_P_) from module peweaver_ppa_shared_fft (D = $auto$simplemap.cc:189:logic_reduce$6679, Q = \u_core.SU2.TW.ff_re [14], rval = 1'1).
Adding SRST signal on $auto$ff.cc:337:slice$11719 ($_DFF_P_) from module peweaver_ppa_shared_fft (D = $auto$simplemap.cc:189:logic_reduce$16195, Q = \u_core.SU1.TW.ff_im [0], rval = 1'1).
Adding SRST signal on $auto$ff.cc:337:slice$11720 ($_DFF_P_) from module peweaver_ppa_shared_fft (D = $auto$simplemap.cc:189:logic_reduce$16327, Q = \u_core.SU1.TW.ff_im [1], rval = 1'0).
Adding SRST signal on $auto$ff.cc:337:slice$11721 ($_DFF_P_) from module peweaver_ppa_shared_fft (D = $auto$simplemap.cc:189:logic_reduce$16459, Q = \u_core.SU1.TW.ff_im [2], rval = 1'1).
Adding SRST signal on $auto$ff.cc:337:slice$11722 ($_DFF_P_) from module peweaver_ppa_shared_fft (D = $auto$simplemap.cc:189:logic_reduce$16591, Q = \u_core.SU1.TW.ff_im [3], rval = 1'1).
Adding SRST signal on $auto$ff.cc:337:slice$11723 ($_DFF_P_) from module peweaver_ppa_shared_fft (D = $auto$simplemap.cc:189:logic_reduce$16723, Q = \u_core.SU1.TW.ff_im [4], rval = 1'1).
Adding SRST signal on $auto$ff.cc:337:slice$11724 ($_DFF_P_) from module peweaver_ppa_shared_fft (D = $auto$simplemap.cc:189:logic_reduce$16855, Q = \u_core.SU1.TW.ff_im [5], rval = 1'0).
Adding SRST signal on $auto$ff.cc:337:slice$11725 ($_DFF_P_) from module peweaver_ppa_shared_fft (D = $auto$simplemap.cc:189:logic_reduce$16987, Q = \u_core.SU1.TW.ff_im [6], rval = 1'0).
Adding SRST signal on $auto$ff.cc:337:slice$11726 ($_DFF_P_) from module peweaver_ppa_shared_fft (D = $auto$simplemap.cc:189:logic_reduce$17119, Q = \u_core.SU1.TW.ff_im [7], rval = 1'1).
Adding SRST signal on $auto$ff.cc:337:slice$11727 ($_DFF_P_) from module peweaver_ppa_shared_fft (D = $auto$simplemap.cc:189:logic_reduce$17251, Q = \u_core.SU1.TW.ff_im [8], rval = 1'0).
Adding SRST signal on $auto$ff.cc:337:slice$11728 ($_DFF_P_) from module peweaver_ppa_shared_fft (D = $auto$simplemap.cc:189:logic_reduce$17383, Q = \u_core.SU1.TW.ff_im [9], rval = 1'1).
Adding SRST signal on $auto$ff.cc:337:slice$11729 ($_DFF_P_) from module peweaver_ppa_shared_fft (D = $auto$simplemap.cc:189:logic_reduce$17515, Q = \u_core.SU1.TW.ff_im [10], rval = 1'1).
Adding SRST signal on $auto$ff.cc:337:slice$11730 ($_DFF_P_) from module peweaver_ppa_shared_fft (D = $auto$simplemap.cc:189:logic_reduce$17647, Q = \u_core.SU1.TW.ff_im [11], rval = 1'1).
Adding SRST signal on $auto$ff.cc:337:slice$11731 ($_DFF_P_) from module peweaver_ppa_shared_fft (D = $auto$simplemap.cc:189:logic_reduce$17779, Q = \u_core.SU1.TW.ff_im [12], rval = 1'1).
Adding SRST signal on $auto$ff.cc:337:slice$11732 ($_DFF_P_) from module peweaver_ppa_shared_fft (D = $auto$simplemap.cc:189:logic_reduce$17911, Q = \u_core.SU1.TW.ff_im [13], rval = 1'1).
Adding SRST signal on $auto$ff.cc:337:slice$11733 ($_DFF_P_) from module peweaver_ppa_shared_fft (D = $auto$simplemap.cc:189:logic_reduce$18043, Q = \u_core.SU1.TW.ff_im [14], rval = 1'1).
Adding SRST signal on $auto$ff.cc:337:slice$11735 ($_DFF_P_) from module peweaver_ppa_shared_fft (D = $auto$simplemap.cc:189:logic_reduce$11987, Q = \u_core.SU1.TW.ff_re [0], rval = 1'0).
Adding SRST signal on $auto$ff.cc:337:slice$11736 ($_DFF_P_) from module peweaver_ppa_shared_fft (D = $auto$simplemap.cc:189:logic_reduce$12164, Q = \u_core.SU1.TW.ff_re [1], rval = 1'0).
Adding SRST signal on $auto$ff.cc:337:slice$11737 ($_DFF_P_) from module peweaver_ppa_shared_fft (D = $auto$simplemap.cc:189:logic_reduce$12341, Q = \u_core.SU1.TW.ff_re [2], rval = 1'0).
Adding SRST signal on $auto$ff.cc:337:slice$11738 ($_DFF_P_) from module peweaver_ppa_shared_fft (D = $auto$simplemap.cc:189:logic_reduce$12518, Q = \u_core.SU1.TW.ff_re [3], rval = 1'1).
Adding SRST signal on $auto$ff.cc:337:slice$11739 ($_DFF_P_) from module peweaver_ppa_shared_fft (D = $auto$simplemap.cc:189:logic_reduce$12695, Q = \u_core.SU1.TW.ff_re [4], rval = 1'1).
Adding SRST signal on $auto$ff.cc:337:slice$11740 ($_DFF_P_) from module peweaver_ppa_shared_fft (D = $auto$simplemap.cc:189:logic_reduce$12872, Q = \u_core.SU1.TW.ff_re [5], rval = 1'1).
Adding SRST signal on $auto$ff.cc:337:slice$11741 ($_DFF_P_) from module peweaver_ppa_shared_fft (D = $auto$simplemap.cc:189:logic_reduce$13049, Q = \u_core.SU1.TW.ff_re [6], rval = 1'0).
Adding SRST signal on $auto$ff.cc:337:slice$11742 ($_DFF_P_) from module peweaver_ppa_shared_fft (D = $auto$simplemap.cc:189:logic_reduce$13226, Q = \u_core.SU1.TW.ff_re [7], rval = 1'0).
Adding SRST signal on $auto$ff.cc:337:slice$11743 ($_DFF_P_) from module peweaver_ppa_shared_fft (D = $auto$simplemap.cc:189:logic_reduce$13403, Q = \u_core.SU1.TW.ff_re [8], rval = 1'1).
Adding SRST signal on $auto$ff.cc:337:slice$11744 ($_DFF_P_) from module peweaver_ppa_shared_fft (D = $auto$simplemap.cc:189:logic_reduce$13580, Q = \u_core.SU1.TW.ff_re [9], rval = 1'0).
Adding SRST signal on $auto$ff.cc:337:slice$11745 ($_DFF_P_) from module peweaver_ppa_shared_fft (D = $auto$simplemap.cc:189:logic_reduce$13757, Q = \u_core.SU1.TW.ff_re [10], rval = 1'1).
Adding SRST signal on $auto$ff.cc:337:slice$11746 ($_DFF_P_) from module peweaver_ppa_shared_fft (D = $auto$simplemap.cc:189:logic_reduce$13934, Q = \u_core.SU1.TW.ff_re [11], rval = 1'1).
Adding SRST signal on $auto$ff.cc:337:slice$11747 ($_DFF_P_) from module peweaver_ppa_shared_fft (D = $auto$simplemap.cc:189:logic_reduce$14111, Q = \u_core.SU1.TW.ff_re [12], rval = 1'0).
Adding SRST signal on $auto$ff.cc:337:slice$11748 ($_DFF_P_) from module peweaver_ppa_shared_fft (D = $auto$simplemap.cc:189:logic_reduce$14288, Q = \u_core.SU1.TW.ff_re [13], rval = 1'1).
Adding SRST signal on $auto$ff.cc:337:slice$11749 ($_DFF_P_) from module peweaver_ppa_shared_fft (D = $auto$simplemap.cc:189:logic_reduce$14465, Q = \u_core.SU1.TW.ff_re [14], rval = 1'1).
Adding SRST signal on $auto$ff.cc:337:slice$21811 ($_DFF_P_) from module peweaver_ppa_shared_fft (D = $auto$simplemap.cc:189:logic_reduce$26287, Q = \u_core.SU0.TW.ff_im [0], rval = 1'1).
Adding SRST signal on $auto$ff.cc:337:slice$21812 ($_DFF_P_) from module peweaver_ppa_shared_fft (D = $auto$simplemap.cc:189:logic_reduce$26419, Q = \u_core.SU0.TW.ff_im [1], rval = 1'0).
Adding SRST signal on $auto$ff.cc:337:slice$21813 ($_DFF_P_) from module peweaver_ppa_shared_fft (D = $auto$simplemap.cc:189:logic_reduce$26551, Q = \u_core.SU0.TW.ff_im [2], rval = 1'1).
Adding SRST signal on $auto$ff.cc:337:slice$21814 ($_DFF_P_) from module peweaver_ppa_shared_fft (D = $auto$simplemap.cc:189:logic_reduce$26683, Q = \u_core.SU0.TW.ff_im [3], rval = 1'1).
Adding SRST signal on $auto$ff.cc:337:slice$21815 ($_DFF_P_) from module peweaver_ppa_shared_fft (D = $auto$simplemap.cc:189:logic_reduce$26815, Q = \u_core.SU0.TW.ff_im [4], rval = 1'1).
Adding SRST signal on $auto$ff.cc:337:slice$21816 ($_DFF_P_) from module peweaver_ppa_shared_fft (D = $auto$simplemap.cc:189:logic_reduce$26947, Q = \u_core.SU0.TW.ff_im [5], rval = 1'0).
Adding SRST signal on $auto$ff.cc:337:slice$21817 ($_DFF_P_) from module peweaver_ppa_shared_fft (D = $auto$simplemap.cc:189:logic_reduce$27079, Q = \u_core.SU0.TW.ff_im [6], rval = 1'0).
Adding SRST signal on $auto$ff.cc:337:slice$21818 ($_DFF_P_) from module peweaver_ppa_shared_fft (D = $auto$simplemap.cc:189:logic_reduce$27211, Q = \u_core.SU0.TW.ff_im [7], rval = 1'1).
Adding SRST signal on $auto$ff.cc:337:slice$21819 ($_DFF_P_) from module peweaver_ppa_shared_fft (D = $auto$simplemap.cc:189:logic_reduce$27343, Q = \u_core.SU0.TW.ff_im [8], rval = 1'0).
Adding SRST signal on $auto$ff.cc:337:slice$21820 ($_DFF_P_) from module peweaver_ppa_shared_fft (D = $auto$simplemap.cc:189:logic_reduce$27475, Q = \u_core.SU0.TW.ff_im [9], rval = 1'1).
Adding SRST signal on $auto$ff.cc:337:slice$21821 ($_DFF_P_) from module peweaver_ppa_shared_fft (D = $auto$simplemap.cc:189:logic_reduce$27607, Q = \u_core.SU0.TW.ff_im [10], rval = 1'1).
Adding SRST signal on $auto$ff.cc:337:slice$21822 ($_DFF_P_) from module peweaver_ppa_shared_fft (D = $auto$simplemap.cc:189:logic_reduce$27739, Q = \u_core.SU0.TW.ff_im [11], rval = 1'1).
Adding SRST signal on $auto$ff.cc:337:slice$21823 ($_DFF_P_) from module peweaver_ppa_shared_fft (D = $auto$simplemap.cc:189:logic_reduce$27871, Q = \u_core.SU0.TW.ff_im [12], rval = 1'1).
Adding SRST signal on $auto$ff.cc:337:slice$21824 ($_DFF_P_) from module peweaver_ppa_shared_fft (D = $auto$simplemap.cc:189:logic_reduce$28003, Q = \u_core.SU0.TW.ff_im [13], rval = 1'1).
Adding SRST signal on $auto$ff.cc:337:slice$21825 ($_DFF_P_) from module peweaver_ppa_shared_fft (D = $auto$simplemap.cc:189:logic_reduce$28135, Q = \u_core.SU0.TW.ff_im [14], rval = 1'1).
Adding SRST signal on $auto$ff.cc:337:slice$21827 ($_DFF_P_) from module peweaver_ppa_shared_fft (D = $auto$simplemap.cc:189:logic_reduce$22079, Q = \u_core.SU0.TW.ff_re [0], rval = 1'0).
Adding SRST signal on $auto$ff.cc:337:slice$21828 ($_DFF_P_) from module peweaver_ppa_shared_fft (D = $auto$simplemap.cc:189:logic_reduce$22256, Q = \u_core.SU0.TW.ff_re [1], rval = 1'0).
Adding SRST signal on $auto$ff.cc:337:slice$21829 ($_DFF_P_) from module peweaver_ppa_shared_fft (D = $auto$simplemap.cc:189:logic_reduce$22433, Q = \u_core.SU0.TW.ff_re [2], rval = 1'0).
Adding SRST signal on $auto$ff.cc:337:slice$21830 ($_DFF_P_) from module peweaver_ppa_shared_fft (D = $auto$simplemap.cc:189:logic_reduce$22610, Q = \u_core.SU0.TW.ff_re [3], rval = 1'1).
Adding SRST signal on $auto$ff.cc:337:slice$21831 ($_DFF_P_) from module peweaver_ppa_shared_fft (D = $auto$simplemap.cc:189:logic_reduce$22787, Q = \u_core.SU0.TW.ff_re [4], rval = 1'1).
Adding SRST signal on $auto$ff.cc:337:slice$21832 ($_DFF_P_) from module peweaver_ppa_shared_fft (D = $auto$simplemap.cc:189:logic_reduce$22964, Q = \u_core.SU0.TW.ff_re [5], rval = 1'1).
Adding SRST signal on $auto$ff.cc:337:slice$21833 ($_DFF_P_) from module peweaver_ppa_shared_fft (D = $auto$simplemap.cc:189:logic_reduce$23141, Q = \u_core.SU0.TW.ff_re [6], rval = 1'0).
Adding SRST signal on $auto$ff.cc:337:slice$21834 ($_DFF_P_) from module peweaver_ppa_shared_fft (D = $auto$simplemap.cc:189:logic_reduce$23318, Q = \u_core.SU0.TW.ff_re [7], rval = 1'0).
Adding SRST signal on $auto$ff.cc:337:slice$21835 ($_DFF_P_) from module peweaver_ppa_shared_fft (D = $auto$simplemap.cc:189:logic_reduce$23495, Q = \u_core.SU0.TW.ff_re [8], rval = 1'1).
Adding SRST signal on $auto$ff.cc:337:slice$21836 ($_DFF_P_) from module peweaver_ppa_shared_fft (D = $auto$simplemap.cc:189:logic_reduce$23672, Q = \u_core.SU0.TW.ff_re [9], rval = 1'0).
Adding SRST signal on $auto$ff.cc:337:slice$21837 ($_DFF_P_) from module peweaver_ppa_shared_fft (D = $auto$simplemap.cc:189:logic_reduce$23849, Q = \u_core.SU0.TW.ff_re [10], rval = 1'1).
Adding SRST signal on $auto$ff.cc:337:slice$21838 ($_DFF_P_) from module peweaver_ppa_shared_fft (D = $auto$simplemap.cc:189:logic_reduce$24026, Q = \u_core.SU0.TW.ff_re [11], rval = 1'1).
Adding SRST signal on $auto$ff.cc:337:slice$21839 ($_DFF_P_) from module peweaver_ppa_shared_fft (D = $auto$simplemap.cc:189:logic_reduce$24203, Q = \u_core.SU0.TW.ff_re [12], rval = 1'0).
Adding SRST signal on $auto$ff.cc:337:slice$21840 ($_DFF_P_) from module peweaver_ppa_shared_fft (D = $auto$simplemap.cc:189:logic_reduce$24380, Q = \u_core.SU0.TW.ff_re [13], rval = 1'1).
Adding SRST signal on $auto$ff.cc:337:slice$21841 ($_DFF_P_) from module peweaver_ppa_shared_fft (D = $auto$simplemap.cc:189:logic_reduce$24557, Q = \u_core.SU0.TW.ff_re [14], rval = 1'1).
Setting constant 0-bit at position 0 on $auto$ff.cc:337:slice$3949 ($_DFF_P_) from module peweaver_ppa_shared_fft.

4.23.4. Executing OPT_CLEAN pass (remove unused cells and wires).
Finding unused cells or wires in module \peweaver_ppa_shared_fft..
Removed 1534 unused cells and 11487 unused wires.
<suppressed ~1542 debug messages>

4.23.5. Rerunning OPT passes. (Removed registers in this run.)

4.23.6. Executing OPT_EXPR pass (perform const folding).
Optimizing module peweaver_ppa_shared_fft.
<suppressed ~316 debug messages>

4.23.7. Executing OPT_MERGE pass (detect identical cells).
Finding identical cells in module `\peweaver_ppa_shared_fft'.
Computing hashes of 32081 cells of `\peweaver_ppa_shared_fft'.
Finding duplicate cells in `\peweaver_ppa_shared_fft'.
Removed a total of 0 cells.

4.23.8. Executing OPT_DFF pass (perform DFF optimizations).

4.23.9. Executing OPT_CLEAN pass (remove unused cells and wires).
Finding unused cells or wires in module \peweaver_ppa_shared_fft..
Removed 14 unused cells and 20 unused wires.
<suppressed ~15 debug messages>

4.23.10. Finished fast OPT passes.

4.24. Executing ABC pass (technology mapping using ABC).

4.24.1. Extracting gate netlist of module `\peweaver_ppa_shared_fft' to `<abc-temp-dir>/input.blif'..

4.24.1.1. Executed ABC.
Extracted 27493 gates and 28423 wires to a netlist network with 929 inputs and 737 outputs.
Running ABC script: <abc-temp-dir>/abc.script
ABC: UC Berkeley, ABC 1.01 (compiled Aug 28 2026 12:09:00)
ABC: abc 01> empty
ABC: abc 01> source <abc-temp-dir>/abc.script
ABC: + read_blif <abc-temp-dir>/input.blif 
ABC: + read_library <abc-temp-dir>/stdcells.genlib 
ABC: + strash 
ABC: + &get -n 
ABC: + &fraig -x 
ABC: + &put 
ABC: + scorr 
ABC: Warning: The network is combinational (run "fraig" or "fraig_sweep").
ABC: + dc2 
ABC: + dretime 
ABC: + strash 
ABC: + &get -n 
ABC: + &dch -f 
ABC: + &nf 
ABC: + &put 
ABC: + write_blif <abc-temp-dir>/output.blif 
ABC: 
ABC: YOSYS_ABC_DONE 

4.24.1.2. Re-integrating ABC results.
ABC RESULTS:               AND cells:     3943
ABC RESULTS:            ANDNOT cells:      448
ABC RESULTS:               MUX cells:      989
ABC RESULTS:              NAND cells:    10240
ABC RESULTS:               NOR cells:       84
ABC RESULTS:               NOT cells:       51
ABC RESULTS:               ONE cells:        4
ABC RESULTS:                OR cells:      683
ABC RESULTS:             ORNOT cells:      656
ABC RESULTS:              XNOR cells:     1076
ABC RESULTS:               XOR cells:     6392
ABC RESULTS:              ZERO cells:        1
ABC RESULTS:        internal signals:    26757
ABC RESULTS:           input signals:      929
ABC RESULTS:          output signals:      737
Removing temp directory.
Removing global temp directory.

4.25. Executing OPT pass (performing simple optimizations).

4.25.1. Executing OPT_EXPR pass (perform const folding).
Optimizing module peweaver_ppa_shared_fft.
<suppressed ~6 debug messages>

4.25.2. Executing OPT_MERGE pass (detect identical cells).
Finding identical cells in module `\peweaver_ppa_shared_fft'.
Computing hashes of 29136 cells of `\peweaver_ppa_shared_fft'.
Finding duplicate cells in `\peweaver_ppa_shared_fft'.
Computing hashes of 29133 cells of `\peweaver_ppa_shared_fft'.
Finding duplicate cells in `\peweaver_ppa_shared_fft'.
Computing hashes of 29116 cells of `\peweaver_ppa_shared_fft'.
Finding duplicate cells in `\peweaver_ppa_shared_fft'.
<suppressed ~60 debug messages>
Removed a total of 20 cells.

4.25.3. Executing OPT_DFF pass (perform DFF optimizations).
Removing never-active SRST on $auto$ff.cc:337:slice$77231 ($_SDFF_PN0_) from module peweaver_ppa_shared_fft.
Removing never-active SRST on $auto$ff.cc:337:slice$77232 ($_SDFF_PN0_) from module peweaver_ppa_shared_fft.
Removing never-active SRST on $auto$ff.cc:337:slice$77233 ($_SDFF_PN1_) from module peweaver_ppa_shared_fft.
Removing never-active SRST on $auto$ff.cc:337:slice$77237 ($_SDFF_PN1_) from module peweaver_ppa_shared_fft.
Removing never-active SRST on $auto$ff.cc:337:slice$77238 ($_SDFF_PN0_) from module peweaver_ppa_shared_fft.
Removing never-active SRST on $auto$ff.cc:337:slice$77239 ($_SDFF_PN0_) from module peweaver_ppa_shared_fft.
Removing never-active SRST on $auto$ff.cc:337:slice$77240 ($_SDFF_PN0_) from module peweaver_ppa_shared_fft.
Removing never-active SRST on $auto$ff.cc:337:slice$77241 ($_SDFF_PN1_) from module peweaver_ppa_shared_fft.
Removing never-active SRST on $auto$ff.cc:337:slice$77242 ($_SDFF_PN1_) from module peweaver_ppa_shared_fft.
Removing never-active SRST on $auto$ff.cc:337:slice$77243 ($_SDFF_PN1_) from module peweaver_ppa_shared_fft.
Removing never-active SRST on $auto$ff.cc:337:slice$77244 ($_SDFF_PN0_) from module peweaver_ppa_shared_fft.
Removing never-active SRST on $auto$ff.cc:337:slice$77245 ($_SDFF_PN1_) from module peweaver_ppa_shared_fft.
Removing never-active SRST on $auto$ff.cc:337:slice$77246 ($_SDFF_PN1_) from module peweaver_ppa_shared_fft.
Removing never-active SRST on $auto$ff.cc:337:slice$77247 ($_SDFF_PN1_) from module peweaver_ppa_shared_fft.
Removing never-active SRST on $auto$ff.cc:337:slice$77248 ($_SDFF_PN0_) from module peweaver_ppa_shared_fft.
Removing never-active SRST on $auto$ff.cc:337:slice$77249 ($_SDFF_PN0_) from module peweaver_ppa_shared_fft.
Removing never-active SRST on $auto$ff.cc:337:slice$77250 ($_SDFF_PN1_) from module peweaver_ppa_shared_fft.
Removing never-active SRST on $auto$ff.cc:337:slice$77251 ($_SDFF_PN0_) from module peweaver_ppa_shared_fft.
Removing never-active SRST on $auto$ff.cc:337:slice$77252 ($_SDFF_PN1_) from module peweaver_ppa_shared_fft.
Removing never-active SRST on $auto$ff.cc:337:slice$77253 ($_SDFF_PN1_) from module peweaver_ppa_shared_fft.
Removing never-active SRST on $auto$ff.cc:337:slice$77254 ($_SDFF_PN1_) from module peweaver_ppa_shared_fft.
Removing never-active SRST on $auto$ff.cc:337:slice$77255 ($_SDFF_PN1_) from module peweaver_ppa_shared_fft.
Removing never-active SRST on $auto$ff.cc:337:slice$77256 ($_SDFF_PN1_) from module peweaver_ppa_shared_fft.
Removing never-active SRST on $auto$ff.cc:337:slice$77257 ($_SDFF_PN1_) from module peweaver_ppa_shared_fft.
Removing never-active SRST on $auto$ff.cc:337:slice$77258 ($_SDFF_PN0_) from module peweaver_ppa_shared_fft.
Removing never-active SRST on $auto$ff.cc:337:slice$77259 ($_SDFF_PN0_) from module peweaver_ppa_shared_fft.
Removing never-active SRST on $auto$ff.cc:337:slice$77260 ($_SDFF_PN0_) from module peweaver_ppa_shared_fft.
Removing never-active SRST on $auto$ff.cc:337:slice$77261 ($_SDFF_PN1_) from module peweaver_ppa_shared_fft.
Removing never-active SRST on $auto$ff.cc:337:slice$77262 ($_SDFF_PN1_) from module peweaver_ppa_shared_fft.
Removing never-active SRST on $auto$ff.cc:337:slice$77263 ($_SDFF_PN1_) from module peweaver_ppa_shared_fft.
Removing never-active SRST on $auto$ff.cc:337:slice$77264 ($_SDFF_PN0_) from module peweaver_ppa_shared_fft.
Removing never-active SRST on $auto$ff.cc:337:slice$77265 ($_SDFF_PN0_) from module peweaver_ppa_shared_fft.
Removing never-active SRST on $auto$ff.cc:337:slice$77266 ($_SDFF_PN1_) from module peweaver_ppa_shared_fft.
Removing never-active SRST on $auto$ff.cc:337:slice$77267 ($_SDFF_PN0_) from module peweaver_ppa_shared_fft.
Removing never-active SRST on $auto$ff.cc:337:slice$77268 ($_SDFF_PN1_) from module peweaver_ppa_shared_fft.
Removing never-active SRST on $auto$ff.cc:337:slice$77269 ($_SDFF_PN1_) from module peweaver_ppa_shared_fft.
Removing never-active SRST on $auto$ff.cc:337:slice$77270 ($_SDFF_PN0_) from module peweaver_ppa_shared_fft.
Removing never-active SRST on $auto$ff.cc:337:slice$77271 ($_SDFF_PN1_) from module peweaver_ppa_shared_fft.
Removing never-active SRST on $auto$ff.cc:337:slice$77272 ($_SDFF_PN1_) from module peweaver_ppa_shared_fft.
Setting constant 0-bit at position 0 on $auto$ff.cc:337:slice$3947 ($_DFF_P_) from module peweaver_ppa_shared_fft.

4.25.4. Executing OPT_CLEAN pass (remove unused cells and wires).
Finding unused cells or wires in module \peweaver_ppa_shared_fft..
Removed 0 unused cells and 6081 unused wires.
<suppressed ~148 debug messages>

4.25.5. Rerunning OPT passes. (Removed registers in this run.)

4.25.6. Executing OPT_EXPR pass (perform const folding).
Optimizing module peweaver_ppa_shared_fft.
<suppressed ~299 debug messages>

4.25.7. Executing OPT_MERGE pass (detect identical cells).
Finding identical cells in module `\peweaver_ppa_shared_fft'.
Computing hashes of 28861 cells of `\peweaver_ppa_shared_fft'.
Finding duplicate cells in `\peweaver_ppa_shared_fft'.
Computing hashes of 28841 cells of `\peweaver_ppa_shared_fft'.
Finding duplicate cells in `\peweaver_ppa_shared_fft'.
Computing hashes of 28767 cells of `\peweaver_ppa_shared_fft'.
Finding duplicate cells in `\peweaver_ppa_shared_fft'.
Computing hashes of 28729 cells of `\peweaver_ppa_shared_fft'.
Finding duplicate cells in `\peweaver_ppa_shared_fft'.
Computing hashes of 28720 cells of `\peweaver_ppa_shared_fft'.
Finding duplicate cells in `\peweaver_ppa_shared_fft'.
<suppressed ~423 debug messages>
Removed a total of 141 cells.

4.25.8. Executing OPT_DFF pass (perform DFF optimizations).

4.25.9. Executing OPT_CLEAN pass (remove unused cells and wires).
Finding unused cells or wires in module \peweaver_ppa_shared_fft..
Removed 1 unused cells and 438 unused wires.
<suppressed ~2 debug messages>

4.25.10. Finished fast OPT passes.

4.26. Executing HIERARCHY pass (managing design hierarchy).
Attribute `top' found on module `peweaver_ppa_shared_fft'. Setting top module to peweaver_ppa_shared_fft.

4.26.1. Analyzing design hierarchy..
Top module:  \peweaver_ppa_shared_fft

4.26.2. Analyzing design hierarchy..
Top module:  \peweaver_ppa_shared_fft
Removed 0 unused modules.

4.27. Printing statistics.

=== peweaver_ppa_shared_fft ===

        +----------Local Count, excluding submodules.
        | 
    24957 wires
    43053 wire bits
     1296 public wires
    19392 public wire bits
        9 ports
       69 port bits
    28719 cells
      447   $_ANDNOT_
     3802   $_AND_
        6   $_DFFE_PP0P_
       83   $_DFF_PP0_
        2   $_DFF_PP1_
     4420   $_DFF_P_
      937   $_MUX_
    10190   $_NAND_
       84   $_NOR_
       73   $_NOT_
      656   $_ORNOT_
      654   $_OR_
       12   $_SDFF_PN0_
       20   $_SDFF_PN1_
     1015   $_XNOR_
     6292   $_XOR_
       26   $scopeinfo

4.28. Executing CHECK pass (checking for obvious problems).
Checking module peweaver_ppa_shared_fft...
Found and reported 0 problems.

5. Executing Liberty frontend: /work/peweaver/runs/s0-independent-repeat-20260909/examples/peweaver/physical/results_s0_repeat_20260909b/work/lib_shared_tt_synth.lib
Imported 392 cell types from liberty file.

6. Executing DFFUNMAP pass (unmap clock enable and synchronous reset from FFs).

7. Executing DFFLIBMAP pass (mapping DFF/DLATCH cells to sequential cells from liberty file).
  cell sky130_fd_sc_hd__dfxtp_1 (noninv, pins=3, area=20.02) is a direct match for cell type $_DFF_P_.
  cell sky130_fd_sc_hd__dfrtn_1 (noninv, pins=4, area=25.02) is a direct match for cell type $_DFF_NN0_.
  cell sky130_fd_sc_hd__dfrtp_1 (noninv, pins=4, area=25.02) is a direct match for cell type $_DFF_PN0_.
  cell sky130_fd_sc_hd__dfstp_1 (noninv, pins=4, area=26.28) is a direct match for cell type $_DFF_PN1_.
  cell sky130_fd_sc_hd__edfxtp_1 (noninv, pins=4, area=30.03) is a direct match for cell type $_DFFE_PP_.
  cell sky130_fd_sc_hd__dfbbn_1 (noninv, pins=6, area=32.53) is a direct match for cell type $_DFFSR_NNN_.
  cell sky130_fd_sc_hd__dfbbp_1 (noninv, pins=6, area=32.53) is a direct match for cell type $_DFFSR_PNN_.
  cell sky130_fd_sc_hd__dlxtn_1 (noninv, pins=3, area=15.01) is a direct match for cell type $_DLATCH_N_.
  cell sky130_fd_sc_hd__dlxtp_1 (noninv, pins=3, area=15.01) is a direct match for cell type $_DLATCH_P_.
  cell sky130_fd_sc_hd__dlrtn_1 (noninv, pins=4, area=17.52) is a direct match for cell type $_DLATCH_NN0_.
  cell sky130_fd_sc_hd__dlrtp_1 (noninv, pins=4, area=16.27) is a direct match for cell type $_DLATCH_PN0_.
  final dff/dlatch cell mappings:
    unmapped dff/dlatch cell: $_DFF_N_
    \sky130_fd_sc_hd__dfxtp_1 _DFF_P_ (.CLK( C), .D( D), .Q( Q));
    \sky130_fd_sc_hd__dfrtn_1 _DFF_NN0_ (.CLK_N( C), .D( D), .Q( Q), .RESET_B( R));
    unmapped dff/dlatch cell: $_DFF_NN1_
    unmapped dff/dlatch cell: $_DFF_NP0_
    unmapped dff/dlatch cell: $_DFF_NP1_
    \sky130_fd_sc_hd__dfrtp_1 _DFF_PN0_ (.CLK( C), .D( D), .Q( Q), .RESET_B( R));
    \sky130_fd_sc_hd__dfstp_1 _DFF_PN1_ (.CLK( C), .D( D), .Q( Q), .SET_B( R));
    unmapped dff/dlatch cell: $_DFF_PP0_
    unmapped dff/dlatch cell: $_DFF_PP1_
    unmapped dff/dlatch cell: $_DFFE_NN_
    unmapped dff/dlatch cell: $_DFFE_NP_
    unmapped dff/dlatch cell: $_DFFE_PN_
    \sky130_fd_sc_hd__edfxtp_1 _DFFE_PP_ (.CLK( C), .D( D), .DE( E), .Q( Q));
    \sky130_fd_sc_hd__dfbbn_1 _DFFSR_NNN_ (.CLK_N( C), .D( D), .Q( Q), .Q_N(~Q), .RESET_B( R), .SET_B( S));
    unmapped dff/dlatch cell: $_DFFSR_NNP_
    unmapped dff/dlatch cell: $_DFFSR_NPN_
    unmapped dff/dlatch cell: $_DFFSR_NPP_
    \sky130_fd_sc_hd__dfbbp_1 _DFFSR_PNN_ (.CLK( C), .D( D), .Q( Q), .Q_N(~Q), .RESET_B( R), .SET_B( S));
    unmapped dff/dlatch cell: $_DFFSR_PNP_
    unmapped dff/dlatch cell: $_DFFSR_PPN_
    unmapped dff/dlatch cell: $_DFFSR_PPP_
    \sky130_fd_sc_hd__dlxtn_1 _DLATCH_N_ (.D( D), .GATE_N( E), .Q( Q));
    \sky130_fd_sc_hd__dlxtp_1 _DLATCH_P_ (.D( D), .GATE( E), .Q( Q));
    \sky130_fd_sc_hd__dlrtn_1 _DLATCH_NN0_ (.D( D), .GATE_N( E), .Q( Q), .RESET_B( R));
    unmapped dff/dlatch cell: $_DLATCH_NN1_
    unmapped dff/dlatch cell: $_DLATCH_NP0_
    unmapped dff/dlatch cell: $_DLATCH_NP1_
    \sky130_fd_sc_hd__dlrtp_1 _DLATCH_PN0_ (.D( D), .GATE( E), .Q( Q), .RESET_B( R));
    unmapped dff/dlatch cell: $_DLATCH_PN1_
    unmapped dff/dlatch cell: $_DLATCH_PP0_
    unmapped dff/dlatch cell: $_DLATCH_PP1_
    unmapped dff/dlatch cell: $_DLATCHSR_NNN_
    unmapped dff/dlatch cell: $_DLATCHSR_NNP_
    unmapped dff/dlatch cell: $_DLATCHSR_NPN_
    unmapped dff/dlatch cell: $_DLATCHSR_NPP_
    unmapped dff/dlatch cell: $_DLATCHSR_PNN_
    unmapped dff/dlatch cell: $_DLATCHSR_PNP_
    unmapped dff/dlatch cell: $_DLATCHSR_PPN_
    unmapped dff/dlatch cell: $_DLATCHSR_PPP_

7.1. Executing DFFLEGALIZE pass (convert FFs and LATCHes to types supported by the target).
<suppressed ~24 debug messages>
Mapping DFF/DLATCH cells in module `\peweaver_ppa_shared_fft':
  mapped 89 $_DFF_PN0_ cells to \sky130_fd_sc_hd__dfrtp_1 cells.
  mapped 2 $_DFF_PN1_ cells to \sky130_fd_sc_hd__dfstp_1 cells.
  mapped 4452 $_DFF_P_ cells to \sky130_fd_sc_hd__dfxtp_1 cells.

8. Executing TECHMAP pass (map to technology primitives).

8.1. Executing Verilog-2005 frontend: synth/sky130_simple_map.v
Parsing Verilog input from `synth/sky130_simple_map.v' to AST representation.
Generating RTLIL representation for module `$_NOT_'.
Generating RTLIL representation for module `$_AND_'.
Generating RTLIL representation for module `$_ANDNOT_'.
Generating RTLIL representation for module `$_NAND_'.
Generating RTLIL representation for module `$_OR_'.
Generating RTLIL representation for module `$_ORNOT_'.
Generating RTLIL representation for module `$_NOR_'.
Generating RTLIL representation for module `$_XOR_'.
Generating RTLIL representation for module `$_XNOR_'.
Generating RTLIL representation for module `$_MUX_'.
Successfully finished Verilog frontend.

8.2. Continuing TECHMAP pass.
Using template $_NOT_ for cells of type $_NOT_.
Using template $_MUX_ for cells of type $_MUX_.
Using template $_ORNOT_ for cells of type $_ORNOT_.
Using template $_AND_ for cells of type $_AND_.
Using template $_NAND_ for cells of type $_NAND_.
Using template $_ANDNOT_ for cells of type $_ANDNOT_.
Using template $_NOR_ for cells of type $_NOR_.
Using template $_XNOR_ for cells of type $_XNOR_.
Using template $_OR_ for cells of type $_OR_.
Using template $_XOR_ for cells of type $_XOR_.
No more expansions possible.
<suppressed ~24291 debug messages>

9. Executing SETUNDEF pass (replace undef values with defined constants).

10. Executing SPLITNETS pass (splitting up multi-bit signals).

11. Executing OPT_CLEAN pass (remove unused cells and wires).
Finding unused cells or wires in module \peweaver_ppa_shared_fft..
Removed 26 unused cells and 87940 unused wires.
<suppressed ~14319 debug messages>

12. Executing CHECK pass (checking for obvious problems).
Checking module peweaver_ppa_shared_fft...
Found and reported 0 problems.

13. Printing statistics.

=== peweaver_ppa_shared_fft ===

        +----------Local Count, excluding submodules.
        |        +-Local Area, excluding submodules.
        |        | 
    29933        - wires
    29993        - wire bits
     5040        - public wires
     5100        - public wire bits
        9        - ports
       69        - port bits
    29925 2.44E+05 cells
     4249 2.66E+04   sky130_fd_sc_hd__and2_1
       89 2.23E+03   sky130_fd_sc_hd__dfrtp_1
        2    52.55   sky130_fd_sc_hd__dfstp_1
     4452 8.91E+04   sky130_fd_sc_hd__dfxtp_1
     1267 4.76E+03   sky130_fd_sc_hd__inv_1
      975  1.1E+04   sky130_fd_sc_hd__mux2_1
    10190 3.82E+04   sky130_fd_sc_hd__nand2_1
       84  315.302   sky130_fd_sc_hd__nor2_1
     1310  8195.36   sky130_fd_sc_hd__or2_1
     1015 8.89E+03   sky130_fd_sc_hd__xnor2_1
     6292 5.51E+04   sky130_fd_sc_hd__xor2_1

   Chip area for module '\peweaver_ppa_shared_fft': 244479.475200
     of which used for sequential elements: 91405.164800 (37.39%)

14. Executing Verilog backend.
Dumping module `\peweaver_ppa_shared_fft'.

Warnings: 6 unique messages, 18 total
End of script. Logfile hash: 0074fe8134, time: 7.33s, user: 5.58s, system: 0.29s, MEM: 165.77 MB peak
Yosys 0.68+136 (git sha1 c30457480-dirty, Release, Clang /usr/bin/clang++ 21.1.8)
Time spent: 36% 1x abc (3 sec), 16% 24x opt_clean (1 sec), ...
run-physical.sh: stage 2 activity + golden (RTL reference, then gate-level)
run-physical.sh: compiling gate-level simulation model (iverilog, always rebuild)
run-physical.sh: normalizing scenario VCD
vcd_normalize.py: shifted 3975 timestamps by 0 ps; window 13.715 us; 1372 clock edges at 10000 ps period; canonicalized $date — validated OK
run-physical.sh: normalizing streaming VCD
vcd_normalize.py: shifted 855 timestamps by 315000 ps; window 2.940 us; 295 clock edges at 10000 ps period; canonicalized $date — validated OK
run-physical.sh: normalizing 128-mode streaming VCD
vcd_normalize.py: shifted 1627 timestamps by 315000 ps; window 5.520 us; 553 clock edges at 10000 ps period; canonicalized $date — validated OK
run-physical.sh: scenario and streaming VCDs normalized and validated
run-physical.sh: stage 3a OpenROAD frontend (floorplan/place/CTS/global route)
OpenROAD v2.0-17598-ga008522d8 
Features included (+) or not (-): +Charts +GPU +GUI +Python : None
This program is licensed under the BSD-3 license. See the LICENSE file for details.
Components of this program may be licensed under more restrictive licenses which must be honored.
[INFO ORD-0030] Using 8 thread(s).
[INFO ODB-0227] LEF file: /work/peweaver/toolchains/.volare/sky130A/libs.ref/sky130_fd_sc_hd/techlef/sky130_fd_sc_hd__nom.tlef, created 14 layers, 25 vias
[WARNING ODB-0220] WARNING (LEFPARS-2008): NOWIREEXTENSIONATPIN statement is obsolete in version 5.6 or later.
The NOWIREEXTENSIONATPIN statement will be ignored. See file /work/peweaver/toolchains/.volare/sky130A/libs.ref/sky130_fd_sc_hd/lef/sky130_fd_sc_hd.lef at line 2.

[INFO ODB-0227] LEF file: /work/peweaver/toolchains/.volare/sky130A/libs.ref/sky130_fd_sc_hd/lef/sky130_fd_sc_hd.lef, created 437 library cells
[WARNING IFP-0028] Core area lower left (5.000, 5.000) snapped to (5.060, 5.440).
[INFO IFP-0001] Added 287 rows of 1699 site unithd.
Found 0 macro blocks.
Using 2 tracks default min distance between IO pins.
[INFO PPL-0001] Number of slots           2882
[INFO PPL-0002] Number of I/O             69
[INFO PPL-0003] Number of I/O w/sink      69
[INFO PPL-0004] Number of I/O w/o sink    0
[INFO PPL-0005] Slots per section         200
[INFO PPL-0008] Successfully assigned pins to sections.
[INFO PPL-0012] I/O nets HPWL: 28935.36 um.
[INFO TAP-0005] Inserted 8092 tapcells.
[INFO IFP-0030] Inserted 1 tiecells using sky130_fd_sc_hd__conb_1/LO.
[INFO IFP-0030] Inserted 1 tiecells using sky130_fd_sc_hd__conb_1/HI.
[INFO PDN-0001] Inserting grid: grid
[INFO GPL-0002] DBU: 1000
[INFO GPL-0003] SiteSize: (  0.460  2.720 ) um
[INFO GPL-0004] CoreBBox: (  5.060  5.440 ) ( 786.600 786.080 ) um
[INFO GPL-0006] NumInstances:             38019
[INFO GPL-0007] NumPlaceInstances:        29927
[INFO GPL-0008] NumFixedInstances:         8092
[INFO GPL-0009] NumDummyInstances:            0
[INFO GPL-0010] NumNets:                  29963
[INFO GPL-0011] NumPins:                  89645
[INFO GPL-0012] DieBBox:  (  0.000  0.000 ) ( 791.790 791.790 ) um
[INFO GPL-0013] CoreBBox: (  5.060  5.440 ) ( 786.600 786.080 ) um
[INFO GPL-0016] CoreArea:            610101.386 um^2
[INFO GPL-0017] NonPlaceInstsArea:    10124.710 um^2
[INFO GPL-0018] PlaceInstsArea:      244486.982 um^2
[INFO GPL-0019] Util:                    40.749 %
[INFO GPL-0020] StdInstsArea:        244486.982 um^2
[INFO GPL-0021] MacroInstsArea:           0.000 um^2
[InitialPlace]  Iter: 1 CG residual: 0.00660170 HPWL: 268326060
[InitialPlace]  Iter: 2 CG residual: 0.00690480 HPWL: 230447716
[InitialPlace]  Iter: 3 CG residual: 0.00697656 HPWL: 230426563
[InitialPlace]  Iter: 4 CG residual: 0.00876727 HPWL: 230839986
[InitialPlace]  Iter: 5 CG residual: 0.00595664 HPWL: 229711704
[InitialPlace]  Iter: 6 CG residual: 0.00854540 HPWL: 229322628
[InitialPlace]  Iter: 7 CG residual: 0.00518115 HPWL: 227358749
[InitialPlace]  Iter: 8 CG residual: 0.00758009 HPWL: 226402878
[InitialPlace]  Iter: 9 CG residual: 0.00595680 HPWL: 225911553
[InitialPlace]  Iter: 10 CG residual: 0.00588430 HPWL: 225697468
[InitialPlace]  Iter: 11 CG residual: 0.00649500 HPWL: 224195352
[InitialPlace]  Iter: 12 CG residual: 0.00628531 HPWL: 222863796
[InitialPlace]  Iter: 13 CG residual: 0.00633042 HPWL: 222520845
[InitialPlace]  Iter: 14 CG residual: 0.00642983 HPWL: 220962350
[InitialPlace]  Iter: 15 CG residual: 0.00512070 HPWL: 219371086
[InitialPlace]  Iter: 16 CG residual: 0.00366338 HPWL: 217986291
[InitialPlace]  Iter: 17 CG residual: 0.00444993 HPWL: 217250839
[InitialPlace]  Iter: 18 CG residual: 0.00227709 HPWL: 215808311
[InitialPlace]  Iter: 19 CG residual: 0.00201063 HPWL: 215114053
[InitialPlace]  Iter: 20 CG residual: 0.00078648 HPWL: 214132664
[INFO GPL-0031] FillerInit:NumGCells:     44852
[INFO GPL-0032] FillerInit:NumGNets:      29963
[INFO GPL-0033] FillerInit:NumGPins:      89645
[INFO GPL-0023] TargetDensity:            0.600
[INFO GPL-0024] AvrgPlaceInstArea:        8.169 um^2
[INFO GPL-0025] IdealBinArea:            13.616 um^2
[INFO GPL-0026] IdealBinCnt:              44808
[INFO GPL-0027] TotalBinArea:        610101.386 um^2
[INFO GPL-0028] BinCnt:       128    128
[INFO GPL-0029] BinSize: (  6.106  6.099 )
[INFO GPL-0030] NumBins: 16384
[NesterovSolve] Iter:    1 overflow: 0.995 HPWL: 69157656
[NesterovSolve] Iter:   10 overflow: 0.994 HPWL: 53164502
[NesterovSolve] Iter:   20 overflow: 0.993 HPWL: 53380415
[NesterovSolve] Iter:   30 overflow: 0.993 HPWL: 53458348
[NesterovSolve] Iter:   40 overflow: 0.993 HPWL: 53447198
[NesterovSolve] Iter:   50 overflow: 0.993 HPWL: 53354115
[NesterovSolve] Iter:   60 overflow: 0.994 HPWL: 53202646
[NesterovSolve] Iter:   70 overflow: 0.994 HPWL: 53033279
[NesterovSolve] Iter:   80 overflow: 0.994 HPWL: 52885484
[NesterovSolve] Iter:   90 overflow: 0.994 HPWL: 52809418
[NesterovSolve] Iter:  100 overflow: 0.994 HPWL: 52824230
[NesterovSolve] Iter:  110 overflow: 0.994 HPWL: 53030541
[NesterovSolve] Iter:  120 overflow: 0.994 HPWL: 53750483
[NesterovSolve] Iter:  130 overflow: 0.992 HPWL: 55702162
[NesterovSolve] Iter:  140 overflow: 0.990 HPWL: 59521839
[NesterovSolve] Iter:  150 overflow: 0.983 HPWL: 65957546
[NesterovSolve] Iter:  160 overflow: 0.973 HPWL: 75546481
[NesterovSolve] Iter:  170 overflow: 0.957 HPWL: 89730201
[NesterovSolve] Iter:  180 overflow: 0.938 HPWL: 109736494
[NesterovSolve] Iter:  190 overflow: 0.915 HPWL: 133491453
[NesterovSolve] Iter:  200 overflow: 0.889 HPWL: 159543136
[NesterovSolve] Iter:  210 overflow: 0.858 HPWL: 187835561
[NesterovSolve] Iter:  220 overflow: 0.821 HPWL: 218375256
[NesterovSolve] Iter:  230 overflow: 0.781 HPWL: 246936514
[NesterovSolve] Iter:  240 overflow: 0.743 HPWL: 270464372
[NesterovSolve] Iter:  250 overflow: 0.707 HPWL: 285421706
[NesterovSolve] Iter:  260 overflow: 0.671 HPWL: 295826011
[NesterovSolve] Iter:  270 overflow: 0.631 HPWL: 315725313
[NesterovSolve] Iter:  280 overflow: 0.590 HPWL: 340397997
[NesterovSolve] Iter:  290 overflow: 0.545 HPWL: 373269699
[NesterovSolve] Iter:  300 overflow: 0.500 HPWL: 400765040
[NesterovSolve] Iter:  310 overflow: 0.467 HPWL: 365242310
[NesterovSolve] Iter:  320 overflow: 0.418 HPWL: 392020705
[NesterovSolve] Iter:  330 overflow: 0.397 HPWL: 371443436
[NesterovSolve] Iter:  340 overflow: 0.365 HPWL: 390888447
[NesterovSolve] Iter:  350 overflow: 0.323 HPWL: 374563364
[NesterovSolve] Iter:  360 overflow: 0.301 HPWL: 367057218
[NesterovSolve] Iter:  370 overflow: 0.272 HPWL: 362013958
[NesterovSolve] Iter:  380 overflow: 0.244 HPWL: 355554881
[NesterovSolve] Iter:  390 overflow: 0.214 HPWL: 352286703
[NesterovSolve] Iter:  400 overflow: 0.190 HPWL: 348941886
[NesterovSolve] Iter:  410 overflow: 0.165 HPWL: 346006321
[NesterovSolve] Iter:  420 overflow: 0.144 HPWL: 343924270
[NesterovSolve] Iter:  430 overflow: 0.127 HPWL: 342269051
[NesterovSolve] Iter:  440 overflow: 0.108 HPWL: 340535386
[NesterovSolve] Finished with Overflow: 0.099607
[INFO RSZ-0058] Using max wire length 1847um.
[INFO RSZ-0034] Found 21 slew violations.
[INFO RSZ-0035] Found 168 fanout violations.
[INFO RSZ-0038] Inserted 409 buffers in 189 nets.
[INFO RSZ-0039] Resized 6786 instances.
Placement Analysis
---------------------------------
total displacement      80214.0 u
average displacement        2.1 u
max displacement           18.1 u
original HPWL          398780.8 u
legalized HPWL         472003.1 u
delta HPWL                   18 %

[INFO CTS-0050] Root buffer is sky130_fd_sc_hd__clkbuf_4.
[INFO CTS-0051] Sink buffer is sky130_fd_sc_hd__clkbuf_8.
[INFO CTS-0052] The following clock buffers will be used for CTS:
                    sky130_fd_sc_hd__clkbuf_1
                    sky130_fd_sc_hd__clkbuf_2
                    sky130_fd_sc_hd__clkbuf_4
                    sky130_fd_sc_hd__clkbuf_8
[INFO CTS-0049] Characterization buffer is sky130_fd_sc_hd__clkbuf_8.
[INFO CTS-0007] Net "clock" found for clock "core_clock".
[INFO CTS-0010]  Clock net "clock" has 4543 sinks.
[INFO CTS-0008] TritonCTS found 1 clock nets.
[INFO CTS-0097] Characterization used 4 buffer(s) types.
[INFO CTS-0200] 0 placement blockages have been identified.
[INFO CTS-0201] 0 placed hard macros will be treated like blockages.
[INFO CTS-0027] Generating H-Tree topology for net clock.
[INFO CTS-0028]  Total number of sinks: 4543.
[INFO CTS-0090]  Sinks will be clustered based on buffer max cap.
[INFO CTS-0030]  Number of static layers: 0.
[INFO CTS-0020]  Wire segment unit: 13600  dbu (13 um).
[INFO CTS-0206] Best clustering solution was found from clustering size of 30 and clustering diameter of 50.
[INFO CTS-0019]  Total number of sinks after clustering: 604.
[INFO CTS-0024]  Normalized sink region: [(1.4288, 2.7239), (57.1178, 53.159)].
[INFO CTS-0025]     Width:  55.6890.
[INFO CTS-0026]     Height: 50.4351.
 Level 1
    Direction: Horizontal
    Sinks per sub-region: 302
    Sub-region size: 27.8445 X 50.4351
[INFO CTS-0034]     Segment length (rounded): 14.
 Level 2
    Direction: Vertical
    Sinks per sub-region: 151
    Sub-region size: 27.8445 X 25.2176
[INFO CTS-0034]     Segment length (rounded): 12.
 Level 3
    Direction: Horizontal
    Sinks per sub-region: 76
    Sub-region size: 13.9223 X 25.2176
[INFO CTS-0034]     Segment length (rounded): 6.
 Level 4
    Direction: Vertical
    Sinks per sub-region: 38
    Sub-region size: 13.9223 X 12.6088
[INFO CTS-0034]     Segment length (rounded): 6.
 Level 5
    Direction: Horizontal
    Sinks per sub-region: 19
    Sub-region size: 6.9611 X 12.6088
[INFO CTS-0034]     Segment length (rounded): 4.
 Level 6
    Direction: Vertical
    Sinks per sub-region: 10
    Sub-region size: 6.9611 X 6.3044
[INFO CTS-0034]     Segment length (rounded): 4.
[INFO CTS-0032]  Stop criterion found. Max number of sinks is 15.
[INFO CTS-0035]  Number of sinks covered: 604.
[INFO CTS-0018]     Created 671 clock buffers.
[INFO CTS-0012]     Minimum number of buffers in the clock path: 3.
[INFO CTS-0013]     Maximum number of buffers in the clock path: 4.
[INFO CTS-0015]     Created 671 clock nets.
[INFO CTS-0016]     Fanout distribution for the current clock = 2:5, 3:6, 4:11, 5:30, 6:56, 7:153, 8:249, 9:124, 10:12, 11:3, 12:5, 13:1, 14:1, 15:2, 16:3, 17:2, 18:2, 20:1..
[INFO CTS-0017]     Max level of the clock tree: 6.
[INFO CTS-0098] Clock net "clock"
[INFO CTS-0099]  Sinks 5059
[INFO CTS-0100]  Leaf buffers 602
[INFO CTS-0101]  Average sink wire length 922.17 um
[INFO CTS-0102]  Path depth 3 - 4
[INFO CTS-0207]  Leaf load cells 516
[WARNING RSZ-0065] max wire length less than 1847u increases wire delays.
[INFO RSZ-0094] Found 21 endpoints with setup violations.
[INFO RSZ-0099] Repairing 21 out of 21 (100.00%) violating endpoints...
[INFO RSZ-0040] Inserted 116 buffers.
[INFO RSZ-0041] Resized 407 instances.
[INFO RSZ-0043] Swapped pins on 353 instances.
[INFO RSZ-0049] Cloned 37 instances.
[WARNING RSZ-0062] Unable to repair all setup violations.
Placement Analysis
---------------------------------
total displacement      10218.4 u
average displacement        0.3 u
max displacement           14.6 u
original HPWL          509717.4 u
legalized HPWL         515473.0 u
delta HPWL                    1 %

[INFO RSZ-0094] Found 22 endpoints with setup violations.
[INFO RSZ-0099] Repairing 22 out of 22 (100.00%) violating endpoints...
[INFO RSZ-0040] Inserted 92 buffers.
[INFO RSZ-0041] Resized 565 instances.
[INFO RSZ-0043] Swapped pins on 696 instances.
[INFO RSZ-0049] Cloned 26 instances.
[WARNING RSZ-0062] Unable to repair all setup violations.
Placement Analysis
---------------------------------
total displacement       3503.2 u
average displacement        0.1 u
max displacement           12.0 u
original HPWL          520642.8 u
legalized HPWL         523877.6 u
delta HPWL                    1 %

PEWEAVER_PHYSICAL_FRONTEND_DONE
run-physical.sh: stage 3b OpenROAD backend (detailed route/extract/STA/power)
OpenROAD v2.0-17598-ga008522d8 
Features included (+) or not (-): +Charts +GPU +GUI +Python : None
This program is licensed under the BSD-3 license. See the LICENSE file for details.
Components of this program may be licensed under more restrictive licenses which must be honored.
[INFO ORD-0030] Using 8 thread(s).
[WARNING DRT-0349] LEF58_ENCLOSURE with no CUTCLASS is not supported. Skipping for layer mcon
[WARNING DRT-0349] LEF58_ENCLOSURE with no CUTCLASS is not supported. Skipping for layer mcon
[WARNING DRT-0349] LEF58_ENCLOSURE with no CUTCLASS is not supported. Skipping for layer via
[WARNING DRT-0349] LEF58_ENCLOSURE with no CUTCLASS is not supported. Skipping for layer via
[WARNING DRT-0349] LEF58_ENCLOSURE with no CUTCLASS is not supported. Skipping for layer via2
[WARNING DRT-0349] LEF58_ENCLOSURE with no CUTCLASS is not supported. Skipping for layer via2
[WARNING DRT-0349] LEF58_ENCLOSURE with no CUTCLASS is not supported. Skipping for layer via3
[WARNING DRT-0349] LEF58_ENCLOSURE with no CUTCLASS is not supported. Skipping for layer via3
[WARNING DRT-0349] LEF58_ENCLOSURE with no CUTCLASS is not supported. Skipping for layer via4
[WARNING DRT-0349] LEF58_ENCLOSURE with no CUTCLASS is not supported. Skipping for layer via4
[WARNING DRT-0120] Large net zero_ has 175 pins which may impact routing performance. Consider optimization.
[WARNING DRT-0422] No routing tracks pass through the center of Term VSS.
[WARNING DRT-0422] No routing tracks pass through the center of Term VDD.
[INFO DRT-0167] List of default vias:
  Layer via
    default via: M1M2_PR
  Layer via2
    default via: M2M3_PR
  Layer via3
    default via: M3M4_PR
  Layer via4
    default via: M4M5_PR
[INFO DRT-0168] Init region query.
[INFO DRT-0033] FR_MASTERSLICE shape region query size = 0.
[INFO DRT-0033] licon shape region query size = 0.
[INFO DRT-0033] li1 shape region query size = 808909.
[INFO DRT-0033] mcon shape region query size = 0.
[INFO DRT-0033] met1 shape region query size = 129960.
[INFO DRT-0033] via shape region query size = 41040.
[INFO DRT-0033] met2 shape region query size = 24624.
[INFO DRT-0033] via2 shape region query size = 32832.
[INFO DRT-0033] met3 shape region query size = 24693.
[INFO DRT-0033] via3 shape region query size = 32832.
[INFO DRT-0033] met4 shape region query size = 9890.
[INFO DRT-0033] via4 shape region query size = 1625.
[INFO DRT-0033] met5 shape region query size = 1739.
[INFO DRT-0156] guideIn read 100000 guides.
[INFO DRT-0178] Init guide query.
[INFO DRT-0036] FR_MASTERSLICE guide region query size = 0.
[INFO DRT-0036] licon guide region query size = 0.
[INFO DRT-0036] li1 guide region query size = 69699.
[INFO DRT-0036] mcon guide region query size = 0.
[INFO DRT-0036] met1 guide region query size = 45542.
[INFO DRT-0036] via guide region query size = 0.
[INFO DRT-0036] met2 guide region query size = 19299.
[INFO DRT-0036] via2 guide region query size = 0.
[INFO DRT-0036] met3 guide region query size = 980.
[INFO DRT-0036] via3 guide region query size = 0.
[INFO DRT-0036] met4 guide region query size = 413.
[INFO DRT-0036] via4 guide region query size = 0.
[INFO DRT-0036] met5 guide region query size = 0.
[INFO DRT-0179] Init gr pin query.
[INFO RCX-0431] Defined process_corner X with ext_model_index 0
[INFO RCX-0029] Defined extraction corner X
[INFO RCX-0435] Reading extraction model file /work/peweaver/runs/s0-independent-repeat-20260909/examples/peweaver/physical/pdk/sky130hd/rcx_patterns.rules ...
[INFO RCX-0436] RC segment generation peweaver_ppa_shared_fft (max_merge_res 50.0) ...
[INFO RCX-0040] Final 95318 rc segments
[INFO RCX-0439] Coupling Cap extraction peweaver_ppa_shared_fft ...
[INFO RCX-0440] Coupling threshhold is 0.1000 fF, coupling capacitance less than 0.1000 fF will be grounded.
[INFO RCX-0442] 55% of 195053 wires extracted
[INFO RCX-0442] 100% of 195053 wires extracted
[INFO RCX-0045] Extract 31314 nets, 126632 rsegs, 126632 caps, 201095 ccs
[INFO RCX-0443] 31314 nets finished
[WARNING STA-0305] read_power_activities is deprecated. Use read_vcd.
Annotated 89643 pin activities.
[WARNING STA-0305] read_power_activities is deprecated. Use read_vcd.
Annotated 89643 pin activities.
[WARNING STA-0305] read_power_activities is deprecated. Use read_vcd.
Annotated 89643 pin activities.
Design area 286970 u^2 47% utilization.
PEWEAVER_PHYSICAL_FLOW_DONE
run-physical.sh: ATTRIBUTION flow — skipping frozen result assembly
run-physical.sh: DONE — results/shared_baseline_sky130.json
