
 /----------------------------------------------------------------------------\
 |  yosys -- Yosys Open SYnthesis Suite                                       |
 |  Copyright (C) 2012 - 2026  Claire Xenia Wolf <claire@yosyshq.com>         |
 |  Distributed under an ISC-like license, type "license" to see terms        |
 \----------------------------------------------------------------------------/
 Yosys 0.68+136 (git sha1 c30457480-dirty, Release, Clang /usr/bin/clang++ 21.1.8)

-- Executing script file `/work/peweaver/runs/power_opt_campaign_20260918/examples/peweaver/physical/results_power_opt/work/shared_synth_run.ys' --

1. Executing Verilog-2005 frontend: rtl/peweaver_ppa_shared_fft.v
Parsing SystemVerilog input from `rtl/peweaver_ppa_shared_fft.v' to AST representation.
Generating RTLIL representation for module `\peweaver_ppa_reset_sync_shared'.
Generating RTLIL representation for module `\peweaver_ppa_shared_fft'.
Successfully finished Verilog frontend.

2. Executing Verilog-2005 frontend: rtl/peweaver_shared_fft.v
Parsing SystemVerilog input from `rtl/peweaver_shared_fft.v' to AST representation.
Generating RTLIL representation for module `\sky130_fd_sc_hd__dlclkp_4'.
Generating RTLIL representation for module `\peweaver_shared_fft'.
Generating RTLIL representation for module `\SharedSdfUnit'.
Generating RTLIL representation for module `\SharedDelayBuffer'.
Warning: Replacing memory \buf1_im with list of registers. See rtl/peweaver_shared_fft.v:487
Warning: Replacing memory \buf1_re with list of registers. See rtl/peweaver_shared_fft.v:486
Warning: Replacing memory \buf0_im with list of registers. See rtl/peweaver_shared_fft.v:477
Warning: Replacing memory \buf0_re with list of registers. See rtl/peweaver_shared_fft.v:476
Generating RTLIL representation for module `\SdfUnit2'.
Generating RTLIL representation for module `\DelayBuffer'.
Warning: Replacing memory \buf_im with list of registers. See rtl/peweaver_shared_fft.v:609
Warning: Replacing memory \buf_re with list of registers. See rtl/peweaver_shared_fft.v:608
Generating RTLIL representation for module `\Butterfly'.
Generating RTLIL representation for module `\Multiply'.
Generating RTLIL representation for module `\Twiddle'.
Successfully finished Verilog frontend.

3. Executing HIERARCHY pass (managing design hierarchy).

3.1. Analyzing design hierarchy..
Top module:  \peweaver_ppa_shared_fft
Used module:     \peweaver_shared_fft
Used module:         \SdfUnit2
Used module:             \DelayBuffer
Used module:             \Butterfly
Used module:         \SharedSdfUnit
Used module:             \Multiply
Used module:             \Twiddle
Used module:             \SharedDelayBuffer
Used module:     \peweaver_ppa_reset_sync_shared
Parameter \WIDTH = 16

3.2. Executing AST frontend in derive mode using pre-parsed AST for module `\peweaver_shared_fft'.
Parameter \WIDTH = 16
Generating RTLIL representation for module `$paramod\peweaver_shared_fft\WIDTH=s32'00000000000000000000000000010000'.
Parameter \WIDTH = 16
Parameter \BF_RH = 0

3.3. Executing AST frontend in derive mode using pre-parsed AST for module `\SdfUnit2'.
Parameter \WIDTH = 16
Parameter \BF_RH = 0
Generating RTLIL representation for module `$paramod$acfde09421055442384df923236884512d648c66\SdfUnit2'.
Parameter \STAGE_ID = 2
Parameter \LOG_M0 = 2
Parameter \D1_DEPTH0 = 2
Parameter \D1_DEPTH1 = 4
Parameter \D2_DEPTH0 = 1
Parameter \D2_DEPTH1 = 2

3.4. Executing AST frontend in derive mode using pre-parsed AST for module `\SharedSdfUnit'.
Parameter \STAGE_ID = 2
Parameter \LOG_M0 = 2
Parameter \D1_DEPTH0 = 2
Parameter \D1_DEPTH1 = 4
Parameter \D2_DEPTH0 = 1
Parameter \D2_DEPTH1 = 2
Generating RTLIL representation for module `$paramod$13c884fdcaf50f82d9759f7b9da10f470b3fe4f1\SharedSdfUnit'.
Parameter \STAGE_ID = 1
Parameter \LOG_M0 = 4
Parameter \D1_DEPTH0 = 8
Parameter \D1_DEPTH1 = 16
Parameter \D2_DEPTH0 = 4
Parameter \D2_DEPTH1 = 8

3.5. Executing AST frontend in derive mode using pre-parsed AST for module `\SharedSdfUnit'.
Parameter \STAGE_ID = 1
Parameter \LOG_M0 = 4
Parameter \D1_DEPTH0 = 8
Parameter \D1_DEPTH1 = 16
Parameter \D2_DEPTH0 = 4
Parameter \D2_DEPTH1 = 8
Generating RTLIL representation for module `$paramod$8d11d99acb7471071f15885b81a84929edb08a8f\SharedSdfUnit'.
Parameter \STAGE_ID = 0
Parameter \LOG_M0 = 6
Parameter \D1_DEPTH0 = 32
Parameter \D1_DEPTH1 = 64
Parameter \D2_DEPTH0 = 16
Parameter \D2_DEPTH1 = 32

3.6. Executing AST frontend in derive mode using pre-parsed AST for module `\SharedSdfUnit'.
Parameter \STAGE_ID = 0
Parameter \LOG_M0 = 6
Parameter \D1_DEPTH0 = 32
Parameter \D1_DEPTH1 = 64
Parameter \D2_DEPTH0 = 16
Parameter \D2_DEPTH1 = 32
Generating RTLIL representation for module `$paramod$ddd1dbeb542b066b17317505cd6a065ae38cf366\SharedSdfUnit'.
Parameter \WIDTH = 16

3.7. Executing AST frontend in derive mode using pre-parsed AST for module `\Multiply'.
Parameter \WIDTH = 16
Generating RTLIL representation for module `$paramod\Multiply\WIDTH=s32'00000000000000000000000000010000'.
Parameter \DEPTH0 = 16
Parameter \DEPTH1 = 32
Parameter \WIDTH = 16

3.8. Executing AST frontend in derive mode using pre-parsed AST for module `\SharedDelayBuffer'.
Parameter \DEPTH0 = 16
Parameter \DEPTH1 = 32
Parameter \WIDTH = 16
Generating RTLIL representation for module `$paramod$dc25daec3dd8bd6d76b02d3c5368e2485052c5da\SharedDelayBuffer'.
Warning: Replacing memory \buf1_im with list of registers. See rtl/peweaver_shared_fft.v:487
Warning: Replacing memory \buf1_re with list of registers. See rtl/peweaver_shared_fft.v:486
Warning: Replacing memory \buf0_im with list of registers. See rtl/peweaver_shared_fft.v:477
Warning: Replacing memory \buf0_re with list of registers. See rtl/peweaver_shared_fft.v:476
Parameter \WIDTH = 16
Parameter \RH = 1

3.9. Executing AST frontend in derive mode using pre-parsed AST for module `\Butterfly'.
Parameter \WIDTH = 16
Parameter \RH = 1
Generating RTLIL representation for module `$paramod$cc7e198dbe1c7d8352a2bac47477dedd9788e883\Butterfly'.
Parameter \DEPTH0 = 32
Parameter \DEPTH1 = 64
Parameter \WIDTH = 16

3.10. Executing AST frontend in derive mode using pre-parsed AST for module `\SharedDelayBuffer'.
Parameter \DEPTH0 = 32
Parameter \DEPTH1 = 64
Parameter \WIDTH = 16
Generating RTLIL representation for module `$paramod$661d166254ab1f10e4ab9fdc594a2d052f4530e3\SharedDelayBuffer'.
Warning: Replacing memory \buf1_im with list of registers. See rtl/peweaver_shared_fft.v:487
Warning: Replacing memory \buf1_re with list of registers. See rtl/peweaver_shared_fft.v:486
Warning: Replacing memory \buf0_im with list of registers. See rtl/peweaver_shared_fft.v:477
Warning: Replacing memory \buf0_re with list of registers. See rtl/peweaver_shared_fft.v:476
Parameter \WIDTH = 16
Parameter \RH = 0

3.11. Executing AST frontend in derive mode using pre-parsed AST for module `\Butterfly'.
Parameter \WIDTH = 16
Parameter \RH = 0
Generating RTLIL representation for module `$paramod$5480229501c9659b6947fa834aa4fdab0727c259\Butterfly'.
Parameter \DEPTH = 1
Parameter \WIDTH = 16

3.12. Executing AST frontend in derive mode using pre-parsed AST for module `\DelayBuffer'.
Parameter \DEPTH = 1
Parameter \WIDTH = 16
Generating RTLIL representation for module `$paramod$17914cfb50699f154dc59f1c3f8fd47b6e195f44\DelayBuffer'.
Warning: Replacing memory \buf_im with list of registers. See rtl/peweaver_shared_fft.v:612
Warning: Replacing memory \buf_re with list of registers. See rtl/peweaver_shared_fft.v:611
Parameter \WIDTH = 16
Parameter \RH = 0
Found cached RTLIL representation for module `$paramod$5480229501c9659b6947fa834aa4fdab0727c259\Butterfly'.

3.13. Analyzing design hierarchy..
Top module:  \peweaver_ppa_shared_fft
Used module:     $paramod\peweaver_shared_fft\WIDTH=s32'00000000000000000000000000010000
Used module:         \SdfUnit2
Used module:             $paramod$17914cfb50699f154dc59f1c3f8fd47b6e195f44\DelayBuffer
Used module:             $paramod$5480229501c9659b6947fa834aa4fdab0727c259\Butterfly
Used module:         \SharedSdfUnit
Used module:             $paramod\Multiply\WIDTH=s32'00000000000000000000000000010000
Used module:             \Twiddle
Used module:             $paramod$dc25daec3dd8bd6d76b02d3c5368e2485052c5da\SharedDelayBuffer
Used module:             $paramod$cc7e198dbe1c7d8352a2bac47477dedd9788e883\Butterfly
Used module:             $paramod$661d166254ab1f10e4ab9fdc594a2d052f4530e3\SharedDelayBuffer
Used module:     \peweaver_ppa_reset_sync_shared
Parameter \WIDTH = 16
Parameter \BF_RH = 0
Found cached RTLIL representation for module `$paramod$acfde09421055442384df923236884512d648c66\SdfUnit2'.
Parameter \STAGE_ID = 2
Parameter \LOG_M0 = 2
Parameter \D1_DEPTH0 = 2
Parameter \D1_DEPTH1 = 4
Parameter \D2_DEPTH0 = 1
Parameter \D2_DEPTH1 = 2
Found cached RTLIL representation for module `$paramod$13c884fdcaf50f82d9759f7b9da10f470b3fe4f1\SharedSdfUnit'.
Parameter \STAGE_ID = 1
Parameter \LOG_M0 = 4
Parameter \D1_DEPTH0 = 8
Parameter \D1_DEPTH1 = 16
Parameter \D2_DEPTH0 = 4
Parameter \D2_DEPTH1 = 8
Found cached RTLIL representation for module `$paramod$8d11d99acb7471071f15885b81a84929edb08a8f\SharedSdfUnit'.
Parameter \STAGE_ID = 0
Parameter \LOG_M0 = 6
Parameter \D1_DEPTH0 = 32
Parameter \D1_DEPTH1 = 64
Parameter \D2_DEPTH0 = 16
Parameter \D2_DEPTH1 = 32
Found cached RTLIL representation for module `$paramod$ddd1dbeb542b066b17317505cd6a065ae38cf366\SharedSdfUnit'.

3.14. Analyzing design hierarchy..
Top module:  \peweaver_ppa_shared_fft
Used module:     $paramod\peweaver_shared_fft\WIDTH=s32'00000000000000000000000000010000
Used module:         $paramod$acfde09421055442384df923236884512d648c66\SdfUnit2
Used module:             \DelayBuffer
Used module:             \Butterfly
Used module:         $paramod$13c884fdcaf50f82d9759f7b9da10f470b3fe4f1\SharedSdfUnit
Used module:             \Multiply
Used module:             \Twiddle
Used module:             \SharedDelayBuffer
Used module:         $paramod$8d11d99acb7471071f15885b81a84929edb08a8f\SharedSdfUnit
Used module:         $paramod$ddd1dbeb542b066b17317505cd6a065ae38cf366\SharedSdfUnit
Used module:     \peweaver_ppa_reset_sync_shared
Parameter \DEPTH = 1
Parameter \WIDTH = 16
Found cached RTLIL representation for module `$paramod$17914cfb50699f154dc59f1c3f8fd47b6e195f44\DelayBuffer'.
Parameter \WIDTH = 16
Parameter \RH = 0
Found cached RTLIL representation for module `$paramod$5480229501c9659b6947fa834aa4fdab0727c259\Butterfly'.
Parameter \WIDTH = 16
Found cached RTLIL representation for module `$paramod\Multiply\WIDTH=s32'00000000000000000000000000010000'.
Parameter \DEPTH0 = 1
Parameter \DEPTH1 = 2
Parameter \WIDTH = 16

3.15. Executing AST frontend in derive mode using pre-parsed AST for module `\SharedDelayBuffer'.
Parameter \DEPTH0 = 1
Parameter \DEPTH1 = 2
Parameter \WIDTH = 16
Generating RTLIL representation for module `$paramod$3ebd556efa5e0b51800643ceec6809e07c210b5f\SharedDelayBuffer'.
Warning: Replacing memory \buf1_im with list of registers. See rtl/peweaver_shared_fft.v:490
Warning: Replacing memory \buf1_re with list of registers. See rtl/peweaver_shared_fft.v:489
Warning: Replacing memory \buf0_im with list of registers. See rtl/peweaver_shared_fft.v:480
Warning: Replacing memory \buf0_re with list of registers. See rtl/peweaver_shared_fft.v:479
Parameter \WIDTH = 16
Parameter \RH = 1
Found cached RTLIL representation for module `$paramod$cc7e198dbe1c7d8352a2bac47477dedd9788e883\Butterfly'.
Parameter \DEPTH0 = 2
Parameter \DEPTH1 = 4
Parameter \WIDTH = 16

3.16. Executing AST frontend in derive mode using pre-parsed AST for module `\SharedDelayBuffer'.
Parameter \DEPTH0 = 2
Parameter \DEPTH1 = 4
Parameter \WIDTH = 16
Generating RTLIL representation for module `$paramod$88cd2ddfbb8184221d632f3c3d25c8d476256959\SharedDelayBuffer'.
Warning: Replacing memory \buf1_im with list of registers. See rtl/peweaver_shared_fft.v:487
Warning: Replacing memory \buf1_re with list of registers. See rtl/peweaver_shared_fft.v:486
Warning: Replacing memory \buf0_im with list of registers. See rtl/peweaver_shared_fft.v:477
Warning: Replacing memory \buf0_re with list of registers. See rtl/peweaver_shared_fft.v:476
Parameter \WIDTH = 16
Parameter \RH = 0
Found cached RTLIL representation for module `$paramod$5480229501c9659b6947fa834aa4fdab0727c259\Butterfly'.
Parameter \WIDTH = 16
Found cached RTLIL representation for module `$paramod\Multiply\WIDTH=s32'00000000000000000000000000010000'.
Parameter \DEPTH0 = 4
Parameter \DEPTH1 = 8
Parameter \WIDTH = 16

3.17. Executing AST frontend in derive mode using pre-parsed AST for module `\SharedDelayBuffer'.
Parameter \DEPTH0 = 4
Parameter \DEPTH1 = 8
Parameter \WIDTH = 16
Generating RTLIL representation for module `$paramod$bf4db1fd822cd1e8dfaa4dc2826349dab1ae0abc\SharedDelayBuffer'.
Warning: Replacing memory \buf1_im with list of registers. See rtl/peweaver_shared_fft.v:487
Warning: Replacing memory \buf1_re with list of registers. See rtl/peweaver_shared_fft.v:486
Warning: Replacing memory \buf0_im with list of registers. See rtl/peweaver_shared_fft.v:477
Warning: Replacing memory \buf0_re with list of registers. See rtl/peweaver_shared_fft.v:476
Parameter \WIDTH = 16
Parameter \RH = 1
Found cached RTLIL representation for module `$paramod$cc7e198dbe1c7d8352a2bac47477dedd9788e883\Butterfly'.
Parameter \DEPTH0 = 8
Parameter \DEPTH1 = 16
Parameter \WIDTH = 16

3.18. Executing AST frontend in derive mode using pre-parsed AST for module `\SharedDelayBuffer'.
Parameter \DEPTH0 = 8
Parameter \DEPTH1 = 16
Parameter \WIDTH = 16
Generating RTLIL representation for module `$paramod$91a3a7dbf4bfbd28b5b341fe20d9acb72db55de6\SharedDelayBuffer'.
Warning: Replacing memory \buf1_im with list of registers. See rtl/peweaver_shared_fft.v:487
Warning: Replacing memory \buf1_re with list of registers. See rtl/peweaver_shared_fft.v:486
Warning: Replacing memory \buf0_im with list of registers. See rtl/peweaver_shared_fft.v:477
Warning: Replacing memory \buf0_re with list of registers. See rtl/peweaver_shared_fft.v:476
Parameter \WIDTH = 16
Parameter \RH = 0
Found cached RTLIL representation for module `$paramod$5480229501c9659b6947fa834aa4fdab0727c259\Butterfly'.
Parameter \WIDTH = 16
Found cached RTLIL representation for module `$paramod\Multiply\WIDTH=s32'00000000000000000000000000010000'.
Parameter \DEPTH0 = 16
Parameter \DEPTH1 = 32
Parameter \WIDTH = 16
Found cached RTLIL representation for module `$paramod$dc25daec3dd8bd6d76b02d3c5368e2485052c5da\SharedDelayBuffer'.
Parameter \WIDTH = 16
Parameter \RH = 1
Found cached RTLIL representation for module `$paramod$cc7e198dbe1c7d8352a2bac47477dedd9788e883\Butterfly'.
Parameter \DEPTH0 = 32
Parameter \DEPTH1 = 64
Parameter \WIDTH = 16
Found cached RTLIL representation for module `$paramod$661d166254ab1f10e4ab9fdc594a2d052f4530e3\SharedDelayBuffer'.
Parameter \WIDTH = 16
Parameter \RH = 0
Found cached RTLIL representation for module `$paramod$5480229501c9659b6947fa834aa4fdab0727c259\Butterfly'.

3.19. Analyzing design hierarchy..
Top module:  \peweaver_ppa_shared_fft
Used module:     $paramod\peweaver_shared_fft\WIDTH=s32'00000000000000000000000000010000
Used module:         $paramod$acfde09421055442384df923236884512d648c66\SdfUnit2
Used module:             $paramod$17914cfb50699f154dc59f1c3f8fd47b6e195f44\DelayBuffer
Used module:             $paramod$5480229501c9659b6947fa834aa4fdab0727c259\Butterfly
Used module:         $paramod$13c884fdcaf50f82d9759f7b9da10f470b3fe4f1\SharedSdfUnit
Used module:             $paramod\Multiply\WIDTH=s32'00000000000000000000000000010000
Used module:             \Twiddle
Used module:             $paramod$3ebd556efa5e0b51800643ceec6809e07c210b5f\SharedDelayBuffer
Used module:             $paramod$cc7e198dbe1c7d8352a2bac47477dedd9788e883\Butterfly
Used module:             $paramod$88cd2ddfbb8184221d632f3c3d25c8d476256959\SharedDelayBuffer
Used module:         $paramod$8d11d99acb7471071f15885b81a84929edb08a8f\SharedSdfUnit
Used module:             $paramod$bf4db1fd822cd1e8dfaa4dc2826349dab1ae0abc\SharedDelayBuffer
Used module:             $paramod$91a3a7dbf4bfbd28b5b341fe20d9acb72db55de6\SharedDelayBuffer
Used module:         $paramod$ddd1dbeb542b066b17317505cd6a065ae38cf366\SharedSdfUnit
Used module:             $paramod$dc25daec3dd8bd6d76b02d3c5368e2485052c5da\SharedDelayBuffer
Used module:             $paramod$661d166254ab1f10e4ab9fdc594a2d052f4530e3\SharedDelayBuffer
Used module:     \peweaver_ppa_reset_sync_shared

3.20. Analyzing design hierarchy..
Top module:  \peweaver_ppa_shared_fft
Used module:     $paramod\peweaver_shared_fft\WIDTH=s32'00000000000000000000000000010000
Used module:         $paramod$acfde09421055442384df923236884512d648c66\SdfUnit2
Used module:             $paramod$17914cfb50699f154dc59f1c3f8fd47b6e195f44\DelayBuffer
Used module:             $paramod$5480229501c9659b6947fa834aa4fdab0727c259\Butterfly
Used module:         $paramod$13c884fdcaf50f82d9759f7b9da10f470b3fe4f1\SharedSdfUnit
Used module:             $paramod\Multiply\WIDTH=s32'00000000000000000000000000010000
Used module:             \Twiddle
Used module:             $paramod$3ebd556efa5e0b51800643ceec6809e07c210b5f\SharedDelayBuffer
Used module:             $paramod$cc7e198dbe1c7d8352a2bac47477dedd9788e883\Butterfly
Used module:             $paramod$88cd2ddfbb8184221d632f3c3d25c8d476256959\SharedDelayBuffer
Used module:         $paramod$8d11d99acb7471071f15885b81a84929edb08a8f\SharedSdfUnit
Used module:             $paramod$bf4db1fd822cd1e8dfaa4dc2826349dab1ae0abc\SharedDelayBuffer
Used module:             $paramod$91a3a7dbf4bfbd28b5b341fe20d9acb72db55de6\SharedDelayBuffer
Used module:         $paramod$ddd1dbeb542b066b17317505cd6a065ae38cf366\SharedSdfUnit
Used module:             $paramod$dc25daec3dd8bd6d76b02d3c5368e2485052c5da\SharedDelayBuffer
Used module:             $paramod$661d166254ab1f10e4ab9fdc594a2d052f4530e3\SharedDelayBuffer
Used module:     \peweaver_ppa_reset_sync_shared
Removing unused module `\Multiply'.
Removing unused module `\Butterfly'.
Removing unused module `\DelayBuffer'.
Removing unused module `\SdfUnit2'.
Removing unused module `\SharedDelayBuffer'.
Removing unused module `\SharedSdfUnit'.
Removing unused module `\peweaver_shared_fft'.
Removed 7 unused modules.

4. Executing SYNTH pass.

4.1. Executing HIERARCHY pass (managing design hierarchy).

4.1.1. Analyzing design hierarchy..
Top module:  \peweaver_ppa_shared_fft
Used module:     $paramod\peweaver_shared_fft\WIDTH=s32'00000000000000000000000000010000
Used module:         $paramod$acfde09421055442384df923236884512d648c66\SdfUnit2
Used module:             $paramod$17914cfb50699f154dc59f1c3f8fd47b6e195f44\DelayBuffer
Used module:             $paramod$5480229501c9659b6947fa834aa4fdab0727c259\Butterfly
Used module:         $paramod$13c884fdcaf50f82d9759f7b9da10f470b3fe4f1\SharedSdfUnit
Used module:             $paramod\Multiply\WIDTH=s32'00000000000000000000000000010000
Used module:             \Twiddle
Used module:             $paramod$3ebd556efa5e0b51800643ceec6809e07c210b5f\SharedDelayBuffer
Used module:             $paramod$cc7e198dbe1c7d8352a2bac47477dedd9788e883\Butterfly
Used module:             $paramod$88cd2ddfbb8184221d632f3c3d25c8d476256959\SharedDelayBuffer
Used module:         $paramod$8d11d99acb7471071f15885b81a84929edb08a8f\SharedSdfUnit
Used module:             $paramod$bf4db1fd822cd1e8dfaa4dc2826349dab1ae0abc\SharedDelayBuffer
Used module:             $paramod$91a3a7dbf4bfbd28b5b341fe20d9acb72db55de6\SharedDelayBuffer
Used module:         $paramod$ddd1dbeb542b066b17317505cd6a065ae38cf366\SharedSdfUnit
Used module:             $paramod$dc25daec3dd8bd6d76b02d3c5368e2485052c5da\SharedDelayBuffer
Used module:             $paramod$661d166254ab1f10e4ab9fdc594a2d052f4530e3\SharedDelayBuffer
Used module:     \peweaver_ppa_reset_sync_shared

4.1.2. Analyzing design hierarchy..
Top module:  \peweaver_ppa_shared_fft
Used module:     $paramod\peweaver_shared_fft\WIDTH=s32'00000000000000000000000000010000
Used module:         $paramod$acfde09421055442384df923236884512d648c66\SdfUnit2
Used module:             $paramod$17914cfb50699f154dc59f1c3f8fd47b6e195f44\DelayBuffer
Used module:             $paramod$5480229501c9659b6947fa834aa4fdab0727c259\Butterfly
Used module:         $paramod$13c884fdcaf50f82d9759f7b9da10f470b3fe4f1\SharedSdfUnit
Used module:             $paramod\Multiply\WIDTH=s32'00000000000000000000000000010000
Used module:             \Twiddle
Used module:             $paramod$3ebd556efa5e0b51800643ceec6809e07c210b5f\SharedDelayBuffer
Used module:             $paramod$cc7e198dbe1c7d8352a2bac47477dedd9788e883\Butterfly
Used module:             $paramod$88cd2ddfbb8184221d632f3c3d25c8d476256959\SharedDelayBuffer
Used module:         $paramod$8d11d99acb7471071f15885b81a84929edb08a8f\SharedSdfUnit
Used module:             $paramod$bf4db1fd822cd1e8dfaa4dc2826349dab1ae0abc\SharedDelayBuffer
Used module:             $paramod$91a3a7dbf4bfbd28b5b341fe20d9acb72db55de6\SharedDelayBuffer
Used module:         $paramod$ddd1dbeb542b066b17317505cd6a065ae38cf366\SharedSdfUnit
Used module:             $paramod$dc25daec3dd8bd6d76b02d3c5368e2485052c5da\SharedDelayBuffer
Used module:             $paramod$661d166254ab1f10e4ab9fdc594a2d052f4530e3\SharedDelayBuffer
Used module:     \peweaver_ppa_reset_sync_shared
Removed 0 unused modules.

4.2. Executing PROC pass (convert processes to netlists).

4.2.1. Executing PROC_CLEAN pass (remove empty switches from decision trees).
Found and cleaned up 1 empty switch in `$paramod$ddd1dbeb542b066b17317505cd6a065ae38cf366\SharedSdfUnit.$proc$rtl/peweaver_shared_fft.v:378$581'.
Found and cleaned up 2 empty switches in `$paramod$8d11d99acb7471071f15885b81a84929edb08a8f\SharedSdfUnit.$proc$rtl/peweaver_shared_fft.v:378$514'.
Found and cleaned up 2 empty switches in `$paramod$13c884fdcaf50f82d9759f7b9da10f470b3fe4f1\SharedSdfUnit.$proc$rtl/peweaver_shared_fft.v:378$447'.
Cleaned up 5 empty switches.

4.2.2. Executing PROC_RMDEAD pass (remove dead branches from decision trees).
Marked 1 switch rules as full_case in process $proc$rtl/peweaver_shared_fft.v:426$589 in module $paramod$ddd1dbeb542b066b17317505cd6a065ae38cf366\SharedSdfUnit.
Marked 1 switch rules as full_case in process $proc$rtl/peweaver_shared_fft.v:399$584 in module $paramod$ddd1dbeb542b066b17317505cd6a065ae38cf366\SharedSdfUnit.
Marked 1 switch rules as full_case in process $proc$rtl/peweaver_shared_fft.v:362$578 in module $paramod$ddd1dbeb542b066b17317505cd6a065ae38cf366\SharedSdfUnit.
Marked 1 switch rules as full_case in process $proc$rtl/peweaver_shared_fft.v:343$570 in module $paramod$ddd1dbeb542b066b17317505cd6a065ae38cf366\SharedSdfUnit.
Marked 1 switch rules as full_case in process $proc$rtl/peweaver_shared_fft.v:331$566 in module $paramod$ddd1dbeb542b066b17317505cd6a065ae38cf366\SharedSdfUnit.
Marked 1 switch rules as full_case in process $proc$rtl/peweaver_shared_fft.v:289$561 in module $paramod$ddd1dbeb542b066b17317505cd6a065ae38cf366\SharedSdfUnit.
Marked 1 switch rules as full_case in process $proc$rtl/peweaver_shared_fft.v:261$545 in module $paramod$ddd1dbeb542b066b17317505cd6a065ae38cf366\SharedSdfUnit.
Marked 1 switch rules as full_case in process $proc$rtl/peweaver_shared_fft.v:215$535 in module $paramod$ddd1dbeb542b066b17317505cd6a065ae38cf366\SharedSdfUnit.
Marked 1 switch rules as full_case in process $proc$rtl/peweaver_shared_fft.v:426$522 in module $paramod$8d11d99acb7471071f15885b81a84929edb08a8f\SharedSdfUnit.
Marked 1 switch rules as full_case in process $proc$rtl/peweaver_shared_fft.v:399$517 in module $paramod$8d11d99acb7471071f15885b81a84929edb08a8f\SharedSdfUnit.
Marked 1 switch rules as full_case in process $proc$rtl/peweaver_shared_fft.v:362$511 in module $paramod$8d11d99acb7471071f15885b81a84929edb08a8f\SharedSdfUnit.
Marked 1 switch rules as full_case in process $proc$rtl/peweaver_shared_fft.v:343$503 in module $paramod$8d11d99acb7471071f15885b81a84929edb08a8f\SharedSdfUnit.
Marked 1 switch rules as full_case in process $proc$rtl/peweaver_shared_fft.v:331$499 in module $paramod$8d11d99acb7471071f15885b81a84929edb08a8f\SharedSdfUnit.
Marked 1 switch rules as full_case in process $proc$rtl/peweaver_shared_fft.v:289$494 in module $paramod$8d11d99acb7471071f15885b81a84929edb08a8f\SharedSdfUnit.
Marked 1 switch rules as full_case in process $proc$rtl/peweaver_shared_fft.v:261$478 in module $paramod$8d11d99acb7471071f15885b81a84929edb08a8f\SharedSdfUnit.
Marked 1 switch rules as full_case in process $proc$rtl/peweaver_shared_fft.v:215$468 in module $paramod$8d11d99acb7471071f15885b81a84929edb08a8f\SharedSdfUnit.
Marked 1 switch rules as full_case in process $proc$rtl/peweaver_shared_fft.v:426$455 in module $paramod$13c884fdcaf50f82d9759f7b9da10f470b3fe4f1\SharedSdfUnit.
Marked 1 switch rules as full_case in process $proc$rtl/peweaver_shared_fft.v:399$450 in module $paramod$13c884fdcaf50f82d9759f7b9da10f470b3fe4f1\SharedSdfUnit.
Marked 1 switch rules as full_case in process $proc$rtl/peweaver_shared_fft.v:362$444 in module $paramod$13c884fdcaf50f82d9759f7b9da10f470b3fe4f1\SharedSdfUnit.
Marked 1 switch rules as full_case in process $proc$rtl/peweaver_shared_fft.v:343$436 in module $paramod$13c884fdcaf50f82d9759f7b9da10f470b3fe4f1\SharedSdfUnit.
Marked 1 switch rules as full_case in process $proc$rtl/peweaver_shared_fft.v:331$432 in module $paramod$13c884fdcaf50f82d9759f7b9da10f470b3fe4f1\SharedSdfUnit.
Marked 1 switch rules as full_case in process $proc$rtl/peweaver_shared_fft.v:289$427 in module $paramod$13c884fdcaf50f82d9759f7b9da10f470b3fe4f1\SharedSdfUnit.
Marked 1 switch rules as full_case in process $proc$rtl/peweaver_shared_fft.v:261$411 in module $paramod$13c884fdcaf50f82d9759f7b9da10f470b3fe4f1\SharedSdfUnit.
Marked 1 switch rules as full_case in process $proc$rtl/peweaver_shared_fft.v:215$401 in module $paramod$13c884fdcaf50f82d9759f7b9da10f470b3fe4f1\SharedSdfUnit.
Marked 1 switch rules as full_case in process $proc$rtl/peweaver_shared_fft.v:570$396 in module $paramod$acfde09421055442384df923236884512d648c66\SdfUnit2.
Marked 1 switch rules as full_case in process $proc$rtl/peweaver_shared_fft.v:533$389 in module $paramod$acfde09421055442384df923236884512d648c66\SdfUnit2.
Marked 1 switch rules as full_case in process $proc$rtl/peweaver_shared_fft.v:57$381 in module $paramod\peweaver_shared_fft\WIDTH=s32'00000000000000000000000000010000.
Removed 1 dead cases from process $proc$rtl/peweaver_shared_fft.v:696$122 in module Twiddle.
Marked 1 switch rules as full_case in process $proc$rtl/peweaver_shared_fft.v:696$122 in module Twiddle.
Removed 1 dead cases from process $proc$rtl/peweaver_shared_fft.v:695$119 in module Twiddle.
Marked 1 switch rules as full_case in process $proc$rtl/peweaver_shared_fft.v:695$119 in module Twiddle.
Marked 1 switch rules as full_case in process $proc$rtl/peweaver_ppa_shared_fft.v:15$1 in module peweaver_ppa_reset_sync_shared.
Removed a total of 2 dead cases.

4.2.3. Executing PROC_PRUNE pass (remove redundant assignments in processes).
Removed 34 redundant assignments.
Promoted 555 assignments to connections.

4.2.4. Executing PROC_INIT pass (extract init attributes).

4.2.5. Executing PROC_ARST pass (detect async resets in processes).
Found async reset \reset in `$paramod$ddd1dbeb542b066b17317505cd6a065ae38cf366\SharedSdfUnit.$proc$rtl/peweaver_shared_fft.v:426$589'.
Found async reset \reset in `$paramod$ddd1dbeb542b066b17317505cd6a065ae38cf366\SharedSdfUnit.$proc$rtl/peweaver_shared_fft.v:399$584'.
Found async reset \reset in `$paramod$ddd1dbeb542b066b17317505cd6a065ae38cf366\SharedSdfUnit.$proc$rtl/peweaver_shared_fft.v:362$578'.
Found async reset \reset in `$paramod$ddd1dbeb542b066b17317505cd6a065ae38cf366\SharedSdfUnit.$proc$rtl/peweaver_shared_fft.v:343$570'.
Found async reset \reset in `$paramod$ddd1dbeb542b066b17317505cd6a065ae38cf366\SharedSdfUnit.$proc$rtl/peweaver_shared_fft.v:331$566'.
Found async reset \reset in `$paramod$ddd1dbeb542b066b17317505cd6a065ae38cf366\SharedSdfUnit.$proc$rtl/peweaver_shared_fft.v:289$561'.
Found async reset \reset in `$paramod$ddd1dbeb542b066b17317505cd6a065ae38cf366\SharedSdfUnit.$proc$rtl/peweaver_shared_fft.v:261$545'.
Found async reset \reset in `$paramod$ddd1dbeb542b066b17317505cd6a065ae38cf366\SharedSdfUnit.$proc$rtl/peweaver_shared_fft.v:215$535'.
Found async reset \reset in `$paramod$8d11d99acb7471071f15885b81a84929edb08a8f\SharedSdfUnit.$proc$rtl/peweaver_shared_fft.v:426$522'.
Found async reset \reset in `$paramod$8d11d99acb7471071f15885b81a84929edb08a8f\SharedSdfUnit.$proc$rtl/peweaver_shared_fft.v:399$517'.
Found async reset \reset in `$paramod$8d11d99acb7471071f15885b81a84929edb08a8f\SharedSdfUnit.$proc$rtl/peweaver_shared_fft.v:362$511'.
Found async reset \reset in `$paramod$8d11d99acb7471071f15885b81a84929edb08a8f\SharedSdfUnit.$proc$rtl/peweaver_shared_fft.v:343$503'.
Found async reset \reset in `$paramod$8d11d99acb7471071f15885b81a84929edb08a8f\SharedSdfUnit.$proc$rtl/peweaver_shared_fft.v:331$499'.
Found async reset \reset in `$paramod$8d11d99acb7471071f15885b81a84929edb08a8f\SharedSdfUnit.$proc$rtl/peweaver_shared_fft.v:289$494'.
Found async reset \reset in `$paramod$8d11d99acb7471071f15885b81a84929edb08a8f\SharedSdfUnit.$proc$rtl/peweaver_shared_fft.v:261$478'.
Found async reset \reset in `$paramod$8d11d99acb7471071f15885b81a84929edb08a8f\SharedSdfUnit.$proc$rtl/peweaver_shared_fft.v:215$468'.
Found async reset \reset in `$paramod$13c884fdcaf50f82d9759f7b9da10f470b3fe4f1\SharedSdfUnit.$proc$rtl/peweaver_shared_fft.v:426$455'.
Found async reset \reset in `$paramod$13c884fdcaf50f82d9759f7b9da10f470b3fe4f1\SharedSdfUnit.$proc$rtl/peweaver_shared_fft.v:399$450'.
Found async reset \reset in `$paramod$13c884fdcaf50f82d9759f7b9da10f470b3fe4f1\SharedSdfUnit.$proc$rtl/peweaver_shared_fft.v:362$444'.
Found async reset \reset in `$paramod$13c884fdcaf50f82d9759f7b9da10f470b3fe4f1\SharedSdfUnit.$proc$rtl/peweaver_shared_fft.v:343$436'.
Found async reset \reset in `$paramod$13c884fdcaf50f82d9759f7b9da10f470b3fe4f1\SharedSdfUnit.$proc$rtl/peweaver_shared_fft.v:331$432'.
Found async reset \reset in `$paramod$13c884fdcaf50f82d9759f7b9da10f470b3fe4f1\SharedSdfUnit.$proc$rtl/peweaver_shared_fft.v:289$427'.
Found async reset \reset in `$paramod$13c884fdcaf50f82d9759f7b9da10f470b3fe4f1\SharedSdfUnit.$proc$rtl/peweaver_shared_fft.v:261$411'.
Found async reset \reset in `$paramod$13c884fdcaf50f82d9759f7b9da10f470b3fe4f1\SharedSdfUnit.$proc$rtl/peweaver_shared_fft.v:215$401'.
Found async reset \reset in `$paramod$acfde09421055442384df923236884512d648c66\SdfUnit2.$proc$rtl/peweaver_shared_fft.v:570$396'.
Found async reset \reset in `$paramod$acfde09421055442384df923236884512d648c66\SdfUnit2.$proc$rtl/peweaver_shared_fft.v:533$389'.
Found async reset \reset in `$paramod\peweaver_shared_fft\WIDTH=s32'00000000000000000000000000010000.$proc$rtl/peweaver_shared_fft.v:57$381'.
Found async reset \reset_async_in in `\peweaver_ppa_reset_sync_shared.$proc$rtl/peweaver_ppa_shared_fft.v:15$1'.

4.2.6. Executing PROC_ROM pass (convert switches to ROMs).
Converted 0 switches.
<suppressed ~4 debug messages>

4.2.7. Executing PROC_MUX pass (convert decision trees to multiplexers).
Creating decoders for process `$paramod$dc25daec3dd8bd6d76b02d3c5368e2485052c5da\SharedDelayBuffer.$proc$rtl/peweaver_shared_fft.v:484$610'.
Creating decoders for process `$paramod$dc25daec3dd8bd6d76b02d3c5368e2485052c5da\SharedDelayBuffer.$proc$rtl/peweaver_shared_fft.v:474$609'.
Creating decoders for process `$paramod$ddd1dbeb542b066b17317505cd6a065ae38cf366\SharedSdfUnit.$proc$rtl/peweaver_shared_fft.v:426$589'.
     1/1: $0\mu_do_en[0:0]
Creating decoders for process `$paramod$ddd1dbeb542b066b17317505cd6a065ae38cf366\SharedSdfUnit.$proc$rtl/peweaver_shared_fft.v:421$586'.
Creating decoders for process `$paramod$ddd1dbeb542b066b17317505cd6a065ae38cf366\SharedSdfUnit.$proc$rtl/peweaver_shared_fft.v:399$584'.
     1/1: $0\mu_en[0:0]
Creating decoders for process `$paramod$ddd1dbeb542b066b17317505cd6a065ae38cf366\SharedSdfUnit.$proc$rtl/peweaver_shared_fft.v:378$581'.
Creating decoders for process `$paramod$ddd1dbeb542b066b17317505cd6a065ae38cf366\SharedSdfUnit.$proc$rtl/peweaver_shared_fft.v:362$578'.
     1/1: $0\bf2_do_en[0:0]
Creating decoders for process `$paramod$ddd1dbeb542b066b17317505cd6a065ae38cf366\SharedSdfUnit.$proc$rtl/peweaver_shared_fft.v:357$577'.
Creating decoders for process `$paramod$ddd1dbeb542b066b17317505cd6a065ae38cf366\SharedSdfUnit.$proc$rtl/peweaver_shared_fft.v:343$570'.
     1/2: $0\bf2_count[6:0]
     2/2: $0\bf2_sp_en[0:0]
Creating decoders for process `$paramod$ddd1dbeb542b066b17317505cd6a065ae38cf366\SharedSdfUnit.$proc$rtl/peweaver_shared_fft.v:331$566'.
     1/1: $0\bf2_start[0:0]
Creating decoders for process `$paramod$ddd1dbeb542b066b17317505cd6a065ae38cf366\SharedSdfUnit.$proc$rtl/peweaver_shared_fft.v:289$561'.
     1/1: $0\bf2_bf[0:0]
Creating decoders for process `$paramod$ddd1dbeb542b066b17317505cd6a065ae38cf366\SharedSdfUnit.$proc$rtl/peweaver_shared_fft.v:279$559'.
Creating decoders for process `$paramod$ddd1dbeb542b066b17317505cd6a065ae38cf366\SharedSdfUnit.$proc$rtl/peweaver_shared_fft.v:261$545'.
     1/2: $0\bf1_count[6:0]
     2/2: $0\bf1_sp_en[0:0]
Creating decoders for process `$paramod$ddd1dbeb542b066b17317505cd6a065ae38cf366\SharedSdfUnit.$proc$rtl/peweaver_shared_fft.v:215$535'.
     1/1: $0\di_count[6:0]
Creating decoders for process `$paramod$8d11d99acb7471071f15885b81a84929edb08a8f\SharedSdfUnit.$proc$rtl/peweaver_shared_fft.v:426$522'.
     1/1: $0\mu_do_en[0:0]
Creating decoders for process `$paramod$8d11d99acb7471071f15885b81a84929edb08a8f\SharedSdfUnit.$proc$rtl/peweaver_shared_fft.v:421$519'.
Creating decoders for process `$paramod$8d11d99acb7471071f15885b81a84929edb08a8f\SharedSdfUnit.$proc$rtl/peweaver_shared_fft.v:399$517'.
     1/1: $0\mu_en[0:0]
Creating decoders for process `$paramod$8d11d99acb7471071f15885b81a84929edb08a8f\SharedSdfUnit.$proc$rtl/peweaver_shared_fft.v:378$514'.
Creating decoders for process `$paramod$8d11d99acb7471071f15885b81a84929edb08a8f\SharedSdfUnit.$proc$rtl/peweaver_shared_fft.v:362$511'.
     1/1: $0\bf2_do_en[0:0]
Creating decoders for process `$paramod$8d11d99acb7471071f15885b81a84929edb08a8f\SharedSdfUnit.$proc$rtl/peweaver_shared_fft.v:357$510'.
Creating decoders for process `$paramod$8d11d99acb7471071f15885b81a84929edb08a8f\SharedSdfUnit.$proc$rtl/peweaver_shared_fft.v:343$503'.
     1/2: $0\bf2_count[6:0]
     2/2: $0\bf2_sp_en[0:0]
Creating decoders for process `$paramod$8d11d99acb7471071f15885b81a84929edb08a8f\SharedSdfUnit.$proc$rtl/peweaver_shared_fft.v:331$499'.
     1/1: $0\bf2_start[0:0]
Creating decoders for process `$paramod$8d11d99acb7471071f15885b81a84929edb08a8f\SharedSdfUnit.$proc$rtl/peweaver_shared_fft.v:289$494'.
     1/1: $0\bf2_bf[0:0]
Creating decoders for process `$paramod$8d11d99acb7471071f15885b81a84929edb08a8f\SharedSdfUnit.$proc$rtl/peweaver_shared_fft.v:279$492'.
Creating decoders for process `$paramod$8d11d99acb7471071f15885b81a84929edb08a8f\SharedSdfUnit.$proc$rtl/peweaver_shared_fft.v:261$478'.
     1/2: $0\bf1_count[6:0]
     2/2: $0\bf1_sp_en[0:0]
Creating decoders for process `$paramod$8d11d99acb7471071f15885b81a84929edb08a8f\SharedSdfUnit.$proc$rtl/peweaver_shared_fft.v:215$468'.
     1/1: $0\di_count[6:0]
Creating decoders for process `$paramod$13c884fdcaf50f82d9759f7b9da10f470b3fe4f1\SharedSdfUnit.$proc$rtl/peweaver_shared_fft.v:426$455'.
     1/1: $0\mu_do_en[0:0]
Creating decoders for process `$paramod$13c884fdcaf50f82d9759f7b9da10f470b3fe4f1\SharedSdfUnit.$proc$rtl/peweaver_shared_fft.v:421$452'.
Creating decoders for process `$paramod$13c884fdcaf50f82d9759f7b9da10f470b3fe4f1\SharedSdfUnit.$proc$rtl/peweaver_shared_fft.v:399$450'.
     1/1: $0\mu_en[0:0]
Creating decoders for process `$paramod$13c884fdcaf50f82d9759f7b9da10f470b3fe4f1\SharedSdfUnit.$proc$rtl/peweaver_shared_fft.v:378$447'.
Creating decoders for process `$paramod$13c884fdcaf50f82d9759f7b9da10f470b3fe4f1\SharedSdfUnit.$proc$rtl/peweaver_shared_fft.v:362$444'.
     1/1: $0\bf2_do_en[0:0]
Creating decoders for process `$paramod$13c884fdcaf50f82d9759f7b9da10f470b3fe4f1\SharedSdfUnit.$proc$rtl/peweaver_shared_fft.v:357$443'.
Creating decoders for process `$paramod$13c884fdcaf50f82d9759f7b9da10f470b3fe4f1\SharedSdfUnit.$proc$rtl/peweaver_shared_fft.v:343$436'.
     1/2: $0\bf2_count[6:0]
     2/2: $0\bf2_sp_en[0:0]
Creating decoders for process `$paramod$13c884fdcaf50f82d9759f7b9da10f470b3fe4f1\SharedSdfUnit.$proc$rtl/peweaver_shared_fft.v:331$432'.
     1/1: $0\bf2_start[0:0]
Creating decoders for process `$paramod$13c884fdcaf50f82d9759f7b9da10f470b3fe4f1\SharedSdfUnit.$proc$rtl/peweaver_shared_fft.v:289$427'.
     1/1: $0\bf2_bf[0:0]
Creating decoders for process `$paramod$13c884fdcaf50f82d9759f7b9da10f470b3fe4f1\SharedSdfUnit.$proc$rtl/peweaver_shared_fft.v:279$425'.
Creating decoders for process `$paramod$13c884fdcaf50f82d9759f7b9da10f470b3fe4f1\SharedSdfUnit.$proc$rtl/peweaver_shared_fft.v:261$411'.
     1/2: $0\bf1_count[6:0]
     2/2: $0\bf1_sp_en[0:0]
Creating decoders for process `$paramod$13c884fdcaf50f82d9759f7b9da10f470b3fe4f1\SharedSdfUnit.$proc$rtl/peweaver_shared_fft.v:215$401'.
     1/1: $0\di_count[6:0]
Creating decoders for process `$paramod$acfde09421055442384df923236884512d648c66\SdfUnit2.$proc$rtl/peweaver_shared_fft.v:580$397'.
Creating decoders for process `$paramod$acfde09421055442384df923236884512d648c66\SdfUnit2.$proc$rtl/peweaver_shared_fft.v:570$396'.
     1/2: $0\do_en[0:0]
     2/2: $0\bf_sp_en[0:0]
Creating decoders for process `$paramod$acfde09421055442384df923236884512d648c66\SdfUnit2.$proc$rtl/peweaver_shared_fft.v:533$389'.
     1/1: $0\bf_en[0:0]
Creating decoders for process `$paramod\peweaver_shared_fft\WIDTH=s32'00000000000000000000000000010000.$proc$rtl/peweaver_shared_fft.v:57$381'.
     1/2: $0\mode_locked[0:0]
     2/2: $0\mode_q[0:0]
Creating decoders for process `\Twiddle.$proc$rtl/peweaver_shared_fft.v:835$380'.
Creating decoders for process `\Twiddle.$proc$rtl/peweaver_shared_fft.v:835$379'.
Creating decoders for process `\Twiddle.$proc$rtl/peweaver_shared_fft.v:834$378'.
Creating decoders for process `\Twiddle.$proc$rtl/peweaver_shared_fft.v:834$377'.
Creating decoders for process `\Twiddle.$proc$rtl/peweaver_shared_fft.v:833$376'.
Creating decoders for process `\Twiddle.$proc$rtl/peweaver_shared_fft.v:833$375'.
Creating decoders for process `\Twiddle.$proc$rtl/peweaver_shared_fft.v:832$374'.
Creating decoders for process `\Twiddle.$proc$rtl/peweaver_shared_fft.v:832$373'.
Creating decoders for process `\Twiddle.$proc$rtl/peweaver_shared_fft.v:831$372'.
Creating decoders for process `\Twiddle.$proc$rtl/peweaver_shared_fft.v:831$371'.
Creating decoders for process `\Twiddle.$proc$rtl/peweaver_shared_fft.v:830$370'.
Creating decoders for process `\Twiddle.$proc$rtl/peweaver_shared_fft.v:830$369'.
Creating decoders for process `\Twiddle.$proc$rtl/peweaver_shared_fft.v:829$368'.
Creating decoders for process `\Twiddle.$proc$rtl/peweaver_shared_fft.v:829$367'.
Creating decoders for process `\Twiddle.$proc$rtl/peweaver_shared_fft.v:828$366'.
Creating decoders for process `\Twiddle.$proc$rtl/peweaver_shared_fft.v:828$365'.
Creating decoders for process `\Twiddle.$proc$rtl/peweaver_shared_fft.v:827$364'.
Creating decoders for process `\Twiddle.$proc$rtl/peweaver_shared_fft.v:827$363'.
Creating decoders for process `\Twiddle.$proc$rtl/peweaver_shared_fft.v:826$362'.
Creating decoders for process `\Twiddle.$proc$rtl/peweaver_shared_fft.v:826$361'.
Creating decoders for process `\Twiddle.$proc$rtl/peweaver_shared_fft.v:825$360'.
Creating decoders for process `\Twiddle.$proc$rtl/peweaver_shared_fft.v:825$359'.
Creating decoders for process `\Twiddle.$proc$rtl/peweaver_shared_fft.v:824$358'.
Creating decoders for process `\Twiddle.$proc$rtl/peweaver_shared_fft.v:824$357'.
Creating decoders for process `\Twiddle.$proc$rtl/peweaver_shared_fft.v:823$356'.
Creating decoders for process `\Twiddle.$proc$rtl/peweaver_shared_fft.v:823$355'.
Creating decoders for process `\Twiddle.$proc$rtl/peweaver_shared_fft.v:822$354'.
Creating decoders for process `\Twiddle.$proc$rtl/peweaver_shared_fft.v:822$353'.
Creating decoders for process `\Twiddle.$proc$rtl/peweaver_shared_fft.v:821$352'.
Creating decoders for process `\Twiddle.$proc$rtl/peweaver_shared_fft.v:821$351'.
Creating decoders for process `\Twiddle.$proc$rtl/peweaver_shared_fft.v:820$350'.
Creating decoders for process `\Twiddle.$proc$rtl/peweaver_shared_fft.v:820$349'.
Creating decoders for process `\Twiddle.$proc$rtl/peweaver_shared_fft.v:819$348'.
Creating decoders for process `\Twiddle.$proc$rtl/peweaver_shared_fft.v:819$347'.
Creating decoders for process `\Twiddle.$proc$rtl/peweaver_shared_fft.v:818$346'.
Creating decoders for process `\Twiddle.$proc$rtl/peweaver_shared_fft.v:818$345'.
Creating decoders for process `\Twiddle.$proc$rtl/peweaver_shared_fft.v:817$344'.
Creating decoders for process `\Twiddle.$proc$rtl/peweaver_shared_fft.v:817$343'.
Creating decoders for process `\Twiddle.$proc$rtl/peweaver_shared_fft.v:816$342'.
Creating decoders for process `\Twiddle.$proc$rtl/peweaver_shared_fft.v:816$341'.
Creating decoders for process `\Twiddle.$proc$rtl/peweaver_shared_fft.v:815$340'.
Creating decoders for process `\Twiddle.$proc$rtl/peweaver_shared_fft.v:815$339'.
Creating decoders for process `\Twiddle.$proc$rtl/peweaver_shared_fft.v:814$338'.
Creating decoders for process `\Twiddle.$proc$rtl/peweaver_shared_fft.v:814$337'.
Creating decoders for process `\Twiddle.$proc$rtl/peweaver_shared_fft.v:813$336'.
Creating decoders for process `\Twiddle.$proc$rtl/peweaver_shared_fft.v:813$335'.
Creating decoders for process `\Twiddle.$proc$rtl/peweaver_shared_fft.v:812$334'.
Creating decoders for process `\Twiddle.$proc$rtl/peweaver_shared_fft.v:812$333'.
Creating decoders for process `\Twiddle.$proc$rtl/peweaver_shared_fft.v:811$332'.
Creating decoders for process `\Twiddle.$proc$rtl/peweaver_shared_fft.v:811$331'.
Creating decoders for process `\Twiddle.$proc$rtl/peweaver_shared_fft.v:810$330'.
Creating decoders for process `\Twiddle.$proc$rtl/peweaver_shared_fft.v:810$329'.
Creating decoders for process `\Twiddle.$proc$rtl/peweaver_shared_fft.v:809$328'.
Creating decoders for process `\Twiddle.$proc$rtl/peweaver_shared_fft.v:809$327'.
Creating decoders for process `\Twiddle.$proc$rtl/peweaver_shared_fft.v:808$326'.
Creating decoders for process `\Twiddle.$proc$rtl/peweaver_shared_fft.v:808$325'.
Creating decoders for process `\Twiddle.$proc$rtl/peweaver_shared_fft.v:807$324'.
Creating decoders for process `\Twiddle.$proc$rtl/peweaver_shared_fft.v:807$323'.
Creating decoders for process `\Twiddle.$proc$rtl/peweaver_shared_fft.v:806$322'.
Creating decoders for process `\Twiddle.$proc$rtl/peweaver_shared_fft.v:806$321'.
Creating decoders for process `\Twiddle.$proc$rtl/peweaver_shared_fft.v:805$320'.
Creating decoders for process `\Twiddle.$proc$rtl/peweaver_shared_fft.v:805$319'.
Creating decoders for process `\Twiddle.$proc$rtl/peweaver_shared_fft.v:804$318'.
Creating decoders for process `\Twiddle.$proc$rtl/peweaver_shared_fft.v:804$317'.
Creating decoders for process `\Twiddle.$proc$rtl/peweaver_shared_fft.v:803$316'.
Creating decoders for process `\Twiddle.$proc$rtl/peweaver_shared_fft.v:803$315'.
Creating decoders for process `\Twiddle.$proc$rtl/peweaver_shared_fft.v:802$314'.
Creating decoders for process `\Twiddle.$proc$rtl/peweaver_shared_fft.v:802$313'.
Creating decoders for process `\Twiddle.$proc$rtl/peweaver_shared_fft.v:801$312'.
Creating decoders for process `\Twiddle.$proc$rtl/peweaver_shared_fft.v:801$311'.
Creating decoders for process `\Twiddle.$proc$rtl/peweaver_shared_fft.v:800$310'.
Creating decoders for process `\Twiddle.$proc$rtl/peweaver_shared_fft.v:800$309'.
Creating decoders for process `\Twiddle.$proc$rtl/peweaver_shared_fft.v:799$308'.
Creating decoders for process `\Twiddle.$proc$rtl/peweaver_shared_fft.v:799$307'.
Creating decoders for process `\Twiddle.$proc$rtl/peweaver_shared_fft.v:798$306'.
Creating decoders for process `\Twiddle.$proc$rtl/peweaver_shared_fft.v:798$305'.
Creating decoders for process `\Twiddle.$proc$rtl/peweaver_shared_fft.v:797$304'.
Creating decoders for process `\Twiddle.$proc$rtl/peweaver_shared_fft.v:797$303'.
Creating decoders for process `\Twiddle.$proc$rtl/peweaver_shared_fft.v:796$302'.
Creating decoders for process `\Twiddle.$proc$rtl/peweaver_shared_fft.v:796$301'.
Creating decoders for process `\Twiddle.$proc$rtl/peweaver_shared_fft.v:795$300'.
Creating decoders for process `\Twiddle.$proc$rtl/peweaver_shared_fft.v:795$299'.
Creating decoders for process `\Twiddle.$proc$rtl/peweaver_shared_fft.v:794$298'.
Creating decoders for process `\Twiddle.$proc$rtl/peweaver_shared_fft.v:794$297'.
Creating decoders for process `\Twiddle.$proc$rtl/peweaver_shared_fft.v:793$296'.
Creating decoders for process `\Twiddle.$proc$rtl/peweaver_shared_fft.v:793$295'.
Creating decoders for process `\Twiddle.$proc$rtl/peweaver_shared_fft.v:792$294'.
Creating decoders for process `\Twiddle.$proc$rtl/peweaver_shared_fft.v:792$293'.
Creating decoders for process `\Twiddle.$proc$rtl/peweaver_shared_fft.v:791$292'.
Creating decoders for process `\Twiddle.$proc$rtl/peweaver_shared_fft.v:791$291'.
Creating decoders for process `\Twiddle.$proc$rtl/peweaver_shared_fft.v:790$290'.
Creating decoders for process `\Twiddle.$proc$rtl/peweaver_shared_fft.v:790$289'.
Creating decoders for process `\Twiddle.$proc$rtl/peweaver_shared_fft.v:789$288'.
Creating decoders for process `\Twiddle.$proc$rtl/peweaver_shared_fft.v:789$287'.
Creating decoders for process `\Twiddle.$proc$rtl/peweaver_shared_fft.v:788$286'.
Creating decoders for process `\Twiddle.$proc$rtl/peweaver_shared_fft.v:788$285'.
Creating decoders for process `\Twiddle.$proc$rtl/peweaver_shared_fft.v:787$284'.
Creating decoders for process `\Twiddle.$proc$rtl/peweaver_shared_fft.v:787$283'.
Creating decoders for process `\Twiddle.$proc$rtl/peweaver_shared_fft.v:786$282'.
Creating decoders for process `\Twiddle.$proc$rtl/peweaver_shared_fft.v:786$281'.
Creating decoders for process `\Twiddle.$proc$rtl/peweaver_shared_fft.v:785$280'.
Creating decoders for process `\Twiddle.$proc$rtl/peweaver_shared_fft.v:785$279'.
Creating decoders for process `\Twiddle.$proc$rtl/peweaver_shared_fft.v:784$278'.
Creating decoders for process `\Twiddle.$proc$rtl/peweaver_shared_fft.v:784$277'.
Creating decoders for process `\Twiddle.$proc$rtl/peweaver_shared_fft.v:783$276'.
Creating decoders for process `\Twiddle.$proc$rtl/peweaver_shared_fft.v:783$275'.
Creating decoders for process `\Twiddle.$proc$rtl/peweaver_shared_fft.v:782$274'.
Creating decoders for process `\Twiddle.$proc$rtl/peweaver_shared_fft.v:782$273'.
Creating decoders for process `\Twiddle.$proc$rtl/peweaver_shared_fft.v:781$272'.
Creating decoders for process `\Twiddle.$proc$rtl/peweaver_shared_fft.v:781$271'.
Creating decoders for process `\Twiddle.$proc$rtl/peweaver_shared_fft.v:780$270'.
Creating decoders for process `\Twiddle.$proc$rtl/peweaver_shared_fft.v:780$269'.
Creating decoders for process `\Twiddle.$proc$rtl/peweaver_shared_fft.v:779$268'.
Creating decoders for process `\Twiddle.$proc$rtl/peweaver_shared_fft.v:779$267'.
Creating decoders for process `\Twiddle.$proc$rtl/peweaver_shared_fft.v:778$266'.
Creating decoders for process `\Twiddle.$proc$rtl/peweaver_shared_fft.v:778$265'.
Creating decoders for process `\Twiddle.$proc$rtl/peweaver_shared_fft.v:777$264'.
Creating decoders for process `\Twiddle.$proc$rtl/peweaver_shared_fft.v:777$263'.
Creating decoders for process `\Twiddle.$proc$rtl/peweaver_shared_fft.v:776$262'.
Creating decoders for process `\Twiddle.$proc$rtl/peweaver_shared_fft.v:776$261'.
Creating decoders for process `\Twiddle.$proc$rtl/peweaver_shared_fft.v:775$260'.
Creating decoders for process `\Twiddle.$proc$rtl/peweaver_shared_fft.v:775$259'.
Creating decoders for process `\Twiddle.$proc$rtl/peweaver_shared_fft.v:774$258'.
Creating decoders for process `\Twiddle.$proc$rtl/peweaver_shared_fft.v:774$257'.
Creating decoders for process `\Twiddle.$proc$rtl/peweaver_shared_fft.v:773$256'.
Creating decoders for process `\Twiddle.$proc$rtl/peweaver_shared_fft.v:773$255'.
Creating decoders for process `\Twiddle.$proc$rtl/peweaver_shared_fft.v:772$254'.
Creating decoders for process `\Twiddle.$proc$rtl/peweaver_shared_fft.v:772$253'.
Creating decoders for process `\Twiddle.$proc$rtl/peweaver_shared_fft.v:771$252'.
Creating decoders for process `\Twiddle.$proc$rtl/peweaver_shared_fft.v:771$251'.
Creating decoders for process `\Twiddle.$proc$rtl/peweaver_shared_fft.v:770$250'.
Creating decoders for process `\Twiddle.$proc$rtl/peweaver_shared_fft.v:770$249'.
Creating decoders for process `\Twiddle.$proc$rtl/peweaver_shared_fft.v:769$248'.
Creating decoders for process `\Twiddle.$proc$rtl/peweaver_shared_fft.v:769$247'.
Creating decoders for process `\Twiddle.$proc$rtl/peweaver_shared_fft.v:768$246'.
Creating decoders for process `\Twiddle.$proc$rtl/peweaver_shared_fft.v:768$245'.
Creating decoders for process `\Twiddle.$proc$rtl/peweaver_shared_fft.v:767$244'.
Creating decoders for process `\Twiddle.$proc$rtl/peweaver_shared_fft.v:767$243'.
Creating decoders for process `\Twiddle.$proc$rtl/peweaver_shared_fft.v:766$242'.
Creating decoders for process `\Twiddle.$proc$rtl/peweaver_shared_fft.v:766$241'.
Creating decoders for process `\Twiddle.$proc$rtl/peweaver_shared_fft.v:765$240'.
Creating decoders for process `\Twiddle.$proc$rtl/peweaver_shared_fft.v:765$239'.
Creating decoders for process `\Twiddle.$proc$rtl/peweaver_shared_fft.v:764$238'.
Creating decoders for process `\Twiddle.$proc$rtl/peweaver_shared_fft.v:764$237'.
Creating decoders for process `\Twiddle.$proc$rtl/peweaver_shared_fft.v:763$236'.
Creating decoders for process `\Twiddle.$proc$rtl/peweaver_shared_fft.v:763$235'.
Creating decoders for process `\Twiddle.$proc$rtl/peweaver_shared_fft.v:762$234'.
Creating decoders for process `\Twiddle.$proc$rtl/peweaver_shared_fft.v:762$233'.
Creating decoders for process `\Twiddle.$proc$rtl/peweaver_shared_fft.v:761$232'.
Creating decoders for process `\Twiddle.$proc$rtl/peweaver_shared_fft.v:761$231'.
Creating decoders for process `\Twiddle.$proc$rtl/peweaver_shared_fft.v:760$230'.
Creating decoders for process `\Twiddle.$proc$rtl/peweaver_shared_fft.v:760$229'.
Creating decoders for process `\Twiddle.$proc$rtl/peweaver_shared_fft.v:759$228'.
Creating decoders for process `\Twiddle.$proc$rtl/peweaver_shared_fft.v:759$227'.
Creating decoders for process `\Twiddle.$proc$rtl/peweaver_shared_fft.v:758$226'.
Creating decoders for process `\Twiddle.$proc$rtl/peweaver_shared_fft.v:758$225'.
Creating decoders for process `\Twiddle.$proc$rtl/peweaver_shared_fft.v:757$224'.
Creating decoders for process `\Twiddle.$proc$rtl/peweaver_shared_fft.v:757$223'.
Creating decoders for process `\Twiddle.$proc$rtl/peweaver_shared_fft.v:756$222'.
Creating decoders for process `\Twiddle.$proc$rtl/peweaver_shared_fft.v:756$221'.
Creating decoders for process `\Twiddle.$proc$rtl/peweaver_shared_fft.v:755$220'.
Creating decoders for process `\Twiddle.$proc$rtl/peweaver_shared_fft.v:755$219'.
Creating decoders for process `\Twiddle.$proc$rtl/peweaver_shared_fft.v:754$218'.
Creating decoders for process `\Twiddle.$proc$rtl/peweaver_shared_fft.v:754$217'.
Creating decoders for process `\Twiddle.$proc$rtl/peweaver_shared_fft.v:753$216'.
Creating decoders for process `\Twiddle.$proc$rtl/peweaver_shared_fft.v:753$215'.
Creating decoders for process `\Twiddle.$proc$rtl/peweaver_shared_fft.v:752$214'.
Creating decoders for process `\Twiddle.$proc$rtl/peweaver_shared_fft.v:752$213'.
Creating decoders for process `\Twiddle.$proc$rtl/peweaver_shared_fft.v:751$212'.
Creating decoders for process `\Twiddle.$proc$rtl/peweaver_shared_fft.v:751$211'.
Creating decoders for process `\Twiddle.$proc$rtl/peweaver_shared_fft.v:750$210'.
Creating decoders for process `\Twiddle.$proc$rtl/peweaver_shared_fft.v:750$209'.
Creating decoders for process `\Twiddle.$proc$rtl/peweaver_shared_fft.v:749$208'.
Creating decoders for process `\Twiddle.$proc$rtl/peweaver_shared_fft.v:749$207'.
Creating decoders for process `\Twiddle.$proc$rtl/peweaver_shared_fft.v:748$206'.
Creating decoders for process `\Twiddle.$proc$rtl/peweaver_shared_fft.v:748$205'.
Creating decoders for process `\Twiddle.$proc$rtl/peweaver_shared_fft.v:747$204'.
Creating decoders for process `\Twiddle.$proc$rtl/peweaver_shared_fft.v:747$203'.
Creating decoders for process `\Twiddle.$proc$rtl/peweaver_shared_fft.v:746$202'.
Creating decoders for process `\Twiddle.$proc$rtl/peweaver_shared_fft.v:746$201'.
Creating decoders for process `\Twiddle.$proc$rtl/peweaver_shared_fft.v:745$200'.
Creating decoders for process `\Twiddle.$proc$rtl/peweaver_shared_fft.v:745$199'.
Creating decoders for process `\Twiddle.$proc$rtl/peweaver_shared_fft.v:744$198'.
Creating decoders for process `\Twiddle.$proc$rtl/peweaver_shared_fft.v:744$197'.
Creating decoders for process `\Twiddle.$proc$rtl/peweaver_shared_fft.v:743$196'.
Creating decoders for process `\Twiddle.$proc$rtl/peweaver_shared_fft.v:743$195'.
Creating decoders for process `\Twiddle.$proc$rtl/peweaver_shared_fft.v:742$194'.
Creating decoders for process `\Twiddle.$proc$rtl/peweaver_shared_fft.v:742$193'.
Creating decoders for process `\Twiddle.$proc$rtl/peweaver_shared_fft.v:741$192'.
Creating decoders for process `\Twiddle.$proc$rtl/peweaver_shared_fft.v:741$191'.
Creating decoders for process `\Twiddle.$proc$rtl/peweaver_shared_fft.v:740$190'.
Creating decoders for process `\Twiddle.$proc$rtl/peweaver_shared_fft.v:740$189'.
Creating decoders for process `\Twiddle.$proc$rtl/peweaver_shared_fft.v:739$188'.
Creating decoders for process `\Twiddle.$proc$rtl/peweaver_shared_fft.v:739$187'.
Creating decoders for process `\Twiddle.$proc$rtl/peweaver_shared_fft.v:738$186'.
Creating decoders for process `\Twiddle.$proc$rtl/peweaver_shared_fft.v:738$185'.
Creating decoders for process `\Twiddle.$proc$rtl/peweaver_shared_fft.v:737$184'.
Creating decoders for process `\Twiddle.$proc$rtl/peweaver_shared_fft.v:737$183'.
Creating decoders for process `\Twiddle.$proc$rtl/peweaver_shared_fft.v:736$182'.
Creating decoders for process `\Twiddle.$proc$rtl/peweaver_shared_fft.v:736$181'.
Creating decoders for process `\Twiddle.$proc$rtl/peweaver_shared_fft.v:735$180'.
Creating decoders for process `\Twiddle.$proc$rtl/peweaver_shared_fft.v:735$179'.
Creating decoders for process `\Twiddle.$proc$rtl/peweaver_shared_fft.v:734$178'.
Creating decoders for process `\Twiddle.$proc$rtl/peweaver_shared_fft.v:734$177'.
Creating decoders for process `\Twiddle.$proc$rtl/peweaver_shared_fft.v:733$176'.
Creating decoders for process `\Twiddle.$proc$rtl/peweaver_shared_fft.v:733$175'.
Creating decoders for process `\Twiddle.$proc$rtl/peweaver_shared_fft.v:732$174'.
Creating decoders for process `\Twiddle.$proc$rtl/peweaver_shared_fft.v:732$173'.
Creating decoders for process `\Twiddle.$proc$rtl/peweaver_shared_fft.v:731$172'.
Creating decoders for process `\Twiddle.$proc$rtl/peweaver_shared_fft.v:731$171'.
Creating decoders for process `\Twiddle.$proc$rtl/peweaver_shared_fft.v:730$170'.
Creating decoders for process `\Twiddle.$proc$rtl/peweaver_shared_fft.v:730$169'.
Creating decoders for process `\Twiddle.$proc$rtl/peweaver_shared_fft.v:729$168'.
Creating decoders for process `\Twiddle.$proc$rtl/peweaver_shared_fft.v:729$167'.
Creating decoders for process `\Twiddle.$proc$rtl/peweaver_shared_fft.v:728$166'.
Creating decoders for process `\Twiddle.$proc$rtl/peweaver_shared_fft.v:728$165'.
Creating decoders for process `\Twiddle.$proc$rtl/peweaver_shared_fft.v:727$164'.
Creating decoders for process `\Twiddle.$proc$rtl/peweaver_shared_fft.v:727$163'.
Creating decoders for process `\Twiddle.$proc$rtl/peweaver_shared_fft.v:726$162'.
Creating decoders for process `\Twiddle.$proc$rtl/peweaver_shared_fft.v:726$161'.
Creating decoders for process `\Twiddle.$proc$rtl/peweaver_shared_fft.v:725$160'.
Creating decoders for process `\Twiddle.$proc$rtl/peweaver_shared_fft.v:725$159'.
Creating decoders for process `\Twiddle.$proc$rtl/peweaver_shared_fft.v:724$158'.
Creating decoders for process `\Twiddle.$proc$rtl/peweaver_shared_fft.v:724$157'.
Creating decoders for process `\Twiddle.$proc$rtl/peweaver_shared_fft.v:723$156'.
Creating decoders for process `\Twiddle.$proc$rtl/peweaver_shared_fft.v:723$155'.
Creating decoders for process `\Twiddle.$proc$rtl/peweaver_shared_fft.v:722$154'.
Creating decoders for process `\Twiddle.$proc$rtl/peweaver_shared_fft.v:722$153'.
Creating decoders for process `\Twiddle.$proc$rtl/peweaver_shared_fft.v:721$152'.
Creating decoders for process `\Twiddle.$proc$rtl/peweaver_shared_fft.v:721$151'.
Creating decoders for process `\Twiddle.$proc$rtl/peweaver_shared_fft.v:720$150'.
Creating decoders for process `\Twiddle.$proc$rtl/peweaver_shared_fft.v:720$149'.
Creating decoders for process `\Twiddle.$proc$rtl/peweaver_shared_fft.v:719$148'.
Creating decoders for process `\Twiddle.$proc$rtl/peweaver_shared_fft.v:719$147'.
Creating decoders for process `\Twiddle.$proc$rtl/peweaver_shared_fft.v:718$146'.
Creating decoders for process `\Twiddle.$proc$rtl/peweaver_shared_fft.v:718$145'.
Creating decoders for process `\Twiddle.$proc$rtl/peweaver_shared_fft.v:717$144'.
Creating decoders for process `\Twiddle.$proc$rtl/peweaver_shared_fft.v:717$143'.
Creating decoders for process `\Twiddle.$proc$rtl/peweaver_shared_fft.v:716$142'.
Creating decoders for process `\Twiddle.$proc$rtl/peweaver_shared_fft.v:716$141'.
Creating decoders for process `\Twiddle.$proc$rtl/peweaver_shared_fft.v:715$140'.
Creating decoders for process `\Twiddle.$proc$rtl/peweaver_shared_fft.v:715$139'.
Creating decoders for process `\Twiddle.$proc$rtl/peweaver_shared_fft.v:714$138'.
Creating decoders for process `\Twiddle.$proc$rtl/peweaver_shared_fft.v:714$137'.
Creating decoders for process `\Twiddle.$proc$rtl/peweaver_shared_fft.v:713$136'.
Creating decoders for process `\Twiddle.$proc$rtl/peweaver_shared_fft.v:713$135'.
Creating decoders for process `\Twiddle.$proc$rtl/peweaver_shared_fft.v:712$134'.
Creating decoders for process `\Twiddle.$proc$rtl/peweaver_shared_fft.v:712$133'.
Creating decoders for process `\Twiddle.$proc$rtl/peweaver_shared_fft.v:711$132'.
Creating decoders for process `\Twiddle.$proc$rtl/peweaver_shared_fft.v:711$131'.
Creating decoders for process `\Twiddle.$proc$rtl/peweaver_shared_fft.v:710$130'.
Creating decoders for process `\Twiddle.$proc$rtl/peweaver_shared_fft.v:710$129'.
Creating decoders for process `\Twiddle.$proc$rtl/peweaver_shared_fft.v:709$128'.
Creating decoders for process `\Twiddle.$proc$rtl/peweaver_shared_fft.v:709$127'.
Creating decoders for process `\Twiddle.$proc$rtl/peweaver_shared_fft.v:708$126'.
Creating decoders for process `\Twiddle.$proc$rtl/peweaver_shared_fft.v:708$125'.
Creating decoders for process `\Twiddle.$proc$rtl/peweaver_shared_fft.v:696$122'.
     1/1: $1$mem2reg_rd$\wn_im$rtl/peweaver_shared_fft.v:696$117_DATA[15:0]$124
Creating decoders for process `\Twiddle.$proc$rtl/peweaver_shared_fft.v:695$119'.
     1/1: $1$mem2reg_rd$\wn_re$rtl/peweaver_shared_fft.v:695$116_DATA[15:0]$121
Creating decoders for process `\Twiddle.$proc$rtl/peweaver_shared_fft.v:700$118'.
Creating decoders for process `$paramod$91a3a7dbf4bfbd28b5b341fe20d9acb72db55de6\SharedDelayBuffer.$proc$rtl/peweaver_shared_fft.v:484$655'.
Creating decoders for process `$paramod$91a3a7dbf4bfbd28b5b341fe20d9acb72db55de6\SharedDelayBuffer.$proc$rtl/peweaver_shared_fft.v:474$654'.
Creating decoders for process `$paramod$bf4db1fd822cd1e8dfaa4dc2826349dab1ae0abc\SharedDelayBuffer.$proc$rtl/peweaver_shared_fft.v:484$651'.
Creating decoders for process `$paramod$bf4db1fd822cd1e8dfaa4dc2826349dab1ae0abc\SharedDelayBuffer.$proc$rtl/peweaver_shared_fft.v:474$650'.
Creating decoders for process `$paramod$88cd2ddfbb8184221d632f3c3d25c8d476256959\SharedDelayBuffer.$proc$rtl/peweaver_shared_fft.v:484$647'.
Creating decoders for process `$paramod$88cd2ddfbb8184221d632f3c3d25c8d476256959\SharedDelayBuffer.$proc$rtl/peweaver_shared_fft.v:474$646'.
Creating decoders for process `$paramod$3ebd556efa5e0b51800643ceec6809e07c210b5f\SharedDelayBuffer.$proc$rtl/peweaver_shared_fft.v:484$643'.
Creating decoders for process `$paramod$3ebd556efa5e0b51800643ceec6809e07c210b5f\SharedDelayBuffer.$proc$rtl/peweaver_shared_fft.v:474$642'.
Creating decoders for process `$paramod$17914cfb50699f154dc59f1c3f8fd47b6e195f44\DelayBuffer.$proc$rtl/peweaver_shared_fft.v:606$641'.
Creating decoders for process `$paramod$661d166254ab1f10e4ab9fdc594a2d052f4530e3\SharedDelayBuffer.$proc$rtl/peweaver_shared_fft.v:484$626'.
Creating decoders for process `$paramod$661d166254ab1f10e4ab9fdc594a2d052f4530e3\SharedDelayBuffer.$proc$rtl/peweaver_shared_fft.v:474$625'.
Creating decoders for process `\peweaver_ppa_reset_sync_shared.$proc$rtl/peweaver_ppa_shared_fft.v:15$1'.
     1/1: $0\sync_ff[1:0]

4.2.8. Executing PROC_DLATCH pass (convert process syncs to latches).
No latch inferred for signal `$paramod$ddd1dbeb542b066b17317505cd6a065ae38cf366\SharedSdfUnit.\tw_base' from process `$paramod$ddd1dbeb542b066b17317505cd6a065ae38cf366\SharedSdfUnit.$proc$rtl/peweaver_shared_fft.v:378$581'.
No latch inferred for signal `$paramod$8d11d99acb7471071f15885b81a84929edb08a8f\SharedSdfUnit.\tw_base' from process `$paramod$8d11d99acb7471071f15885b81a84929edb08a8f\SharedSdfUnit.$proc$rtl/peweaver_shared_fft.v:378$514'.
No latch inferred for signal `$paramod$13c884fdcaf50f82d9759f7b9da10f470b3fe4f1\SharedSdfUnit.\tw_base' from process `$paramod$13c884fdcaf50f82d9759f7b9da10f470b3fe4f1\SharedSdfUnit.$proc$rtl/peweaver_shared_fft.v:378$447'.
No latch inferred for signal `\Twiddle.\wn_im[127]' from process `\Twiddle.$proc$rtl/peweaver_shared_fft.v:835$380'.
No latch inferred for signal `\Twiddle.\wn_re[127]' from process `\Twiddle.$proc$rtl/peweaver_shared_fft.v:835$379'.
No latch inferred for signal `\Twiddle.\wn_im[126]' from process `\Twiddle.$proc$rtl/peweaver_shared_fft.v:834$378'.
No latch inferred for signal `\Twiddle.\wn_re[126]' from process `\Twiddle.$proc$rtl/peweaver_shared_fft.v:834$377'.
No latch inferred for signal `\Twiddle.\wn_im[125]' from process `\Twiddle.$proc$rtl/peweaver_shared_fft.v:833$376'.
No latch inferred for signal `\Twiddle.\wn_re[125]' from process `\Twiddle.$proc$rtl/peweaver_shared_fft.v:833$375'.
No latch inferred for signal `\Twiddle.\wn_im[124]' from process `\Twiddle.$proc$rtl/peweaver_shared_fft.v:832$374'.
No latch inferred for signal `\Twiddle.\wn_re[124]' from process `\Twiddle.$proc$rtl/peweaver_shared_fft.v:832$373'.
No latch inferred for signal `\Twiddle.\wn_im[123]' from process `\Twiddle.$proc$rtl/peweaver_shared_fft.v:831$372'.
No latch inferred for signal `\Twiddle.\wn_re[123]' from process `\Twiddle.$proc$rtl/peweaver_shared_fft.v:831$371'.
No latch inferred for signal `\Twiddle.\wn_im[122]' from process `\Twiddle.$proc$rtl/peweaver_shared_fft.v:830$370'.
No latch inferred for signal `\Twiddle.\wn_re[122]' from process `\Twiddle.$proc$rtl/peweaver_shared_fft.v:830$369'.
No latch inferred for signal `\Twiddle.\wn_im[121]' from process `\Twiddle.$proc$rtl/peweaver_shared_fft.v:829$368'.
No latch inferred for signal `\Twiddle.\wn_re[121]' from process `\Twiddle.$proc$rtl/peweaver_shared_fft.v:829$367'.
No latch inferred for signal `\Twiddle.\wn_im[120]' from process `\Twiddle.$proc$rtl/peweaver_shared_fft.v:828$366'.
No latch inferred for signal `\Twiddle.\wn_re[120]' from process `\Twiddle.$proc$rtl/peweaver_shared_fft.v:828$365'.
No latch inferred for signal `\Twiddle.\wn_im[119]' from process `\Twiddle.$proc$rtl/peweaver_shared_fft.v:827$364'.
No latch inferred for signal `\Twiddle.\wn_re[119]' from process `\Twiddle.$proc$rtl/peweaver_shared_fft.v:827$363'.
No latch inferred for signal `\Twiddle.\wn_im[118]' from process `\Twiddle.$proc$rtl/peweaver_shared_fft.v:826$362'.
No latch inferred for signal `\Twiddle.\wn_re[118]' from process `\Twiddle.$proc$rtl/peweaver_shared_fft.v:826$361'.
No latch inferred for signal `\Twiddle.\wn_im[117]' from process `\Twiddle.$proc$rtl/peweaver_shared_fft.v:825$360'.
No latch inferred for signal `\Twiddle.\wn_re[117]' from process `\Twiddle.$proc$rtl/peweaver_shared_fft.v:825$359'.
No latch inferred for signal `\Twiddle.\wn_im[116]' from process `\Twiddle.$proc$rtl/peweaver_shared_fft.v:824$358'.
No latch inferred for signal `\Twiddle.\wn_re[116]' from process `\Twiddle.$proc$rtl/peweaver_shared_fft.v:824$357'.
No latch inferred for signal `\Twiddle.\wn_im[115]' from process `\Twiddle.$proc$rtl/peweaver_shared_fft.v:823$356'.
No latch inferred for signal `\Twiddle.\wn_re[115]' from process `\Twiddle.$proc$rtl/peweaver_shared_fft.v:823$355'.
No latch inferred for signal `\Twiddle.\wn_im[114]' from process `\Twiddle.$proc$rtl/peweaver_shared_fft.v:822$354'.
No latch inferred for signal `\Twiddle.\wn_re[114]' from process `\Twiddle.$proc$rtl/peweaver_shared_fft.v:822$353'.
No latch inferred for signal `\Twiddle.\wn_im[113]' from process `\Twiddle.$proc$rtl/peweaver_shared_fft.v:821$352'.
No latch inferred for signal `\Twiddle.\wn_re[113]' from process `\Twiddle.$proc$rtl/peweaver_shared_fft.v:821$351'.
No latch inferred for signal `\Twiddle.\wn_im[112]' from process `\Twiddle.$proc$rtl/peweaver_shared_fft.v:820$350'.
No latch inferred for signal `\Twiddle.\wn_re[112]' from process `\Twiddle.$proc$rtl/peweaver_shared_fft.v:820$349'.
No latch inferred for signal `\Twiddle.\wn_im[111]' from process `\Twiddle.$proc$rtl/peweaver_shared_fft.v:819$348'.
No latch inferred for signal `\Twiddle.\wn_re[111]' from process `\Twiddle.$proc$rtl/peweaver_shared_fft.v:819$347'.
No latch inferred for signal `\Twiddle.\wn_im[110]' from process `\Twiddle.$proc$rtl/peweaver_shared_fft.v:818$346'.
No latch inferred for signal `\Twiddle.\wn_re[110]' from process `\Twiddle.$proc$rtl/peweaver_shared_fft.v:818$345'.
No latch inferred for signal `\Twiddle.\wn_im[109]' from process `\Twiddle.$proc$rtl/peweaver_shared_fft.v:817$344'.
No latch inferred for signal `\Twiddle.\wn_re[109]' from process `\Twiddle.$proc$rtl/peweaver_shared_fft.v:817$343'.
No latch inferred for signal `\Twiddle.\wn_im[108]' from process `\Twiddle.$proc$rtl/peweaver_shared_fft.v:816$342'.
No latch inferred for signal `\Twiddle.\wn_re[108]' from process `\Twiddle.$proc$rtl/peweaver_shared_fft.v:816$341'.
No latch inferred for signal `\Twiddle.\wn_im[107]' from process `\Twiddle.$proc$rtl/peweaver_shared_fft.v:815$340'.
No latch inferred for signal `\Twiddle.\wn_re[107]' from process `\Twiddle.$proc$rtl/peweaver_shared_fft.v:815$339'.
No latch inferred for signal `\Twiddle.\wn_im[106]' from process `\Twiddle.$proc$rtl/peweaver_shared_fft.v:814$338'.
No latch inferred for signal `\Twiddle.\wn_re[106]' from process `\Twiddle.$proc$rtl/peweaver_shared_fft.v:814$337'.
No latch inferred for signal `\Twiddle.\wn_im[105]' from process `\Twiddle.$proc$rtl/peweaver_shared_fft.v:813$336'.
No latch inferred for signal `\Twiddle.\wn_re[105]' from process `\Twiddle.$proc$rtl/peweaver_shared_fft.v:813$335'.
No latch inferred for signal `\Twiddle.\wn_im[104]' from process `\Twiddle.$proc$rtl/peweaver_shared_fft.v:812$334'.
No latch inferred for signal `\Twiddle.\wn_re[104]' from process `\Twiddle.$proc$rtl/peweaver_shared_fft.v:812$333'.
No latch inferred for signal `\Twiddle.\wn_im[103]' from process `\Twiddle.$proc$rtl/peweaver_shared_fft.v:811$332'.
No latch inferred for signal `\Twiddle.\wn_re[103]' from process `\Twiddle.$proc$rtl/peweaver_shared_fft.v:811$331'.
No latch inferred for signal `\Twiddle.\wn_im[102]' from process `\Twiddle.$proc$rtl/peweaver_shared_fft.v:810$330'.
No latch inferred for signal `\Twiddle.\wn_re[102]' from process `\Twiddle.$proc$rtl/peweaver_shared_fft.v:810$329'.
No latch inferred for signal `\Twiddle.\wn_im[101]' from process `\Twiddle.$proc$rtl/peweaver_shared_fft.v:809$328'.
No latch inferred for signal `\Twiddle.\wn_re[101]' from process `\Twiddle.$proc$rtl/peweaver_shared_fft.v:809$327'.
No latch inferred for signal `\Twiddle.\wn_im[100]' from process `\Twiddle.$proc$rtl/peweaver_shared_fft.v:808$326'.
No latch inferred for signal `\Twiddle.\wn_re[100]' from process `\Twiddle.$proc$rtl/peweaver_shared_fft.v:808$325'.
No latch inferred for signal `\Twiddle.\wn_im[99]' from process `\Twiddle.$proc$rtl/peweaver_shared_fft.v:807$324'.
No latch inferred for signal `\Twiddle.\wn_re[99]' from process `\Twiddle.$proc$rtl/peweaver_shared_fft.v:807$323'.
No latch inferred for signal `\Twiddle.\wn_im[98]' from process `\Twiddle.$proc$rtl/peweaver_shared_fft.v:806$322'.
No latch inferred for signal `\Twiddle.\wn_re[98]' from process `\Twiddle.$proc$rtl/peweaver_shared_fft.v:806$321'.
No latch inferred for signal `\Twiddle.\wn_im[97]' from process `\Twiddle.$proc$rtl/peweaver_shared_fft.v:805$320'.
No latch inferred for signal `\Twiddle.\wn_re[97]' from process `\Twiddle.$proc$rtl/peweaver_shared_fft.v:805$319'.
No latch inferred for signal `\Twiddle.\wn_im[96]' from process `\Twiddle.$proc$rtl/peweaver_shared_fft.v:804$318'.
No latch inferred for signal `\Twiddle.\wn_re[96]' from process `\Twiddle.$proc$rtl/peweaver_shared_fft.v:804$317'.
No latch inferred for signal `\Twiddle.\wn_im[95]' from process `\Twiddle.$proc$rtl/peweaver_shared_fft.v:803$316'.
No latch inferred for signal `\Twiddle.\wn_re[95]' from process `\Twiddle.$proc$rtl/peweaver_shared_fft.v:803$315'.
No latch inferred for signal `\Twiddle.\wn_im[94]' from process `\Twiddle.$proc$rtl/peweaver_shared_fft.v:802$314'.
No latch inferred for signal `\Twiddle.\wn_re[94]' from process `\Twiddle.$proc$rtl/peweaver_shared_fft.v:802$313'.
No latch inferred for signal `\Twiddle.\wn_im[93]' from process `\Twiddle.$proc$rtl/peweaver_shared_fft.v:801$312'.
No latch inferred for signal `\Twiddle.\wn_re[93]' from process `\Twiddle.$proc$rtl/peweaver_shared_fft.v:801$311'.
No latch inferred for signal `\Twiddle.\wn_im[92]' from process `\Twiddle.$proc$rtl/peweaver_shared_fft.v:800$310'.
No latch inferred for signal `\Twiddle.\wn_re[92]' from process `\Twiddle.$proc$rtl/peweaver_shared_fft.v:800$309'.
No latch inferred for signal `\Twiddle.\wn_im[91]' from process `\Twiddle.$proc$rtl/peweaver_shared_fft.v:799$308'.
No latch inferred for signal `\Twiddle.\wn_re[91]' from process `\Twiddle.$proc$rtl/peweaver_shared_fft.v:799$307'.
No latch inferred for signal `\Twiddle.\wn_im[90]' from process `\Twiddle.$proc$rtl/peweaver_shared_fft.v:798$306'.
No latch inferred for signal `\Twiddle.\wn_re[90]' from process `\Twiddle.$proc$rtl/peweaver_shared_fft.v:798$305'.
No latch inferred for signal `\Twiddle.\wn_im[89]' from process `\Twiddle.$proc$rtl/peweaver_shared_fft.v:797$304'.
No latch inferred for signal `\Twiddle.\wn_re[89]' from process `\Twiddle.$proc$rtl/peweaver_shared_fft.v:797$303'.
No latch inferred for signal `\Twiddle.\wn_im[88]' from process `\Twiddle.$proc$rtl/peweaver_shared_fft.v:796$302'.
No latch inferred for signal `\Twiddle.\wn_re[88]' from process `\Twiddle.$proc$rtl/peweaver_shared_fft.v:796$301'.
No latch inferred for signal `\Twiddle.\wn_im[87]' from process `\Twiddle.$proc$rtl/peweaver_shared_fft.v:795$300'.
No latch inferred for signal `\Twiddle.\wn_re[87]' from process `\Twiddle.$proc$rtl/peweaver_shared_fft.v:795$299'.
No latch inferred for signal `\Twiddle.\wn_im[86]' from process `\Twiddle.$proc$rtl/peweaver_shared_fft.v:794$298'.
No latch inferred for signal `\Twiddle.\wn_re[86]' from process `\Twiddle.$proc$rtl/peweaver_shared_fft.v:794$297'.
No latch inferred for signal `\Twiddle.\wn_im[85]' from process `\Twiddle.$proc$rtl/peweaver_shared_fft.v:793$296'.
No latch inferred for signal `\Twiddle.\wn_re[85]' from process `\Twiddle.$proc$rtl/peweaver_shared_fft.v:793$295'.
No latch inferred for signal `\Twiddle.\wn_im[84]' from process `\Twiddle.$proc$rtl/peweaver_shared_fft.v:792$294'.
No latch inferred for signal `\Twiddle.\wn_re[84]' from process `\Twiddle.$proc$rtl/peweaver_shared_fft.v:792$293'.
No latch inferred for signal `\Twiddle.\wn_im[83]' from process `\Twiddle.$proc$rtl/peweaver_shared_fft.v:791$292'.
No latch inferred for signal `\Twiddle.\wn_re[83]' from process `\Twiddle.$proc$rtl/peweaver_shared_fft.v:791$291'.
No latch inferred for signal `\Twiddle.\wn_im[82]' from process `\Twiddle.$proc$rtl/peweaver_shared_fft.v:790$290'.
No latch inferred for signal `\Twiddle.\wn_re[82]' from process `\Twiddle.$proc$rtl/peweaver_shared_fft.v:790$289'.
No latch inferred for signal `\Twiddle.\wn_im[81]' from process `\Twiddle.$proc$rtl/peweaver_shared_fft.v:789$288'.
No latch inferred for signal `\Twiddle.\wn_re[81]' from process `\Twiddle.$proc$rtl/peweaver_shared_fft.v:789$287'.
No latch inferred for signal `\Twiddle.\wn_im[80]' from process `\Twiddle.$proc$rtl/peweaver_shared_fft.v:788$286'.
No latch inferred for signal `\Twiddle.\wn_re[80]' from process `\Twiddle.$proc$rtl/peweaver_shared_fft.v:788$285'.
No latch inferred for signal `\Twiddle.\wn_im[79]' from process `\Twiddle.$proc$rtl/peweaver_shared_fft.v:787$284'.
No latch inferred for signal `\Twiddle.\wn_re[79]' from process `\Twiddle.$proc$rtl/peweaver_shared_fft.v:787$283'.
No latch inferred for signal `\Twiddle.\wn_im[78]' from process `\Twiddle.$proc$rtl/peweaver_shared_fft.v:786$282'.
No latch inferred for signal `\Twiddle.\wn_re[78]' from process `\Twiddle.$proc$rtl/peweaver_shared_fft.v:786$281'.
No latch inferred for signal `\Twiddle.\wn_im[77]' from process `\Twiddle.$proc$rtl/peweaver_shared_fft.v:785$280'.
No latch inferred for signal `\Twiddle.\wn_re[77]' from process `\Twiddle.$proc$rtl/peweaver_shared_fft.v:785$279'.
No latch inferred for signal `\Twiddle.\wn_im[76]' from process `\Twiddle.$proc$rtl/peweaver_shared_fft.v:784$278'.
No latch inferred for signal `\Twiddle.\wn_re[76]' from process `\Twiddle.$proc$rtl/peweaver_shared_fft.v:784$277'.
No latch inferred for signal `\Twiddle.\wn_im[75]' from process `\Twiddle.$proc$rtl/peweaver_shared_fft.v:783$276'.
No latch inferred for signal `\Twiddle.\wn_re[75]' from process `\Twiddle.$proc$rtl/peweaver_shared_fft.v:783$275'.
No latch inferred for signal `\Twiddle.\wn_im[74]' from process `\Twiddle.$proc$rtl/peweaver_shared_fft.v:782$274'.
No latch inferred for signal `\Twiddle.\wn_re[74]' from process `\Twiddle.$proc$rtl/peweaver_shared_fft.v:782$273'.
No latch inferred for signal `\Twiddle.\wn_im[73]' from process `\Twiddle.$proc$rtl/peweaver_shared_fft.v:781$272'.
No latch inferred for signal `\Twiddle.\wn_re[73]' from process `\Twiddle.$proc$rtl/peweaver_shared_fft.v:781$271'.
No latch inferred for signal `\Twiddle.\wn_im[72]' from process `\Twiddle.$proc$rtl/peweaver_shared_fft.v:780$270'.
No latch inferred for signal `\Twiddle.\wn_re[72]' from process `\Twiddle.$proc$rtl/peweaver_shared_fft.v:780$269'.
No latch inferred for signal `\Twiddle.\wn_im[71]' from process `\Twiddle.$proc$rtl/peweaver_shared_fft.v:779$268'.
No latch inferred for signal `\Twiddle.\wn_re[71]' from process `\Twiddle.$proc$rtl/peweaver_shared_fft.v:779$267'.
No latch inferred for signal `\Twiddle.\wn_im[70]' from process `\Twiddle.$proc$rtl/peweaver_shared_fft.v:778$266'.
No latch inferred for signal `\Twiddle.\wn_re[70]' from process `\Twiddle.$proc$rtl/peweaver_shared_fft.v:778$265'.
No latch inferred for signal `\Twiddle.\wn_im[69]' from process `\Twiddle.$proc$rtl/peweaver_shared_fft.v:777$264'.
No latch inferred for signal `\Twiddle.\wn_re[69]' from process `\Twiddle.$proc$rtl/peweaver_shared_fft.v:777$263'.
No latch inferred for signal `\Twiddle.\wn_im[68]' from process `\Twiddle.$proc$rtl/peweaver_shared_fft.v:776$262'.
No latch inferred for signal `\Twiddle.\wn_re[68]' from process `\Twiddle.$proc$rtl/peweaver_shared_fft.v:776$261'.
No latch inferred for signal `\Twiddle.\wn_im[67]' from process `\Twiddle.$proc$rtl/peweaver_shared_fft.v:775$260'.
No latch inferred for signal `\Twiddle.\wn_re[67]' from process `\Twiddle.$proc$rtl/peweaver_shared_fft.v:775$259'.
No latch inferred for signal `\Twiddle.\wn_im[66]' from process `\Twiddle.$proc$rtl/peweaver_shared_fft.v:774$258'.
No latch inferred for signal `\Twiddle.\wn_re[66]' from process `\Twiddle.$proc$rtl/peweaver_shared_fft.v:774$257'.
No latch inferred for signal `\Twiddle.\wn_im[65]' from process `\Twiddle.$proc$rtl/peweaver_shared_fft.v:773$256'.
No latch inferred for signal `\Twiddle.\wn_re[65]' from process `\Twiddle.$proc$rtl/peweaver_shared_fft.v:773$255'.
No latch inferred for signal `\Twiddle.\wn_im[64]' from process `\Twiddle.$proc$rtl/peweaver_shared_fft.v:772$254'.
No latch inferred for signal `\Twiddle.\wn_re[64]' from process `\Twiddle.$proc$rtl/peweaver_shared_fft.v:772$253'.
No latch inferred for signal `\Twiddle.\wn_im[63]' from process `\Twiddle.$proc$rtl/peweaver_shared_fft.v:771$252'.
No latch inferred for signal `\Twiddle.\wn_re[63]' from process `\Twiddle.$proc$rtl/peweaver_shared_fft.v:771$251'.
No latch inferred for signal `\Twiddle.\wn_im[62]' from process `\Twiddle.$proc$rtl/peweaver_shared_fft.v:770$250'.
No latch inferred for signal `\Twiddle.\wn_re[62]' from process `\Twiddle.$proc$rtl/peweaver_shared_fft.v:770$249'.
No latch inferred for signal `\Twiddle.\wn_im[61]' from process `\Twiddle.$proc$rtl/peweaver_shared_fft.v:769$248'.
No latch inferred for signal `\Twiddle.\wn_re[61]' from process `\Twiddle.$proc$rtl/peweaver_shared_fft.v:769$247'.
No latch inferred for signal `\Twiddle.\wn_im[60]' from process `\Twiddle.$proc$rtl/peweaver_shared_fft.v:768$246'.
No latch inferred for signal `\Twiddle.\wn_re[60]' from process `\Twiddle.$proc$rtl/peweaver_shared_fft.v:768$245'.
No latch inferred for signal `\Twiddle.\wn_im[59]' from process `\Twiddle.$proc$rtl/peweaver_shared_fft.v:767$244'.
No latch inferred for signal `\Twiddle.\wn_re[59]' from process `\Twiddle.$proc$rtl/peweaver_shared_fft.v:767$243'.
No latch inferred for signal `\Twiddle.\wn_im[58]' from process `\Twiddle.$proc$rtl/peweaver_shared_fft.v:766$242'.
No latch inferred for signal `\Twiddle.\wn_re[58]' from process `\Twiddle.$proc$rtl/peweaver_shared_fft.v:766$241'.
No latch inferred for signal `\Twiddle.\wn_im[57]' from process `\Twiddle.$proc$rtl/peweaver_shared_fft.v:765$240'.
No latch inferred for signal `\Twiddle.\wn_re[57]' from process `\Twiddle.$proc$rtl/peweaver_shared_fft.v:765$239'.
No latch inferred for signal `\Twiddle.\wn_im[56]' from process `\Twiddle.$proc$rtl/peweaver_shared_fft.v:764$238'.
No latch inferred for signal `\Twiddle.\wn_re[56]' from process `\Twiddle.$proc$rtl/peweaver_shared_fft.v:764$237'.
No latch inferred for signal `\Twiddle.\wn_im[55]' from process `\Twiddle.$proc$rtl/peweaver_shared_fft.v:763$236'.
No latch inferred for signal `\Twiddle.\wn_re[55]' from process `\Twiddle.$proc$rtl/peweaver_shared_fft.v:763$235'.
No latch inferred for signal `\Twiddle.\wn_im[54]' from process `\Twiddle.$proc$rtl/peweaver_shared_fft.v:762$234'.
No latch inferred for signal `\Twiddle.\wn_re[54]' from process `\Twiddle.$proc$rtl/peweaver_shared_fft.v:762$233'.
No latch inferred for signal `\Twiddle.\wn_im[53]' from process `\Twiddle.$proc$rtl/peweaver_shared_fft.v:761$232'.
No latch inferred for signal `\Twiddle.\wn_re[53]' from process `\Twiddle.$proc$rtl/peweaver_shared_fft.v:761$231'.
No latch inferred for signal `\Twiddle.\wn_im[52]' from process `\Twiddle.$proc$rtl/peweaver_shared_fft.v:760$230'.
No latch inferred for signal `\Twiddle.\wn_re[52]' from process `\Twiddle.$proc$rtl/peweaver_shared_fft.v:760$229'.
No latch inferred for signal `\Twiddle.\wn_im[51]' from process `\Twiddle.$proc$rtl/peweaver_shared_fft.v:759$228'.
No latch inferred for signal `\Twiddle.\wn_re[51]' from process `\Twiddle.$proc$rtl/peweaver_shared_fft.v:759$227'.
No latch inferred for signal `\Twiddle.\wn_im[50]' from process `\Twiddle.$proc$rtl/peweaver_shared_fft.v:758$226'.
No latch inferred for signal `\Twiddle.\wn_re[50]' from process `\Twiddle.$proc$rtl/peweaver_shared_fft.v:758$225'.
No latch inferred for signal `\Twiddle.\wn_im[49]' from process `\Twiddle.$proc$rtl/peweaver_shared_fft.v:757$224'.
No latch inferred for signal `\Twiddle.\wn_re[49]' from process `\Twiddle.$proc$rtl/peweaver_shared_fft.v:757$223'.
No latch inferred for signal `\Twiddle.\wn_im[48]' from process `\Twiddle.$proc$rtl/peweaver_shared_fft.v:756$222'.
No latch inferred for signal `\Twiddle.\wn_re[48]' from process `\Twiddle.$proc$rtl/peweaver_shared_fft.v:756$221'.
No latch inferred for signal `\Twiddle.\wn_im[47]' from process `\Twiddle.$proc$rtl/peweaver_shared_fft.v:755$220'.
No latch inferred for signal `\Twiddle.\wn_re[47]' from process `\Twiddle.$proc$rtl/peweaver_shared_fft.v:755$219'.
No latch inferred for signal `\Twiddle.\wn_im[46]' from process `\Twiddle.$proc$rtl/peweaver_shared_fft.v:754$218'.
No latch inferred for signal `\Twiddle.\wn_re[46]' from process `\Twiddle.$proc$rtl/peweaver_shared_fft.v:754$217'.
No latch inferred for signal `\Twiddle.\wn_im[45]' from process `\Twiddle.$proc$rtl/peweaver_shared_fft.v:753$216'.
No latch inferred for signal `\Twiddle.\wn_re[45]' from process `\Twiddle.$proc$rtl/peweaver_shared_fft.v:753$215'.
No latch inferred for signal `\Twiddle.\wn_im[44]' from process `\Twiddle.$proc$rtl/peweaver_shared_fft.v:752$214'.
No latch inferred for signal `\Twiddle.\wn_re[44]' from process `\Twiddle.$proc$rtl/peweaver_shared_fft.v:752$213'.
No latch inferred for signal `\Twiddle.\wn_im[43]' from process `\Twiddle.$proc$rtl/peweaver_shared_fft.v:751$212'.
No latch inferred for signal `\Twiddle.\wn_re[43]' from process `\Twiddle.$proc$rtl/peweaver_shared_fft.v:751$211'.
No latch inferred for signal `\Twiddle.\wn_im[42]' from process `\Twiddle.$proc$rtl/peweaver_shared_fft.v:750$210'.
No latch inferred for signal `\Twiddle.\wn_re[42]' from process `\Twiddle.$proc$rtl/peweaver_shared_fft.v:750$209'.
No latch inferred for signal `\Twiddle.\wn_im[41]' from process `\Twiddle.$proc$rtl/peweaver_shared_fft.v:749$208'.
No latch inferred for signal `\Twiddle.\wn_re[41]' from process `\Twiddle.$proc$rtl/peweaver_shared_fft.v:749$207'.
No latch inferred for signal `\Twiddle.\wn_im[40]' from process `\Twiddle.$proc$rtl/peweaver_shared_fft.v:748$206'.
No latch inferred for signal `\Twiddle.\wn_re[40]' from process `\Twiddle.$proc$rtl/peweaver_shared_fft.v:748$205'.
No latch inferred for signal `\Twiddle.\wn_im[39]' from process `\Twiddle.$proc$rtl/peweaver_shared_fft.v:747$204'.
No latch inferred for signal `\Twiddle.\wn_re[39]' from process `\Twiddle.$proc$rtl/peweaver_shared_fft.v:747$203'.
No latch inferred for signal `\Twiddle.\wn_im[38]' from process `\Twiddle.$proc$rtl/peweaver_shared_fft.v:746$202'.
No latch inferred for signal `\Twiddle.\wn_re[38]' from process `\Twiddle.$proc$rtl/peweaver_shared_fft.v:746$201'.
No latch inferred for signal `\Twiddle.\wn_im[37]' from process `\Twiddle.$proc$rtl/peweaver_shared_fft.v:745$200'.
No latch inferred for signal `\Twiddle.\wn_re[37]' from process `\Twiddle.$proc$rtl/peweaver_shared_fft.v:745$199'.
No latch inferred for signal `\Twiddle.\wn_im[36]' from process `\Twiddle.$proc$rtl/peweaver_shared_fft.v:744$198'.
No latch inferred for signal `\Twiddle.\wn_re[36]' from process `\Twiddle.$proc$rtl/peweaver_shared_fft.v:744$197'.
No latch inferred for signal `\Twiddle.\wn_im[35]' from process `\Twiddle.$proc$rtl/peweaver_shared_fft.v:743$196'.
No latch inferred for signal `\Twiddle.\wn_re[35]' from process `\Twiddle.$proc$rtl/peweaver_shared_fft.v:743$195'.
No latch inferred for signal `\Twiddle.\wn_im[34]' from process `\Twiddle.$proc$rtl/peweaver_shared_fft.v:742$194'.
No latch inferred for signal `\Twiddle.\wn_re[34]' from process `\Twiddle.$proc$rtl/peweaver_shared_fft.v:742$193'.
No latch inferred for signal `\Twiddle.\wn_im[33]' from process `\Twiddle.$proc$rtl/peweaver_shared_fft.v:741$192'.
No latch inferred for signal `\Twiddle.\wn_re[33]' from process `\Twiddle.$proc$rtl/peweaver_shared_fft.v:741$191'.
No latch inferred for signal `\Twiddle.\wn_im[32]' from process `\Twiddle.$proc$rtl/peweaver_shared_fft.v:740$190'.
No latch inferred for signal `\Twiddle.\wn_re[32]' from process `\Twiddle.$proc$rtl/peweaver_shared_fft.v:740$189'.
No latch inferred for signal `\Twiddle.\wn_im[31]' from process `\Twiddle.$proc$rtl/peweaver_shared_fft.v:739$188'.
No latch inferred for signal `\Twiddle.\wn_re[31]' from process `\Twiddle.$proc$rtl/peweaver_shared_fft.v:739$187'.
No latch inferred for signal `\Twiddle.\wn_im[30]' from process `\Twiddle.$proc$rtl/peweaver_shared_fft.v:738$186'.
No latch inferred for signal `\Twiddle.\wn_re[30]' from process `\Twiddle.$proc$rtl/peweaver_shared_fft.v:738$185'.
No latch inferred for signal `\Twiddle.\wn_im[29]' from process `\Twiddle.$proc$rtl/peweaver_shared_fft.v:737$184'.
No latch inferred for signal `\Twiddle.\wn_re[29]' from process `\Twiddle.$proc$rtl/peweaver_shared_fft.v:737$183'.
No latch inferred for signal `\Twiddle.\wn_im[28]' from process `\Twiddle.$proc$rtl/peweaver_shared_fft.v:736$182'.
No latch inferred for signal `\Twiddle.\wn_re[28]' from process `\Twiddle.$proc$rtl/peweaver_shared_fft.v:736$181'.
No latch inferred for signal `\Twiddle.\wn_im[27]' from process `\Twiddle.$proc$rtl/peweaver_shared_fft.v:735$180'.
No latch inferred for signal `\Twiddle.\wn_re[27]' from process `\Twiddle.$proc$rtl/peweaver_shared_fft.v:735$179'.
No latch inferred for signal `\Twiddle.\wn_im[26]' from process `\Twiddle.$proc$rtl/peweaver_shared_fft.v:734$178'.
No latch inferred for signal `\Twiddle.\wn_re[26]' from process `\Twiddle.$proc$rtl/peweaver_shared_fft.v:734$177'.
No latch inferred for signal `\Twiddle.\wn_im[25]' from process `\Twiddle.$proc$rtl/peweaver_shared_fft.v:733$176'.
No latch inferred for signal `\Twiddle.\wn_re[25]' from process `\Twiddle.$proc$rtl/peweaver_shared_fft.v:733$175'.
No latch inferred for signal `\Twiddle.\wn_im[24]' from process `\Twiddle.$proc$rtl/peweaver_shared_fft.v:732$174'.
No latch inferred for signal `\Twiddle.\wn_re[24]' from process `\Twiddle.$proc$rtl/peweaver_shared_fft.v:732$173'.
No latch inferred for signal `\Twiddle.\wn_im[23]' from process `\Twiddle.$proc$rtl/peweaver_shared_fft.v:731$172'.
No latch inferred for signal `\Twiddle.\wn_re[23]' from process `\Twiddle.$proc$rtl/peweaver_shared_fft.v:731$171'.
No latch inferred for signal `\Twiddle.\wn_im[22]' from process `\Twiddle.$proc$rtl/peweaver_shared_fft.v:730$170'.
No latch inferred for signal `\Twiddle.\wn_re[22]' from process `\Twiddle.$proc$rtl/peweaver_shared_fft.v:730$169'.
No latch inferred for signal `\Twiddle.\wn_im[21]' from process `\Twiddle.$proc$rtl/peweaver_shared_fft.v:729$168'.
No latch inferred for signal `\Twiddle.\wn_re[21]' from process `\Twiddle.$proc$rtl/peweaver_shared_fft.v:729$167'.
No latch inferred for signal `\Twiddle.\wn_im[20]' from process `\Twiddle.$proc$rtl/peweaver_shared_fft.v:728$166'.
No latch inferred for signal `\Twiddle.\wn_re[20]' from process `\Twiddle.$proc$rtl/peweaver_shared_fft.v:728$165'.
No latch inferred for signal `\Twiddle.\wn_im[19]' from process `\Twiddle.$proc$rtl/peweaver_shared_fft.v:727$164'.
No latch inferred for signal `\Twiddle.\wn_re[19]' from process `\Twiddle.$proc$rtl/peweaver_shared_fft.v:727$163'.
No latch inferred for signal `\Twiddle.\wn_im[18]' from process `\Twiddle.$proc$rtl/peweaver_shared_fft.v:726$162'.
No latch inferred for signal `\Twiddle.\wn_re[18]' from process `\Twiddle.$proc$rtl/peweaver_shared_fft.v:726$161'.
No latch inferred for signal `\Twiddle.\wn_im[17]' from process `\Twiddle.$proc$rtl/peweaver_shared_fft.v:725$160'.
No latch inferred for signal `\Twiddle.\wn_re[17]' from process `\Twiddle.$proc$rtl/peweaver_shared_fft.v:725$159'.
No latch inferred for signal `\Twiddle.\wn_im[16]' from process `\Twiddle.$proc$rtl/peweaver_shared_fft.v:724$158'.
No latch inferred for signal `\Twiddle.\wn_re[16]' from process `\Twiddle.$proc$rtl/peweaver_shared_fft.v:724$157'.
No latch inferred for signal `\Twiddle.\wn_im[15]' from process `\Twiddle.$proc$rtl/peweaver_shared_fft.v:723$156'.
No latch inferred for signal `\Twiddle.\wn_re[15]' from process `\Twiddle.$proc$rtl/peweaver_shared_fft.v:723$155'.
No latch inferred for signal `\Twiddle.\wn_im[14]' from process `\Twiddle.$proc$rtl/peweaver_shared_fft.v:722$154'.
No latch inferred for signal `\Twiddle.\wn_re[14]' from process `\Twiddle.$proc$rtl/peweaver_shared_fft.v:722$153'.
No latch inferred for signal `\Twiddle.\wn_im[13]' from process `\Twiddle.$proc$rtl/peweaver_shared_fft.v:721$152'.
No latch inferred for signal `\Twiddle.\wn_re[13]' from process `\Twiddle.$proc$rtl/peweaver_shared_fft.v:721$151'.
No latch inferred for signal `\Twiddle.\wn_im[12]' from process `\Twiddle.$proc$rtl/peweaver_shared_fft.v:720$150'.
No latch inferred for signal `\Twiddle.\wn_re[12]' from process `\Twiddle.$proc$rtl/peweaver_shared_fft.v:720$149'.
No latch inferred for signal `\Twiddle.\wn_im[11]' from process `\Twiddle.$proc$rtl/peweaver_shared_fft.v:719$148'.
No latch inferred for signal `\Twiddle.\wn_re[11]' from process `\Twiddle.$proc$rtl/peweaver_shared_fft.v:719$147'.
No latch inferred for signal `\Twiddle.\wn_im[10]' from process `\Twiddle.$proc$rtl/peweaver_shared_fft.v:718$146'.
No latch inferred for signal `\Twiddle.\wn_re[10]' from process `\Twiddle.$proc$rtl/peweaver_shared_fft.v:718$145'.
No latch inferred for signal `\Twiddle.\wn_im[9]' from process `\Twiddle.$proc$rtl/peweaver_shared_fft.v:717$144'.
No latch inferred for signal `\Twiddle.\wn_re[9]' from process `\Twiddle.$proc$rtl/peweaver_shared_fft.v:717$143'.
No latch inferred for signal `\Twiddle.\wn_im[8]' from process `\Twiddle.$proc$rtl/peweaver_shared_fft.v:716$142'.
No latch inferred for signal `\Twiddle.\wn_re[8]' from process `\Twiddle.$proc$rtl/peweaver_shared_fft.v:716$141'.
No latch inferred for signal `\Twiddle.\wn_im[7]' from process `\Twiddle.$proc$rtl/peweaver_shared_fft.v:715$140'.
No latch inferred for signal `\Twiddle.\wn_re[7]' from process `\Twiddle.$proc$rtl/peweaver_shared_fft.v:715$139'.
No latch inferred for signal `\Twiddle.\wn_im[6]' from process `\Twiddle.$proc$rtl/peweaver_shared_fft.v:714$138'.
No latch inferred for signal `\Twiddle.\wn_re[6]' from process `\Twiddle.$proc$rtl/peweaver_shared_fft.v:714$137'.
No latch inferred for signal `\Twiddle.\wn_im[5]' from process `\Twiddle.$proc$rtl/peweaver_shared_fft.v:713$136'.
No latch inferred for signal `\Twiddle.\wn_re[5]' from process `\Twiddle.$proc$rtl/peweaver_shared_fft.v:713$135'.
No latch inferred for signal `\Twiddle.\wn_im[4]' from process `\Twiddle.$proc$rtl/peweaver_shared_fft.v:712$134'.
No latch inferred for signal `\Twiddle.\wn_re[4]' from process `\Twiddle.$proc$rtl/peweaver_shared_fft.v:712$133'.
No latch inferred for signal `\Twiddle.\wn_im[3]' from process `\Twiddle.$proc$rtl/peweaver_shared_fft.v:711$132'.
No latch inferred for signal `\Twiddle.\wn_re[3]' from process `\Twiddle.$proc$rtl/peweaver_shared_fft.v:711$131'.
No latch inferred for signal `\Twiddle.\wn_im[2]' from process `\Twiddle.$proc$rtl/peweaver_shared_fft.v:710$130'.
No latch inferred for signal `\Twiddle.\wn_re[2]' from process `\Twiddle.$proc$rtl/peweaver_shared_fft.v:710$129'.
No latch inferred for signal `\Twiddle.\wn_im[1]' from process `\Twiddle.$proc$rtl/peweaver_shared_fft.v:709$128'.
No latch inferred for signal `\Twiddle.\wn_re[1]' from process `\Twiddle.$proc$rtl/peweaver_shared_fft.v:709$127'.
No latch inferred for signal `\Twiddle.\wn_im[0]' from process `\Twiddle.$proc$rtl/peweaver_shared_fft.v:708$126'.
No latch inferred for signal `\Twiddle.\wn_re[0]' from process `\Twiddle.$proc$rtl/peweaver_shared_fft.v:708$125'.
No latch inferred for signal `\Twiddle.$mem2reg_rd$\wn_im$rtl/peweaver_shared_fft.v:696$117_DATA' from process `\Twiddle.$proc$rtl/peweaver_shared_fft.v:696$122'.
No latch inferred for signal `\Twiddle.$mem2reg_rd$\wn_re$rtl/peweaver_shared_fft.v:695$116_DATA' from process `\Twiddle.$proc$rtl/peweaver_shared_fft.v:695$119'.

4.2.9. Executing PROC_DFF pass (convert process syncs to FFs).
Creating register for signal `$paramod$dc25daec3dd8bd6d76b02d3c5368e2485052c5da\SharedDelayBuffer.\j' using process `$paramod$dc25daec3dd8bd6d76b02d3c5368e2485052c5da\SharedDelayBuffer.$proc$rtl/peweaver_shared_fft.v:484$610'.
  created $dff cell `$procdff$922' with positive edge clock.
Creating register for signal `$paramod$dc25daec3dd8bd6d76b02d3c5368e2485052c5da\SharedDelayBuffer.\buf1_re[0]' using process `$paramod$dc25daec3dd8bd6d76b02d3c5368e2485052c5da\SharedDelayBuffer.$proc$rtl/peweaver_shared_fft.v:484$610'.
  created $dff cell `$procdff$923' with positive edge clock.
Creating register for signal `$paramod$dc25daec3dd8bd6d76b02d3c5368e2485052c5da\SharedDelayBuffer.\buf1_re[1]' using process `$paramod$dc25daec3dd8bd6d76b02d3c5368e2485052c5da\SharedDelayBuffer.$proc$rtl/peweaver_shared_fft.v:484$610'.
  created $dff cell `$procdff$924' with positive edge clock.
Creating register for signal `$paramod$dc25daec3dd8bd6d76b02d3c5368e2485052c5da\SharedDelayBuffer.\buf1_re[2]' using process `$paramod$dc25daec3dd8bd6d76b02d3c5368e2485052c5da\SharedDelayBuffer.$proc$rtl/peweaver_shared_fft.v:484$610'.
  created $dff cell `$procdff$925' with positive edge clock.
Creating register for signal `$paramod$dc25daec3dd8bd6d76b02d3c5368e2485052c5da\SharedDelayBuffer.\buf1_re[3]' using process `$paramod$dc25daec3dd8bd6d76b02d3c5368e2485052c5da\SharedDelayBuffer.$proc$rtl/peweaver_shared_fft.v:484$610'.
  created $dff cell `$procdff$926' with positive edge clock.
Creating register for signal `$paramod$dc25daec3dd8bd6d76b02d3c5368e2485052c5da\SharedDelayBuffer.\buf1_re[4]' using process `$paramod$dc25daec3dd8bd6d76b02d3c5368e2485052c5da\SharedDelayBuffer.$proc$rtl/peweaver_shared_fft.v:484$610'.
  created $dff cell `$procdff$927' with positive edge clock.
Creating register for signal `$paramod$dc25daec3dd8bd6d76b02d3c5368e2485052c5da\SharedDelayBuffer.\buf1_re[5]' using process `$paramod$dc25daec3dd8bd6d76b02d3c5368e2485052c5da\SharedDelayBuffer.$proc$rtl/peweaver_shared_fft.v:484$610'.
  created $dff cell `$procdff$928' with positive edge clock.
Creating register for signal `$paramod$dc25daec3dd8bd6d76b02d3c5368e2485052c5da\SharedDelayBuffer.\buf1_re[6]' using process `$paramod$dc25daec3dd8bd6d76b02d3c5368e2485052c5da\SharedDelayBuffer.$proc$rtl/peweaver_shared_fft.v:484$610'.
  created $dff cell `$procdff$929' with positive edge clock.
Creating register for signal `$paramod$dc25daec3dd8bd6d76b02d3c5368e2485052c5da\SharedDelayBuffer.\buf1_re[7]' using process `$paramod$dc25daec3dd8bd6d76b02d3c5368e2485052c5da\SharedDelayBuffer.$proc$rtl/peweaver_shared_fft.v:484$610'.
  created $dff cell `$procdff$930' with positive edge clock.
Creating register for signal `$paramod$dc25daec3dd8bd6d76b02d3c5368e2485052c5da\SharedDelayBuffer.\buf1_re[8]' using process `$paramod$dc25daec3dd8bd6d76b02d3c5368e2485052c5da\SharedDelayBuffer.$proc$rtl/peweaver_shared_fft.v:484$610'.
  created $dff cell `$procdff$931' with positive edge clock.
Creating register for signal `$paramod$dc25daec3dd8bd6d76b02d3c5368e2485052c5da\SharedDelayBuffer.\buf1_re[9]' using process `$paramod$dc25daec3dd8bd6d76b02d3c5368e2485052c5da\SharedDelayBuffer.$proc$rtl/peweaver_shared_fft.v:484$610'.
  created $dff cell `$procdff$932' with positive edge clock.
Creating register for signal `$paramod$dc25daec3dd8bd6d76b02d3c5368e2485052c5da\SharedDelayBuffer.\buf1_re[10]' using process `$paramod$dc25daec3dd8bd6d76b02d3c5368e2485052c5da\SharedDelayBuffer.$proc$rtl/peweaver_shared_fft.v:484$610'.
  created $dff cell `$procdff$933' with positive edge clock.
Creating register for signal `$paramod$dc25daec3dd8bd6d76b02d3c5368e2485052c5da\SharedDelayBuffer.\buf1_re[11]' using process `$paramod$dc25daec3dd8bd6d76b02d3c5368e2485052c5da\SharedDelayBuffer.$proc$rtl/peweaver_shared_fft.v:484$610'.
  created $dff cell `$procdff$934' with positive edge clock.
Creating register for signal `$paramod$dc25daec3dd8bd6d76b02d3c5368e2485052c5da\SharedDelayBuffer.\buf1_re[12]' using process `$paramod$dc25daec3dd8bd6d76b02d3c5368e2485052c5da\SharedDelayBuffer.$proc$rtl/peweaver_shared_fft.v:484$610'.
  created $dff cell `$procdff$935' with positive edge clock.
Creating register for signal `$paramod$dc25daec3dd8bd6d76b02d3c5368e2485052c5da\SharedDelayBuffer.\buf1_re[13]' using process `$paramod$dc25daec3dd8bd6d76b02d3c5368e2485052c5da\SharedDelayBuffer.$proc$rtl/peweaver_shared_fft.v:484$610'.
  created $dff cell `$procdff$936' with positive edge clock.
Creating register for signal `$paramod$dc25daec3dd8bd6d76b02d3c5368e2485052c5da\SharedDelayBuffer.\buf1_re[14]' using process `$paramod$dc25daec3dd8bd6d76b02d3c5368e2485052c5da\SharedDelayBuffer.$proc$rtl/peweaver_shared_fft.v:484$610'.
  created $dff cell `$procdff$937' with positive edge clock.
Creating register for signal `$paramod$dc25daec3dd8bd6d76b02d3c5368e2485052c5da\SharedDelayBuffer.\buf1_re[15]' using process `$paramod$dc25daec3dd8bd6d76b02d3c5368e2485052c5da\SharedDelayBuffer.$proc$rtl/peweaver_shared_fft.v:484$610'.
  created $dff cell `$procdff$938' with positive edge clock.
Creating register for signal `$paramod$dc25daec3dd8bd6d76b02d3c5368e2485052c5da\SharedDelayBuffer.\buf1_im[0]' using process `$paramod$dc25daec3dd8bd6d76b02d3c5368e2485052c5da\SharedDelayBuffer.$proc$rtl/peweaver_shared_fft.v:484$610'.
  created $dff cell `$procdff$939' with positive edge clock.
Creating register for signal `$paramod$dc25daec3dd8bd6d76b02d3c5368e2485052c5da\SharedDelayBuffer.\buf1_im[1]' using process `$paramod$dc25daec3dd8bd6d76b02d3c5368e2485052c5da\SharedDelayBuffer.$proc$rtl/peweaver_shared_fft.v:484$610'.
  created $dff cell `$procdff$940' with positive edge clock.
Creating register for signal `$paramod$dc25daec3dd8bd6d76b02d3c5368e2485052c5da\SharedDelayBuffer.\buf1_im[2]' using process `$paramod$dc25daec3dd8bd6d76b02d3c5368e2485052c5da\SharedDelayBuffer.$proc$rtl/peweaver_shared_fft.v:484$610'.
  created $dff cell `$procdff$941' with positive edge clock.
Creating register for signal `$paramod$dc25daec3dd8bd6d76b02d3c5368e2485052c5da\SharedDelayBuffer.\buf1_im[3]' using process `$paramod$dc25daec3dd8bd6d76b02d3c5368e2485052c5da\SharedDelayBuffer.$proc$rtl/peweaver_shared_fft.v:484$610'.
  created $dff cell `$procdff$942' with positive edge clock.
Creating register for signal `$paramod$dc25daec3dd8bd6d76b02d3c5368e2485052c5da\SharedDelayBuffer.\buf1_im[4]' using process `$paramod$dc25daec3dd8bd6d76b02d3c5368e2485052c5da\SharedDelayBuffer.$proc$rtl/peweaver_shared_fft.v:484$610'.
  created $dff cell `$procdff$943' with positive edge clock.
Creating register for signal `$paramod$dc25daec3dd8bd6d76b02d3c5368e2485052c5da\SharedDelayBuffer.\buf1_im[5]' using process `$paramod$dc25daec3dd8bd6d76b02d3c5368e2485052c5da\SharedDelayBuffer.$proc$rtl/peweaver_shared_fft.v:484$610'.
  created $dff cell `$procdff$944' with positive edge clock.
Creating register for signal `$paramod$dc25daec3dd8bd6d76b02d3c5368e2485052c5da\SharedDelayBuffer.\buf1_im[6]' using process `$paramod$dc25daec3dd8bd6d76b02d3c5368e2485052c5da\SharedDelayBuffer.$proc$rtl/peweaver_shared_fft.v:484$610'.
  created $dff cell `$procdff$945' with positive edge clock.
Creating register for signal `$paramod$dc25daec3dd8bd6d76b02d3c5368e2485052c5da\SharedDelayBuffer.\buf1_im[7]' using process `$paramod$dc25daec3dd8bd6d76b02d3c5368e2485052c5da\SharedDelayBuffer.$proc$rtl/peweaver_shared_fft.v:484$610'.
  created $dff cell `$procdff$946' with positive edge clock.
Creating register for signal `$paramod$dc25daec3dd8bd6d76b02d3c5368e2485052c5da\SharedDelayBuffer.\buf1_im[8]' using process `$paramod$dc25daec3dd8bd6d76b02d3c5368e2485052c5da\SharedDelayBuffer.$proc$rtl/peweaver_shared_fft.v:484$610'.
  created $dff cell `$procdff$947' with positive edge clock.
Creating register for signal `$paramod$dc25daec3dd8bd6d76b02d3c5368e2485052c5da\SharedDelayBuffer.\buf1_im[9]' using process `$paramod$dc25daec3dd8bd6d76b02d3c5368e2485052c5da\SharedDelayBuffer.$proc$rtl/peweaver_shared_fft.v:484$610'.
  created $dff cell `$procdff$948' with positive edge clock.
Creating register for signal `$paramod$dc25daec3dd8bd6d76b02d3c5368e2485052c5da\SharedDelayBuffer.\buf1_im[10]' using process `$paramod$dc25daec3dd8bd6d76b02d3c5368e2485052c5da\SharedDelayBuffer.$proc$rtl/peweaver_shared_fft.v:484$610'.
  created $dff cell `$procdff$949' with positive edge clock.
Creating register for signal `$paramod$dc25daec3dd8bd6d76b02d3c5368e2485052c5da\SharedDelayBuffer.\buf1_im[11]' using process `$paramod$dc25daec3dd8bd6d76b02d3c5368e2485052c5da\SharedDelayBuffer.$proc$rtl/peweaver_shared_fft.v:484$610'.
  created $dff cell `$procdff$950' with positive edge clock.
Creating register for signal `$paramod$dc25daec3dd8bd6d76b02d3c5368e2485052c5da\SharedDelayBuffer.\buf1_im[12]' using process `$paramod$dc25daec3dd8bd6d76b02d3c5368e2485052c5da\SharedDelayBuffer.$proc$rtl/peweaver_shared_fft.v:484$610'.
  created $dff cell `$procdff$951' with positive edge clock.
Creating register for signal `$paramod$dc25daec3dd8bd6d76b02d3c5368e2485052c5da\SharedDelayBuffer.\buf1_im[13]' using process `$paramod$dc25daec3dd8bd6d76b02d3c5368e2485052c5da\SharedDelayBuffer.$proc$rtl/peweaver_shared_fft.v:484$610'.
  created $dff cell `$procdff$952' with positive edge clock.
Creating register for signal `$paramod$dc25daec3dd8bd6d76b02d3c5368e2485052c5da\SharedDelayBuffer.\buf1_im[14]' using process `$paramod$dc25daec3dd8bd6d76b02d3c5368e2485052c5da\SharedDelayBuffer.$proc$rtl/peweaver_shared_fft.v:484$610'.
  created $dff cell `$procdff$953' with positive edge clock.
Creating register for signal `$paramod$dc25daec3dd8bd6d76b02d3c5368e2485052c5da\SharedDelayBuffer.\buf1_im[15]' using process `$paramod$dc25daec3dd8bd6d76b02d3c5368e2485052c5da\SharedDelayBuffer.$proc$rtl/peweaver_shared_fft.v:484$610'.
  created $dff cell `$procdff$954' with positive edge clock.
Creating register for signal `$paramod$dc25daec3dd8bd6d76b02d3c5368e2485052c5da\SharedDelayBuffer.\i' using process `$paramod$dc25daec3dd8bd6d76b02d3c5368e2485052c5da\SharedDelayBuffer.$proc$rtl/peweaver_shared_fft.v:474$609'.
  created $dff cell `$procdff$955' with positive edge clock.
Creating register for signal `$paramod$dc25daec3dd8bd6d76b02d3c5368e2485052c5da\SharedDelayBuffer.\buf0_re[0]' using process `$paramod$dc25daec3dd8bd6d76b02d3c5368e2485052c5da\SharedDelayBuffer.$proc$rtl/peweaver_shared_fft.v:474$609'.
  created $dff cell `$procdff$956' with positive edge clock.
Creating register for signal `$paramod$dc25daec3dd8bd6d76b02d3c5368e2485052c5da\SharedDelayBuffer.\buf0_re[1]' using process `$paramod$dc25daec3dd8bd6d76b02d3c5368e2485052c5da\SharedDelayBuffer.$proc$rtl/peweaver_shared_fft.v:474$609'.
  created $dff cell `$procdff$957' with positive edge clock.
Creating register for signal `$paramod$dc25daec3dd8bd6d76b02d3c5368e2485052c5da\SharedDelayBuffer.\buf0_re[2]' using process `$paramod$dc25daec3dd8bd6d76b02d3c5368e2485052c5da\SharedDelayBuffer.$proc$rtl/peweaver_shared_fft.v:474$609'.
  created $dff cell `$procdff$958' with positive edge clock.
Creating register for signal `$paramod$dc25daec3dd8bd6d76b02d3c5368e2485052c5da\SharedDelayBuffer.\buf0_re[3]' using process `$paramod$dc25daec3dd8bd6d76b02d3c5368e2485052c5da\SharedDelayBuffer.$proc$rtl/peweaver_shared_fft.v:474$609'.
  created $dff cell `$procdff$959' with positive edge clock.
Creating register for signal `$paramod$dc25daec3dd8bd6d76b02d3c5368e2485052c5da\SharedDelayBuffer.\buf0_re[4]' using process `$paramod$dc25daec3dd8bd6d76b02d3c5368e2485052c5da\SharedDelayBuffer.$proc$rtl/peweaver_shared_fft.v:474$609'.
  created $dff cell `$procdff$960' with positive edge clock.
Creating register for signal `$paramod$dc25daec3dd8bd6d76b02d3c5368e2485052c5da\SharedDelayBuffer.\buf0_re[5]' using process `$paramod$dc25daec3dd8bd6d76b02d3c5368e2485052c5da\SharedDelayBuffer.$proc$rtl/peweaver_shared_fft.v:474$609'.
  created $dff cell `$procdff$961' with positive edge clock.
Creating register for signal `$paramod$dc25daec3dd8bd6d76b02d3c5368e2485052c5da\SharedDelayBuffer.\buf0_re[6]' using process `$paramod$dc25daec3dd8bd6d76b02d3c5368e2485052c5da\SharedDelayBuffer.$proc$rtl/peweaver_shared_fft.v:474$609'.
  created $dff cell `$procdff$962' with positive edge clock.
Creating register for signal `$paramod$dc25daec3dd8bd6d76b02d3c5368e2485052c5da\SharedDelayBuffer.\buf0_re[7]' using process `$paramod$dc25daec3dd8bd6d76b02d3c5368e2485052c5da\SharedDelayBuffer.$proc$rtl/peweaver_shared_fft.v:474$609'.
  created $dff cell `$procdff$963' with positive edge clock.
Creating register for signal `$paramod$dc25daec3dd8bd6d76b02d3c5368e2485052c5da\SharedDelayBuffer.\buf0_re[8]' using process `$paramod$dc25daec3dd8bd6d76b02d3c5368e2485052c5da\SharedDelayBuffer.$proc$rtl/peweaver_shared_fft.v:474$609'.
  created $dff cell `$procdff$964' with positive edge clock.
Creating register for signal `$paramod$dc25daec3dd8bd6d76b02d3c5368e2485052c5da\SharedDelayBuffer.\buf0_re[9]' using process `$paramod$dc25daec3dd8bd6d76b02d3c5368e2485052c5da\SharedDelayBuffer.$proc$rtl/peweaver_shared_fft.v:474$609'.
  created $dff cell `$procdff$965' with positive edge clock.
Creating register for signal `$paramod$dc25daec3dd8bd6d76b02d3c5368e2485052c5da\SharedDelayBuffer.\buf0_re[10]' using process `$paramod$dc25daec3dd8bd6d76b02d3c5368e2485052c5da\SharedDelayBuffer.$proc$rtl/peweaver_shared_fft.v:474$609'.
  created $dff cell `$procdff$966' with positive edge clock.
Creating register for signal `$paramod$dc25daec3dd8bd6d76b02d3c5368e2485052c5da\SharedDelayBuffer.\buf0_re[11]' using process `$paramod$dc25daec3dd8bd6d76b02d3c5368e2485052c5da\SharedDelayBuffer.$proc$rtl/peweaver_shared_fft.v:474$609'.
  created $dff cell `$procdff$967' with positive edge clock.
Creating register for signal `$paramod$dc25daec3dd8bd6d76b02d3c5368e2485052c5da\SharedDelayBuffer.\buf0_re[12]' using process `$paramod$dc25daec3dd8bd6d76b02d3c5368e2485052c5da\SharedDelayBuffer.$proc$rtl/peweaver_shared_fft.v:474$609'.
  created $dff cell `$procdff$968' with positive edge clock.
Creating register for signal `$paramod$dc25daec3dd8bd6d76b02d3c5368e2485052c5da\SharedDelayBuffer.\buf0_re[13]' using process `$paramod$dc25daec3dd8bd6d76b02d3c5368e2485052c5da\SharedDelayBuffer.$proc$rtl/peweaver_shared_fft.v:474$609'.
  created $dff cell `$procdff$969' with positive edge clock.
Creating register for signal `$paramod$dc25daec3dd8bd6d76b02d3c5368e2485052c5da\SharedDelayBuffer.\buf0_re[14]' using process `$paramod$dc25daec3dd8bd6d76b02d3c5368e2485052c5da\SharedDelayBuffer.$proc$rtl/peweaver_shared_fft.v:474$609'.
  created $dff cell `$procdff$970' with positive edge clock.
Creating register for signal `$paramod$dc25daec3dd8bd6d76b02d3c5368e2485052c5da\SharedDelayBuffer.\buf0_re[15]' using process `$paramod$dc25daec3dd8bd6d76b02d3c5368e2485052c5da\SharedDelayBuffer.$proc$rtl/peweaver_shared_fft.v:474$609'.
  created $dff cell `$procdff$971' with positive edge clock.
Creating register for signal `$paramod$dc25daec3dd8bd6d76b02d3c5368e2485052c5da\SharedDelayBuffer.\buf0_im[0]' using process `$paramod$dc25daec3dd8bd6d76b02d3c5368e2485052c5da\SharedDelayBuffer.$proc$rtl/peweaver_shared_fft.v:474$609'.
  created $dff cell `$procdff$972' with positive edge clock.
Creating register for signal `$paramod$dc25daec3dd8bd6d76b02d3c5368e2485052c5da\SharedDelayBuffer.\buf0_im[1]' using process `$paramod$dc25daec3dd8bd6d76b02d3c5368e2485052c5da\SharedDelayBuffer.$proc$rtl/peweaver_shared_fft.v:474$609'.
  created $dff cell `$procdff$973' with positive edge clock.
Creating register for signal `$paramod$dc25daec3dd8bd6d76b02d3c5368e2485052c5da\SharedDelayBuffer.\buf0_im[2]' using process `$paramod$dc25daec3dd8bd6d76b02d3c5368e2485052c5da\SharedDelayBuffer.$proc$rtl/peweaver_shared_fft.v:474$609'.
  created $dff cell `$procdff$974' with positive edge clock.
Creating register for signal `$paramod$dc25daec3dd8bd6d76b02d3c5368e2485052c5da\SharedDelayBuffer.\buf0_im[3]' using process `$paramod$dc25daec3dd8bd6d76b02d3c5368e2485052c5da\SharedDelayBuffer.$proc$rtl/peweaver_shared_fft.v:474$609'.
  created $dff cell `$procdff$975' with positive edge clock.
Creating register for signal `$paramod$dc25daec3dd8bd6d76b02d3c5368e2485052c5da\SharedDelayBuffer.\buf0_im[4]' using process `$paramod$dc25daec3dd8bd6d76b02d3c5368e2485052c5da\SharedDelayBuffer.$proc$rtl/peweaver_shared_fft.v:474$609'.
  created $dff cell `$procdff$976' with positive edge clock.
Creating register for signal `$paramod$dc25daec3dd8bd6d76b02d3c5368e2485052c5da\SharedDelayBuffer.\buf0_im[5]' using process `$paramod$dc25daec3dd8bd6d76b02d3c5368e2485052c5da\SharedDelayBuffer.$proc$rtl/peweaver_shared_fft.v:474$609'.
  created $dff cell `$procdff$977' with positive edge clock.
Creating register for signal `$paramod$dc25daec3dd8bd6d76b02d3c5368e2485052c5da\SharedDelayBuffer.\buf0_im[6]' using process `$paramod$dc25daec3dd8bd6d76b02d3c5368e2485052c5da\SharedDelayBuffer.$proc$rtl/peweaver_shared_fft.v:474$609'.
  created $dff cell `$procdff$978' with positive edge clock.
Creating register for signal `$paramod$dc25daec3dd8bd6d76b02d3c5368e2485052c5da\SharedDelayBuffer.\buf0_im[7]' using process `$paramod$dc25daec3dd8bd6d76b02d3c5368e2485052c5da\SharedDelayBuffer.$proc$rtl/peweaver_shared_fft.v:474$609'.
  created $dff cell `$procdff$979' with positive edge clock.
Creating register for signal `$paramod$dc25daec3dd8bd6d76b02d3c5368e2485052c5da\SharedDelayBuffer.\buf0_im[8]' using process `$paramod$dc25daec3dd8bd6d76b02d3c5368e2485052c5da\SharedDelayBuffer.$proc$rtl/peweaver_shared_fft.v:474$609'.
  created $dff cell `$procdff$980' with positive edge clock.
Creating register for signal `$paramod$dc25daec3dd8bd6d76b02d3c5368e2485052c5da\SharedDelayBuffer.\buf0_im[9]' using process `$paramod$dc25daec3dd8bd6d76b02d3c5368e2485052c5da\SharedDelayBuffer.$proc$rtl/peweaver_shared_fft.v:474$609'.
  created $dff cell `$procdff$981' with positive edge clock.
Creating register for signal `$paramod$dc25daec3dd8bd6d76b02d3c5368e2485052c5da\SharedDelayBuffer.\buf0_im[10]' using process `$paramod$dc25daec3dd8bd6d76b02d3c5368e2485052c5da\SharedDelayBuffer.$proc$rtl/peweaver_shared_fft.v:474$609'.
  created $dff cell `$procdff$982' with positive edge clock.
Creating register for signal `$paramod$dc25daec3dd8bd6d76b02d3c5368e2485052c5da\SharedDelayBuffer.\buf0_im[11]' using process `$paramod$dc25daec3dd8bd6d76b02d3c5368e2485052c5da\SharedDelayBuffer.$proc$rtl/peweaver_shared_fft.v:474$609'.
  created $dff cell `$procdff$983' with positive edge clock.
Creating register for signal `$paramod$dc25daec3dd8bd6d76b02d3c5368e2485052c5da\SharedDelayBuffer.\buf0_im[12]' using process `$paramod$dc25daec3dd8bd6d76b02d3c5368e2485052c5da\SharedDelayBuffer.$proc$rtl/peweaver_shared_fft.v:474$609'.
  created $dff cell `$procdff$984' with positive edge clock.
Creating register for signal `$paramod$dc25daec3dd8bd6d76b02d3c5368e2485052c5da\SharedDelayBuffer.\buf0_im[13]' using process `$paramod$dc25daec3dd8bd6d76b02d3c5368e2485052c5da\SharedDelayBuffer.$proc$rtl/peweaver_shared_fft.v:474$609'.
  created $dff cell `$procdff$985' with positive edge clock.
Creating register for signal `$paramod$dc25daec3dd8bd6d76b02d3c5368e2485052c5da\SharedDelayBuffer.\buf0_im[14]' using process `$paramod$dc25daec3dd8bd6d76b02d3c5368e2485052c5da\SharedDelayBuffer.$proc$rtl/peweaver_shared_fft.v:474$609'.
  created $dff cell `$procdff$986' with positive edge clock.
Creating register for signal `$paramod$dc25daec3dd8bd6d76b02d3c5368e2485052c5da\SharedDelayBuffer.\buf0_im[15]' using process `$paramod$dc25daec3dd8bd6d76b02d3c5368e2485052c5da\SharedDelayBuffer.$proc$rtl/peweaver_shared_fft.v:474$609'.
  created $dff cell `$procdff$987' with positive edge clock.
Creating register for signal `$paramod$ddd1dbeb542b066b17317505cd6a065ae38cf366\SharedSdfUnit.\mu_do_en' using process `$paramod$ddd1dbeb542b066b17317505cd6a065ae38cf366\SharedSdfUnit.$proc$rtl/peweaver_shared_fft.v:426$589'.
  created $adff cell `$procdff$990' with positive edge clock and positive level reset.
Creating register for signal `$paramod$ddd1dbeb542b066b17317505cd6a065ae38cf366\SharedSdfUnit.\mu_do_re' using process `$paramod$ddd1dbeb542b066b17317505cd6a065ae38cf366\SharedSdfUnit.$proc$rtl/peweaver_shared_fft.v:421$586'.
  created $dff cell `$procdff$991' with positive edge clock.
Creating register for signal `$paramod$ddd1dbeb542b066b17317505cd6a065ae38cf366\SharedSdfUnit.\mu_do_im' using process `$paramod$ddd1dbeb542b066b17317505cd6a065ae38cf366\SharedSdfUnit.$proc$rtl/peweaver_shared_fft.v:421$586'.
  created $dff cell `$procdff$992' with positive edge clock.
Creating register for signal `$paramod$ddd1dbeb542b066b17317505cd6a065ae38cf366\SharedSdfUnit.\mu_en' using process `$paramod$ddd1dbeb542b066b17317505cd6a065ae38cf366\SharedSdfUnit.$proc$rtl/peweaver_shared_fft.v:399$584'.
  created $adff cell `$procdff$995' with positive edge clock and positive level reset.
Creating register for signal `$paramod$ddd1dbeb542b066b17317505cd6a065ae38cf366\SharedSdfUnit.\bf2_do_en' using process `$paramod$ddd1dbeb542b066b17317505cd6a065ae38cf366\SharedSdfUnit.$proc$rtl/peweaver_shared_fft.v:362$578'.
  created $adff cell `$procdff$998' with positive edge clock and positive level reset.
Creating register for signal `$paramod$ddd1dbeb542b066b17317505cd6a065ae38cf366\SharedSdfUnit.\bf2_do_re' using process `$paramod$ddd1dbeb542b066b17317505cd6a065ae38cf366\SharedSdfUnit.$proc$rtl/peweaver_shared_fft.v:357$577'.
  created $dff cell `$procdff$999' with positive edge clock.
Creating register for signal `$paramod$ddd1dbeb542b066b17317505cd6a065ae38cf366\SharedSdfUnit.\bf2_do_im' using process `$paramod$ddd1dbeb542b066b17317505cd6a065ae38cf366\SharedSdfUnit.$proc$rtl/peweaver_shared_fft.v:357$577'.
  created $dff cell `$procdff$1000' with positive edge clock.
Creating register for signal `$paramod$ddd1dbeb542b066b17317505cd6a065ae38cf366\SharedSdfUnit.\bf2_sp_en' using process `$paramod$ddd1dbeb542b066b17317505cd6a065ae38cf366\SharedSdfUnit.$proc$rtl/peweaver_shared_fft.v:343$570'.
  created $adff cell `$procdff$1003' with positive edge clock and positive level reset.
Creating register for signal `$paramod$ddd1dbeb542b066b17317505cd6a065ae38cf366\SharedSdfUnit.\bf2_count' using process `$paramod$ddd1dbeb542b066b17317505cd6a065ae38cf366\SharedSdfUnit.$proc$rtl/peweaver_shared_fft.v:343$570'.
  created $adff cell `$procdff$1006' with positive edge clock and positive level reset.
Creating register for signal `$paramod$ddd1dbeb542b066b17317505cd6a065ae38cf366\SharedSdfUnit.\bf2_start' using process `$paramod$ddd1dbeb542b066b17317505cd6a065ae38cf366\SharedSdfUnit.$proc$rtl/peweaver_shared_fft.v:331$566'.
  created $adff cell `$procdff$1009' with positive edge clock and positive level reset.
Creating register for signal `$paramod$ddd1dbeb542b066b17317505cd6a065ae38cf366\SharedSdfUnit.\bf2_bf' using process `$paramod$ddd1dbeb542b066b17317505cd6a065ae38cf366\SharedSdfUnit.$proc$rtl/peweaver_shared_fft.v:289$561'.
  created $adff cell `$procdff$1012' with positive edge clock and positive level reset.
Creating register for signal `$paramod$ddd1dbeb542b066b17317505cd6a065ae38cf366\SharedSdfUnit.\bf1_do_re' using process `$paramod$ddd1dbeb542b066b17317505cd6a065ae38cf366\SharedSdfUnit.$proc$rtl/peweaver_shared_fft.v:279$559'.
  created $dff cell `$procdff$1013' with positive edge clock.
Creating register for signal `$paramod$ddd1dbeb542b066b17317505cd6a065ae38cf366\SharedSdfUnit.\bf1_do_im' using process `$paramod$ddd1dbeb542b066b17317505cd6a065ae38cf366\SharedSdfUnit.$proc$rtl/peweaver_shared_fft.v:279$559'.
  created $dff cell `$procdff$1014' with positive edge clock.
Creating register for signal `$paramod$ddd1dbeb542b066b17317505cd6a065ae38cf366\SharedSdfUnit.\bf1_sp_en' using process `$paramod$ddd1dbeb542b066b17317505cd6a065ae38cf366\SharedSdfUnit.$proc$rtl/peweaver_shared_fft.v:261$545'.
  created $adff cell `$procdff$1017' with positive edge clock and positive level reset.
Creating register for signal `$paramod$ddd1dbeb542b066b17317505cd6a065ae38cf366\SharedSdfUnit.\bf1_count' using process `$paramod$ddd1dbeb542b066b17317505cd6a065ae38cf366\SharedSdfUnit.$proc$rtl/peweaver_shared_fft.v:261$545'.
  created $adff cell `$procdff$1020' with positive edge clock and positive level reset.
Creating register for signal `$paramod$ddd1dbeb542b066b17317505cd6a065ae38cf366\SharedSdfUnit.\di_count' using process `$paramod$ddd1dbeb542b066b17317505cd6a065ae38cf366\SharedSdfUnit.$proc$rtl/peweaver_shared_fft.v:215$535'.
  created $adff cell `$procdff$1023' with positive edge clock and positive level reset.
Creating register for signal `$paramod$8d11d99acb7471071f15885b81a84929edb08a8f\SharedSdfUnit.\mu_do_en' using process `$paramod$8d11d99acb7471071f15885b81a84929edb08a8f\SharedSdfUnit.$proc$rtl/peweaver_shared_fft.v:426$522'.
  created $adff cell `$procdff$1026' with positive edge clock and positive level reset.
Creating register for signal `$paramod$8d11d99acb7471071f15885b81a84929edb08a8f\SharedSdfUnit.\mu_do_re' using process `$paramod$8d11d99acb7471071f15885b81a84929edb08a8f\SharedSdfUnit.$proc$rtl/peweaver_shared_fft.v:421$519'.
  created $dff cell `$procdff$1027' with positive edge clock.
Creating register for signal `$paramod$8d11d99acb7471071f15885b81a84929edb08a8f\SharedSdfUnit.\mu_do_im' using process `$paramod$8d11d99acb7471071f15885b81a84929edb08a8f\SharedSdfUnit.$proc$rtl/peweaver_shared_fft.v:421$519'.
  created $dff cell `$procdff$1028' with positive edge clock.
Creating register for signal `$paramod$8d11d99acb7471071f15885b81a84929edb08a8f\SharedSdfUnit.\mu_en' using process `$paramod$8d11d99acb7471071f15885b81a84929edb08a8f\SharedSdfUnit.$proc$rtl/peweaver_shared_fft.v:399$517'.
  created $adff cell `$procdff$1031' with positive edge clock and positive level reset.
Creating register for signal `$paramod$8d11d99acb7471071f15885b81a84929edb08a8f\SharedSdfUnit.\bf2_do_en' using process `$paramod$8d11d99acb7471071f15885b81a84929edb08a8f\SharedSdfUnit.$proc$rtl/peweaver_shared_fft.v:362$511'.
  created $adff cell `$procdff$1034' with positive edge clock and positive level reset.
Creating register for signal `$paramod$8d11d99acb7471071f15885b81a84929edb08a8f\SharedSdfUnit.\bf2_do_re' using process `$paramod$8d11d99acb7471071f15885b81a84929edb08a8f\SharedSdfUnit.$proc$rtl/peweaver_shared_fft.v:357$510'.
  created $dff cell `$procdff$1035' with positive edge clock.
Creating register for signal `$paramod$8d11d99acb7471071f15885b81a84929edb08a8f\SharedSdfUnit.\bf2_do_im' using process `$paramod$8d11d99acb7471071f15885b81a84929edb08a8f\SharedSdfUnit.$proc$rtl/peweaver_shared_fft.v:357$510'.
  created $dff cell `$procdff$1036' with positive edge clock.
Creating register for signal `$paramod$8d11d99acb7471071f15885b81a84929edb08a8f\SharedSdfUnit.\bf2_sp_en' using process `$paramod$8d11d99acb7471071f15885b81a84929edb08a8f\SharedSdfUnit.$proc$rtl/peweaver_shared_fft.v:343$503'.
  created $adff cell `$procdff$1039' with positive edge clock and positive level reset.
Creating register for signal `$paramod$8d11d99acb7471071f15885b81a84929edb08a8f\SharedSdfUnit.\bf2_count' using process `$paramod$8d11d99acb7471071f15885b81a84929edb08a8f\SharedSdfUnit.$proc$rtl/peweaver_shared_fft.v:343$503'.
  created $adff cell `$procdff$1042' with positive edge clock and positive level reset.
Creating register for signal `$paramod$8d11d99acb7471071f15885b81a84929edb08a8f\SharedSdfUnit.\bf2_start' using process `$paramod$8d11d99acb7471071f15885b81a84929edb08a8f\SharedSdfUnit.$proc$rtl/peweaver_shared_fft.v:331$499'.
  created $adff cell `$procdff$1045' with positive edge clock and positive level reset.
Creating register for signal `$paramod$8d11d99acb7471071f15885b81a84929edb08a8f\SharedSdfUnit.\bf2_bf' using process `$paramod$8d11d99acb7471071f15885b81a84929edb08a8f\SharedSdfUnit.$proc$rtl/peweaver_shared_fft.v:289$494'.
  created $adff cell `$procdff$1048' with positive edge clock and positive level reset.
Creating register for signal `$paramod$8d11d99acb7471071f15885b81a84929edb08a8f\SharedSdfUnit.\bf1_do_re' using process `$paramod$8d11d99acb7471071f15885b81a84929edb08a8f\SharedSdfUnit.$proc$rtl/peweaver_shared_fft.v:279$492'.
  created $dff cell `$procdff$1049' with positive edge clock.
Creating register for signal `$paramod$8d11d99acb7471071f15885b81a84929edb08a8f\SharedSdfUnit.\bf1_do_im' using process `$paramod$8d11d99acb7471071f15885b81a84929edb08a8f\SharedSdfUnit.$proc$rtl/peweaver_shared_fft.v:279$492'.
  created $dff cell `$procdff$1050' with positive edge clock.
Creating register for signal `$paramod$8d11d99acb7471071f15885b81a84929edb08a8f\SharedSdfUnit.\bf1_sp_en' using process `$paramod$8d11d99acb7471071f15885b81a84929edb08a8f\SharedSdfUnit.$proc$rtl/peweaver_shared_fft.v:261$478'.
  created $adff cell `$procdff$1053' with positive edge clock and positive level reset.
Creating register for signal `$paramod$8d11d99acb7471071f15885b81a84929edb08a8f\SharedSdfUnit.\bf1_count' using process `$paramod$8d11d99acb7471071f15885b81a84929edb08a8f\SharedSdfUnit.$proc$rtl/peweaver_shared_fft.v:261$478'.
  created $adff cell `$procdff$1056' with positive edge clock and positive level reset.
Creating register for signal `$paramod$8d11d99acb7471071f15885b81a84929edb08a8f\SharedSdfUnit.\di_count' using process `$paramod$8d11d99acb7471071f15885b81a84929edb08a8f\SharedSdfUnit.$proc$rtl/peweaver_shared_fft.v:215$468'.
  created $adff cell `$procdff$1059' with positive edge clock and positive level reset.
Creating register for signal `$paramod$13c884fdcaf50f82d9759f7b9da10f470b3fe4f1\SharedSdfUnit.\mu_do_en' using process `$paramod$13c884fdcaf50f82d9759f7b9da10f470b3fe4f1\SharedSdfUnit.$proc$rtl/peweaver_shared_fft.v:426$455'.
  created $adff cell `$procdff$1062' with positive edge clock and positive level reset.
Creating register for signal `$paramod$13c884fdcaf50f82d9759f7b9da10f470b3fe4f1\SharedSdfUnit.\mu_do_re' using process `$paramod$13c884fdcaf50f82d9759f7b9da10f470b3fe4f1\SharedSdfUnit.$proc$rtl/peweaver_shared_fft.v:421$452'.
  created $dff cell `$procdff$1063' with positive edge clock.
Creating register for signal `$paramod$13c884fdcaf50f82d9759f7b9da10f470b3fe4f1\SharedSdfUnit.\mu_do_im' using process `$paramod$13c884fdcaf50f82d9759f7b9da10f470b3fe4f1\SharedSdfUnit.$proc$rtl/peweaver_shared_fft.v:421$452'.
  created $dff cell `$procdff$1064' with positive edge clock.
Creating register for signal `$paramod$13c884fdcaf50f82d9759f7b9da10f470b3fe4f1\SharedSdfUnit.\mu_en' using process `$paramod$13c884fdcaf50f82d9759f7b9da10f470b3fe4f1\SharedSdfUnit.$proc$rtl/peweaver_shared_fft.v:399$450'.
  created $adff cell `$procdff$1067' with positive edge clock and positive level reset.
Creating register for signal `$paramod$13c884fdcaf50f82d9759f7b9da10f470b3fe4f1\SharedSdfUnit.\bf2_do_en' using process `$paramod$13c884fdcaf50f82d9759f7b9da10f470b3fe4f1\SharedSdfUnit.$proc$rtl/peweaver_shared_fft.v:362$444'.
  created $adff cell `$procdff$1070' with positive edge clock and positive level reset.
Creating register for signal `$paramod$13c884fdcaf50f82d9759f7b9da10f470b3fe4f1\SharedSdfUnit.\bf2_do_re' using process `$paramod$13c884fdcaf50f82d9759f7b9da10f470b3fe4f1\SharedSdfUnit.$proc$rtl/peweaver_shared_fft.v:357$443'.
  created $dff cell `$procdff$1071' with positive edge clock.
Creating register for signal `$paramod$13c884fdcaf50f82d9759f7b9da10f470b3fe4f1\SharedSdfUnit.\bf2_do_im' using process `$paramod$13c884fdcaf50f82d9759f7b9da10f470b3fe4f1\SharedSdfUnit.$proc$rtl/peweaver_shared_fft.v:357$443'.
  created $dff cell `$procdff$1072' with positive edge clock.
Creating register for signal `$paramod$13c884fdcaf50f82d9759f7b9da10f470b3fe4f1\SharedSdfUnit.\bf2_sp_en' using process `$paramod$13c884fdcaf50f82d9759f7b9da10f470b3fe4f1\SharedSdfUnit.$proc$rtl/peweaver_shared_fft.v:343$436'.
  created $adff cell `$procdff$1075' with positive edge clock and positive level reset.
Creating register for signal `$paramod$13c884fdcaf50f82d9759f7b9da10f470b3fe4f1\SharedSdfUnit.\bf2_count' using process `$paramod$13c884fdcaf50f82d9759f7b9da10f470b3fe4f1\SharedSdfUnit.$proc$rtl/peweaver_shared_fft.v:343$436'.
  created $adff cell `$procdff$1078' with positive edge clock and positive level reset.
Creating register for signal `$paramod$13c884fdcaf50f82d9759f7b9da10f470b3fe4f1\SharedSdfUnit.\bf2_start' using process `$paramod$13c884fdcaf50f82d9759f7b9da10f470b3fe4f1\SharedSdfUnit.$proc$rtl/peweaver_shared_fft.v:331$432'.
  created $adff cell `$procdff$1081' with positive edge clock and positive level reset.
Creating register for signal `$paramod$13c884fdcaf50f82d9759f7b9da10f470b3fe4f1\SharedSdfUnit.\bf2_bf' using process `$paramod$13c884fdcaf50f82d9759f7b9da10f470b3fe4f1\SharedSdfUnit.$proc$rtl/peweaver_shared_fft.v:289$427'.
  created $adff cell `$procdff$1084' with positive edge clock and positive level reset.
Creating register for signal `$paramod$13c884fdcaf50f82d9759f7b9da10f470b3fe4f1\SharedSdfUnit.\bf1_do_re' using process `$paramod$13c884fdcaf50f82d9759f7b9da10f470b3fe4f1\SharedSdfUnit.$proc$rtl/peweaver_shared_fft.v:279$425'.
  created $dff cell `$procdff$1085' with positive edge clock.
Creating register for signal `$paramod$13c884fdcaf50f82d9759f7b9da10f470b3fe4f1\SharedSdfUnit.\bf1_do_im' using process `$paramod$13c884fdcaf50f82d9759f7b9da10f470b3fe4f1\SharedSdfUnit.$proc$rtl/peweaver_shared_fft.v:279$425'.
  created $dff cell `$procdff$1086' with positive edge clock.
Creating register for signal `$paramod$13c884fdcaf50f82d9759f7b9da10f470b3fe4f1\SharedSdfUnit.\bf1_sp_en' using process `$paramod$13c884fdcaf50f82d9759f7b9da10f470b3fe4f1\SharedSdfUnit.$proc$rtl/peweaver_shared_fft.v:261$411'.
  created $adff cell `$procdff$1089' with positive edge clock and positive level reset.
Creating register for signal `$paramod$13c884fdcaf50f82d9759f7b9da10f470b3fe4f1\SharedSdfUnit.\bf1_count' using process `$paramod$13c884fdcaf50f82d9759f7b9da10f470b3fe4f1\SharedSdfUnit.$proc$rtl/peweaver_shared_fft.v:261$411'.
  created $adff cell `$procdff$1092' with positive edge clock and positive level reset.
Creating register for signal `$paramod$13c884fdcaf50f82d9759f7b9da10f470b3fe4f1\SharedSdfUnit.\di_count' using process `$paramod$13c884fdcaf50f82d9759f7b9da10f470b3fe4f1\SharedSdfUnit.$proc$rtl/peweaver_shared_fft.v:215$401'.
  created $adff cell `$procdff$1095' with positive edge clock and positive level reset.
Creating register for signal `$paramod$acfde09421055442384df923236884512d648c66\SdfUnit2.\do_re' using process `$paramod$acfde09421055442384df923236884512d648c66\SdfUnit2.$proc$rtl/peweaver_shared_fft.v:580$397'.
  created $dff cell `$procdff$1096' with positive edge clock.
Creating register for signal `$paramod$acfde09421055442384df923236884512d648c66\SdfUnit2.\do_im' using process `$paramod$acfde09421055442384df923236884512d648c66\SdfUnit2.$proc$rtl/peweaver_shared_fft.v:580$397'.
  created $dff cell `$procdff$1097' with positive edge clock.
Creating register for signal `$paramod$acfde09421055442384df923236884512d648c66\SdfUnit2.\do_en' using process `$paramod$acfde09421055442384df923236884512d648c66\SdfUnit2.$proc$rtl/peweaver_shared_fft.v:570$396'.
  created $adff cell `$procdff$1100' with positive edge clock and positive level reset.
Creating register for signal `$paramod$acfde09421055442384df923236884512d648c66\SdfUnit2.\bf_sp_en' using process `$paramod$acfde09421055442384df923236884512d648c66\SdfUnit2.$proc$rtl/peweaver_shared_fft.v:570$396'.
  created $adff cell `$procdff$1103' with positive edge clock and positive level reset.
Creating register for signal `$paramod$acfde09421055442384df923236884512d648c66\SdfUnit2.\bf_en' using process `$paramod$acfde09421055442384df923236884512d648c66\SdfUnit2.$proc$rtl/peweaver_shared_fft.v:533$389'.
  created $adff cell `$procdff$1106' with positive edge clock and positive level reset.
Creating register for signal `$paramod\peweaver_shared_fft\WIDTH=s32'00000000000000000000000000010000.\mode_q' using process `$paramod\peweaver_shared_fft\WIDTH=s32'00000000000000000000000000010000.$proc$rtl/peweaver_shared_fft.v:57$381'.
  created $adff cell `$procdff$1109' with positive edge clock and positive level reset.
Creating register for signal `$paramod\peweaver_shared_fft\WIDTH=s32'00000000000000000000000000010000.\mode_locked' using process `$paramod\peweaver_shared_fft\WIDTH=s32'00000000000000000000000000010000.$proc$rtl/peweaver_shared_fft.v:57$381'.
  created $adff cell `$procdff$1112' with positive edge clock and positive level reset.
Creating register for signal `\Twiddle.\ff_re' using process `\Twiddle.$proc$rtl/peweaver_shared_fft.v:700$118'.
  created $dff cell `$procdff$1113' with positive edge clock.
Creating register for signal `\Twiddle.\ff_im' using process `\Twiddle.$proc$rtl/peweaver_shared_fft.v:700$118'.
  created $dff cell `$procdff$1114' with positive edge clock.
Creating register for signal `$paramod$91a3a7dbf4bfbd28b5b341fe20d9acb72db55de6\SharedDelayBuffer.\j' using process `$paramod$91a3a7dbf4bfbd28b5b341fe20d9acb72db55de6\SharedDelayBuffer.$proc$rtl/peweaver_shared_fft.v:484$655'.
  created $dff cell `$procdff$1115' with positive edge clock.
Creating register for signal `$paramod$91a3a7dbf4bfbd28b5b341fe20d9acb72db55de6\SharedDelayBuffer.\buf1_re[0]' using process `$paramod$91a3a7dbf4bfbd28b5b341fe20d9acb72db55de6\SharedDelayBuffer.$proc$rtl/peweaver_shared_fft.v:484$655'.
  created $dff cell `$procdff$1116' with positive edge clock.
Creating register for signal `$paramod$91a3a7dbf4bfbd28b5b341fe20d9acb72db55de6\SharedDelayBuffer.\buf1_re[1]' using process `$paramod$91a3a7dbf4bfbd28b5b341fe20d9acb72db55de6\SharedDelayBuffer.$proc$rtl/peweaver_shared_fft.v:484$655'.
  created $dff cell `$procdff$1117' with positive edge clock.
Creating register for signal `$paramod$91a3a7dbf4bfbd28b5b341fe20d9acb72db55de6\SharedDelayBuffer.\buf1_re[2]' using process `$paramod$91a3a7dbf4bfbd28b5b341fe20d9acb72db55de6\SharedDelayBuffer.$proc$rtl/peweaver_shared_fft.v:484$655'.
  created $dff cell `$procdff$1118' with positive edge clock.
Creating register for signal `$paramod$91a3a7dbf4bfbd28b5b341fe20d9acb72db55de6\SharedDelayBuffer.\buf1_re[3]' using process `$paramod$91a3a7dbf4bfbd28b5b341fe20d9acb72db55de6\SharedDelayBuffer.$proc$rtl/peweaver_shared_fft.v:484$655'.
  created $dff cell `$procdff$1119' with positive edge clock.
Creating register for signal `$paramod$91a3a7dbf4bfbd28b5b341fe20d9acb72db55de6\SharedDelayBuffer.\buf1_re[4]' using process `$paramod$91a3a7dbf4bfbd28b5b341fe20d9acb72db55de6\SharedDelayBuffer.$proc$rtl/peweaver_shared_fft.v:484$655'.
  created $dff cell `$procdff$1120' with positive edge clock.
Creating register for signal `$paramod$91a3a7dbf4bfbd28b5b341fe20d9acb72db55de6\SharedDelayBuffer.\buf1_re[5]' using process `$paramod$91a3a7dbf4bfbd28b5b341fe20d9acb72db55de6\SharedDelayBuffer.$proc$rtl/peweaver_shared_fft.v:484$655'.
  created $dff cell `$procdff$1121' with positive edge clock.
Creating register for signal `$paramod$91a3a7dbf4bfbd28b5b341fe20d9acb72db55de6\SharedDelayBuffer.\buf1_re[6]' using process `$paramod$91a3a7dbf4bfbd28b5b341fe20d9acb72db55de6\SharedDelayBuffer.$proc$rtl/peweaver_shared_fft.v:484$655'.
  created $dff cell `$procdff$1122' with positive edge clock.
Creating register for signal `$paramod$91a3a7dbf4bfbd28b5b341fe20d9acb72db55de6\SharedDelayBuffer.\buf1_re[7]' using process `$paramod$91a3a7dbf4bfbd28b5b341fe20d9acb72db55de6\SharedDelayBuffer.$proc$rtl/peweaver_shared_fft.v:484$655'.
  created $dff cell `$procdff$1123' with positive edge clock.
Creating register for signal `$paramod$91a3a7dbf4bfbd28b5b341fe20d9acb72db55de6\SharedDelayBuffer.\buf1_im[0]' using process `$paramod$91a3a7dbf4bfbd28b5b341fe20d9acb72db55de6\SharedDelayBuffer.$proc$rtl/peweaver_shared_fft.v:484$655'.
  created $dff cell `$procdff$1124' with positive edge clock.
Creating register for signal `$paramod$91a3a7dbf4bfbd28b5b341fe20d9acb72db55de6\SharedDelayBuffer.\buf1_im[1]' using process `$paramod$91a3a7dbf4bfbd28b5b341fe20d9acb72db55de6\SharedDelayBuffer.$proc$rtl/peweaver_shared_fft.v:484$655'.
  created $dff cell `$procdff$1125' with positive edge clock.
Creating register for signal `$paramod$91a3a7dbf4bfbd28b5b341fe20d9acb72db55de6\SharedDelayBuffer.\buf1_im[2]' using process `$paramod$91a3a7dbf4bfbd28b5b341fe20d9acb72db55de6\SharedDelayBuffer.$proc$rtl/peweaver_shared_fft.v:484$655'.
  created $dff cell `$procdff$1126' with positive edge clock.
Creating register for signal `$paramod$91a3a7dbf4bfbd28b5b341fe20d9acb72db55de6\SharedDelayBuffer.\buf1_im[3]' using process `$paramod$91a3a7dbf4bfbd28b5b341fe20d9acb72db55de6\SharedDelayBuffer.$proc$rtl/peweaver_shared_fft.v:484$655'.
  created $dff cell `$procdff$1127' with positive edge clock.
Creating register for signal `$paramod$91a3a7dbf4bfbd28b5b341fe20d9acb72db55de6\SharedDelayBuffer.\buf1_im[4]' using process `$paramod$91a3a7dbf4bfbd28b5b341fe20d9acb72db55de6\SharedDelayBuffer.$proc$rtl/peweaver_shared_fft.v:484$655'.
  created $dff cell `$procdff$1128' with positive edge clock.
Creating register for signal `$paramod$91a3a7dbf4bfbd28b5b341fe20d9acb72db55de6\SharedDelayBuffer.\buf1_im[5]' using process `$paramod$91a3a7dbf4bfbd28b5b341fe20d9acb72db55de6\SharedDelayBuffer.$proc$rtl/peweaver_shared_fft.v:484$655'.
  created $dff cell `$procdff$1129' with positive edge clock.
Creating register for signal `$paramod$91a3a7dbf4bfbd28b5b341fe20d9acb72db55de6\SharedDelayBuffer.\buf1_im[6]' using process `$paramod$91a3a7dbf4bfbd28b5b341fe20d9acb72db55de6\SharedDelayBuffer.$proc$rtl/peweaver_shared_fft.v:484$655'.
  created $dff cell `$procdff$1130' with positive edge clock.
Creating register for signal `$paramod$91a3a7dbf4bfbd28b5b341fe20d9acb72db55de6\SharedDelayBuffer.\buf1_im[7]' using process `$paramod$91a3a7dbf4bfbd28b5b341fe20d9acb72db55de6\SharedDelayBuffer.$proc$rtl/peweaver_shared_fft.v:484$655'.
  created $dff cell `$procdff$1131' with positive edge clock.
Creating register for signal `$paramod$91a3a7dbf4bfbd28b5b341fe20d9acb72db55de6\SharedDelayBuffer.\i' using process `$paramod$91a3a7dbf4bfbd28b5b341fe20d9acb72db55de6\SharedDelayBuffer.$proc$rtl/peweaver_shared_fft.v:474$654'.
  created $dff cell `$procdff$1132' with positive edge clock.
Creating register for signal `$paramod$91a3a7dbf4bfbd28b5b341fe20d9acb72db55de6\SharedDelayBuffer.\buf0_re[0]' using process `$paramod$91a3a7dbf4bfbd28b5b341fe20d9acb72db55de6\SharedDelayBuffer.$proc$rtl/peweaver_shared_fft.v:474$654'.
  created $dff cell `$procdff$1133' with positive edge clock.
Creating register for signal `$paramod$91a3a7dbf4bfbd28b5b341fe20d9acb72db55de6\SharedDelayBuffer.\buf0_re[1]' using process `$paramod$91a3a7dbf4bfbd28b5b341fe20d9acb72db55de6\SharedDelayBuffer.$proc$rtl/peweaver_shared_fft.v:474$654'.
  created $dff cell `$procdff$1134' with positive edge clock.
Creating register for signal `$paramod$91a3a7dbf4bfbd28b5b341fe20d9acb72db55de6\SharedDelayBuffer.\buf0_re[2]' using process `$paramod$91a3a7dbf4bfbd28b5b341fe20d9acb72db55de6\SharedDelayBuffer.$proc$rtl/peweaver_shared_fft.v:474$654'.
  created $dff cell `$procdff$1135' with positive edge clock.
Creating register for signal `$paramod$91a3a7dbf4bfbd28b5b341fe20d9acb72db55de6\SharedDelayBuffer.\buf0_re[3]' using process `$paramod$91a3a7dbf4bfbd28b5b341fe20d9acb72db55de6\SharedDelayBuffer.$proc$rtl/peweaver_shared_fft.v:474$654'.
  created $dff cell `$procdff$1136' with positive edge clock.
Creating register for signal `$paramod$91a3a7dbf4bfbd28b5b341fe20d9acb72db55de6\SharedDelayBuffer.\buf0_re[4]' using process `$paramod$91a3a7dbf4bfbd28b5b341fe20d9acb72db55de6\SharedDelayBuffer.$proc$rtl/peweaver_shared_fft.v:474$654'.
  created $dff cell `$procdff$1137' with positive edge clock.
Creating register for signal `$paramod$91a3a7dbf4bfbd28b5b341fe20d9acb72db55de6\SharedDelayBuffer.\buf0_re[5]' using process `$paramod$91a3a7dbf4bfbd28b5b341fe20d9acb72db55de6\SharedDelayBuffer.$proc$rtl/peweaver_shared_fft.v:474$654'.
  created $dff cell `$procdff$1138' with positive edge clock.
Creating register for signal `$paramod$91a3a7dbf4bfbd28b5b341fe20d9acb72db55de6\SharedDelayBuffer.\buf0_re[6]' using process `$paramod$91a3a7dbf4bfbd28b5b341fe20d9acb72db55de6\SharedDelayBuffer.$proc$rtl/peweaver_shared_fft.v:474$654'.
  created $dff cell `$procdff$1139' with positive edge clock.
Creating register for signal `$paramod$91a3a7dbf4bfbd28b5b341fe20d9acb72db55de6\SharedDelayBuffer.\buf0_re[7]' using process `$paramod$91a3a7dbf4bfbd28b5b341fe20d9acb72db55de6\SharedDelayBuffer.$proc$rtl/peweaver_shared_fft.v:474$654'.
  created $dff cell `$procdff$1140' with positive edge clock.
Creating register for signal `$paramod$91a3a7dbf4bfbd28b5b341fe20d9acb72db55de6\SharedDelayBuffer.\buf0_im[0]' using process `$paramod$91a3a7dbf4bfbd28b5b341fe20d9acb72db55de6\SharedDelayBuffer.$proc$rtl/peweaver_shared_fft.v:474$654'.
  created $dff cell `$procdff$1141' with positive edge clock.
Creating register for signal `$paramod$91a3a7dbf4bfbd28b5b341fe20d9acb72db55de6\SharedDelayBuffer.\buf0_im[1]' using process `$paramod$91a3a7dbf4bfbd28b5b341fe20d9acb72db55de6\SharedDelayBuffer.$proc$rtl/peweaver_shared_fft.v:474$654'.
  created $dff cell `$procdff$1142' with positive edge clock.
Creating register for signal `$paramod$91a3a7dbf4bfbd28b5b341fe20d9acb72db55de6\SharedDelayBuffer.\buf0_im[2]' using process `$paramod$91a3a7dbf4bfbd28b5b341fe20d9acb72db55de6\SharedDelayBuffer.$proc$rtl/peweaver_shared_fft.v:474$654'.
  created $dff cell `$procdff$1143' with positive edge clock.
Creating register for signal `$paramod$91a3a7dbf4bfbd28b5b341fe20d9acb72db55de6\SharedDelayBuffer.\buf0_im[3]' using process `$paramod$91a3a7dbf4bfbd28b5b341fe20d9acb72db55de6\SharedDelayBuffer.$proc$rtl/peweaver_shared_fft.v:474$654'.
  created $dff cell `$procdff$1144' with positive edge clock.
Creating register for signal `$paramod$91a3a7dbf4bfbd28b5b341fe20d9acb72db55de6\SharedDelayBuffer.\buf0_im[4]' using process `$paramod$91a3a7dbf4bfbd28b5b341fe20d9acb72db55de6\SharedDelayBuffer.$proc$rtl/peweaver_shared_fft.v:474$654'.
  created $dff cell `$procdff$1145' with positive edge clock.
Creating register for signal `$paramod$91a3a7dbf4bfbd28b5b341fe20d9acb72db55de6\SharedDelayBuffer.\buf0_im[5]' using process `$paramod$91a3a7dbf4bfbd28b5b341fe20d9acb72db55de6\SharedDelayBuffer.$proc$rtl/peweaver_shared_fft.v:474$654'.
  created $dff cell `$procdff$1146' with positive edge clock.
Creating register for signal `$paramod$91a3a7dbf4bfbd28b5b341fe20d9acb72db55de6\SharedDelayBuffer.\buf0_im[6]' using process `$paramod$91a3a7dbf4bfbd28b5b341fe20d9acb72db55de6\SharedDelayBuffer.$proc$rtl/peweaver_shared_fft.v:474$654'.
  created $dff cell `$procdff$1147' with positive edge clock.
Creating register for signal `$paramod$91a3a7dbf4bfbd28b5b341fe20d9acb72db55de6\SharedDelayBuffer.\buf0_im[7]' using process `$paramod$91a3a7dbf4bfbd28b5b341fe20d9acb72db55de6\SharedDelayBuffer.$proc$rtl/peweaver_shared_fft.v:474$654'.
  created $dff cell `$procdff$1148' with positive edge clock.
Creating register for signal `$paramod$bf4db1fd822cd1e8dfaa4dc2826349dab1ae0abc\SharedDelayBuffer.\j' using process `$paramod$bf4db1fd822cd1e8dfaa4dc2826349dab1ae0abc\SharedDelayBuffer.$proc$rtl/peweaver_shared_fft.v:484$651'.
  created $dff cell `$procdff$1149' with positive edge clock.
Creating register for signal `$paramod$bf4db1fd822cd1e8dfaa4dc2826349dab1ae0abc\SharedDelayBuffer.\buf1_re[0]' using process `$paramod$bf4db1fd822cd1e8dfaa4dc2826349dab1ae0abc\SharedDelayBuffer.$proc$rtl/peweaver_shared_fft.v:484$651'.
  created $dff cell `$procdff$1150' with positive edge clock.
Creating register for signal `$paramod$bf4db1fd822cd1e8dfaa4dc2826349dab1ae0abc\SharedDelayBuffer.\buf1_re[1]' using process `$paramod$bf4db1fd822cd1e8dfaa4dc2826349dab1ae0abc\SharedDelayBuffer.$proc$rtl/peweaver_shared_fft.v:484$651'.
  created $dff cell `$procdff$1151' with positive edge clock.
Creating register for signal `$paramod$bf4db1fd822cd1e8dfaa4dc2826349dab1ae0abc\SharedDelayBuffer.\buf1_re[2]' using process `$paramod$bf4db1fd822cd1e8dfaa4dc2826349dab1ae0abc\SharedDelayBuffer.$proc$rtl/peweaver_shared_fft.v:484$651'.
  created $dff cell `$procdff$1152' with positive edge clock.
Creating register for signal `$paramod$bf4db1fd822cd1e8dfaa4dc2826349dab1ae0abc\SharedDelayBuffer.\buf1_re[3]' using process `$paramod$bf4db1fd822cd1e8dfaa4dc2826349dab1ae0abc\SharedDelayBuffer.$proc$rtl/peweaver_shared_fft.v:484$651'.
  created $dff cell `$procdff$1153' with positive edge clock.
Creating register for signal `$paramod$bf4db1fd822cd1e8dfaa4dc2826349dab1ae0abc\SharedDelayBuffer.\buf1_im[0]' using process `$paramod$bf4db1fd822cd1e8dfaa4dc2826349dab1ae0abc\SharedDelayBuffer.$proc$rtl/peweaver_shared_fft.v:484$651'.
  created $dff cell `$procdff$1154' with positive edge clock.
Creating register for signal `$paramod$bf4db1fd822cd1e8dfaa4dc2826349dab1ae0abc\SharedDelayBuffer.\buf1_im[1]' using process `$paramod$bf4db1fd822cd1e8dfaa4dc2826349dab1ae0abc\SharedDelayBuffer.$proc$rtl/peweaver_shared_fft.v:484$651'.
  created $dff cell `$procdff$1155' with positive edge clock.
Creating register for signal `$paramod$bf4db1fd822cd1e8dfaa4dc2826349dab1ae0abc\SharedDelayBuffer.\buf1_im[2]' using process `$paramod$bf4db1fd822cd1e8dfaa4dc2826349dab1ae0abc\SharedDelayBuffer.$proc$rtl/peweaver_shared_fft.v:484$651'.
  created $dff cell `$procdff$1156' with positive edge clock.
Creating register for signal `$paramod$bf4db1fd822cd1e8dfaa4dc2826349dab1ae0abc\SharedDelayBuffer.\buf1_im[3]' using process `$paramod$bf4db1fd822cd1e8dfaa4dc2826349dab1ae0abc\SharedDelayBuffer.$proc$rtl/peweaver_shared_fft.v:484$651'.
  created $dff cell `$procdff$1157' with positive edge clock.
Creating register for signal `$paramod$bf4db1fd822cd1e8dfaa4dc2826349dab1ae0abc\SharedDelayBuffer.\i' using process `$paramod$bf4db1fd822cd1e8dfaa4dc2826349dab1ae0abc\SharedDelayBuffer.$proc$rtl/peweaver_shared_fft.v:474$650'.
  created $dff cell `$procdff$1158' with positive edge clock.
Creating register for signal `$paramod$bf4db1fd822cd1e8dfaa4dc2826349dab1ae0abc\SharedDelayBuffer.\buf0_re[0]' using process `$paramod$bf4db1fd822cd1e8dfaa4dc2826349dab1ae0abc\SharedDelayBuffer.$proc$rtl/peweaver_shared_fft.v:474$650'.
  created $dff cell `$procdff$1159' with positive edge clock.
Creating register for signal `$paramod$bf4db1fd822cd1e8dfaa4dc2826349dab1ae0abc\SharedDelayBuffer.\buf0_re[1]' using process `$paramod$bf4db1fd822cd1e8dfaa4dc2826349dab1ae0abc\SharedDelayBuffer.$proc$rtl/peweaver_shared_fft.v:474$650'.
  created $dff cell `$procdff$1160' with positive edge clock.
Creating register for signal `$paramod$bf4db1fd822cd1e8dfaa4dc2826349dab1ae0abc\SharedDelayBuffer.\buf0_re[2]' using process `$paramod$bf4db1fd822cd1e8dfaa4dc2826349dab1ae0abc\SharedDelayBuffer.$proc$rtl/peweaver_shared_fft.v:474$650'.
  created $dff cell `$procdff$1161' with positive edge clock.
Creating register for signal `$paramod$bf4db1fd822cd1e8dfaa4dc2826349dab1ae0abc\SharedDelayBuffer.\buf0_re[3]' using process `$paramod$bf4db1fd822cd1e8dfaa4dc2826349dab1ae0abc\SharedDelayBuffer.$proc$rtl/peweaver_shared_fft.v:474$650'.
  created $dff cell `$procdff$1162' with positive edge clock.
Creating register for signal `$paramod$bf4db1fd822cd1e8dfaa4dc2826349dab1ae0abc\SharedDelayBuffer.\buf0_im[0]' using process `$paramod$bf4db1fd822cd1e8dfaa4dc2826349dab1ae0abc\SharedDelayBuffer.$proc$rtl/peweaver_shared_fft.v:474$650'.
  created $dff cell `$procdff$1163' with positive edge clock.
Creating register for signal `$paramod$bf4db1fd822cd1e8dfaa4dc2826349dab1ae0abc\SharedDelayBuffer.\buf0_im[1]' using process `$paramod$bf4db1fd822cd1e8dfaa4dc2826349dab1ae0abc\SharedDelayBuffer.$proc$rtl/peweaver_shared_fft.v:474$650'.
  created $dff cell `$procdff$1164' with positive edge clock.
Creating register for signal `$paramod$bf4db1fd822cd1e8dfaa4dc2826349dab1ae0abc\SharedDelayBuffer.\buf0_im[2]' using process `$paramod$bf4db1fd822cd1e8dfaa4dc2826349dab1ae0abc\SharedDelayBuffer.$proc$rtl/peweaver_shared_fft.v:474$650'.
  created $dff cell `$procdff$1165' with positive edge clock.
Creating register for signal `$paramod$bf4db1fd822cd1e8dfaa4dc2826349dab1ae0abc\SharedDelayBuffer.\buf0_im[3]' using process `$paramod$bf4db1fd822cd1e8dfaa4dc2826349dab1ae0abc\SharedDelayBuffer.$proc$rtl/peweaver_shared_fft.v:474$650'.
  created $dff cell `$procdff$1166' with positive edge clock.
Creating register for signal `$paramod$88cd2ddfbb8184221d632f3c3d25c8d476256959\SharedDelayBuffer.\j' using process `$paramod$88cd2ddfbb8184221d632f3c3d25c8d476256959\SharedDelayBuffer.$proc$rtl/peweaver_shared_fft.v:484$647'.
  created $dff cell `$procdff$1167' with positive edge clock.
Creating register for signal `$paramod$88cd2ddfbb8184221d632f3c3d25c8d476256959\SharedDelayBuffer.\buf1_re[0]' using process `$paramod$88cd2ddfbb8184221d632f3c3d25c8d476256959\SharedDelayBuffer.$proc$rtl/peweaver_shared_fft.v:484$647'.
  created $dff cell `$procdff$1168' with positive edge clock.
Creating register for signal `$paramod$88cd2ddfbb8184221d632f3c3d25c8d476256959\SharedDelayBuffer.\buf1_re[1]' using process `$paramod$88cd2ddfbb8184221d632f3c3d25c8d476256959\SharedDelayBuffer.$proc$rtl/peweaver_shared_fft.v:484$647'.
  created $dff cell `$procdff$1169' with positive edge clock.
Creating register for signal `$paramod$88cd2ddfbb8184221d632f3c3d25c8d476256959\SharedDelayBuffer.\buf1_im[0]' using process `$paramod$88cd2ddfbb8184221d632f3c3d25c8d476256959\SharedDelayBuffer.$proc$rtl/peweaver_shared_fft.v:484$647'.
  created $dff cell `$procdff$1170' with positive edge clock.
Creating register for signal `$paramod$88cd2ddfbb8184221d632f3c3d25c8d476256959\SharedDelayBuffer.\buf1_im[1]' using process `$paramod$88cd2ddfbb8184221d632f3c3d25c8d476256959\SharedDelayBuffer.$proc$rtl/peweaver_shared_fft.v:484$647'.
  created $dff cell `$procdff$1171' with positive edge clock.
Creating register for signal `$paramod$88cd2ddfbb8184221d632f3c3d25c8d476256959\SharedDelayBuffer.\i' using process `$paramod$88cd2ddfbb8184221d632f3c3d25c8d476256959\SharedDelayBuffer.$proc$rtl/peweaver_shared_fft.v:474$646'.
  created $dff cell `$procdff$1172' with positive edge clock.
Creating register for signal `$paramod$88cd2ddfbb8184221d632f3c3d25c8d476256959\SharedDelayBuffer.\buf0_re[0]' using process `$paramod$88cd2ddfbb8184221d632f3c3d25c8d476256959\SharedDelayBuffer.$proc$rtl/peweaver_shared_fft.v:474$646'.
  created $dff cell `$procdff$1173' with positive edge clock.
Creating register for signal `$paramod$88cd2ddfbb8184221d632f3c3d25c8d476256959\SharedDelayBuffer.\buf0_re[1]' using process `$paramod$88cd2ddfbb8184221d632f3c3d25c8d476256959\SharedDelayBuffer.$proc$rtl/peweaver_shared_fft.v:474$646'.
  created $dff cell `$procdff$1174' with positive edge clock.
Creating register for signal `$paramod$88cd2ddfbb8184221d632f3c3d25c8d476256959\SharedDelayBuffer.\buf0_im[0]' using process `$paramod$88cd2ddfbb8184221d632f3c3d25c8d476256959\SharedDelayBuffer.$proc$rtl/peweaver_shared_fft.v:474$646'.
  created $dff cell `$procdff$1175' with positive edge clock.
Creating register for signal `$paramod$88cd2ddfbb8184221d632f3c3d25c8d476256959\SharedDelayBuffer.\buf0_im[1]' using process `$paramod$88cd2ddfbb8184221d632f3c3d25c8d476256959\SharedDelayBuffer.$proc$rtl/peweaver_shared_fft.v:474$646'.
  created $dff cell `$procdff$1176' with positive edge clock.
Creating register for signal `$paramod$3ebd556efa5e0b51800643ceec6809e07c210b5f\SharedDelayBuffer.\j' using process `$paramod$3ebd556efa5e0b51800643ceec6809e07c210b5f\SharedDelayBuffer.$proc$rtl/peweaver_shared_fft.v:484$643'.
  created $dff cell `$procdff$1177' with positive edge clock.
Creating register for signal `$paramod$3ebd556efa5e0b51800643ceec6809e07c210b5f\SharedDelayBuffer.\buf1_re[0]' using process `$paramod$3ebd556efa5e0b51800643ceec6809e07c210b5f\SharedDelayBuffer.$proc$rtl/peweaver_shared_fft.v:484$643'.
  created $dff cell `$procdff$1178' with positive edge clock.
Creating register for signal `$paramod$3ebd556efa5e0b51800643ceec6809e07c210b5f\SharedDelayBuffer.\buf1_im[0]' using process `$paramod$3ebd556efa5e0b51800643ceec6809e07c210b5f\SharedDelayBuffer.$proc$rtl/peweaver_shared_fft.v:484$643'.
  created $dff cell `$procdff$1179' with positive edge clock.
Creating register for signal `$paramod$3ebd556efa5e0b51800643ceec6809e07c210b5f\SharedDelayBuffer.\i' using process `$paramod$3ebd556efa5e0b51800643ceec6809e07c210b5f\SharedDelayBuffer.$proc$rtl/peweaver_shared_fft.v:474$642'.
  created $dff cell `$procdff$1180' with positive edge clock.
Creating register for signal `$paramod$3ebd556efa5e0b51800643ceec6809e07c210b5f\SharedDelayBuffer.\buf0_re[0]' using process `$paramod$3ebd556efa5e0b51800643ceec6809e07c210b5f\SharedDelayBuffer.$proc$rtl/peweaver_shared_fft.v:474$642'.
  created $dff cell `$procdff$1181' with positive edge clock.
Creating register for signal `$paramod$3ebd556efa5e0b51800643ceec6809e07c210b5f\SharedDelayBuffer.\buf0_im[0]' using process `$paramod$3ebd556efa5e0b51800643ceec6809e07c210b5f\SharedDelayBuffer.$proc$rtl/peweaver_shared_fft.v:474$642'.
  created $dff cell `$procdff$1182' with positive edge clock.
Creating register for signal `$paramod$17914cfb50699f154dc59f1c3f8fd47b6e195f44\DelayBuffer.\n' using process `$paramod$17914cfb50699f154dc59f1c3f8fd47b6e195f44\DelayBuffer.$proc$rtl/peweaver_shared_fft.v:606$641'.
  created $dff cell `$procdff$1183' with positive edge clock.
Creating register for signal `$paramod$17914cfb50699f154dc59f1c3f8fd47b6e195f44\DelayBuffer.\buf_re[0]' using process `$paramod$17914cfb50699f154dc59f1c3f8fd47b6e195f44\DelayBuffer.$proc$rtl/peweaver_shared_fft.v:606$641'.
  created $dff cell `$procdff$1184' with positive edge clock.
Creating register for signal `$paramod$17914cfb50699f154dc59f1c3f8fd47b6e195f44\DelayBuffer.\buf_im[0]' using process `$paramod$17914cfb50699f154dc59f1c3f8fd47b6e195f44\DelayBuffer.$proc$rtl/peweaver_shared_fft.v:606$641'.
  created $dff cell `$procdff$1185' with positive edge clock.
Creating register for signal `$paramod$661d166254ab1f10e4ab9fdc594a2d052f4530e3\SharedDelayBuffer.\j' using process `$paramod$661d166254ab1f10e4ab9fdc594a2d052f4530e3\SharedDelayBuffer.$proc$rtl/peweaver_shared_fft.v:484$626'.
  created $dff cell `$procdff$1186' with positive edge clock.
Creating register for signal `$paramod$661d166254ab1f10e4ab9fdc594a2d052f4530e3\SharedDelayBuffer.\buf1_re[0]' using process `$paramod$661d166254ab1f10e4ab9fdc594a2d052f4530e3\SharedDelayBuffer.$proc$rtl/peweaver_shared_fft.v:484$626'.
  created $dff cell `$procdff$1187' with positive edge clock.
Creating register for signal `$paramod$661d166254ab1f10e4ab9fdc594a2d052f4530e3\SharedDelayBuffer.\buf1_re[1]' using process `$paramod$661d166254ab1f10e4ab9fdc594a2d052f4530e3\SharedDelayBuffer.$proc$rtl/peweaver_shared_fft.v:484$626'.
  created $dff cell `$procdff$1188' with positive edge clock.
Creating register for signal `$paramod$661d166254ab1f10e4ab9fdc594a2d052f4530e3\SharedDelayBuffer.\buf1_re[2]' using process `$paramod$661d166254ab1f10e4ab9fdc594a2d052f4530e3\SharedDelayBuffer.$proc$rtl/peweaver_shared_fft.v:484$626'.
  created $dff cell `$procdff$1189' with positive edge clock.
Creating register for signal `$paramod$661d166254ab1f10e4ab9fdc594a2d052f4530e3\SharedDelayBuffer.\buf1_re[3]' using process `$paramod$661d166254ab1f10e4ab9fdc594a2d052f4530e3\SharedDelayBuffer.$proc$rtl/peweaver_shared_fft.v:484$626'.
  created $dff cell `$procdff$1190' with positive edge clock.
Creating register for signal `$paramod$661d166254ab1f10e4ab9fdc594a2d052f4530e3\SharedDelayBuffer.\buf1_re[4]' using process `$paramod$661d166254ab1f10e4ab9fdc594a2d052f4530e3\SharedDelayBuffer.$proc$rtl/peweaver_shared_fft.v:484$626'.
  created $dff cell `$procdff$1191' with positive edge clock.
Creating register for signal `$paramod$661d166254ab1f10e4ab9fdc594a2d052f4530e3\SharedDelayBuffer.\buf1_re[5]' using process `$paramod$661d166254ab1f10e4ab9fdc594a2d052f4530e3\SharedDelayBuffer.$proc$rtl/peweaver_shared_fft.v:484$626'.
  created $dff cell `$procdff$1192' with positive edge clock.
Creating register for signal `$paramod$661d166254ab1f10e4ab9fdc594a2d052f4530e3\SharedDelayBuffer.\buf1_re[6]' using process `$paramod$661d166254ab1f10e4ab9fdc594a2d052f4530e3\SharedDelayBuffer.$proc$rtl/peweaver_shared_fft.v:484$626'.
  created $dff cell `$procdff$1193' with positive edge clock.
Creating register for signal `$paramod$661d166254ab1f10e4ab9fdc594a2d052f4530e3\SharedDelayBuffer.\buf1_re[7]' using process `$paramod$661d166254ab1f10e4ab9fdc594a2d052f4530e3\SharedDelayBuffer.$proc$rtl/peweaver_shared_fft.v:484$626'.
  created $dff cell `$procdff$1194' with positive edge clock.
Creating register for signal `$paramod$661d166254ab1f10e4ab9fdc594a2d052f4530e3\SharedDelayBuffer.\buf1_re[8]' using process `$paramod$661d166254ab1f10e4ab9fdc594a2d052f4530e3\SharedDelayBuffer.$proc$rtl/peweaver_shared_fft.v:484$626'.
  created $dff cell `$procdff$1195' with positive edge clock.
Creating register for signal `$paramod$661d166254ab1f10e4ab9fdc594a2d052f4530e3\SharedDelayBuffer.\buf1_re[9]' using process `$paramod$661d166254ab1f10e4ab9fdc594a2d052f4530e3\SharedDelayBuffer.$proc$rtl/peweaver_shared_fft.v:484$626'.
  created $dff cell `$procdff$1196' with positive edge clock.
Creating register for signal `$paramod$661d166254ab1f10e4ab9fdc594a2d052f4530e3\SharedDelayBuffer.\buf1_re[10]' using process `$paramod$661d166254ab1f10e4ab9fdc594a2d052f4530e3\SharedDelayBuffer.$proc$rtl/peweaver_shared_fft.v:484$626'.
  created $dff cell `$procdff$1197' with positive edge clock.
Creating register for signal `$paramod$661d166254ab1f10e4ab9fdc594a2d052f4530e3\SharedDelayBuffer.\buf1_re[11]' using process `$paramod$661d166254ab1f10e4ab9fdc594a2d052f4530e3\SharedDelayBuffer.$proc$rtl/peweaver_shared_fft.v:484$626'.
  created $dff cell `$procdff$1198' with positive edge clock.
Creating register for signal `$paramod$661d166254ab1f10e4ab9fdc594a2d052f4530e3\SharedDelayBuffer.\buf1_re[12]' using process `$paramod$661d166254ab1f10e4ab9fdc594a2d052f4530e3\SharedDelayBuffer.$proc$rtl/peweaver_shared_fft.v:484$626'.
  created $dff cell `$procdff$1199' with positive edge clock.
Creating register for signal `$paramod$661d166254ab1f10e4ab9fdc594a2d052f4530e3\SharedDelayBuffer.\buf1_re[13]' using process `$paramod$661d166254ab1f10e4ab9fdc594a2d052f4530e3\SharedDelayBuffer.$proc$rtl/peweaver_shared_fft.v:484$626'.
  created $dff cell `$procdff$1200' with positive edge clock.
Creating register for signal `$paramod$661d166254ab1f10e4ab9fdc594a2d052f4530e3\SharedDelayBuffer.\buf1_re[14]' using process `$paramod$661d166254ab1f10e4ab9fdc594a2d052f4530e3\SharedDelayBuffer.$proc$rtl/peweaver_shared_fft.v:484$626'.
  created $dff cell `$procdff$1201' with positive edge clock.
Creating register for signal `$paramod$661d166254ab1f10e4ab9fdc594a2d052f4530e3\SharedDelayBuffer.\buf1_re[15]' using process `$paramod$661d166254ab1f10e4ab9fdc594a2d052f4530e3\SharedDelayBuffer.$proc$rtl/peweaver_shared_fft.v:484$626'.
  created $dff cell `$procdff$1202' with positive edge clock.
Creating register for signal `$paramod$661d166254ab1f10e4ab9fdc594a2d052f4530e3\SharedDelayBuffer.\buf1_re[16]' using process `$paramod$661d166254ab1f10e4ab9fdc594a2d052f4530e3\SharedDelayBuffer.$proc$rtl/peweaver_shared_fft.v:484$626'.
  created $dff cell `$procdff$1203' with positive edge clock.
Creating register for signal `$paramod$661d166254ab1f10e4ab9fdc594a2d052f4530e3\SharedDelayBuffer.\buf1_re[17]' using process `$paramod$661d166254ab1f10e4ab9fdc594a2d052f4530e3\SharedDelayBuffer.$proc$rtl/peweaver_shared_fft.v:484$626'.
  created $dff cell `$procdff$1204' with positive edge clock.
Creating register for signal `$paramod$661d166254ab1f10e4ab9fdc594a2d052f4530e3\SharedDelayBuffer.\buf1_re[18]' using process `$paramod$661d166254ab1f10e4ab9fdc594a2d052f4530e3\SharedDelayBuffer.$proc$rtl/peweaver_shared_fft.v:484$626'.
  created $dff cell `$procdff$1205' with positive edge clock.
Creating register for signal `$paramod$661d166254ab1f10e4ab9fdc594a2d052f4530e3\SharedDelayBuffer.\buf1_re[19]' using process `$paramod$661d166254ab1f10e4ab9fdc594a2d052f4530e3\SharedDelayBuffer.$proc$rtl/peweaver_shared_fft.v:484$626'.
  created $dff cell `$procdff$1206' with positive edge clock.
Creating register for signal `$paramod$661d166254ab1f10e4ab9fdc594a2d052f4530e3\SharedDelayBuffer.\buf1_re[20]' using process `$paramod$661d166254ab1f10e4ab9fdc594a2d052f4530e3\SharedDelayBuffer.$proc$rtl/peweaver_shared_fft.v:484$626'.
  created $dff cell `$procdff$1207' with positive edge clock.
Creating register for signal `$paramod$661d166254ab1f10e4ab9fdc594a2d052f4530e3\SharedDelayBuffer.\buf1_re[21]' using process `$paramod$661d166254ab1f10e4ab9fdc594a2d052f4530e3\SharedDelayBuffer.$proc$rtl/peweaver_shared_fft.v:484$626'.
  created $dff cell `$procdff$1208' with positive edge clock.
Creating register for signal `$paramod$661d166254ab1f10e4ab9fdc594a2d052f4530e3\SharedDelayBuffer.\buf1_re[22]' using process `$paramod$661d166254ab1f10e4ab9fdc594a2d052f4530e3\SharedDelayBuffer.$proc$rtl/peweaver_shared_fft.v:484$626'.
  created $dff cell `$procdff$1209' with positive edge clock.
Creating register for signal `$paramod$661d166254ab1f10e4ab9fdc594a2d052f4530e3\SharedDelayBuffer.\buf1_re[23]' using process `$paramod$661d166254ab1f10e4ab9fdc594a2d052f4530e3\SharedDelayBuffer.$proc$rtl/peweaver_shared_fft.v:484$626'.
  created $dff cell `$procdff$1210' with positive edge clock.
Creating register for signal `$paramod$661d166254ab1f10e4ab9fdc594a2d052f4530e3\SharedDelayBuffer.\buf1_re[24]' using process `$paramod$661d166254ab1f10e4ab9fdc594a2d052f4530e3\SharedDelayBuffer.$proc$rtl/peweaver_shared_fft.v:484$626'.
  created $dff cell `$procdff$1211' with positive edge clock.
Creating register for signal `$paramod$661d166254ab1f10e4ab9fdc594a2d052f4530e3\SharedDelayBuffer.\buf1_re[25]' using process `$paramod$661d166254ab1f10e4ab9fdc594a2d052f4530e3\SharedDelayBuffer.$proc$rtl/peweaver_shared_fft.v:484$626'.
  created $dff cell `$procdff$1212' with positive edge clock.
Creating register for signal `$paramod$661d166254ab1f10e4ab9fdc594a2d052f4530e3\SharedDelayBuffer.\buf1_re[26]' using process `$paramod$661d166254ab1f10e4ab9fdc594a2d052f4530e3\SharedDelayBuffer.$proc$rtl/peweaver_shared_fft.v:484$626'.
  created $dff cell `$procdff$1213' with positive edge clock.
Creating register for signal `$paramod$661d166254ab1f10e4ab9fdc594a2d052f4530e3\SharedDelayBuffer.\buf1_re[27]' using process `$paramod$661d166254ab1f10e4ab9fdc594a2d052f4530e3\SharedDelayBuffer.$proc$rtl/peweaver_shared_fft.v:484$626'.
  created $dff cell `$procdff$1214' with positive edge clock.
Creating register for signal `$paramod$661d166254ab1f10e4ab9fdc594a2d052f4530e3\SharedDelayBuffer.\buf1_re[28]' using process `$paramod$661d166254ab1f10e4ab9fdc594a2d052f4530e3\SharedDelayBuffer.$proc$rtl/peweaver_shared_fft.v:484$626'.
  created $dff cell `$procdff$1215' with positive edge clock.
Creating register for signal `$paramod$661d166254ab1f10e4ab9fdc594a2d052f4530e3\SharedDelayBuffer.\buf1_re[29]' using process `$paramod$661d166254ab1f10e4ab9fdc594a2d052f4530e3\SharedDelayBuffer.$proc$rtl/peweaver_shared_fft.v:484$626'.
  created $dff cell `$procdff$1216' with positive edge clock.
Creating register for signal `$paramod$661d166254ab1f10e4ab9fdc594a2d052f4530e3\SharedDelayBuffer.\buf1_re[30]' using process `$paramod$661d166254ab1f10e4ab9fdc594a2d052f4530e3\SharedDelayBuffer.$proc$rtl/peweaver_shared_fft.v:484$626'.
  created $dff cell `$procdff$1217' with positive edge clock.
Creating register for signal `$paramod$661d166254ab1f10e4ab9fdc594a2d052f4530e3\SharedDelayBuffer.\buf1_re[31]' using process `$paramod$661d166254ab1f10e4ab9fdc594a2d052f4530e3\SharedDelayBuffer.$proc$rtl/peweaver_shared_fft.v:484$626'.
  created $dff cell `$procdff$1218' with positive edge clock.
Creating register for signal `$paramod$661d166254ab1f10e4ab9fdc594a2d052f4530e3\SharedDelayBuffer.\buf1_im[0]' using process `$paramod$661d166254ab1f10e4ab9fdc594a2d052f4530e3\SharedDelayBuffer.$proc$rtl/peweaver_shared_fft.v:484$626'.
  created $dff cell `$procdff$1219' with positive edge clock.
Creating register for signal `$paramod$661d166254ab1f10e4ab9fdc594a2d052f4530e3\SharedDelayBuffer.\buf1_im[1]' using process `$paramod$661d166254ab1f10e4ab9fdc594a2d052f4530e3\SharedDelayBuffer.$proc$rtl/peweaver_shared_fft.v:484$626'.
  created $dff cell `$procdff$1220' with positive edge clock.
Creating register for signal `$paramod$661d166254ab1f10e4ab9fdc594a2d052f4530e3\SharedDelayBuffer.\buf1_im[2]' using process `$paramod$661d166254ab1f10e4ab9fdc594a2d052f4530e3\SharedDelayBuffer.$proc$rtl/peweaver_shared_fft.v:484$626'.
  created $dff cell `$procdff$1221' with positive edge clock.
Creating register for signal `$paramod$661d166254ab1f10e4ab9fdc594a2d052f4530e3\SharedDelayBuffer.\buf1_im[3]' using process `$paramod$661d166254ab1f10e4ab9fdc594a2d052f4530e3\SharedDelayBuffer.$proc$rtl/peweaver_shared_fft.v:484$626'.
  created $dff cell `$procdff$1222' with positive edge clock.
Creating register for signal `$paramod$661d166254ab1f10e4ab9fdc594a2d052f4530e3\SharedDelayBuffer.\buf1_im[4]' using process `$paramod$661d166254ab1f10e4ab9fdc594a2d052f4530e3\SharedDelayBuffer.$proc$rtl/peweaver_shared_fft.v:484$626'.
  created $dff cell `$procdff$1223' with positive edge clock.
Creating register for signal `$paramod$661d166254ab1f10e4ab9fdc594a2d052f4530e3\SharedDelayBuffer.\buf1_im[5]' using process `$paramod$661d166254ab1f10e4ab9fdc594a2d052f4530e3\SharedDelayBuffer.$proc$rtl/peweaver_shared_fft.v:484$626'.
  created $dff cell `$procdff$1224' with positive edge clock.
Creating register for signal `$paramod$661d166254ab1f10e4ab9fdc594a2d052f4530e3\SharedDelayBuffer.\buf1_im[6]' using process `$paramod$661d166254ab1f10e4ab9fdc594a2d052f4530e3\SharedDelayBuffer.$proc$rtl/peweaver_shared_fft.v:484$626'.
  created $dff cell `$procdff$1225' with positive edge clock.
Creating register for signal `$paramod$661d166254ab1f10e4ab9fdc594a2d052f4530e3\SharedDelayBuffer.\buf1_im[7]' using process `$paramod$661d166254ab1f10e4ab9fdc594a2d052f4530e3\SharedDelayBuffer.$proc$rtl/peweaver_shared_fft.v:484$626'.
  created $dff cell `$procdff$1226' with positive edge clock.
Creating register for signal `$paramod$661d166254ab1f10e4ab9fdc594a2d052f4530e3\SharedDelayBuffer.\buf1_im[8]' using process `$paramod$661d166254ab1f10e4ab9fdc594a2d052f4530e3\SharedDelayBuffer.$proc$rtl/peweaver_shared_fft.v:484$626'.
  created $dff cell `$procdff$1227' with positive edge clock.
Creating register for signal `$paramod$661d166254ab1f10e4ab9fdc594a2d052f4530e3\SharedDelayBuffer.\buf1_im[9]' using process `$paramod$661d166254ab1f10e4ab9fdc594a2d052f4530e3\SharedDelayBuffer.$proc$rtl/peweaver_shared_fft.v:484$626'.
  created $dff cell `$procdff$1228' with positive edge clock.
Creating register for signal `$paramod$661d166254ab1f10e4ab9fdc594a2d052f4530e3\SharedDelayBuffer.\buf1_im[10]' using process `$paramod$661d166254ab1f10e4ab9fdc594a2d052f4530e3\SharedDelayBuffer.$proc$rtl/peweaver_shared_fft.v:484$626'.
  created $dff cell `$procdff$1229' with positive edge clock.
Creating register for signal `$paramod$661d166254ab1f10e4ab9fdc594a2d052f4530e3\SharedDelayBuffer.\buf1_im[11]' using process `$paramod$661d166254ab1f10e4ab9fdc594a2d052f4530e3\SharedDelayBuffer.$proc$rtl/peweaver_shared_fft.v:484$626'.
  created $dff cell `$procdff$1230' with positive edge clock.
Creating register for signal `$paramod$661d166254ab1f10e4ab9fdc594a2d052f4530e3\SharedDelayBuffer.\buf1_im[12]' using process `$paramod$661d166254ab1f10e4ab9fdc594a2d052f4530e3\SharedDelayBuffer.$proc$rtl/peweaver_shared_fft.v:484$626'.
  created $dff cell `$procdff$1231' with positive edge clock.
Creating register for signal `$paramod$661d166254ab1f10e4ab9fdc594a2d052f4530e3\SharedDelayBuffer.\buf1_im[13]' using process `$paramod$661d166254ab1f10e4ab9fdc594a2d052f4530e3\SharedDelayBuffer.$proc$rtl/peweaver_shared_fft.v:484$626'.
  created $dff cell `$procdff$1232' with positive edge clock.
Creating register for signal `$paramod$661d166254ab1f10e4ab9fdc594a2d052f4530e3\SharedDelayBuffer.\buf1_im[14]' using process `$paramod$661d166254ab1f10e4ab9fdc594a2d052f4530e3\SharedDelayBuffer.$proc$rtl/peweaver_shared_fft.v:484$626'.
  created $dff cell `$procdff$1233' with positive edge clock.
Creating register for signal `$paramod$661d166254ab1f10e4ab9fdc594a2d052f4530e3\SharedDelayBuffer.\buf1_im[15]' using process `$paramod$661d166254ab1f10e4ab9fdc594a2d052f4530e3\SharedDelayBuffer.$proc$rtl/peweaver_shared_fft.v:484$626'.
  created $dff cell `$procdff$1234' with positive edge clock.
Creating register for signal `$paramod$661d166254ab1f10e4ab9fdc594a2d052f4530e3\SharedDelayBuffer.\buf1_im[16]' using process `$paramod$661d166254ab1f10e4ab9fdc594a2d052f4530e3\SharedDelayBuffer.$proc$rtl/peweaver_shared_fft.v:484$626'.
  created $dff cell `$procdff$1235' with positive edge clock.
Creating register for signal `$paramod$661d166254ab1f10e4ab9fdc594a2d052f4530e3\SharedDelayBuffer.\buf1_im[17]' using process `$paramod$661d166254ab1f10e4ab9fdc594a2d052f4530e3\SharedDelayBuffer.$proc$rtl/peweaver_shared_fft.v:484$626'.
  created $dff cell `$procdff$1236' with positive edge clock.
Creating register for signal `$paramod$661d166254ab1f10e4ab9fdc594a2d052f4530e3\SharedDelayBuffer.\buf1_im[18]' using process `$paramod$661d166254ab1f10e4ab9fdc594a2d052f4530e3\SharedDelayBuffer.$proc$rtl/peweaver_shared_fft.v:484$626'.
  created $dff cell `$procdff$1237' with positive edge clock.
Creating register for signal `$paramod$661d166254ab1f10e4ab9fdc594a2d052f4530e3\SharedDelayBuffer.\buf1_im[19]' using process `$paramod$661d166254ab1f10e4ab9fdc594a2d052f4530e3\SharedDelayBuffer.$proc$rtl/peweaver_shared_fft.v:484$626'.
  created $dff cell `$procdff$1238' with positive edge clock.
Creating register for signal `$paramod$661d166254ab1f10e4ab9fdc594a2d052f4530e3\SharedDelayBuffer.\buf1_im[20]' using process `$paramod$661d166254ab1f10e4ab9fdc594a2d052f4530e3\SharedDelayBuffer.$proc$rtl/peweaver_shared_fft.v:484$626'.
  created $dff cell `$procdff$1239' with positive edge clock.
Creating register for signal `$paramod$661d166254ab1f10e4ab9fdc594a2d052f4530e3\SharedDelayBuffer.\buf1_im[21]' using process `$paramod$661d166254ab1f10e4ab9fdc594a2d052f4530e3\SharedDelayBuffer.$proc$rtl/peweaver_shared_fft.v:484$626'.
  created $dff cell `$procdff$1240' with positive edge clock.
Creating register for signal `$paramod$661d166254ab1f10e4ab9fdc594a2d052f4530e3\SharedDelayBuffer.\buf1_im[22]' using process `$paramod$661d166254ab1f10e4ab9fdc594a2d052f4530e3\SharedDelayBuffer.$proc$rtl/peweaver_shared_fft.v:484$626'.
  created $dff cell `$procdff$1241' with positive edge clock.
Creating register for signal `$paramod$661d166254ab1f10e4ab9fdc594a2d052f4530e3\SharedDelayBuffer.\buf1_im[23]' using process `$paramod$661d166254ab1f10e4ab9fdc594a2d052f4530e3\SharedDelayBuffer.$proc$rtl/peweaver_shared_fft.v:484$626'.
  created $dff cell `$procdff$1242' with positive edge clock.
Creating register for signal `$paramod$661d166254ab1f10e4ab9fdc594a2d052f4530e3\SharedDelayBuffer.\buf1_im[24]' using process `$paramod$661d166254ab1f10e4ab9fdc594a2d052f4530e3\SharedDelayBuffer.$proc$rtl/peweaver_shared_fft.v:484$626'.
  created $dff cell `$procdff$1243' with positive edge clock.
Creating register for signal `$paramod$661d166254ab1f10e4ab9fdc594a2d052f4530e3\SharedDelayBuffer.\buf1_im[25]' using process `$paramod$661d166254ab1f10e4ab9fdc594a2d052f4530e3\SharedDelayBuffer.$proc$rtl/peweaver_shared_fft.v:484$626'.
  created $dff cell `$procdff$1244' with positive edge clock.
Creating register for signal `$paramod$661d166254ab1f10e4ab9fdc594a2d052f4530e3\SharedDelayBuffer.\buf1_im[26]' using process `$paramod$661d166254ab1f10e4ab9fdc594a2d052f4530e3\SharedDelayBuffer.$proc$rtl/peweaver_shared_fft.v:484$626'.
  created $dff cell `$procdff$1245' with positive edge clock.
Creating register for signal `$paramod$661d166254ab1f10e4ab9fdc594a2d052f4530e3\SharedDelayBuffer.\buf1_im[27]' using process `$paramod$661d166254ab1f10e4ab9fdc594a2d052f4530e3\SharedDelayBuffer.$proc$rtl/peweaver_shared_fft.v:484$626'.
  created $dff cell `$procdff$1246' with positive edge clock.
Creating register for signal `$paramod$661d166254ab1f10e4ab9fdc594a2d052f4530e3\SharedDelayBuffer.\buf1_im[28]' using process `$paramod$661d166254ab1f10e4ab9fdc594a2d052f4530e3\SharedDelayBuffer.$proc$rtl/peweaver_shared_fft.v:484$626'.
  created $dff cell `$procdff$1247' with positive edge clock.
Creating register for signal `$paramod$661d166254ab1f10e4ab9fdc594a2d052f4530e3\SharedDelayBuffer.\buf1_im[29]' using process `$paramod$661d166254ab1f10e4ab9fdc594a2d052f4530e3\SharedDelayBuffer.$proc$rtl/peweaver_shared_fft.v:484$626'.
  created $dff cell `$procdff$1248' with positive edge clock.
Creating register for signal `$paramod$661d166254ab1f10e4ab9fdc594a2d052f4530e3\SharedDelayBuffer.\buf1_im[30]' using process `$paramod$661d166254ab1f10e4ab9fdc594a2d052f4530e3\SharedDelayBuffer.$proc$rtl/peweaver_shared_fft.v:484$626'.
  created $dff cell `$procdff$1249' with positive edge clock.
Creating register for signal `$paramod$661d166254ab1f10e4ab9fdc594a2d052f4530e3\SharedDelayBuffer.\buf1_im[31]' using process `$paramod$661d166254ab1f10e4ab9fdc594a2d052f4530e3\SharedDelayBuffer.$proc$rtl/peweaver_shared_fft.v:484$626'.
  created $dff cell `$procdff$1250' with positive edge clock.
Creating register for signal `$paramod$661d166254ab1f10e4ab9fdc594a2d052f4530e3\SharedDelayBuffer.\i' using process `$paramod$661d166254ab1f10e4ab9fdc594a2d052f4530e3\SharedDelayBuffer.$proc$rtl/peweaver_shared_fft.v:474$625'.
  created $dff cell `$procdff$1251' with positive edge clock.
Creating register for signal `$paramod$661d166254ab1f10e4ab9fdc594a2d052f4530e3\SharedDelayBuffer.\buf0_re[0]' using process `$paramod$661d166254ab1f10e4ab9fdc594a2d052f4530e3\SharedDelayBuffer.$proc$rtl/peweaver_shared_fft.v:474$625'.
  created $dff cell `$procdff$1252' with positive edge clock.
Creating register for signal `$paramod$661d166254ab1f10e4ab9fdc594a2d052f4530e3\SharedDelayBuffer.\buf0_re[1]' using process `$paramod$661d166254ab1f10e4ab9fdc594a2d052f4530e3\SharedDelayBuffer.$proc$rtl/peweaver_shared_fft.v:474$625'.
  created $dff cell `$procdff$1253' with positive edge clock.
Creating register for signal `$paramod$661d166254ab1f10e4ab9fdc594a2d052f4530e3\SharedDelayBuffer.\buf0_re[2]' using process `$paramod$661d166254ab1f10e4ab9fdc594a2d052f4530e3\SharedDelayBuffer.$proc$rtl/peweaver_shared_fft.v:474$625'.
  created $dff cell `$procdff$1254' with positive edge clock.
Creating register for signal `$paramod$661d166254ab1f10e4ab9fdc594a2d052f4530e3\SharedDelayBuffer.\buf0_re[3]' using process `$paramod$661d166254ab1f10e4ab9fdc594a2d052f4530e3\SharedDelayBuffer.$proc$rtl/peweaver_shared_fft.v:474$625'.
  created $dff cell `$procdff$1255' with positive edge clock.
Creating register for signal `$paramod$661d166254ab1f10e4ab9fdc594a2d052f4530e3\SharedDelayBuffer.\buf0_re[4]' using process `$paramod$661d166254ab1f10e4ab9fdc594a2d052f4530e3\SharedDelayBuffer.$proc$rtl/peweaver_shared_fft.v:474$625'.
  created $dff cell `$procdff$1256' with positive edge clock.
Creating register for signal `$paramod$661d166254ab1f10e4ab9fdc594a2d052f4530e3\SharedDelayBuffer.\buf0_re[5]' using process `$paramod$661d166254ab1f10e4ab9fdc594a2d052f4530e3\SharedDelayBuffer.$proc$rtl/peweaver_shared_fft.v:474$625'.
  created $dff cell `$procdff$1257' with positive edge clock.
Creating register for signal `$paramod$661d166254ab1f10e4ab9fdc594a2d052f4530e3\SharedDelayBuffer.\buf0_re[6]' using process `$paramod$661d166254ab1f10e4ab9fdc594a2d052f4530e3\SharedDelayBuffer.$proc$rtl/peweaver_shared_fft.v:474$625'.
  created $dff cell `$procdff$1258' with positive edge clock.
Creating register for signal `$paramod$661d166254ab1f10e4ab9fdc594a2d052f4530e3\SharedDelayBuffer.\buf0_re[7]' using process `$paramod$661d166254ab1f10e4ab9fdc594a2d052f4530e3\SharedDelayBuffer.$proc$rtl/peweaver_shared_fft.v:474$625'.
  created $dff cell `$procdff$1259' with positive edge clock.
Creating register for signal `$paramod$661d166254ab1f10e4ab9fdc594a2d052f4530e3\SharedDelayBuffer.\buf0_re[8]' using process `$paramod$661d166254ab1f10e4ab9fdc594a2d052f4530e3\SharedDelayBuffer.$proc$rtl/peweaver_shared_fft.v:474$625'.
  created $dff cell `$procdff$1260' with positive edge clock.
Creating register for signal `$paramod$661d166254ab1f10e4ab9fdc594a2d052f4530e3\SharedDelayBuffer.\buf0_re[9]' using process `$paramod$661d166254ab1f10e4ab9fdc594a2d052f4530e3\SharedDelayBuffer.$proc$rtl/peweaver_shared_fft.v:474$625'.
  created $dff cell `$procdff$1261' with positive edge clock.
Creating register for signal `$paramod$661d166254ab1f10e4ab9fdc594a2d052f4530e3\SharedDelayBuffer.\buf0_re[10]' using process `$paramod$661d166254ab1f10e4ab9fdc594a2d052f4530e3\SharedDelayBuffer.$proc$rtl/peweaver_shared_fft.v:474$625'.
  created $dff cell `$procdff$1262' with positive edge clock.
Creating register for signal `$paramod$661d166254ab1f10e4ab9fdc594a2d052f4530e3\SharedDelayBuffer.\buf0_re[11]' using process `$paramod$661d166254ab1f10e4ab9fdc594a2d052f4530e3\SharedDelayBuffer.$proc$rtl/peweaver_shared_fft.v:474$625'.
  created $dff cell `$procdff$1263' with positive edge clock.
Creating register for signal `$paramod$661d166254ab1f10e4ab9fdc594a2d052f4530e3\SharedDelayBuffer.\buf0_re[12]' using process `$paramod$661d166254ab1f10e4ab9fdc594a2d052f4530e3\SharedDelayBuffer.$proc$rtl/peweaver_shared_fft.v:474$625'.
  created $dff cell `$procdff$1264' with positive edge clock.
Creating register for signal `$paramod$661d166254ab1f10e4ab9fdc594a2d052f4530e3\SharedDelayBuffer.\buf0_re[13]' using process `$paramod$661d166254ab1f10e4ab9fdc594a2d052f4530e3\SharedDelayBuffer.$proc$rtl/peweaver_shared_fft.v:474$625'.
  created $dff cell `$procdff$1265' with positive edge clock.
Creating register for signal `$paramod$661d166254ab1f10e4ab9fdc594a2d052f4530e3\SharedDelayBuffer.\buf0_re[14]' using process `$paramod$661d166254ab1f10e4ab9fdc594a2d052f4530e3\SharedDelayBuffer.$proc$rtl/peweaver_shared_fft.v:474$625'.
  created $dff cell `$procdff$1266' with positive edge clock.
Creating register for signal `$paramod$661d166254ab1f10e4ab9fdc594a2d052f4530e3\SharedDelayBuffer.\buf0_re[15]' using process `$paramod$661d166254ab1f10e4ab9fdc594a2d052f4530e3\SharedDelayBuffer.$proc$rtl/peweaver_shared_fft.v:474$625'.
  created $dff cell `$procdff$1267' with positive edge clock.
Creating register for signal `$paramod$661d166254ab1f10e4ab9fdc594a2d052f4530e3\SharedDelayBuffer.\buf0_re[16]' using process `$paramod$661d166254ab1f10e4ab9fdc594a2d052f4530e3\SharedDelayBuffer.$proc$rtl/peweaver_shared_fft.v:474$625'.
  created $dff cell `$procdff$1268' with positive edge clock.
Creating register for signal `$paramod$661d166254ab1f10e4ab9fdc594a2d052f4530e3\SharedDelayBuffer.\buf0_re[17]' using process `$paramod$661d166254ab1f10e4ab9fdc594a2d052f4530e3\SharedDelayBuffer.$proc$rtl/peweaver_shared_fft.v:474$625'.
  created $dff cell `$procdff$1269' with positive edge clock.
Creating register for signal `$paramod$661d166254ab1f10e4ab9fdc594a2d052f4530e3\SharedDelayBuffer.\buf0_re[18]' using process `$paramod$661d166254ab1f10e4ab9fdc594a2d052f4530e3\SharedDelayBuffer.$proc$rtl/peweaver_shared_fft.v:474$625'.
  created $dff cell `$procdff$1270' with positive edge clock.
Creating register for signal `$paramod$661d166254ab1f10e4ab9fdc594a2d052f4530e3\SharedDelayBuffer.\buf0_re[19]' using process `$paramod$661d166254ab1f10e4ab9fdc594a2d052f4530e3\SharedDelayBuffer.$proc$rtl/peweaver_shared_fft.v:474$625'.
  created $dff cell `$procdff$1271' with positive edge clock.
Creating register for signal `$paramod$661d166254ab1f10e4ab9fdc594a2d052f4530e3\SharedDelayBuffer.\buf0_re[20]' using process `$paramod$661d166254ab1f10e4ab9fdc594a2d052f4530e3\SharedDelayBuffer.$proc$rtl/peweaver_shared_fft.v:474$625'.
  created $dff cell `$procdff$1272' with positive edge clock.
Creating register for signal `$paramod$661d166254ab1f10e4ab9fdc594a2d052f4530e3\SharedDelayBuffer.\buf0_re[21]' using process `$paramod$661d166254ab1f10e4ab9fdc594a2d052f4530e3\SharedDelayBuffer.$proc$rtl/peweaver_shared_fft.v:474$625'.
  created $dff cell `$procdff$1273' with positive edge clock.
Creating register for signal `$paramod$661d166254ab1f10e4ab9fdc594a2d052f4530e3\SharedDelayBuffer.\buf0_re[22]' using process `$paramod$661d166254ab1f10e4ab9fdc594a2d052f4530e3\SharedDelayBuffer.$proc$rtl/peweaver_shared_fft.v:474$625'.
  created $dff cell `$procdff$1274' with positive edge clock.
Creating register for signal `$paramod$661d166254ab1f10e4ab9fdc594a2d052f4530e3\SharedDelayBuffer.\buf0_re[23]' using process `$paramod$661d166254ab1f10e4ab9fdc594a2d052f4530e3\SharedDelayBuffer.$proc$rtl/peweaver_shared_fft.v:474$625'.
  created $dff cell `$procdff$1275' with positive edge clock.
Creating register for signal `$paramod$661d166254ab1f10e4ab9fdc594a2d052f4530e3\SharedDelayBuffer.\buf0_re[24]' using process `$paramod$661d166254ab1f10e4ab9fdc594a2d052f4530e3\SharedDelayBuffer.$proc$rtl/peweaver_shared_fft.v:474$625'.
  created $dff cell `$procdff$1276' with positive edge clock.
Creating register for signal `$paramod$661d166254ab1f10e4ab9fdc594a2d052f4530e3\SharedDelayBuffer.\buf0_re[25]' using process `$paramod$661d166254ab1f10e4ab9fdc594a2d052f4530e3\SharedDelayBuffer.$proc$rtl/peweaver_shared_fft.v:474$625'.
  created $dff cell `$procdff$1277' with positive edge clock.
Creating register for signal `$paramod$661d166254ab1f10e4ab9fdc594a2d052f4530e3\SharedDelayBuffer.\buf0_re[26]' using process `$paramod$661d166254ab1f10e4ab9fdc594a2d052f4530e3\SharedDelayBuffer.$proc$rtl/peweaver_shared_fft.v:474$625'.
  created $dff cell `$procdff$1278' with positive edge clock.
Creating register for signal `$paramod$661d166254ab1f10e4ab9fdc594a2d052f4530e3\SharedDelayBuffer.\buf0_re[27]' using process `$paramod$661d166254ab1f10e4ab9fdc594a2d052f4530e3\SharedDelayBuffer.$proc$rtl/peweaver_shared_fft.v:474$625'.
  created $dff cell `$procdff$1279' with positive edge clock.
Creating register for signal `$paramod$661d166254ab1f10e4ab9fdc594a2d052f4530e3\SharedDelayBuffer.\buf0_re[28]' using process `$paramod$661d166254ab1f10e4ab9fdc594a2d052f4530e3\SharedDelayBuffer.$proc$rtl/peweaver_shared_fft.v:474$625'.
  created $dff cell `$procdff$1280' with positive edge clock.
Creating register for signal `$paramod$661d166254ab1f10e4ab9fdc594a2d052f4530e3\SharedDelayBuffer.\buf0_re[29]' using process `$paramod$661d166254ab1f10e4ab9fdc594a2d052f4530e3\SharedDelayBuffer.$proc$rtl/peweaver_shared_fft.v:474$625'.
  created $dff cell `$procdff$1281' with positive edge clock.
Creating register for signal `$paramod$661d166254ab1f10e4ab9fdc594a2d052f4530e3\SharedDelayBuffer.\buf0_re[30]' using process `$paramod$661d166254ab1f10e4ab9fdc594a2d052f4530e3\SharedDelayBuffer.$proc$rtl/peweaver_shared_fft.v:474$625'.
  created $dff cell `$procdff$1282' with positive edge clock.
Creating register for signal `$paramod$661d166254ab1f10e4ab9fdc594a2d052f4530e3\SharedDelayBuffer.\buf0_re[31]' using process `$paramod$661d166254ab1f10e4ab9fdc594a2d052f4530e3\SharedDelayBuffer.$proc$rtl/peweaver_shared_fft.v:474$625'.
  created $dff cell `$procdff$1283' with positive edge clock.
Creating register for signal `$paramod$661d166254ab1f10e4ab9fdc594a2d052f4530e3\SharedDelayBuffer.\buf0_im[0]' using process `$paramod$661d166254ab1f10e4ab9fdc594a2d052f4530e3\SharedDelayBuffer.$proc$rtl/peweaver_shared_fft.v:474$625'.
  created $dff cell `$procdff$1284' with positive edge clock.
Creating register for signal `$paramod$661d166254ab1f10e4ab9fdc594a2d052f4530e3\SharedDelayBuffer.\buf0_im[1]' using process `$paramod$661d166254ab1f10e4ab9fdc594a2d052f4530e3\SharedDelayBuffer.$proc$rtl/peweaver_shared_fft.v:474$625'.
  created $dff cell `$procdff$1285' with positive edge clock.
Creating register for signal `$paramod$661d166254ab1f10e4ab9fdc594a2d052f4530e3\SharedDelayBuffer.\buf0_im[2]' using process `$paramod$661d166254ab1f10e4ab9fdc594a2d052f4530e3\SharedDelayBuffer.$proc$rtl/peweaver_shared_fft.v:474$625'.
  created $dff cell `$procdff$1286' with positive edge clock.
Creating register for signal `$paramod$661d166254ab1f10e4ab9fdc594a2d052f4530e3\SharedDelayBuffer.\buf0_im[3]' using process `$paramod$661d166254ab1f10e4ab9fdc594a2d052f4530e3\SharedDelayBuffer.$proc$rtl/peweaver_shared_fft.v:474$625'.
  created $dff cell `$procdff$1287' with positive edge clock.
Creating register for signal `$paramod$661d166254ab1f10e4ab9fdc594a2d052f4530e3\SharedDelayBuffer.\buf0_im[4]' using process `$paramod$661d166254ab1f10e4ab9fdc594a2d052f4530e3\SharedDelayBuffer.$proc$rtl/peweaver_shared_fft.v:474$625'.
  created $dff cell `$procdff$1288' with positive edge clock.
Creating register for signal `$paramod$661d166254ab1f10e4ab9fdc594a2d052f4530e3\SharedDelayBuffer.\buf0_im[5]' using process `$paramod$661d166254ab1f10e4ab9fdc594a2d052f4530e3\SharedDelayBuffer.$proc$rtl/peweaver_shared_fft.v:474$625'.
  created $dff cell `$procdff$1289' with positive edge clock.
Creating register for signal `$paramod$661d166254ab1f10e4ab9fdc594a2d052f4530e3\SharedDelayBuffer.\buf0_im[6]' using process `$paramod$661d166254ab1f10e4ab9fdc594a2d052f4530e3\SharedDelayBuffer.$proc$rtl/peweaver_shared_fft.v:474$625'.
  created $dff cell `$procdff$1290' with positive edge clock.
Creating register for signal `$paramod$661d166254ab1f10e4ab9fdc594a2d052f4530e3\SharedDelayBuffer.\buf0_im[7]' using process `$paramod$661d166254ab1f10e4ab9fdc594a2d052f4530e3\SharedDelayBuffer.$proc$rtl/peweaver_shared_fft.v:474$625'.
  created $dff cell `$procdff$1291' with positive edge clock.
Creating register for signal `$paramod$661d166254ab1f10e4ab9fdc594a2d052f4530e3\SharedDelayBuffer.\buf0_im[8]' using process `$paramod$661d166254ab1f10e4ab9fdc594a2d052f4530e3\SharedDelayBuffer.$proc$rtl/peweaver_shared_fft.v:474$625'.
  created $dff cell `$procdff$1292' with positive edge clock.
Creating register for signal `$paramod$661d166254ab1f10e4ab9fdc594a2d052f4530e3\SharedDelayBuffer.\buf0_im[9]' using process `$paramod$661d166254ab1f10e4ab9fdc594a2d052f4530e3\SharedDelayBuffer.$proc$rtl/peweaver_shared_fft.v:474$625'.
  created $dff cell `$procdff$1293' with positive edge clock.
Creating register for signal `$paramod$661d166254ab1f10e4ab9fdc594a2d052f4530e3\SharedDelayBuffer.\buf0_im[10]' using process `$paramod$661d166254ab1f10e4ab9fdc594a2d052f4530e3\SharedDelayBuffer.$proc$rtl/peweaver_shared_fft.v:474$625'.
  created $dff cell `$procdff$1294' with positive edge clock.
Creating register for signal `$paramod$661d166254ab1f10e4ab9fdc594a2d052f4530e3\SharedDelayBuffer.\buf0_im[11]' using process `$paramod$661d166254ab1f10e4ab9fdc594a2d052f4530e3\SharedDelayBuffer.$proc$rtl/peweaver_shared_fft.v:474$625'.
  created $dff cell `$procdff$1295' with positive edge clock.
Creating register for signal `$paramod$661d166254ab1f10e4ab9fdc594a2d052f4530e3\SharedDelayBuffer.\buf0_im[12]' using process `$paramod$661d166254ab1f10e4ab9fdc594a2d052f4530e3\SharedDelayBuffer.$proc$rtl/peweaver_shared_fft.v:474$625'.
  created $dff cell `$procdff$1296' with positive edge clock.
Creating register for signal `$paramod$661d166254ab1f10e4ab9fdc594a2d052f4530e3\SharedDelayBuffer.\buf0_im[13]' using process `$paramod$661d166254ab1f10e4ab9fdc594a2d052f4530e3\SharedDelayBuffer.$proc$rtl/peweaver_shared_fft.v:474$625'.
  created $dff cell `$procdff$1297' with positive edge clock.
Creating register for signal `$paramod$661d166254ab1f10e4ab9fdc594a2d052f4530e3\SharedDelayBuffer.\buf0_im[14]' using process `$paramod$661d166254ab1f10e4ab9fdc594a2d052f4530e3\SharedDelayBuffer.$proc$rtl/peweaver_shared_fft.v:474$625'.
  created $dff cell `$procdff$1298' with positive edge clock.
Creating register for signal `$paramod$661d166254ab1f10e4ab9fdc594a2d052f4530e3\SharedDelayBuffer.\buf0_im[15]' using process `$paramod$661d166254ab1f10e4ab9fdc594a2d052f4530e3\SharedDelayBuffer.$proc$rtl/peweaver_shared_fft.v:474$625'.
  created $dff cell `$procdff$1299' with positive edge clock.
Creating register for signal `$paramod$661d166254ab1f10e4ab9fdc594a2d052f4530e3\SharedDelayBuffer.\buf0_im[16]' using process `$paramod$661d166254ab1f10e4ab9fdc594a2d052f4530e3\SharedDelayBuffer.$proc$rtl/peweaver_shared_fft.v:474$625'.
  created $dff cell `$procdff$1300' with positive edge clock.
Creating register for signal `$paramod$661d166254ab1f10e4ab9fdc594a2d052f4530e3\SharedDelayBuffer.\buf0_im[17]' using process `$paramod$661d166254ab1f10e4ab9fdc594a2d052f4530e3\SharedDelayBuffer.$proc$rtl/peweaver_shared_fft.v:474$625'.
  created $dff cell `$procdff$1301' with positive edge clock.
Creating register for signal `$paramod$661d166254ab1f10e4ab9fdc594a2d052f4530e3\SharedDelayBuffer.\buf0_im[18]' using process `$paramod$661d166254ab1f10e4ab9fdc594a2d052f4530e3\SharedDelayBuffer.$proc$rtl/peweaver_shared_fft.v:474$625'.
  created $dff cell `$procdff$1302' with positive edge clock.
Creating register for signal `$paramod$661d166254ab1f10e4ab9fdc594a2d052f4530e3\SharedDelayBuffer.\buf0_im[19]' using process `$paramod$661d166254ab1f10e4ab9fdc594a2d052f4530e3\SharedDelayBuffer.$proc$rtl/peweaver_shared_fft.v:474$625'.
  created $dff cell `$procdff$1303' with positive edge clock.
Creating register for signal `$paramod$661d166254ab1f10e4ab9fdc594a2d052f4530e3\SharedDelayBuffer.\buf0_im[20]' using process `$paramod$661d166254ab1f10e4ab9fdc594a2d052f4530e3\SharedDelayBuffer.$proc$rtl/peweaver_shared_fft.v:474$625'.
  created $dff cell `$procdff$1304' with positive edge clock.
Creating register for signal `$paramod$661d166254ab1f10e4ab9fdc594a2d052f4530e3\SharedDelayBuffer.\buf0_im[21]' using process `$paramod$661d166254ab1f10e4ab9fdc594a2d052f4530e3\SharedDelayBuffer.$proc$rtl/peweaver_shared_fft.v:474$625'.
  created $dff cell `$procdff$1305' with positive edge clock.
Creating register for signal `$paramod$661d166254ab1f10e4ab9fdc594a2d052f4530e3\SharedDelayBuffer.\buf0_im[22]' using process `$paramod$661d166254ab1f10e4ab9fdc594a2d052f4530e3\SharedDelayBuffer.$proc$rtl/peweaver_shared_fft.v:474$625'.
  created $dff cell `$procdff$1306' with positive edge clock.
Creating register for signal `$paramod$661d166254ab1f10e4ab9fdc594a2d052f4530e3\SharedDelayBuffer.\buf0_im[23]' using process `$paramod$661d166254ab1f10e4ab9fdc594a2d052f4530e3\SharedDelayBuffer.$proc$rtl/peweaver_shared_fft.v:474$625'.
  created $dff cell `$procdff$1307' with positive edge clock.
Creating register for signal `$paramod$661d166254ab1f10e4ab9fdc594a2d052f4530e3\SharedDelayBuffer.\buf0_im[24]' using process `$paramod$661d166254ab1f10e4ab9fdc594a2d052f4530e3\SharedDelayBuffer.$proc$rtl/peweaver_shared_fft.v:474$625'.
  created $dff cell `$procdff$1308' with positive edge clock.
Creating register for signal `$paramod$661d166254ab1f10e4ab9fdc594a2d052f4530e3\SharedDelayBuffer.\buf0_im[25]' using process `$paramod$661d166254ab1f10e4ab9fdc594a2d052f4530e3\SharedDelayBuffer.$proc$rtl/peweaver_shared_fft.v:474$625'.
  created $dff cell `$procdff$1309' with positive edge clock.
Creating register for signal `$paramod$661d166254ab1f10e4ab9fdc594a2d052f4530e3\SharedDelayBuffer.\buf0_im[26]' using process `$paramod$661d166254ab1f10e4ab9fdc594a2d052f4530e3\SharedDelayBuffer.$proc$rtl/peweaver_shared_fft.v:474$625'.
  created $dff cell `$procdff$1310' with positive edge clock.
Creating register for signal `$paramod$661d166254ab1f10e4ab9fdc594a2d052f4530e3\SharedDelayBuffer.\buf0_im[27]' using process `$paramod$661d166254ab1f10e4ab9fdc594a2d052f4530e3\SharedDelayBuffer.$proc$rtl/peweaver_shared_fft.v:474$625'.
  created $dff cell `$procdff$1311' with positive edge clock.
Creating register for signal `$paramod$661d166254ab1f10e4ab9fdc594a2d052f4530e3\SharedDelayBuffer.\buf0_im[28]' using process `$paramod$661d166254ab1f10e4ab9fdc594a2d052f4530e3\SharedDelayBuffer.$proc$rtl/peweaver_shared_fft.v:474$625'.
  created $dff cell `$procdff$1312' with positive edge clock.
Creating register for signal `$paramod$661d166254ab1f10e4ab9fdc594a2d052f4530e3\SharedDelayBuffer.\buf0_im[29]' using process `$paramod$661d166254ab1f10e4ab9fdc594a2d052f4530e3\SharedDelayBuffer.$proc$rtl/peweaver_shared_fft.v:474$625'.
  created $dff cell `$procdff$1313' with positive edge clock.
Creating register for signal `$paramod$661d166254ab1f10e4ab9fdc594a2d052f4530e3\SharedDelayBuffer.\buf0_im[30]' using process `$paramod$661d166254ab1f10e4ab9fdc594a2d052f4530e3\SharedDelayBuffer.$proc$rtl/peweaver_shared_fft.v:474$625'.
  created $dff cell `$procdff$1314' with positive edge clock.
Creating register for signal `$paramod$661d166254ab1f10e4ab9fdc594a2d052f4530e3\SharedDelayBuffer.\buf0_im[31]' using process `$paramod$661d166254ab1f10e4ab9fdc594a2d052f4530e3\SharedDelayBuffer.$proc$rtl/peweaver_shared_fft.v:474$625'.
  created $dff cell `$procdff$1315' with positive edge clock.
Creating register for signal `\peweaver_ppa_reset_sync_shared.\sync_ff' using process `\peweaver_ppa_reset_sync_shared.$proc$rtl/peweaver_ppa_shared_fft.v:15$1'.
  created $adff cell `$procdff$1318' with positive edge clock and positive level reset.

4.2.10. Executing PROC_MEMWR pass (convert process memory writes to cells).

4.2.11. Executing PROC_CLEAN pass (remove empty switches from decision trees).
Removing empty process `$paramod$dc25daec3dd8bd6d76b02d3c5368e2485052c5da\SharedDelayBuffer.$proc$rtl/peweaver_shared_fft.v:484$610'.
Removing empty process `$paramod$dc25daec3dd8bd6d76b02d3c5368e2485052c5da\SharedDelayBuffer.$proc$rtl/peweaver_shared_fft.v:474$609'.
Removing empty process `$paramod$ddd1dbeb542b066b17317505cd6a065ae38cf366\SharedSdfUnit.$proc$rtl/peweaver_shared_fft.v:426$589'.
Removing empty process `$paramod$ddd1dbeb542b066b17317505cd6a065ae38cf366\SharedSdfUnit.$proc$rtl/peweaver_shared_fft.v:421$586'.
Removing empty process `$paramod$ddd1dbeb542b066b17317505cd6a065ae38cf366\SharedSdfUnit.$proc$rtl/peweaver_shared_fft.v:399$584'.
Removing empty process `$paramod$ddd1dbeb542b066b17317505cd6a065ae38cf366\SharedSdfUnit.$proc$rtl/peweaver_shared_fft.v:378$581'.
Removing empty process `$paramod$ddd1dbeb542b066b17317505cd6a065ae38cf366\SharedSdfUnit.$proc$rtl/peweaver_shared_fft.v:362$578'.
Removing empty process `$paramod$ddd1dbeb542b066b17317505cd6a065ae38cf366\SharedSdfUnit.$proc$rtl/peweaver_shared_fft.v:357$577'.
Removing empty process `$paramod$ddd1dbeb542b066b17317505cd6a065ae38cf366\SharedSdfUnit.$proc$rtl/peweaver_shared_fft.v:343$570'.
Removing empty process `$paramod$ddd1dbeb542b066b17317505cd6a065ae38cf366\SharedSdfUnit.$proc$rtl/peweaver_shared_fft.v:331$566'.
Removing empty process `$paramod$ddd1dbeb542b066b17317505cd6a065ae38cf366\SharedSdfUnit.$proc$rtl/peweaver_shared_fft.v:289$561'.
Removing empty process `$paramod$ddd1dbeb542b066b17317505cd6a065ae38cf366\SharedSdfUnit.$proc$rtl/peweaver_shared_fft.v:279$559'.
Removing empty process `$paramod$ddd1dbeb542b066b17317505cd6a065ae38cf366\SharedSdfUnit.$proc$rtl/peweaver_shared_fft.v:261$545'.
Removing empty process `$paramod$ddd1dbeb542b066b17317505cd6a065ae38cf366\SharedSdfUnit.$proc$rtl/peweaver_shared_fft.v:215$535'.
Removing empty process `$paramod$8d11d99acb7471071f15885b81a84929edb08a8f\SharedSdfUnit.$proc$rtl/peweaver_shared_fft.v:426$522'.
Removing empty process `$paramod$8d11d99acb7471071f15885b81a84929edb08a8f\SharedSdfUnit.$proc$rtl/peweaver_shared_fft.v:421$519'.
Removing empty process `$paramod$8d11d99acb7471071f15885b81a84929edb08a8f\SharedSdfUnit.$proc$rtl/peweaver_shared_fft.v:399$517'.
Removing empty process `$paramod$8d11d99acb7471071f15885b81a84929edb08a8f\SharedSdfUnit.$proc$rtl/peweaver_shared_fft.v:378$514'.
Removing empty process `$paramod$8d11d99acb7471071f15885b81a84929edb08a8f\SharedSdfUnit.$proc$rtl/peweaver_shared_fft.v:362$511'.
Removing empty process `$paramod$8d11d99acb7471071f15885b81a84929edb08a8f\SharedSdfUnit.$proc$rtl/peweaver_shared_fft.v:357$510'.
Removing empty process `$paramod$8d11d99acb7471071f15885b81a84929edb08a8f\SharedSdfUnit.$proc$rtl/peweaver_shared_fft.v:343$503'.
Removing empty process `$paramod$8d11d99acb7471071f15885b81a84929edb08a8f\SharedSdfUnit.$proc$rtl/peweaver_shared_fft.v:331$499'.
Removing empty process `$paramod$8d11d99acb7471071f15885b81a84929edb08a8f\SharedSdfUnit.$proc$rtl/peweaver_shared_fft.v:289$494'.
Removing empty process `$paramod$8d11d99acb7471071f15885b81a84929edb08a8f\SharedSdfUnit.$proc$rtl/peweaver_shared_fft.v:279$492'.
Removing empty process `$paramod$8d11d99acb7471071f15885b81a84929edb08a8f\SharedSdfUnit.$proc$rtl/peweaver_shared_fft.v:261$478'.
Removing empty process `$paramod$8d11d99acb7471071f15885b81a84929edb08a8f\SharedSdfUnit.$proc$rtl/peweaver_shared_fft.v:215$468'.
Removing empty process `$paramod$13c884fdcaf50f82d9759f7b9da10f470b3fe4f1\SharedSdfUnit.$proc$rtl/peweaver_shared_fft.v:426$455'.
Removing empty process `$paramod$13c884fdcaf50f82d9759f7b9da10f470b3fe4f1\SharedSdfUnit.$proc$rtl/peweaver_shared_fft.v:421$452'.
Removing empty process `$paramod$13c884fdcaf50f82d9759f7b9da10f470b3fe4f1\SharedSdfUnit.$proc$rtl/peweaver_shared_fft.v:399$450'.
Removing empty process `$paramod$13c884fdcaf50f82d9759f7b9da10f470b3fe4f1\SharedSdfUnit.$proc$rtl/peweaver_shared_fft.v:378$447'.
Removing empty process `$paramod$13c884fdcaf50f82d9759f7b9da10f470b3fe4f1\SharedSdfUnit.$proc$rtl/peweaver_shared_fft.v:362$444'.
Removing empty process `$paramod$13c884fdcaf50f82d9759f7b9da10f470b3fe4f1\SharedSdfUnit.$proc$rtl/peweaver_shared_fft.v:357$443'.
Removing empty process `$paramod$13c884fdcaf50f82d9759f7b9da10f470b3fe4f1\SharedSdfUnit.$proc$rtl/peweaver_shared_fft.v:343$436'.
Removing empty process `$paramod$13c884fdcaf50f82d9759f7b9da10f470b3fe4f1\SharedSdfUnit.$proc$rtl/peweaver_shared_fft.v:331$432'.
Removing empty process `$paramod$13c884fdcaf50f82d9759f7b9da10f470b3fe4f1\SharedSdfUnit.$proc$rtl/peweaver_shared_fft.v:289$427'.
Removing empty process `$paramod$13c884fdcaf50f82d9759f7b9da10f470b3fe4f1\SharedSdfUnit.$proc$rtl/peweaver_shared_fft.v:279$425'.
Removing empty process `$paramod$13c884fdcaf50f82d9759f7b9da10f470b3fe4f1\SharedSdfUnit.$proc$rtl/peweaver_shared_fft.v:261$411'.
Removing empty process `$paramod$13c884fdcaf50f82d9759f7b9da10f470b3fe4f1\SharedSdfUnit.$proc$rtl/peweaver_shared_fft.v:215$401'.
Removing empty process `$paramod$acfde09421055442384df923236884512d648c66\SdfUnit2.$proc$rtl/peweaver_shared_fft.v:580$397'.
Removing empty process `$paramod$acfde09421055442384df923236884512d648c66\SdfUnit2.$proc$rtl/peweaver_shared_fft.v:570$396'.
Removing empty process `$paramod$acfde09421055442384df923236884512d648c66\SdfUnit2.$proc$rtl/peweaver_shared_fft.v:533$389'.
Found and cleaned up 2 empty switches in `$paramod\peweaver_shared_fft\WIDTH=s32'00000000000000000000000000010000.$proc$rtl/peweaver_shared_fft.v:57$381'.
Removing empty process `$paramod\peweaver_shared_fft\WIDTH=s32'00000000000000000000000000010000.$proc$rtl/peweaver_shared_fft.v:57$381'.
Removing empty process `Twiddle.$proc$rtl/peweaver_shared_fft.v:835$380'.
Removing empty process `Twiddle.$proc$rtl/peweaver_shared_fft.v:835$379'.
Removing empty process `Twiddle.$proc$rtl/peweaver_shared_fft.v:834$378'.
Removing empty process `Twiddle.$proc$rtl/peweaver_shared_fft.v:834$377'.
Removing empty process `Twiddle.$proc$rtl/peweaver_shared_fft.v:833$376'.
Removing empty process `Twiddle.$proc$rtl/peweaver_shared_fft.v:833$375'.
Removing empty process `Twiddle.$proc$rtl/peweaver_shared_fft.v:832$374'.
Removing empty process `Twiddle.$proc$rtl/peweaver_shared_fft.v:832$373'.
Removing empty process `Twiddle.$proc$rtl/peweaver_shared_fft.v:831$372'.
Removing empty process `Twiddle.$proc$rtl/peweaver_shared_fft.v:831$371'.
Removing empty process `Twiddle.$proc$rtl/peweaver_shared_fft.v:830$370'.
Removing empty process `Twiddle.$proc$rtl/peweaver_shared_fft.v:830$369'.
Removing empty process `Twiddle.$proc$rtl/peweaver_shared_fft.v:829$368'.
Removing empty process `Twiddle.$proc$rtl/peweaver_shared_fft.v:829$367'.
Removing empty process `Twiddle.$proc$rtl/peweaver_shared_fft.v:828$366'.
Removing empty process `Twiddle.$proc$rtl/peweaver_shared_fft.v:828$365'.
Removing empty process `Twiddle.$proc$rtl/peweaver_shared_fft.v:827$364'.
Removing empty process `Twiddle.$proc$rtl/peweaver_shared_fft.v:827$363'.
Removing empty process `Twiddle.$proc$rtl/peweaver_shared_fft.v:826$362'.
Removing empty process `Twiddle.$proc$rtl/peweaver_shared_fft.v:826$361'.
Removing empty process `Twiddle.$proc$rtl/peweaver_shared_fft.v:825$360'.
Removing empty process `Twiddle.$proc$rtl/peweaver_shared_fft.v:825$359'.
Removing empty process `Twiddle.$proc$rtl/peweaver_shared_fft.v:824$358'.
Removing empty process `Twiddle.$proc$rtl/peweaver_shared_fft.v:824$357'.
Removing empty process `Twiddle.$proc$rtl/peweaver_shared_fft.v:823$356'.
Removing empty process `Twiddle.$proc$rtl/peweaver_shared_fft.v:823$355'.
Removing empty process `Twiddle.$proc$rtl/peweaver_shared_fft.v:822$354'.
Removing empty process `Twiddle.$proc$rtl/peweaver_shared_fft.v:822$353'.
Removing empty process `Twiddle.$proc$rtl/peweaver_shared_fft.v:821$352'.
Removing empty process `Twiddle.$proc$rtl/peweaver_shared_fft.v:821$351'.
Removing empty process `Twiddle.$proc$rtl/peweaver_shared_fft.v:820$350'.
Removing empty process `Twiddle.$proc$rtl/peweaver_shared_fft.v:820$349'.
Removing empty process `Twiddle.$proc$rtl/peweaver_shared_fft.v:819$348'.
Removing empty process `Twiddle.$proc$rtl/peweaver_shared_fft.v:819$347'.
Removing empty process `Twiddle.$proc$rtl/peweaver_shared_fft.v:818$346'.
Removing empty process `Twiddle.$proc$rtl/peweaver_shared_fft.v:818$345'.
Removing empty process `Twiddle.$proc$rtl/peweaver_shared_fft.v:817$344'.
Removing empty process `Twiddle.$proc$rtl/peweaver_shared_fft.v:817$343'.
Removing empty process `Twiddle.$proc$rtl/peweaver_shared_fft.v:816$342'.
Removing empty process `Twiddle.$proc$rtl/peweaver_shared_fft.v:816$341'.
Removing empty process `Twiddle.$proc$rtl/peweaver_shared_fft.v:815$340'.
Removing empty process `Twiddle.$proc$rtl/peweaver_shared_fft.v:815$339'.
Removing empty process `Twiddle.$proc$rtl/peweaver_shared_fft.v:814$338'.
Removing empty process `Twiddle.$proc$rtl/peweaver_shared_fft.v:814$337'.
Removing empty process `Twiddle.$proc$rtl/peweaver_shared_fft.v:813$336'.
Removing empty process `Twiddle.$proc$rtl/peweaver_shared_fft.v:813$335'.
Removing empty process `Twiddle.$proc$rtl/peweaver_shared_fft.v:812$334'.
Removing empty process `Twiddle.$proc$rtl/peweaver_shared_fft.v:812$333'.
Removing empty process `Twiddle.$proc$rtl/peweaver_shared_fft.v:811$332'.
Removing empty process `Twiddle.$proc$rtl/peweaver_shared_fft.v:811$331'.
Removing empty process `Twiddle.$proc$rtl/peweaver_shared_fft.v:810$330'.
Removing empty process `Twiddle.$proc$rtl/peweaver_shared_fft.v:810$329'.
Removing empty process `Twiddle.$proc$rtl/peweaver_shared_fft.v:809$328'.
Removing empty process `Twiddle.$proc$rtl/peweaver_shared_fft.v:809$327'.
Removing empty process `Twiddle.$proc$rtl/peweaver_shared_fft.v:808$326'.
Removing empty process `Twiddle.$proc$rtl/peweaver_shared_fft.v:808$325'.
Removing empty process `Twiddle.$proc$rtl/peweaver_shared_fft.v:807$324'.
Removing empty process `Twiddle.$proc$rtl/peweaver_shared_fft.v:807$323'.
Removing empty process `Twiddle.$proc$rtl/peweaver_shared_fft.v:806$322'.
Removing empty process `Twiddle.$proc$rtl/peweaver_shared_fft.v:806$321'.
Removing empty process `Twiddle.$proc$rtl/peweaver_shared_fft.v:805$320'.
Removing empty process `Twiddle.$proc$rtl/peweaver_shared_fft.v:805$319'.
Removing empty process `Twiddle.$proc$rtl/peweaver_shared_fft.v:804$318'.
Removing empty process `Twiddle.$proc$rtl/peweaver_shared_fft.v:804$317'.
Removing empty process `Twiddle.$proc$rtl/peweaver_shared_fft.v:803$316'.
Removing empty process `Twiddle.$proc$rtl/peweaver_shared_fft.v:803$315'.
Removing empty process `Twiddle.$proc$rtl/peweaver_shared_fft.v:802$314'.
Removing empty process `Twiddle.$proc$rtl/peweaver_shared_fft.v:802$313'.
Removing empty process `Twiddle.$proc$rtl/peweaver_shared_fft.v:801$312'.
Removing empty process `Twiddle.$proc$rtl/peweaver_shared_fft.v:801$311'.
Removing empty process `Twiddle.$proc$rtl/peweaver_shared_fft.v:800$310'.
Removing empty process `Twiddle.$proc$rtl/peweaver_shared_fft.v:800$309'.
Removing empty process `Twiddle.$proc$rtl/peweaver_shared_fft.v:799$308'.
Removing empty process `Twiddle.$proc$rtl/peweaver_shared_fft.v:799$307'.
Removing empty process `Twiddle.$proc$rtl/peweaver_shared_fft.v:798$306'.
Removing empty process `Twiddle.$proc$rtl/peweaver_shared_fft.v:798$305'.
Removing empty process `Twiddle.$proc$rtl/peweaver_shared_fft.v:797$304'.
Removing empty process `Twiddle.$proc$rtl/peweaver_shared_fft.v:797$303'.
Removing empty process `Twiddle.$proc$rtl/peweaver_shared_fft.v:796$302'.
Removing empty process `Twiddle.$proc$rtl/peweaver_shared_fft.v:796$301'.
Removing empty process `Twiddle.$proc$rtl/peweaver_shared_fft.v:795$300'.
Removing empty process `Twiddle.$proc$rtl/peweaver_shared_fft.v:795$299'.
Removing empty process `Twiddle.$proc$rtl/peweaver_shared_fft.v:794$298'.
Removing empty process `Twiddle.$proc$rtl/peweaver_shared_fft.v:794$297'.
Removing empty process `Twiddle.$proc$rtl/peweaver_shared_fft.v:793$296'.
Removing empty process `Twiddle.$proc$rtl/peweaver_shared_fft.v:793$295'.
Removing empty process `Twiddle.$proc$rtl/peweaver_shared_fft.v:792$294'.
Removing empty process `Twiddle.$proc$rtl/peweaver_shared_fft.v:792$293'.
Removing empty process `Twiddle.$proc$rtl/peweaver_shared_fft.v:791$292'.
Removing empty process `Twiddle.$proc$rtl/peweaver_shared_fft.v:791$291'.
Removing empty process `Twiddle.$proc$rtl/peweaver_shared_fft.v:790$290'.
Removing empty process `Twiddle.$proc$rtl/peweaver_shared_fft.v:790$289'.
Removing empty process `Twiddle.$proc$rtl/peweaver_shared_fft.v:789$288'.
Removing empty process `Twiddle.$proc$rtl/peweaver_shared_fft.v:789$287'.
Removing empty process `Twiddle.$proc$rtl/peweaver_shared_fft.v:788$286'.
Removing empty process `Twiddle.$proc$rtl/peweaver_shared_fft.v:788$285'.
Removing empty process `Twiddle.$proc$rtl/peweaver_shared_fft.v:787$284'.
Removing empty process `Twiddle.$proc$rtl/peweaver_shared_fft.v:787$283'.
Removing empty process `Twiddle.$proc$rtl/peweaver_shared_fft.v:786$282'.
Removing empty process `Twiddle.$proc$rtl/peweaver_shared_fft.v:786$281'.
Removing empty process `Twiddle.$proc$rtl/peweaver_shared_fft.v:785$280'.
Removing empty process `Twiddle.$proc$rtl/peweaver_shared_fft.v:785$279'.
Removing empty process `Twiddle.$proc$rtl/peweaver_shared_fft.v:784$278'.
Removing empty process `Twiddle.$proc$rtl/peweaver_shared_fft.v:784$277'.
Removing empty process `Twiddle.$proc$rtl/peweaver_shared_fft.v:783$276'.
Removing empty process `Twiddle.$proc$rtl/peweaver_shared_fft.v:783$275'.
Removing empty process `Twiddle.$proc$rtl/peweaver_shared_fft.v:782$274'.
Removing empty process `Twiddle.$proc$rtl/peweaver_shared_fft.v:782$273'.
Removing empty process `Twiddle.$proc$rtl/peweaver_shared_fft.v:781$272'.
Removing empty process `Twiddle.$proc$rtl/peweaver_shared_fft.v:781$271'.
Removing empty process `Twiddle.$proc$rtl/peweaver_shared_fft.v:780$270'.
Removing empty process `Twiddle.$proc$rtl/peweaver_shared_fft.v:780$269'.
Removing empty process `Twiddle.$proc$rtl/peweaver_shared_fft.v:779$268'.
Removing empty process `Twiddle.$proc$rtl/peweaver_shared_fft.v:779$267'.
Removing empty process `Twiddle.$proc$rtl/peweaver_shared_fft.v:778$266'.
Removing empty process `Twiddle.$proc$rtl/peweaver_shared_fft.v:778$265'.
Removing empty process `Twiddle.$proc$rtl/peweaver_shared_fft.v:777$264'.
Removing empty process `Twiddle.$proc$rtl/peweaver_shared_fft.v:777$263'.
Removing empty process `Twiddle.$proc$rtl/peweaver_shared_fft.v:776$262'.
Removing empty process `Twiddle.$proc$rtl/peweaver_shared_fft.v:776$261'.
Removing empty process `Twiddle.$proc$rtl/peweaver_shared_fft.v:775$260'.
Removing empty process `Twiddle.$proc$rtl/peweaver_shared_fft.v:775$259'.
Removing empty process `Twiddle.$proc$rtl/peweaver_shared_fft.v:774$258'.
Removing empty process `Twiddle.$proc$rtl/peweaver_shared_fft.v:774$257'.
Removing empty process `Twiddle.$proc$rtl/peweaver_shared_fft.v:773$256'.
Removing empty process `Twiddle.$proc$rtl/peweaver_shared_fft.v:773$255'.
Removing empty process `Twiddle.$proc$rtl/peweaver_shared_fft.v:772$254'.
Removing empty process `Twiddle.$proc$rtl/peweaver_shared_fft.v:772$253'.
Removing empty process `Twiddle.$proc$rtl/peweaver_shared_fft.v:771$252'.
Removing empty process `Twiddle.$proc$rtl/peweaver_shared_fft.v:771$251'.
Removing empty process `Twiddle.$proc$rtl/peweaver_shared_fft.v:770$250'.
Removing empty process `Twiddle.$proc$rtl/peweaver_shared_fft.v:770$249'.
Removing empty process `Twiddle.$proc$rtl/peweaver_shared_fft.v:769$248'.
Removing empty process `Twiddle.$proc$rtl/peweaver_shared_fft.v:769$247'.
Removing empty process `Twiddle.$proc$rtl/peweaver_shared_fft.v:768$246'.
Removing empty process `Twiddle.$proc$rtl/peweaver_shared_fft.v:768$245'.
Removing empty process `Twiddle.$proc$rtl/peweaver_shared_fft.v:767$244'.
Removing empty process `Twiddle.$proc$rtl/peweaver_shared_fft.v:767$243'.
Removing empty process `Twiddle.$proc$rtl/peweaver_shared_fft.v:766$242'.
Removing empty process `Twiddle.$proc$rtl/peweaver_shared_fft.v:766$241'.
Removing empty process `Twiddle.$proc$rtl/peweaver_shared_fft.v:765$240'.
Removing empty process `Twiddle.$proc$rtl/peweaver_shared_fft.v:765$239'.
Removing empty process `Twiddle.$proc$rtl/peweaver_shared_fft.v:764$238'.
Removing empty process `Twiddle.$proc$rtl/peweaver_shared_fft.v:764$237'.
Removing empty process `Twiddle.$proc$rtl/peweaver_shared_fft.v:763$236'.
Removing empty process `Twiddle.$proc$rtl/peweaver_shared_fft.v:763$235'.
Removing empty process `Twiddle.$proc$rtl/peweaver_shared_fft.v:762$234'.
Removing empty process `Twiddle.$proc$rtl/peweaver_shared_fft.v:762$233'.
Removing empty process `Twiddle.$proc$rtl/peweaver_shared_fft.v:761$232'.
Removing empty process `Twiddle.$proc$rtl/peweaver_shared_fft.v:761$231'.
Removing empty process `Twiddle.$proc$rtl/peweaver_shared_fft.v:760$230'.
Removing empty process `Twiddle.$proc$rtl/peweaver_shared_fft.v:760$229'.
Removing empty process `Twiddle.$proc$rtl/peweaver_shared_fft.v:759$228'.
Removing empty process `Twiddle.$proc$rtl/peweaver_shared_fft.v:759$227'.
Removing empty process `Twiddle.$proc$rtl/peweaver_shared_fft.v:758$226'.
Removing empty process `Twiddle.$proc$rtl/peweaver_shared_fft.v:758$225'.
Removing empty process `Twiddle.$proc$rtl/peweaver_shared_fft.v:757$224'.
Removing empty process `Twiddle.$proc$rtl/peweaver_shared_fft.v:757$223'.
Removing empty process `Twiddle.$proc$rtl/peweaver_shared_fft.v:756$222'.
Removing empty process `Twiddle.$proc$rtl/peweaver_shared_fft.v:756$221'.
Removing empty process `Twiddle.$proc$rtl/peweaver_shared_fft.v:755$220'.
Removing empty process `Twiddle.$proc$rtl/peweaver_shared_fft.v:755$219'.
Removing empty process `Twiddle.$proc$rtl/peweaver_shared_fft.v:754$218'.
Removing empty process `Twiddle.$proc$rtl/peweaver_shared_fft.v:754$217'.
Removing empty process `Twiddle.$proc$rtl/peweaver_shared_fft.v:753$216'.
Removing empty process `Twiddle.$proc$rtl/peweaver_shared_fft.v:753$215'.
Removing empty process `Twiddle.$proc$rtl/peweaver_shared_fft.v:752$214'.
Removing empty process `Twiddle.$proc$rtl/peweaver_shared_fft.v:752$213'.
Removing empty process `Twiddle.$proc$rtl/peweaver_shared_fft.v:751$212'.
Removing empty process `Twiddle.$proc$rtl/peweaver_shared_fft.v:751$211'.
Removing empty process `Twiddle.$proc$rtl/peweaver_shared_fft.v:750$210'.
Removing empty process `Twiddle.$proc$rtl/peweaver_shared_fft.v:750$209'.
Removing empty process `Twiddle.$proc$rtl/peweaver_shared_fft.v:749$208'.
Removing empty process `Twiddle.$proc$rtl/peweaver_shared_fft.v:749$207'.
Removing empty process `Twiddle.$proc$rtl/peweaver_shared_fft.v:748$206'.
Removing empty process `Twiddle.$proc$rtl/peweaver_shared_fft.v:748$205'.
Removing empty process `Twiddle.$proc$rtl/peweaver_shared_fft.v:747$204'.
Removing empty process `Twiddle.$proc$rtl/peweaver_shared_fft.v:747$203'.
Removing empty process `Twiddle.$proc$rtl/peweaver_shared_fft.v:746$202'.
Removing empty process `Twiddle.$proc$rtl/peweaver_shared_fft.v:746$201'.
Removing empty process `Twiddle.$proc$rtl/peweaver_shared_fft.v:745$200'.
Removing empty process `Twiddle.$proc$rtl/peweaver_shared_fft.v:745$199'.
Removing empty process `Twiddle.$proc$rtl/peweaver_shared_fft.v:744$198'.
Removing empty process `Twiddle.$proc$rtl/peweaver_shared_fft.v:744$197'.
Removing empty process `Twiddle.$proc$rtl/peweaver_shared_fft.v:743$196'.
Removing empty process `Twiddle.$proc$rtl/peweaver_shared_fft.v:743$195'.
Removing empty process `Twiddle.$proc$rtl/peweaver_shared_fft.v:742$194'.
Removing empty process `Twiddle.$proc$rtl/peweaver_shared_fft.v:742$193'.
Removing empty process `Twiddle.$proc$rtl/peweaver_shared_fft.v:741$192'.
Removing empty process `Twiddle.$proc$rtl/peweaver_shared_fft.v:741$191'.
Removing empty process `Twiddle.$proc$rtl/peweaver_shared_fft.v:740$190'.
Removing empty process `Twiddle.$proc$rtl/peweaver_shared_fft.v:740$189'.
Removing empty process `Twiddle.$proc$rtl/peweaver_shared_fft.v:739$188'.
Removing empty process `Twiddle.$proc$rtl/peweaver_shared_fft.v:739$187'.
Removing empty process `Twiddle.$proc$rtl/peweaver_shared_fft.v:738$186'.
Removing empty process `Twiddle.$proc$rtl/peweaver_shared_fft.v:738$185'.
Removing empty process `Twiddle.$proc$rtl/peweaver_shared_fft.v:737$184'.
Removing empty process `Twiddle.$proc$rtl/peweaver_shared_fft.v:737$183'.
Removing empty process `Twiddle.$proc$rtl/peweaver_shared_fft.v:736$182'.
Removing empty process `Twiddle.$proc$rtl/peweaver_shared_fft.v:736$181'.
Removing empty process `Twiddle.$proc$rtl/peweaver_shared_fft.v:735$180'.
Removing empty process `Twiddle.$proc$rtl/peweaver_shared_fft.v:735$179'.
Removing empty process `Twiddle.$proc$rtl/peweaver_shared_fft.v:734$178'.
Removing empty process `Twiddle.$proc$rtl/peweaver_shared_fft.v:734$177'.
Removing empty process `Twiddle.$proc$rtl/peweaver_shared_fft.v:733$176'.
Removing empty process `Twiddle.$proc$rtl/peweaver_shared_fft.v:733$175'.
Removing empty process `Twiddle.$proc$rtl/peweaver_shared_fft.v:732$174'.
Removing empty process `Twiddle.$proc$rtl/peweaver_shared_fft.v:732$173'.
Removing empty process `Twiddle.$proc$rtl/peweaver_shared_fft.v:731$172'.
Removing empty process `Twiddle.$proc$rtl/peweaver_shared_fft.v:731$171'.
Removing empty process `Twiddle.$proc$rtl/peweaver_shared_fft.v:730$170'.
Removing empty process `Twiddle.$proc$rtl/peweaver_shared_fft.v:730$169'.
Removing empty process `Twiddle.$proc$rtl/peweaver_shared_fft.v:729$168'.
Removing empty process `Twiddle.$proc$rtl/peweaver_shared_fft.v:729$167'.
Removing empty process `Twiddle.$proc$rtl/peweaver_shared_fft.v:728$166'.
Removing empty process `Twiddle.$proc$rtl/peweaver_shared_fft.v:728$165'.
Removing empty process `Twiddle.$proc$rtl/peweaver_shared_fft.v:727$164'.
Removing empty process `Twiddle.$proc$rtl/peweaver_shared_fft.v:727$163'.
Removing empty process `Twiddle.$proc$rtl/peweaver_shared_fft.v:726$162'.
Removing empty process `Twiddle.$proc$rtl/peweaver_shared_fft.v:726$161'.
Removing empty process `Twiddle.$proc$rtl/peweaver_shared_fft.v:725$160'.
Removing empty process `Twiddle.$proc$rtl/peweaver_shared_fft.v:725$159'.
Removing empty process `Twiddle.$proc$rtl/peweaver_shared_fft.v:724$158'.
Removing empty process `Twiddle.$proc$rtl/peweaver_shared_fft.v:724$157'.
Removing empty process `Twiddle.$proc$rtl/peweaver_shared_fft.v:723$156'.
Removing empty process `Twiddle.$proc$rtl/peweaver_shared_fft.v:723$155'.
Removing empty process `Twiddle.$proc$rtl/peweaver_shared_fft.v:722$154'.
Removing empty process `Twiddle.$proc$rtl/peweaver_shared_fft.v:722$153'.
Removing empty process `Twiddle.$proc$rtl/peweaver_shared_fft.v:721$152'.
Removing empty process `Twiddle.$proc$rtl/peweaver_shared_fft.v:721$151'.
Removing empty process `Twiddle.$proc$rtl/peweaver_shared_fft.v:720$150'.
Removing empty process `Twiddle.$proc$rtl/peweaver_shared_fft.v:720$149'.
Removing empty process `Twiddle.$proc$rtl/peweaver_shared_fft.v:719$148'.
Removing empty process `Twiddle.$proc$rtl/peweaver_shared_fft.v:719$147'.
Removing empty process `Twiddle.$proc$rtl/peweaver_shared_fft.v:718$146'.
Removing empty process `Twiddle.$proc$rtl/peweaver_shared_fft.v:718$145'.
Removing empty process `Twiddle.$proc$rtl/peweaver_shared_fft.v:717$144'.
Removing empty process `Twiddle.$proc$rtl/peweaver_shared_fft.v:717$143'.
Removing empty process `Twiddle.$proc$rtl/peweaver_shared_fft.v:716$142'.
Removing empty process `Twiddle.$proc$rtl/peweaver_shared_fft.v:716$141'.
Removing empty process `Twiddle.$proc$rtl/peweaver_shared_fft.v:715$140'.
Removing empty process `Twiddle.$proc$rtl/peweaver_shared_fft.v:715$139'.
Removing empty process `Twiddle.$proc$rtl/peweaver_shared_fft.v:714$138'.
Removing empty process `Twiddle.$proc$rtl/peweaver_shared_fft.v:714$137'.
Removing empty process `Twiddle.$proc$rtl/peweaver_shared_fft.v:713$136'.
Removing empty process `Twiddle.$proc$rtl/peweaver_shared_fft.v:713$135'.
Removing empty process `Twiddle.$proc$rtl/peweaver_shared_fft.v:712$134'.
Removing empty process `Twiddle.$proc$rtl/peweaver_shared_fft.v:712$133'.
Removing empty process `Twiddle.$proc$rtl/peweaver_shared_fft.v:711$132'.
Removing empty process `Twiddle.$proc$rtl/peweaver_shared_fft.v:711$131'.
Removing empty process `Twiddle.$proc$rtl/peweaver_shared_fft.v:710$130'.
Removing empty process `Twiddle.$proc$rtl/peweaver_shared_fft.v:710$129'.
Removing empty process `Twiddle.$proc$rtl/peweaver_shared_fft.v:709$128'.
Removing empty process `Twiddle.$proc$rtl/peweaver_shared_fft.v:709$127'.
Removing empty process `Twiddle.$proc$rtl/peweaver_shared_fft.v:708$126'.
Removing empty process `Twiddle.$proc$rtl/peweaver_shared_fft.v:708$125'.
Found and cleaned up 1 empty switch in `\Twiddle.$proc$rtl/peweaver_shared_fft.v:696$122'.
Removing empty process `Twiddle.$proc$rtl/peweaver_shared_fft.v:696$122'.
Found and cleaned up 1 empty switch in `\Twiddle.$proc$rtl/peweaver_shared_fft.v:695$119'.
Removing empty process `Twiddle.$proc$rtl/peweaver_shared_fft.v:695$119'.
Removing empty process `Twiddle.$proc$rtl/peweaver_shared_fft.v:700$118'.
Removing empty process `$paramod$91a3a7dbf4bfbd28b5b341fe20d9acb72db55de6\SharedDelayBuffer.$proc$rtl/peweaver_shared_fft.v:484$655'.
Removing empty process `$paramod$91a3a7dbf4bfbd28b5b341fe20d9acb72db55de6\SharedDelayBuffer.$proc$rtl/peweaver_shared_fft.v:474$654'.
Removing empty process `$paramod$bf4db1fd822cd1e8dfaa4dc2826349dab1ae0abc\SharedDelayBuffer.$proc$rtl/peweaver_shared_fft.v:484$651'.
Removing empty process `$paramod$bf4db1fd822cd1e8dfaa4dc2826349dab1ae0abc\SharedDelayBuffer.$proc$rtl/peweaver_shared_fft.v:474$650'.
Removing empty process `$paramod$88cd2ddfbb8184221d632f3c3d25c8d476256959\SharedDelayBuffer.$proc$rtl/peweaver_shared_fft.v:484$647'.
Removing empty process `$paramod$88cd2ddfbb8184221d632f3c3d25c8d476256959\SharedDelayBuffer.$proc$rtl/peweaver_shared_fft.v:474$646'.
Removing empty process `$paramod$3ebd556efa5e0b51800643ceec6809e07c210b5f\SharedDelayBuffer.$proc$rtl/peweaver_shared_fft.v:484$643'.
Removing empty process `$paramod$3ebd556efa5e0b51800643ceec6809e07c210b5f\SharedDelayBuffer.$proc$rtl/peweaver_shared_fft.v:474$642'.
Removing empty process `$paramod$17914cfb50699f154dc59f1c3f8fd47b6e195f44\DelayBuffer.$proc$rtl/peweaver_shared_fft.v:606$641'.
Removing empty process `$paramod$661d166254ab1f10e4ab9fdc594a2d052f4530e3\SharedDelayBuffer.$proc$rtl/peweaver_shared_fft.v:484$626'.
Removing empty process `$paramod$661d166254ab1f10e4ab9fdc594a2d052f4530e3\SharedDelayBuffer.$proc$rtl/peweaver_shared_fft.v:474$625'.
Removing empty process `peweaver_ppa_reset_sync_shared.$proc$rtl/peweaver_ppa_shared_fft.v:15$1'.
Cleaned up 4 empty switches.

4.2.12. Executing OPT_EXPR pass (perform const folding).
Optimizing module $paramod$cc7e198dbe1c7d8352a2bac47477dedd9788e883\Butterfly.
<suppressed ~4 debug messages>
Optimizing module $paramod$dc25daec3dd8bd6d76b02d3c5368e2485052c5da\SharedDelayBuffer.
Optimizing module $paramod\Multiply\WIDTH=s32'00000000000000000000000000010000.
<suppressed ~4 debug messages>
Optimizing module $paramod$ddd1dbeb542b066b17317505cd6a065ae38cf366\SharedSdfUnit.
<suppressed ~17 debug messages>
Optimizing module $paramod$8d11d99acb7471071f15885b81a84929edb08a8f\SharedSdfUnit.
<suppressed ~17 debug messages>
Optimizing module $paramod$13c884fdcaf50f82d9759f7b9da10f470b3fe4f1\SharedSdfUnit.
<suppressed ~17 debug messages>
Optimizing module $paramod$acfde09421055442384df923236884512d648c66\SdfUnit2.
<suppressed ~3 debug messages>
Optimizing module $paramod\peweaver_shared_fft\WIDTH=s32'00000000000000000000000000010000.
<suppressed ~4 debug messages>
Optimizing module Twiddle.
<suppressed ~2 debug messages>
Optimizing module $paramod$91a3a7dbf4bfbd28b5b341fe20d9acb72db55de6\SharedDelayBuffer.
Optimizing module $paramod$bf4db1fd822cd1e8dfaa4dc2826349dab1ae0abc\SharedDelayBuffer.
Optimizing module $paramod$88cd2ddfbb8184221d632f3c3d25c8d476256959\SharedDelayBuffer.
Optimizing module $paramod$3ebd556efa5e0b51800643ceec6809e07c210b5f\SharedDelayBuffer.
Optimizing module $paramod$17914cfb50699f154dc59f1c3f8fd47b6e195f44\DelayBuffer.
Optimizing module $paramod$5480229501c9659b6947fa834aa4fdab0727c259\Butterfly.
<suppressed ~4 debug messages>
Optimizing module $paramod$661d166254ab1f10e4ab9fdc594a2d052f4530e3\SharedDelayBuffer.
Optimizing module peweaver_ppa_shared_fft.
Optimizing module peweaver_ppa_reset_sync_shared.
<suppressed ~1 debug messages>

4.3. Executing CHECK pass (checking for obvious problems).
Checking module $paramod$cc7e198dbe1c7d8352a2bac47477dedd9788e883\Butterfly...
Checking module $paramod$dc25daec3dd8bd6d76b02d3c5368e2485052c5da\SharedDelayBuffer...
Checking module $paramod\Multiply\WIDTH=s32'00000000000000000000000000010000...
Checking module $paramod$ddd1dbeb542b066b17317505cd6a065ae38cf366\SharedSdfUnit...
Checking module $paramod$8d11d99acb7471071f15885b81a84929edb08a8f\SharedSdfUnit...
Checking module $paramod$13c884fdcaf50f82d9759f7b9da10f470b3fe4f1\SharedSdfUnit...
Checking module $paramod$acfde09421055442384df923236884512d648c66\SdfUnit2...
Checking module $paramod\peweaver_shared_fft\WIDTH=s32'00000000000000000000000000010000...
Checking module Twiddle...
Checking module $paramod$91a3a7dbf4bfbd28b5b341fe20d9acb72db55de6\SharedDelayBuffer...
Checking module $paramod$bf4db1fd822cd1e8dfaa4dc2826349dab1ae0abc\SharedDelayBuffer...
Checking module $paramod$88cd2ddfbb8184221d632f3c3d25c8d476256959\SharedDelayBuffer...
Checking module $paramod$3ebd556efa5e0b51800643ceec6809e07c210b5f\SharedDelayBuffer...
Checking module $paramod$17914cfb50699f154dc59f1c3f8fd47b6e195f44\DelayBuffer...
Checking module $paramod$5480229501c9659b6947fa834aa4fdab0727c259\Butterfly...
Checking module $paramod$661d166254ab1f10e4ab9fdc594a2d052f4530e3\SharedDelayBuffer...
Checking module peweaver_ppa_shared_fft...
Checking module peweaver_ppa_reset_sync_shared...
Found and reported 0 problems.

4.4. Executing FLATTEN pass (flatten design).
Deleting now unused module $paramod$cc7e198dbe1c7d8352a2bac47477dedd9788e883\Butterfly.
Deleting now unused module $paramod$dc25daec3dd8bd6d76b02d3c5368e2485052c5da\SharedDelayBuffer.
Deleting now unused module $paramod\Multiply\WIDTH=s32'00000000000000000000000000010000.
Deleting now unused module $paramod$ddd1dbeb542b066b17317505cd6a065ae38cf366\SharedSdfUnit.
Deleting now unused module $paramod$8d11d99acb7471071f15885b81a84929edb08a8f\SharedSdfUnit.
Deleting now unused module $paramod$13c884fdcaf50f82d9759f7b9da10f470b3fe4f1\SharedSdfUnit.
Deleting now unused module $paramod$acfde09421055442384df923236884512d648c66\SdfUnit2.
Deleting now unused module $paramod\peweaver_shared_fft\WIDTH=s32'00000000000000000000000000010000.
Deleting now unused module Twiddle.
Deleting now unused module $paramod$91a3a7dbf4bfbd28b5b341fe20d9acb72db55de6\SharedDelayBuffer.
Deleting now unused module $paramod$bf4db1fd822cd1e8dfaa4dc2826349dab1ae0abc\SharedDelayBuffer.
Deleting now unused module $paramod$88cd2ddfbb8184221d632f3c3d25c8d476256959\SharedDelayBuffer.
Deleting now unused module $paramod$3ebd556efa5e0b51800643ceec6809e07c210b5f\SharedDelayBuffer.
Deleting now unused module $paramod$17914cfb50699f154dc59f1c3f8fd47b6e195f44\DelayBuffer.
Deleting now unused module $paramod$5480229501c9659b6947fa834aa4fdab0727c259\Butterfly.
Deleting now unused module $paramod$661d166254ab1f10e4ab9fdc594a2d052f4530e3\SharedDelayBuffer.
Deleting now unused module peweaver_ppa_reset_sync_shared.
<suppressed ~26 debug messages>

4.5. Executing OPT_EXPR pass (perform const folding).
Optimizing module peweaver_ppa_shared_fft.
<suppressed ~16 debug messages>

4.6. Executing OPT_CLEAN pass (remove unused cells and wires).
Finding unused cells or wires in module \peweaver_ppa_shared_fft..
Removed 23 unused cells and 1398 unused wires.
<suppressed ~53 debug messages>

4.7. Executing CHECK pass (checking for obvious problems).
Checking module peweaver_ppa_shared_fft...
Found and reported 0 problems.

4.8. Executing OPT pass (performing simple optimizations).

4.8.1. Executing OPT_EXPR pass (perform const folding).
Optimizing module peweaver_ppa_shared_fft.

4.8.2. Executing OPT_MERGE pass (detect identical cells).
Finding identical cells in module `\peweaver_ppa_shared_fft'.
Computing hashes of 1349 cells of `\peweaver_ppa_shared_fft'.
Finding duplicate cells in `\peweaver_ppa_shared_fft'.
Computing hashes of 959 cells of `\peweaver_ppa_shared_fft'.
Finding duplicate cells in `\peweaver_ppa_shared_fft'.
<suppressed ~1170 debug messages>
Removed a total of 390 cells.

4.8.3. Executing OPT_MUXTREE pass (detect dead branches in mux trees).
Running muxtree optimizer on module \peweaver_ppa_shared_fft..
  Creating internal representation of mux trees.
  Evaluating internal representation of mux trees.
      Replacing known input bits on port B of cell $flatten\u_core.$procmux$660: \u_core.mode_locked -> 1'1
      Replacing known input bits on port A of cell $flatten\u_core.$procmux$658: \u_core.mode_locked -> 1'0
  Analyzing evaluation results.
Removed 0 multiplexer ports.
<suppressed ~234 debug messages>

4.8.4. Executing OPT_REDUCE pass (consolidate $*mux and $reduce_* inputs).
  Optimizing cells in module \peweaver_ppa_shared_fft.
    New ctrl vector for $pmux cell $flatten\u_core.\SU1.\TW.$procmux$664: { $flatten\u_core.\SU1.\TW.$procmux$699_CMP $flatten\u_core.\SU1.\TW.$procmux$702_CMP $flatten\u_core.\SU1.\TW.$procmux$705_CMP $flatten\u_core.\SU1.\TW.$procmux$708_CMP $flatten\u_core.\SU1.\TW.$procmux$711_CMP $flatten\u_core.\SU1.\TW.$procmux$714_CMP $flatten\u_core.\SU1.\TW.$procmux$717_CMP $flatten\u_core.\SU1.\TW.$procmux$720_CMP $flatten\u_core.\SU1.\TW.$procmux$723_CMP $flatten\u_core.\SU1.\TW.$procmux$726_CMP $auto$opt_reduce.cc:137:opt_pmux$1386 $auto$opt_reduce.cc:137:opt_pmux$1384 $auto$opt_reduce.cc:137:opt_pmux$1382 $auto$opt_reduce.cc:137:opt_pmux$1380 $auto$opt_reduce.cc:137:opt_pmux$1378 $auto$opt_reduce.cc:137:opt_pmux$1376 $auto$opt_reduce.cc:137:opt_pmux$1374 $auto$opt_reduce.cc:137:opt_pmux$1372 $auto$opt_reduce.cc:137:opt_pmux$1370 $auto$opt_reduce.cc:137:opt_pmux$1368 $auto$opt_reduce.cc:137:opt_pmux$1366 $auto$opt_reduce.cc:137:opt_pmux$1364 $auto$opt_reduce.cc:137:opt_pmux$1362 $auto$opt_reduce.cc:137:opt_pmux$1360 $auto$opt_reduce.cc:137:opt_pmux$1358 $auto$opt_reduce.cc:137:opt_pmux$1356 $auto$opt_reduce.cc:137:opt_pmux$1354 $auto$opt_reduce.cc:137:opt_pmux$1352 $auto$opt_reduce.cc:137:opt_pmux$1350 $auto$opt_reduce.cc:137:opt_pmux$1348 $auto$opt_reduce.cc:137:opt_pmux$1346 $flatten\u_core.\SU1.\TW.$procmux$760_CMP $flatten\u_core.\SU1.\TW.$procmux$763_CMP $flatten\u_core.\SU1.\TW.$procmux$765_CMP $flatten\u_core.\SU1.\TW.$procmux$769_CMP $flatten\u_core.\SU1.\TW.$procmux$771_CMP $flatten\u_core.\SU1.\TW.$procmux$775_CMP $flatten\u_core.\SU1.\TW.$procmux$777_CMP $flatten\u_core.\SU1.\TW.$procmux$781_CMP $flatten\u_core.\SU1.\TW.$procmux$783_CMP $flatten\u_core.\SU1.\TW.$procmux$787_CMP $flatten\u_core.\SU1.\TW.$procmux$789_CMP $flatten\u_core.\SU1.\TW.$procmux$792_CMP }
    New ctrl vector for $pmux cell $flatten\u_core.\SU1.\TW.$procmux$793: { $flatten\u_core.\SU1.\TW.$procmux$699_CMP $auto$opt_reduce.cc:137:opt_pmux$1398 $flatten\u_core.\SU1.\TW.$procmux$705_CMP $auto$opt_reduce.cc:137:opt_pmux$1396 $flatten\u_core.\SU1.\TW.$procmux$711_CMP $auto$opt_reduce.cc:137:opt_pmux$1394 $flatten\u_core.\SU1.\TW.$procmux$717_CMP $auto$opt_reduce.cc:137:opt_pmux$1392 $flatten\u_core.\SU1.\TW.$procmux$723_CMP $auto$opt_reduce.cc:137:opt_pmux$1390 $flatten\u_core.\SU1.\TW.$procmux$729_CMP $flatten\u_core.\SU1.\TW.$procmux$732_CMP $flatten\u_core.\SU1.\TW.$procmux$734_CMP $flatten\u_core.\SU1.\TW.$procmux$735_CMP $flatten\u_core.\SU1.\TW.$procmux$738_CMP $flatten\u_core.\SU1.\TW.$procmux$740_CMP $flatten\u_core.\SU1.\TW.$procmux$741_CMP $flatten\u_core.\SU1.\TW.$procmux$744_CMP $flatten\u_core.\SU1.\TW.$procmux$746_CMP $flatten\u_core.\SU1.\TW.$procmux$747_CMP $flatten\u_core.\SU1.\TW.$procmux$750_CMP $flatten\u_core.\SU1.\TW.$procmux$752_CMP $flatten\u_core.\SU1.\TW.$procmux$753_CMP $flatten\u_core.\SU1.\TW.$procmux$756_CMP $flatten\u_core.\SU1.\TW.$procmux$758_CMP $flatten\u_core.\SU1.\TW.$procmux$759_CMP $auto$opt_reduce.cc:137:opt_pmux$1388 $flatten\u_core.\SU1.\TW.$procmux$761_CMP $flatten\u_core.\SU1.\TW.$procmux$762_CMP $flatten\u_core.\SU1.\TW.$procmux$763_CMP $flatten\u_core.\SU1.\TW.$procmux$764_CMP $flatten\u_core.\SU1.\TW.$procmux$765_CMP $flatten\u_core.\SU1.\TW.$procmux$766_CMP $flatten\u_core.\SU1.\TW.$procmux$767_CMP $flatten\u_core.\SU1.\TW.$procmux$768_CMP $flatten\u_core.\SU1.\TW.$procmux$769_CMP $flatten\u_core.\SU1.\TW.$procmux$770_CMP $flatten\u_core.\SU1.\TW.$procmux$771_CMP $flatten\u_core.\SU1.\TW.$procmux$772_CMP $flatten\u_core.\SU1.\TW.$procmux$773_CMP $flatten\u_core.\SU1.\TW.$procmux$774_CMP $flatten\u_core.\SU1.\TW.$procmux$775_CMP $flatten\u_core.\SU1.\TW.$procmux$776_CMP $flatten\u_core.\SU1.\TW.$procmux$777_CMP $flatten\u_core.\SU1.\TW.$procmux$778_CMP $flatten\u_core.\SU1.\TW.$procmux$779_CMP $flatten\u_core.\SU1.\TW.$procmux$780_CMP $flatten\u_core.\SU1.\TW.$procmux$781_CMP $flatten\u_core.\SU1.\TW.$procmux$782_CMP $flatten\u_core.\SU1.\TW.$procmux$783_CMP $flatten\u_core.\SU1.\TW.$procmux$784_CMP $flatten\u_core.\SU1.\TW.$procmux$785_CMP $flatten\u_core.\SU1.\TW.$procmux$786_CMP $flatten\u_core.\SU1.\TW.$procmux$787_CMP $flatten\u_core.\SU1.\TW.$procmux$788_CMP $flatten\u_core.\SU1.\TW.$procmux$789_CMP $flatten\u_core.\SU1.\TW.$procmux$790_CMP $flatten\u_core.\SU1.\TW.$procmux$791_CMP }
    New ctrl vector for $pmux cell $flatten\u_core.\SU0.\TW.$procmux$664: { $flatten\u_core.\SU0.\TW.$procmux$699_CMP $flatten\u_core.\SU0.\TW.$procmux$702_CMP $flatten\u_core.\SU0.\TW.$procmux$705_CMP $flatten\u_core.\SU0.\TW.$procmux$708_CMP $flatten\u_core.\SU0.\TW.$procmux$711_CMP $flatten\u_core.\SU0.\TW.$procmux$714_CMP $flatten\u_core.\SU0.\TW.$procmux$717_CMP $flatten\u_core.\SU0.\TW.$procmux$720_CMP $flatten\u_core.\SU0.\TW.$procmux$723_CMP $flatten\u_core.\SU0.\TW.$procmux$726_CMP $auto$opt_reduce.cc:137:opt_pmux$1440 $auto$opt_reduce.cc:137:opt_pmux$1438 $auto$opt_reduce.cc:137:opt_pmux$1436 $auto$opt_reduce.cc:137:opt_pmux$1434 $auto$opt_reduce.cc:137:opt_pmux$1432 $auto$opt_reduce.cc:137:opt_pmux$1430 $auto$opt_reduce.cc:137:opt_pmux$1428 $auto$opt_reduce.cc:137:opt_pmux$1426 $auto$opt_reduce.cc:137:opt_pmux$1424 $auto$opt_reduce.cc:137:opt_pmux$1422 $auto$opt_reduce.cc:137:opt_pmux$1420 $auto$opt_reduce.cc:137:opt_pmux$1418 $auto$opt_reduce.cc:137:opt_pmux$1416 $auto$opt_reduce.cc:137:opt_pmux$1414 $auto$opt_reduce.cc:137:opt_pmux$1412 $auto$opt_reduce.cc:137:opt_pmux$1410 $auto$opt_reduce.cc:137:opt_pmux$1408 $auto$opt_reduce.cc:137:opt_pmux$1406 $auto$opt_reduce.cc:137:opt_pmux$1404 $auto$opt_reduce.cc:137:opt_pmux$1402 $auto$opt_reduce.cc:137:opt_pmux$1400 $flatten\u_core.\SU0.\TW.$procmux$760_CMP $flatten\u_core.\SU0.\TW.$procmux$763_CMP $flatten\u_core.\SU0.\TW.$procmux$765_CMP $flatten\u_core.\SU0.\TW.$procmux$769_CMP $flatten\u_core.\SU0.\TW.$procmux$771_CMP $flatten\u_core.\SU0.\TW.$procmux$775_CMP $flatten\u_core.\SU0.\TW.$procmux$777_CMP $flatten\u_core.\SU0.\TW.$procmux$781_CMP $flatten\u_core.\SU0.\TW.$procmux$783_CMP $flatten\u_core.\SU0.\TW.$procmux$787_CMP $flatten\u_core.\SU0.\TW.$procmux$789_CMP $flatten\u_core.\SU0.\TW.$procmux$792_CMP }
    New ctrl vector for $pmux cell $flatten\u_core.\SU2.\TW.$procmux$664: { $flatten\u_core.\SU2.\TW.$procmux$699_CMP $flatten\u_core.\SU2.\TW.$procmux$702_CMP $flatten\u_core.\SU2.\TW.$procmux$705_CMP $flatten\u_core.\SU2.\TW.$procmux$708_CMP $flatten\u_core.\SU2.\TW.$procmux$711_CMP $flatten\u_core.\SU2.\TW.$procmux$714_CMP $flatten\u_core.\SU2.\TW.$procmux$717_CMP $flatten\u_core.\SU2.\TW.$procmux$720_CMP $flatten\u_core.\SU2.\TW.$procmux$723_CMP $flatten\u_core.\SU2.\TW.$procmux$726_CMP $auto$opt_reduce.cc:137:opt_pmux$1482 $auto$opt_reduce.cc:137:opt_pmux$1480 $auto$opt_reduce.cc:137:opt_pmux$1478 $auto$opt_reduce.cc:137:opt_pmux$1476 $auto$opt_reduce.cc:137:opt_pmux$1474 $auto$opt_reduce.cc:137:opt_pmux$1472 $auto$opt_reduce.cc:137:opt_pmux$1470 $auto$opt_reduce.cc:137:opt_pmux$1468 $auto$opt_reduce.cc:137:opt_pmux$1466 $auto$opt_reduce.cc:137:opt_pmux$1464 $auto$opt_reduce.cc:137:opt_pmux$1462 $auto$opt_reduce.cc:137:opt_pmux$1460 $auto$opt_reduce.cc:137:opt_pmux$1458 $auto$opt_reduce.cc:137:opt_pmux$1456 $auto$opt_reduce.cc:137:opt_pmux$1454 $auto$opt_reduce.cc:137:opt_pmux$1452 $auto$opt_reduce.cc:137:opt_pmux$1450 $auto$opt_reduce.cc:137:opt_pmux$1448 $auto$opt_reduce.cc:137:opt_pmux$1446 $auto$opt_reduce.cc:137:opt_pmux$1444 $auto$opt_reduce.cc:137:opt_pmux$1442 $flatten\u_core.\SU2.\TW.$procmux$760_CMP $flatten\u_core.\SU2.\TW.$procmux$763_CMP $flatten\u_core.\SU2.\TW.$procmux$765_CMP $flatten\u_core.\SU2.\TW.$procmux$769_CMP $flatten\u_core.\SU2.\TW.$procmux$771_CMP $flatten\u_core.\SU2.\TW.$procmux$775_CMP $flatten\u_core.\SU2.\TW.$procmux$777_CMP $flatten\u_core.\SU2.\TW.$procmux$781_CMP $flatten\u_core.\SU2.\TW.$procmux$783_CMP $flatten\u_core.\SU2.\TW.$procmux$787_CMP $flatten\u_core.\SU2.\TW.$procmux$789_CMP $flatten\u_core.\SU2.\TW.$procmux$792_CMP }
    New ctrl vector for $pmux cell $flatten\u_core.\SU2.\TW.$procmux$793: { $flatten\u_core.\SU2.\TW.$procmux$699_CMP $auto$opt_reduce.cc:137:opt_pmux$1494 $flatten\u_core.\SU2.\TW.$procmux$705_CMP $auto$opt_reduce.cc:137:opt_pmux$1492 $flatten\u_core.\SU2.\TW.$procmux$711_CMP $auto$opt_reduce.cc:137:opt_pmux$1490 $flatten\u_core.\SU2.\TW.$procmux$717_CMP $auto$opt_reduce.cc:137:opt_pmux$1488 $flatten\u_core.\SU2.\TW.$procmux$723_CMP $auto$opt_reduce.cc:137:opt_pmux$1486 $flatten\u_core.\SU2.\TW.$procmux$729_CMP $flatten\u_core.\SU2.\TW.$procmux$732_CMP $flatten\u_core.\SU2.\TW.$procmux$734_CMP $flatten\u_core.\SU2.\TW.$procmux$735_CMP $flatten\u_core.\SU2.\TW.$procmux$738_CMP $flatten\u_core.\SU2.\TW.$procmux$740_CMP $flatten\u_core.\SU2.\TW.$procmux$741_CMP $flatten\u_core.\SU2.\TW.$procmux$744_CMP $flatten\u_core.\SU2.\TW.$procmux$746_CMP $flatten\u_core.\SU2.\TW.$procmux$747_CMP $flatten\u_core.\SU2.\TW.$procmux$750_CMP $flatten\u_core.\SU2.\TW.$procmux$752_CMP $flatten\u_core.\SU2.\TW.$procmux$753_CMP $flatten\u_core.\SU2.\TW.$procmux$756_CMP $flatten\u_core.\SU2.\TW.$procmux$758_CMP $flatten\u_core.\SU2.\TW.$procmux$759_CMP $auto$opt_reduce.cc:137:opt_pmux$1484 $flatten\u_core.\SU2.\TW.$procmux$761_CMP $flatten\u_core.\SU2.\TW.$procmux$762_CMP $flatten\u_core.\SU2.\TW.$procmux$763_CMP $flatten\u_core.\SU2.\TW.$procmux$764_CMP $flatten\u_core.\SU2.\TW.$procmux$765_CMP $flatten\u_core.\SU2.\TW.$procmux$766_CMP $flatten\u_core.\SU2.\TW.$procmux$767_CMP $flatten\u_core.\SU2.\TW.$procmux$768_CMP $flatten\u_core.\SU2.\TW.$procmux$769_CMP $flatten\u_core.\SU2.\TW.$procmux$770_CMP $flatten\u_core.\SU2.\TW.$procmux$771_CMP $flatten\u_core.\SU2.\TW.$procmux$772_CMP $flatten\u_core.\SU2.\TW.$procmux$773_CMP $flatten\u_core.\SU2.\TW.$procmux$774_CMP $flatten\u_core.\SU2.\TW.$procmux$775_CMP $flatten\u_core.\SU2.\TW.$procmux$776_CMP $flatten\u_core.\SU2.\TW.$procmux$777_CMP $flatten\u_core.\SU2.\TW.$procmux$778_CMP $flatten\u_core.\SU2.\TW.$procmux$779_CMP $flatten\u_core.\SU2.\TW.$procmux$780_CMP $flatten\u_core.\SU2.\TW.$procmux$781_CMP $flatten\u_core.\SU2.\TW.$procmux$782_CMP $flatten\u_core.\SU2.\TW.$procmux$783_CMP $flatten\u_core.\SU2.\TW.$procmux$784_CMP $flatten\u_core.\SU2.\TW.$procmux$785_CMP $flatten\u_core.\SU2.\TW.$procmux$786_CMP $flatten\u_core.\SU2.\TW.$procmux$787_CMP $flatten\u_core.\SU2.\TW.$procmux$788_CMP $flatten\u_core.\SU2.\TW.$procmux$789_CMP $flatten\u_core.\SU2.\TW.$procmux$790_CMP $flatten\u_core.\SU2.\TW.$procmux$791_CMP }
    New ctrl vector for $pmux cell $flatten\u_core.\SU0.\TW.$procmux$793: { $flatten\u_core.\SU0.\TW.$procmux$699_CMP $auto$opt_reduce.cc:137:opt_pmux$1506 $flatten\u_core.\SU0.\TW.$procmux$705_CMP $auto$opt_reduce.cc:137:opt_pmux$1504 $flatten\u_core.\SU0.\TW.$procmux$711_CMP $auto$opt_reduce.cc:137:opt_pmux$1502 $flatten\u_core.\SU0.\TW.$procmux$717_CMP $auto$opt_reduce.cc:137:opt_pmux$1500 $flatten\u_core.\SU0.\TW.$procmux$723_CMP $auto$opt_reduce.cc:137:opt_pmux$1498 $flatten\u_core.\SU0.\TW.$procmux$729_CMP $flatten\u_core.\SU0.\TW.$procmux$732_CMP $flatten\u_core.\SU0.\TW.$procmux$734_CMP $flatten\u_core.\SU0.\TW.$procmux$735_CMP $flatten\u_core.\SU0.\TW.$procmux$738_CMP $flatten\u_core.\SU0.\TW.$procmux$740_CMP $flatten\u_core.\SU0.\TW.$procmux$741_CMP $flatten\u_core.\SU0.\TW.$procmux$744_CMP $flatten\u_core.\SU0.\TW.$procmux$746_CMP $flatten\u_core.\SU0.\TW.$procmux$747_CMP $flatten\u_core.\SU0.\TW.$procmux$750_CMP $flatten\u_core.\SU0.\TW.$procmux$752_CMP $flatten\u_core.\SU0.\TW.$procmux$753_CMP $flatten\u_core.\SU0.\TW.$procmux$756_CMP $flatten\u_core.\SU0.\TW.$procmux$758_CMP $flatten\u_core.\SU0.\TW.$procmux$759_CMP $auto$opt_reduce.cc:137:opt_pmux$1496 $flatten\u_core.\SU0.\TW.$procmux$761_CMP $flatten\u_core.\SU0.\TW.$procmux$762_CMP $flatten\u_core.\SU0.\TW.$procmux$763_CMP $flatten\u_core.\SU0.\TW.$procmux$764_CMP $flatten\u_core.\SU0.\TW.$procmux$765_CMP $flatten\u_core.\SU0.\TW.$procmux$766_CMP $flatten\u_core.\SU0.\TW.$procmux$767_CMP $flatten\u_core.\SU0.\TW.$procmux$768_CMP $flatten\u_core.\SU0.\TW.$procmux$769_CMP $flatten\u_core.\SU0.\TW.$procmux$770_CMP $flatten\u_core.\SU0.\TW.$procmux$771_CMP $flatten\u_core.\SU0.\TW.$procmux$772_CMP $flatten\u_core.\SU0.\TW.$procmux$773_CMP $flatten\u_core.\SU0.\TW.$procmux$774_CMP $flatten\u_core.\SU0.\TW.$procmux$775_CMP $flatten\u_core.\SU0.\TW.$procmux$776_CMP $flatten\u_core.\SU0.\TW.$procmux$777_CMP $flatten\u_core.\SU0.\TW.$procmux$778_CMP $flatten\u_core.\SU0.\TW.$procmux$779_CMP $flatten\u_core.\SU0.\TW.$procmux$780_CMP $flatten\u_core.\SU0.\TW.$procmux$781_CMP $flatten\u_core.\SU0.\TW.$procmux$782_CMP $flatten\u_core.\SU0.\TW.$procmux$783_CMP $flatten\u_core.\SU0.\TW.$procmux$784_CMP $flatten\u_core.\SU0.\TW.$procmux$785_CMP $flatten\u_core.\SU0.\TW.$procmux$786_CMP $flatten\u_core.\SU0.\TW.$procmux$787_CMP $flatten\u_core.\SU0.\TW.$procmux$788_CMP $flatten\u_core.\SU0.\TW.$procmux$789_CMP $flatten\u_core.\SU0.\TW.$procmux$790_CMP $flatten\u_core.\SU0.\TW.$procmux$791_CMP }
  Optimizing cells in module \peweaver_ppa_shared_fft.
Performed a total of 6 changes.

4.8.5. Executing OPT_MERGE pass (detect identical cells).
Finding identical cells in module `\peweaver_ppa_shared_fft'.
Computing hashes of 1040 cells of `\peweaver_ppa_shared_fft'.
Finding duplicate cells in `\peweaver_ppa_shared_fft'.
Computing hashes of 1037 cells of `\peweaver_ppa_shared_fft'.
Finding duplicate cells in `\peweaver_ppa_shared_fft'.
<suppressed ~9 debug messages>
Removed a total of 3 cells.

4.8.6. Executing OPT_DFF pass (perform DFF optimizations).

4.8.7. Executing OPT_CLEAN pass (remove unused cells and wires).
Finding unused cells or wires in module \peweaver_ppa_shared_fft..
Removed 192 unused cells and 583 unused wires.
<suppressed ~193 debug messages>

4.8.8. Executing OPT_EXPR pass (perform const folding).
Optimizing module peweaver_ppa_shared_fft.

4.8.9. Rerunning OPT passes. (Maybe there is more to do..)

4.8.10. Executing OPT_MUXTREE pass (detect dead branches in mux trees).
Running muxtree optimizer on module \peweaver_ppa_shared_fft..
  Creating internal representation of mux trees.
  Evaluating internal representation of mux trees.
  Analyzing evaluation results.
Removed 0 multiplexer ports.
<suppressed ~228 debug messages>

4.8.11. Executing OPT_REDUCE pass (consolidate $*mux and $reduce_* inputs).
  Optimizing cells in module \peweaver_ppa_shared_fft.
Performed a total of 0 changes.

4.8.12. Executing OPT_MERGE pass (detect identical cells).
Finding identical cells in module `\peweaver_ppa_shared_fft'.
Computing hashes of 845 cells of `\peweaver_ppa_shared_fft'.
Finding duplicate cells in `\peweaver_ppa_shared_fft'.
Removed a total of 0 cells.

4.8.13. Executing OPT_DFF pass (perform DFF optimizations).

4.8.14. Executing OPT_CLEAN pass (remove unused cells and wires).
Finding unused cells or wires in module \peweaver_ppa_shared_fft..

4.8.15. Executing OPT_EXPR pass (perform const folding).
Optimizing module peweaver_ppa_shared_fft.

4.8.16. Finished fast OPT passes. (There is nothing left to do.)

4.9. Executing FSM pass (extract and optimize FSM).

4.9.1. Executing FSM_DETECT pass (finding FSMs in design).
Not marking peweaver_ppa_shared_fft.u_core.SU2.TW.ff_re as FSM state register:
    Users of register don't seem to benefit from recoding.
Not marking peweaver_ppa_shared_fft.u_core.SU2.TW.ff_im as FSM state register:
    Users of register don't seem to benefit from recoding.
Not marking peweaver_ppa_shared_fft.u_core.SU1.TW.ff_im as FSM state register:
    Users of register don't seem to benefit from recoding.
Not marking peweaver_ppa_shared_fft.u_core.SU1.TW.ff_re as FSM state register:
    Users of register don't seem to benefit from recoding.
Not marking peweaver_ppa_shared_fft.u_core.SU0.TW.ff_im as FSM state register:
    Users of register don't seem to benefit from recoding.
Not marking peweaver_ppa_shared_fft.u_core.SU0.TW.ff_re as FSM state register:
    Users of register don't seem to benefit from recoding.

4.9.2. Executing FSM_EXTRACT pass (extracting FSM from design).

4.9.3. Executing FSM_OPT pass (simple optimizations of FSMs).

4.9.4. Executing OPT_CLEAN pass (remove unused cells and wires).
Finding unused cells or wires in module \peweaver_ppa_shared_fft..

4.9.5. Executing FSM_OPT pass (simple optimizations of FSMs).

4.9.6. Executing FSM_RECODE pass (re-assigning FSM state encoding).

4.9.7. Executing FSM_INFO pass (dumping all available information on FSM cells).

4.9.8. Executing FSM_MAP pass (mapping FSMs to basic logic).

4.10. Executing OPT pass (performing simple optimizations).

4.10.1. Executing OPT_EXPR pass (perform const folding).
Optimizing module peweaver_ppa_shared_fft.

4.10.2. Executing OPT_MERGE pass (detect identical cells).
Finding identical cells in module `\peweaver_ppa_shared_fft'.
Computing hashes of 845 cells of `\peweaver_ppa_shared_fft'.
Finding duplicate cells in `\peweaver_ppa_shared_fft'.
Removed a total of 0 cells.

4.10.3. Executing OPT_MUXTREE pass (detect dead branches in mux trees).
Running muxtree optimizer on module \peweaver_ppa_shared_fft..
  Creating internal representation of mux trees.
  Evaluating internal representation of mux trees.
  Analyzing evaluation results.
Removed 0 multiplexer ports.
<suppressed ~228 debug messages>

4.10.4. Executing OPT_REDUCE pass (consolidate $*mux and $reduce_* inputs).
  Optimizing cells in module \peweaver_ppa_shared_fft.
Performed a total of 0 changes.

4.10.5. Executing OPT_MERGE pass (detect identical cells).
Finding identical cells in module `\peweaver_ppa_shared_fft'.
Computing hashes of 845 cells of `\peweaver_ppa_shared_fft'.
Finding duplicate cells in `\peweaver_ppa_shared_fft'.
Removed a total of 0 cells.

4.10.6. Executing OPT_DFF pass (perform DFF optimizations).
Adding EN signal on $flatten\u_core.\SU2.$procdff$1089 ($adff) from module peweaver_ppa_shared_fft (D = $flatten\u_core.\SU2.$0\bf1_sp_en[0:0], Q = \u_core.SU2.bf1_sp_en).
Adding EN signal on $flatten\u_core.\SU2.$procdff$1075 ($adff) from module peweaver_ppa_shared_fft (D = $flatten\u_core.\SU2.$0\bf2_sp_en[0:0], Q = \u_core.SU2.bf2_sp_en).
Adding EN signal on $flatten\u_core.\SU1.$procdff$1053 ($adff) from module peweaver_ppa_shared_fft (D = $flatten\u_core.\SU1.$0\bf1_sp_en[0:0], Q = \u_core.SU1.bf1_sp_en).
Adding EN signal on $flatten\u_core.\SU1.$procdff$1039 ($adff) from module peweaver_ppa_shared_fft (D = $flatten\u_core.\SU1.$0\bf2_sp_en[0:0], Q = \u_core.SU1.bf2_sp_en).
Adding EN signal on $flatten\u_core.\SU0.$procdff$1003 ($adff) from module peweaver_ppa_shared_fft (D = $flatten\u_core.\SU0.$0\bf2_sp_en[0:0], Q = \u_core.SU0.bf2_sp_en).
Adding EN signal on $flatten\u_core.\SU0.$procdff$1017 ($adff) from module peweaver_ppa_shared_fft (D = $flatten\u_core.\SU0.$0\bf1_sp_en[0:0], Q = \u_core.SU0.bf1_sp_en).

4.10.7. Executing OPT_CLEAN pass (remove unused cells and wires).
Finding unused cells or wires in module \peweaver_ppa_shared_fft..

4.10.8. Executing OPT_EXPR pass (perform const folding).
Optimizing module peweaver_ppa_shared_fft.
<suppressed ~6 debug messages>

4.10.9. Rerunning OPT passes. (Maybe there is more to do..)

4.10.10. Executing OPT_MUXTREE pass (detect dead branches in mux trees).
Running muxtree optimizer on module \peweaver_ppa_shared_fft..
  Creating internal representation of mux trees.
  Evaluating internal representation of mux trees.
  Analyzing evaluation results.
Removed 0 multiplexer ports.
<suppressed ~228 debug messages>

4.10.11. Executing OPT_REDUCE pass (consolidate $*mux and $reduce_* inputs).
  Optimizing cells in module \peweaver_ppa_shared_fft.
Performed a total of 0 changes.

4.10.12. Executing OPT_MERGE pass (detect identical cells).
Finding identical cells in module `\peweaver_ppa_shared_fft'.
Computing hashes of 851 cells of `\peweaver_ppa_shared_fft'.
Finding duplicate cells in `\peweaver_ppa_shared_fft'.
Removed a total of 0 cells.

4.10.13. Executing OPT_DFF pass (perform DFF optimizations).

4.10.14. Executing OPT_CLEAN pass (remove unused cells and wires).
Finding unused cells or wires in module \peweaver_ppa_shared_fft..

4.10.15. Executing OPT_EXPR pass (perform const folding).
Optimizing module peweaver_ppa_shared_fft.

4.10.16. Finished fast OPT passes. (There is nothing left to do.)

4.11. Executing WREDUCE pass (reducing word size of cells).
Removed top 30 bits (of 32) from mux cell peweaver_ppa_shared_fft.$flatten\u_core.\SU2.$ternary$rtl/peweaver_shared_fft.v:208$399 ($mux).
Removed top 31 bits (of 32) from mux cell peweaver_ppa_shared_fft.$flatten\u_core.\SU2.$ternary$rtl/peweaver_shared_fft.v:209$400 ($mux).
Removed top 5 bits (of 7) from port B of cell peweaver_ppa_shared_fft.$flatten\u_core.\SU2.$eq$rtl/peweaver_shared_fft.v:255$409 ($eq).
Removed top 15 bits (of 16) from port A of cell peweaver_ppa_shared_fft.$flatten\u_core.\SU2.$sub$rtl/peweaver_shared_fft.v:275$422 ($sub).
Removed top 6 bits (of 7) from port B of cell peweaver_ppa_shared_fft.$flatten\u_core.\SU2.$eq$rtl/peweaver_shared_fft.v:335$433 ($eq).
Removed top 2 bits (of 7) from port A of cell peweaver_ppa_shared_fft.$flatten\u_core.\SU2.$mul$rtl/peweaver_shared_fft.v:388$449 ($mul).
Removed top 5 bits (of 7) from port B of cell peweaver_ppa_shared_fft.$flatten\u_core.\SU2.$mul$rtl/peweaver_shared_fft.v:388$449 ($mul).
Removed top 1 bits (of 32) from port Y of cell peweaver_ppa_shared_fft.$flatten\u_core.\SU2.\MU.$mul$rtl/peweaver_shared_fft.v:665$599 ($mul).
Removed top 30 bits (of 32) from port B of cell peweaver_ppa_shared_fft.$flatten\u_core.\SU2.\BF2.$add$rtl/peweaver_shared_fft.v:646$623 ($add).
Removed top 15 bits (of 32) from port Y of cell peweaver_ppa_shared_fft.$flatten\u_core.\SU2.\BF2.$add$rtl/peweaver_shared_fft.v:646$623 ($add).
Removed top 30 bits (of 32) from port B of cell peweaver_ppa_shared_fft.$flatten\u_core.\SU2.\BF2.$add$rtl/peweaver_shared_fft.v:644$619 ($add).
Removed top 15 bits (of 32) from port Y of cell peweaver_ppa_shared_fft.$flatten\u_core.\SU2.\BF2.$add$rtl/peweaver_shared_fft.v:644$619 ($add).
Removed top 30 bits (of 32) from port B of cell peweaver_ppa_shared_fft.$flatten\u_core.\SU2.\BF2.$add$rtl/peweaver_shared_fft.v:645$621 ($add).
Removed top 15 bits (of 32) from port Y of cell peweaver_ppa_shared_fft.$flatten\u_core.\SU2.\BF2.$add$rtl/peweaver_shared_fft.v:645$621 ($add).
Removed top 30 bits (of 32) from port B of cell peweaver_ppa_shared_fft.$flatten\u_core.\SU2.\BF2.$add$rtl/peweaver_shared_fft.v:643$617 ($add).
Removed top 15 bits (of 32) from port Y of cell peweaver_ppa_shared_fft.$flatten\u_core.\SU2.\BF2.$add$rtl/peweaver_shared_fft.v:643$617 ($add).
Removed top 6 bits (of 7) from port B of cell peweaver_ppa_shared_fft.$flatten\u_core.\SU2.\TW.$procmux$791_CMP0 ($eq).
Removed top 5 bits (of 7) from port B of cell peweaver_ppa_shared_fft.$flatten\u_core.\SU2.\TW.$procmux$790_CMP0 ($eq).
Removed top 5 bits (of 7) from port B of cell peweaver_ppa_shared_fft.$flatten\u_core.\SU2.\TW.$procmux$789_CMP0 ($eq).
Removed top 4 bits (of 7) from port B of cell peweaver_ppa_shared_fft.$flatten\u_core.\SU2.\TW.$procmux$788_CMP0 ($eq).
Removed top 4 bits (of 7) from port B of cell peweaver_ppa_shared_fft.$flatten\u_core.\SU2.\TW.$procmux$787_CMP0 ($eq).
Removed top 4 bits (of 7) from port B of cell peweaver_ppa_shared_fft.$flatten\u_core.\SU2.\TW.$procmux$786_CMP0 ($eq).
Removed top 4 bits (of 7) from port B of cell peweaver_ppa_shared_fft.$flatten\u_core.\SU2.\TW.$procmux$785_CMP0 ($eq).
Removed top 3 bits (of 7) from port B of cell peweaver_ppa_shared_fft.$flatten\u_core.\SU2.\TW.$procmux$784_CMP0 ($eq).
Removed top 3 bits (of 7) from port B of cell peweaver_ppa_shared_fft.$flatten\u_core.\SU2.\TW.$procmux$783_CMP0 ($eq).
Removed top 3 bits (of 7) from port B of cell peweaver_ppa_shared_fft.$flatten\u_core.\SU2.\TW.$procmux$782_CMP0 ($eq).
Removed top 3 bits (of 7) from port B of cell peweaver_ppa_shared_fft.$flatten\u_core.\SU2.\TW.$procmux$781_CMP0 ($eq).
Removed top 3 bits (of 7) from port B of cell peweaver_ppa_shared_fft.$flatten\u_core.\SU2.\TW.$procmux$780_CMP0 ($eq).
Removed top 3 bits (of 7) from port B of cell peweaver_ppa_shared_fft.$flatten\u_core.\SU2.\TW.$procmux$779_CMP0 ($eq).
Removed top 3 bits (of 7) from port B of cell peweaver_ppa_shared_fft.$flatten\u_core.\SU2.\TW.$procmux$778_CMP0 ($eq).
Removed top 3 bits (of 7) from port B of cell peweaver_ppa_shared_fft.$flatten\u_core.\SU2.\TW.$procmux$777_CMP0 ($eq).
Removed top 2 bits (of 7) from port B of cell peweaver_ppa_shared_fft.$flatten\u_core.\SU2.\TW.$procmux$776_CMP0 ($eq).
Removed top 2 bits (of 7) from port B of cell peweaver_ppa_shared_fft.$flatten\u_core.\SU2.\TW.$procmux$775_CMP0 ($eq).
Removed top 2 bits (of 7) from port B of cell peweaver_ppa_shared_fft.$flatten\u_core.\SU2.\TW.$procmux$774_CMP0 ($eq).
Removed top 2 bits (of 7) from port B of cell peweaver_ppa_shared_fft.$flatten\u_core.\SU2.\TW.$procmux$773_CMP0 ($eq).
Removed top 2 bits (of 7) from port B of cell peweaver_ppa_shared_fft.$flatten\u_core.\SU2.\TW.$procmux$772_CMP0 ($eq).
Removed top 2 bits (of 7) from port B of cell peweaver_ppa_shared_fft.$flatten\u_core.\SU2.\TW.$procmux$771_CMP0 ($eq).
Removed top 2 bits (of 7) from port B of cell peweaver_ppa_shared_fft.$flatten\u_core.\SU2.\TW.$procmux$770_CMP0 ($eq).
Removed top 2 bits (of 7) from port B of cell peweaver_ppa_shared_fft.$flatten\u_core.\SU2.\TW.$procmux$769_CMP0 ($eq).
Removed top 2 bits (of 7) from port B of cell peweaver_ppa_shared_fft.$flatten\u_core.\SU2.\TW.$procmux$768_CMP0 ($eq).
Removed top 2 bits (of 7) from port B of cell peweaver_ppa_shared_fft.$flatten\u_core.\SU2.\TW.$procmux$767_CMP0 ($eq).
Removed top 2 bits (of 7) from port B of cell peweaver_ppa_shared_fft.$flatten\u_core.\SU2.\TW.$procmux$766_CMP0 ($eq).
Removed top 2 bits (of 7) from port B of cell peweaver_ppa_shared_fft.$flatten\u_core.\SU2.\TW.$procmux$765_CMP0 ($eq).
Removed top 2 bits (of 7) from port B of cell peweaver_ppa_shared_fft.$flatten\u_core.\SU2.\TW.$procmux$764_CMP0 ($eq).
Removed top 2 bits (of 7) from port B of cell peweaver_ppa_shared_fft.$flatten\u_core.\SU2.\TW.$procmux$763_CMP0 ($eq).
Removed top 2 bits (of 7) from port B of cell peweaver_ppa_shared_fft.$flatten\u_core.\SU2.\TW.$procmux$762_CMP0 ($eq).
Removed top 2 bits (of 7) from port B of cell peweaver_ppa_shared_fft.$flatten\u_core.\SU2.\TW.$procmux$761_CMP0 ($eq).
Removed top 1 bits (of 7) from port B of cell peweaver_ppa_shared_fft.$flatten\u_core.\SU2.\TW.$procmux$760_CMP0 ($eq).
Removed top 1 bits (of 7) from port B of cell peweaver_ppa_shared_fft.$flatten\u_core.\SU2.\TW.$procmux$759_CMP0 ($eq).
Removed top 1 bits (of 7) from port B of cell peweaver_ppa_shared_fft.$flatten\u_core.\SU2.\TW.$procmux$758_CMP0 ($eq).
Removed top 1 bits (of 7) from port B of cell peweaver_ppa_shared_fft.$flatten\u_core.\SU2.\TW.$procmux$756_CMP0 ($eq).
Removed top 1 bits (of 7) from port B of cell peweaver_ppa_shared_fft.$flatten\u_core.\SU2.\TW.$procmux$754_CMP0 ($eq).
Removed top 1 bits (of 7) from port B of cell peweaver_ppa_shared_fft.$flatten\u_core.\SU2.\TW.$procmux$753_CMP0 ($eq).
Removed top 1 bits (of 7) from port B of cell peweaver_ppa_shared_fft.$flatten\u_core.\SU2.\TW.$procmux$752_CMP0 ($eq).
Removed top 1 bits (of 7) from port B of cell peweaver_ppa_shared_fft.$flatten\u_core.\SU2.\TW.$procmux$750_CMP0 ($eq).
Removed top 1 bits (of 7) from port B of cell peweaver_ppa_shared_fft.$flatten\u_core.\SU2.\TW.$procmux$748_CMP0 ($eq).
Removed top 1 bits (of 7) from port B of cell peweaver_ppa_shared_fft.$flatten\u_core.\SU2.\TW.$procmux$747_CMP0 ($eq).
Removed top 1 bits (of 7) from port B of cell peweaver_ppa_shared_fft.$flatten\u_core.\SU2.\TW.$procmux$746_CMP0 ($eq).
Removed top 1 bits (of 7) from port B of cell peweaver_ppa_shared_fft.$flatten\u_core.\SU2.\TW.$procmux$744_CMP0 ($eq).
Removed top 1 bits (of 7) from port B of cell peweaver_ppa_shared_fft.$flatten\u_core.\SU2.\TW.$procmux$742_CMP0 ($eq).
Removed top 1 bits (of 7) from port B of cell peweaver_ppa_shared_fft.$flatten\u_core.\SU2.\TW.$procmux$741_CMP0 ($eq).
Removed top 1 bits (of 7) from port B of cell peweaver_ppa_shared_fft.$flatten\u_core.\SU2.\TW.$procmux$740_CMP0 ($eq).
Removed top 1 bits (of 7) from port B of cell peweaver_ppa_shared_fft.$flatten\u_core.\SU2.\TW.$procmux$738_CMP0 ($eq).
Removed top 1 bits (of 7) from port B of cell peweaver_ppa_shared_fft.$flatten\u_core.\SU2.\TW.$procmux$736_CMP0 ($eq).
Removed top 1 bits (of 7) from port B of cell peweaver_ppa_shared_fft.$flatten\u_core.\SU2.\TW.$procmux$735_CMP0 ($eq).
Removed top 1 bits (of 7) from port B of cell peweaver_ppa_shared_fft.$flatten\u_core.\SU2.\TW.$procmux$734_CMP0 ($eq).
Removed top 1 bits (of 7) from port B of cell peweaver_ppa_shared_fft.$flatten\u_core.\SU2.\TW.$procmux$732_CMP0 ($eq).
Removed top 1 bits (of 7) from port B of cell peweaver_ppa_shared_fft.$flatten\u_core.\SU2.\TW.$procmux$730_CMP0 ($eq).
Removed top 1 bits (of 7) from port B of cell peweaver_ppa_shared_fft.$flatten\u_core.\SU2.\TW.$procmux$729_CMP0 ($eq).
Removed top 1 bits (of 32) from port Y of cell peweaver_ppa_shared_fft.$flatten\u_core.\SU2.\MU.$mul$rtl/peweaver_shared_fft.v:668$602 ($mul).
Removed top 1 bits (of 32) from port Y of cell peweaver_ppa_shared_fft.$flatten\u_core.\SU2.\MU.$mul$rtl/peweaver_shared_fft.v:667$601 ($mul).
Removed top 1 bits (of 32) from port Y of cell peweaver_ppa_shared_fft.$flatten\u_core.\SU2.\MU.$mul$rtl/peweaver_shared_fft.v:666$600 ($mul).
Removed top 28 bits (of 32) from mux cell peweaver_ppa_shared_fft.$flatten\u_core.\SU1.$ternary$rtl/peweaver_shared_fft.v:208$466 ($mux).
Removed top 29 bits (of 32) from mux cell peweaver_ppa_shared_fft.$flatten\u_core.\SU1.$ternary$rtl/peweaver_shared_fft.v:209$467 ($mux).
Removed top 3 bits (of 7) from port B of cell peweaver_ppa_shared_fft.$flatten\u_core.\SU1.$eq$rtl/peweaver_shared_fft.v:255$476 ($eq).
Removed top 15 bits (of 16) from port A of cell peweaver_ppa_shared_fft.$flatten\u_core.\SU1.$sub$rtl/peweaver_shared_fft.v:275$489 ($sub).
Removed top 4 bits (of 7) from port B of cell peweaver_ppa_shared_fft.$flatten\u_core.\SU1.$eq$rtl/peweaver_shared_fft.v:335$500 ($eq).
Removed top 2 bits (of 7) from port A of cell peweaver_ppa_shared_fft.$flatten\u_core.\SU1.$mul$rtl/peweaver_shared_fft.v:388$516 ($mul).
Removed top 5 bits (of 7) from port B of cell peweaver_ppa_shared_fft.$flatten\u_core.\SU1.$mul$rtl/peweaver_shared_fft.v:388$516 ($mul).
Removed top 1 bits (of 32) from port Y of cell peweaver_ppa_shared_fft.$flatten\u_core.\SU1.\MU.$mul$rtl/peweaver_shared_fft.v:665$599 ($mul).
Removed top 30 bits (of 32) from port B of cell peweaver_ppa_shared_fft.$flatten\u_core.\SU1.\BF2.$add$rtl/peweaver_shared_fft.v:646$623 ($add).
Removed top 15 bits (of 32) from port Y of cell peweaver_ppa_shared_fft.$flatten\u_core.\SU1.\BF2.$add$rtl/peweaver_shared_fft.v:646$623 ($add).
Removed top 30 bits (of 32) from port B of cell peweaver_ppa_shared_fft.$flatten\u_core.\SU1.\BF2.$add$rtl/peweaver_shared_fft.v:644$619 ($add).
Removed top 15 bits (of 32) from port Y of cell peweaver_ppa_shared_fft.$flatten\u_core.\SU1.\BF2.$add$rtl/peweaver_shared_fft.v:644$619 ($add).
Removed top 30 bits (of 32) from port B of cell peweaver_ppa_shared_fft.$flatten\u_core.\SU1.\BF2.$add$rtl/peweaver_shared_fft.v:645$621 ($add).
Removed top 15 bits (of 32) from port Y of cell peweaver_ppa_shared_fft.$flatten\u_core.\SU1.\BF2.$add$rtl/peweaver_shared_fft.v:645$621 ($add).
Removed top 30 bits (of 32) from port B of cell peweaver_ppa_shared_fft.$flatten\u_core.\SU1.\BF2.$add$rtl/peweaver_shared_fft.v:643$617 ($add).
Removed top 15 bits (of 32) from port Y of cell peweaver_ppa_shared_fft.$flatten\u_core.\SU1.\BF2.$add$rtl/peweaver_shared_fft.v:643$617 ($add).
Removed top 6 bits (of 7) from port B of cell peweaver_ppa_shared_fft.$flatten\u_core.\SU1.\TW.$procmux$791_CMP0 ($eq).
Removed top 5 bits (of 7) from port B of cell peweaver_ppa_shared_fft.$flatten\u_core.\SU1.\TW.$procmux$790_CMP0 ($eq).
Removed top 5 bits (of 7) from port B of cell peweaver_ppa_shared_fft.$flatten\u_core.\SU1.\TW.$procmux$789_CMP0 ($eq).
Removed top 4 bits (of 7) from port B of cell peweaver_ppa_shared_fft.$flatten\u_core.\SU1.\TW.$procmux$788_CMP0 ($eq).
Removed top 4 bits (of 7) from port B of cell peweaver_ppa_shared_fft.$flatten\u_core.\SU1.\TW.$procmux$787_CMP0 ($eq).
Removed top 4 bits (of 7) from port B of cell peweaver_ppa_shared_fft.$flatten\u_core.\SU1.\TW.$procmux$786_CMP0 ($eq).
Removed top 4 bits (of 7) from port B of cell peweaver_ppa_shared_fft.$flatten\u_core.\SU1.\TW.$procmux$785_CMP0 ($eq).
Removed top 3 bits (of 7) from port B of cell peweaver_ppa_shared_fft.$flatten\u_core.\SU1.\TW.$procmux$784_CMP0 ($eq).
Removed top 3 bits (of 7) from port B of cell peweaver_ppa_shared_fft.$flatten\u_core.\SU1.\TW.$procmux$783_CMP0 ($eq).
Removed top 3 bits (of 7) from port B of cell peweaver_ppa_shared_fft.$flatten\u_core.\SU1.\TW.$procmux$782_CMP0 ($eq).
Removed top 3 bits (of 7) from port B of cell peweaver_ppa_shared_fft.$flatten\u_core.\SU1.\TW.$procmux$781_CMP0 ($eq).
Removed top 3 bits (of 7) from port B of cell peweaver_ppa_shared_fft.$flatten\u_core.\SU1.\TW.$procmux$780_CMP0 ($eq).
Removed top 3 bits (of 7) from port B of cell peweaver_ppa_shared_fft.$flatten\u_core.\SU1.\TW.$procmux$779_CMP0 ($eq).
Removed top 3 bits (of 7) from port B of cell peweaver_ppa_shared_fft.$flatten\u_core.\SU1.\TW.$procmux$778_CMP0 ($eq).
Removed top 3 bits (of 7) from port B of cell peweaver_ppa_shared_fft.$flatten\u_core.\SU1.\TW.$procmux$777_CMP0 ($eq).
Removed top 2 bits (of 7) from port B of cell peweaver_ppa_shared_fft.$flatten\u_core.\SU1.\TW.$procmux$776_CMP0 ($eq).
Removed top 2 bits (of 7) from port B of cell peweaver_ppa_shared_fft.$flatten\u_core.\SU1.\TW.$procmux$775_CMP0 ($eq).
Removed top 2 bits (of 7) from port B of cell peweaver_ppa_shared_fft.$flatten\u_core.\SU1.\TW.$procmux$774_CMP0 ($eq).
Removed top 2 bits (of 7) from port B of cell peweaver_ppa_shared_fft.$flatten\u_core.\SU1.\TW.$procmux$773_CMP0 ($eq).
Removed top 2 bits (of 7) from port B of cell peweaver_ppa_shared_fft.$flatten\u_core.\SU1.\TW.$procmux$772_CMP0 ($eq).
Removed top 2 bits (of 7) from port B of cell peweaver_ppa_shared_fft.$flatten\u_core.\SU1.\TW.$procmux$771_CMP0 ($eq).
Removed top 2 bits (of 7) from port B of cell peweaver_ppa_shared_fft.$flatten\u_core.\SU1.\TW.$procmux$770_CMP0 ($eq).
Removed top 2 bits (of 7) from port B of cell peweaver_ppa_shared_fft.$flatten\u_core.\SU1.\TW.$procmux$769_CMP0 ($eq).
Removed top 2 bits (of 7) from port B of cell peweaver_ppa_shared_fft.$flatten\u_core.\SU1.\TW.$procmux$768_CMP0 ($eq).
Removed top 2 bits (of 7) from port B of cell peweaver_ppa_shared_fft.$flatten\u_core.\SU1.\TW.$procmux$767_CMP0 ($eq).
Removed top 2 bits (of 7) from port B of cell peweaver_ppa_shared_fft.$flatten\u_core.\SU1.\TW.$procmux$766_CMP0 ($eq).
Removed top 2 bits (of 7) from port B of cell peweaver_ppa_shared_fft.$flatten\u_core.\SU1.\TW.$procmux$765_CMP0 ($eq).
Removed top 2 bits (of 7) from port B of cell peweaver_ppa_shared_fft.$flatten\u_core.\SU1.\TW.$procmux$764_CMP0 ($eq).
Removed top 2 bits (of 7) from port B of cell peweaver_ppa_shared_fft.$flatten\u_core.\SU1.\TW.$procmux$763_CMP0 ($eq).
Removed top 2 bits (of 7) from port B of cell peweaver_ppa_shared_fft.$flatten\u_core.\SU1.\TW.$procmux$762_CMP0 ($eq).
Removed top 2 bits (of 7) from port B of cell peweaver_ppa_shared_fft.$flatten\u_core.\SU1.\TW.$procmux$761_CMP0 ($eq).
Removed top 1 bits (of 7) from port B of cell peweaver_ppa_shared_fft.$flatten\u_core.\SU1.\TW.$procmux$760_CMP0 ($eq).
Removed top 1 bits (of 7) from port B of cell peweaver_ppa_shared_fft.$flatten\u_core.\SU1.\TW.$procmux$759_CMP0 ($eq).
Removed top 1 bits (of 7) from port B of cell peweaver_ppa_shared_fft.$flatten\u_core.\SU1.\TW.$procmux$758_CMP0 ($eq).
Removed top 1 bits (of 7) from port B of cell peweaver_ppa_shared_fft.$flatten\u_core.\SU1.\TW.$procmux$756_CMP0 ($eq).
Removed top 1 bits (of 7) from port B of cell peweaver_ppa_shared_fft.$flatten\u_core.\SU1.\TW.$procmux$754_CMP0 ($eq).
Removed top 1 bits (of 7) from port B of cell peweaver_ppa_shared_fft.$flatten\u_core.\SU1.\TW.$procmux$753_CMP0 ($eq).
Removed top 1 bits (of 7) from port B of cell peweaver_ppa_shared_fft.$flatten\u_core.\SU1.\TW.$procmux$752_CMP0 ($eq).
Removed top 1 bits (of 7) from port B of cell peweaver_ppa_shared_fft.$flatten\u_core.\SU1.\TW.$procmux$750_CMP0 ($eq).
Removed top 1 bits (of 7) from port B of cell peweaver_ppa_shared_fft.$flatten\u_core.\SU1.\TW.$procmux$748_CMP0 ($eq).
Removed top 1 bits (of 7) from port B of cell peweaver_ppa_shared_fft.$flatten\u_core.\SU1.\TW.$procmux$747_CMP0 ($eq).
Removed top 1 bits (of 7) from port B of cell peweaver_ppa_shared_fft.$flatten\u_core.\SU1.\TW.$procmux$746_CMP0 ($eq).
Removed top 1 bits (of 7) from port B of cell peweaver_ppa_shared_fft.$flatten\u_core.\SU1.\TW.$procmux$744_CMP0 ($eq).
Removed top 1 bits (of 7) from port B of cell peweaver_ppa_shared_fft.$flatten\u_core.\SU1.\TW.$procmux$742_CMP0 ($eq).
Removed top 1 bits (of 7) from port B of cell peweaver_ppa_shared_fft.$flatten\u_core.\SU1.\TW.$procmux$741_CMP0 ($eq).
Removed top 1 bits (of 7) from port B of cell peweaver_ppa_shared_fft.$flatten\u_core.\SU1.\TW.$procmux$740_CMP0 ($eq).
Removed top 1 bits (of 7) from port B of cell peweaver_ppa_shared_fft.$flatten\u_core.\SU1.\TW.$procmux$738_CMP0 ($eq).
Removed top 1 bits (of 7) from port B of cell peweaver_ppa_shared_fft.$flatten\u_core.\SU1.\TW.$procmux$736_CMP0 ($eq).
Removed top 1 bits (of 7) from port B of cell peweaver_ppa_shared_fft.$flatten\u_core.\SU1.\TW.$procmux$735_CMP0 ($eq).
Removed top 1 bits (of 7) from port B of cell peweaver_ppa_shared_fft.$flatten\u_core.\SU1.\TW.$procmux$734_CMP0 ($eq).
Removed top 1 bits (of 7) from port B of cell peweaver_ppa_shared_fft.$flatten\u_core.\SU1.\TW.$procmux$732_CMP0 ($eq).
Removed top 1 bits (of 7) from port B of cell peweaver_ppa_shared_fft.$flatten\u_core.\SU1.\TW.$procmux$730_CMP0 ($eq).
Removed top 1 bits (of 7) from port B of cell peweaver_ppa_shared_fft.$flatten\u_core.\SU1.\TW.$procmux$729_CMP0 ($eq).
Removed top 1 bits (of 32) from port Y of cell peweaver_ppa_shared_fft.$flatten\u_core.\SU1.\MU.$mul$rtl/peweaver_shared_fft.v:668$602 ($mul).
Removed top 1 bits (of 32) from port Y of cell peweaver_ppa_shared_fft.$flatten\u_core.\SU1.\MU.$mul$rtl/peweaver_shared_fft.v:667$601 ($mul).
Removed top 1 bits (of 32) from port Y of cell peweaver_ppa_shared_fft.$flatten\u_core.\SU1.\MU.$mul$rtl/peweaver_shared_fft.v:666$600 ($mul).
Removed top 26 bits (of 32) from mux cell peweaver_ppa_shared_fft.$flatten\u_core.\SU0.$ternary$rtl/peweaver_shared_fft.v:208$533 ($mux).
Removed top 27 bits (of 32) from mux cell peweaver_ppa_shared_fft.$flatten\u_core.\SU0.$ternary$rtl/peweaver_shared_fft.v:209$534 ($mux).
Removed top 1 bits (of 7) from port B of cell peweaver_ppa_shared_fft.$flatten\u_core.\SU0.$eq$rtl/peweaver_shared_fft.v:255$543 ($eq).
Removed top 15 bits (of 16) from port A of cell peweaver_ppa_shared_fft.$flatten\u_core.\SU0.$sub$rtl/peweaver_shared_fft.v:275$556 ($sub).
Removed top 2 bits (of 7) from port B of cell peweaver_ppa_shared_fft.$flatten\u_core.\SU0.$eq$rtl/peweaver_shared_fft.v:335$567 ($eq).
Removed top 2 bits (of 7) from port A of cell peweaver_ppa_shared_fft.$flatten\u_core.\SU0.$mul$rtl/peweaver_shared_fft.v:388$583 ($mul).
Removed top 5 bits (of 7) from port B of cell peweaver_ppa_shared_fft.$flatten\u_core.\SU0.$mul$rtl/peweaver_shared_fft.v:388$583 ($mul).
Removed top 1 bits (of 32) from port Y of cell peweaver_ppa_shared_fft.$flatten\u_core.\SU0.\MU.$mul$rtl/peweaver_shared_fft.v:665$599 ($mul).
Removed top 30 bits (of 32) from port B of cell peweaver_ppa_shared_fft.$flatten\u_core.\SU0.\BF2.$add$rtl/peweaver_shared_fft.v:646$623 ($add).
Removed top 15 bits (of 32) from port Y of cell peweaver_ppa_shared_fft.$flatten\u_core.\SU0.\BF2.$add$rtl/peweaver_shared_fft.v:646$623 ($add).
Removed top 30 bits (of 32) from port B of cell peweaver_ppa_shared_fft.$flatten\u_core.\SU0.\BF2.$add$rtl/peweaver_shared_fft.v:644$619 ($add).
Removed top 15 bits (of 32) from port Y of cell peweaver_ppa_shared_fft.$flatten\u_core.\SU0.\BF2.$add$rtl/peweaver_shared_fft.v:644$619 ($add).
Removed top 30 bits (of 32) from port B of cell peweaver_ppa_shared_fft.$flatten\u_core.\SU0.\BF2.$add$rtl/peweaver_shared_fft.v:645$621 ($add).
Removed top 15 bits (of 32) from port Y of cell peweaver_ppa_shared_fft.$flatten\u_core.\SU0.\BF2.$add$rtl/peweaver_shared_fft.v:645$621 ($add).
Removed top 30 bits (of 32) from port B of cell peweaver_ppa_shared_fft.$flatten\u_core.\SU0.\BF2.$add$rtl/peweaver_shared_fft.v:643$617 ($add).
Removed top 15 bits (of 32) from port Y of cell peweaver_ppa_shared_fft.$flatten\u_core.\SU0.\BF2.$add$rtl/peweaver_shared_fft.v:643$617 ($add).
Removed top 6 bits (of 7) from port B of cell peweaver_ppa_shared_fft.$flatten\u_core.\SU0.\TW.$procmux$791_CMP0 ($eq).
Removed top 5 bits (of 7) from port B of cell peweaver_ppa_shared_fft.$flatten\u_core.\SU0.\TW.$procmux$790_CMP0 ($eq).
Removed top 5 bits (of 7) from port B of cell peweaver_ppa_shared_fft.$flatten\u_core.\SU0.\TW.$procmux$789_CMP0 ($eq).
Removed top 4 bits (of 7) from port B of cell peweaver_ppa_shared_fft.$flatten\u_core.\SU0.\TW.$procmux$788_CMP0 ($eq).
Removed top 4 bits (of 7) from port B of cell peweaver_ppa_shared_fft.$flatten\u_core.\SU0.\TW.$procmux$787_CMP0 ($eq).
Removed top 4 bits (of 7) from port B of cell peweaver_ppa_shared_fft.$flatten\u_core.\SU0.\TW.$procmux$786_CMP0 ($eq).
Removed top 4 bits (of 7) from port B of cell peweaver_ppa_shared_fft.$flatten\u_core.\SU0.\TW.$procmux$785_CMP0 ($eq).
Removed top 3 bits (of 7) from port B of cell peweaver_ppa_shared_fft.$flatten\u_core.\SU0.\TW.$procmux$784_CMP0 ($eq).
Removed top 3 bits (of 7) from port B of cell peweaver_ppa_shared_fft.$flatten\u_core.\SU0.\TW.$procmux$783_CMP0 ($eq).
Removed top 3 bits (of 7) from port B of cell peweaver_ppa_shared_fft.$flatten\u_core.\SU0.\TW.$procmux$782_CMP0 ($eq).
Removed top 3 bits (of 7) from port B of cell peweaver_ppa_shared_fft.$flatten\u_core.\SU0.\TW.$procmux$781_CMP0 ($eq).
Removed top 3 bits (of 7) from port B of cell peweaver_ppa_shared_fft.$flatten\u_core.\SU0.\TW.$procmux$780_CMP0 ($eq).
Removed top 3 bits (of 7) from port B of cell peweaver_ppa_shared_fft.$flatten\u_core.\SU0.\TW.$procmux$779_CMP0 ($eq).
Removed top 3 bits (of 7) from port B of cell peweaver_ppa_shared_fft.$flatten\u_core.\SU0.\TW.$procmux$778_CMP0 ($eq).
Removed top 3 bits (of 7) from port B of cell peweaver_ppa_shared_fft.$flatten\u_core.\SU0.\TW.$procmux$777_CMP0 ($eq).
Removed top 2 bits (of 7) from port B of cell peweaver_ppa_shared_fft.$flatten\u_core.\SU0.\TW.$procmux$776_CMP0 ($eq).
Removed top 2 bits (of 7) from port B of cell peweaver_ppa_shared_fft.$flatten\u_core.\SU0.\TW.$procmux$775_CMP0 ($eq).
Removed top 2 bits (of 7) from port B of cell peweaver_ppa_shared_fft.$flatten\u_core.\SU0.\TW.$procmux$774_CMP0 ($eq).
Removed top 2 bits (of 7) from port B of cell peweaver_ppa_shared_fft.$flatten\u_core.\SU0.\TW.$procmux$773_CMP0 ($eq).
Removed top 2 bits (of 7) from port B of cell peweaver_ppa_shared_fft.$flatten\u_core.\SU0.\TW.$procmux$772_CMP0 ($eq).
Removed top 2 bits (of 7) from port B of cell peweaver_ppa_shared_fft.$flatten\u_core.\SU0.\TW.$procmux$771_CMP0 ($eq).
Removed top 2 bits (of 7) from port B of cell peweaver_ppa_shared_fft.$flatten\u_core.\SU0.\TW.$procmux$770_CMP0 ($eq).
Removed top 2 bits (of 7) from port B of cell peweaver_ppa_shared_fft.$flatten\u_core.\SU0.\TW.$procmux$769_CMP0 ($eq).
Removed top 2 bits (of 7) from port B of cell peweaver_ppa_shared_fft.$flatten\u_core.\SU0.\TW.$procmux$768_CMP0 ($eq).
Removed top 2 bits (of 7) from port B of cell peweaver_ppa_shared_fft.$flatten\u_core.\SU0.\TW.$procmux$767_CMP0 ($eq).
Removed top 2 bits (of 7) from port B of cell peweaver_ppa_shared_fft.$flatten\u_core.\SU0.\TW.$procmux$766_CMP0 ($eq).
Removed top 2 bits (of 7) from port B of cell peweaver_ppa_shared_fft.$flatten\u_core.\SU0.\TW.$procmux$765_CMP0 ($eq).
Removed top 2 bits (of 7) from port B of cell peweaver_ppa_shared_fft.$flatten\u_core.\SU0.\TW.$procmux$764_CMP0 ($eq).
Removed top 2 bits (of 7) from port B of cell peweaver_ppa_shared_fft.$flatten\u_core.\SU0.\TW.$procmux$763_CMP0 ($eq).
Removed top 2 bits (of 7) from port B of cell peweaver_ppa_shared_fft.$flatten\u_core.\SU0.\TW.$procmux$762_CMP0 ($eq).
Removed top 2 bits (of 7) from port B of cell peweaver_ppa_shared_fft.$flatten\u_core.\SU0.\TW.$procmux$761_CMP0 ($eq).
Removed top 1 bits (of 7) from port B of cell peweaver_ppa_shared_fft.$flatten\u_core.\SU0.\TW.$procmux$760_CMP0 ($eq).
Removed top 1 bits (of 7) from port B of cell peweaver_ppa_shared_fft.$flatten\u_core.\SU0.\TW.$procmux$759_CMP0 ($eq).
Removed top 1 bits (of 7) from port B of cell peweaver_ppa_shared_fft.$flatten\u_core.\SU0.\TW.$procmux$758_CMP0 ($eq).
Removed top 1 bits (of 7) from port B of cell peweaver_ppa_shared_fft.$flatten\u_core.\SU0.\TW.$procmux$756_CMP0 ($eq).
Removed top 1 bits (of 7) from port B of cell peweaver_ppa_shared_fft.$flatten\u_core.\SU0.\TW.$procmux$754_CMP0 ($eq).
Removed top 1 bits (of 7) from port B of cell peweaver_ppa_shared_fft.$flatten\u_core.\SU0.\TW.$procmux$753_CMP0 ($eq).
Removed top 1 bits (of 7) from port B of cell peweaver_ppa_shared_fft.$flatten\u_core.\SU0.\TW.$procmux$752_CMP0 ($eq).
Removed top 1 bits (of 7) from port B of cell peweaver_ppa_shared_fft.$flatten\u_core.\SU0.\TW.$procmux$750_CMP0 ($eq).
Removed top 1 bits (of 7) from port B of cell peweaver_ppa_shared_fft.$flatten\u_core.\SU0.\TW.$procmux$748_CMP0 ($eq).
Removed top 1 bits (of 7) from port B of cell peweaver_ppa_shared_fft.$flatten\u_core.\SU0.\TW.$procmux$747_CMP0 ($eq).
Removed top 1 bits (of 7) from port B of cell peweaver_ppa_shared_fft.$flatten\u_core.\SU0.\TW.$procmux$746_CMP0 ($eq).
Removed top 1 bits (of 7) from port B of cell peweaver_ppa_shared_fft.$flatten\u_core.\SU0.\TW.$procmux$744_CMP0 ($eq).
Removed top 1 bits (of 7) from port B of cell peweaver_ppa_shared_fft.$flatten\u_core.\SU0.\TW.$procmux$742_CMP0 ($eq).
Removed top 1 bits (of 7) from port B of cell peweaver_ppa_shared_fft.$flatten\u_core.\SU0.\TW.$procmux$741_CMP0 ($eq).
Removed top 1 bits (of 7) from port B of cell peweaver_ppa_shared_fft.$flatten\u_core.\SU0.\TW.$procmux$740_CMP0 ($eq).
Removed top 1 bits (of 7) from port B of cell peweaver_ppa_shared_fft.$flatten\u_core.\SU0.\TW.$procmux$738_CMP0 ($eq).
Removed top 1 bits (of 7) from port B of cell peweaver_ppa_shared_fft.$flatten\u_core.\SU0.\TW.$procmux$736_CMP0 ($eq).
Removed top 1 bits (of 7) from port B of cell peweaver_ppa_shared_fft.$flatten\u_core.\SU0.\TW.$procmux$735_CMP0 ($eq).
Removed top 1 bits (of 7) from port B of cell peweaver_ppa_shared_fft.$flatten\u_core.\SU0.\TW.$procmux$734_CMP0 ($eq).
Removed top 1 bits (of 7) from port B of cell peweaver_ppa_shared_fft.$flatten\u_core.\SU0.\TW.$procmux$732_CMP0 ($eq).
Removed top 1 bits (of 7) from port B of cell peweaver_ppa_shared_fft.$flatten\u_core.\SU0.\TW.$procmux$730_CMP0 ($eq).
Removed top 1 bits (of 7) from port B of cell peweaver_ppa_shared_fft.$flatten\u_core.\SU0.\TW.$procmux$729_CMP0 ($eq).
Removed top 1 bits (of 32) from port Y of cell peweaver_ppa_shared_fft.$flatten\u_core.\SU0.\MU.$mul$rtl/peweaver_shared_fft.v:668$602 ($mul).
Removed top 1 bits (of 32) from port Y of cell peweaver_ppa_shared_fft.$flatten\u_core.\SU0.\MU.$mul$rtl/peweaver_shared_fft.v:667$601 ($mul).
Removed top 1 bits (of 32) from port Y of cell peweaver_ppa_shared_fft.$flatten\u_core.\SU0.\MU.$mul$rtl/peweaver_shared_fft.v:666$600 ($mul).
Removed top 15 bits (of 32) from wire peweaver_ppa_shared_fft.$flatten\u_core.\SU0.\BF2.$add$rtl/peweaver_shared_fft.v:646$623_Y.
Removed top 15 bits (of 32) from wire peweaver_ppa_shared_fft.$flatten\u_core.\SU0.\BF2.$add$rtl/peweaver_shared_fft.v:645$621_Y.
Removed top 15 bits (of 32) from wire peweaver_ppa_shared_fft.$flatten\u_core.\SU0.\BF2.$add$rtl/peweaver_shared_fft.v:644$619_Y.
Removed top 15 bits (of 32) from wire peweaver_ppa_shared_fft.$flatten\u_core.\SU0.\BF2.$add$rtl/peweaver_shared_fft.v:643$617_Y.
Removed top 15 bits (of 32) from wire peweaver_ppa_shared_fft.$flatten\u_core.\SU1.\BF2.$add$rtl/peweaver_shared_fft.v:643$617_Y.
Removed top 15 bits (of 32) from wire peweaver_ppa_shared_fft.$flatten\u_core.\SU1.\BF2.$add$rtl/peweaver_shared_fft.v:644$619_Y.
Removed top 15 bits (of 32) from wire peweaver_ppa_shared_fft.$flatten\u_core.\SU1.\BF2.$add$rtl/peweaver_shared_fft.v:645$621_Y.
Removed top 15 bits (of 32) from wire peweaver_ppa_shared_fft.$flatten\u_core.\SU1.\BF2.$add$rtl/peweaver_shared_fft.v:646$623_Y.
Removed top 29 bits (of 32) from wire peweaver_ppa_shared_fft.$flatten\u_core.\SU1.$ternary$rtl/peweaver_shared_fft.v:209$467_Y.
Removed top 28 bits (of 32) from wire peweaver_ppa_shared_fft.$flatten\u_core.\SU1.$ternary$rtl/peweaver_shared_fft.v:208$466_Y.
Removed top 15 bits (of 32) from wire peweaver_ppa_shared_fft.$flatten\u_core.\SU2.\BF2.$add$rtl/peweaver_shared_fft.v:643$617_Y.
Removed top 15 bits (of 32) from wire peweaver_ppa_shared_fft.$flatten\u_core.\SU2.\BF2.$add$rtl/peweaver_shared_fft.v:644$619_Y.
Removed top 15 bits (of 32) from wire peweaver_ppa_shared_fft.$flatten\u_core.\SU2.\BF2.$add$rtl/peweaver_shared_fft.v:645$621_Y.
Removed top 15 bits (of 32) from wire peweaver_ppa_shared_fft.$flatten\u_core.\SU2.\BF2.$add$rtl/peweaver_shared_fft.v:646$623_Y.
Removed top 27 bits (of 32) from wire peweaver_ppa_shared_fft.$flatten\u_core.\SU0.$ternary$rtl/peweaver_shared_fft.v:209$534_Y.
Removed top 26 bits (of 32) from wire peweaver_ppa_shared_fft.$flatten\u_core.\SU0.$ternary$rtl/peweaver_shared_fft.v:208$533_Y.
Removed top 31 bits (of 32) from wire peweaver_ppa_shared_fft.$flatten\u_core.\SU2.$ternary$rtl/peweaver_shared_fft.v:209$400_Y.
Removed top 30 bits (of 32) from wire peweaver_ppa_shared_fft.$flatten\u_core.\SU2.$ternary$rtl/peweaver_shared_fft.v:208$399_Y.

4.12. Executing PEEPOPT pass (run peephole optimizers).

4.13. Executing OPT_CLEAN pass (remove unused cells and wires).
Finding unused cells or wires in module \peweaver_ppa_shared_fft..
Removed 0 unused cells and 24 unused wires.
<suppressed ~1 debug messages>

4.14. Executing ALUMACC pass (create $alu and $macc cells).
Extracting $alu and $macc cells in module peweaver_ppa_shared_fft:
  creating $macc model for $flatten\u_core.\SU0.\BF2.$add$rtl/peweaver_shared_fft.v:638$613 ($add).
  creating $macc model for $flatten\u_core.\SU0.$sub$rtl/peweaver_shared_fft.v:275$556 ($sub).
  creating $macc model for $flatten\u_core.\SU0.$add$rtl/peweaver_shared_fft.v:267$549 ($add).
  creating $macc model for $flatten\u_core.\SU0.\BF1.$add$rtl/peweaver_shared_fft.v:638$629 ($add).
  creating $macc model for $flatten\u_core.\SU0.$add$rtl/peweaver_shared_fft.v:219$537 ($add).
  creating $macc model for $flatten\u_core.\SU1.\MU.$mul$rtl/peweaver_shared_fft.v:666$600 ($mul).
  creating $macc model for $flatten\u_core.\SU1.\MU.$mul$rtl/peweaver_shared_fft.v:667$601 ($mul).
  creating $macc model for $flatten\u_core.\SU1.\MU.$mul$rtl/peweaver_shared_fft.v:668$602 ($mul).
  creating $macc model for $flatten\u_core.\SU1.\MU.$add$rtl/peweaver_shared_fft.v:676$608 ($add).
  creating $macc model for $flatten\u_core.\SU1.\MU.$sub$rtl/peweaver_shared_fft.v:675$607 ($sub).
  creating $macc model for $flatten\u_core.\SU0.$add$rtl/peweaver_shared_fft.v:349$574 ($add).
  creating $macc model for $flatten\u_core.\SU0.$mul$rtl/peweaver_shared_fft.v:388$583 ($mul).
  creating $macc model for $flatten\u_core.\SU0.\MU.$mul$rtl/peweaver_shared_fft.v:665$599 ($mul).
  creating $macc model for $flatten\u_core.\SU0.\BF1.$sub$rtl/peweaver_shared_fft.v:641$632 ($sub).
  creating $macc model for $flatten\u_core.\SU0.\BF1.$sub$rtl/peweaver_shared_fft.v:640$631 ($sub).
  creating $macc model for $flatten\u_core.\SU0.\BF1.$add$rtl/peweaver_shared_fft.v:639$630 ($add).
  creating $macc model for $flatten\u_core.\SU1.\BF2.$add$rtl/peweaver_shared_fft.v:639$614 ($add).
  creating $macc model for $flatten\u_core.\SU1.\BF2.$sub$rtl/peweaver_shared_fft.v:640$615 ($sub).
  creating $macc model for $flatten\u_core.\SU1.\BF2.$sub$rtl/peweaver_shared_fft.v:641$616 ($sub).
  creating $macc model for $flatten\u_core.\SU1.\BF2.$add$rtl/peweaver_shared_fft.v:643$617 ($add).
  creating $macc model for $flatten\u_core.\SU1.\BF2.$add$rtl/peweaver_shared_fft.v:645$621 ($add).
  creating $macc model for $flatten\u_core.\SU1.\BF2.$add$rtl/peweaver_shared_fft.v:644$619 ($add).
  creating $macc model for $flatten\u_core.\SU1.\BF2.$add$rtl/peweaver_shared_fft.v:646$623 ($add).
  creating $macc model for $flatten\u_core.\SU1.\BF1.$add$rtl/peweaver_shared_fft.v:639$630 ($add).
  creating $macc model for $flatten\u_core.\SU1.\BF1.$sub$rtl/peweaver_shared_fft.v:640$631 ($sub).
  creating $macc model for $flatten\u_core.\SU1.\BF1.$sub$rtl/peweaver_shared_fft.v:641$632 ($sub).
  creating $macc model for $flatten\u_core.\SU1.\MU.$mul$rtl/peweaver_shared_fft.v:665$599 ($mul).
  creating $macc model for $flatten\u_core.\SU1.$mul$rtl/peweaver_shared_fft.v:388$516 ($mul).
  creating $macc model for $flatten\u_core.\SU1.$add$rtl/peweaver_shared_fft.v:349$507 ($add).
  creating $macc model for $flatten\u_core.\SU1.\BF2.$add$rtl/peweaver_shared_fft.v:638$613 ($add).
  creating $macc model for $flatten\u_core.\SU1.$sub$rtl/peweaver_shared_fft.v:275$489 ($sub).
  creating $macc model for $flatten\u_core.\SU1.$add$rtl/peweaver_shared_fft.v:267$482 ($add).
  creating $macc model for $flatten\u_core.\SU1.\BF1.$add$rtl/peweaver_shared_fft.v:638$629 ($add).
  creating $macc model for $flatten\u_core.\SU1.$add$rtl/peweaver_shared_fft.v:219$470 ($add).
  creating $macc model for $flatten\u_core.\SU2.\MU.$mul$rtl/peweaver_shared_fft.v:666$600 ($mul).
  creating $macc model for $flatten\u_core.\SU2.\MU.$mul$rtl/peweaver_shared_fft.v:667$601 ($mul).
  creating $macc model for $flatten\u_core.\SU2.\MU.$mul$rtl/peweaver_shared_fft.v:668$602 ($mul).
  creating $macc model for $flatten\u_core.\SU2.\MU.$add$rtl/peweaver_shared_fft.v:676$608 ($add).
  creating $macc model for $flatten\u_core.\SU2.\MU.$sub$rtl/peweaver_shared_fft.v:675$607 ($sub).
  creating $macc model for $flatten\u_core.\SU0.\BF2.$add$rtl/peweaver_shared_fft.v:639$614 ($add).
  creating $macc model for $flatten\u_core.\SU0.\BF2.$sub$rtl/peweaver_shared_fft.v:640$615 ($sub).
  creating $macc model for $flatten\u_core.\SU0.\BF2.$sub$rtl/peweaver_shared_fft.v:641$616 ($sub).
  creating $macc model for $flatten\u_core.\SU0.\BF2.$add$rtl/peweaver_shared_fft.v:643$617 ($add).
  creating $macc model for $flatten\u_core.\SU0.\BF2.$add$rtl/peweaver_shared_fft.v:645$621 ($add).
  creating $macc model for $flatten\u_core.\SU0.\BF2.$add$rtl/peweaver_shared_fft.v:644$619 ($add).
  creating $macc model for $flatten\u_core.\SU0.\BF2.$add$rtl/peweaver_shared_fft.v:646$623 ($add).
  creating $macc model for $flatten\u_core.\SU0.\MU.$sub$rtl/peweaver_shared_fft.v:675$607 ($sub).
  creating $macc model for $flatten\u_core.\SU2.\BF2.$add$rtl/peweaver_shared_fft.v:639$614 ($add).
  creating $macc model for $flatten\u_core.\SU2.\BF2.$sub$rtl/peweaver_shared_fft.v:640$615 ($sub).
  creating $macc model for $flatten\u_core.\SU2.\BF2.$sub$rtl/peweaver_shared_fft.v:641$616 ($sub).
  creating $macc model for $flatten\u_core.\SU2.\BF2.$add$rtl/peweaver_shared_fft.v:643$617 ($add).
  creating $macc model for $flatten\u_core.\SU2.\BF2.$add$rtl/peweaver_shared_fft.v:645$621 ($add).
  creating $macc model for $flatten\u_core.\SU2.\BF2.$add$rtl/peweaver_shared_fft.v:644$619 ($add).
  creating $macc model for $flatten\u_core.\SU2.\BF2.$add$rtl/peweaver_shared_fft.v:646$623 ($add).
  creating $macc model for $flatten\u_core.\SU0.\MU.$add$rtl/peweaver_shared_fft.v:676$608 ($add).
  creating $macc model for $flatten\u_core.\SU0.\MU.$mul$rtl/peweaver_shared_fft.v:668$602 ($mul).
  creating $macc model for $flatten\u_core.\SU2.\BF1.$add$rtl/peweaver_shared_fft.v:639$630 ($add).
  creating $macc model for $flatten\u_core.\SU2.\BF1.$sub$rtl/peweaver_shared_fft.v:640$631 ($sub).
  creating $macc model for $flatten\u_core.\SU2.\BF1.$sub$rtl/peweaver_shared_fft.v:641$632 ($sub).
  creating $macc model for $flatten\u_core.\SU0.\MU.$mul$rtl/peweaver_shared_fft.v:667$601 ($mul).
  creating $macc model for $flatten\u_core.\SU0.\MU.$mul$rtl/peweaver_shared_fft.v:666$600 ($mul).
  creating $macc model for $flatten\u_core.\SU2.\MU.$mul$rtl/peweaver_shared_fft.v:665$599 ($mul).
  creating $macc model for $flatten\u_core.\SU2.$mul$rtl/peweaver_shared_fft.v:388$449 ($mul).
  creating $macc model for $flatten\u_core.\SU2.$add$rtl/peweaver_shared_fft.v:349$440 ($add).
  creating $macc model for $flatten\u_core.\SU2.\BF2.$add$rtl/peweaver_shared_fft.v:638$613 ($add).
  creating $macc model for $flatten\u_core.\SU2.$sub$rtl/peweaver_shared_fft.v:275$422 ($sub).
  creating $macc model for $flatten\u_core.\SU2.$add$rtl/peweaver_shared_fft.v:267$415 ($add).
  creating $macc model for $flatten\u_core.\SU2.\BF1.$add$rtl/peweaver_shared_fft.v:638$629 ($add).
  creating $macc model for $flatten\u_core.\SU2.$add$rtl/peweaver_shared_fft.v:219$403 ($add).
  creating $macc model for $flatten\u_core.\SU_TAIL.\BF.$add$rtl/peweaver_shared_fft.v:639$630 ($add).
  creating $macc model for $flatten\u_core.\SU_TAIL.\BF.$sub$rtl/peweaver_shared_fft.v:640$631 ($sub).
  creating $macc model for $flatten\u_core.\SU_TAIL.\BF.$sub$rtl/peweaver_shared_fft.v:641$632 ($sub).
  creating $macc model for $flatten\u_core.\SU_TAIL.\BF.$add$rtl/peweaver_shared_fft.v:638$629 ($add).
  merging $macc model for $flatten\u_core.\SU2.\BF2.$sub$rtl/peweaver_shared_fft.v:641$616 into $flatten\u_core.\SU2.\BF2.$add$rtl/peweaver_shared_fft.v:646$623.
  merging $macc model for $flatten\u_core.\SU2.\BF2.$add$rtl/peweaver_shared_fft.v:639$614 into $flatten\u_core.\SU2.\BF2.$add$rtl/peweaver_shared_fft.v:644$619.
  merging $macc model for $flatten\u_core.\SU2.\BF2.$sub$rtl/peweaver_shared_fft.v:640$615 into $flatten\u_core.\SU2.\BF2.$add$rtl/peweaver_shared_fft.v:645$621.
  merging $macc model for $flatten\u_core.\SU2.\BF2.$add$rtl/peweaver_shared_fft.v:638$613 into $flatten\u_core.\SU2.\BF2.$add$rtl/peweaver_shared_fft.v:643$617.
  merging $macc model for $flatten\u_core.\SU0.\BF2.$sub$rtl/peweaver_shared_fft.v:641$616 into $flatten\u_core.\SU0.\BF2.$add$rtl/peweaver_shared_fft.v:646$623.
  merging $macc model for $flatten\u_core.\SU0.\BF2.$add$rtl/peweaver_shared_fft.v:639$614 into $flatten\u_core.\SU0.\BF2.$add$rtl/peweaver_shared_fft.v:644$619.
  merging $macc model for $flatten\u_core.\SU0.\BF2.$sub$rtl/peweaver_shared_fft.v:640$615 into $flatten\u_core.\SU0.\BF2.$add$rtl/peweaver_shared_fft.v:645$621.
  merging $macc model for $flatten\u_core.\SU0.\BF2.$add$rtl/peweaver_shared_fft.v:638$613 into $flatten\u_core.\SU0.\BF2.$add$rtl/peweaver_shared_fft.v:643$617.
  merging $macc model for $flatten\u_core.\SU1.\BF2.$sub$rtl/peweaver_shared_fft.v:641$616 into $flatten\u_core.\SU1.\BF2.$add$rtl/peweaver_shared_fft.v:646$623.
  merging $macc model for $flatten\u_core.\SU1.\BF2.$add$rtl/peweaver_shared_fft.v:639$614 into $flatten\u_core.\SU1.\BF2.$add$rtl/peweaver_shared_fft.v:644$619.
  merging $macc model for $flatten\u_core.\SU1.\BF2.$sub$rtl/peweaver_shared_fft.v:640$615 into $flatten\u_core.\SU1.\BF2.$add$rtl/peweaver_shared_fft.v:645$621.
  merging $macc model for $flatten\u_core.\SU1.\BF2.$add$rtl/peweaver_shared_fft.v:638$613 into $flatten\u_core.\SU1.\BF2.$add$rtl/peweaver_shared_fft.v:643$617.
  creating $alu model for $macc $flatten\u_core.\SU2.\BF1.$sub$rtl/peweaver_shared_fft.v:641$632.
  creating $alu model for $macc $flatten\u_core.\SU2.\BF1.$sub$rtl/peweaver_shared_fft.v:640$631.
  creating $alu model for $macc $flatten\u_core.\SU2.\BF1.$add$rtl/peweaver_shared_fft.v:639$630.
  creating $alu model for $macc $flatten\u_core.\SU0.\MU.$add$rtl/peweaver_shared_fft.v:676$608.
  creating $alu model for $macc $flatten\u_core.\SU2.$add$rtl/peweaver_shared_fft.v:349$440.
  creating $alu model for $macc $flatten\u_core.\SU0.\MU.$sub$rtl/peweaver_shared_fft.v:675$607.
  creating $alu model for $macc $flatten\u_core.\SU2.$sub$rtl/peweaver_shared_fft.v:275$422.
  creating $alu model for $macc $flatten\u_core.\SU2.\BF1.$add$rtl/peweaver_shared_fft.v:638$629.
  creating $alu model for $macc $flatten\u_core.\SU2.$add$rtl/peweaver_shared_fft.v:267$415.
  creating $alu model for $macc $flatten\u_core.\SU2.\MU.$sub$rtl/peweaver_shared_fft.v:675$607.
  creating $alu model for $macc $flatten\u_core.\SU2.\MU.$add$rtl/peweaver_shared_fft.v:676$608.
  creating $alu model for $macc $flatten\u_core.\SU1.$add$rtl/peweaver_shared_fft.v:219$470.
  creating $alu model for $macc $flatten\u_core.\SU1.\BF1.$add$rtl/peweaver_shared_fft.v:638$629.
  creating $alu model for $macc $flatten\u_core.\SU1.$add$rtl/peweaver_shared_fft.v:267$482.
  creating $alu model for $macc $flatten\u_core.\SU1.$sub$rtl/peweaver_shared_fft.v:275$489.
  creating $alu model for $macc $flatten\u_core.\SU_TAIL.\BF.$add$rtl/peweaver_shared_fft.v:638$629.
  creating $alu model for $macc $flatten\u_core.\SU1.$add$rtl/peweaver_shared_fft.v:349$507.
  creating $alu model for $macc $flatten\u_core.\SU1.\BF1.$sub$rtl/peweaver_shared_fft.v:641$632.
  creating $alu model for $macc $flatten\u_core.\SU1.\BF1.$sub$rtl/peweaver_shared_fft.v:640$631.
  creating $alu model for $macc $flatten\u_core.\SU1.\BF1.$add$rtl/peweaver_shared_fft.v:639$630.
  creating $alu model for $macc $flatten\u_core.\SU_TAIL.\BF.$add$rtl/peweaver_shared_fft.v:639$630.
  creating $alu model for $macc $flatten\u_core.\SU_TAIL.\BF.$sub$rtl/peweaver_shared_fft.v:641$632.
  creating $alu model for $macc $flatten\u_core.\SU_TAIL.\BF.$sub$rtl/peweaver_shared_fft.v:640$631.
  creating $alu model for $macc $flatten\u_core.\SU0.\BF1.$add$rtl/peweaver_shared_fft.v:639$630.
  creating $alu model for $macc $flatten\u_core.\SU0.\BF1.$sub$rtl/peweaver_shared_fft.v:640$631.
  creating $alu model for $macc $flatten\u_core.\SU0.\BF1.$sub$rtl/peweaver_shared_fft.v:641$632.
  creating $alu model for $macc $flatten\u_core.\SU0.$add$rtl/peweaver_shared_fft.v:349$574.
  creating $alu model for $macc $flatten\u_core.\SU1.\MU.$sub$rtl/peweaver_shared_fft.v:675$607.
  creating $alu model for $macc $flatten\u_core.\SU1.\MU.$add$rtl/peweaver_shared_fft.v:676$608.
  creating $alu model for $macc $flatten\u_core.\SU0.$add$rtl/peweaver_shared_fft.v:219$537.
  creating $alu model for $macc $flatten\u_core.\SU0.\BF1.$add$rtl/peweaver_shared_fft.v:638$629.
  creating $alu model for $macc $flatten\u_core.\SU0.$add$rtl/peweaver_shared_fft.v:267$549.
  creating $alu model for $macc $flatten\u_core.\SU0.$sub$rtl/peweaver_shared_fft.v:275$556.
  creating $alu model for $macc $flatten\u_core.\SU2.$add$rtl/peweaver_shared_fft.v:219$403.
  creating $macc cell for $flatten\u_core.\SU1.\MU.$mul$rtl/peweaver_shared_fft.v:665$599: $auto$alumacc.cc:399:replace_macc$1543
  creating $macc cell for $flatten\u_core.\SU0.\BF2.$add$rtl/peweaver_shared_fft.v:644$619: $auto$alumacc.cc:399:replace_macc$1544
  creating $macc cell for $flatten\u_core.\SU0.\BF2.$add$rtl/peweaver_shared_fft.v:646$623: $auto$alumacc.cc:399:replace_macc$1545
  creating $macc cell for $flatten\u_core.\SU2.\MU.$mul$rtl/peweaver_shared_fft.v:667$601: $auto$alumacc.cc:399:replace_macc$1546
  creating $macc cell for $flatten\u_core.\SU1.\BF2.$add$rtl/peweaver_shared_fft.v:646$623: $auto$alumacc.cc:399:replace_macc$1547
  creating $macc cell for $flatten\u_core.\SU1.\BF2.$add$rtl/peweaver_shared_fft.v:644$619: $auto$alumacc.cc:399:replace_macc$1548
  creating $macc cell for $flatten\u_core.\SU1.\BF2.$add$rtl/peweaver_shared_fft.v:645$621: $auto$alumacc.cc:399:replace_macc$1549
  creating $macc cell for $flatten\u_core.\SU1.\BF2.$add$rtl/peweaver_shared_fft.v:643$617: $auto$alumacc.cc:399:replace_macc$1550
  creating $macc cell for $flatten\u_core.\SU2.$mul$rtl/peweaver_shared_fft.v:388$449: $auto$alumacc.cc:399:replace_macc$1551
  creating $macc cell for $flatten\u_core.\SU2.\MU.$mul$rtl/peweaver_shared_fft.v:666$600: $auto$alumacc.cc:399:replace_macc$1552
  creating $macc cell for $flatten\u_core.\SU2.\MU.$mul$rtl/peweaver_shared_fft.v:665$599: $auto$alumacc.cc:399:replace_macc$1553
  creating $macc cell for $flatten\u_core.\SU2.\BF2.$add$rtl/peweaver_shared_fft.v:643$617: $auto$alumacc.cc:399:replace_macc$1554
  creating $macc cell for $flatten\u_core.\SU2.\BF2.$add$rtl/peweaver_shared_fft.v:645$621: $auto$alumacc.cc:399:replace_macc$1555
  creating $macc cell for $flatten\u_core.\SU2.\BF2.$add$rtl/peweaver_shared_fft.v:644$619: $auto$alumacc.cc:399:replace_macc$1556
  creating $macc cell for $flatten\u_core.\SU0.\MU.$mul$rtl/peweaver_shared_fft.v:665$599: $auto$alumacc.cc:399:replace_macc$1557
  creating $macc cell for $flatten\u_core.\SU0.$mul$rtl/peweaver_shared_fft.v:388$583: $auto$alumacc.cc:399:replace_macc$1558
  creating $macc cell for $flatten\u_core.\SU2.\BF2.$add$rtl/peweaver_shared_fft.v:646$623: $auto$alumacc.cc:399:replace_macc$1559
  creating $macc cell for $flatten\u_core.\SU2.\MU.$mul$rtl/peweaver_shared_fft.v:668$602: $auto$alumacc.cc:399:replace_macc$1560
  creating $macc cell for $flatten\u_core.\SU0.\MU.$mul$rtl/peweaver_shared_fft.v:668$602: $auto$alumacc.cc:399:replace_macc$1561
  creating $macc cell for $flatten\u_core.\SU1.\MU.$mul$rtl/peweaver_shared_fft.v:668$602: $auto$alumacc.cc:399:replace_macc$1562
  creating $macc cell for $flatten\u_core.\SU1.\MU.$mul$rtl/peweaver_shared_fft.v:667$601: $auto$alumacc.cc:399:replace_macc$1563
  creating $macc cell for $flatten\u_core.\SU1.\MU.$mul$rtl/peweaver_shared_fft.v:666$600: $auto$alumacc.cc:399:replace_macc$1564
  creating $macc cell for $flatten\u_core.\SU0.\BF2.$add$rtl/peweaver_shared_fft.v:643$617: $auto$alumacc.cc:399:replace_macc$1565
  creating $macc cell for $flatten\u_core.\SU0.\BF2.$add$rtl/peweaver_shared_fft.v:645$621: $auto$alumacc.cc:399:replace_macc$1566
  creating $macc cell for $flatten\u_core.\SU1.$mul$rtl/peweaver_shared_fft.v:388$516: $auto$alumacc.cc:399:replace_macc$1567
  creating $macc cell for $flatten\u_core.\SU0.\MU.$mul$rtl/peweaver_shared_fft.v:667$601: $auto$alumacc.cc:399:replace_macc$1568
  creating $macc cell for $flatten\u_core.\SU0.\MU.$mul$rtl/peweaver_shared_fft.v:666$600: $auto$alumacc.cc:399:replace_macc$1569
  creating $alu cell for $flatten\u_core.\SU2.$add$rtl/peweaver_shared_fft.v:219$403: $auto$alumacc.cc:548:replace_alu$1570
  creating $alu cell for $flatten\u_core.\SU0.$sub$rtl/peweaver_shared_fft.v:275$556: $auto$alumacc.cc:548:replace_alu$1573
  creating $alu cell for $flatten\u_core.\SU0.$add$rtl/peweaver_shared_fft.v:267$549: $auto$alumacc.cc:548:replace_alu$1576
  creating $alu cell for $flatten\u_core.\SU0.\BF1.$add$rtl/peweaver_shared_fft.v:638$629: $auto$alumacc.cc:548:replace_alu$1579
  creating $alu cell for $flatten\u_core.\SU0.$add$rtl/peweaver_shared_fft.v:219$537: $auto$alumacc.cc:548:replace_alu$1582
  creating $alu cell for $flatten\u_core.\SU1.\MU.$add$rtl/peweaver_shared_fft.v:676$608: $auto$alumacc.cc:548:replace_alu$1585
  creating $alu cell for $flatten\u_core.\SU1.\MU.$sub$rtl/peweaver_shared_fft.v:675$607: $auto$alumacc.cc:548:replace_alu$1588
  creating $alu cell for $flatten\u_core.\SU0.$add$rtl/peweaver_shared_fft.v:349$574: $auto$alumacc.cc:548:replace_alu$1591
  creating $alu cell for $flatten\u_core.\SU0.\BF1.$sub$rtl/peweaver_shared_fft.v:641$632: $auto$alumacc.cc:548:replace_alu$1594
  creating $alu cell for $flatten\u_core.\SU0.\BF1.$sub$rtl/peweaver_shared_fft.v:640$631: $auto$alumacc.cc:548:replace_alu$1597
  creating $alu cell for $flatten\u_core.\SU0.\BF1.$add$rtl/peweaver_shared_fft.v:639$630: $auto$alumacc.cc:548:replace_alu$1600
  creating $alu cell for $flatten\u_core.\SU_TAIL.\BF.$sub$rtl/peweaver_shared_fft.v:640$631: $auto$alumacc.cc:548:replace_alu$1603
  creating $alu cell for $flatten\u_core.\SU_TAIL.\BF.$sub$rtl/peweaver_shared_fft.v:641$632: $auto$alumacc.cc:548:replace_alu$1606
  creating $alu cell for $flatten\u_core.\SU_TAIL.\BF.$add$rtl/peweaver_shared_fft.v:639$630: $auto$alumacc.cc:548:replace_alu$1609
  creating $alu cell for $flatten\u_core.\SU1.\BF1.$add$rtl/peweaver_shared_fft.v:639$630: $auto$alumacc.cc:548:replace_alu$1612
  creating $alu cell for $flatten\u_core.\SU1.\BF1.$sub$rtl/peweaver_shared_fft.v:641$632: $auto$alumacc.cc:548:replace_alu$1615
  creating $alu cell for $flatten\u_core.\SU1.$add$rtl/peweaver_shared_fft.v:349$507: $auto$alumacc.cc:548:replace_alu$1618
  creating $alu cell for $flatten\u_core.\SU_TAIL.\BF.$add$rtl/peweaver_shared_fft.v:638$629: $auto$alumacc.cc:548:replace_alu$1621
  creating $alu cell for $flatten\u_core.\SU1.$sub$rtl/peweaver_shared_fft.v:275$489: $auto$alumacc.cc:548:replace_alu$1624
  creating $alu cell for $flatten\u_core.\SU1.$add$rtl/peweaver_shared_fft.v:267$482: $auto$alumacc.cc:548:replace_alu$1627
  creating $alu cell for $flatten\u_core.\SU1.\BF1.$sub$rtl/peweaver_shared_fft.v:640$631: $auto$alumacc.cc:548:replace_alu$1630
  creating $alu cell for $flatten\u_core.\SU1.\BF1.$add$rtl/peweaver_shared_fft.v:638$629: $auto$alumacc.cc:548:replace_alu$1633
  creating $alu cell for $flatten\u_core.\SU1.$add$rtl/peweaver_shared_fft.v:219$470: $auto$alumacc.cc:548:replace_alu$1636
  creating $alu cell for $flatten\u_core.\SU2.\MU.$add$rtl/peweaver_shared_fft.v:676$608: $auto$alumacc.cc:548:replace_alu$1639
  creating $alu cell for $flatten\u_core.\SU2.\MU.$sub$rtl/peweaver_shared_fft.v:675$607: $auto$alumacc.cc:548:replace_alu$1642
  creating $alu cell for $flatten\u_core.\SU2.$add$rtl/peweaver_shared_fft.v:267$415: $auto$alumacc.cc:548:replace_alu$1645
  creating $alu cell for $flatten\u_core.\SU2.$sub$rtl/peweaver_shared_fft.v:275$422: $auto$alumacc.cc:548:replace_alu$1648
  creating $alu cell for $flatten\u_core.\SU0.\MU.$sub$rtl/peweaver_shared_fft.v:675$607: $auto$alumacc.cc:548:replace_alu$1651
  creating $alu cell for $flatten\u_core.\SU2.$add$rtl/peweaver_shared_fft.v:349$440: $auto$alumacc.cc:548:replace_alu$1654
  creating $alu cell for $flatten\u_core.\SU0.\MU.$add$rtl/peweaver_shared_fft.v:676$608: $auto$alumacc.cc:548:replace_alu$1657
  creating $alu cell for $flatten\u_core.\SU2.\BF1.$add$rtl/peweaver_shared_fft.v:638$629: $auto$alumacc.cc:548:replace_alu$1660
  creating $alu cell for $flatten\u_core.\SU2.\BF1.$sub$rtl/peweaver_shared_fft.v:640$631: $auto$alumacc.cc:548:replace_alu$1663
  creating $alu cell for $flatten\u_core.\SU2.\BF1.$add$rtl/peweaver_shared_fft.v:639$630: $auto$alumacc.cc:548:replace_alu$1666
  creating $alu cell for $flatten\u_core.\SU2.\BF1.$sub$rtl/peweaver_shared_fft.v:641$632: $auto$alumacc.cc:548:replace_alu$1669
  created 34 $alu and 27 $macc cells.

4.15. Executing SHARE pass (SAT-based resource sharing).

4.16. Executing OPT pass (performing simple optimizations).

4.16.1. Executing OPT_EXPR pass (perform const folding).
Optimizing module peweaver_ppa_shared_fft.

4.16.2. Executing OPT_MERGE pass (detect identical cells).
Finding identical cells in module `\peweaver_ppa_shared_fft'.
Computing hashes of 851 cells of `\peweaver_ppa_shared_fft'.
Finding duplicate cells in `\peweaver_ppa_shared_fft'.
Removed a total of 0 cells.

4.16.3. Executing OPT_MUXTREE pass (detect dead branches in mux trees).
Running muxtree optimizer on module \peweaver_ppa_shared_fft..
  Creating internal representation of mux trees.
  Evaluating internal representation of mux trees.
  Analyzing evaluation results.
Removed 0 multiplexer ports.
<suppressed ~228 debug messages>

4.16.4. Executing OPT_REDUCE pass (consolidate $*mux and $reduce_* inputs).
  Optimizing cells in module \peweaver_ppa_shared_fft.
Performed a total of 0 changes.

4.16.5. Executing OPT_MERGE pass (detect identical cells).
Finding identical cells in module `\peweaver_ppa_shared_fft'.
Computing hashes of 851 cells of `\peweaver_ppa_shared_fft'.
Finding duplicate cells in `\peweaver_ppa_shared_fft'.
Removed a total of 0 cells.

4.16.6. Executing OPT_DFF pass (perform DFF optimizations).

4.16.7. Executing OPT_CLEAN pass (remove unused cells and wires).
Finding unused cells or wires in module \peweaver_ppa_shared_fft..
Removed 12 unused cells and 12 unused wires.
<suppressed ~24 debug messages>

4.16.8. Executing OPT_EXPR pass (perform const folding).
Optimizing module peweaver_ppa_shared_fft.

4.16.9. Rerunning OPT passes. (Maybe there is more to do..)

4.16.10. Executing OPT_MUXTREE pass (detect dead branches in mux trees).
Running muxtree optimizer on module \peweaver_ppa_shared_fft..
  Creating internal representation of mux trees.
  Evaluating internal representation of mux trees.
  Analyzing evaluation results.
Removed 0 multiplexer ports.
<suppressed ~228 debug messages>

4.16.11. Executing OPT_REDUCE pass (consolidate $*mux and $reduce_* inputs).
  Optimizing cells in module \peweaver_ppa_shared_fft.
Performed a total of 0 changes.

4.16.12. Executing OPT_MERGE pass (detect identical cells).
Finding identical cells in module `\peweaver_ppa_shared_fft'.
Computing hashes of 839 cells of `\peweaver_ppa_shared_fft'.
Finding duplicate cells in `\peweaver_ppa_shared_fft'.
Removed a total of 0 cells.

4.16.13. Executing OPT_DFF pass (perform DFF optimizations).

4.16.14. Executing OPT_CLEAN pass (remove unused cells and wires).
Finding unused cells or wires in module \peweaver_ppa_shared_fft..

4.16.15. Executing OPT_EXPR pass (perform const folding).
Optimizing module peweaver_ppa_shared_fft.

4.16.16. Finished fast OPT passes. (There is nothing left to do.)

4.17. Executing MEMORY pass.

4.17.1. Executing OPT_MEM pass (optimize memories).
Performed a total of 0 transformations.

4.17.2. Executing OPT_MEM_PRIORITY pass (removing unnecessary memory write priority relations).
Performed a total of 0 transformations.

4.17.3. Executing OPT_MEM_FEEDBACK pass (finding memory read-to-write feedback paths).

4.17.4. Executing MEMORY_BMUX2ROM pass (converting muxes to ROMs).

4.17.5. Executing MEMORY_DFF pass (merging $dff cells to $memrd).

4.17.6. Executing OPT_CLEAN pass (remove unused cells and wires).
Finding unused cells or wires in module \peweaver_ppa_shared_fft..

4.17.7. Executing MEMORY_SHARE pass (consolidating $memrd/$memwr cells).

4.17.8. Executing OPT_MEM_WIDEN pass (optimize memories where all ports are wide).
Performed a total of 0 transformations.

4.17.9. Executing OPT_CLEAN pass (remove unused cells and wires).
Finding unused cells or wires in module \peweaver_ppa_shared_fft..

4.17.10. Executing MEMORY_COLLECT pass (generating $mem cells).

4.18. Executing OPT_CLEAN pass (remove unused cells and wires).
Finding unused cells or wires in module \peweaver_ppa_shared_fft..

4.19. Executing OPT pass (performing simple optimizations).

4.19.1. Executing OPT_EXPR pass (perform const folding).
Optimizing module peweaver_ppa_shared_fft.
<suppressed ~41 debug messages>

4.19.2. Executing OPT_MERGE pass (detect identical cells).
Finding identical cells in module `\peweaver_ppa_shared_fft'.
Computing hashes of 825 cells of `\peweaver_ppa_shared_fft'.
Finding duplicate cells in `\peweaver_ppa_shared_fft'.
Removed a total of 0 cells.

4.19.3. Executing OPT_DFF pass (perform DFF optimizations).

4.19.4. Executing OPT_CLEAN pass (remove unused cells and wires).
Finding unused cells or wires in module \peweaver_ppa_shared_fft..
Removed 3 unused cells and 16 unused wires.
<suppressed ~4 debug messages>

4.19.5. Finished fast OPT passes.

4.20. Executing MEMORY_MAP pass (converting memories to logic and flip-flops).

4.21. Executing OPT pass (performing simple optimizations).

4.21.1. Executing OPT_EXPR pass (perform const folding).
Optimizing module peweaver_ppa_shared_fft.

4.21.2. Executing OPT_MERGE pass (detect identical cells).
Finding identical cells in module `\peweaver_ppa_shared_fft'.
Computing hashes of 822 cells of `\peweaver_ppa_shared_fft'.
Finding duplicate cells in `\peweaver_ppa_shared_fft'.
Removed a total of 0 cells.

4.21.3. Executing OPT_MUXTREE pass (detect dead branches in mux trees).
Running muxtree optimizer on module \peweaver_ppa_shared_fft..
  Creating internal representation of mux trees.
  Evaluating internal representation of mux trees.
  Analyzing evaluation results.
Removed 0 multiplexer ports.
<suppressed ~199 debug messages>

4.21.4. Executing OPT_REDUCE pass (consolidate $*mux and $reduce_* inputs).
  Optimizing cells in module \peweaver_ppa_shared_fft.
    Consolidated identical input bits for $mux cell $flatten\u_core.\SU0.$ternary$rtl/peweaver_shared_fft.v:209$534:
      Old ports: A=5'01111, B=5'11111, Y=\u_core.SU0.bf2_start_val [4:0]
      New ports: A=1'0, B=1'1, Y=\u_core.SU0.bf2_start_val [4]
      New connections: \u_core.SU0.bf2_start_val [3:0] = 4'1111
    Consolidated identical input bits for $mux cell $flatten\u_core.\SU0.$ternary$rtl/peweaver_shared_fft.v:208$533:
      Old ports: A=6'011111, B=6'111111, Y=\u_core.SU0.bf1_start_val [5:0]
      New ports: A=1'0, B=1'1, Y=\u_core.SU0.bf1_start_val [5]
      New connections: \u_core.SU0.bf1_start_val [4:0] = 5'11111
    Consolidated identical input bits for $mux cell $flatten\u_core.\SU0.$ternary$rtl/peweaver_shared_fft.v:207$532:
      Old ports: A=7'0111111, B=7'1111111, Y=\u_core.SU0.max_count
      New ports: A=1'0, B=1'1, Y=\u_core.SU0.max_count [6]
      New connections: \u_core.SU0.max_count [5:0] = 6'111111
    Consolidated identical input bits for $mux cell $flatten\u_core.\SU1.$ternary$rtl/peweaver_shared_fft.v:382$515:
      Old ports: A={ \u_core.SU1.bf2_count [1:0] 3'000 }, B={ \u_core.SU1.bf2_count [2:0] 2'00 }, Y=\u_core.SU1.tw_base
      New ports: A={ \u_core.SU1.bf2_count [1:0] 1'0 }, B=\u_core.SU1.bf2_count [2:0], Y=\u_core.SU1.tw_base [4:2]
      New connections: \u_core.SU1.tw_base [1:0] = 2'00
    Consolidated identical input bits for $mux cell $flatten\u_core.\SU1.$ternary$rtl/peweaver_shared_fft.v:209$467:
      Old ports: A=3'011, B=3'111, Y=\u_core.SU1.bf2_start_val [2:0]
      New ports: A=1'0, B=1'1, Y=\u_core.SU1.bf2_start_val [2]
      New connections: \u_core.SU1.bf2_start_val [1:0] = 2'11
    Consolidated identical input bits for $mux cell $flatten\u_core.\SU1.$ternary$rtl/peweaver_shared_fft.v:208$466:
      Old ports: A=4'0111, B=4'1111, Y=\u_core.SU1.bf1_start_val [3:0]
      New ports: A=1'0, B=1'1, Y=\u_core.SU1.bf1_start_val [3]
      New connections: \u_core.SU1.bf1_start_val [2:0] = 3'111
    Consolidated identical input bits for $mux cell $flatten\u_core.\SU2.$ternary$rtl/peweaver_shared_fft.v:384$448:
      Old ports: A=5'00000, B={ \u_core.SU2.bf2_count [0] 4'0000 }, Y=\u_core.SU2.tw_base
      New ports: A=1'0, B=\u_core.SU2.bf2_count [0], Y=\u_core.SU2.tw_base [4]
      New connections: \u_core.SU2.tw_base [3:0] = 4'0000
    Consolidated identical input bits for $mux cell $flatten\u_core.\SU2.$ternary$rtl/peweaver_shared_fft.v:208$399:
      Old ports: A=2'01, B=2'11, Y=\u_core.SU2.bf1_start_val [1:0]
      New ports: A=1'0, B=1'1, Y=\u_core.SU2.bf1_start_val [1]
      New connections: \u_core.SU2.bf1_start_val [0] = 1'1
  Optimizing cells in module \peweaver_ppa_shared_fft.
Performed a total of 8 changes.

4.21.5. Executing OPT_MERGE pass (detect identical cells).
Finding identical cells in module `\peweaver_ppa_shared_fft'.
Computing hashes of 822 cells of `\peweaver_ppa_shared_fft'.
Finding duplicate cells in `\peweaver_ppa_shared_fft'.
Computing hashes of 817 cells of `\peweaver_ppa_shared_fft'.
Finding duplicate cells in `\peweaver_ppa_shared_fft'.
<suppressed ~15 debug messages>
Removed a total of 5 cells.

4.21.6. Executing OPT_SHARE pass.

4.21.7. Executing OPT_DFF pass (perform DFF optimizations).

4.21.8. Executing OPT_CLEAN pass (remove unused cells and wires).
Finding unused cells or wires in module \peweaver_ppa_shared_fft..

4.21.9. Executing OPT_EXPR pass (perform const folding).
Optimizing module peweaver_ppa_shared_fft.
<suppressed ~2 debug messages>

4.21.10. Rerunning OPT passes. (Maybe there is more to do..)

4.21.11. Executing OPT_MUXTREE pass (detect dead branches in mux trees).
Running muxtree optimizer on module \peweaver_ppa_shared_fft..
  Creating internal representation of mux trees.
  Evaluating internal representation of mux trees.
  Analyzing evaluation results.
Removed 0 multiplexer ports.
<suppressed ~185 debug messages>

4.21.12. Executing OPT_REDUCE pass (consolidate $*mux and $reduce_* inputs).
  Optimizing cells in module \peweaver_ppa_shared_fft.
Performed a total of 0 changes.

4.21.13. Executing OPT_MERGE pass (detect identical cells).
Finding identical cells in module `\peweaver_ppa_shared_fft'.
Computing hashes of 816 cells of `\peweaver_ppa_shared_fft'.
Finding duplicate cells in `\peweaver_ppa_shared_fft'.
Removed a total of 0 cells.

4.21.14. Executing OPT_SHARE pass.

4.21.15. Executing OPT_DFF pass (perform DFF optimizations).

4.21.16. Executing OPT_CLEAN pass (remove unused cells and wires).
Finding unused cells or wires in module \peweaver_ppa_shared_fft..

4.21.17. Executing OPT_EXPR pass (perform const folding).
Optimizing module peweaver_ppa_shared_fft.

4.21.18. Finished fast OPT passes. (There is nothing left to do.)

4.22. Executing TECHMAP pass (map to technology primitives).

4.22.1. Executing Verilog-2005 frontend: /work/peweaver/toolchains/oss-cad-suite/lib/../share/yosys/techmap.v
Parsing Verilog input from `/work/peweaver/toolchains/oss-cad-suite/lib/../share/yosys/techmap.v' to AST representation.
Generating RTLIL representation for module `\_90_simplemap_bool_ops'.
Generating RTLIL representation for module `\_90_simplemap_reduce_ops'.
Generating RTLIL representation for module `\_90_simplemap_logic_ops'.
Generating RTLIL representation for module `\_90_simplemap_compare_ops'.
Generating RTLIL representation for module `\_90_simplemap_various'.
Generating RTLIL representation for module `\_90_simplemap_registers'.
Generating RTLIL representation for module `\_90_shift_ops_shr_shl_sshl_sshr'.
Generating RTLIL representation for module `\_90_shift_shiftx'.
Generating RTLIL representation for module `\_90_fa'.
Generating RTLIL representation for module `\_90_lcu_brent_kung'.
Generating RTLIL representation for module `\_90_alu'.
Generating RTLIL representation for module `\_90_macc'.
Generating RTLIL representation for module `\_90_alumacc'.
Generating RTLIL representation for module `$__div_mod_u'.
Generating RTLIL representation for module `$__div_mod_trunc'.
Generating RTLIL representation for module `\_90_div'.
Generating RTLIL representation for module `\_90_mod'.
Generating RTLIL representation for module `$__div_mod_floor'.
Generating RTLIL representation for module `\_90_divfloor'.
Generating RTLIL representation for module `\_90_modfloor'.
Generating RTLIL representation for module `\_90_pow'.
Generating RTLIL representation for module `\_90_demux'.
Generating RTLIL representation for module `\_90_lut'.
Generating RTLIL representation for module `$connect'.
Generating RTLIL representation for module `$input_port'.
Successfully finished Verilog frontend.

4.22.2. Continuing TECHMAP pass.
Using template $paramod$2470b7ea32c975a55c3ab8b283381b72d09e16d3\_90_alu for cells of type $alu.
Using template $paramod$d4c0c20b0ee59f495e14575c4397dc0a6dd9e8e6\_90_alu for cells of type $alu.
Using template $paramod$103b4016182df467cceab67bcf3e18e6361ec0fd\_90_alu for cells of type $alu.
Using template $paramod$2af30114e9bd4ccb04dad757b3f0a8f6bf0615b0\_90_alu for cells of type $alu.
Using extmapper maccmap for cells of type $macc_v2.
  add \u_core.SU0.bf2_do_re * \u_core.SU0.TW.ff_im (16x16 bits, signed)
  add \u_core.SU0.bf2_do_im * \u_core.SU0.TW.ff_re (16x16 bits, signed)
  add { \u_core.SU1.tw_base [4:2] 2'00 } * \u_core.SU1.tw_sel (5x2 bits, unsigned)
  add \u_core.SU0.BF2.x0_re (16 bits, signed)
  sub \u_core.SU0.bf1_do_re (16 bits, signed)
  add 17'00000000000000001 (17 bits, unsigned)
  add \u_core.SU0.BF2.x0_re (16 bits, signed)
  add \u_core.SU0.bf1_do_re (16 bits, signed)
  add 17'00000000000000001 (17 bits, unsigned)
  packed 1 (1) bits / 1 words into adder tree
  add \u_core.SU1.bf2_do_re * \u_core.SU1.TW.ff_im (16x16 bits, signed)
  add \u_core.SU1.bf2_do_im * \u_core.SU1.TW.ff_re (16x16 bits, signed)
  add \u_core.SU1.bf2_do_im * \u_core.SU1.TW.ff_im (16x16 bits, signed)
  add \u_core.SU0.bf2_do_im * \u_core.SU0.TW.ff_im (16x16 bits, signed)
  add \u_core.SU2.bf2_do_im * \u_core.SU2.TW.ff_im (16x16 bits, signed)
  add \u_core.SU2.BF2.x0_im (16 bits, signed)
  sub \u_core.SU2.bf1_do_im (16 bits, signed)
  add 17'00000000000000001 (17 bits, unsigned)
  add \u_core.SU0.tw_base * \u_core.SU0.tw_sel (5x2 bits, unsigned)
  add \u_core.SU0.bf2_do_re * \u_core.SU0.TW.ff_re (16x16 bits, signed)
  add \u_core.SU2.BF2.x0_im (16 bits, signed)
  add \u_core.SU2.bf1_do_im (16 bits, signed)
  add 17'00000000000000001 (17 bits, unsigned)
  packed 1 (1) bits / 1 words into adder tree
  add \u_core.SU2.BF2.x0_re (16 bits, signed)
  sub \u_core.SU2.bf1_do_re (16 bits, signed)
  add 17'00000000000000001 (17 bits, unsigned)
  add \u_core.SU2.BF2.x0_re (16 bits, signed)
  add \u_core.SU2.bf1_do_re (16 bits, signed)
  add 17'00000000000000001 (17 bits, unsigned)
  packed 1 (1) bits / 1 words into adder tree
  add \u_core.SU2.bf2_do_re * \u_core.SU2.TW.ff_re (16x16 bits, signed)
  add \u_core.SU2.bf2_do_re * \u_core.SU2.TW.ff_im (16x16 bits, signed)
  add { \u_core.SU2.tw_base [4] 4'0000 } * \u_core.SU2.tw_sel (5x2 bits, unsigned)
  add \u_core.SU1.BF2.x0_re (16 bits, signed)
  add \u_core.SU1.bf1_do_re (16 bits, signed)
  add 17'00000000000000001 (17 bits, unsigned)
  packed 1 (1) bits / 1 words into adder tree
  add \u_core.SU1.BF2.x0_re (16 bits, signed)
  sub \u_core.SU1.bf1_do_re (16 bits, signed)
  add 17'00000000000000001 (17 bits, unsigned)
  add \u_core.SU1.BF2.x0_im (16 bits, signed)
  add \u_core.SU1.bf1_do_im (16 bits, signed)
  add 17'00000000000000001 (17 bits, unsigned)
  packed 1 (1) bits / 1 words into adder tree
  add \u_core.SU1.BF2.x0_im (16 bits, signed)
  sub \u_core.SU1.bf1_do_im (16 bits, signed)
  add 17'00000000000000001 (17 bits, unsigned)
  add \u_core.SU2.bf2_do_im * \u_core.SU2.TW.ff_re (16x16 bits, signed)
  add \u_core.SU0.BF2.x0_im (16 bits, signed)
  sub \u_core.SU0.bf1_do_im (16 bits, signed)
  add 17'00000000000000001 (17 bits, unsigned)
  add \u_core.SU0.BF2.x0_im (16 bits, signed)
  add \u_core.SU0.bf1_do_im (16 bits, signed)
  add 17'00000000000000001 (17 bits, unsigned)
  packed 1 (1) bits / 1 words into adder tree
  add \u_core.SU1.bf2_do_re * \u_core.SU1.TW.ff_re (16x16 bits, signed)
Using extmapper simplemap for cells of type $reduce_bool.
Using extmapper simplemap for cells of type $adffe.
Using extmapper simplemap for cells of type $reduce_or.
Using extmapper simplemap for cells of type $adff.
Using extmapper simplemap for cells of type $and.
Using extmapper simplemap for cells of type $mux.
Using extmapper simplemap for cells of type $dff.
Using extmapper simplemap for cells of type $eq.
Using extmapper simplemap for cells of type $pmux.
Using extmapper simplemap for cells of type $logic_not.
Using extmapper simplemap for cells of type $or.
Using extmapper simplemap for cells of type $not.
Using template $paramod\_90_fa\WIDTH=32'00000000000000000000000000011111 for cells of type $fa.
Using template $paramod$ebf89ea36a793f0f77858f212141d47c833068ad\_90_alu for cells of type $alu.
Using template $paramod$3bb72ad0665cdca279bbc49ed6a39f403f16497f\_90_alu for cells of type $alu.
Using template $paramod\_90_fa\WIDTH=32'00000000000000000000000000010001 for cells of type $fa.
Using template $paramod$dbcdc7e8aa1a4080cea2deda6fdc8772064f4d90\_90_alu for cells of type $alu.
Using extmapper simplemap for cells of type $pos.
Using template $paramod\_90_fa\WIDTH=32'00000000000000000000000000000111 for cells of type $fa.
Using template $paramod\_90_lcu_brent_kung\WIDTH=32'00000000000000000000000000000111 for cells of type $lcu.
Using extmapper simplemap for cells of type $xor.
Using template $paramod\_90_fa\WIDTH=32'00000000000000000000000000010000 for cells of type $fa.
Using template $paramod\_90_lcu_brent_kung\WIDTH=32'00000000000000000000000000010000 for cells of type $lcu.
Using template $paramod\_90_lcu_brent_kung\WIDTH=32'00000000000000000000000000010001 for cells of type $lcu.
Using template $paramod\_90_lcu_brent_kung\WIDTH=32'00000000000000000000000000011111 for cells of type $lcu.
No more expansions possible.
<suppressed ~7864 debug messages>

4.23. Executing OPT pass (performing simple optimizations).

4.23.1. Executing OPT_EXPR pass (perform const folding).
Optimizing module peweaver_ppa_shared_fft.
<suppressed ~26156 debug messages>

4.23.2. Executing OPT_MERGE pass (detect identical cells).
Finding identical cells in module `\peweaver_ppa_shared_fft'.
Computing hashes of 40487 cells of `\peweaver_ppa_shared_fft'.
Finding duplicate cells in `\peweaver_ppa_shared_fft'.
Computing hashes of 37935 cells of `\peweaver_ppa_shared_fft'.
Finding duplicate cells in `\peweaver_ppa_shared_fft'.
Computing hashes of 36778 cells of `\peweaver_ppa_shared_fft'.
Finding duplicate cells in `\peweaver_ppa_shared_fft'.
Computing hashes of 35247 cells of `\peweaver_ppa_shared_fft'.
Finding duplicate cells in `\peweaver_ppa_shared_fft'.
Computing hashes of 34865 cells of `\peweaver_ppa_shared_fft'.
Finding duplicate cells in `\peweaver_ppa_shared_fft'.
Computing hashes of 34360 cells of `\peweaver_ppa_shared_fft'.
Finding duplicate cells in `\peweaver_ppa_shared_fft'.
Computing hashes of 34120 cells of `\peweaver_ppa_shared_fft'.
Finding duplicate cells in `\peweaver_ppa_shared_fft'.
Computing hashes of 34000 cells of `\peweaver_ppa_shared_fft'.
Finding duplicate cells in `\peweaver_ppa_shared_fft'.
Computing hashes of 33976 cells of `\peweaver_ppa_shared_fft'.
Finding duplicate cells in `\peweaver_ppa_shared_fft'.
Computing hashes of 33952 cells of `\peweaver_ppa_shared_fft'.
Finding duplicate cells in `\peweaver_ppa_shared_fft'.
Computing hashes of 33940 cells of `\peweaver_ppa_shared_fft'.
Finding duplicate cells in `\peweaver_ppa_shared_fft'.
<suppressed ~19641 debug messages>
Removed a total of 6547 cells.

4.23.3. Executing OPT_DFF pass (perform DFF optimizations).
Adding SRST signal on $auto$ff.cc:337:slice$3964 ($_DFF_P_) from module peweaver_ppa_shared_fft (D = $auto$simplemap.cc:189:logic_reduce$10405, Q = \u_core.SU2.TW.ff_im [15], rval = 1'0).
Adding SRST signal on $auto$ff.cc:337:slice$11750 ($_DFF_P_) from module peweaver_ppa_shared_fft (D = $auto$simplemap.cc:189:logic_reduce$18191, Q = \u_core.SU1.TW.ff_im [15], rval = 1'0).
Adding SRST signal on $auto$ff.cc:337:slice$11766 ($_DFF_P_) from module peweaver_ppa_shared_fft (D = $auto$simplemap.cc:189:logic_reduce$14658, Q = \u_core.SU1.TW.ff_re [15], rval = 1'1).
Adding SRST signal on $auto$ff.cc:337:slice$21842 ($_DFF_P_) from module peweaver_ppa_shared_fft (D = $auto$simplemap.cc:189:logic_reduce$28283, Q = \u_core.SU0.TW.ff_im [15], rval = 1'0).
Adding SRST signal on $auto$ff.cc:337:slice$21858 ($_DFF_P_) from module peweaver_ppa_shared_fft (D = $auto$simplemap.cc:189:logic_reduce$24750, Q = \u_core.SU0.TW.ff_re [15], rval = 1'1).
Adding SRST signal on $auto$ff.cc:337:slice$3957 ($_DFF_P_) from module peweaver_ppa_shared_fft (D = $auto$simplemap.cc:189:logic_reduce$9481, Q = \u_core.SU2.TW.ff_im [8], rval = 1'0).
Adding SRST signal on $auto$ff.cc:337:slice$3962 ($_DFF_P_) from module peweaver_ppa_shared_fft (D = $auto$simplemap.cc:189:logic_reduce$10141, Q = \u_core.SU2.TW.ff_im [13], rval = 1'1).
Adding SRST signal on $auto$ff.cc:337:slice$3966 ($_DFF_P_) from module peweaver_ppa_shared_fft (D = $auto$simplemap.cc:189:logic_reduce$4394, Q = \u_core.SU2.TW.ff_re [1], rval = 1'0).
Adding SRST signal on $auto$ff.cc:337:slice$3971 ($_DFF_P_) from module peweaver_ppa_shared_fft (D = $auto$simplemap.cc:189:logic_reduce$5279, Q = \u_core.SU2.TW.ff_re [6], rval = 1'0).
Adding SRST signal on $auto$ff.cc:337:slice$3977 ($_DFF_P_) from module peweaver_ppa_shared_fft (D = $auto$simplemap.cc:189:logic_reduce$6341, Q = \u_core.SU2.TW.ff_re [12], rval = 1'0).
Adding SRST signal on $auto$ff.cc:337:slice$3978 ($_DFF_P_) from module peweaver_ppa_shared_fft (D = $auto$simplemap.cc:189:logic_reduce$6518, Q = \u_core.SU2.TW.ff_re [13], rval = 1'1).
Adding SRST signal on $auto$ff.cc:337:slice$3979 ($_DFF_P_) from module peweaver_ppa_shared_fft (D = $auto$simplemap.cc:189:logic_reduce$6695, Q = \u_core.SU2.TW.ff_re [14], rval = 1'1).
Adding SRST signal on $auto$ff.cc:337:slice$11735 ($_DFF_P_) from module peweaver_ppa_shared_fft (D = $auto$simplemap.cc:189:logic_reduce$16211, Q = \u_core.SU1.TW.ff_im [0], rval = 1'1).
Adding SRST signal on $auto$ff.cc:337:slice$11736 ($_DFF_P_) from module peweaver_ppa_shared_fft (D = $auto$simplemap.cc:189:logic_reduce$16343, Q = \u_core.SU1.TW.ff_im [1], rval = 1'0).
Adding SRST signal on $auto$ff.cc:337:slice$11737 ($_DFF_P_) from module peweaver_ppa_shared_fft (D = $auto$simplemap.cc:189:logic_reduce$16475, Q = \u_core.SU1.TW.ff_im [2], rval = 1'1).
Adding SRST signal on $auto$ff.cc:337:slice$11738 ($_DFF_P_) from module peweaver_ppa_shared_fft (D = $auto$simplemap.cc:189:logic_reduce$16607, Q = \u_core.SU1.TW.ff_im [3], rval = 1'1).
Adding SRST signal on $auto$ff.cc:337:slice$11739 ($_DFF_P_) from module peweaver_ppa_shared_fft (D = $auto$simplemap.cc:189:logic_reduce$16739, Q = \u_core.SU1.TW.ff_im [4], rval = 1'1).
Adding SRST signal on $auto$ff.cc:337:slice$11740 ($_DFF_P_) from module peweaver_ppa_shared_fft (D = $auto$simplemap.cc:189:logic_reduce$16871, Q = \u_core.SU1.TW.ff_im [5], rval = 1'0).
Adding SRST signal on $auto$ff.cc:337:slice$11741 ($_DFF_P_) from module peweaver_ppa_shared_fft (D = $auto$simplemap.cc:189:logic_reduce$17003, Q = \u_core.SU1.TW.ff_im [6], rval = 1'0).
Adding SRST signal on $auto$ff.cc:337:slice$11742 ($_DFF_P_) from module peweaver_ppa_shared_fft (D = $auto$simplemap.cc:189:logic_reduce$17135, Q = \u_core.SU1.TW.ff_im [7], rval = 1'1).
Adding SRST signal on $auto$ff.cc:337:slice$11743 ($_DFF_P_) from module peweaver_ppa_shared_fft (D = $auto$simplemap.cc:189:logic_reduce$17267, Q = \u_core.SU1.TW.ff_im [8], rval = 1'0).
Adding SRST signal on $auto$ff.cc:337:slice$11744 ($_DFF_P_) from module peweaver_ppa_shared_fft (D = $auto$simplemap.cc:189:logic_reduce$17399, Q = \u_core.SU1.TW.ff_im [9], rval = 1'1).
Adding SRST signal on $auto$ff.cc:337:slice$11745 ($_DFF_P_) from module peweaver_ppa_shared_fft (D = $auto$simplemap.cc:189:logic_reduce$17531, Q = \u_core.SU1.TW.ff_im [10], rval = 1'1).
Adding SRST signal on $auto$ff.cc:337:slice$11746 ($_DFF_P_) from module peweaver_ppa_shared_fft (D = $auto$simplemap.cc:189:logic_reduce$17663, Q = \u_core.SU1.TW.ff_im [11], rval = 1'1).
Adding SRST signal on $auto$ff.cc:337:slice$11747 ($_DFF_P_) from module peweaver_ppa_shared_fft (D = $auto$simplemap.cc:189:logic_reduce$17795, Q = \u_core.SU1.TW.ff_im [12], rval = 1'1).
Adding SRST signal on $auto$ff.cc:337:slice$11748 ($_DFF_P_) from module peweaver_ppa_shared_fft (D = $auto$simplemap.cc:189:logic_reduce$17927, Q = \u_core.SU1.TW.ff_im [13], rval = 1'1).
Adding SRST signal on $auto$ff.cc:337:slice$11749 ($_DFF_P_) from module peweaver_ppa_shared_fft (D = $auto$simplemap.cc:189:logic_reduce$18059, Q = \u_core.SU1.TW.ff_im [14], rval = 1'1).
Adding SRST signal on $auto$ff.cc:337:slice$11751 ($_DFF_P_) from module peweaver_ppa_shared_fft (D = $auto$simplemap.cc:189:logic_reduce$12003, Q = \u_core.SU1.TW.ff_re [0], rval = 1'0).
Adding SRST signal on $auto$ff.cc:337:slice$11752 ($_DFF_P_) from module peweaver_ppa_shared_fft (D = $auto$simplemap.cc:189:logic_reduce$12180, Q = \u_core.SU1.TW.ff_re [1], rval = 1'0).
Adding SRST signal on $auto$ff.cc:337:slice$11753 ($_DFF_P_) from module peweaver_ppa_shared_fft (D = $auto$simplemap.cc:189:logic_reduce$12357, Q = \u_core.SU1.TW.ff_re [2], rval = 1'0).
Adding SRST signal on $auto$ff.cc:337:slice$11754 ($_DFF_P_) from module peweaver_ppa_shared_fft (D = $auto$simplemap.cc:189:logic_reduce$12534, Q = \u_core.SU1.TW.ff_re [3], rval = 1'1).
Adding SRST signal on $auto$ff.cc:337:slice$11755 ($_DFF_P_) from module peweaver_ppa_shared_fft (D = $auto$simplemap.cc:189:logic_reduce$12711, Q = \u_core.SU1.TW.ff_re [4], rval = 1'1).
Adding SRST signal on $auto$ff.cc:337:slice$11756 ($_DFF_P_) from module peweaver_ppa_shared_fft (D = $auto$simplemap.cc:189:logic_reduce$12888, Q = \u_core.SU1.TW.ff_re [5], rval = 1'1).
Adding SRST signal on $auto$ff.cc:337:slice$11757 ($_DFF_P_) from module peweaver_ppa_shared_fft (D = $auto$simplemap.cc:189:logic_reduce$13065, Q = \u_core.SU1.TW.ff_re [6], rval = 1'0).
Adding SRST signal on $auto$ff.cc:337:slice$11758 ($_DFF_P_) from module peweaver_ppa_shared_fft (D = $auto$simplemap.cc:189:logic_reduce$13242, Q = \u_core.SU1.TW.ff_re [7], rval = 1'0).
Adding SRST signal on $auto$ff.cc:337:slice$11759 ($_DFF_P_) from module peweaver_ppa_shared_fft (D = $auto$simplemap.cc:189:logic_reduce$13419, Q = \u_core.SU1.TW.ff_re [8], rval = 1'1).
Adding SRST signal on $auto$ff.cc:337:slice$11760 ($_DFF_P_) from module peweaver_ppa_shared_fft (D = $auto$simplemap.cc:189:logic_reduce$13596, Q = \u_core.SU1.TW.ff_re [9], rval = 1'0).
Adding SRST signal on $auto$ff.cc:337:slice$11761 ($_DFF_P_) from module peweaver_ppa_shared_fft (D = $auto$simplemap.cc:189:logic_reduce$13773, Q = \u_core.SU1.TW.ff_re [10], rval = 1'1).
Adding SRST signal on $auto$ff.cc:337:slice$11762 ($_DFF_P_) from module peweaver_ppa_shared_fft (D = $auto$simplemap.cc:189:logic_reduce$13950, Q = \u_core.SU1.TW.ff_re [11], rval = 1'1).
Adding SRST signal on $auto$ff.cc:337:slice$11763 ($_DFF_P_) from module peweaver_ppa_shared_fft (D = $auto$simplemap.cc:189:logic_reduce$14127, Q = \u_core.SU1.TW.ff_re [12], rval = 1'0).
Adding SRST signal on $auto$ff.cc:337:slice$11764 ($_DFF_P_) from module peweaver_ppa_shared_fft (D = $auto$simplemap.cc:189:logic_reduce$14304, Q = \u_core.SU1.TW.ff_re [13], rval = 1'1).
Adding SRST signal on $auto$ff.cc:337:slice$11765 ($_DFF_P_) from module peweaver_ppa_shared_fft (D = $auto$simplemap.cc:189:logic_reduce$14481, Q = \u_core.SU1.TW.ff_re [14], rval = 1'1).
Adding SRST signal on $auto$ff.cc:337:slice$21827 ($_DFF_P_) from module peweaver_ppa_shared_fft (D = $auto$simplemap.cc:189:logic_reduce$26303, Q = \u_core.SU0.TW.ff_im [0], rval = 1'1).
Adding SRST signal on $auto$ff.cc:337:slice$21828 ($_DFF_P_) from module peweaver_ppa_shared_fft (D = $auto$simplemap.cc:189:logic_reduce$26435, Q = \u_core.SU0.TW.ff_im [1], rval = 1'0).
Adding SRST signal on $auto$ff.cc:337:slice$21829 ($_DFF_P_) from module peweaver_ppa_shared_fft (D = $auto$simplemap.cc:189:logic_reduce$26567, Q = \u_core.SU0.TW.ff_im [2], rval = 1'1).
Adding SRST signal on $auto$ff.cc:337:slice$21830 ($_DFF_P_) from module peweaver_ppa_shared_fft (D = $auto$simplemap.cc:189:logic_reduce$26699, Q = \u_core.SU0.TW.ff_im [3], rval = 1'1).
Adding SRST signal on $auto$ff.cc:337:slice$21831 ($_DFF_P_) from module peweaver_ppa_shared_fft (D = $auto$simplemap.cc:189:logic_reduce$26831, Q = \u_core.SU0.TW.ff_im [4], rval = 1'1).
Adding SRST signal on $auto$ff.cc:337:slice$21832 ($_DFF_P_) from module peweaver_ppa_shared_fft (D = $auto$simplemap.cc:189:logic_reduce$26963, Q = \u_core.SU0.TW.ff_im [5], rval = 1'0).
Adding SRST signal on $auto$ff.cc:337:slice$21833 ($_DFF_P_) from module peweaver_ppa_shared_fft (D = $auto$simplemap.cc:189:logic_reduce$27095, Q = \u_core.SU0.TW.ff_im [6], rval = 1'0).
Adding SRST signal on $auto$ff.cc:337:slice$21834 ($_DFF_P_) from module peweaver_ppa_shared_fft (D = $auto$simplemap.cc:189:logic_reduce$27227, Q = \u_core.SU0.TW.ff_im [7], rval = 1'1).
Adding SRST signal on $auto$ff.cc:337:slice$21835 ($_DFF_P_) from module peweaver_ppa_shared_fft (D = $auto$simplemap.cc:189:logic_reduce$27359, Q = \u_core.SU0.TW.ff_im [8], rval = 1'0).
Adding SRST signal on $auto$ff.cc:337:slice$21836 ($_DFF_P_) from module peweaver_ppa_shared_fft (D = $auto$simplemap.cc:189:logic_reduce$27491, Q = \u_core.SU0.TW.ff_im [9], rval = 1'1).
Adding SRST signal on $auto$ff.cc:337:slice$21837 ($_DFF_P_) from module peweaver_ppa_shared_fft (D = $auto$simplemap.cc:189:logic_reduce$27623, Q = \u_core.SU0.TW.ff_im [10], rval = 1'1).
Adding SRST signal on $auto$ff.cc:337:slice$21838 ($_DFF_P_) from module peweaver_ppa_shared_fft (D = $auto$simplemap.cc:189:logic_reduce$27755, Q = \u_core.SU0.TW.ff_im [11], rval = 1'1).
Adding SRST signal on $auto$ff.cc:337:slice$21839 ($_DFF_P_) from module peweaver_ppa_shared_fft (D = $auto$simplemap.cc:189:logic_reduce$27887, Q = \u_core.SU0.TW.ff_im [12], rval = 1'1).
Adding SRST signal on $auto$ff.cc:337:slice$21840 ($_DFF_P_) from module peweaver_ppa_shared_fft (D = $auto$simplemap.cc:189:logic_reduce$28019, Q = \u_core.SU0.TW.ff_im [13], rval = 1'1).
Adding SRST signal on $auto$ff.cc:337:slice$21841 ($_DFF_P_) from module peweaver_ppa_shared_fft (D = $auto$simplemap.cc:189:logic_reduce$28151, Q = \u_core.SU0.TW.ff_im [14], rval = 1'1).
Adding SRST signal on $auto$ff.cc:337:slice$21843 ($_DFF_P_) from module peweaver_ppa_shared_fft (D = $auto$simplemap.cc:189:logic_reduce$22095, Q = \u_core.SU0.TW.ff_re [0], rval = 1'0).
Adding SRST signal on $auto$ff.cc:337:slice$21844 ($_DFF_P_) from module peweaver_ppa_shared_fft (D = $auto$simplemap.cc:189:logic_reduce$22272, Q = \u_core.SU0.TW.ff_re [1], rval = 1'0).
Adding SRST signal on $auto$ff.cc:337:slice$21845 ($_DFF_P_) from module peweaver_ppa_shared_fft (D = $auto$simplemap.cc:189:logic_reduce$22449, Q = \u_core.SU0.TW.ff_re [2], rval = 1'0).
Adding SRST signal on $auto$ff.cc:337:slice$21846 ($_DFF_P_) from module peweaver_ppa_shared_fft (D = $auto$simplemap.cc:189:logic_reduce$22626, Q = \u_core.SU0.TW.ff_re [3], rval = 1'1).
Adding SRST signal on $auto$ff.cc:337:slice$21847 ($_DFF_P_) from module peweaver_ppa_shared_fft (D = $auto$simplemap.cc:189:logic_reduce$22803, Q = \u_core.SU0.TW.ff_re [4], rval = 1'1).
Adding SRST signal on $auto$ff.cc:337:slice$21848 ($_DFF_P_) from module peweaver_ppa_shared_fft (D = $auto$simplemap.cc:189:logic_reduce$22980, Q = \u_core.SU0.TW.ff_re [5], rval = 1'1).
Adding SRST signal on $auto$ff.cc:337:slice$21849 ($_DFF_P_) from module peweaver_ppa_shared_fft (D = $auto$simplemap.cc:189:logic_reduce$23157, Q = \u_core.SU0.TW.ff_re [6], rval = 1'0).
Adding SRST signal on $auto$ff.cc:337:slice$21850 ($_DFF_P_) from module peweaver_ppa_shared_fft (D = $auto$simplemap.cc:189:logic_reduce$23334, Q = \u_core.SU0.TW.ff_re [7], rval = 1'0).
Adding SRST signal on $auto$ff.cc:337:slice$21851 ($_DFF_P_) from module peweaver_ppa_shared_fft (D = $auto$simplemap.cc:189:logic_reduce$23511, Q = \u_core.SU0.TW.ff_re [8], rval = 1'1).
Adding SRST signal on $auto$ff.cc:337:slice$21852 ($_DFF_P_) from module peweaver_ppa_shared_fft (D = $auto$simplemap.cc:189:logic_reduce$23688, Q = \u_core.SU0.TW.ff_re [9], rval = 1'0).
Adding SRST signal on $auto$ff.cc:337:slice$21853 ($_DFF_P_) from module peweaver_ppa_shared_fft (D = $auto$simplemap.cc:189:logic_reduce$23865, Q = \u_core.SU0.TW.ff_re [10], rval = 1'1).
Adding SRST signal on $auto$ff.cc:337:slice$21854 ($_DFF_P_) from module peweaver_ppa_shared_fft (D = $auto$simplemap.cc:189:logic_reduce$24042, Q = \u_core.SU0.TW.ff_re [11], rval = 1'1).
Adding SRST signal on $auto$ff.cc:337:slice$21855 ($_DFF_P_) from module peweaver_ppa_shared_fft (D = $auto$simplemap.cc:189:logic_reduce$24219, Q = \u_core.SU0.TW.ff_re [12], rval = 1'0).
Adding SRST signal on $auto$ff.cc:337:slice$21856 ($_DFF_P_) from module peweaver_ppa_shared_fft (D = $auto$simplemap.cc:189:logic_reduce$24396, Q = \u_core.SU0.TW.ff_re [13], rval = 1'1).
Adding SRST signal on $auto$ff.cc:337:slice$21857 ($_DFF_P_) from module peweaver_ppa_shared_fft (D = $auto$simplemap.cc:189:logic_reduce$24573, Q = \u_core.SU0.TW.ff_re [14], rval = 1'1).
Setting constant 0-bit at position 0 on $auto$ff.cc:337:slice$3965 ($_DFF_P_) from module peweaver_ppa_shared_fft.

4.23.4. Executing OPT_CLEAN pass (remove unused cells and wires).
Finding unused cells or wires in module \peweaver_ppa_shared_fft..
Removed 1534 unused cells and 11487 unused wires.
<suppressed ~1542 debug messages>

4.23.5. Rerunning OPT passes. (Removed registers in this run.)

4.23.6. Executing OPT_EXPR pass (perform const folding).
Optimizing module peweaver_ppa_shared_fft.
<suppressed ~316 debug messages>

4.23.7. Executing OPT_MERGE pass (detect identical cells).
Finding identical cells in module `\peweaver_ppa_shared_fft'.
Computing hashes of 32089 cells of `\peweaver_ppa_shared_fft'.
Finding duplicate cells in `\peweaver_ppa_shared_fft'.
Removed a total of 0 cells.

4.23.8. Executing OPT_DFF pass (perform DFF optimizations).

4.23.9. Executing OPT_CLEAN pass (remove unused cells and wires).
Finding unused cells or wires in module \peweaver_ppa_shared_fft..
Removed 14 unused cells and 20 unused wires.
<suppressed ~15 debug messages>

4.23.10. Finished fast OPT passes.

4.24. Executing ABC pass (technology mapping using ABC).

4.24.1. Extracting gate netlist of module `\peweaver_ppa_shared_fft' to `<abc-temp-dir>/input.blif'..

4.24.1.1. Executed ABC.
Extracted 27494 gates and 28425 wires to a netlist network with 930 inputs and 738 outputs.
Running ABC script: <abc-temp-dir>/abc.script
ABC: UC Berkeley, ABC 1.01 (compiled Aug 28 2026 12:09:00)
ABC: abc 01> empty
ABC: abc 01> source <abc-temp-dir>/abc.script
ABC: + read_blif <abc-temp-dir>/input.blif 
ABC: + read_library <abc-temp-dir>/stdcells.genlib 
ABC: + strash 
ABC: + &get -n 
ABC: + &fraig -x 
ABC: + &put 
ABC: + scorr 
ABC: Warning: The network is combinational (run "fraig" or "fraig_sweep").
ABC: + dc2 
ABC: + dretime 
ABC: + strash 
ABC: + &get -n 
ABC: + &dch -f 
ABC: + &nf 
ABC: + &put 
ABC: + write_blif <abc-temp-dir>/output.blif 
ABC: 
ABC: YOSYS_ABC_DONE 

4.24.1.2. Re-integrating ABC results.
ABC RESULTS:               AND cells:     3894
ABC RESULTS:            ANDNOT cells:      444
ABC RESULTS:               MUX cells:      992
ABC RESULTS:              NAND cells:    10297
ABC RESULTS:               NOR cells:       79
ABC RESULTS:               NOT cells:       50
ABC RESULTS:               ONE cells:        4
ABC RESULTS:                OR cells:      683
ABC RESULTS:             ORNOT cells:      648
ABC RESULTS:              XNOR cells:     1046
ABC RESULTS:               XOR cells:     6411
ABC RESULTS:              ZERO cells:        1
ABC RESULTS:        internal signals:    26757
ABC RESULTS:           input signals:      930
ABC RESULTS:          output signals:      738
Removing temp directory.
Removing global temp directory.

4.25. Executing OPT pass (performing simple optimizations).

4.25.1. Executing OPT_EXPR pass (perform const folding).
Optimizing module peweaver_ppa_shared_fft.
<suppressed ~7 debug messages>

4.25.2. Executing OPT_MERGE pass (detect identical cells).
Finding identical cells in module `\peweaver_ppa_shared_fft'.
Computing hashes of 29125 cells of `\peweaver_ppa_shared_fft'.
Finding duplicate cells in `\peweaver_ppa_shared_fft'.
Computing hashes of 29122 cells of `\peweaver_ppa_shared_fft'.
Finding duplicate cells in `\peweaver_ppa_shared_fft'.
Computing hashes of 29106 cells of `\peweaver_ppa_shared_fft'.
Finding duplicate cells in `\peweaver_ppa_shared_fft'.
<suppressed ~57 debug messages>
Removed a total of 19 cells.

4.25.3. Executing OPT_DFF pass (perform DFF optimizations).
Removing never-active SRST on $auto$ff.cc:337:slice$77248 ($_SDFF_PN0_) from module peweaver_ppa_shared_fft.
Removing never-active SRST on $auto$ff.cc:337:slice$77249 ($_SDFF_PN0_) from module peweaver_ppa_shared_fft.
Removing never-active SRST on $auto$ff.cc:337:slice$77250 ($_SDFF_PN1_) from module peweaver_ppa_shared_fft.
Removing never-active SRST on $auto$ff.cc:337:slice$77254 ($_SDFF_PN1_) from module peweaver_ppa_shared_fft.
Removing never-active SRST on $auto$ff.cc:337:slice$77255 ($_SDFF_PN0_) from module peweaver_ppa_shared_fft.
Removing never-active SRST on $auto$ff.cc:337:slice$77256 ($_SDFF_PN0_) from module peweaver_ppa_shared_fft.
Removing never-active SRST on $auto$ff.cc:337:slice$77257 ($_SDFF_PN0_) from module peweaver_ppa_shared_fft.
Removing never-active SRST on $auto$ff.cc:337:slice$77258 ($_SDFF_PN1_) from module peweaver_ppa_shared_fft.
Removing never-active SRST on $auto$ff.cc:337:slice$77259 ($_SDFF_PN1_) from module peweaver_ppa_shared_fft.
Removing never-active SRST on $auto$ff.cc:337:slice$77260 ($_SDFF_PN1_) from module peweaver_ppa_shared_fft.
Removing never-active SRST on $auto$ff.cc:337:slice$77261 ($_SDFF_PN0_) from module peweaver_ppa_shared_fft.
Removing never-active SRST on $auto$ff.cc:337:slice$77262 ($_SDFF_PN1_) from module peweaver_ppa_shared_fft.
Removing never-active SRST on $auto$ff.cc:337:slice$77263 ($_SDFF_PN1_) from module peweaver_ppa_shared_fft.
Removing never-active SRST on $auto$ff.cc:337:slice$77264 ($_SDFF_PN1_) from module peweaver_ppa_shared_fft.
Removing never-active SRST on $auto$ff.cc:337:slice$77265 ($_SDFF_PN0_) from module peweaver_ppa_shared_fft.
Removing never-active SRST on $auto$ff.cc:337:slice$77266 ($_SDFF_PN0_) from module peweaver_ppa_shared_fft.
Removing never-active SRST on $auto$ff.cc:337:slice$77267 ($_SDFF_PN1_) from module peweaver_ppa_shared_fft.
Removing never-active SRST on $auto$ff.cc:337:slice$77268 ($_SDFF_PN0_) from module peweaver_ppa_shared_fft.
Removing never-active SRST on $auto$ff.cc:337:slice$77269 ($_SDFF_PN1_) from module peweaver_ppa_shared_fft.
Removing never-active SRST on $auto$ff.cc:337:slice$77270 ($_SDFF_PN1_) from module peweaver_ppa_shared_fft.
Removing never-active SRST on $auto$ff.cc:337:slice$77271 ($_SDFF_PN1_) from module peweaver_ppa_shared_fft.
Removing never-active SRST on $auto$ff.cc:337:slice$77272 ($_SDFF_PN1_) from module peweaver_ppa_shared_fft.
Removing never-active SRST on $auto$ff.cc:337:slice$77273 ($_SDFF_PN1_) from module peweaver_ppa_shared_fft.
Removing never-active SRST on $auto$ff.cc:337:slice$77274 ($_SDFF_PN1_) from module peweaver_ppa_shared_fft.
Removing never-active SRST on $auto$ff.cc:337:slice$77275 ($_SDFF_PN0_) from module peweaver_ppa_shared_fft.
Removing never-active SRST on $auto$ff.cc:337:slice$77276 ($_SDFF_PN0_) from module peweaver_ppa_shared_fft.
Removing never-active SRST on $auto$ff.cc:337:slice$77277 ($_SDFF_PN0_) from module peweaver_ppa_shared_fft.
Removing never-active SRST on $auto$ff.cc:337:slice$77278 ($_SDFF_PN1_) from module peweaver_ppa_shared_fft.
Removing never-active SRST on $auto$ff.cc:337:slice$77279 ($_SDFF_PN1_) from module peweaver_ppa_shared_fft.
Removing never-active SRST on $auto$ff.cc:337:slice$77280 ($_SDFF_PN1_) from module peweaver_ppa_shared_fft.
Removing never-active SRST on $auto$ff.cc:337:slice$77281 ($_SDFF_PN0_) from module peweaver_ppa_shared_fft.
Removing never-active SRST on $auto$ff.cc:337:slice$77282 ($_SDFF_PN0_) from module peweaver_ppa_shared_fft.
Removing never-active SRST on $auto$ff.cc:337:slice$77283 ($_SDFF_PN1_) from module peweaver_ppa_shared_fft.
Removing never-active SRST on $auto$ff.cc:337:slice$77284 ($_SDFF_PN0_) from module peweaver_ppa_shared_fft.
Removing never-active SRST on $auto$ff.cc:337:slice$77285 ($_SDFF_PN1_) from module peweaver_ppa_shared_fft.
Removing never-active SRST on $auto$ff.cc:337:slice$77286 ($_SDFF_PN1_) from module peweaver_ppa_shared_fft.
Removing never-active SRST on $auto$ff.cc:337:slice$77287 ($_SDFF_PN0_) from module peweaver_ppa_shared_fft.
Removing never-active SRST on $auto$ff.cc:337:slice$77288 ($_SDFF_PN1_) from module peweaver_ppa_shared_fft.
Removing never-active SRST on $auto$ff.cc:337:slice$77289 ($_SDFF_PN1_) from module peweaver_ppa_shared_fft.
Setting constant 0-bit at position 0 on $auto$ff.cc:337:slice$3963 ($_DFF_P_) from module peweaver_ppa_shared_fft.

4.25.4. Executing OPT_CLEAN pass (remove unused cells and wires).
Finding unused cells or wires in module \peweaver_ppa_shared_fft..
Removed 0 unused cells and 6082 unused wires.
<suppressed ~148 debug messages>

4.25.5. Rerunning OPT passes. (Removed registers in this run.)

4.25.6. Executing OPT_EXPR pass (perform const folding).
Optimizing module peweaver_ppa_shared_fft.
<suppressed ~299 debug messages>

4.25.7. Executing OPT_MERGE pass (detect identical cells).
Finding identical cells in module `\peweaver_ppa_shared_fft'.
Computing hashes of 28847 cells of `\peweaver_ppa_shared_fft'.
Finding duplicate cells in `\peweaver_ppa_shared_fft'.
Computing hashes of 28830 cells of `\peweaver_ppa_shared_fft'.
Finding duplicate cells in `\peweaver_ppa_shared_fft'.
Computing hashes of 28755 cells of `\peweaver_ppa_shared_fft'.
Finding duplicate cells in `\peweaver_ppa_shared_fft'.
Computing hashes of 28719 cells of `\peweaver_ppa_shared_fft'.
Finding duplicate cells in `\peweaver_ppa_shared_fft'.
Computing hashes of 28713 cells of `\peweaver_ppa_shared_fft'.
Finding duplicate cells in `\peweaver_ppa_shared_fft'.
<suppressed ~402 debug messages>
Removed a total of 134 cells.

4.25.8. Executing OPT_DFF pass (perform DFF optimizations).

4.25.9. Executing OPT_CLEAN pass (remove unused cells and wires).
Finding unused cells or wires in module \peweaver_ppa_shared_fft..
Removed 2 unused cells and 432 unused wires.
<suppressed ~3 debug messages>

4.25.10. Finished fast OPT passes.

4.26. Executing HIERARCHY pass (managing design hierarchy).
Attribute `top' found on module `peweaver_ppa_shared_fft'. Setting top module to peweaver_ppa_shared_fft.

4.26.1. Analyzing design hierarchy..
Top module:  \peweaver_ppa_shared_fft

4.26.2. Analyzing design hierarchy..
Top module:  \peweaver_ppa_shared_fft
Removed 0 unused modules.

4.27. Printing statistics.

=== peweaver_ppa_shared_fft ===

        +----------Local Count, excluding submodules.
        | 
    24949 wires
    43045 wire bits
     1303 public wires
    19399 public wire bits
        9 ports
       69 port bits
    28711 cells
      444   $_ANDNOT_
     3759   $_AND_
        6   $_DFFE_PP0P_
       83   $_DFF_PP0_
        2   $_DFF_PP1_
     4420   $_DFF_P_
      938   $_MUX_
    10253   $_NAND_
       79   $_NOR_
       64   $_NOT_
      648   $_ORNOT_
      653   $_OR_
       12   $_SDFF_PN0_
       20   $_SDFF_PN1_
      988   $_XNOR_
     6309   $_XOR_
       26   $scopeinfo
        7   sky130_fd_sc_hd__dlclkp_4

4.28. Executing CHECK pass (checking for obvious problems).
Checking module peweaver_ppa_shared_fft...
Found and reported 0 problems.

5. Executing Liberty frontend: /work/peweaver/runs/power_opt_campaign_20260918/examples/peweaver/physical/results_power_opt/work/lib_shared_tt_synth.lib
Replacing existing blackbox module sky130_fd_sc_hd__dlclkp_4.
Imported 392 cell types from liberty file.

6. Executing DFFUNMAP pass (unmap clock enable and synchronous reset from FFs).

7. Executing DFFLIBMAP pass (mapping DFF/DLATCH cells to sequential cells from liberty file).
  cell sky130_fd_sc_hd__dfxtp_1 (noninv, pins=3, area=20.02) is a direct match for cell type $_DFF_P_.
  cell sky130_fd_sc_hd__dfrtn_1 (noninv, pins=4, area=25.02) is a direct match for cell type $_DFF_NN0_.
  cell sky130_fd_sc_hd__dfrtp_1 (noninv, pins=4, area=25.02) is a direct match for cell type $_DFF_PN0_.
  cell sky130_fd_sc_hd__dfstp_1 (noninv, pins=4, area=26.28) is a direct match for cell type $_DFF_PN1_.
  cell sky130_fd_sc_hd__edfxtp_1 (noninv, pins=4, area=30.03) is a direct match for cell type $_DFFE_PP_.
  cell sky130_fd_sc_hd__dfbbn_1 (noninv, pins=6, area=32.53) is a direct match for cell type $_DFFSR_NNN_.
  cell sky130_fd_sc_hd__dfbbp_1 (noninv, pins=6, area=32.53) is a direct match for cell type $_DFFSR_PNN_.
  cell sky130_fd_sc_hd__dlxtn_1 (noninv, pins=3, area=15.01) is a direct match for cell type $_DLATCH_N_.
  cell sky130_fd_sc_hd__dlxtp_1 (noninv, pins=3, area=15.01) is a direct match for cell type $_DLATCH_P_.
  cell sky130_fd_sc_hd__dlrtn_1 (noninv, pins=4, area=17.52) is a direct match for cell type $_DLATCH_NN0_.
  cell sky130_fd_sc_hd__dlrtp_1 (noninv, pins=4, area=16.27) is a direct match for cell type $_DLATCH_PN0_.
  final dff/dlatch cell mappings:
    unmapped dff/dlatch cell: $_DFF_N_
    \sky130_fd_sc_hd__dfxtp_1 _DFF_P_ (.CLK( C), .D( D), .Q( Q));
    \sky130_fd_sc_hd__dfrtn_1 _DFF_NN0_ (.CLK_N( C), .D( D), .Q( Q), .RESET_B( R));
    unmapped dff/dlatch cell: $_DFF_NN1_
    unmapped dff/dlatch cell: $_DFF_NP0_
    unmapped dff/dlatch cell: $_DFF_NP1_
    \sky130_fd_sc_hd__dfrtp_1 _DFF_PN0_ (.CLK( C), .D( D), .Q( Q), .RESET_B( R));
    \sky130_fd_sc_hd__dfstp_1 _DFF_PN1_ (.CLK( C), .D( D), .Q( Q), .SET_B( R));
    unmapped dff/dlatch cell: $_DFF_PP0_
    unmapped dff/dlatch cell: $_DFF_PP1_
    unmapped dff/dlatch cell: $_DFFE_NN_
    unmapped dff/dlatch cell: $_DFFE_NP_
    unmapped dff/dlatch cell: $_DFFE_PN_
    \sky130_fd_sc_hd__edfxtp_1 _DFFE_PP_ (.CLK( C), .D( D), .DE( E), .Q( Q));
    \sky130_fd_sc_hd__dfbbn_1 _DFFSR_NNN_ (.CLK_N( C), .D( D), .Q( Q), .Q_N(~Q), .RESET_B( R), .SET_B( S));
    unmapped dff/dlatch cell: $_DFFSR_NNP_
    unmapped dff/dlatch cell: $_DFFSR_NPN_
    unmapped dff/dlatch cell: $_DFFSR_NPP_
    \sky130_fd_sc_hd__dfbbp_1 _DFFSR_PNN_ (.CLK( C), .D( D), .Q( Q), .Q_N(~Q), .RESET_B( R), .SET_B( S));
    unmapped dff/dlatch cell: $_DFFSR_PNP_
    unmapped dff/dlatch cell: $_DFFSR_PPN_
    unmapped dff/dlatch cell: $_DFFSR_PPP_
    \sky130_fd_sc_hd__dlxtn_1 _DLATCH_N_ (.D( D), .GATE_N( E), .Q( Q));
    \sky130_fd_sc_hd__dlxtp_1 _DLATCH_P_ (.D( D), .GATE( E), .Q( Q));
    \sky130_fd_sc_hd__dlrtn_1 _DLATCH_NN0_ (.D( D), .GATE_N( E), .Q( Q), .RESET_B( R));
    unmapped dff/dlatch cell: $_DLATCH_NN1_
    unmapped dff/dlatch cell: $_DLATCH_NP0_
    unmapped dff/dlatch cell: $_DLATCH_NP1_
    \sky130_fd_sc_hd__dlrtp_1 _DLATCH_PN0_ (.D( D), .GATE( E), .Q( Q), .RESET_B( R));
    unmapped dff/dlatch cell: $_DLATCH_PN1_
    unmapped dff/dlatch cell: $_DLATCH_PP0_
    unmapped dff/dlatch cell: $_DLATCH_PP1_
    unmapped dff/dlatch cell: $_DLATCHSR_NNN_
    unmapped dff/dlatch cell: $_DLATCHSR_NNP_
    unmapped dff/dlatch cell: $_DLATCHSR_NPN_
    unmapped dff/dlatch cell: $_DLATCHSR_NPP_
    unmapped dff/dlatch cell: $_DLATCHSR_PNN_
    unmapped dff/dlatch cell: $_DLATCHSR_PNP_
    unmapped dff/dlatch cell: $_DLATCHSR_PPN_
    unmapped dff/dlatch cell: $_DLATCHSR_PPP_

7.1. Executing DFFLEGALIZE pass (convert FFs and LATCHes to types supported by the target).
<suppressed ~24 debug messages>
Mapping DFF/DLATCH cells in module `\peweaver_ppa_shared_fft':
  mapped 89 $_DFF_PN0_ cells to \sky130_fd_sc_hd__dfrtp_1 cells.
  mapped 2 $_DFF_PN1_ cells to \sky130_fd_sc_hd__dfstp_1 cells.
  mapped 4452 $_DFF_P_ cells to \sky130_fd_sc_hd__dfxtp_1 cells.

8. Executing TECHMAP pass (map to technology primitives).

8.1. Executing Verilog-2005 frontend: synth/sky130_simple_map.v
Parsing Verilog input from `synth/sky130_simple_map.v' to AST representation.
Generating RTLIL representation for module `$_NOT_'.
Generating RTLIL representation for module `$_AND_'.
Generating RTLIL representation for module `$_ANDNOT_'.
Generating RTLIL representation for module `$_NAND_'.
Generating RTLIL representation for module `$_OR_'.
Generating RTLIL representation for module `$_ORNOT_'.
Generating RTLIL representation for module `$_NOR_'.
Generating RTLIL representation for module `$_XOR_'.
Generating RTLIL representation for module `$_XNOR_'.
Generating RTLIL representation for module `$_MUX_'.
Successfully finished Verilog frontend.

8.2. Continuing TECHMAP pass.
Using template $_NOT_ for cells of type $_NOT_.
Using template $_MUX_ for cells of type $_MUX_.
Using template $_ORNOT_ for cells of type $_ORNOT_.
Using template $_AND_ for cells of type $_AND_.
Using template $_NAND_ for cells of type $_NAND_.
Using template $_ANDNOT_ for cells of type $_ANDNOT_.
Using template $_NOR_ for cells of type $_NOR_.
Using template $_XNOR_ for cells of type $_XNOR_.
Using template $_OR_ for cells of type $_OR_.
Using template $_XOR_ for cells of type $_XOR_.
No more expansions possible.
<suppressed ~24276 debug messages>

9. Executing SETUNDEF pass (replace undef values with defined constants).

10. Executing SPLITNETS pass (splitting up multi-bit signals).

11. Executing OPT_CLEAN pass (remove unused cells and wires).
Finding unused cells or wires in module \peweaver_ppa_shared_fft..
Removed 26 unused cells and 87905 unused wires.
<suppressed ~14319 debug messages>

12. Executing CHECK pass (checking for obvious problems).
Checking module peweaver_ppa_shared_fft...
Found and reported 0 problems.

13. Printing statistics.

=== peweaver_ppa_shared_fft ===

        +----------Local Count, excluding submodules.
        |        +-Local Area, excluding submodules.
        |        | 
    29914        - wires
    29974        - wire bits
     5047        - public wires
     5107        - public wire bits
        9        - ports
       69        - port bits
    29906 2.44E+05 cells
     4203 2.63E+04   sky130_fd_sc_hd__and2_1
       89 2.23E+03   sky130_fd_sc_hd__dfrtp_1
        2    52.55   sky130_fd_sc_hd__dfstp_1
     4452 8.91E+04   sky130_fd_sc_hd__dfxtp_1
        7  148.893   sky130_fd_sc_hd__dlclkp_4
     1247 4.68E+03   sky130_fd_sc_hd__inv_1
      976  1.1E+04   sky130_fd_sc_hd__mux2_1
    10253 3.85E+04   sky130_fd_sc_hd__nand2_1
       79  296.534   sky130_fd_sc_hd__nor2_1
     1301 8.14E+03   sky130_fd_sc_hd__or2_1
      988 8.65E+03   sky130_fd_sc_hd__xnor2_1
     6309 5.53E+04   sky130_fd_sc_hd__xor2_1

   Chip area for module '\peweaver_ppa_shared_fft': 244350.601600
     of which used for sequential elements: 91405.164800 (37.41%)

14. Executing Verilog backend.
Dumping module `\peweaver_ppa_shared_fft'.

Warnings: 12 unique messages, 32 total
End of script. Logfile hash: 05f8e3914f, time: 7.38s, user: 6.09s, system: 0.39s, MEM: 166.69 MB peak
Yosys 0.68+136 (git sha1 c30457480-dirty, Release, Clang /usr/bin/clang++ 21.1.8)
Time spent: 32% 1x abc (2 sec), 18% 24x opt_clean (1 sec), ...
