================================================================================
[2026-09-06 10:39:34] session ses_f89b610d2ffeSw4O5GG3eggWg5
================================================================================

[User Message]
You are the power-optimization lead for the accepted shared FFT.
One ATOMIC hypothesis per candidate; complete replacement of the single candidate file; contract is immutable.
Incumbent measured objectives (lower is better): {"area": 286970.0, "p64": 39.81859, "p128": 40.44372, "e64": 39.0222182, "e128": 74.41644480000001}
Pareto archive (metrics only): [{"area": 286970.0, "p64": 39.81859, "p128": 40.44372, "e64": 39.0222182, "e128": 74.41644480000001}]
Previous turn feedback: none

Measured pow...

[Thinking]
**Inspecting candidate file**

I need to inspect the candidate file or code as the user has requested an analysis only, without any edits. I should locate it, and it seems like using the explorer would be the way to go about this. This task is straightforward but requires careful attention to details. I want to make sure I’m thorough in my inspection to provide the most helpful analysis possible!

[Tool Call: task]
Args: {"description": "Analyze FFT power hypothesis", "prompt": "Explore the workspace thoroughly enough to identify the single candidate RTL file and incumbent shared FFT architecture. Do not edit anything. Focus on finding one atomic, contract-preserving clock-power optimization hypothesis informed by attribution: mode-128 tail stage or mode-128-only delay-bank segments, with characterized dlclkp only. Analyze exact registers/state that can safely be clock-gated in mode 64, clock/reset semantics, and likely synthesis implications. Return file paths, relevant line ranges/code structure, a concrete complete-replacement recommendation, risks, and verification suggestions. Do not implement.", "subagent_type": "explore", "task_id": "", "command": "analysis only"}

[Tool Result]
<task id="ses_f89b5fcf6fferqnj9OUV2fnO4Z" state="completed">
<task_result>
## Finding

### Single candidate RTL

The optimization campaign accepts exactly one replaceable RTL file:

- `/work/peweaver/runs/ps-fft-6/best/peweaver_shared_fft.v`
  - Entire file: lines 1–777
  - Incumbent SHA-256: `ce64c71552f0aa1750ae62c15a081d16d52e92396d9d67243088aeec4723e92e`

This is confirmed by:

- `/work/peweaver/runs/ps-fft-6/artifacts/state.json:7-10`
- `/work/peweaver/runs/ps-fft-6/source/orchestration/power_save_fft_driver.py:35-46`
  - `CANDIDATE = "peweaver_shared_fft.v"`
  - Candidates are explicitly “one-file rewrites under one atomic hypothesis.”

Identical incumbent mirrors exist at:

- `/work/peweaver/runs/ps-fft-6/source/physical/rtl/peweaver_shared_fft.v`
- `/work/peweaver/runs/ps-fft-6/attempts/turn_0001/peweaver_shared_fft.v`

The fixed physical wrapper is separate and should not be changed:

- `/work/peweaver/runs/ps-fft-6/source/physical/rtl/peweaver_ppa_shared_fft.v:9-40`

No files were edited.

---

## Incumbent shared architecture

The incumbent is a run-time selectable, maximum-depth R2²SDF pipeline:

1. **Mode ownership**
   - `/work/peweaver/runs/ps-fft-6/best/peweaver_shared_fft.v:19-37`
   - `mode_q` and `mode_locked` capture the mode on the first `di_en`.
   - `active_mode = mode_locked ? mode_q : mode`.
   - Once a frame starts, mode remains owned until reset.

2. **Three shared R2² stages**
   - Stage 0: lines 42–64, delays 32/64 and 16/32.
   - Stage 1: lines 66–88, delays 8/16 and 4/8.
   - Stage 2: lines 90–112, delays 2/4 and 1/2.
   - Shared stage implementation: lines 146–400.

3. **Mode-muxed maximum-depth delay banks**
   - Instantiations: lines 203–214 and 275–286.
   - Implementation: lines 403–436.
   - Every bank shifts its full `DEPTH1` storage on every clock, although mode 64 reads only `DEPTH0-1`.

4. **128-only radix-2 tail**
   - Instantiation and output bypass: lines 114–141.
   - Tail implementation: lines 439–525.
   - In mode 64, o
... [truncated]

[Response]
## Atomic hypothesis

**Clock-gate only the mode-128-only upper halves of the six shared delay banks using characterized `sky130_fd_sc_hd__dlclkp` cells.**

Do not gate the radix-2 tail or modify any other state in this candidate.

### Target

Single candidate file:

`/work/peweaver/runs/ps-fft-6/best/peweaver_shared_fft.v`

Relevant implementation:

- Six `SharedDelayBuffer` instances: approximately lines 203–214 and 275–286
- `SharedDelayBuffer`: approximately lines 403–436

## Rationale

Every delay bank has `DEPTH1 = 2*DEPTH0`. Mode 64 observes only `buf[DEPTH0-1]`, but the incumbent shifts the entire `DEPTH1` bank every cycle. Because shifting runs from low indices toward high indices, the upper half cannot influence the lower half.

The mode-128-only storage is:

| Bank | Mode-128-only words | Clocked bits |
|---|---:|---:|
| 64/32 | 32 complex | 1,024 |
| 32/16 | 16 complex | 512 |
| 16/8 | 8 complex | 256 |
| 8/4 | 4 complex | 128 |
| 4/2 | 2 complex | 64 |
| 2/1 | 1 complex | 32 |
| **Total** | **63 complex** | **2,016 bits** |

Thus this hypothesis removes mode-64 clock activity from approximately 2,016 flop clock pins. That directly attacks the dominant measured region: clock-root power is 19.66 mW, or 49.1% of total streaming power.

It is likely a materially larger opportunity than gating the roughly 67 bits of tail-stage state alone.

## Intended structural replacement

Split `SharedDelayBuffer` into:

1. An always-clocked lower array of `DEPTH0` complex words.
2. A gated upper array of `DEPTH1-DEPTH0` complex words.
3. One local characterized clock gate per buffer, enabled by the existing per-stage `mode` input—which is already driven by `active_mode`.

Equivalent behavior should be:

- Lower bank shifts on every original clock edge.
- Upper bank shifts only when mode 128 is active.
- On a mode-128 edge, upper word zero captures the **old** lower terminal word.
- Mode 64 output remains the lower terminal word.
- Mode 128 output becomes the upper terminal word.

Using separate nonblocking processes preserves the required old-value transfer across the lower/upper boundary. No additional staging register may be introduced.

## Correctness argument

### Mode 64

The upper half:

- Is never selected as output.
- Does not feed any lower-half register.
- Does not influence stage control, counters, valid timing, twiddles, or arithmetic.

Freezing it therefore cannot affect:

- FFT values
- 71-cycle latency
- `do_en`
- Frame boundaries
- Continuous-frame behavior

### Mode 128

`active_mode` is high before useful traffic under the reset-separated mode protocol. The integrated latch-based gate consequently supplies one gated rising edge for every source-clock rising edge. Both lower and upper shifts remain cycle-equivalent to the incumbent, preserving the 137-cycle latency and exact arithmetic stream.

### Mode transitions and reset

The delay-bank contents are not reset in the incumbent; control and valid state prevent stale data from becoming valid output. Retaining stale upper-bank contents during mode 64 is therefore acceptable. A subsequent mode-128 transaction is reset-separated and flushes the delay path before valid output.

Do not add reset logic to these arrays, and do not alter any incumbent reset sensitivity.

## Physical expectations

- Add six `sky130_fd_sc_hd__dlclkp_*` cells.
- Remove approximately 2,016 flop loads from the active mode-64 clock tree.
- Slightly increase mode-128 power from clock-gate internal capacitance.
- Negligible area increase relative to the approximately 52,938 µm² margin beneath the hard area ceiling of 339,908 µm².
- Potentially meaningful reductions in `p64` and `e64`; `p128` and `e128` must be checked for gate overhead.

Six local gates are preferable to one weak gate driving all 2,016 bits because they create manageable gated subtrees and reduce extreme clock fanout.

## Main implementation risk

The RTL regression apparently compiles the candidate without automatically including the PDK functional model. The replacement therefore needs a simulation-safe way to resolve the primitive while ensuring synthesis retains the real characterized `dlclkp` instance.

The important checks are:

- No behavioral `clock & enable`, ternary clock, or generic combinational clock gate reaches synthesis.
- No unresolved black box appears in RTL simulation.
- No duplicate primitive definition conflicts with PDK models during GLS.
- The mapped netlist contains exactly the intended characterized clock gates.
- CTS and propagated-clock STA recognize all gated-clock endpoints.

## Acceptance checks

1. Bit-exact directed and randomized tests in both modes.
2. Exact first-valid latency: 71 and 137 cycles.
3. Continuous three-frame streams.
4. Reset-separated 64→128 and 128→64 transitions.
5. Return to mode 128 after a long mode-64 run.
6. Mapped GLS with the real PDK clock-gate model.
7. Exactly six characterized clock-gate instances after mapping.
8. No generic logic driving clock pins.
9. TNS 0, DRC 0, and area below 339,908 µm².
10. Separate power measurements confirming mode-64 savings and quantifying mode-128 overhead.

No files were edited.

--------------------------------------------------------------------------------

================================================================================
[2026-09-06 10:59:41] session ses_f89a35082ffex8YAh5OfI61DxO
================================================================================

[User Message]
You are the power-optimization lead for the accepted shared FFT.
One ATOMIC hypothesis per candidate; complete replacement of the single candidate file; contract is immutable.
Incumbent measured objectives (lower is better): {"area": 286970.0, "p64": 39.81859, "p128": 40.44372, "e64": 39.0222182, "e128": 74.41644480000001}
Pareto archive (metrics only): [{"area": 286970.0, "p64": 39.81859, "p128": 40.44372, "e64": 39.0222182, "e128": 74.41644480000001}]
Previous turn feedback: physical gate fail...

[Thinking]
**Considering file inspection**

I need to inspect the files without making any edits. It’s important to understand the candidates well, so I’ll create a list to ensure I cover everything I need to analyze. I want to keep track of details as I go through the files, making sure I gather all the necessary insights. Let's focus on understanding rather than altering anything, since that could lead to confusion later on.

[Tool Call: glob]
Args: {"pattern": "**/*", "path": "/work/peweaver/runs/ps-fft-6"}

[Tool Result]
/work/peweaver/runs/ps-fft-6/artifacts/chia-implement-gemini_20260906_102204.log
/work/peweaver/runs/ps-fft-6/artifacts/attribution_summary.json
/work/peweaver/runs/ps-fft-6/artifacts/implement_turn1.txt
/work/peweaver/runs/ps-fft-6/artifacts/worker_kill_turn1.json
/work/peweaver/runs/ps-fft-6/artifacts/state.json
/work/peweaver/runs/ps-fft-6/artifacts/chia-advise_20260906_102204.log
/work/peweaver/runs/ps-fft-6/artifacts/area_proxy_full.log
/work/peweaver/runs/ps-fft-6/artifacts/check_turn1.json
/work/peweaver/runs/ps-fft-6/artifacts/advice_turn1.md
/work/peweaver/runs/ps-fft-6/artifacts/config_fingerprint.json
/work/peweaver/runs/ps-fft-6/artifacts/physical_turn1.json
/work/peweaver/runs/ps-fft-6/best/peweaver_shared_fft.v
/work/peweaver/runs/ps-fft-6/lock
/work/peweaver/runs/ps-fft-6/source/physical/reproducibility.py
/work/peweaver/runs/ps-fft-6/source/run-local.ps1
/work/peweaver/runs/ps-fft-6/source/test_fft128_regression.py
/work/peweaver/runs/ps-fft-6/source/simulation_runner.py
/work/peweaver/runs/ps-fft-6/source/CLOUD_READINESS.md
/work/peweaver/runs/ps-fft-6/source/synthesis_runner.py
/work/peweaver/runs/ps-fft-6/source/test_fft64_oracle.py
/work/peweaver/runs/ps-fft-6/source/physical/results_attr/work/shared_frontend.odb
/work/peweaver/runs/ps-fft-6/attempts/turn_0002/peweaver_shared_fft.v
/work/peweaver/runs/ps-fft-6/source/physical/results_attr/work/shared_synth_run.ys
/work/peweaver/runs/ps-fft-6/source/physical/log.txt
/work/peweaver/runs/ps-fft-6/source/physical/assemble_results.py
/work/peweaver/runs/ps-fft-6/synth_work/cand_proxy.v
/work/peweaver/runs/ps-fft-6/source/physical/leakage_check/run_leakage_check.sh
/work/peweaver/runs/ps-fft-6/source/physical/leakage_check/nand2_leak.spice
/work/peweaver/runs/ps-fft-6/source/physical/run-physical.sh
/work/peweaver/runs/ps-fft-6/source/physical/tool-lock.json
/work/peweaver/runs/ps-fft-6/source/manifest_schema.py
/work/peweaver/runs/ps-fft-6/source/physical/rtl/peweaver_ppa_fft128.v
/work/peweaver/runs/
... [truncated]

[Tool Call: task]
Args: {"description": "Analyze FFT power hypothesis", "prompt": "Explore the workspace read-only. Identify the single candidate RTL file, its architecture, existing clock gating, likely prior timing failure cause, and propose exactly one atomic low-risk power optimization grounded in the supplied attribution. Do not edit files. Return specific code locations and contract/timing risks. Thoroughness: very thorough.", "subagent_type": "explore", "task_id": "", "command": "analyze-only"}

[Tool Result]
<task id="ses_f89a33b6fffeSd6FRwqtmavrYk" state="completed">
<task_result>
## Read-only conclusion

### Single candidate RTL

The designated optimization target is:

- `/work/peweaver/runs/ps-fft-6/best/peweaver_shared_fft.v`

Evidence:

- `/work/peweaver/runs/ps-fft-6/artifacts/advice_turn1.md:9-16` explicitly names it as the “Single candidate file.”
- `/work/peweaver/runs/ps-fft-6/source/orchestration/power_save_fft_driver.py:35-40` defines the candidate basename as `peweaver_shared_fft.v`.
- Other RTL files are references, wrappers, generated netlists, testbenches, or snapshots:
  - `/work/peweaver/runs/ps-fft-6/source/physical/rtl/peweaver_ppa_shared_fft.v` is the physical integration/reset wrapper.
  - `/work/peweaver/runs/ps-fft-6/source/physical/rtl/peweaver_shared_fft.v` is currently a staged prior implementation, not the authoritative best candidate.
  - `/work/peweaver/runs/ps-fft-6/attempts/turn_0002/peweaver_shared_fft.v` is an attempt snapshot.
  - `/work/peweaver/runs/ps-fft-6/synth_work/cand_proxy.v` is synthesis-proxy input.

No files were edited.

## Architecture of the candidate

The candidate is a single-clock, mode-selectable, full-rate radix-\(2^2\) SDF FFT with three shared stages and a 128-point-only radix-2 tail.

### 1. Mode ownership

- `/work/peweaver/runs/ps-fft-6/best/peweaver_shared_fft.v:20-37`

`mode_q` is captured before traffic and `mode_locked` is set on the first `di_en`. The resulting `active_mode` drives all three shared stages and output selection.

This relies on the reset-separated/static-mode protocol. There is no busy-driven unlock: once `mode_locked` is set, reset is required before a mode change can take effect.

### 2. Three shared radix-\(2^2\) SDF stages

- Stage 0: `/work/peweaver/runs/ps-fft-6/best/peweaver_shared_fft.v:42-64`
  - 64 mode delay depths: 32 and 16 complex words
  - 128 mode delay depths: 64 and 32
- Stage 1: `/work/peweaver/runs/ps-fft-6/best/peweaver_shared_fft.v:66-88`
  - 8/4 versus 16/8
- Stage 2: 
... [truncated]

[Thinking]
**Analyzing candidate advice**

I need to focus on analyzing advice related to candidates. It seems I should check previous advice about port naming and synthesis handling. The user mentioned to only have one hypothesis per candidate without any edits. This means I should formulate an atomic hypothesis accurately. However, I'm concerned about unresolved direct primitives in RTL simulation. I wonder if the previous advice suggests using an inferred wrapper? I'll make sure to read the key files for clarity.

[Tool Call: read]
Args: {"filePath": "/work/peweaver/runs/ps-fft-6/artifacts/advice_turn1.md", "offset": 1, "limit": 220}

[Tool Result]
<path>/work/peweaver/runs/ps-fft-6/artifacts/advice_turn1.md</path>
<type>file</type>
<content>
1: ## Atomic hypothesis
2: 
3: **Clock-gate only the mode-128-only upper halves of the six shared delay banks using characterized `sky130_fd_sc_hd__dlclkp` cells.**
4: 
5: Do not gate the radix-2 tail or modify any other state in this candidate.
6: 
7: ### Target
8: 
9: Single candidate file:
10: 
11: `/work/peweaver/runs/ps-fft-6/best/peweaver_shared_fft.v`
12: 
13: Relevant implementation:
14: 
15: - Six `SharedDelayBuffer` instances: approximately lines 203–214 and 275–286
16: - `SharedDelayBuffer`: approximately lines 403–436
17: 
18: ## Rationale
19: 
20: Every delay bank has `DEPTH1 = 2*DEPTH0`. Mode 64 observes only `buf[DEPTH0-1]`, but the incumbent shifts the entire `DEPTH1` bank every cycle. Because shifting runs from low indices toward high indices, the upper half cannot influence the lower half.
21: 
22: The mode-128-only storage is:
23: 
24: | Bank | Mode-128-only words | Clocked bits |
25: |---|---:|---:|
26: | 64/32 | 32 complex | 1,024 |
27: | 32/16 | 16 complex | 512 |
28: | 16/8 | 8 complex | 256 |
29: | 8/4 | 4 complex | 128 |
30: | 4/2 | 2 complex | 64 |
31: | 2/1 | 1 complex | 32 |
32: | **Total** | **63 complex** | **2,016 bits** |
33: 
34: Thus this hypothesis removes mode-64 clock activity from approximately 2,016 flop clock pins. That directly attacks the dominant measured region: clock-root power is 19.66 mW, or 49.1% of total streaming power.
35: 
36: It is likely a materially larger opportunity than gating the roughly 67 bits of tail-stage state alone.
37: 
38: ## Intended structural replacement
39: 
40: Split `SharedDelayBuffer` into:
41: 
42: 1. An always-clocked lower array of `DEPTH0` complex words.
43: 2. A gated upper array of `DEPTH1-DEPTH0` complex words.
44: 3. One local characterized clock gate per buffer, enabled by the existing per-stage `mode` input—which is already driven by `active_mode`.
45: 
46: Equivalent behavior should be:
4
... [truncated]

[Tool Call: read]
Args: {"filePath": "/work/peweaver/runs/ps-fft-6/artifacts/implement_turn1.txt", "offset": 1, "limit": 220}

[Tool Result]
<path>/work/peweaver/runs/ps-fft-6/artifacts/implement_turn1.txt</path>
<type>file</type>
<content>
1: //----------------------------------------------------------------------
2: //  Peweaver Shared FFT: Mode-Select 64/128-Point FFT Core
3: //------------------------------------------------------------------

(End of file - total 3 lines)
</content>

[Tool Call: read]
Args: {"filePath": "/work/peweaver/runs/ps-fft-6/best/peweaver_shared_fft.v", "offset": 1, "limit": 550}

[Tool Result]
<path>/work/peweaver/runs/ps-fft-6/best/peweaver_shared_fft.v</path>
<type>file</type>
<content>
1: //----------------------------------------------------------------------
2: //  Peweaver Shared FFT: Mode-Select 64/128-Point FFT Core
3: //----------------------------------------------------------------------
4: module peweaver_shared_fft (
5:     input         clock,
6:     input         reset,
7:     input         mode,
8:     input         di_en,
9:     input  [15:0] di_re,
10:     input  [15:0] di_im,
11:     output        do_en,
12:     output [15:0] do_re,
13:     output [15:0] do_im
14: );
15: 
16:     // Compatibility parameter for wrapper elaboration
17:     parameter WIDTH = 16;
18: 
19:     // -------------------------------------------------------------------------
20:     // Mode Latching and State Ownership
21:     // -------------------------------------------------------------------------
22:     reg mode_q;
23:     reg mode_locked;
24: 
25:     always @(posedge clock or posedge reset) begin
26:         if (reset) begin
27:             mode_q      <= 1'b0;
28:             mode_locked <= 1'b0;
29:         end else if (!mode_locked) begin
30:             mode_q <= mode;
31:             if (di_en) begin
32:                 mode_locked <= 1'b1;
33:             end
34:         end
35:     end
36: 
37:     wire active_mode = mode_locked ? mode_q : mode;
38: 
39:     // -------------------------------------------------------------------------
40:     // Shared Radix-2^2 Pipeline Stages
41:     // -------------------------------------------------------------------------
42:     // Stage 0: Mode 0 (N=64, M=64), Mode 1 (N=128, M=128)
43:     wire        s0_do_en;
44:     wire [15:0] s0_do_re;
45:     wire [15:0] s0_do_im;
46: 
47:     SharedSdfUnit #(
48:         .STAGE_ID   (0),
49:         .LOG_M0     (6),
50:         .D1_DEPTH0  (32),
51:         .D1_DEPTH1  (64),
52:         .D2_DEPTH0  (16),
53:         .D2_DEPTH1  (32)
54:     ) SU0 (
55:         .clock 
... [truncated]

[Tool Call: grep]
Args: {"pattern": "dlclkp|GATE|GCLK|sky130_fd_sc_hd__dlclkp", "path": "/work/peweaver/runs/ps-fft-6/source", "include": "*.{v,py,tcl,ys,lib}"}

[Tool Result]
Found 100 matches (more matches available)
/work/peweaver/runs/ps-fft-6/source/orchestration/power_save_fft_driver.py:
  Line 69: - Clock gating ONLY via characterized cells (sky130_fd_sc_hd__dlclkp) is


/work/peweaver/runs/ps-fft-6/source/orchestration/peweaver_chia_graph.py:
  Line 89: ACCEPTANCE GATES (checked by a deterministic judge after each attempt)


/work/peweaver/runs/ps-fft-6/source/physical/results_attr/work/lib_shared_tt_synth.lib:
  Line 57211:     cell ("sky130_fd_sc_hd__dlclkp_1") {

  Line 57214:             when : "!CLK&GATE&!GCLK";

  Line 57218:             when : "CLK&GATE&GCLK";

  Line 57222:             when : "!CLK&!GATE&!GCLK";

  Line 57226:             when : "CLK&GATE&!GCLK";

  Line 57230:             when : "CLK&!GATE&GCLK";

  Line 57234:             when : "CLK&!GATE&!GCLK";

  Line 57238:         cell_footprint : "sky130_fd_sc_hd__dlclkp";

  Line 57287:                 related_output_pin : "GCLK";

  Line 57294:         pin ("GATE") {

  Line 57355:         pin ("GCLK") {

  Line 57445:         statetable ("CLK GATE","M0") {

  Line 57450:     cell ("sky130_fd_sc_hd__dlclkp_2") {

  Line 57453:             when : "CLK&!GATE&!GCLK";

  Line 57457:             when : "!CLK&GATE&!GCLK";

  Line 57461:             when : "CLK&GATE&GCLK";

  Line 57465:             when : "!CLK&!GATE&!GCLK";

  Line 57469:             when : "CLK&GATE&!GCLK";

  Line 57473:             when : "CLK&!GATE&GCLK";

  Line 57477:         cell_footprint : "sky130_fd_sc_hd__dlclkp";

  Line 57526:                 related_output_pin : "GCLK";

  Line 57533:         pin ("GATE") {

  Line 57594:         pin ("GCLK") {

  Line 57684:         statetable ("CLK GATE","M0") {

  Line 57689:     cell ("sky130_fd_sc_hd__dlclkp_4") {

  Line 57692:             when : "CLK&!GATE&!GCLK";

  Line 57696:             when : "!CLK&GATE&!GCLK";

  Line 57700:             when : "CLK&GATE&GCLK";

  Line 57704:             when : "!CLK&!GATE&!GCLK";

  Line 57708:             
... [truncated]

[Tool Call: grep]
Args: {"pattern": "iverilog|yosys|SYNTHESIS|candidate|peweaver_shared_fft.v", "path": "/work/peweaver/runs/ps-fft-6/source", "include": "*.py"}

[Tool Result]
Found 100 matches (more matches available)
/work/peweaver/runs/ps-fft-6/source/test_synthesis_runner.py:
  Line 18:                 self.assertTrue(spec.candidate_top.startswith("peweaver_"))


/work/peweaver/runs/ps-fft-6/source/orchestration/chia_merge.py:
  Line 13: model worker never sees a shared candidate, seed, or prior solution — only the

  Line 351:     The model returns the COMPLETE candidate file in one fenced code block;

  Line 484:         # Bounded infrastructure re-evaluation: the candidate did nothing

  Line 499:             return (f"retry (evaluator infrastructure, candidate preserved at "

  Line 509:             # Bind the feedback to the rejected WORKSPACE identity (candidate

  Line 513:                 f"[feedback binds to REJECTED candidate workspace "

  Line 611: DEFAULT_PER_TURN_PROMPT = """You are advising one implementation burst of the merged candidate design.

  Line 625: DEFAULT_IMPLEMENT_PROMPT = """You are generating the merged candidate file `{candidate}`.

  Line 648: Current content of `{candidate}` to repair or extend (may be empty):

  Line 652: - Reply with the COMPLETE content of `{candidate}` in a single ```verilog fenced code block, and nothing else.

  Line 672:               candidate_filename: str = "shared_candidate.v",

  Line 740:             best_file = run.best / candidate_filename

  Line 751:                 candidate=candidate_filename, sources=sources_text,

  Line 760:                 (sandbox / candidate_filename).write_text(out)

  Line 766:                 return True, summary or "candidate written from model reply"


/work/peweaver/runs/ps-fft-6/source/orchestration/chia_power_save.py:
  Line 59:     candidates_generated: int = 0

  Line 81:             "candidates_generated": self.candidates_generated,

  Line 101:         for f in ("turn", "accepted", "stop_reason", "candidates_generated",

  Line 243:     Gates are split into a cheap cascade (run every candidate) and one full

  Line 248:             
... [truncated]

[Tool Call: grep]
Args: {"pattern": "read_verilog|D SYNTHESIS|define SYNTHESIS|sky130_fd_sc_hd__dlclkp", "path": "/work/peweaver/runs/ps-fft-6/source/physical", "include": "*.{tcl,ys,sh,py,v}"}

[Tool Result]
Found 13 matches
/work/peweaver/runs/ps-fft-6/source/physical/results_attr/work/shared_synth_run.ys:
  Line 2: read_verilog -sv \


/work/peweaver/runs/ps-fft-6/source/physical/results_repeat/work/dual_synth_run.ys:
  Line 13: read_verilog -sv \


/work/peweaver/runs/ps-fft-6/source/physical/openroad/dual_d050_frontend.tcl:
  Line 10: read_verilog $::env(NETLIST)


/work/peweaver/runs/ps-fft-6/source/physical/results_attr/logs/shared_synth_run.ys:
  Line 2: read_verilog -sv \


/work/peweaver/runs/ps-fft-6/source/physical/openroad/fft64_frontend.tcl:
  Line 10: read_verilog $::env(NETLIST)


/work/peweaver/runs/ps-fft-6/source/physical/results_repeat/logs/dual_synth_run.ys:
  Line 13: read_verilog -sv \


/work/peweaver/runs/ps-fft-6/source/physical/synth/fft128_synth.ys:
  Line 8: read_verilog -sv \


/work/peweaver/runs/ps-fft-6/source/physical/synth/shared_attr_synth.ys:
  Line 5: read_verilog -sv \


/work/peweaver/runs/ps-fft-6/source/physical/synth/fft64_synth.ys:
  Line 8: read_verilog -sv \


/work/peweaver/runs/ps-fft-6/source/physical/synth/dual_synth.ys:
  Line 13: read_verilog -sv \


/work/peweaver/runs/ps-fft-6/source/physical/synth/shared_synth.ys:
  Line 2: read_verilog -sv \


/work/peweaver/runs/ps-fft-6/source/physical/results/work/shared_synth_run.ys:
  Line 2: read_verilog -sv \


/work/peweaver/runs/ps-fft-6/source/physical/results/logs/shared_synth_run.ys:
  Line 2: read_verilog -sv \


[Tool Call: read]
Args: {"filePath": "/work/peweaver/runs/ps-fft-6/artifacts/physical_turn1.json", "offset": 1, "limit": 100}

[Tool Result]
<path>/work/peweaver/runs/ps-fft-6/artifacts/physical_turn1.json</path>
<type>file</type>
<content>
1: {
2:  "passed": false,
3:  "retry": false,
4:  "note": "timing_met=False drc=0",
5:  "detail": {
6:   "area": 311415.0,
7:   "p64": 39.797180000000004,
8:   "p128": 42.07478,
9:   "e64": 39.0012364,
10:   "e128": 77.4175952
11:  }
12: }

(End of file - total 12 lines)
</content>

[Tool Call: read]
Args: {"filePath": "/work/peweaver/runs/ps-fft-6/attempts/turn_0002/peweaver_shared_fft.v", "offset": 400, "limit": 60}

[Tool Result]
<path>/work/peweaver/runs/ps-fft-6/attempts/turn_0002/peweaver_shared_fft.v</path>
<type>file</type>
<content>
400: endmodule
401: 
402: 
403: //----------------------------------------------------------------------
404: //  SharedDelayBuffer: Multi-Depth Shift Buffer with Tap Muxing
405: //----------------------------------------------------------------------
406: module SharedDelayBuffer #(
407:     parameter DEPTH0 = 32,
408:     parameter DEPTH1 = 64,
409:     parameter WIDTH  = 16
410: )(
411:     input               clock,
412:     input               mode,
413:     input   [WIDTH-1:0] di_re,
414:     input   [WIDTH-1:0] di_im,
415:     output  [WIDTH-1:0] do_re,
416:     output  [WIDTH-1:0] do_im
417: );
418: 
419:     localparam MAX_DEPTH = (DEPTH1 > DEPTH0) ? DEPTH1 : DEPTH0;
420:     reg [WIDTH-1:0] buf_re[0:MAX_DEPTH-1];
421:     reg [WIDTH-1:0] buf_im[0:MAX_DEPTH-1];
422:     integer n;
423: 
424:     always @(posedge clock) begin
425:         for (n = MAX_DEPTH-1; n > 0; n = n - 1) begin
426:             buf_re[n] <= buf_re[n-1];
427:             buf_im[n] <= buf_im[n-1];
428:         end
429:         buf_re[0] <= di_re;
430:         buf_im[0] <= di_im;
431:     end
432: 
433:     assign do_re = mode ? buf_re[DEPTH1-1] : buf_re[DEPTH0-1];
434:     assign do_im = mode ? buf_im[DEPTH1-1] : buf_im[DEPTH0-1];
435: 
436: endmodule
437: 
438: 
439: //----------------------------------------------------------------------
440: //  SdfUnit2: Radix-2 SDF Tail Unit for Twiddle Resolution M = 2
441: //----------------------------------------------------------------------
442: module SdfUnit2 #(
443:     parameter WIDTH = 16,
444:     parameter BF_RH = 0
445: )(
446:     input                   clock,
447:     input                   reset,
448:     input                   di_en,
449:     input       [WIDTH-1:0] di_re,
450:     input       [WIDTH-1:0] di_im,
451:     output  reg             do_en,
452:     output  reg [WIDTH-1:0] do_re,
453:     output  reg [WIDTH-1
... [truncated]

[Tool Call: read]
Args: {"filePath": "/work/peweaver/runs/ps-fft-6/source/physical/synth/shared_synth.ys", "offset": 1, "limit": 120}

[Tool Result]
<path>/work/peweaver/runs/ps-fft-6/source/physical/synth/shared_synth.ys</path>
<type>file</type>
<content>
1: # PEWeaver Shared FFT candidate synthesis (Yosys) — sky130_fd_sc_hd tt_025C_1v80
2: read_verilog -sv \
3:     rtl/peweaver_ppa_shared_fft.v \
4:     rtl/peweaver_shared_fft.v
5: 
6: hierarchy -check -top peweaver_ppa_shared_fft
7: synth -top peweaver_ppa_shared_fft -flatten
8: read_liberty -lib -ignore_miss_func @LIB_TT@
9: dffunmap
10: dfflibmap -liberty @LIB_TT@
11: techmap -map synth/sky130_simple_map.v
12: setundef -zero
13: splitnets
14: opt_clean -purge
15: check
16: stat -liberty @LIB_TT@
17: write_verilog -noattr -noexpr -nodec results/netlists/shared_ppa_synth.v

(End of file - total 17 lines)
</content>

[Tool Call: read]
Args: {"filePath": "/work/peweaver/runs/ps-fft-6/source/simulation_runner.py", "offset": 1, "limit": 180}

[Tool Result]
<path>/work/peweaver/runs/ps-fft-6/source/simulation_runner.py</path>
<type>file</type>
<content>
1: """Fail-closed Verilator simulation gate for PEWeaver manifests."""
2: 
3: from __future__ import annotations
4: 
5: import argparse
6: import json
7: import os
8: import shutil
9: import subprocess
10: import tempfile
11: import time
12: from dataclasses import asdict, dataclass
13: from pathlib import Path
14: from typing import Any, Sequence
15: 
16: try:
17:     from .equivalence_runner import DEFAULT_BENCHMARK_ROOT, Manifest, discover_manifests
18: except ImportError:  # direct script execution from examples/peweaver
19:     from equivalence_runner import DEFAULT_BENCHMARK_ROOT, Manifest, discover_manifests
20: 
21: 
22: @dataclass
23: class SimulationResult:
24:     name: str
25:     manifest: str
26:     expected_equivalent: bool
27:     status: str
28:     passed: bool
29:     duration_seconds: float
30:     verilator: str | None
31:     compile_command: list[str]
32:     run_command: list[str]
33:     log: str
34: 
35:     def json_dict(self) -> dict[str, Any]:
36:         return asdict(self)
37: 
38: 
39: def resolve_verilator() -> str | None:
40:     configured = os.environ.get("PEWEAVER_VERILATOR")
41:     if configured:
42:         return configured
43:     return shutil.which("verilator")
44: 
45: 
46: def simulation_spec(manifest: Manifest) -> tuple[Path, str]:
47:     data = json.loads(manifest.path.read_text(encoding="utf-8"))
48:     testbench = data.get("simulation_testbench")
49:     top = data.get("simulation_top")
50:     if not isinstance(testbench, str) or not testbench:
51:         raise ValueError("manifest must define simulation_testbench")
52:     if not isinstance(top, str) or not top:
53:         raise ValueError("manifest must define simulation_top")
54:     path = (manifest.path.parent / testbench).resolve()
55:     if not path.is_file():
56:         raise ValueError(f"missing simulation testbench: {path}")
57:     return path, top
58:
... [truncated]

[Tool Call: grep]
Args: {"pattern": "`ifdef|dlclkp|mu_a_|upper|if \\(mode\\)", "path": "/work/peweaver/runs/ps-fft-6/source/physical/rtl/peweaver_shared_fft.v", "include": "*.v"}

[Tool Result]
Found 11 matches
/work/peweaver/runs/ps-fft-6/source/physical/rtl/peweaver_shared_fft.v:
  Line 370:     wire [15:0] mu_a_re = mu_en ? bf2_do_re : 16'd0;

  Line 371:     wire [15:0] mu_a_im = mu_en ? bf2_do_im : 16'd0;

  Line 377:         .a_re (mu_a_re),

  Line 378:         .a_im (mu_a_im),

  Line 432:         if (mode) begin


/work/peweaver/runs/ps-fft-6/source/physical/rtl/dual/sdfunit128.v:
  Line 92: wire[WIDTH-1:0] mu_a_re;    //  Multiplier Input (Real)

  Line 93: wire[WIDTH-1:0] mu_a_im;    //  Multiplier Input (Imag)

  Line 247: assign  mu_a_re = mu_en ? bf2_do_re : {WIDTH{1'bx}};

  Line 248: assign  mu_a_im = mu_en ? bf2_do_im : {WIDTH{1'bx}};

  Line 251:     .a_re   (mu_a_re),  //  i

  Line 252:     .a_im   (mu_a_im),  //  i


[Tool Call: glob]
Args: {"pattern": "attempts/*/peweaver_shared_fft.v", "path": "/work/peweaver/runs/ps-fft-6"}

[Tool Result]
/work/peweaver/runs/ps-fft-6/attempts/turn_0002/peweaver_shared_fft.v

[Response]
## Atomic hypothesis

**Clock-gate only the mode-128-only upper halves of the six `SharedDelayBuffer` banks with characterized `sky130_fd_sc_hd__dlclkp` cells.**

Make no other optimization in this candidate—specifically, no operand isolation, tail-stage gating, arithmetic changes, counter changes, or reset changes.

### Why retry this hypothesis

The previous physical failure did not test this hypothesis correctly:

- It used `if (mode)` clock enables, which synthesized approximately 2,016 bits into enabled flops rather than removing their clock-tree activity.
- It also added multiplier operand-isolation muxes, violating the one-hypothesis rule.
- Those muxes touched the already-critical multiply datapath and plausibly caused the reported timing failure.
- The result reduced `p64` by only about 0.021 mW while increasing area from 286,970 to 311,415 and `p128` from 40.44 to 42.07 mW.

Thus the failure is evidence against enable-flop substitution and bundled operand isolation, not against real integrated clock gating.

## Exact scope

In `SharedDelayBuffer`:

1. Keep the first `DEPTH0` complex words on the original `clock`.
2. Put the remaining `DEPTH1-DEPTH0` words on one local `dlclkp` gated clock.
3. Drive the gate enable from the existing `mode` input, which is already `active_mode` at all six instances.
4. On each enabled edge, upper word zero must capture the **pre-edge** lower terminal word.
5. Preserve the existing output selection:
   - Mode 64: lower terminal word.
   - Mode 128: upper terminal word.
6. Preserve unreset delay storage.

Use separate nonblocking lower-bank and upper-bank sequential processes. Do not add a boundary register, since that would alter mode-128 latency.

This creates exactly six local clock gates and suppresses mode-64 clocks to:

| Bank extension | Clocked bits removed in mode 64 |
|---|---:|
| 32 complex words | 1,024 |
| 16 complex words | 512 |
| 8 complex words | 256 |
| 4 complex words | 128 |
| 2 complex words | 64 |
| 1 complex word | 32 |
| **Total** | **2,016** |

## Evidence basis

Clock-root power is 19.66 mW, or 49.1% of total mode-64 streaming power, with 19.23 mW attributed to internal power. By contrast, all three named FFT stages together account for under 1 mW. Removing clock edges from 2,016 storage bits therefore targets the dominant measured mechanism directly; operand isolation does not.

## Correctness argument

- **Mode 64:** The upper halves are neither selected nor able to feed the lower halves, so freezing them cannot affect values, valid timing, frame continuity, or the 71-cycle latency.
- **Mode 128:** `active_mode` is stable high before useful traffic under the reset-separated protocol. The characterized latch-based gates pass every functional edge, reproducing the original full-depth shifts and 137-cycle latency.
- **Transitions:** Stale upper data is harmless because mode changes are reset-separated and the incumbent already relies on valid-state flushing for its unreset delay arrays.

## Implementation and physical cautions

- Instantiate the actual characterized primitive with its `CLK`, `GATE`, and `GCLK` pins; never synthesize a behavioral `clock & mode`.
- Any RTL-only functional model must be excluded from synthesis without causing a duplicate definition during GLS.
- Confirm the mapped netlist contains exactly six `sky130_fd_sc_hd__dlclkp_*` instances and no enable-flop replacement for the upper banks.
- Check clock-gating setup/hold and the lower-terminal-to-upper-word-zero crossing after CTS.
- The data-critical multiplier paths must remain structurally identical to the incumbent.

Acceptance remains bit-exact RTL and mapped GLS, exact 71/137-cycle latency, TNS 0, DRC 0, qualifying area, and separate 64/128 power measurements.

--------------------------------------------------------------------------------

================================================================================
[2026-09-06 11:05:17] session ses_f899e94f2ffe1tINWI1vmEaytr
================================================================================

[User Message]
You are the power-optimization lead for the accepted shared FFT.
One ATOMIC hypothesis per candidate; complete replacement of the single candidate file; contract is immutable.
Incumbent measured objectives (lower is better): {"area": 286970.0, "p64": 39.81859, "p128": 40.44372, "e64": 39.0222182, "e128": 74.41644480000001}
Pareto archive (metrics only): [{"area": 286970.0, "p64": 39.81859, "p128": 40.44372, "e64": 39.0222182, "e128": 74.41644480000001}]
Previous turn feedback: gate 'functional' ...

[Thinking]
**Exploring candidate sources**

I need to inspect the candidate sources and check for any previous modifications. The user has asked for an analysis only, with no edits allowed. I’ll explore the relevant files carefully, possibly conducting a multi-step analysis to get a thorough understanding. Should I consider using an agent for this? There’s an open-ended code architecture to think about, so I definitely want to make sure I find the right candidate.

[Tool Call: todowrite]
Args: {"todos": [{"content": "Locate and inspect the shared FFT candidate RTL and relevant functional failure context", "status": "in_progress", "priority": "high"}, {"content": "Identify one atomic, contract-safe power optimization hypothesis", "status": "pending", "priority": "high"}, {"content": "Report analysis only, including failure avoidance and expected power mechanism", "status": "pending", "priority": "high"}]}

[Tool Result]
[
  {
    "content": "Locate and inspect the shared FFT candidate RTL and relevant functional failure context",
    "status": "in_progress",
    "priority": "high"
  },
  {
    "content": "Identify one atomic, contract-safe power optimization hypothesis",
    "status": "pending",
    "priority": "high"
  },
  {
    "content": "Report analysis only, including failure avoidance and expected power mechanism",
    "status": "pending",
    "priority": "high"
  }
]

[Tool Call: task]
Args: {"description": "Analyze FFT power candidate", "prompt": "Explore /work/peweaver/runs/ps-fft-6 to locate the single candidate RTL file implementing peweaver_shared_fft, understand its sequential state, 64/128 mode handling, and likely cause of the previous functional failure errors=3 burst_len=384. Do not edit anything. Develop exactly one atomic, contract-safe power optimization hypothesis focused on characterized dlclkp gating of mode-128-only state or another provably holding bank. Return precise signal/register names, relevant line references, gating enable reasoning across reset/input/compute/output/back-to-back frames, and major correctness risks. Thoroughness: very thorough.", "subagent_type": "explore", "task_id": "", "command": "analysis only"}

[Tool Result]
<task id="ses_f899e70c7ffenqBas2ai9yOJe7" state="completed">
<task_result>
## Candidate identification

The single authoritative candidate is:

- `/work/peweaver/runs/ps-fft-6/best/peweaver_shared_fft.v`

Evidence:

- `/work/peweaver/runs/ps-fft-6/artifacts/state.json:7-10` records SHA-256 `ce64c715...` as the best manifest for `peweaver_shared_fft.v`.
- The accepted baseline metrics are recorded at `/work/peweaver/runs/ps-fft-6/artifacts/state.json:11-18`.
- `/work/peweaver/runs/ps-fft-6/source/orchestration/power_save_fft_driver.py:39` confirms the candidate basename.
- `/work/peweaver/runs/ps-fft-6/source/physical/rtl/peweaver_shared_fft.v` is a staging copy currently containing a rejected functional regression, not the authoritative best.
- `/work/peweaver/runs/ps-fft-6/attempts/turn_0003/peweaver_shared_fft.v` and `/work/peweaver/runs/ps-fft-6/synth_work/cand_proxy.v` are attempt/proxy derivatives.

No files were edited.

## Incumbent architecture and sequential state

### Top-level mode ownership

At `/work/peweaver/runs/ps-fft-6/best/peweaver_shared_fft.v:19-37`:

- `mode_q` stores the selected transform mode.
- `mode_locked` becomes one on the first asserted `di_en`.
- Both reset asynchronously at lines 25-28.
- While unlocked, `mode_q` follows `mode`; on the first accepted input edge, it captures the mode and locks it.
- `active_mode = mode_locked ? mode_q : mode` at line 37.

`mode_locked` never clears at frame completion; only reset unlocks it. Consequently:

- Same-mode back-to-back frames remain in one static mode.
- A mode transition requires reset, matching the test protocol.
- Every `SharedSdfUnit.mode` input is driven by `active_mode` at lines 57, 81, and 105.

The physical wrapper adds asynchronous assertion/synchronous deassertion synchronization at:

- `/work/peweaver/runs/ps-fft-6/source/physical/rtl/peweaver_ppa_shared_fft.v:9-20`
- The synchronized `core_reset` reaches the candidate at lines 33-39.

### Three shared radix-2² stages

The stage 
... [truncated]

[Thinking]
**Analyzing answer options**

I think I need to focus on just the analysis and verify my hypotheses closely. It’s important to check candidate lines directly to ensure I’m not getting too reliant on assumptions. I’ll read key snippets from the relevant files and compile any concerns I have based on that. It seems like a careful verification process is essential here. Let’s make sure everything aligns properly!

[Tool Call: read]
Args: {"filePath": "/work/peweaver/runs/ps-fft-6/best/peweaver_shared_fft.v", "offset": 1, "limit": 150}

[Tool Result]
<path>/work/peweaver/runs/ps-fft-6/best/peweaver_shared_fft.v</path>
<type>file</type>
<content>
1: //----------------------------------------------------------------------
2: //  Peweaver Shared FFT: Mode-Select 64/128-Point FFT Core
3: //----------------------------------------------------------------------
4: module peweaver_shared_fft (
5:     input         clock,
6:     input         reset,
7:     input         mode,
8:     input         di_en,
9:     input  [15:0] di_re,
10:     input  [15:0] di_im,
11:     output        do_en,
12:     output [15:0] do_re,
13:     output [15:0] do_im
14: );
15: 
16:     // Compatibility parameter for wrapper elaboration
17:     parameter WIDTH = 16;
18: 
19:     // -------------------------------------------------------------------------
20:     // Mode Latching and State Ownership
21:     // -------------------------------------------------------------------------
22:     reg mode_q;
23:     reg mode_locked;
24: 
25:     always @(posedge clock or posedge reset) begin
26:         if (reset) begin
27:             mode_q      <= 1'b0;
28:             mode_locked <= 1'b0;
29:         end else if (!mode_locked) begin
30:             mode_q <= mode;
31:             if (di_en) begin
32:                 mode_locked <= 1'b1;
33:             end
34:         end
35:     end
36: 
37:     wire active_mode = mode_locked ? mode_q : mode;
38: 
39:     // -------------------------------------------------------------------------
40:     // Shared Radix-2^2 Pipeline Stages
41:     // -------------------------------------------------------------------------
42:     // Stage 0: Mode 0 (N=64, M=64), Mode 1 (N=128, M=128)
43:     wire        s0_do_en;
44:     wire [15:0] s0_do_re;
45:     wire [15:0] s0_do_im;
46: 
47:     SharedSdfUnit #(
48:         .STAGE_ID   (0),
49:         .LOG_M0     (6),
50:         .D1_DEPTH0  (32),
51:         .D1_DEPTH1  (64),
52:         .D2_DEPTH0  (16),
53:         .D2_DEPTH1  (32)
54:     ) SU0 (
55:         .clock 
... [truncated]

[Tool Call: read]
Args: {"filePath": "/work/peweaver/runs/ps-fft-6/best/peweaver_shared_fft.v", "offset": 400, "limit": 165}

[Tool Result]
<path>/work/peweaver/runs/ps-fft-6/best/peweaver_shared_fft.v</path>
<type>file</type>
<content>
400: endmodule
401: 
402: 
403: //----------------------------------------------------------------------
404: //  SharedDelayBuffer: Multi-Depth Shift Buffer with Tap Muxing
405: //----------------------------------------------------------------------
406: module SharedDelayBuffer #(
407:     parameter DEPTH0 = 32,
408:     parameter DEPTH1 = 64,
409:     parameter WIDTH  = 16
410: )(
411:     input               clock,
412:     input               mode,
413:     input   [WIDTH-1:0] di_re,
414:     input   [WIDTH-1:0] di_im,
415:     output  [WIDTH-1:0] do_re,
416:     output  [WIDTH-1:0] do_im
417: );
418: 
419:     localparam MAX_DEPTH = (DEPTH1 > DEPTH0) ? DEPTH1 : DEPTH0;
420:     reg [WIDTH-1:0] buf_re[0:MAX_DEPTH-1];
421:     reg [WIDTH-1:0] buf_im[0:MAX_DEPTH-1];
422:     integer n;
423: 
424:     always @(posedge clock) begin
425:         for (n = MAX_DEPTH-1; n > 0; n = n - 1) begin
426:             buf_re[n] <= buf_re[n-1];
427:             buf_im[n] <= buf_im[n-1];
428:         end
429:         buf_re[0] <= di_re;
430:         buf_im[0] <= di_im;
431:     end
432: 
433:     assign do_re = mode ? buf_re[DEPTH1-1] : buf_re[DEPTH0-1];
434:     assign do_im = mode ? buf_im[DEPTH1-1] : buf_im[DEPTH0-1];
435: 
436: endmodule
437: 
438: 
439: //----------------------------------------------------------------------
440: //  SdfUnit2: Radix-2 SDF Tail Unit for Twiddle Resolution M = 2
441: //----------------------------------------------------------------------
442: module SdfUnit2 #(
443:     parameter WIDTH = 16,
444:     parameter BF_RH = 0
445: )(
446:     input                   clock,
447:     input                   reset,
448:     input                   di_en,
449:     input       [WIDTH-1:0] di_re,
450:     input       [WIDTH-1:0] di_im,
451:     output  reg             do_en,
452:     output  reg [WIDTH-1:0] do_re,
453:     output  reg [WIDTH-1:0] do_im
454:
... [truncated]

[Tool Call: read]
Args: {"filePath": "/work/peweaver/runs/ps-fft-6/source/physical/rtl/peweaver_shared_fft.v", "offset": 400, "limit": 130}

[Tool Result]
<path>/work/peweaver/runs/ps-fft-6/source/physical/rtl/peweaver_shared_fft.v</path>
<type>file</type>
<content>
400:     assign do_en = (STAGE_ID == 2 && !mode) ? bf2_do_en : mu_do_en;
401:     assign do_re = (STAGE_ID == 2 && !mode) ? bf2_do_re : mu_do_re;
402:     assign do_im = (STAGE_ID == 2 && !mode) ? bf2_do_im : mu_do_im;
403: 
404: endmodule
405: 
406: 
407: //----------------------------------------------------------------------
408: //  SharedDelayBuffer: Multi-Depth Shift Buffer with Tap Muxing
409: //----------------------------------------------------------------------
410: module SharedDelayBuffer #(
411:     parameter DEPTH0 = 32,
412:     parameter DEPTH1 = 64,
413:     parameter WIDTH  = 16
414: )(
415:     input               clock,
416:     input               mode,
417:     input   [WIDTH-1:0] di_re,
418:     input   [WIDTH-1:0] di_im,
419:     output  [WIDTH-1:0] do_re,
420:     output  [WIDTH-1:0] do_im
421: );
422: 
423:     localparam MAX_DEPTH = (DEPTH1 > DEPTH0) ? DEPTH1 : DEPTH0;
424:     reg [WIDTH-1:0] buf_re[0:MAX_DEPTH-1];
425:     reg [WIDTH-1:0] buf_im[0:MAX_DEPTH-1];
426:     integer n;
427: 
428:     always @(posedge clock) begin
429:         for (n = MAX_DEPTH-1; n > 0; n = n - 1) begin
430:             buf_re[n] <= buf_re[n-1];
431:             buf_im[n] <= buf_im[n-1];
432:         end
433:         buf_re[0] <= di_re;
434:         buf_im[0] <= di_im;
435:     end
436: 
437:     assign do_re = mode ? buf_re[DEPTH1-1] : buf_re[DEPTH0-1];
438:     assign do_im = mode ? buf_im[DEPTH1-1] : buf_im[DEPTH0-1];
439: 
440: endmodule
441: 
442: 
443: //----------------------------------------------------------------------
444: //  SdfUnit2: Radix-2 SDF Tail Unit for Twiddle Resolution M = 2
445: //----------------------------------------------------------------------
446: module SdfUnit2 #(
447:     parameter WIDTH = 16,
448:     parameter BF_RH = 0
449: )(
450:     input                   clock,
451:     input                   reset,
452
... [truncated]

[Tool Call: read]
Args: {"filePath": "/work/peweaver/runs/ps-fft-6/source/orchestration/shared_fft_regression.py", "offset": 45, "limit": 35}

[Tool Result]
<path>/work/peweaver/runs/ps-fft-6/source/orchestration/shared_fft_regression.py</path>
<type>file</type>
<content>
45:     }
46:     if not verilator:
47:         result["log_tail"] = "verilator not found (set PEWEAVER_VERILATOR)"
48:         print(json.dumps(result, sort_keys=True) if args.json else result["log_tail"])
49:         return 2
50:     for path in (candidate, wrapper, testbench, fixture):
51:         if not path.exists():
52:             result["log_tail"] = f"required path missing: {path}"
53:             print(json.dumps(result, sort_keys=True) if args.json else result["log_tail"])
54:             return 2
55: 
56:     try:
57:         with tempfile.TemporaryDirectory(prefix="peweaver-shared-") as tmp:
58:             build = Path(tmp) / "obj"
59:             compile_cmd = [
60:                 verilator, "--binary", "--timing", "--x-assign", "0",
61:                 "--x-initial", "0", "-Wno-fatal",
62:                 "--top-module", "peweaver_shared_activity_tb",
63:                 "--Mdir", str(build), str(wrapper), str(candidate), str(testbench),
64:             ]
65:             compiled = subprocess.run(
66:                 compile_cmd, cwd=physical, capture_output=True, text=True,
67:                 timeout=args.timeout, check=False)
68:             result["compile_returncode"] = compiled.returncode
69:             compile_log = (compiled.stdout or "") + (compiled.stderr or "")
70:             if compiled.returncode != 0:
71:                 result["status"] = "compile_failed"
72:                 result["log_tail"] = compile_log[-12000:]
73:             else:
74:                 binary = build / "Vpeweaver_shared_activity_tb"
75:                 executed = subprocess.run(
76:                     [str(binary)], cwd=fixture, capture_output=True, text=True,
77:                     timeout=args.timeout, check=False)
78:                 result["run_returncode"] = executed.returncode
79:                 run_log = (executed.stdout or "") + (execut
... [truncated]

[Thinking]
**Analyzing implementation guidance**

I need to formulate an analysis for the user's request about candidate guidance. It's important to mention the complete replacement without edits and focus on one hypothesis. I'll touch on the previous failure cause and the need to analyze implementations carefully, especially around the synchronous reset contract versus the incumbent's async sensitivity. I want to preserve the byte-exact reset logic to avoid unrelated differences. I also need to consider dual abstraction under `ifdef SYNTHESIS`. Let's clarify if this approach is correct.**Identifying synthesis primitives**

I need to clarify that the contract states that clock gating is meant only for characterized cells and not combinational ones. In synthesis, I have to use primitives, so I should identify the exact name of the primitive. The agent suggests it might be _1, which I need to verify. I'll also look into existing primitive usage and synthesis definitions under this SYNTHESIS directive to ensure everything aligns properly. This will be essential for accuracy.

[Tool Call: grep]
Args: {"pattern": "dlclkp", "path": "/work/peweaver/runs/ps-fft-6", "include": "*.{v,sv,ys,tcl,json}"}

[Tool Result]
Found 2 matches
/work/peweaver/runs/ps-fft-6/artifacts/attribution_summary.json:
  Line 48:   "note": "clock_root is complete (bucketed by clock-cell class, no net mapping needed); stage-vs-glue split covers only the 57% of instances whose driven nets kept public names. Evidence-backed hypothesis order for PowerSave: (1) dlclkp-gate the mode-128 tail stage and mode-128-only delay-bank segments (cuts clock-tree load and internal power together); (2) gate other provably holding banks in mode 64; (3) operand isolation (stage logic is small per attribution)."


/work/peweaver/runs/ps-fft-6/artifacts/state.json:
  Line 35:  "advice": "## Atomic hypothesis\n\n**Clock-gate only the mode-128-only upper halves of the six `SharedDelayBuffer` banks with characterized `sky130_fd_sc_hd__dlclkp` cells.**\n\nMake no other optimization in this candidate\u2014specifically, no operand isolation, tail-stage gating, arithmetic changes, counter changes, or reset changes.\n\n### Why retry this hypothesis\n\nThe previous physical failure did not test this hypothesis correctly:\n\n- It used `if (mode)` clock enables, which synthesized approximately 2,016 bits into enabled flops rather than removing their clock-tree activity.\n- It also added multiplier operand-isolation muxes, violating the one-hypothesis rule.\n- Those muxes touched the already-critical multiply datapath and plausibly caused the reported timing failure.\n- The result reduced `p64` by only about 0.021 mW while increasing area from 286,970 to 311,415 and `p128` from 40.44 to 42.07 mW.\n\nThus the failure is evidence against enable-flop substitution and bundled operand isolation, not against real integrated clock gating.\n\n## Exact scope\n\nIn `SharedDelayBuffer`:\n\n1. Keep the first `DEPTH0` complex words on the original `clock`.\n2. Put the remaining `DEPTH1-DEPTH0` words on one local `dlclkp` gated clock.\n3. Drive the gate enable from the existing `mode` input, which is already `active_mode` at all six instances.\n4. O
... [truncated]

[Tool Call: grep]
Args: {"pattern": "SYNTHESIS|read_verilog", "path": "/work/peweaver/runs/ps-fft-6/source/physical", "include": "*.{ys,tcl,v,sv}"}

[Tool Result]
Found 13 matches
/work/peweaver/runs/ps-fft-6/source/physical/results_attr/work/shared_synth_run.ys:
  Line 2: read_verilog -sv \


/work/peweaver/runs/ps-fft-6/source/physical/synth/fft128_synth.ys:
  Line 8: read_verilog -sv \


/work/peweaver/runs/ps-fft-6/source/physical/synth/fft64_synth.ys:
  Line 8: read_verilog -sv \


/work/peweaver/runs/ps-fft-6/source/physical/synth/dual_synth.ys:
  Line 13: read_verilog -sv \


/work/peweaver/runs/ps-fft-6/source/physical/synth/shared_synth.ys:
  Line 2: read_verilog -sv \


/work/peweaver/runs/ps-fft-6/source/physical/synth/shared_attr_synth.ys:
  Line 5: read_verilog -sv \


/work/peweaver/runs/ps-fft-6/source/physical/results_attr/logs/shared_synth_run.ys:
  Line 2: read_verilog -sv \


/work/peweaver/runs/ps-fft-6/source/physical/results_repeat/work/dual_synth_run.ys:
  Line 13: read_verilog -sv \


/work/peweaver/runs/ps-fft-6/source/physical/openroad/dual_d050_frontend.tcl:
  Line 10: read_verilog $::env(NETLIST)


/work/peweaver/runs/ps-fft-6/source/physical/openroad/fft64_frontend.tcl:
  Line 10: read_verilog $::env(NETLIST)


/work/peweaver/runs/ps-fft-6/source/physical/results/logs/shared_synth_run.ys:
  Line 2: read_verilog -sv \


/work/peweaver/runs/ps-fft-6/source/physical/results/work/shared_synth_run.ys:
  Line 2: read_verilog -sv \


/work/peweaver/runs/ps-fft-6/source/physical/results_repeat/logs/dual_synth_run.ys:
  Line 13: read_verilog -sv \


[Tool Call: read]
Args: {"filePath": "/work/peweaver/runs/ps-fft-6/attempts/turn_0001/peweaver_shared_fft.v", "offset": 400, "limit": 55}

[Tool Call: read]
Args: {"filePath": "/work/peweaver/runs/ps-fft-6/source/physical/synth/shared_synth.ys", "offset": 1, "limit": 50}

[Tool Result]
<path>/work/peweaver/runs/ps-fft-6/source/physical/synth/shared_synth.ys</path>
<type>file</type>
<content>
1: # PEWeaver Shared FFT candidate synthesis (Yosys) — sky130_fd_sc_hd tt_025C_1v80
2: read_verilog -sv \
3:     rtl/peweaver_ppa_shared_fft.v \
4:     rtl/peweaver_shared_fft.v
5: 
6: hierarchy -check -top peweaver_ppa_shared_fft
7: synth -top peweaver_ppa_shared_fft -flatten
8: read_liberty -lib -ignore_miss_func @LIB_TT@
9: dffunmap
10: dfflibmap -liberty @LIB_TT@
11: techmap -map synth/sky130_simple_map.v
12: setundef -zero
13: splitnets
14: opt_clean -purge
15: check
16: stat -liberty @LIB_TT@
17: write_verilog -noattr -noexpr -nodec results/netlists/shared_ppa_synth.v

(End of file - total 17 lines)
</content>

[Tool Call: read]
Args: {"filePath": "/work/peweaver/runs/ps-fft-6/source/physical/results_attr/work/lib_shared_tt_synth.lib", "offset": 57211, "limit": 150}

[Tool Call: read]
Args: {"filePath": "/work/peweaver/runs/ps-fft-6/attempts", "offset": 1, "limit": 100}

[Tool Result]
<path>/work/peweaver/runs/ps-fft-6/attempts</path>
<type>directory</type>
<entries>
turn_0003/

(1 entries)
</entries>

[Tool Call: todowrite]
Args: {"todos": [{"content": "Locate and inspect the shared FFT candidate RTL and relevant functional failure context", "status": "completed", "priority": "high"}, {"content": "Identify one atomic, contract-safe power optimization hypothesis", "status": "completed", "priority": "high"}, {"content": "Report analysis only, including failure avoidance and expected power mechanism", "status": "completed", "priority": "high"}]}

[Tool Result]
[
  {
    "content": "Locate and inspect the shared FFT candidate RTL and relevant functional failure context",
    "status": "completed",
    "priority": "high"
  },
  {
    "content": "Identify one atomic, contract-safe power optimization hypothesis",
    "status": "completed",
    "priority": "high"
  },
  {
    "content": "Report analysis only, including failure avoidance and expected power mechanism",
    "status": "completed",
    "priority": "high"
  }
]

[Response]
## Atomic hypothesis

**Clock-gate only the mode-128-only upper extensions of the six `SharedDelayBuffer` banks using six characterized `sky130_fd_sc_hd__dlclkp_1` cells.**

Do not combine this with tail-stage gating, operand isolation, reset changes, arithmetic changes, or valid-based gating.

### Exact scope

The six shared buffers have depths:

| Buffer | 64-mode depth | 128-mode depth | Mode-128-only state |
|---|---:|---:|---:|
| `SU0.DB1` | 32 | 64 | 1,024 bits |
| `SU0.DB2` | 16 | 32 | 512 bits |
| `SU1.DB1` | 8 | 16 | 256 bits |
| `SU1.DB2` | 4 | 8 | 128 bits |
| `SU2.DB1` | 2 | 4 | 64 bits |
| `SU2.DB2` | 1 | 2 | 32 bits |
| **Total** | | | **2,016 bits** |

In `SharedDelayBuffer` at `best/peweaver_shared_fft.v:406-436`:

- Keep indices `0 .. DEPTH0-1` on the original clock.
- Put indices `DEPTH0 .. DEPTH1-1` on one local gated clock.
- Drive each gate’s `GATE` from the existing buffer `mode` input.
- Preserve the two taps exactly:
  - mode 64: lower-bank terminal
  - mode 128: upper-bank terminal
- Preserve unreset delay storage.
- Do not add a boundary register.

The upper bank must capture the **pre-edge** lower terminal value using nonblocking semantics. Otherwise, mode-128 data shifts by a cycle and violates the 137-cycle latency.

## Correctness basis

All six buffer `mode` inputs originate from top-level `active_mode` (`best/peweaver_shared_fft.v:37,57,81,105`). Once the first input is accepted, `active_mode` remains locked until reset.

- **Mode 64:** the upper extensions are neither selected nor connected back into the active lower portions. Holding them cannot affect arithmetic, feedback, valid timing, or the 71-cycle latency.
- **Mode 128:** the gates remain continuously enabled through input, pipeline fill, output drain, and same-mode back-to-back frames. The split bank is cycle-equivalent to the incumbent full-depth shift register.
- **Mode transitions:** reset-separated mode changes allow the integrated latch gate to acquire the new static enable before useful traffic.

Do not gate these banks from `di_en` or local valid signals. SDF state must continue shifting during fill and drain.

## Why the previous functional failure is unrelated

The rejected staging file contains a concrete tail arithmetic typo:

```verilog
assign bf_sp_im = bf_en ? y0_im : db_do_re;
```

at `source/physical/rtl/peweaver_shared_fft.v:512`. The accepted incumbent correctly selects `db_do_im` at `best/peweaver_shared_fft.v:508`.

Because this tail is selected only in mode 128, that typo explains a completed 384-output burst with three value errors. The rejected file also changed reset process sensitivities. A replacement must retain the accepted file’s arithmetic and reset code verbatim outside the buffer split.

## Expected power effect

This directly targets the dominant measured component: clock-root power is approximately 49.1% of total. During mode 64, clock edges are removed from 2,016 storage bits and their local clock subtrees. Unlike an RTL `if (mode)` enable, a real `dlclkp` can reduce clock-pin and clock-tree internal power.

Mode-128 power may rise slightly from six gate cells and CTS overhead, so acceptance depends on the measured aggregate objective rather than only `p64`.

## Implementation-flow caution

The Verilator regression compiles only the wrapper, candidate, and testbench, while synthesis performs hierarchy checking before reading Liberty. Therefore the complete candidate needs:

- a synthesis-visible black-box declaration for the exact characterized primitive;
- real `dlclkp` instances in the synthesized branch;
- a Verilator-only clock-enable model for the upper-bank updates, not a generated `clock & mode` expression.

The mapped netlist must contain exactly six characterized clock gates and no combinationally generated clocks.

## Required checks

1. Bit-exact single and three-frame bursts in both modes.
2. Exact 71/137-cycle first-valid latency and contiguous 192/384-output bursts.
3. Reset-separated `64→128`, `128→64`, and `128→64→128`.
4. Structural confirmation of six `sky130_fd_sc_hd__dlclkp_1` instances.
5. Mapped GLS with the PDK gate model.
6. Setup, hold, and clock-gating checks, especially each lower-to-upper boundary.
7. TNS 0, DRC 0, and area below 339,908 µm².

No files were edited.

--------------------------------------------------------------------------------

================================================================================
[2026-09-06 11:11:15] session ses_f89986d21ffeNayiEMxe2h6Zmc
================================================================================

[User Message]
You are the power-optimization lead for the accepted shared FFT.
One ATOMIC hypothesis per candidate; complete replacement of the single candidate file; contract is immutable.
Incumbent measured objectives (lower is better): {"area": 286970.0, "p64": 39.81859, "p128": 40.44372, "e64": 39.0222182, "e128": 74.41644480000001}
Pareto archive (metrics only): [{"area": 286970.0, "p64": 39.81859, "p128": 40.44372, "e64": 39.0222182, "e128": 74.41644480000001}]
Previous turn feedback: gate 'functional' ...

[Thinking]
**Analyzing candidate inspection**

I see I need to inspect the candidate closely. The user mentioned no edits, which means I need to stick to what’s already been established. I should analyze any prior failures to propose a single clear hypothesis. Exploring the repository is definitely a good step, and it seems necessary to keep the discussion open-ended for further ideas. It feels like I’m piecing together a puzzle that needs careful consideration!

[Tool Call: task]
Args: {"description": "Analyze FFT candidate failure", "prompt": "Very thoroughly explore /work/peweaver/runs/ps-fft-6 to identify the single candidate RTL file, understand the incumbent implementation, inspect functional testbench around failure line 247 and any logs/results from the previous candidate, and determine the most defensible ONE atomic power-optimization hypothesis consistent with the immutable contract. Do not edit any files. Return: relevant file paths, implementation architecture/state banks and clock enables, likely cause of errors=3 burst_len=384, exact safe RTL conceptual change, risks and verification needs. Research only.", "subagent_type": "explore", "task_id": "", "command": "analyze accepted shared FFT power optimization; no edits"}

[Tool Result]
<task id="ses_f89985849ffel3hZ4PMRW1zUUa" state="completed">
<task_result>
## Conclusion

The single optimization target is:

- **Accepted incumbent / authoritative candidate RTL:**  
  `/work/peweaver/runs/ps-fft-6/best/peweaver_shared_fft.v`

The most defensible **one atomic hypothesis** is:

> **Clock-gate only the mode-128-only upper extensions of the six `SharedDelayBuffer` instances, using exactly one characterized `sky130_fd_sc_hd__dlclkp_1` per buffer, enabled by the already mode-locked `mode` input.**

No arithmetic, reset, counter, twiddle, tail-stage, operand-isolation, latency, or interface changes should accompany it.

---

## Relevant files

### Authoritative RTL and staging copies

- `/work/peweaver/runs/ps-fft-6/best/peweaver_shared_fft.v`  
  Accepted incumbent, hash `ce64c715…`; this is the file from which a replacement candidate should be derived.

- `/work/peweaver/runs/ps-fft-6/attempts/turn_0004/peweaver_shared_fft.v`  
  Present attempt copy; effectively the incumbent rather than a completed optimization.

- `/work/peweaver/runs/ps-fft-6/source/physical/rtl/peweaver_shared_fft.v`  
  Rejected/staging copy associated with the last functional failure. It is **not** a safe source for the next rewrite.

- `/work/peweaver/runs/ps-fft-6/synth_work/cand_proxy.v`  
  Earlier candidate that used RTL enable-flops and operand isolation. It passed the cheap functional gate but failed physical timing.

- `/work/peweaver/runs/ps-fft-6/source/physical/rtl/peweaver_ppa_shared_fft.v`  
  Immutable physical wrapper, including the asynchronous-assert/synchronous-release reset synchronizer.

### Contract and judge

- `/work/peweaver/runs/ps-fft-6/source/orchestration/power_save_fft_driver.py`  
  Immutable contract at lines 48–75. It requires exact 71/137-cycle latency, bit-exact arithmetic, continuous valid bursts, mapped GLS, TNS 0, DRC 0, and area no greater than 80% of 424,885 µm², i.e. 339,908 µm².

- `/work/peweaver/runs/ps-fft-6/source/orchestration/shared
... [truncated]

[Thinking]
**Evaluating metrics and objectives**

I should avoid making exact claims about log aggregates when they're absent and focus on highlighting only the best base metrics. There were broad, unrelated changes to consider. The expected metrics show that mode 64 is set to improve while mode 128 may experience slight deterioration. In terms of multiple objectives, the Pareto approach allows for trade-offs, but it seems we have a hard floor area to work with. Gating could add 6 cells and routes, potentially saving clock buffers in mode 64 dynamically, yet not affecting area significantly.

[Response]
## Failure diagnosis

The reported line:

`shared_activity_tb.sv:247: Verilog $finish`

is only the testbench termination point. `burst_len=384` confirms the final three-frame mode-128 burst produced the expected number of valid outputs, so the failure was primarily numerical rather than latency or valid-window corruption.

The rejected staging RTL contains a likely mode-128 data bug:

```verilog
assign bf_sp_im = bf_en ? y0_im : db_do_re;
```

The accepted incumbent correctly uses:

```verilog
assign bf_sp_im = bf_en ? y0_im : db_do_im;
```

Because this is in the 128-point tail, it explains correct burst length with mode-128 value mismatches. The exact three error events cannot be reconstructed from the aggregate log, and that rejected file also contains unrelated reset and twiddle changes. Therefore, any future candidate must be based only on:

`/work/peweaver/runs/ps-fft-6/best/peweaver_shared_fft.v`

—not the failed physical staging copy.

## One atomic hypothesis

> **Clock-gate only the mode-128-only upper extensions of the six shared delay buffers in mode 64, using one characterized `sky130_fd_sc_hd__dlclkp` cell per buffer.**

Do not combine this with tail gating, operand isolation, arithmetic changes, counter changes, or reset cleanup.

### Targeted state

Each shared delay has `DEPTH1 = 2 × DEPTH0`. Mode 64 reads only the lower half; the upper half cannot feed backward into it.

| Buffer | 128-only words | Clocked bits |
|---|---:|---:|
| `SU0.DB1` | 32 complex | 1,024 |
| `SU0.DB2` | 16 complex | 512 |
| `SU1.DB1` | 8 complex | 256 |
| `SU1.DB2` | 4 complex | 128 |
| `SU2.DB1` | 2 complex | 64 |
| `SU2.DB2` | 1 complex | 32 |
| **Total** | **63 complex** | **2,016** |

This directly attacks the dominant measured component: clock-root power is approximately 49.1% of total, while named stage arithmetic is comparatively small.

## Required semantics

For each delay buffer:

- Keep indices `0 .. DEPTH0-1` on the original clock.
- Clock indices `DEPTH0 .. DEPTH1-1` from a characterized latch-based clock gate.
- Enable the gate with the already transaction-stable active mode.
- Preserve the existing output taps exactly.
- In mode 128, the first upper element must capture the **pre-edge** value of the last lower element.
- Leave delay-array reset behavior unchanged.

Separate nonblocking lower- and upper-bank processes preserve the required pre-edge boundary transfer. Adding a boundary register would create an off-by-one delay and violate the 137-cycle contract.

The gate must not depend on `di_en`, pipeline valid, busy, or `do_en`: SDF storage must continue moving during fill and drain.

## Why this should be safe

- **Mode 64:** The frozen upper state is neither selected nor fed back into the active lower half.
- **Mode 128:** The gate remains enabled continuously, reproducing the original full-depth shift.
- **Mode changes:** They are reset-separated, and the characterized latch-based gate handles a static mode enable without combinationally generating a clock.
- **Arithmetic and latency:** Neither is modified.

A Verilator-compatible behavioral path may be needed because the RTL judge likely lacks the PDK cell model, but the synthesis path must instantiate the real characterized cell. Post-synthesis inspection must prove that the 2,016 bits are genuinely behind six ICGs—not converted into D-input-enabled flops.

## Main risks to check

1. Exactly six `sky130_fd_sc_hd__dlclkp` instances survive synthesis.
2. No AND, mux, or ternary logic drives a clock.
3. The lower-to-upper boundary remains cycle-exact.
4. Generated-clock CTS/STA recognizes the gated domains.
5. Clock-gating setup/hold and ordinary setup/hold both pass.
6. Mode-128 power overhead from six gates does not outweigh the mode-64 improvement.
7. Mapped GLS includes the correct PDK gate model.

This hypothesis is preferable to the prior DFFE/operand-isolation attempt: that candidate barely improved mode-64 power, increased mode-128 power and area, and failed timing. Genuine ICG insertion targets clock-pin and local clock-tree activity rather than merely suppressing D transitions.

No files were edited.

--------------------------------------------------------------------------------

================================================================================
[2026-09-06 11:28:51] session ses_f898641fcffej2cwDgp20e6BUP
================================================================================

[User Message]
You are the power-optimization lead for the accepted shared FFT.
One ATOMIC hypothesis per candidate; complete replacement of the single candidate file; contract is immutable.
Incumbent measured objectives (lower is better): {"area": 282963.0, "p64": 39.9311, "p128": 40.4448, "e64": 39.132478, "e128": 74.418432}
Pareto archive (metrics only): [{"area": 286970.0, "p64": 39.81859, "p128": 40.44372, "e64": 39.0222182, "e128": 74.41644480000001}, {"area": 282963.0, "p64": 39.9311, "p128": 40.4448, "...

[Thinking]
**Inspecting candidate file**

I need to take a closer look at the candidate file. The user has mentioned that there shouldn’t be any edits or analysis, so I’ll focus on understanding its contents thoroughly instead. Exploring it carefully will help me ascertain any necessary details while respecting the user's request for no modifications. I'm curious to see what insights I can find without making changes!

[Tool Call: glob]
Args: {"pattern": "**/*candidate*", "path": "/work/peweaver/runs/ps-fft-6"}

[Tool Result]
No files found

[Tool Call: glob]
Args: {"pattern": "**/*.{v,sv,vh}", "path": "/work/peweaver/runs/ps-fft-6"}

[Tool Result]
/work/peweaver/runs/ps-fft-6/synth_work/cand_proxy.v
/work/peweaver/runs/ps-fft-6/attempts/turn_0004/peweaver_shared_fft.v
/work/peweaver/runs/ps-fft-6/attempts/turn_0005/peweaver_shared_fft.v
/work/peweaver/runs/ps-fft-6/best/peweaver_shared_fft.v
/work/peweaver/runs/ps-fft-6/source/third_party/r22sdf/SdfUnit.v
/work/peweaver/runs/ps-fft-6/source/third_party/r22sdf/Twiddle128.v
/work/peweaver/runs/ps-fft-6/source/third_party/r22sdf/FFT64.v
/work/peweaver/runs/ps-fft-6/source/third_party/r22sdf/Multiply.v
/work/peweaver/runs/ps-fft-6/source/benchmarks/equivalent_mode_exclusive_mac/case.sv
/work/peweaver/runs/ps-fft-6/source/third_party/r22sdf/Butterfly.v
/work/peweaver/runs/ps-fft-6/source/third_party/r22sdf/Twiddle64.v
/work/peweaver/runs/ps-fft-6/source/third_party/r22sdf/SdfUnit2.v
/work/peweaver/runs/ps-fft-6/source/physical/synth/sky130_simple_map.v
/work/peweaver/runs/ps-fft-6/source/third_party/r22sdf/DelayBuffer.v
/work/peweaver/runs/ps-fft-6/source/third_party/r22sdf/FFT128.v
/work/peweaver/runs/ps-fft-6/source/benchmarks/equivalent_mode_exclusive_mac/sim_tb.sv
/work/peweaver/runs/ps-fft-6/source/benchmarks/halo_fft128_reference/peweaver_halo_fft128_reference.v
/work/peweaver/runs/ps-fft-6/source/physical/activity/fft64_activity_tb.sv
/work/peweaver/runs/ps-fft-6/source/physical/activity/shared_activity_tb.sv
/work/peweaver/runs/ps-fft-6/source/physical/activity/dual_activity_tb.sv
/work/peweaver/runs/ps-fft-6/source/physical/activity/fft128_activity_tb.sv
/work/peweaver/runs/ps-fft-6/source/physical/activity/hidden_holdout_tb.sv
/work/peweaver/runs/ps-fft-6/source/benchmarks/halo_fft128_reference/fft128_directed_tb.sv
/work/peweaver/runs/ps-fft-6/source/benchmarks/halo_fft64_reference/peweaver_halo_fft64_reference.v
/work/peweaver/runs/ps-fft-6/source/benchmarks/halo_fft64_reference/fft64_directed_tb.sv
/work/peweaver/runs/ps-fft-6/source/physical/rtl/peweaver_ppa_dual_fft.v
/work/peweaver/runs/ps-fft-6/source/physical/results_attr/netlists/shared_ppa_synt
... [truncated]

[Tool Call: glob]
Args: {"pattern": "**/*", "path": "/work/peweaver/runs/ps-fft-6"}

[Tool Result]
/work/peweaver/runs/ps-fft-6/artifacts/implement_turn2.txt
/work/peweaver/runs/ps-fft-6/artifacts/check_turn2.json
/work/peweaver/runs/ps-fft-6/artifacts/chia-implement-gemini_20260906_102204.log
/work/peweaver/runs/ps-fft-6/artifacts/config_fingerprint.json
/work/peweaver/runs/ps-fft-6/artifacts/attribution_summary.json
/work/peweaver/runs/ps-fft-6/artifacts/pareto.json
/work/peweaver/runs/ps-fft-6/artifacts/implement_turn1.txt
/work/peweaver/runs/ps-fft-6/artifacts/advice_turn2.md
/work/peweaver/runs/ps-fft-6/artifacts/worker_kill_turn1.json
/work/peweaver/runs/ps-fft-6/artifacts/physical_turn4.json
/work/peweaver/runs/ps-fft-6/artifacts/advice_turn4.md
/work/peweaver/runs/ps-fft-6/artifacts/worker_kill_turn4.json
/work/peweaver/runs/ps-fft-6/artifacts/state.json
/work/peweaver/runs/ps-fft-6/artifacts/advice_turn3.md
/work/peweaver/runs/ps-fft-6/artifacts/chia-advise_20260906_102204.log
/work/peweaver/runs/ps-fft-6/artifacts/physical_turn1.json
/work/peweaver/runs/ps-fft-6/artifacts/area_proxy_full.log
/work/peweaver/runs/ps-fft-6/artifacts/check_turn4.json
/work/peweaver/runs/ps-fft-6/artifacts/check_turn1.json
/work/peweaver/runs/ps-fft-6/artifacts/implement_turn4.txt
/work/peweaver/runs/ps-fft-6/artifacts/advice_turn1.md
/work/peweaver/runs/ps-fft-6/lock
/work/peweaver/runs/ps-fft-6/best/peweaver_shared_fft.v
/work/peweaver/runs/ps-fft-6/attempts/turn_0004/peweaver_shared_fft.v
/work/peweaver/runs/ps-fft-6/attempts/turn_0005/peweaver_shared_fft.v
/work/peweaver/runs/ps-fft-6/source/bootstrap-linux.sh
/work/peweaver/runs/ps-fft-6/source/PHYSICAL_PPA_PLAN.md
/work/peweaver/runs/ps-fft-6/source/__init__.py
/work/peweaver/runs/ps-fft-6/source/fft128_regression.py
/work/peweaver/runs/ps-fft-6/source/test_fft128_oracle.py
/work/peweaver/runs/ps-fft-6/source/fft128_oracle.py
/work/peweaver/runs/ps-fft-6/synth_work/cand_proxy.v
/work/peweaver/runs/ps-fft-6/source/test_fft64_oracle.py
/work/peweaver/runs/ps-fft-6/source/physical/reproducibility.py
/work/peweaver/runs/ps
... [truncated]

[Thinking]
**Evaluating candidates for improvement**

I need to determine which candidate is likely the best based on previous attempts. I should read through the details from the most successful turn, specifically turn 5 and turn 4, and look at any advice or artifacts from those turns to implement effectively. It’s crucial to gather all relevant information to make the best decision moving forward. Getting this right is essential, and I'm focused on it!

[Tool Call: read]
Args: {"filePath": "/work/peweaver/runs/ps-fft-6/best/peweaver_shared_fft.v", "offset": 1, "limit": 2400}

[Tool Result]
<path>/work/peweaver/runs/ps-fft-6/best/peweaver_shared_fft.v</path>
<type>file</type>
<content>
1: //----------------------------------------------------------------------
2: //  Peweaver Shared FFT: Mode-Select 64/128-Point FFT Core
3: //----------------------------------------------------------------------
4: module peweaver_shared_fft (
5:     input         clock,
6:     input         reset,
7:     input         mode,
8:     input         di_en,
9:     input  [15:0] di_re,
10:     input  [15:0] di_im,
11:     output        do_en,
12:     output [15:0] do_re,
13:     output [15:0] do_im
14: );
15: 
16:     // Compatibility parameter for wrapper elaboration
17:     parameter WIDTH = 16;
18: 
19:     // -------------------------------------------------------------------------
20:     // Mode Latching and State Ownership
21:     // -------------------------------------------------------------------------
22:     reg mode_q;
23:     reg mode_locked;
24: 
25:     always @(posedge clock or posedge reset) begin
26:         if (reset) begin
27:             mode_q      <= 1'b0;
28:             mode_locked <= 1'b0;
29:         end else if (!mode_locked) begin
30:             mode_q <= mode;
31:             if (di_en) begin
32:                 mode_locked <= 1'b1;
33:             end
34:         end
35:     end
36: 
37:     wire active_mode = mode_locked ? mode_q : mode;
38: 
39:     // -------------------------------------------------------------------------
40:     // Shared Radix-2^2 Pipeline Stages
41:     // -------------------------------------------------------------------------
42:     // Stage 0: Mode 0 (N=64, M=64), Mode 1 (N=128, M=128)
43:     wire        s0_do_en;
44:     wire [15:0] s0_do_re;
45:     wire [15:0] s0_do_im;
46: 
47:     SharedSdfUnit #(
48:         .STAGE_ID   (0),
49:         .LOG_M0     (6),
50:         .D1_DEPTH0  (32),
51:         .D1_DEPTH1  (64),
52:         .D2_DEPTH0  (16),
53:         .D2_DEPTH1  (32)
54:     ) SU0 (
55:         .clock 
... [truncated]

[Tool Call: read]
Args: {"filePath": "/work/peweaver/runs/ps-fft-6/attempts/turn_0005/peweaver_shared_fft.v", "offset": 1, "limit": 2400}

[Tool Result]
<path>/work/peweaver/runs/ps-fft-6/attempts/turn_0005/peweaver_shared_fft.v</path>
<type>file</type>
<content>
1: //----------------------------------------------------------------------
2: //  Peweaver Shared FFT: Mode-Select 64/128-Point FFT Core
3: //----------------------------------------------------------------------
4: module peweaver_shared_fft (
5:     input         clock,
6:     input         reset,
7:     input         mode,
8:     input         di_en,
9:     input  [15:0] di_re,
10:     input  [15:0] di_im,
11:     output        do_en,
12:     output [15:0] do_re,
13:     output [15:0] do_im
14: );
15: 
16:     // Compatibility parameter for wrapper elaboration
17:     parameter WIDTH = 16;
18: 
19:     // -------------------------------------------------------------------------
20:     // Mode Latching and State Ownership
21:     // -------------------------------------------------------------------------
22:     reg mode_q;
23:     reg mode_locked;
24: 
25:     always @(posedge clock or posedge reset) begin
26:         if (reset) begin
27:             mode_q      <= 1'b0;
28:             mode_locked <= 1'b0;
29:         end else if (!mode_locked) begin
30:             mode_q <= mode;
31:             if (di_en) begin
32:                 mode_locked <= 1'b1;
33:             end
34:         end
35:     end
36: 
37:     wire active_mode = mode_locked ? mode_q : mode;
38: 
39:     // -------------------------------------------------------------------------
40:     // Shared Radix-2^2 Pipeline Stages
41:     // -------------------------------------------------------------------------
42:     // Stage 0: Mode 0 (N=64, M=64), Mode 1 (N=128, M=128)
43:     wire        s0_do_en;
44:     wire [15:0] s0_do_re;
45:     wire [15:0] s0_do_im;
46: 
47:     SharedSdfUnit #(
48:         .STAGE_ID   (0),
49:         .LOG_M0     (6),
50:         .D1_DEPTH0  (32),
51:         .D1_DEPTH1  (64),
52:         .D2_DEPTH0  (16),
53:         .D2_DEPTH1  (32)
54:     ) SU0 (
55:  
... [truncated]

[Tool Call: read]
Args: {"filePath": "/work/peweaver/runs/ps-fft-6/attempts/turn_0004/peweaver_shared_fft.v", "offset": 1, "limit": 2400}

[Tool Result]
<path>/work/peweaver/runs/ps-fft-6/attempts/turn_0004/peweaver_shared_fft.v</path>
<type>file</type>
<content>
1: //----------------------------------------------------------------------
2: //  Peweaver Shared FFT: Mode-Select 64/128-Point FFT Core
3: //----------------------------------------------------------------------
4: module peweaver_shared_fft (
5:     input         clock,
6:     input         reset,
7:     input         mode,
8:     input         di_en,
9:     input  [15:0] di_re,
10:     input  [15:0] di_im,
11:     output        do_en,
12:     output [15:0] do_re,
13:     output [15:0] do_im
14: );
15: 
16:     // Compatibility parameter for wrapper elaboration
17:     parameter WIDTH = 16;
18: 
19:     // -------------------------------------------------------------------------
20:     // Mode Latching and State Ownership
21:     // -------------------------------------------------------------------------
22:     reg mode_q;
23:     reg mode_locked;
24: 
25:     always @(posedge clock or posedge reset) begin
26:         if (reset) begin
27:             mode_q      <= 1'b0;
28:             mode_locked <= 1'b0;
29:         end else if (!mode_locked) begin
30:             mode_q <= mode;
31:             if (di_en) begin
32:                 mode_locked <= 1'b1;
33:             end
34:         end
35:     end
36: 
37:     wire active_mode = mode_locked ? mode_q : mode;
38: 
39:     // -------------------------------------------------------------------------
40:     // Shared Radix-2^2 Pipeline Stages
41:     // -------------------------------------------------------------------------
42:     // Stage 0: Mode 0 (N=64, M=64), Mode 1 (N=128, M=128)
43:     wire        s0_do_en;
44:     wire [15:0] s0_do_re;
45:     wire [15:0] s0_do_im;
46: 
47:     SharedSdfUnit #(
48:         .STAGE_ID   (0),
49:         .LOG_M0     (6),
50:         .D1_DEPTH0  (32),
51:         .D1_DEPTH1  (64),
52:         .D2_DEPTH0  (16),
53:         .D2_DEPTH1  (32)
54:     ) SU0 (
55:  
... [truncated]

[Tool Call: read]
Args: {"filePath": "/work/peweaver/runs/ps-fft-6/artifacts/implement_turn4.txt", "offset": 1, "limit": 300}

[Tool Result]
<path>/work/peweaver/runs/ps-fft-6/artifacts/implement_turn4.txt</path>
<type>file</type>
<content>
1: //----------------------------------------------------------------------
2: //  Peweaver Shared FFT: Mode-Select 64/128-Point FFT Core
3: //------------------------------------------------------------------

(End of file - total 3 lines)
</content>

[Tool Call: read]
Args: {"filePath": "/work/peweaver/runs/ps-fft-6/artifacts/advice_turn4.md", "offset": 1, "limit": 300}

[Tool Result]
<path>/work/peweaver/runs/ps-fft-6/artifacts/advice_turn4.md</path>
<type>file</type>
<content>
1: ## Failure diagnosis
2: 
3: The reported line:
4: 
5: `shared_activity_tb.sv:247: Verilog $finish`
6: 
7: is only the testbench termination point. `burst_len=384` confirms the final three-frame mode-128 burst produced the expected number of valid outputs, so the failure was primarily numerical rather than latency or valid-window corruption.
8: 
9: The rejected staging RTL contains a likely mode-128 data bug:
10: 
11: ```verilog
12: assign bf_sp_im = bf_en ? y0_im : db_do_re;
13: ```
14: 
15: The accepted incumbent correctly uses:
16: 
17: ```verilog
18: assign bf_sp_im = bf_en ? y0_im : db_do_im;
19: ```
20: 
21: Because this is in the 128-point tail, it explains correct burst length with mode-128 value mismatches. The exact three error events cannot be reconstructed from the aggregate log, and that rejected file also contains unrelated reset and twiddle changes. Therefore, any future candidate must be based only on:
22: 
23: `/work/peweaver/runs/ps-fft-6/best/peweaver_shared_fft.v`
24: 
25: —not the failed physical staging copy.
26: 
27: ## One atomic hypothesis
28: 
29: > **Clock-gate only the mode-128-only upper extensions of the six shared delay buffers in mode 64, using one characterized `sky130_fd_sc_hd__dlclkp` cell per buffer.**
30: 
31: Do not combine this with tail gating, operand isolation, arithmetic changes, counter changes, or reset cleanup.
32: 
33: ### Targeted state
34: 
35: Each shared delay has `DEPTH1 = 2 × DEPTH0`. Mode 64 reads only the lower half; the upper half cannot feed backward into it.
36: 
37: | Buffer | 128-only words | Clocked bits |
38: |---|---:|---:|
39: | `SU0.DB1` | 32 complex | 1,024 |
40: | `SU0.DB2` | 16 complex | 512 |
41: | `SU1.DB1` | 8 complex | 256 |
42: | `SU1.DB2` | 4 complex | 128 |
43: | `SU2.DB1` | 2 complex | 64 |
44: | `SU2.DB2` | 1 complex | 32 |
45: | **Total** | **63 complex** | **2,016** |
46: 
47: This directly a
... [truncated]

[Tool Call: read]
Args: {"filePath": "/work/peweaver/runs/ps-fft-6/artifacts/state.json", "offset": 1, "limit": 300}

[Tool Result]
<path>/work/peweaver/runs/ps-fft-6/artifacts/state.json</path>
<type>file</type>
<content>
1: {
2:  "turn": 5,
3:  "accepted": false,
4:  "stop_reason": "",
5:  "candidates_generated": 3,
6:  "physical_runs": 2,
7:  "best_hash": "f4d5ae2fadc63ab075f97344ec0ed4ccae6f6e66c8219a072c4c316a17b9e700",
8:  "best_manifest": {
9:   "peweaver_shared_fft.v": "f4d5ae2fadc63ab075f97344ec0ed4ccae6f6e66c8219a072c4c316a17b9e700"
10:  },
11:  "best_metrics": {
12:   "area": 282963.0,
13:   "p64": 39.9311,
14:   "p128": 40.4448,
15:   "e64": 39.132478,
16:   "e128": 74.418432
17:  },
18:  "best_verdict": "PARETO",
19:  "archive": [
20:   {
21:    "hash": "ce64c71552f0aa1750ae62c15a081d16d52e92396d9d67243088aeec4723e92e",
22:    "turn": 0,
23:    "verdict": "PARETO",
24:    "metrics": {
25:     "area": 286970.0,
26:     "p64": 39.81859,
27:     "p128": 40.44372,
28:     "e64": 39.0222182,
29:     "e128": 74.41644480000001
30:    }
31:   },
32:   {
33:    "hash": "f4d5ae2fadc63ab075f97344ec0ed4ccae6f6e66c8219a072c4c316a17b9e700",
34:    "turn": 4,
35:    "verdict": "PARETO",
36:    "metrics": {
37:     "area": 282963.0,
38:     "p64": 39.9311,
39:     "p128": 40.4448,
40:     "e64": 39.132478,
41:     "e128": 74.418432
42:    }
43:   }
44:  ],
45:  "consecutive_dominated": 0,
46:  "hypothesis": "## Failure diagnosis",
47:  "advice": "## Failure diagnosis\n\nThe reported line:\n\n`shared_activity_tb.sv:247: Verilog $finish`\n\nis only the testbench termination point. `burst_len=384` confirms the final three-frame mode-128 burst produced the expected number of valid outputs, so the failure was primarily numerical rather than latency or valid-window corruption.\n\nThe rejected staging RTL contains a likely mode-128 data bug:\n\n```verilog\nassign bf_sp_im = bf_en ? y0_im : db_do_re;\n```\n\nThe accepted incumbent correctly uses:\n\n```verilog\nassign bf_sp_im = bf_en ? y0_im : db_do_im;\n```\n\nBecause this is in the 128-point tail, it explains correct burst length with mode-128 value mis
... [truncated]

[Thinking]
**Evaluating analysis needs**

I’m wondering if “best identical” refers to something specific, like data comparison. It seems like there’s a chance I need to reset or clean up reduced areas. I should check if the files shown are truly from the same source or if there might be differences with “turn0.” The user is asking for analyses, so I need to formulate a clear implementation plan while keeping an eye on behavioral simulation details. I'll search for relevant mappings and cell model info.

[Tool Call: grep]
Args: {"pattern": "dlclkp|USE_POWER_PINS|SYNTHESIS", "path": "/work/peweaver/runs/ps-fft-6/source", "include": "*.{v,sv,tcl,ys,py}"}

[Tool Result]
Found 1 matches
/work/peweaver/runs/ps-fft-6/source/orchestration/power_save_fft_driver.py:
  Line 69: - Clock gating ONLY via characterized cells (sky130_fd_sc_hd__dlclkp) is


[Tool Call: read]
Args: {"filePath": "/work/peweaver/runs/ps-fft-6/artifacts/advice_turn1.md", "offset": 1, "limit": 250}

[Tool Result]
<path>/work/peweaver/runs/ps-fft-6/artifacts/advice_turn1.md</path>
<type>file</type>
<content>
1: ## Atomic hypothesis
2: 
3: **Clock-gate only the mode-128-only upper halves of the six shared delay banks using characterized `sky130_fd_sc_hd__dlclkp` cells.**
4: 
5: Do not gate the radix-2 tail or modify any other state in this candidate.
6: 
7: ### Target
8: 
9: Single candidate file:
10: 
11: `/work/peweaver/runs/ps-fft-6/best/peweaver_shared_fft.v`
12: 
13: Relevant implementation:
14: 
15: - Six `SharedDelayBuffer` instances: approximately lines 203–214 and 275–286
16: - `SharedDelayBuffer`: approximately lines 403–436
17: 
18: ## Rationale
19: 
20: Every delay bank has `DEPTH1 = 2*DEPTH0`. Mode 64 observes only `buf[DEPTH0-1]`, but the incumbent shifts the entire `DEPTH1` bank every cycle. Because shifting runs from low indices toward high indices, the upper half cannot influence the lower half.
21: 
22: The mode-128-only storage is:
23: 
24: | Bank | Mode-128-only words | Clocked bits |
25: |---|---:|---:|
26: | 64/32 | 32 complex | 1,024 |
27: | 32/16 | 16 complex | 512 |
28: | 16/8 | 8 complex | 256 |
29: | 8/4 | 4 complex | 128 |
30: | 4/2 | 2 complex | 64 |
31: | 2/1 | 1 complex | 32 |
32: | **Total** | **63 complex** | **2,016 bits** |
33: 
34: Thus this hypothesis removes mode-64 clock activity from approximately 2,016 flop clock pins. That directly attacks the dominant measured region: clock-root power is 19.66 mW, or 49.1% of total streaming power.
35: 
36: It is likely a materially larger opportunity than gating the roughly 67 bits of tail-stage state alone.
37: 
38: ## Intended structural replacement
39: 
40: Split `SharedDelayBuffer` into:
41: 
42: 1. An always-clocked lower array of `DEPTH0` complex words.
43: 2. A gated upper array of `DEPTH1-DEPTH0` complex words.
44: 3. One local characterized clock gate per buffer, enabled by the existing per-stage `mode` input—which is already driven by `active_mode`.
45: 
46: Equivalent behavior should be:
4
... [truncated]

[Tool Call: read]
Args: {"filePath": "/work/peweaver/runs/ps-fft-6/artifacts/advice_turn2.md", "offset": 1, "limit": 250}

[Tool Result]
<path>/work/peweaver/runs/ps-fft-6/artifacts/advice_turn2.md</path>
<type>file</type>
<content>
1: ## Atomic hypothesis
2: 
3: **Clock-gate only the mode-128-only upper halves of the six `SharedDelayBuffer` banks with characterized `sky130_fd_sc_hd__dlclkp` cells.**
4: 
5: Make no other optimization in this candidate—specifically, no operand isolation, tail-stage gating, arithmetic changes, counter changes, or reset changes.
6: 
7: ### Why retry this hypothesis
8: 
9: The previous physical failure did not test this hypothesis correctly:
10: 
11: - It used `if (mode)` clock enables, which synthesized approximately 2,016 bits into enabled flops rather than removing their clock-tree activity.
12: - It also added multiplier operand-isolation muxes, violating the one-hypothesis rule.
13: - Those muxes touched the already-critical multiply datapath and plausibly caused the reported timing failure.
14: - The result reduced `p64` by only about 0.021 mW while increasing area from 286,970 to 311,415 and `p128` from 40.44 to 42.07 mW.
15: 
16: Thus the failure is evidence against enable-flop substitution and bundled operand isolation, not against real integrated clock gating.
17: 
18: ## Exact scope
19: 
20: In `SharedDelayBuffer`:
21: 
22: 1. Keep the first `DEPTH0` complex words on the original `clock`.
23: 2. Put the remaining `DEPTH1-DEPTH0` words on one local `dlclkp` gated clock.
24: 3. Drive the gate enable from the existing `mode` input, which is already `active_mode` at all six instances.
25: 4. On each enabled edge, upper word zero must capture the **pre-edge** lower terminal word.
26: 5. Preserve the existing output selection:
27:    - Mode 64: lower terminal word.
28:    - Mode 128: upper terminal word.
29: 6. Preserve unreset delay storage.
30: 
31: Use separate nonblocking lower-bank and upper-bank sequential processes. Do not add a boundary register, since that would alter mode-128 latency.
32: 
33: This creates exactly six local clock gates and suppresses mode-
... [truncated]

[Tool Call: read]
Args: {"filePath": "/work/peweaver/runs/ps-fft-6/artifacts/advice_turn3.md", "offset": 1, "limit": 250}

[Tool Result]
<path>/work/peweaver/runs/ps-fft-6/artifacts/advice_turn3.md</path>
<type>file</type>
<content>
1: ## Atomic hypothesis
2: 
3: **Clock-gate only the mode-128-only upper extensions of the six `SharedDelayBuffer` banks using six characterized `sky130_fd_sc_hd__dlclkp_1` cells.**
4: 
5: Do not combine this with tail-stage gating, operand isolation, reset changes, arithmetic changes, or valid-based gating.
6: 
7: ### Exact scope
8: 
9: The six shared buffers have depths:
10: 
11: | Buffer | 64-mode depth | 128-mode depth | Mode-128-only state |
12: |---|---:|---:|---:|
13: | `SU0.DB1` | 32 | 64 | 1,024 bits |
14: | `SU0.DB2` | 16 | 32 | 512 bits |
15: | `SU1.DB1` | 8 | 16 | 256 bits |
16: | `SU1.DB2` | 4 | 8 | 128 bits |
17: | `SU2.DB1` | 2 | 4 | 64 bits |
18: | `SU2.DB2` | 1 | 2 | 32 bits |
19: | **Total** | | | **2,016 bits** |
20: 
21: In `SharedDelayBuffer` at `best/peweaver_shared_fft.v:406-436`:
22: 
23: - Keep indices `0 .. DEPTH0-1` on the original clock.
24: - Put indices `DEPTH0 .. DEPTH1-1` on one local gated clock.
25: - Drive each gate’s `GATE` from the existing buffer `mode` input.
26: - Preserve the two taps exactly:
27:   - mode 64: lower-bank terminal
28:   - mode 128: upper-bank terminal
29: - Preserve unreset delay storage.
30: - Do not add a boundary register.
31: 
32: The upper bank must capture the **pre-edge** lower terminal value using nonblocking semantics. Otherwise, mode-128 data shifts by a cycle and violates the 137-cycle latency.
33: 
34: ## Correctness basis
35: 
36: All six buffer `mode` inputs originate from top-level `active_mode` (`best/peweaver_shared_fft.v:37,57,81,105`). Once the first input is accepted, `active_mode` remains locked until reset.
37: 
38: - **Mode 64:** the upper extensions are neither selected nor connected back into the active lower portions. Holding them cannot affect arithmetic, feedback, valid timing, or the 71-cycle latency.
39: - **Mode 128:** the gates remain continuously enabled through input, pipeline fill,
... [truncated]

[Tool Call: read]
Args: {"filePath": "/work/peweaver/runs/ps-fft-6/artifacts/physical_turn4.json", "offset": 1, "limit": 300}

[Tool Result]
<path>/work/peweaver/runs/ps-fft-6/artifacts/physical_turn4.json</path>
<type>file</type>
<content>
1: {
2:  "passed": true,
3:  "retry": false,
4:  "note": "physical flow passed",
5:  "detail": {
6:   "area": 282963.0,
7:   "p64": 39.9311,
8:   "p128": 40.4448,
9:   "e64": 39.132478,
10:   "e128": 74.418432
11:  }
12: }

(End of file - total 12 lines)
</content>

[Tool Call: read]
Args: {"filePath": "/work/peweaver/runs/ps-fft-6/artifacts/check_turn4.json", "offset": 1, "limit": 250}

[Tool Result]
<path>/work/peweaver/runs/ps-fft-6/artifacts/check_turn4.json</path>
<type>file</type>
<content>
1: {
2:  "verdict": "ACCEPT",
3:  "level": 3,
4:  "feedback": "",
5:  "detail": {
6:   "lint": {
7:    "passed": true,
8:    "retry": false,
9:    "note": ""
10:   },
11:   "functional": {
12:    "passed": true,
13:    "retry": false,
14:    "note": "PEWEAVER_ACTIVITY_DONE\n- /work/peweaver/runs/ps-fft-6/source/physical/activity/shared_activity_tb.sv:247: Verilog $finish\n- S i m u l a t i o n   R e p o r t: Verilator 5.051 devel\n- Verilator: $finish at 14us; walltime 0.003 s; speed 5.441 ms/s\n- Verilator: cpu 0.003 s on 1 threads; allocated 4 MB\n"
15:   },
16:   "area_proxy": {
17:    "passed": true,
18:    "retry": false,
19:    "note": "synth cell count 28045 (incumbent 32745) ok"
20:   }
21:  }
22: }

(End of file - total 22 lines)
</content>

[Response]
## Recommended atomic hypothesis

**Clock-gate only the mode-128-only upper extensions of the six `SharedDelayBuffer` instances in mode 64, using one characterized `sky130_fd_sc_hd__dlclkp_1` per buffer.**

Do not combine this candidate with tail gating, operand isolation, counter enables, reset changes, or arithmetic restructuring.

## Evidence basis

The incumbent shifts every delay buffer to its mode-128 depth regardless of mode. In mode 64, the upper extensions are unused:

| Buffer | 128-only complex words | Clocked bits |
|---|---:|---:|
| `SU0.DB1` | 32 | 1,024 |
| `SU0.DB2` | 16 | 512 |
| `SU1.DB1` | 8 | 256 |
| `SU1.DB2` | 4 | 128 |
| `SU2.DB1` | 2 | 64 |
| `SU2.DB2` | 1 | 32 |
| **Total** | **63** | **2,016** |

This directly targets the dominant measured mechanism: `clock_root` accounts for 19.6566 mW, approximately 49.1% of total streaming power, with 19.2296 mW being internal power. The named arithmetic stages together consume less than 1 mW, making operand isolation a lower-priority hypothesis.

## Required structural behavior

Within `SharedDelayBuffer`:

- Keep indices `0 .. DEPTH0-1` on the original `clock`.
- Put indices `DEPTH0 .. DEPTH1-1` behind one local `sky130_fd_sc_hd__dlclkp_1`.
- Drive `GATE` from the buffer’s existing `mode`, which receives transaction-stable `active_mode`.
- Preserve the existing output taps:
  - mode 64: `DEPTH0-1`
  - mode 128: `DEPTH1-1`
- Keep delay storage unreset, exactly as in the incumbent.
- Use separate nonblocking lower- and upper-bank processes so the first upper word captures the **pre-edge** value of the lower terminal word.
- Do not introduce a boundary register; it would add one cycle to mode-128 behavior.
- Do not gate from `di_en`, local valid signals, or `do_en`, because SDF storage must continue shifting through fill and drain.

## Correctness argument

- **Mode 64:** Upper storage is neither selected nor fed back into the lower bank. Freezing it cannot alter FFT values, valid generation, frame continuity, or the 71-cycle latency.
- **Mode 128:** The gate remains enabled continuously, so the split storage is cycle-equivalent to the original full-depth shift and preserves the 137-cycle latency.
- **Mode transitions:** Changes are reset-separated, allowing the latch-based clock gates to acquire the static mode before useful traffic. Stale upper-bank contents are flushed before becoming valid, as with the incumbent’s unreset delay arrays.
- **Arithmetic:** No arithmetic or twiddle path changes.

## Implementation-flow constraint

RTL simulation may require a clock-enable behavioral branch for the upper-bank updates because the Verilator judge may not include the PDK primitive model. That branch must not synthesize. The synthesis branch must instantiate the actual characterized cell—never `clock & mode`, a ternary clock, or generic combinational logic driving a clock.

## Acceptance checks

1. Exactly six `sky130_fd_sc_hd__dlclkp_1` instances survive synthesis.
2. The 2,016 upper-extension bits are physically clocked by those gates, not transformed into D-input-enabled flops.
3. No generic logic drives clock pins.
4. Bit-exact 64/128 operation, including continuous three-frame bursts.
5. Exact first-valid latencies of 71 and 137 cycles.
6. Reset-separated `64→128`, `128→64`, and return-to-128 cases.
7. Mapped GLS passes with the PDK gate model.
8. Clock-gating checks, ordinary setup/hold, TNS 0, and DRC 0.
9. Area remains below 339,908 µm².
10. Measure both modes: expect a meaningful `p64/e64` reduction and a small possible `p128/e128` overhead from six gates.

No files were edited.

--------------------------------------------------------------------------------

================================================================================
[2026-09-06 11:46:40] session ses_f89763ed9ffetpvzZPIVvKpMsD
================================================================================

[User Message]
You are the power-optimization lead for the accepted shared FFT.
One ATOMIC hypothesis per candidate; complete replacement of the single candidate file; contract is immutable.
Incumbent measured objectives (lower is better): {"area": 282963.0, "p64": 39.9311, "p128": 40.4448, "e64": 39.132478, "e128": 74.418432}
Pareto archive (metrics only): [{"area": 286970.0, "p64": 39.81859, "p128": 40.44372, "e64": 39.0222182, "e128": 74.41644480000001}, {"area": 282963.0, "p64": 39.9311, "p128": 40.4448, "...

[Thinking]
**Inspecting candidate file**

I’m focusing on analyzing the candidate file without making any edits as the user requested. I need to locate it and use my tools for this task. My approach is to form an atomic hypothesis recommendation, maybe by analyzing the code within the file. It sounds like I’ll be searching for specific details to provide a thorough analysis while sticking to the user's instructions. Let’s get started!

[Tool Call: glob]
Args: {"pattern": "**/*candidate*", "path": "/work/peweaver/runs/ps-fft-6"}

[Tool Result]
No files found

[Tool Call: glob]
Args: {"pattern": "**/*.{v,sv}", "path": "/work/peweaver/runs/ps-fft-6"}

[Tool Result]
/work/peweaver/runs/ps-fft-6/synth_work/cand_proxy.v
/work/peweaver/runs/ps-fft-6/attempts/turn_0004/peweaver_shared_fft.v
/work/peweaver/runs/ps-fft-6/best/peweaver_shared_fft.v
/work/peweaver/runs/ps-fft-6/attempts/turn_0006/peweaver_shared_fft.v
/work/peweaver/runs/ps-fft-6/source/benchmarks/equivalent_mode_exclusive_mac/case.sv
/work/peweaver/runs/ps-fft-6/source/benchmarks/equivalent_mode_exclusive_mac/sim_tb.sv
/work/peweaver/runs/ps-fft-6/source/benchmarks/unsafe_simultaneous_mac/case.sv
/work/peweaver/runs/ps-fft-6/source/benchmarks/unsafe_simultaneous_mac/sim_tb.sv
/work/peweaver/runs/ps-fft-6/source/benchmarks/halo_fft128_reference/peweaver_halo_fft128_reference.v
/work/peweaver/runs/ps-fft-6/source/physical/results_attr/netlists/shared_ppa_synth.v
/work/peweaver/runs/ps-fft-6/source/benchmarks/halo_fft128_reference/fft128_directed_tb.sv
/work/peweaver/runs/ps-fft-6/source/physical/activity/fft64_activity_tb.sv
/work/peweaver/runs/ps-fft-6/source/physical/activity/shared_activity_tb.sv
/work/peweaver/runs/ps-fft-6/source/physical/activity/dual_activity_tb.sv
/work/peweaver/runs/ps-fft-6/source/physical/activity/fft128_activity_tb.sv
/work/peweaver/runs/ps-fft-6/source/physical/activity/hidden_holdout_tb.sv
/work/peweaver/runs/ps-fft-6/source/benchmarks/halo_fft64_reference/peweaver_halo_fft64_reference.v
/work/peweaver/runs/ps-fft-6/source/benchmarks/halo_fft64_reference/fft64_directed_tb.sv
/work/peweaver/runs/ps-fft-6/source/benchmarks/threshold_mode_exclusive/case.sv
/work/peweaver/runs/ps-fft-6/source/benchmarks/threshold_mode_exclusive/sim_tb.sv
/work/peweaver/runs/ps-fft-6/source/physical/synth/sky130_simple_map.v
/work/peweaver/runs/ps-fft-6/source/physical/rtl/peweaver_ppa_fft64.v
/work/peweaver/runs/ps-fft-6/source/physical/results/netlists/shared_ppa_synth.v
/work/peweaver/runs/ps-fft-6/source/physical/rtl/peweaver_shared_fft.v
/work/peweaver/runs/ps-fft-6/source/physical/rtl/peweaver_ppa_dual_fft.v
/work/peweaver/runs/ps-fft-6/source/physical/rt
... [truncated]

[Tool Call: glob]
Args: {"pattern": "**/*", "path": "/work/peweaver/runs/ps-fft-6"}

[Tool Result]
/work/peweaver/runs/ps-fft-6/artifacts/implement_turn2.txt
/work/peweaver/runs/ps-fft-6/artifacts/chia-implement-gemini_20260906_102204.log
/work/peweaver/runs/ps-fft-6/artifacts/attribution_summary.json
/work/peweaver/runs/ps-fft-6/artifacts/implement_turn1.txt
/work/peweaver/runs/ps-fft-6/artifacts/worker_kill_turn1.json
/work/peweaver/runs/ps-fft-6/artifacts/advice_turn4.md
/work/peweaver/runs/ps-fft-6/artifacts/state.json
/work/peweaver/runs/ps-fft-6/artifacts/implement_turn5.txt
/work/peweaver/runs/ps-fft-6/artifacts/chia-advise_20260906_102204.log
/work/peweaver/runs/ps-fft-6/artifacts/check_turn5.json
/work/peweaver/runs/ps-fft-6/artifacts/area_proxy_full.log
/work/peweaver/runs/ps-fft-6/artifacts/check_turn1.json
/work/peweaver/runs/ps-fft-6/artifacts/worker_kill_turn5.json
/work/peweaver/runs/ps-fft-6/artifacts/advice_turn1.md
/work/peweaver/runs/ps-fft-6/artifacts/check_turn2.json
/work/peweaver/runs/ps-fft-6/artifacts/config_fingerprint.json
/work/peweaver/runs/ps-fft-6/artifacts/pareto.json
/work/peweaver/runs/ps-fft-6/artifacts/advice_turn5.md
/work/peweaver/runs/ps-fft-6/artifacts/advice_turn2.md
/work/peweaver/runs/ps-fft-6/artifacts/physical_turn4.json
/work/peweaver/runs/ps-fft-6/artifacts/worker_kill_turn4.json
/work/peweaver/runs/ps-fft-6/artifacts/advice_turn3.md
/work/peweaver/runs/ps-fft-6/artifacts/physical_turn5.json
/work/peweaver/runs/ps-fft-6/artifacts/physical_turn1.json
/work/peweaver/runs/ps-fft-6/artifacts/check_turn4.json
/work/peweaver/runs/ps-fft-6/artifacts/implement_turn4.txt
/work/peweaver/runs/ps-fft-6/synth_work/cand_proxy.v
/work/peweaver/runs/ps-fft-6/attempts/turn_0004/peweaver_shared_fft.v
/work/peweaver/runs/ps-fft-6/attempts/turn_0006/peweaver_shared_fft.v
/work/peweaver/runs/ps-fft-6/source/physical/reproducibility.py
/work/peweaver/runs/ps-fft-6/source/physical/results_attr/work/shared_frontend.odb
/work/peweaver/runs/ps-fft-6/source/physical/results_attr/work/shared_synth_run.ys
/work/peweaver/runs/ps-fft-6/source/phys
... [truncated]

[Thinking]
**Evaluating candidate choices**

I need to determine which candidate is likely for turn 6. To do this, I’ll review the best performances from turn 4 and turn 6, along with feedback reports and advice provided. I want to be thorough in my analysis to make the best decision possible, so going through all available information will help clarify which direction to take next. Let’s see what insights I can gather.

[Tool Call: read]
Args: {"filePath": "/work/peweaver/runs/ps-fft-6/best/peweaver_shared_fft.v", "offset": 1, "limit": 2000}

[Tool Result]
<path>/work/peweaver/runs/ps-fft-6/best/peweaver_shared_fft.v</path>
<type>file</type>
<content>
1: //----------------------------------------------------------------------
2: //  Peweaver Shared FFT: Mode-Select 64/128-Point FFT Core
3: //----------------------------------------------------------------------
4: module peweaver_shared_fft (
5:     input         clock,
6:     input         reset,
7:     input         mode,
8:     input         di_en,
9:     input  [15:0] di_re,
10:     input  [15:0] di_im,
11:     output        do_en,
12:     output [15:0] do_re,
13:     output [15:0] do_im
14: );
15: 
16:     // Compatibility parameter for wrapper elaboration
17:     parameter WIDTH = 16;
18: 
19:     // -------------------------------------------------------------------------
20:     // Mode Latching and State Ownership
21:     // -------------------------------------------------------------------------
22:     reg mode_q;
23:     reg mode_locked;
24: 
25:     always @(posedge clock or posedge reset) begin
26:         if (reset) begin
27:             mode_q      <= 1'b0;
28:             mode_locked <= 1'b0;
29:         end else if (!mode_locked) begin
30:             mode_q <= mode;
31:             if (di_en) begin
32:                 mode_locked <= 1'b1;
33:             end
34:         end
35:     end
36: 
37:     wire active_mode = mode_locked ? mode_q : mode;
38: 
39:     // -------------------------------------------------------------------------
40:     // Shared Radix-2^2 Pipeline Stages
41:     // -------------------------------------------------------------------------
42:     // Stage 0: Mode 0 (N=64, M=64), Mode 1 (N=128, M=128)
43:     wire        s0_do_en;
44:     wire [15:0] s0_do_re;
45:     wire [15:0] s0_do_im;
46: 
47:     SharedSdfUnit #(
48:         .STAGE_ID   (0),
49:         .LOG_M0     (6),
50:         .D1_DEPTH0  (32),
51:         .D1_DEPTH1  (64),
52:         .D2_DEPTH0  (16),
53:         .D2_DEPTH1  (32)
54:     ) SU0 (
55:         .clock 
... [truncated]

[Tool Call: read]
Args: {"filePath": "/work/peweaver/runs/ps-fft-6/attempts/turn_0006/peweaver_shared_fft.v", "offset": 1, "limit": 2000}

[Tool Result]
<path>/work/peweaver/runs/ps-fft-6/attempts/turn_0006/peweaver_shared_fft.v</path>
<type>file</type>
<content>
1: //----------------------------------------------------------------------
2: //  Peweaver Shared FFT: Mode-Select 64/128-Point FFT Core
3: //----------------------------------------------------------------------
4: module peweaver_shared_fft (
5:     input         clock,
6:     input         reset,
7:     input         mode,
8:     input         di_en,
9:     input  [15:0] di_re,
10:     input  [15:0] di_im,
11:     output        do_en,
12:     output [15:0] do_re,
13:     output [15:0] do_im
14: );
15: 
16:     // Compatibility parameter for wrapper elaboration
17:     parameter WIDTH = 16;
18: 
19:     // -------------------------------------------------------------------------
20:     // Mode Latching and State Ownership
21:     // -------------------------------------------------------------------------
22:     reg mode_q;
23:     reg mode_locked;
24: 
25:     always @(posedge clock or posedge reset) begin
26:         if (reset) begin
27:             mode_q      <= 1'b0;
28:             mode_locked <= 1'b0;
29:         end else if (!mode_locked) begin
30:             mode_q <= mode;
31:             if (di_en) begin
32:                 mode_locked <= 1'b1;
33:             end
34:         end
35:     end
36: 
37:     wire active_mode = mode_locked ? mode_q : mode;
38: 
39:     // -------------------------------------------------------------------------
40:     // Shared Radix-2^2 Pipeline Stages
41:     // -------------------------------------------------------------------------
42:     // Stage 0: Mode 0 (N=64, M=64), Mode 1 (N=128, M=128)
43:     wire        s0_do_en;
44:     wire [15:0] s0_do_re;
45:     wire [15:0] s0_do_im;
46: 
47:     SharedSdfUnit #(
48:         .STAGE_ID   (0),
49:         .LOG_M0     (6),
50:         .D1_DEPTH0  (32),
51:         .D1_DEPTH1  (64),
52:         .D2_DEPTH0  (16),
53:         .D2_DEPTH1  (32)
54:     ) SU0 (
55:  
... [truncated]

[Tool Call: read]
Args: {"filePath": "/work/peweaver/runs/ps-fft-6/artifacts/implement_turn5.txt", "offset": 1, "limit": 500}

[Tool Result]
<path>/work/peweaver/runs/ps-fft-6/artifacts/implement_turn5.txt</path>
<type>file</type>
<content>
1: //----------------------------------------------------------------------
2: //  Peweaver Shared FFT: Mode-Select 64/128-Point FFT Core
3: //------------------------------------------------------------------

(End of file - total 3 lines)
</content>

[Tool Call: read]
Args: {"filePath": "/work/peweaver/runs/ps-fft-6/artifacts/advice_turn5.md", "offset": 1, "limit": 500}

[Tool Result]
<path>/work/peweaver/runs/ps-fft-6/artifacts/advice_turn5.md</path>
<type>file</type>
<content>
1: ## Recommended atomic hypothesis
2: 
3: **Clock-gate only the mode-128-only upper extensions of the six `SharedDelayBuffer` instances in mode 64, using one characterized `sky130_fd_sc_hd__dlclkp_1` per buffer.**
4: 
5: Do not combine this candidate with tail gating, operand isolation, counter enables, reset changes, or arithmetic restructuring.
6: 
7: ## Evidence basis
8: 
9: The incumbent shifts every delay buffer to its mode-128 depth regardless of mode. In mode 64, the upper extensions are unused:
10: 
11: | Buffer | 128-only complex words | Clocked bits |
12: |---|---:|---:|
13: | `SU0.DB1` | 32 | 1,024 |
14: | `SU0.DB2` | 16 | 512 |
15: | `SU1.DB1` | 8 | 256 |
16: | `SU1.DB2` | 4 | 128 |
17: | `SU2.DB1` | 2 | 64 |
18: | `SU2.DB2` | 1 | 32 |
19: | **Total** | **63** | **2,016** |
20: 
21: This directly targets the dominant measured mechanism: `clock_root` accounts for 19.6566 mW, approximately 49.1% of total streaming power, with 19.2296 mW being internal power. The named arithmetic stages together consume less than 1 mW, making operand isolation a lower-priority hypothesis.
22: 
23: ## Required structural behavior
24: 
25: Within `SharedDelayBuffer`:
26: 
27: - Keep indices `0 .. DEPTH0-1` on the original `clock`.
28: - Put indices `DEPTH0 .. DEPTH1-1` behind one local `sky130_fd_sc_hd__dlclkp_1`.
29: - Drive `GATE` from the buffer’s existing `mode`, which receives transaction-stable `active_mode`.
30: - Preserve the existing output taps:
31:   - mode 64: `DEPTH0-1`
32:   - mode 128: `DEPTH1-1`
33: - Keep delay storage unreset, exactly as in the incumbent.
34: - Use separate nonblocking lower- and upper-bank processes so the first upper word captures the **pre-edge** value of the lower terminal word.
35: - Do not introduce a boundary register; it would add one cycle to mode-128 behavior.
36: - Do not gate from `di_en`, local valid signals, or `do_en`, because SDF 
... [truncated]

[Tool Call: read]
Args: {"filePath": "/work/peweaver/runs/ps-fft-6/artifacts/physical_turn5.json", "offset": 1, "limit": 500}

[Tool Result]
<path>/work/peweaver/runs/ps-fft-6/artifacts/physical_turn5.json</path>
<type>file</type>
<content>
1: {
2:  "passed": false,
3:  "retry": false,
4:  "note": "timing_met=False drc=0",
5:  "detail": {
6:   "area": 311415.0,
7:   "p64": 39.797180000000004,
8:   "p128": 42.07478,
9:   "e64": 39.0012364,
10:   "e128": 77.4175952
11:  }
12: }

(End of file - total 12 lines)
</content>

[Tool Call: read]
Args: {"filePath": "/work/peweaver/runs/ps-fft-6/artifacts/state.json", "offset": 1, "limit": 500}

[Tool Result]
<path>/work/peweaver/runs/ps-fft-6/artifacts/state.json</path>
<type>file</type>
<content>
1: {
2:  "turn": 6,
3:  "accepted": false,
4:  "stop_reason": "",
5:  "candidates_generated": 4,
6:  "physical_runs": 3,
7:  "best_hash": "f4d5ae2fadc63ab075f97344ec0ed4ccae6f6e66c8219a072c4c316a17b9e700",
8:  "best_manifest": {
9:   "peweaver_shared_fft.v": "f4d5ae2fadc63ab075f97344ec0ed4ccae6f6e66c8219a072c4c316a17b9e700"
10:  },
11:  "best_metrics": {
12:   "area": 282963.0,
13:   "p64": 39.9311,
14:   "p128": 40.4448,
15:   "e64": 39.132478,
16:   "e128": 74.418432
17:  },
18:  "best_verdict": "PARETO",
19:  "archive": [
20:   {
21:    "hash": "ce64c71552f0aa1750ae62c15a081d16d52e92396d9d67243088aeec4723e92e",
22:    "turn": 0,
23:    "verdict": "PARETO",
24:    "metrics": {
25:     "area": 286970.0,
26:     "p64": 39.81859,
27:     "p128": 40.44372,
28:     "e64": 39.0222182,
29:     "e128": 74.41644480000001
30:    }
31:   },
32:   {
33:    "hash": "f4d5ae2fadc63ab075f97344ec0ed4ccae6f6e66c8219a072c4c316a17b9e700",
34:    "turn": 4,
35:    "verdict": "PARETO",
36:    "metrics": {
37:     "area": 282963.0,
38:     "p64": 39.9311,
39:     "p128": 40.4448,
40:     "e64": 39.132478,
41:     "e128": 74.418432
42:    }
43:   }
44:  ],
45:  "consecutive_dominated": 0,
46:  "hypothesis": "## Recommended atomic hypothesis",
47:  "advice": "## Recommended atomic hypothesis\n\n**Clock-gate only the mode-128-only upper extensions of the six `SharedDelayBuffer` instances in mode 64, using one characterized `sky130_fd_sc_hd__dlclkp_1` per buffer.**\n\nDo not combine this candidate with tail gating, operand isolation, counter enables, reset changes, or arithmetic restructuring.\n\n## Evidence basis\n\nThe incumbent shifts every delay buffer to its mode-128 depth regardless of mode. In mode 64, the upper extensions are unused:\n\n| Buffer | 128-only complex words | Clocked bits |\n|---|---:|---:|\n| `SU0.DB1` | 32 | 1,024 |\n| `SU0.DB2` | 16 | 512 |\n| `SU1.DB1` | 8 | 256 |\n| `SU1.DB2`
... [truncated]

[Thinking]
**Evaluating hypothesis options**

I need to analyze the next atomic hypothesis given that previous candidate gating extensions failed due to timing issues and bad p128. It seems like I should consider using only the gate tail in mode64, as attribution suggests that's the best option. The tail is a small, complex buffer plus some registers that might save about 100 bits on the clock. Although it's low, it presents minimal timing risk if I clock gate on the tail. I'll also review previous attempts and advice on implementations.

[Tool Call: read]
Args: {"filePath": "/work/peweaver/runs/ps-fft-6/artifacts/advice_turn1.md", "offset": 1, "limit": 300}

[Tool Result]
<path>/work/peweaver/runs/ps-fft-6/artifacts/advice_turn1.md</path>
<type>file</type>
<content>
1: ## Atomic hypothesis
2: 
3: **Clock-gate only the mode-128-only upper halves of the six shared delay banks using characterized `sky130_fd_sc_hd__dlclkp` cells.**
4: 
5: Do not gate the radix-2 tail or modify any other state in this candidate.
6: 
7: ### Target
8: 
9: Single candidate file:
10: 
11: `/work/peweaver/runs/ps-fft-6/best/peweaver_shared_fft.v`
12: 
13: Relevant implementation:
14: 
15: - Six `SharedDelayBuffer` instances: approximately lines 203–214 and 275–286
16: - `SharedDelayBuffer`: approximately lines 403–436
17: 
18: ## Rationale
19: 
20: Every delay bank has `DEPTH1 = 2*DEPTH0`. Mode 64 observes only `buf[DEPTH0-1]`, but the incumbent shifts the entire `DEPTH1` bank every cycle. Because shifting runs from low indices toward high indices, the upper half cannot influence the lower half.
21: 
22: The mode-128-only storage is:
23: 
24: | Bank | Mode-128-only words | Clocked bits |
25: |---|---:|---:|
26: | 64/32 | 32 complex | 1,024 |
27: | 32/16 | 16 complex | 512 |
28: | 16/8 | 8 complex | 256 |
29: | 8/4 | 4 complex | 128 |
30: | 4/2 | 2 complex | 64 |
31: | 2/1 | 1 complex | 32 |
32: | **Total** | **63 complex** | **2,016 bits** |
33: 
34: Thus this hypothesis removes mode-64 clock activity from approximately 2,016 flop clock pins. That directly attacks the dominant measured region: clock-root power is 19.66 mW, or 49.1% of total streaming power.
35: 
36: It is likely a materially larger opportunity than gating the roughly 67 bits of tail-stage state alone.
37: 
38: ## Intended structural replacement
39: 
40: Split `SharedDelayBuffer` into:
41: 
42: 1. An always-clocked lower array of `DEPTH0` complex words.
43: 2. A gated upper array of `DEPTH1-DEPTH0` complex words.
44: 3. One local characterized clock gate per buffer, enabled by the existing per-stage `mode` input—which is already driven by `active_mode`.
45: 
46: Equivalent behavior should be:
4
... [truncated]

[Tool Call: read]
Args: {"filePath": "/work/peweaver/runs/ps-fft-6/artifacts/advice_turn2.md", "offset": 1, "limit": 300}

[Tool Result]
<path>/work/peweaver/runs/ps-fft-6/artifacts/advice_turn2.md</path>
<type>file</type>
<content>
1: ## Atomic hypothesis
2: 
3: **Clock-gate only the mode-128-only upper halves of the six `SharedDelayBuffer` banks with characterized `sky130_fd_sc_hd__dlclkp` cells.**
4: 
5: Make no other optimization in this candidate—specifically, no operand isolation, tail-stage gating, arithmetic changes, counter changes, or reset changes.
6: 
7: ### Why retry this hypothesis
8: 
9: The previous physical failure did not test this hypothesis correctly:
10: 
11: - It used `if (mode)` clock enables, which synthesized approximately 2,016 bits into enabled flops rather than removing their clock-tree activity.
12: - It also added multiplier operand-isolation muxes, violating the one-hypothesis rule.
13: - Those muxes touched the already-critical multiply datapath and plausibly caused the reported timing failure.
14: - The result reduced `p64` by only about 0.021 mW while increasing area from 286,970 to 311,415 and `p128` from 40.44 to 42.07 mW.
15: 
16: Thus the failure is evidence against enable-flop substitution and bundled operand isolation, not against real integrated clock gating.
17: 
18: ## Exact scope
19: 
20: In `SharedDelayBuffer`:
21: 
22: 1. Keep the first `DEPTH0` complex words on the original `clock`.
23: 2. Put the remaining `DEPTH1-DEPTH0` words on one local `dlclkp` gated clock.
24: 3. Drive the gate enable from the existing `mode` input, which is already `active_mode` at all six instances.
25: 4. On each enabled edge, upper word zero must capture the **pre-edge** lower terminal word.
26: 5. Preserve the existing output selection:
27:    - Mode 64: lower terminal word.
28:    - Mode 128: upper terminal word.
29: 6. Preserve unreset delay storage.
30: 
31: Use separate nonblocking lower-bank and upper-bank sequential processes. Do not add a boundary register, since that would alter mode-128 latency.
32: 
33: This creates exactly six local clock gates and suppresses mode-
... [truncated]

[Tool Call: read]
Args: {"filePath": "/work/peweaver/runs/ps-fft-6/artifacts/advice_turn3.md", "offset": 1, "limit": 300}

[Tool Result]
<path>/work/peweaver/runs/ps-fft-6/artifacts/advice_turn3.md</path>
<type>file</type>
<content>
1: ## Atomic hypothesis
2: 
3: **Clock-gate only the mode-128-only upper extensions of the six `SharedDelayBuffer` banks using six characterized `sky130_fd_sc_hd__dlclkp_1` cells.**
4: 
5: Do not combine this with tail-stage gating, operand isolation, reset changes, arithmetic changes, or valid-based gating.
6: 
7: ### Exact scope
8: 
9: The six shared buffers have depths:
10: 
11: | Buffer | 64-mode depth | 128-mode depth | Mode-128-only state |
12: |---|---:|---:|---:|
13: | `SU0.DB1` | 32 | 64 | 1,024 bits |
14: | `SU0.DB2` | 16 | 32 | 512 bits |
15: | `SU1.DB1` | 8 | 16 | 256 bits |
16: | `SU1.DB2` | 4 | 8 | 128 bits |
17: | `SU2.DB1` | 2 | 4 | 64 bits |
18: | `SU2.DB2` | 1 | 2 | 32 bits |
19: | **Total** | | | **2,016 bits** |
20: 
21: In `SharedDelayBuffer` at `best/peweaver_shared_fft.v:406-436`:
22: 
23: - Keep indices `0 .. DEPTH0-1` on the original clock.
24: - Put indices `DEPTH0 .. DEPTH1-1` on one local gated clock.
25: - Drive each gate’s `GATE` from the existing buffer `mode` input.
26: - Preserve the two taps exactly:
27:   - mode 64: lower-bank terminal
28:   - mode 128: upper-bank terminal
29: - Preserve unreset delay storage.
30: - Do not add a boundary register.
31: 
32: The upper bank must capture the **pre-edge** lower terminal value using nonblocking semantics. Otherwise, mode-128 data shifts by a cycle and violates the 137-cycle latency.
33: 
34: ## Correctness basis
35: 
36: All six buffer `mode` inputs originate from top-level `active_mode` (`best/peweaver_shared_fft.v:37,57,81,105`). Once the first input is accepted, `active_mode` remains locked until reset.
37: 
38: - **Mode 64:** the upper extensions are neither selected nor connected back into the active lower portions. Holding them cannot affect arithmetic, feedback, valid timing, or the 71-cycle latency.
39: - **Mode 128:** the gates remain continuously enabled through input, pipeline fill,
... [truncated]

[Tool Call: read]
Args: {"filePath": "/work/peweaver/runs/ps-fft-6/artifacts/advice_turn4.md", "offset": 1, "limit": 300}

[Tool Result]
<path>/work/peweaver/runs/ps-fft-6/artifacts/advice_turn4.md</path>
<type>file</type>
<content>
1: ## Failure diagnosis
2: 
3: The reported line:
4: 
5: `shared_activity_tb.sv:247: Verilog $finish`
6: 
7: is only the testbench termination point. `burst_len=384` confirms the final three-frame mode-128 burst produced the expected number of valid outputs, so the failure was primarily numerical rather than latency or valid-window corruption.
8: 
9: The rejected staging RTL contains a likely mode-128 data bug:
10: 
11: ```verilog
12: assign bf_sp_im = bf_en ? y0_im : db_do_re;
13: ```
14: 
15: The accepted incumbent correctly uses:
16: 
17: ```verilog
18: assign bf_sp_im = bf_en ? y0_im : db_do_im;
19: ```
20: 
21: Because this is in the 128-point tail, it explains correct burst length with mode-128 value mismatches. The exact three error events cannot be reconstructed from the aggregate log, and that rejected file also contains unrelated reset and twiddle changes. Therefore, any future candidate must be based only on:
22: 
23: `/work/peweaver/runs/ps-fft-6/best/peweaver_shared_fft.v`
24: 
25: —not the failed physical staging copy.
26: 
27: ## One atomic hypothesis
28: 
29: > **Clock-gate only the mode-128-only upper extensions of the six shared delay buffers in mode 64, using one characterized `sky130_fd_sc_hd__dlclkp` cell per buffer.**
30: 
31: Do not combine this with tail gating, operand isolation, arithmetic changes, counter changes, or reset cleanup.
32: 
33: ### Targeted state
34: 
35: Each shared delay has `DEPTH1 = 2 × DEPTH0`. Mode 64 reads only the lower half; the upper half cannot feed backward into it.
36: 
37: | Buffer | 128-only words | Clocked bits |
38: |---|---:|---:|
39: | `SU0.DB1` | 32 complex | 1,024 |
40: | `SU0.DB2` | 16 complex | 512 |
41: | `SU1.DB1` | 8 complex | 256 |
42: | `SU1.DB2` | 4 complex | 128 |
43: | `SU2.DB1` | 2 complex | 64 |
44: | `SU2.DB2` | 1 complex | 32 |
45: | **Total** | **63 complex** | **2,016** |
46: 
47: This directly a
... [truncated]

[Tool Call: read]
Args: {"filePath": "/work/peweaver/runs/ps-fft-6/artifacts/physical_turn1.json", "offset": 1, "limit": 200}

[Tool Result]
<path>/work/peweaver/runs/ps-fft-6/artifacts/physical_turn1.json</path>
<type>file</type>
<content>
1: {
2:  "passed": false,
3:  "retry": false,
4:  "note": "timing_met=False drc=0",
5:  "detail": {
6:   "area": 311415.0,
7:   "p64": 39.797180000000004,
8:   "p128": 42.07478,
9:   "e64": 39.0012364,
10:   "e128": 77.4175952
11:  }
12: }

(End of file - total 12 lines)
</content>

[Tool Call: read]
Args: {"filePath": "/work/peweaver/runs/ps-fft-6/artifacts/physical_turn4.json", "offset": 1, "limit": 200}

[Tool Result]
<path>/work/peweaver/runs/ps-fft-6/artifacts/physical_turn4.json</path>
<type>file</type>
<content>
1: {
2:  "passed": true,
3:  "retry": false,
4:  "note": "physical flow passed",
5:  "detail": {
6:   "area": 282963.0,
7:   "p64": 39.9311,
8:   "p128": 40.4448,
9:   "e64": 39.132478,
10:   "e128": 74.418432
11:  }
12: }

(End of file - total 12 lines)
</content>

[Tool Call: read]
Args: {"filePath": "/work/peweaver/runs/ps-fft-6/attempts/turn_0004/peweaver_shared_fft.v", "offset": 1, "limit": 180}

[Tool Result]
<path>/work/peweaver/runs/ps-fft-6/attempts/turn_0004/peweaver_shared_fft.v</path>
<type>file</type>
<content>
1: //----------------------------------------------------------------------
2: //  Peweaver Shared FFT: Mode-Select 64/128-Point FFT Core
3: //----------------------------------------------------------------------
4: module peweaver_shared_fft (
5:     input         clock,
6:     input         reset,
7:     input         mode,
8:     input         di_en,
9:     input  [15:0] di_re,
10:     input  [15:0] di_im,
11:     output        do_en,
12:     output [15:0] do_re,
13:     output [15:0] do_im
14: );
15: 
16:     // Compatibility parameter for wrapper elaboration
17:     parameter WIDTH = 16;
18: 
19:     // -------------------------------------------------------------------------
20:     // Mode Latching and State Ownership
21:     // -------------------------------------------------------------------------
22:     reg mode_q;
23:     reg mode_locked;
24: 
25:     always @(posedge clock or posedge reset) begin
26:         if (reset) begin
27:             mode_q      <= 1'b0;
28:             mode_locked <= 1'b0;
29:         end else if (!mode_locked) begin
30:             mode_q <= mode;
31:             if (di_en) begin
32:                 mode_locked <= 1'b1;
33:             end
34:         end
35:     end
36: 
37:     wire active_mode = mode_locked ? mode_q : mode;
38: 
39:     // -------------------------------------------------------------------------
40:     // Shared Radix-2^2 Pipeline Stages
41:     // -------------------------------------------------------------------------
42:     // Stage 0: Mode 0 (N=64, M=64), Mode 1 (N=128, M=128)
43:     wire        s0_do_en;
44:     wire [15:0] s0_do_re;
45:     wire [15:0] s0_do_im;
46: 
47:     SharedSdfUnit #(
48:         .STAGE_ID   (0),
49:         .LOG_M0     (6),
50:         .D1_DEPTH0  (32),
51:         .D1_DEPTH1  (64),
52:         .D2_DEPTH0  (16),
53:         .D2_DEPTH1  (32)
54:     ) SU0 (
55:  
... [truncated]

[Thinking]
**Evaluating optimization challenges**

I'm pondering whether Turn4 might be the best likely optimization compared to a baseline of Turn0, but I realize I need a hash or archive since I don't have a baseline file. The candidate's still the same. I'll suggest tailgating after timing issues with extensions, but I need to be careful about the synchronous active-high contract vs the incumbent async reset. The contract specifies synchronous, while the incumbent seems to be async. I shouldn’t touch it. I should characterize the cell with exact primitive port names and look into cell naming used in the flow. Let's search for dlclkp.

[Tool Call: grep]
Args: {"pattern": "dlclkp", "path": "/work/peweaver/runs/ps-fft-6", "include": "*.v"}

[Tool Result]
No files found

[Tool Call: grep]
Args: {"pattern": "sky130_fd_sc_hd__dlclkp", "path": "/work/peweaver/runs/ps-fft-6", "include": "*.lib"}

[Tool Result]
Found 18 matches
/work/peweaver/runs/ps-fft-6/source/physical/results_attr/work/lib_shared_tt_synth.lib:
  Line 57211:     cell ("sky130_fd_sc_hd__dlclkp_1") {

  Line 57238:         cell_footprint : "sky130_fd_sc_hd__dlclkp";

  Line 57450:     cell ("sky130_fd_sc_hd__dlclkp_2") {

  Line 57477:         cell_footprint : "sky130_fd_sc_hd__dlclkp";

  Line 57689:     cell ("sky130_fd_sc_hd__dlclkp_4") {

  Line 57716:         cell_footprint : "sky130_fd_sc_hd__dlclkp";


/work/peweaver/runs/ps-fft-6/source/physical/results/work/lib_shared_tt_synth.lib:
  Line 57211:     cell ("sky130_fd_sc_hd__dlclkp_1") {

  Line 57238:         cell_footprint : "sky130_fd_sc_hd__dlclkp";

  Line 57450:     cell ("sky130_fd_sc_hd__dlclkp_2") {

  Line 57477:         cell_footprint : "sky130_fd_sc_hd__dlclkp";

  Line 57689:     cell ("sky130_fd_sc_hd__dlclkp_4") {

  Line 57716:         cell_footprint : "sky130_fd_sc_hd__dlclkp";


/work/peweaver/runs/ps-fft-6/source/physical/results_repeat/work/lib_dual_tt_synth.lib:
  Line 57211:     cell ("sky130_fd_sc_hd__dlclkp_1") {

  Line 57238:         cell_footprint : "sky130_fd_sc_hd__dlclkp";

  Line 57450:     cell ("sky130_fd_sc_hd__dlclkp_2") {

  Line 57477:         cell_footprint : "sky130_fd_sc_hd__dlclkp";

  Line 57689:     cell ("sky130_fd_sc_hd__dlclkp_4") {

  Line 57716:         cell_footprint : "sky130_fd_sc_hd__dlclkp";


[Tool Call: grep]
Args: {"pattern": "slack|violated|TNS|WNS", "path": "/work/peweaver/runs/ps-fft-6/source/physical/results", "include": "*.rpt"}

[Tool Result]
Found 40 matches
/work/peweaver/runs/ps-fft-6/source/physical/results/reports/sta_setup_paths_shared.rpt:
  Line 81:               -0.092185   slack (VIOLATED)

  Line 173:               -0.057822   slack (VIOLATED)

  Line 255:                0.166150   slack (MET)

  Line 345:                0.200570   slack (MET)

  Line 430:                0.211575   slack (MET)


/work/peweaver/runs/ps-fft-6/source/physical/results/reports/sta_max_paths_shared.rpt:
  Line 30:            8.81   slack (MET)

  Line 62:            8.82   slack (MET)

  Line 94:            8.82   slack (MET)

  Line 126:            8.82   slack (MET)

  Line 158:            8.82   slack (MET)

  Line 241:           -0.09   slack (VIOLATED)

  Line 333:           -0.06   slack (VIOLATED)

  Line 415:            0.17   slack (MET)

  Line 505:            0.20   slack (MET)

  Line 590:            0.21   slack (MET)


/work/peweaver/runs/ps-fft-6/source/physical/results/reports/sta_recovery_paths_shared.rpt:
  Line 30:                8.813545   slack (MET)

  Line 62:                8.816193   slack (MET)

  Line 94:                8.818012   slack (MET)

  Line 126:                8.822639   slack (MET)

  Line 158:                8.823802   slack (MET)


/work/peweaver/runs/ps-fft-6/source/physical/results/reports/sta_min_paths_shared.rpt:
  Line 28:            0.42   slack (MET)

  Line 58:            0.42   slack (MET)

  Line 88:            0.42   slack (MET)

  Line 118:            0.42   slack (MET)

  Line 148:            0.42   slack (MET)

  Line 176:            0.21   slack (MET)

  Line 204:            0.22   slack (MET)

  Line 233:            0.22   slack (MET)

  Line 262:            0.23   slack (MET)

  Line 291:            0.23   slack (MET)


/work/peweaver/runs/ps-fft-6/source/physical/results/reports/sta_removal_paths_shared.rpt:
  Line 28:                0.418510   slack (MET)

  Line 58:                0.419227   slack (MET)

  Line 88:                0.421065   slack (MET)

  L
... [truncated]

[Tool Call: grep]
Args: {"pattern": "slack|violated|TNS|WNS", "path": "/work/peweaver/runs/ps-fft-6/source/physical/results_attr", "include": "*.rpt"}

[Tool Result]
Found 40 matches
/work/peweaver/runs/ps-fft-6/source/physical/results_attr/reports/sta_removal_paths_shared.rpt:
  Line 28:                0.175150   slack (MET)

  Line 58:                0.176575   slack (MET)

  Line 88:                0.292499   slack (MET)

  Line 118:                0.296109   slack (MET)

  Line 148:                0.299015   slack (MET)


/work/peweaver/runs/ps-fft-6/source/physical/results_attr/reports/sta_setup_paths_shared.rpt:
  Line 81:                0.129621   slack (MET)

  Line 167:                0.159188   slack (MET)

  Line 256:                0.232813   slack (MET)

  Line 341:                0.251435   slack (MET)

  Line 424:                0.340222   slack (MET)


/work/peweaver/runs/ps-fft-6/source/physical/results_attr/reports/sta_min_paths_shared.rpt:
  Line 28:            0.18   slack (MET)

  Line 58:            0.18   slack (MET)

  Line 88:            0.29   slack (MET)

  Line 118:            0.30   slack (MET)

  Line 148:            0.30   slack (MET)

  Line 176:            0.17   slack (MET)

  Line 204:            0.20   slack (MET)

  Line 232:            0.20   slack (MET)

  Line 260:            0.21   slack (MET)

  Line 288:            0.22   slack (MET)


/work/peweaver/runs/ps-fft-6/source/physical/results_attr/reports/sta_recovery_paths_shared.rpt:
  Line 30:                8.952315   slack (MET)

  Line 62:                8.956361   slack (MET)

  Line 94:                8.960546   slack (MET)

  Line 126:                8.963707   slack (MET)

  Line 158:                8.966724   slack (MET)


/work/peweaver/runs/ps-fft-6/source/physical/results_attr/reports/sta_max_paths_shared.rpt:
  Line 30:            8.95   slack (MET)

  Line 62:            8.96   slack (MET)

  Line 94:            8.96   slack (MET)

  Line 126:            8.96   slack (MET)

  Line 158:            8.97   slack (MET)

  Line 241:            0.13   slack (MET)

  Line 327:            0.16   slack (MET)

  Line 416:            0.
... [truncated]

[Tool Call: read]
Args: {"filePath": "/work/peweaver/runs/ps-fft-6/source/physical/results/reports/metrics_shared.txt", "offset": 1, "limit": 100}

[Tool Result]
<path>/work/peweaver/runs/ps-fft-6/source/physical/results/reports/metrics_shared.txt</path>
<type>file</type>
<content>
1: instance_count 43097
2: worst_slack_max_ns -0.09218492896626354
3: total_negative_slack_max_ns -0.1500071220809044
4: worst_slack_min_ns 0.20840285642628747

(End of file - total 4 lines)
</content>

[Tool Call: read]
Args: {"filePath": "/work/peweaver/runs/ps-fft-6/source/physical/results/reports/sta_setup_paths_shared.rpt", "offset": 1, "limit": 190}

[Tool Result]
<path>/work/peweaver/runs/ps-fft-6/source/physical/results/reports/sta_setup_paths_shared.rpt</path>
<type>file</type>
<content>
1: Startpoint: _52907_ (rising edge-triggered flip-flop clocked by core_clock)
2: Endpoint: _52889_ (rising edge-triggered flip-flop clocked by core_clock)
3: Path Group: core_clock
4: Path Type: max
5: 
6:       Delay        Time   Description
7: -----------------------------------------------------------------
8:    0.000000    0.000000   clock core_clock (rise edge)
9:    1.399944    1.399944   clock network delay (propagated)
10:    0.000000    1.399944 ^ _52907_/CLK (sky130_fd_sc_hd__dfrtp_4)
11:    0.490541    1.890485 ^ _52907_/Q (sky130_fd_sc_hd__dfrtp_4)
12:    0.186585    2.077070 ^ fanout498/X (sky130_fd_sc_hd__buf_12)
13:    0.144342    2.221412 ^ fanout497/X (sky130_fd_sc_hd__buf_12)
14:    0.266459    2.487870 ^ _41171_/X (sky130_fd_sc_hd__and2_2)
15:    0.254740    2.742611 ^ fanout81/X (sky130_fd_sc_hd__buf_4)
16:    0.137821    2.880432 v _45558_/Y (sky130_fd_sc_hd__nand2_1)
17:    0.217970    3.098402 ^ _45561_/Y (sky130_fd_sc_hd__xnor2_2)
18:    0.219456    3.317858 ^ _45563_/X (sky130_fd_sc_hd__xor2_1)
19:    0.263825    3.581683 ^ _45646_/X (sky130_fd_sc_hd__xor2_1)
20:    0.252646    3.834329 ^ _45661_/X (sky130_fd_sc_hd__xor2_1)
21:    0.264002    4.098330 ^ _45738_/X (sky130_fd_sc_hd__xor2_1)
22:    0.247856    4.346187 ^ _45766_/X (sky130_fd_sc_hd__xor2_1)
23:    0.266017    4.612203 ^ _45839_/X (sky130_fd_sc_hd__xor2_1)
24:    0.239016    4.851220 ^ _45850_/X (sky130_fd_sc_hd__xor2_1)
25:    0.233458    5.084677 ^ _45917_/X (sky130_fd_sc_hd__xor2_1)
26:    0.230918    5.315595 ^ _45920_/X (sky130_fd_sc_hd__xor2_1)
27:    0.219641    5.535236 ^ _45984_/X (sky130_fd_sc_hd__xor2_1)
28:    0.125485    5.660721 ^ _46305_/X (sky130_fd_sc_hd__or2_0)
29:    0.110530    5.771252 ^ _46307_/X (sky130_fd_sc_hd__and2_0)
30:    0.058530    5.829781 v _46308_/Y (sky130_fd_sc_hd__nand2_1)
31:    0.157337    5.987118 v _46309_/X (
... [truncated]

[Tool Call: read]
Args: {"filePath": "/work/peweaver/runs/ps-fft-6/source/physical/results_attr/work/lib_shared_tt_synth.lib", "offset": 57211, "limit": 60}

[Tool Call: grep]
Args: {"pattern": "SU_TAIL|SdfUnit2|tail", "path": "/work/peweaver/runs/ps-fft-6/source/physical/results_attr/reports", "include": "attr_power_*.rpt"}

[Tool Result]
No files found

[Tool Call: grep]
Args: {"pattern": "SU_TAIL|SdfUnit2|tail", "path": "/work/peweaver/runs/ps-fft-6/source/physical/results_attr/netlists", "include": "*.v"}

[Tool Result]
No files found

[Response]
## Recommended atomic hypothesis

**Clock-gate only the complete mode-128 radix-2 tail (`SU_TAIL`) in mode 64 with one characterized `sky130_fd_sc_hd__dlclkp_1`.**

Do not modify shared delay banks, arithmetic, operands, counters, reset behavior, or valid generation in this candidate.

### Why this is the appropriate next experiment

The prior upper-delay-bank attempt failed timing and substantially increased implementation cost:

- Area: `282,963 → 311,415 µm²`
- `p128`: `40.4448 → 42.07478 mW`
- WNS: approximately `-0.092 ns`
- TNS: approximately `-0.150 ns`

Regardless of whether that result used true ICGs or enable-flop substitution, it shows that a six-bank/2,016-bit transformation is presently too disruptive. Tail-only gating is a much smaller physical experiment:

- One ICG rather than six.
- Approximately 67 tail-state bits stop receiving mode-64 clock edges:
  - 32-bit one-word complex delay
  - 32-bit output data registers
  - `bf_en`, `bf_sp_en`, and `do_en`
- No mux or enable is added to a functional data path.
- Mode-128 sees only one gate’s clock insertion and internal-power overhead.

This still directly targets the dominant measured mechanism: clock-related power is 19.6566 mW, or 49.1% of total mode-64 streaming power.

### Required structure

Generate a dedicated tail clock through exactly one characterized gate:

- Source clock: top-level `clock`
- Gate enable: transaction-stable `active_mode`
- Gated-clock load: every sequential process inside `SU_TAIL`, including its depth-one `DelayBuffer`
- Keep asynchronous reset behavior exactly as in the incumbent
- Keep `tail_di_en`, output selection, and all tail arithmetic unchanged

The synthesis-visible implementation must contain the real `sky130_fd_sc_hd__dlclkp_1`; no AND, ternary, mux, or generic logic may drive the tail clock. Any RTL-simulation accommodation must be excluded from synthesis and must not conflict with the PDK model during GLS.

### Correctness argument

- **Mode 64:** `do_*` selects `s2_do_*`, so no tail state or output is architecturally observable. Freezing the entire tail cannot affect the 64-point values, 71-cycle latency, or valid window.
- **Mode 128:** `active_mode` remains high for the transaction, so every source-clock edge reaches the tail. Its behavior and 137-cycle latency remain cycle-equivalent to the incumbent.
- **Reset-separated transitions:** Tail control registers retain their existing reset behavior. The unreset depth-one data word is flushed before valid tail output, as in the incumbent.
- **Continuous frames:** The gate remains continuously enabled throughout all mode-128 fill, processing, drain, and back-to-back-frame intervals.

### Physical expectations and checks

The likely mode-64 saving is modest—roughly on the order of `0.1–0.3 mW`, not the theoretical benefit of gating 2,016 delay-bank bits—but implementation risk and mode-128 overhead should be much lower.

Verify:

1. Exactly one `sky130_fd_sc_hd__dlclkp_1` survives synthesis.
2. All tail sequential cells are clocked from its `GCLK`.
3. No generic logic drives a clock pin.
4. Bit-exact 64/128 directed, randomized, and three-frame tests pass.
5. First-valid latency remains exactly 71/137 cycles.
6. Mapped GLS passes.
7. Clock-gating setup/hold and ordinary setup/hold pass with TNS 0.
8. DRC remains zero and area remains below `339,908 µm²`.
9. Measure both modes; reject if the mode-128 gate overhead outweighs the mode-64 reduction.

No files were edited.

--------------------------------------------------------------------------------

================================================================================
[2026-09-06 12:04:56] session ses_f89662c5bffepA3kyln391ztzc
================================================================================

[User Message]
You are the power-optimization lead for the accepted shared FFT.
One ATOMIC hypothesis per candidate; complete replacement of the single candidate file; contract is immutable.
Incumbent measured objectives (lower is better): {"area": 282963.0, "p64": 39.9311, "p128": 40.4448, "e64": 39.132478, "e128": 74.418432}
Pareto archive (metrics only): [{"area": 286970.0, "p64": 39.81859, "p128": 40.44372, "e64": 39.0222182, "e128": 74.41644480000001}, {"area": 282963.0, "p64": 39.9311, "p128": 40.4448, "...

[Thinking]
**Evaluating files for candidates**

I’m thinking about inspecting the files to conduct an analysis. The goal here is to find a suitable candidate. I'll need to ensure I’m examining them thoroughly so I can make the best assessment. It’s important to focus on details that might indicate the qualifications or qualities we're looking for in the candidate. I’ll be methodical in my approach to avoid missing anything crucial.

[Tool Call: glob]
Args: {"pattern": "**/*", "path": "/work/peweaver/runs/ps-fft-6"}

[Tool Result]
/work/peweaver/runs/ps-fft-6/artifacts/implement_turn2.txt
/work/peweaver/runs/ps-fft-6/artifacts/chia-implement-gemini_20260906_102204.log
/work/peweaver/runs/ps-fft-6/artifacts/attribution_summary.json
/work/peweaver/runs/ps-fft-6/artifacts/check_turn6.json
/work/peweaver/runs/ps-fft-6/artifacts/implement_turn1.txt
/work/peweaver/runs/ps-fft-6/artifacts/worker_kill_turn1.json
/work/peweaver/runs/ps-fft-6/artifacts/advice_turn4.md
/work/peweaver/runs/ps-fft-6/artifacts/state.json
/work/peweaver/runs/ps-fft-6/artifacts/implement_turn5.txt
/work/peweaver/runs/ps-fft-6/artifacts/physical_turn6.json
/work/peweaver/runs/ps-fft-6/artifacts/implement_turn6.txt
/work/peweaver/runs/ps-fft-6/artifacts/chia-advise_20260906_102204.log
/work/peweaver/runs/ps-fft-6/artifacts/check_turn5.json
/work/peweaver/runs/ps-fft-6/artifacts/area_proxy_full.log
/work/peweaver/runs/ps-fft-6/artifacts/check_turn1.json
/work/peweaver/runs/ps-fft-6/artifacts/worker_kill_turn5.json
/work/peweaver/runs/ps-fft-6/artifacts/advice_turn1.md
/work/peweaver/runs/ps-fft-6/artifacts/check_turn2.json
/work/peweaver/runs/ps-fft-6/artifacts/config_fingerprint.json
/work/peweaver/runs/ps-fft-6/artifacts/pareto.json
/work/peweaver/runs/ps-fft-6/artifacts/advice_turn5.md
/work/peweaver/runs/ps-fft-6/artifacts/advice_turn2.md
/work/peweaver/runs/ps-fft-6/artifacts/physical_turn4.json
/work/peweaver/runs/ps-fft-6/artifacts/worker_kill_turn4.json
/work/peweaver/runs/ps-fft-6/artifacts/worker_kill_turn6.json
/work/peweaver/runs/ps-fft-6/artifacts/advice_turn3.md
/work/peweaver/runs/ps-fft-6/artifacts/physical_turn5.json
/work/peweaver/runs/ps-fft-6/artifacts/advice_turn6.md
/work/peweaver/runs/ps-fft-6/artifacts/physical_turn1.json
/work/peweaver/runs/ps-fft-6/artifacts/check_turn4.json
/work/peweaver/runs/ps-fft-6/artifacts/implement_turn4.txt
/work/peweaver/runs/ps-fft-6/synth_work/cand_proxy.v
/work/peweaver/runs/ps-fft-6/lock
/work/peweaver/runs/ps-fft-6/attempts/turn_0004/peweaver_shared_fft.v
/work/peweaver/
... [truncated]

[Tool Call: glob]
Args: {"pattern": "**/*.v", "path": "/work/peweaver/runs/ps-fft-6"}

[Tool Result]
/work/peweaver/runs/ps-fft-6/synth_work/cand_proxy.v
/work/peweaver/runs/ps-fft-6/attempts/turn_0004/peweaver_shared_fft.v
/work/peweaver/runs/ps-fft-6/source/third_party/r22sdf/SdfUnit.v
/work/peweaver/runs/ps-fft-6/source/third_party/r22sdf/Twiddle128.v
/work/peweaver/runs/ps-fft-6/source/third_party/r22sdf/FFT64.v
/work/peweaver/runs/ps-fft-6/source/third_party/r22sdf/Butterfly.v
/work/peweaver/runs/ps-fft-6/source/third_party/r22sdf/Twiddle64.v
/work/peweaver/runs/ps-fft-6/source/third_party/r22sdf/SdfUnit2.v
/work/peweaver/runs/ps-fft-6/source/third_party/r22sdf/Multiply.v
/work/peweaver/runs/ps-fft-6/source/third_party/r22sdf/DelayBuffer.v
/work/peweaver/runs/ps-fft-6/source/third_party/r22sdf/FFT128.v
/work/peweaver/runs/ps-fft-6/attempts/turn_0007/peweaver_shared_fft.v
/work/peweaver/runs/ps-fft-6/best/peweaver_shared_fft.v
/work/peweaver/runs/ps-fft-6/source/benchmarks/halo_fft64_reference/peweaver_halo_fft64_reference.v
/work/peweaver/runs/ps-fft-6/source/benchmarks/halo_fft128_reference/peweaver_halo_fft128_reference.v
/work/peweaver/runs/ps-fft-6/source/physical/synth/sky130_simple_map.v
/work/peweaver/runs/ps-fft-6/source/physical/results_attr/netlists/shared_ppa_synth.v
/work/peweaver/runs/ps-fft-6/source/physical/rtl/peweaver_ppa_fft128.v
/work/peweaver/runs/ps-fft-6/source/physical/rtl/peweaver_ppa_shared_fft.v
/work/peweaver/runs/ps-fft-6/source/physical/rtl/peweaver_shared_fft.v
/work/peweaver/runs/ps-fft-6/source/physical/rtl/peweaver_ppa_dual_fft.v
/work/peweaver/runs/ps-fft-6/source/physical/rtl/dual/sdfunit128.v
/work/peweaver/runs/ps-fft-6/source/physical/rtl/dual/fft128_core.v
/work/peweaver/runs/ps-fft-6/source/physical/rtl/dual/twiddle128_core.v
/work/peweaver/runs/ps-fft-6/source/physical/rtl/dual/halo_fft128_wrapper.v
/work/peweaver/runs/ps-fft-6/source/physical/rtl/peweaver_ppa_fft64.v
/work/peweaver/runs/ps-fft-6/source/physical/results/netlists/shared_ppa_synth.v
/work/peweaver/runs/ps-fft-6/source/merge_benchmarks/mac_reference/mac_a.
... [truncated]

[Tool Call: glob]
Args: {"pattern": "**/*.sv", "path": "/work/peweaver/runs/ps-fft-6"}

[Tool Result]
/work/peweaver/runs/ps-fft-6/source/benchmarks/equivalent_mode_exclusive_mac/case.sv
/work/peweaver/runs/ps-fft-6/source/benchmarks/equivalent_mode_exclusive_mac/sim_tb.sv
/work/peweaver/runs/ps-fft-6/source/physical/activity/fft64_activity_tb.sv
/work/peweaver/runs/ps-fft-6/source/physical/activity/shared_activity_tb.sv
/work/peweaver/runs/ps-fft-6/source/physical/activity/dual_activity_tb.sv
/work/peweaver/runs/ps-fft-6/source/physical/activity/fft128_activity_tb.sv
/work/peweaver/runs/ps-fft-6/source/physical/activity/hidden_holdout_tb.sv
/work/peweaver/runs/ps-fft-6/source/benchmarks/halo_fft128_reference/fft128_directed_tb.sv
/work/peweaver/runs/ps-fft-6/source/benchmarks/halo_fft64_reference/fft64_directed_tb.sv
/work/peweaver/runs/ps-fft-6/source/benchmarks/threshold_mode_exclusive/case.sv
/work/peweaver/runs/ps-fft-6/source/benchmarks/threshold_mode_exclusive/sim_tb.sv
/work/peweaver/runs/ps-fft-6/source/orchestration/formal/mac_formal_top.sv
/work/peweaver/runs/ps-fft-6/source/benchmarks/unsafe_simultaneous_mac/case.sv
/work/peweaver/runs/ps-fft-6/source/benchmarks/unsafe_simultaneous_mac/sim_tb.sv
/work/peweaver/runs/ps-fft-6/source/testdata/a.sv
/work/peweaver/runs/ps-fft-6/source/merge_benchmarks/mac_reference/mac_holdout_tb.sv
/work/peweaver/runs/ps-fft-6/source/merge_benchmarks/fir_reference/fir_holdout_tb.sv

[Thinking]
**Analyzing candidate performance**

I need to analyze the current candidate for turn7, considering they likely failed the physical test. I’ll compare this with the best practices and previous candidates, focusing on their history and any advice given. I'll need to review the architecture and RTL (Register Transfer Level) to understand the situation better and see what previous implementations can suggest regarding this candidate's performance. It’s important to gather all relevant information for a comprehensive understanding.

[Tool Call: read]
Args: {"filePath": "/work/peweaver/runs/ps-fft-6/attempts/turn_0007/peweaver_shared_fft.v", "offset": 1, "limit": 2000}

[Tool Result]
<path>/work/peweaver/runs/ps-fft-6/attempts/turn_0007/peweaver_shared_fft.v</path>
<type>file</type>
<content>
1: //----------------------------------------------------------------------
2: //  Peweaver Shared FFT: Mode-Select 64/128-Point FFT Core
3: //----------------------------------------------------------------------
4: module peweaver_shared_fft (
5:     input         clock,
6:     input         reset,
7:     input         mode,
8:     input         di_en,
9:     input  [15:0] di_re,
10:     input  [15:0] di_im,
11:     output        do_en,
12:     output [15:0] do_re,
13:     output [15:0] do_im
14: );
15: 
16:     // Compatibility parameter for wrapper elaboration
17:     parameter WIDTH = 16;
18: 
19:     // -------------------------------------------------------------------------
20:     // Mode Latching and State Ownership
21:     // -------------------------------------------------------------------------
22:     reg mode_q;
23:     reg mode_locked;
24: 
25:     always @(posedge clock or posedge reset) begin
26:         if (reset) begin
27:             mode_q      <= 1'b0;
28:             mode_locked <= 1'b0;
29:         end else if (!mode_locked) begin
30:             mode_q <= mode;
31:             if (di_en) begin
32:                 mode_locked <= 1'b1;
33:             end
34:         end
35:     end
36: 
37:     wire active_mode = mode_locked ? mode_q : mode;
38: 
39:     // -------------------------------------------------------------------------
40:     // Shared Radix-2^2 Pipeline Stages
41:     // -------------------------------------------------------------------------
42:     // Stage 0: Mode 0 (N=64, M=64), Mode 1 (N=128, M=128)
43:     wire        s0_do_en;
44:     wire [15:0] s0_do_re;
45:     wire [15:0] s0_do_im;
46: 
47:     SharedSdfUnit #(
48:         .STAGE_ID   (0),
49:         .LOG_M0     (6),
50:         .D1_DEPTH0  (32),
51:         .D1_DEPTH1  (64),
52:         .D2_DEPTH0  (16),
53:         .D2_DEPTH1  (32)
54:     ) SU0 (
55:  
... [truncated]

[Tool Call: read]
Args: {"filePath": "/work/peweaver/runs/ps-fft-6/best/peweaver_shared_fft.v", "offset": 1, "limit": 2000}

[Tool Result]
<path>/work/peweaver/runs/ps-fft-6/best/peweaver_shared_fft.v</path>
<type>file</type>
<content>
1: //----------------------------------------------------------------------
2: //  Peweaver Shared FFT: Mode-Select 64/128-Point FFT Core
3: //----------------------------------------------------------------------
4: module peweaver_shared_fft (
5:     input         clock,
6:     input         reset,
7:     input         mode,
8:     input         di_en,
9:     input  [15:0] di_re,
10:     input  [15:0] di_im,
11:     output        do_en,
12:     output [15:0] do_re,
13:     output [15:0] do_im
14: );
15: 
16:     // Compatibility parameter for wrapper elaboration
17:     parameter WIDTH = 16;
18: 
19:     // -------------------------------------------------------------------------
20:     // Mode Latching and State Ownership
21:     // -------------------------------------------------------------------------
22:     reg mode_q;
23:     reg mode_locked;
24: 
25:     always @(posedge clock or posedge reset) begin
26:         if (reset) begin
27:             mode_q      <= 1'b0;
28:             mode_locked <= 1'b0;
29:         end else if (!mode_locked) begin
30:             mode_q <= mode;
31:             if (di_en) begin
32:                 mode_locked <= 1'b1;
33:             end
34:         end
35:     end
36: 
37:     wire active_mode = mode_locked ? mode_q : mode;
38: 
39:     // -------------------------------------------------------------------------
40:     // Shared Radix-2^2 Pipeline Stages
41:     // -------------------------------------------------------------------------
42:     // Stage 0: Mode 0 (N=64, M=64), Mode 1 (N=128, M=128)
43:     wire        s0_do_en;
44:     wire [15:0] s0_do_re;
45:     wire [15:0] s0_do_im;
46: 
47:     SharedSdfUnit #(
48:         .STAGE_ID   (0),
49:         .LOG_M0     (6),
50:         .D1_DEPTH0  (32),
51:         .D1_DEPTH1  (64),
52:         .D2_DEPTH0  (16),
53:         .D2_DEPTH1  (32)
54:     ) SU0 (
55:         .clock 
... [truncated]

[Tool Call: read]
Args: {"filePath": "/work/peweaver/runs/ps-fft-6/source/SHARED_FFT_ARCHITECTURE.md", "offset": 1, "limit": 2000}

[Tool Result]
<path>/work/peweaver/runs/ps-fft-6/source/SHARED_FFT_ARCHITECTURE.md</path>
<type>file</type>
<content>
1: # PEWeaver shared 64/128-point FFT architecture specification
2: 
3: Status: architecture specification for the next experiment (2026-08-30).
4: This document defines the comparison, contracts, and falsifiable candidates; it
5: does not implement RTL and does not claim a sharing result.
6: 
7: ## 1. Research question and claim boundary
8: 
9: The experiment asks whether the 64-point and 128-point `r22sdf` streaming FFT
10: proxies can share a physical PE when the top-level workloads are mutually
11: exclusive, while preserving the exact fixed-point stream contract and meeting
12: the same throughput target. The intended claim is narrower than “an SDF FFT is
13: shareable”: a particular generated implementation passes the stated gates and
14: has a measured Pareto advantage under matched open-PDK workloads.
15: 
16: These are HALO-inspired proxies, not HALO RTL, a reproduction of a published
17: HALO process result, or a neural-decoding validation. The authoritative
18: references are:
19: 
20: - `third_party/r22sdf/FFT64.v` and `FFT128.v`, pinned at revision
21:   `f7dca6e548e1370b69a09382d30609ee14ba4a57`;
22: - `fft64_oracle.py` and `fft128_oracle.py`, independent arithmetic/dataflow
23:   models; and
24: - the directed fixtures and manifests under
25:   `benchmarks/halo_fft64_reference/` and
26:   `benchmarks/halo_fft128_reference/`.
27: 
28: The current `physical/rtl/peweaver_shared_fft.v` is retained as a negative
29: control. Its recorded RTL run (`physical/results/logs/verilator_rtl_shared_run.log`)
30: reports `0/64`, `0/64`, `0/128`, and `0/128` valid outputs for the four checked
31: frames. It must not be presented as a candidate result or repaired silently
32: into the headline comparison.
33: 
34: ## 2. Evidence classification
35: 
36: | Item | Status | Meaning |
37: | --- | --- | --- |
38: | Pinned FFT64/FFT128 interfaces, stage structure, 16-bit l
... [truncated]

[Tool Call: read]
Args: {"filePath": "/work/peweaver/runs/ps-fft-6/artifacts/implement_turn6.txt", "offset": 1, "limit": 500}

[Tool Result]
<path>/work/peweaver/runs/ps-fft-6/artifacts/implement_turn6.txt</path>
<type>file</type>
<content>
1: //----------------------------------------------------------------------
2: //  Peweaver Shared FFT: Mode-Select 64/128-Point FFT Core
3: //------------------------------------------------------------------

(End of file - total 3 lines)
</content>

[Tool Call: read]
Args: {"filePath": "/work/peweaver/runs/ps-fft-6/artifacts/advice_turn6.md", "offset": 1, "limit": 800}

[Tool Result]
<path>/work/peweaver/runs/ps-fft-6/artifacts/advice_turn6.md</path>
<type>file</type>
<content>
1: ## Recommended atomic hypothesis
2: 
3: **Clock-gate only the complete mode-128 radix-2 tail (`SU_TAIL`) in mode 64 with one characterized `sky130_fd_sc_hd__dlclkp_1`.**
4: 
5: Do not modify shared delay banks, arithmetic, operands, counters, reset behavior, or valid generation in this candidate.
6: 
7: ### Why this is the appropriate next experiment
8: 
9: The prior upper-delay-bank attempt failed timing and substantially increased implementation cost:
10: 
11: - Area: `282,963 → 311,415 µm²`
12: - `p128`: `40.4448 → 42.07478 mW`
13: - WNS: approximately `-0.092 ns`
14: - TNS: approximately `-0.150 ns`
15: 
16: Regardless of whether that result used true ICGs or enable-flop substitution, it shows that a six-bank/2,016-bit transformation is presently too disruptive. Tail-only gating is a much smaller physical experiment:
17: 
18: - One ICG rather than six.
19: - Approximately 67 tail-state bits stop receiving mode-64 clock edges:
20:   - 32-bit one-word complex delay
21:   - 32-bit output data registers
22:   - `bf_en`, `bf_sp_en`, and `do_en`
23: - No mux or enable is added to a functional data path.
24: - Mode-128 sees only one gate’s clock insertion and internal-power overhead.
25: 
26: This still directly targets the dominant measured mechanism: clock-related power is 19.6566 mW, or 49.1% of total mode-64 streaming power.
27: 
28: ### Required structure
29: 
30: Generate a dedicated tail clock through exactly one characterized gate:
31: 
32: - Source clock: top-level `clock`
33: - Gate enable: transaction-stable `active_mode`
34: - Gated-clock load: every sequential process inside `SU_TAIL`, including its depth-one `DelayBuffer`
35: - Keep asynchronous reset behavior exactly as in the incumbent
36: - Keep `tail_di_en`, output selection, and all tail arithmetic unchanged
37: 
38: The synthesis-visible implementation must contain the real `sky130_fd_sc_hd__dlclkp_1`;
... [truncated]

[Tool Call: read]
Args: {"filePath": "/work/peweaver/runs/ps-fft-6/artifacts/state.json", "offset": 1, "limit": 1000}

[Tool Result]
<path>/work/peweaver/runs/ps-fft-6/artifacts/state.json</path>
<type>file</type>
<content>
1: {
2:  "turn": 7,
3:  "accepted": false,
4:  "stop_reason": "",
5:  "candidates_generated": 5,
6:  "physical_runs": 4,
7:  "best_hash": "f4d5ae2fadc63ab075f97344ec0ed4ccae6f6e66c8219a072c4c316a17b9e700",
8:  "best_manifest": {
9:   "peweaver_shared_fft.v": "f4d5ae2fadc63ab075f97344ec0ed4ccae6f6e66c8219a072c4c316a17b9e700"
10:  },
11:  "best_metrics": {
12:   "area": 282963.0,
13:   "p64": 39.9311,
14:   "p128": 40.4448,
15:   "e64": 39.132478,
16:   "e128": 74.418432
17:  },
18:  "best_verdict": "PARETO",
19:  "archive": [
20:   {
21:    "hash": "ce64c71552f0aa1750ae62c15a081d16d52e92396d9d67243088aeec4723e92e",
22:    "turn": 0,
23:    "verdict": "PARETO",
24:    "metrics": {
25:     "area": 286970.0,
26:     "p64": 39.81859,
27:     "p128": 40.44372,
28:     "e64": 39.0222182,
29:     "e128": 74.41644480000001
30:    }
31:   },
32:   {
33:    "hash": "f4d5ae2fadc63ab075f97344ec0ed4ccae6f6e66c8219a072c4c316a17b9e700",
34:    "turn": 4,
35:    "verdict": "PARETO",
36:    "metrics": {
37:     "area": 282963.0,
38:     "p64": 39.9311,
39:     "p128": 40.4448,
40:     "e64": 39.132478,
41:     "e128": 74.418432
42:    }
43:   }
44:  ],
45:  "consecutive_dominated": 0,
46:  "hypothesis": "## Recommended atomic hypothesis",
47:  "advice": "## Recommended atomic hypothesis\n\n**Clock-gate only the complete mode-128 radix-2 tail (`SU_TAIL`) in mode 64 with one characterized `sky130_fd_sc_hd__dlclkp_1`.**\n\nDo not modify shared delay banks, arithmetic, operands, counters, reset behavior, or valid generation in this candidate.\n\n### Why this is the appropriate next experiment\n\nThe prior upper-delay-bank attempt failed timing and substantially increased implementation cost:\n\n- Area: `282,963 \u2192 311,415 \u00b5m\u00b2`\n- `p128`: `40.4448 \u2192 42.07478 mW`\n- WNS: approximately `-0.092 ns`\n- TNS: approximately `-0.150 ns`\n\nRegardless of whether that result used true ICGs 
... [truncated]

[Tool Call: read]
Args: {"filePath": "/work/peweaver/runs/ps-fft-6/artifacts/advice_turn1.md", "offset": 1, "limit": 700}

[Tool Result]
<path>/work/peweaver/runs/ps-fft-6/artifacts/advice_turn1.md</path>
<type>file</type>
<content>
1: ## Atomic hypothesis
2: 
3: **Clock-gate only the mode-128-only upper halves of the six shared delay banks using characterized `sky130_fd_sc_hd__dlclkp` cells.**
4: 
5: Do not gate the radix-2 tail or modify any other state in this candidate.
6: 
7: ### Target
8: 
9: Single candidate file:
10: 
11: `/work/peweaver/runs/ps-fft-6/best/peweaver_shared_fft.v`
12: 
13: Relevant implementation:
14: 
15: - Six `SharedDelayBuffer` instances: approximately lines 203–214 and 275–286
16: - `SharedDelayBuffer`: approximately lines 403–436
17: 
18: ## Rationale
19: 
20: Every delay bank has `DEPTH1 = 2*DEPTH0`. Mode 64 observes only `buf[DEPTH0-1]`, but the incumbent shifts the entire `DEPTH1` bank every cycle. Because shifting runs from low indices toward high indices, the upper half cannot influence the lower half.
21: 
22: The mode-128-only storage is:
23: 
24: | Bank | Mode-128-only words | Clocked bits |
25: |---|---:|---:|
26: | 64/32 | 32 complex | 1,024 |
27: | 32/16 | 16 complex | 512 |
28: | 16/8 | 8 complex | 256 |
29: | 8/4 | 4 complex | 128 |
30: | 4/2 | 2 complex | 64 |
31: | 2/1 | 1 complex | 32 |
32: | **Total** | **63 complex** | **2,016 bits** |
33: 
34: Thus this hypothesis removes mode-64 clock activity from approximately 2,016 flop clock pins. That directly attacks the dominant measured region: clock-root power is 19.66 mW, or 49.1% of total streaming power.
35: 
36: It is likely a materially larger opportunity than gating the roughly 67 bits of tail-stage state alone.
37: 
38: ## Intended structural replacement
39: 
40: Split `SharedDelayBuffer` into:
41: 
42: 1. An always-clocked lower array of `DEPTH0` complex words.
43: 2. A gated upper array of `DEPTH1-DEPTH0` complex words.
44: 3. One local characterized clock gate per buffer, enabled by the existing per-stage `mode` input—which is already driven by `active_mode`.
45: 
46: Equivalent behavior should be:
4
... [truncated]

[Tool Call: read]
Args: {"filePath": "/work/peweaver/runs/ps-fft-6/artifacts/advice_turn2.md", "offset": 1, "limit": 700}

[Tool Result]
<path>/work/peweaver/runs/ps-fft-6/artifacts/advice_turn2.md</path>
<type>file</type>
<content>
1: ## Atomic hypothesis
2: 
3: **Clock-gate only the mode-128-only upper halves of the six `SharedDelayBuffer` banks with characterized `sky130_fd_sc_hd__dlclkp` cells.**
4: 
5: Make no other optimization in this candidate—specifically, no operand isolation, tail-stage gating, arithmetic changes, counter changes, or reset changes.
6: 
7: ### Why retry this hypothesis
8: 
9: The previous physical failure did not test this hypothesis correctly:
10: 
11: - It used `if (mode)` clock enables, which synthesized approximately 2,016 bits into enabled flops rather than removing their clock-tree activity.
12: - It also added multiplier operand-isolation muxes, violating the one-hypothesis rule.
13: - Those muxes touched the already-critical multiply datapath and plausibly caused the reported timing failure.
14: - The result reduced `p64` by only about 0.021 mW while increasing area from 286,970 to 311,415 and `p128` from 40.44 to 42.07 mW.
15: 
16: Thus the failure is evidence against enable-flop substitution and bundled operand isolation, not against real integrated clock gating.
17: 
18: ## Exact scope
19: 
20: In `SharedDelayBuffer`:
21: 
22: 1. Keep the first `DEPTH0` complex words on the original `clock`.
23: 2. Put the remaining `DEPTH1-DEPTH0` words on one local `dlclkp` gated clock.
24: 3. Drive the gate enable from the existing `mode` input, which is already `active_mode` at all six instances.
25: 4. On each enabled edge, upper word zero must capture the **pre-edge** lower terminal word.
26: 5. Preserve the existing output selection:
27:    - Mode 64: lower terminal word.
28:    - Mode 128: upper terminal word.
29: 6. Preserve unreset delay storage.
30: 
31: Use separate nonblocking lower-bank and upper-bank sequential processes. Do not add a boundary register, since that would alter mode-128 latency.
32: 
33: This creates exactly six local clock gates and suppresses mode-
... [truncated]

[Tool Call: read]
Args: {"filePath": "/work/peweaver/runs/ps-fft-6/artifacts/advice_turn3.md", "offset": 1, "limit": 700}

[Tool Result]
<path>/work/peweaver/runs/ps-fft-6/artifacts/advice_turn3.md</path>
<type>file</type>
<content>
1: ## Atomic hypothesis
2: 
3: **Clock-gate only the mode-128-only upper extensions of the six `SharedDelayBuffer` banks using six characterized `sky130_fd_sc_hd__dlclkp_1` cells.**
4: 
5: Do not combine this with tail-stage gating, operand isolation, reset changes, arithmetic changes, or valid-based gating.
6: 
7: ### Exact scope
8: 
9: The six shared buffers have depths:
10: 
11: | Buffer | 64-mode depth | 128-mode depth | Mode-128-only state |
12: |---|---:|---:|---:|
13: | `SU0.DB1` | 32 | 64 | 1,024 bits |
14: | `SU0.DB2` | 16 | 32 | 512 bits |
15: | `SU1.DB1` | 8 | 16 | 256 bits |
16: | `SU1.DB2` | 4 | 8 | 128 bits |
17: | `SU2.DB1` | 2 | 4 | 64 bits |
18: | `SU2.DB2` | 1 | 2 | 32 bits |
19: | **Total** | | | **2,016 bits** |
20: 
21: In `SharedDelayBuffer` at `best/peweaver_shared_fft.v:406-436`:
22: 
23: - Keep indices `0 .. DEPTH0-1` on the original clock.
24: - Put indices `DEPTH0 .. DEPTH1-1` on one local gated clock.
25: - Drive each gate’s `GATE` from the existing buffer `mode` input.
26: - Preserve the two taps exactly:
27:   - mode 64: lower-bank terminal
28:   - mode 128: upper-bank terminal
29: - Preserve unreset delay storage.
30: - Do not add a boundary register.
31: 
32: The upper bank must capture the **pre-edge** lower terminal value using nonblocking semantics. Otherwise, mode-128 data shifts by a cycle and violates the 137-cycle latency.
33: 
34: ## Correctness basis
35: 
36: All six buffer `mode` inputs originate from top-level `active_mode` (`best/peweaver_shared_fft.v:37,57,81,105`). Once the first input is accepted, `active_mode` remains locked until reset.
37: 
38: - **Mode 64:** the upper extensions are neither selected nor connected back into the active lower portions. Holding them cannot affect arithmetic, feedback, valid timing, or the 71-cycle latency.
39: - **Mode 128:** the gates remain continuously enabled through input, pipeline fill,
... [truncated]

[Tool Call: read]
Args: {"filePath": "/work/peweaver/runs/ps-fft-6/artifacts/advice_turn4.md", "offset": 1, "limit": 700}

[Tool Result]
<path>/work/peweaver/runs/ps-fft-6/artifacts/advice_turn4.md</path>
<type>file</type>
<content>
1: ## Failure diagnosis
2: 
3: The reported line:
4: 
5: `shared_activity_tb.sv:247: Verilog $finish`
6: 
7: is only the testbench termination point. `burst_len=384` confirms the final three-frame mode-128 burst produced the expected number of valid outputs, so the failure was primarily numerical rather than latency or valid-window corruption.
8: 
9: The rejected staging RTL contains a likely mode-128 data bug:
10: 
11: ```verilog
12: assign bf_sp_im = bf_en ? y0_im : db_do_re;
13: ```
14: 
15: The accepted incumbent correctly uses:
16: 
17: ```verilog
18: assign bf_sp_im = bf_en ? y0_im : db_do_im;
19: ```
20: 
21: Because this is in the 128-point tail, it explains correct burst length with mode-128 value mismatches. The exact three error events cannot be reconstructed from the aggregate log, and that rejected file also contains unrelated reset and twiddle changes. Therefore, any future candidate must be based only on:
22: 
23: `/work/peweaver/runs/ps-fft-6/best/peweaver_shared_fft.v`
24: 
25: —not the failed physical staging copy.
26: 
27: ## One atomic hypothesis
28: 
29: > **Clock-gate only the mode-128-only upper extensions of the six shared delay buffers in mode 64, using one characterized `sky130_fd_sc_hd__dlclkp` cell per buffer.**
30: 
31: Do not combine this with tail gating, operand isolation, arithmetic changes, counter changes, or reset cleanup.
32: 
33: ### Targeted state
34: 
35: Each shared delay has `DEPTH1 = 2 × DEPTH0`. Mode 64 reads only the lower half; the upper half cannot feed backward into it.
36: 
37: | Buffer | 128-only words | Clocked bits |
38: |---|---:|---:|
39: | `SU0.DB1` | 32 complex | 1,024 |
40: | `SU0.DB2` | 16 complex | 512 |
41: | `SU1.DB1` | 8 complex | 256 |
42: | `SU1.DB2` | 4 complex | 128 |
43: | `SU2.DB1` | 2 complex | 64 |
44: | `SU2.DB2` | 1 complex | 32 |
45: | **Total** | **63 complex** | **2,016** |
46: 
47: This directly a
... [truncated]

[Tool Call: read]
Args: {"filePath": "/work/peweaver/runs/ps-fft-6/artifacts/advice_turn5.md", "offset": 1, "limit": 700}

[Tool Result]
<path>/work/peweaver/runs/ps-fft-6/artifacts/advice_turn5.md</path>
<type>file</type>
<content>
1: ## Recommended atomic hypothesis
2: 
3: **Clock-gate only the mode-128-only upper extensions of the six `SharedDelayBuffer` instances in mode 64, using one characterized `sky130_fd_sc_hd__dlclkp_1` per buffer.**
4: 
5: Do not combine this candidate with tail gating, operand isolation, counter enables, reset changes, or arithmetic restructuring.
6: 
7: ## Evidence basis
8: 
9: The incumbent shifts every delay buffer to its mode-128 depth regardless of mode. In mode 64, the upper extensions are unused:
10: 
11: | Buffer | 128-only complex words | Clocked bits |
12: |---|---:|---:|
13: | `SU0.DB1` | 32 | 1,024 |
14: | `SU0.DB2` | 16 | 512 |
15: | `SU1.DB1` | 8 | 256 |
16: | `SU1.DB2` | 4 | 128 |
17: | `SU2.DB1` | 2 | 64 |
18: | `SU2.DB2` | 1 | 32 |
19: | **Total** | **63** | **2,016** |
20: 
21: This directly targets the dominant measured mechanism: `clock_root` accounts for 19.6566 mW, approximately 49.1% of total streaming power, with 19.2296 mW being internal power. The named arithmetic stages together consume less than 1 mW, making operand isolation a lower-priority hypothesis.
22: 
23: ## Required structural behavior
24: 
25: Within `SharedDelayBuffer`:
26: 
27: - Keep indices `0 .. DEPTH0-1` on the original `clock`.
28: - Put indices `DEPTH0 .. DEPTH1-1` behind one local `sky130_fd_sc_hd__dlclkp_1`.
29: - Drive `GATE` from the buffer’s existing `mode`, which receives transaction-stable `active_mode`.
30: - Preserve the existing output taps:
31:   - mode 64: `DEPTH0-1`
32:   - mode 128: `DEPTH1-1`
33: - Keep delay storage unreset, exactly as in the incumbent.
34: - Use separate nonblocking lower- and upper-bank processes so the first upper word captures the **pre-edge** value of the lower terminal word.
35: - Do not introduce a boundary register; it would add one cycle to mode-128 behavior.
36: - Do not gate from `di_en`, local valid signals, or `do_en`, because SDF 
... [truncated]

[Tool Call: read]
Args: {"filePath": "/work/peweaver/runs/ps-fft-6/artifacts/physical_turn6.json", "offset": 1, "limit": 1000}

[Tool Result]
<path>/work/peweaver/runs/ps-fft-6/artifacts/physical_turn6.json</path>
<type>file</type>
<content>
1: {
2:  "passed": false,
3:  "retry": false,
4:  "note": "result JSON missing; rc=1; -0305] read_power_activities is deprecated. Use read_vcd.\nAnnotated 89467 pin activities.\n[WARNING STA-0305] read_power_activities is deprecated. Use read_vcd.\nAnnotated 89467 pin activities.\nDesign area 288442 u^2 47% utilization.\nPEWEAVER_PHYSICAL_FLOW_DONE\nrun-physical.sh: stage 4 result assembly\nassemble_results.py: reset recovery report has groups/types set()/set();",
5:  "detail": {}
6: }

(End of file - total 6 lines)
</content>

[Tool Call: read]
Args: {"filePath": "/work/peweaver/runs/ps-fft-6/artifacts/physical_turn5.json", "offset": 1, "limit": 1000}

[Tool Result]
<path>/work/peweaver/runs/ps-fft-6/artifacts/physical_turn5.json</path>
<type>file</type>
<content>
1: {
2:  "passed": false,
3:  "retry": false,
4:  "note": "timing_met=False drc=0",
5:  "detail": {
6:   "area": 311415.0,
7:   "p64": 39.797180000000004,
8:   "p128": 42.07478,
9:   "e64": 39.0012364,
10:   "e128": 77.4175952
11:  }
12: }

(End of file - total 12 lines)
</content>

[Tool Call: read]
Args: {"filePath": "/work/peweaver/runs/ps-fft-6/artifacts/physical_turn4.json", "offset": 1, "limit": 1000}

[Tool Result]
<path>/work/peweaver/runs/ps-fft-6/artifacts/physical_turn4.json</path>
<type>file</type>
<content>
1: {
2:  "passed": true,
3:  "retry": false,
4:  "note": "physical flow passed",
5:  "detail": {
6:   "area": 282963.0,
7:   "p64": 39.9311,
8:   "p128": 40.4448,
9:   "e64": 39.132478,
10:   "e128": 74.418432
11:  }
12: }

(End of file - total 12 lines)
</content>

[Tool Call: read]
Args: {"filePath": "/work/peweaver/runs/ps-fft-6/artifacts/check_turn6.json", "offset": 1, "limit": 1000}

[Tool Result]
<path>/work/peweaver/runs/ps-fft-6/artifacts/check_turn6.json</path>
<type>file</type>
<content>
1: {
2:  "verdict": "ACCEPT",
3:  "level": 3,
4:  "feedback": "",
5:  "detail": {
6:   "lint": {
7:    "passed": true,
8:    "retry": false,
9:    "note": ""
10:   },
11:   "functional": {
12:    "passed": true,
13:    "retry": false,
14:    "note": "PEWEAVER_ACTIVITY_DONE\n- /work/peweaver/runs/ps-fft-6/source/physical/activity/shared_activity_tb.sv:247: Verilog $finish\n- S i m u l a t i o n   R e p o r t: Verilator 5.051 devel\n- Verilator: $finish at 14us; walltime 0.002 s; speed 5.526 ms/s\n- Verilator: cpu 0.002 s on 1 threads; allocated 4 MB\n"
15:   },
16:   "area_proxy": {
17:    "passed": true,
18:    "retry": false,
19:    "note": "synth cell count 28636 (incumbent 32745) ok"
20:   }
21:  }
22: }

(End of file - total 22 lines)
</content>

[Tool Call: read]
Args: {"filePath": "/work/peweaver/runs/ps-fft-6/artifacts/check_turn5.json", "offset": 1, "limit": 1000}

[Tool Result]
<path>/work/peweaver/runs/ps-fft-6/artifacts/check_turn5.json</path>
<type>file</type>
<content>
1: {
2:  "verdict": "ACCEPT",
3:  "level": 3,
4:  "feedback": "",
5:  "detail": {
6:   "lint": {
7:    "passed": true,
8:    "retry": false,
9:    "note": ""
10:   },
11:   "functional": {
12:    "passed": true,
13:    "retry": false,
14:    "note": "PEWEAVER_ACTIVITY_DONE\n- /work/peweaver/runs/ps-fft-6/source/physical/activity/shared_activity_tb.sv:247: Verilog $finish\n- S i m u l a t i o n   R e p o r t: Verilator 5.051 devel\n- Verilator: $finish at 14us; walltime 0.003 s; speed 5.443 ms/s\n- Verilator: cpu 0.003 s on 1 threads; allocated 4 MB\n"
15:   },
16:   "area_proxy": {
17:    "passed": true,
18:    "retry": false,
19:    "note": "synth cell count 28944 (incumbent 32745) ok"
20:   }
21:  }
22: }

(End of file - total 22 lines)
</content>

[Tool Call: read]
Args: {"filePath": "/work/peweaver/runs/ps-fft-6/artifacts/check_turn4.json", "offset": 1, "limit": 1000}

[Tool Result]
<path>/work/peweaver/runs/ps-fft-6/artifacts/check_turn4.json</path>
<type>file</type>
<content>
1: {
2:  "verdict": "ACCEPT",
3:  "level": 3,
4:  "feedback": "",
5:  "detail": {
6:   "lint": {
7:    "passed": true,
8:    "retry": false,
9:    "note": ""
10:   },
11:   "functional": {
12:    "passed": true,
13:    "retry": false,
14:    "note": "PEWEAVER_ACTIVITY_DONE\n- /work/peweaver/runs/ps-fft-6/source/physical/activity/shared_activity_tb.sv:247: Verilog $finish\n- S i m u l a t i o n   R e p o r t: Verilator 5.051 devel\n- Verilator: $finish at 14us; walltime 0.003 s; speed 5.441 ms/s\n- Verilator: cpu 0.003 s on 1 threads; allocated 4 MB\n"
15:   },
16:   "area_proxy": {
17:    "passed": true,
18:    "retry": false,
19:    "note": "synth cell count 28045 (incumbent 32745) ok"
20:   }
21:  }
22: }

(End of file - total 22 lines)
</content>

[Tool Call: read]
Args: {"filePath": "/work/peweaver/runs/ps-fft-6/artifacts/implement_turn5.txt", "offset": 1, "limit": 300}

[Tool Result]
<path>/work/peweaver/runs/ps-fft-6/artifacts/implement_turn5.txt</path>
<type>file</type>
<content>
1: //----------------------------------------------------------------------
2: //  Peweaver Shared FFT: Mode-Select 64/128-Point FFT Core
3: //------------------------------------------------------------------

(End of file - total 3 lines)
</content>

[Tool Call: read]
Args: {"filePath": "/work/peweaver/runs/ps-fft-6/artifacts/implement_turn4.txt", "offset": 1, "limit": 100}

[Tool Result]
<path>/work/peweaver/runs/ps-fft-6/artifacts/implement_turn4.txt</path>
<type>file</type>
<content>
1: //----------------------------------------------------------------------
2: //  Peweaver Shared FFT: Mode-Select 64/128-Point FFT Core
3: //------------------------------------------------------------------

(End of file - total 3 lines)
</content>

[Tool Call: grep]
Args: {"pattern": "dlclkp|SYNTHESIS|VERILATOR|tail_clock|gated", "path": "/work/peweaver/runs/ps-fft-6", "include": "*.v"}

[Tool Result]
Found 3 matches
/work/peweaver/runs/ps-fft-6/source/physical/rtl/peweaver_ppa_dual_fft.v:
  Line 1: // PEWeaver ungated dual-core FFT reference (variant A, plan workstream 4).


/work/peweaver/runs/ps-fft-6/source/physical/rtl/dual/fft128_core.v:
  Line 2: //  FFT128_core: renamed derivation of FFT128.v for the ungated FFT Using Radix-2^2 Single-Path Delay Feedback


/work/peweaver/runs/ps-fft-6/source/physical/rtl/peweaver_ppa_fft64.v:
  Line 15: // and the future shared candidate. Data inputs are NOT reset-gated here;


[Tool Call: grep]
Args: {"pattern": "dlclkp", "path": "/work/peweaver/runs/ps-fft-6/source/physical/results", "include": "*.v"}

[Tool Result]
No files found

[Tool Call: grep]
Args: {"pattern": "dlclkp", "path": "/work/peweaver/runs/ps-fft-6/source/physical/results_attr", "include": "*.v"}

[Tool Result]
No files found

[Tool Call: glob]
Args: {"pattern": "**/*reset*", "path": "/work/peweaver/runs/ps-fft-6/source/physical"}

[Tool Result]
No files found

[Tool Call: grep]
Args: {"pattern": "reset recovery|recovery|groups/types", "path": "/work/peweaver/runs/ps-fft-6/source", "include": "*.py"}

[Tool Result]
Found 18 matches
/work/peweaver/runs/ps-fft-6/source/physical/reproducibility.py:
  Line 66:                     "sta_hold_paths", "sta_recovery_paths", "sta_removal_paths",


/work/peweaver/runs/ps-fft-6/source/physical/assemble_results.py:
  Line 165:                     "sta_recovery": "sta_recovery_paths.rpt",

  Line 196:                     "sta_recovery": "sta_recovery_paths_fft128.rpt",

  Line 230:                     "sta_recovery": "sta_recovery_paths_shared.rpt",

  Line 268:                     "sta_recovery": "sta_recovery_paths_dual.rpt",

  Line 371:             die(f"{check_name} report has groups/types {groups}/{types}; "

  Line 386:     recovery_wns = worst_reported_slack(

  Line 387:         cfg["reports"]["sta_recovery"], "reset recovery", "asynchronous", "max")

  Line 391:                      (setup_wns, hold_wns, recovery_wns, removal_wns))

  Line 462:         ("sta_recovery_paths", R / "reports" / cfg["reports"]["sta_recovery"]),

  Line 617:                 "reset_recovery_slack_ns": recovery_wns,

  Line 629:                                 "reset-to-core recovery/removal is reported"),

  Line 753:           f"recovery={recovery_wns:.3f} ns, removal={removal_wns:.3f} ns, "


/work/peweaver/runs/ps-fft-6/source/orchestration/chia_power_save.py:
  Line 7: recovery), specialized for correctness-preserving Pareto optimization:

  Line 380:         # crash recovery: first try to restore the promoted candidate itself


/work/peweaver/runs/ps-fft-6/source/orchestration/test_chia_power_save.py:
  Line 4: resume-with-changed-input rejection, crash recovery, semantic-vs-infra

  Line 113:     # promoted attempt sandboxes persist: they are the crash-recovery source

  Line 293: def test_crash_recovery_restores_best(tmp_path):


[Thinking]
**Considering inspection options**

I’m thinking about inspecting reports, particularly current and netlists. It sounds like a good approach to ensure everything is accurate and up to date. I should probably check the specific details in the reports to see what issues or updates might be present. It’s always useful to keep well-informed about any changes. Let's see if any notable details pop up during the inspection process!

[Tool Call: glob]
Args: {"pattern": "source/physical/results/reports/*shared*", "path": "/work/peweaver/runs/ps-fft-6"}

[Tool Result]
/work/peweaver/runs/ps-fft-6/source/physical/results/reports/sta_min_paths_shared.rpt
/work/peweaver/runs/ps-fft-6/source/physical/results/reports/sta_setup_paths_shared.rpt
/work/peweaver/runs/ps-fft-6/source/physical/results/reports/power_streaming_shared.rpt
/work/peweaver/runs/ps-fft-6/source/physical/results/reports/tns_shared.rpt
/work/peweaver/runs/ps-fft-6/source/physical/results/reports/drc_shared.rpt
/work/peweaver/runs/ps-fft-6/source/physical/results/reports/sta_hold_paths_shared.rpt
/work/peweaver/runs/ps-fft-6/source/physical/results/reports/metrics_shared.txt
/work/peweaver/runs/ps-fft-6/source/physical/results/reports/sta_removal_paths_shared.rpt
/work/peweaver/runs/ps-fft-6/source/physical/results/reports/wns_shared.rpt
/work/peweaver/runs/ps-fft-6/source/physical/results/reports/power_streaming_128_shared.rpt
/work/peweaver/runs/ps-fft-6/source/physical/results/reports/sta_recovery_paths_shared.rpt
/work/peweaver/runs/ps-fft-6/source/physical/results/reports/power_scenario_shared.rpt
/work/peweaver/runs/ps-fft-6/source/physical/results/reports/sta_max_paths_shared.rpt

[Tool Call: glob]
Args: {"pattern": "source/physical/results/**/*", "path": "/work/peweaver/runs/ps-fft-6"}

[Tool Result]
/work/peweaver/runs/ps-fft-6/source/physical/results/work/shared_gls.vvp
/work/peweaver/runs/ps-fft-6/source/physical/results/activity/gls_stream_shared.vcd
/work/peweaver/runs/ps-fft-6/source/physical/results/activity/rtl_scenario_shared.vcd
/work/peweaver/runs/ps-fft-6/source/physical/results/activity/gls_stream_128_shared_norm.vcd
/work/peweaver/runs/ps-fft-6/source/physical/results/activity/gls_stream_shared_norm.vcd
/work/peweaver/runs/ps-fft-6/source/physical/results/activity/gls_scenario_shared_norm.vcd
/work/peweaver/runs/ps-fft-6/source/physical/results/activity/gls_stream_128_shared.vcd
/work/peweaver/runs/ps-fft-6/source/physical/results/activity/gls_scenario_shared.vcd
/work/peweaver/runs/ps-fft-6/source/physical/results/work/verilator_rtl_shared_20260906_104150_54142/Vpeweaver_shared_activity_tb___024root__Slow.cpp
/work/peweaver/runs/ps-fft-6/source/physical/results/work/verilator_rtl_shared_20260906_104150_54142/Vpeweaver_shared_activity_tb__ALL.o
/work/peweaver/runs/ps-fft-6/source/physical/results/spef/shared_baseline.spef
/work/peweaver/runs/ps-fft-6/source/physical/results/reports/metrics_shared.txt
/work/peweaver/runs/ps-fft-6/source/physical/results/reports/sta_removal_paths_shared.rpt
/work/peweaver/runs/ps-fft-6/source/physical/results/reports/wns_shared.rpt
/work/peweaver/runs/ps-fft-6/source/physical/results/reports/sta_min_paths_shared.rpt
/work/peweaver/runs/ps-fft-6/source/physical/results/reports/power_streaming_shared.rpt
/work/peweaver/runs/ps-fft-6/source/physical/results/reports/tns_shared.rpt
/work/peweaver/runs/ps-fft-6/source/physical/results/leakage_check/raw_state_1.8_1.8.log
/work/peweaver/runs/ps-fft-6/source/physical/results/work/verilator_rtl_shared_20260906_104150_54142/Vpeweaver_shared_activity_tb__Syms.h
/work/peweaver/runs/ps-fft-6/source/physical/results/leakage_check/raw_state_1.8_0.log
/work/peweaver/runs/ps-fft-6/source/physical/results/work/verilator_rtl_shared_20260906_104150_54142/Vpeweaver_shared_activity_tb___02
... [truncated]

[Tool Call: grep]
Args: {"pattern": "dlclkp", "path": "/work/peweaver/runs/ps-fft-6/source/physical/results", "include": "shared_ppa_synth.v"}

[Tool Result]
No files found

[Tool Call: read]
Args: {"filePath": "/work/peweaver/runs/ps-fft-6/source/physical/assemble_results.py", "offset": 340, "limit": 65}

[Tool Result]
<path>/work/peweaver/runs/ps-fft-6/source/physical/assemble_results.py</path>
<type>file</type>
<content>
340:             try:
341:                 metrics[parts[0]] = float(parts[1])
342:             except ValueError:
343:                 die(f"unparsable metrics.txt line: {line!r}")
344:     for key in ("instance_count", "worst_slack_max_ns",
345:                 "total_negative_slack_max_ns", "worst_slack_min_ns"):
346:         if key not in metrics:
347:             die(f"metrics.txt missing {key}")
348: 
349:     or_log = read_text(R / "logs" / cfg["logs"]["be"])
350:     m = re.search(
351:         r"Design area\s+([0-9.]+)\s+u\^?2\s+([0-9.]+)% utilization", or_log)
352:     pnr_area_um2 = float(m.group(1)) if m else None
353:     utilization_pct = float(m.group(2)) if m else None
354:     if pnr_area_um2 is None or utilization_pct is None:
355:         die("could not parse Design area/utilization from the backend log")
356: 
357:     # Overall metrics are retained as a cross-check, while the published
358:     # numbers below come from path-group-specific reports.
359:     overall_wns_max = metrics["worst_slack_max_ns"]
360:     overall_wns_min = metrics["worst_slack_min_ns"]
361: 
362:     # Timing is reported by semantic path class.  The external asynchronous
363:     # reset port is waived only at the reset-synchronizer boundary; the
364:     # synchronizer's registered release into the core remains timed here.
365:     def worst_reported_slack(report_name: str, check_name: str,
366:                              expected_group: str, expected_type: str) -> float:
367:         report = read_text(R / "reports" / report_name)
368:         groups = set(re.findall(r"^Path Group:\s*(\S+)\s*$", report, re.MULTILINE))
369:         types = set(re.findall(r"^Path Type:\s*(\S+)\s*$", report, re.MULTILINE))
370:         if groups != {expected_group} or types != {expected_type}:
371:             die(f"{check_name} report has groups/types {groups}/{types}; "
372:      
... [truncated]

[Thinking]
**Checking netlist status**

I’m wondering if the netlist is likely missing? Initially, the glob mentioned a path for the source/physical/results/netlists, but maybe the current search results don’t show it. I should read the recovery report and check the setup to determine if the physical RTL is a viable candidate. It feels like I’m piecing together a puzzle, so I want to make sure I've considered all available information before concluding.

[Tool Call: read]
Args: {"filePath": "/work/peweaver/runs/ps-fft-6/source/physical/results/reports/sta_recovery_paths_shared.rpt", "offset": 1, "limit": 100}

[Tool Result]
<path>/work/peweaver/runs/ps-fft-6/source/physical/results/reports/sta_recovery_paths_shared.rpt</path>
<type>file</type>
<content>
1: No paths found.

(End of file - total 1 lines)
</content>

[Tool Call: read]
Args: {"filePath": "/work/peweaver/runs/ps-fft-6/source/physical/results/reports/sta_removal_paths_shared.rpt", "offset": 1, "limit": 100}

[Tool Result]
<path>/work/peweaver/runs/ps-fft-6/source/physical/results/reports/sta_removal_paths_shared.rpt</path>
<type>file</type>
<content>
1: No paths found.

(End of file - total 1 lines)
</content>

[Tool Call: read]
Args: {"filePath": "/work/peweaver/runs/ps-fft-6/source/physical/rtl/peweaver_shared_fft.v", "offset": 1, "limit": 170}

[Tool Result]
<path>/work/peweaver/runs/ps-fft-6/source/physical/rtl/peweaver_shared_fft.v</path>
<type>file</type>
<content>
1: //----------------------------------------------------------------------
2: //  Peweaver Shared FFT: Mode-Select 64/128-Point FFT Core
3: //----------------------------------------------------------------------
4: module peweaver_shared_fft (
5:     input         clock,
6:     input         reset,
7:     input         mode,
8:     input         di_en,
9:     input  [15:0] di_re,
10:     input  [15:0] di_im,
11:     output        do_en,
12:     output [15:0] do_re,
13:     output [15:0] do_im
14: );
15: 
16:     // Compatibility parameter for wrapper elaboration
17:     parameter WIDTH = 16;
18: 
19:     // -------------------------------------------------------------------------
20:     // Mode Latching and State Ownership
21:     // -------------------------------------------------------------------------
22:     reg mode_q;
23:     reg mode_locked;
24: 
25:     always @(posedge clock) begin
26:         if (reset) begin
27:             mode_q      <= 1'b0;
28:             mode_locked <= 1'b0;
29:         end else if (!mode_locked) begin
30:             mode_q <= mode;
31:             if (di_en) begin
32:                 mode_locked <= 1'b1;
33:             end
34:         end
35:     end
36: 
37:     wire active_mode = mode_locked ? mode_q : mode;
38: 
39:     // -------------------------------------------------------------------------
40:     // Shared Radix-2^2 Pipeline Stages
41:     // -------------------------------------------------------------------------
42:     // Stage 0: Mode 0 (N=64, M=64), Mode 1 (N=128, M=128)
43:     wire        s0_do_en;
44:     wire [15:0] s0_do_re;
45:     wire [15:0] s0_do_im;
46: 
47:     SharedSdfUnit #(
48:         .STAGE_ID   (0),
49:         .LOG_M0     (6),
50:         .D1_DEPTH0  (32),
51:         .D1_DEPTH1  (64),
52:         .D2_DEPTH0  (16),
53:         .D2_DEPTH1  (32)
54:     ) SU0 (
55:         .clock  (
... [truncated]

[Tool Call: grep]
Args: {"pattern": "dlclkp|GCLK|GATE", "path": "/work/peweaver/runs/ps-fft-6/source/physical", "include": "shared_ppa_synth.v"}

[Tool Result]
No files found

[Tool Call: grep]
Args: {"pattern": "always @\\(posedge clock", "path": "/work/peweaver/runs/ps-fft-6/source/physical/rtl", "include": "peweaver_shared_fft.v"}

[Tool Result]
Found 18 matches
/work/peweaver/runs/ps-fft-6/source/physical/rtl/peweaver_shared_fft.v:
  Line 25:     always @(posedge clock) begin

  Line 176:     always @(posedge clock) begin

  Line 222:     always @(posedge clock) begin

  Line 240:     always @(posedge clock) begin

  Line 250:     always @(posedge clock) begin

  Line 292:     always @(posedge clock) begin

  Line 304:     always @(posedge clock) begin

  Line 318:     always @(posedge clock) begin

  Line 323:     always @(posedge clock) begin

  Line 369:     always @(posedge clock) begin

  Line 391:     always @(posedge clock) begin

  Line 396:     always @(posedge clock) begin

  Line 433:     always @(posedge clock) begin

  Line 482:     always @(posedge clock) begin

  Line 519:     always @(posedge clock) begin

  Line 529:     always @(posedge clock) begin

  Line 555:     always @(posedge clock) begin

  Line 649:     always @(posedge clock) begin


[Tool Call: grep]
Args: {"pattern": "always @\\(posedge clock", "path": "/work/peweaver/runs/ps-fft-6/best", "include": "peweaver_shared_fft.v"}

[Tool Result]
Found 18 matches
/work/peweaver/runs/ps-fft-6/best/peweaver_shared_fft.v:
  Line 25:     always @(posedge clock or posedge reset) begin

  Line 176:     always @(posedge clock or posedge reset) begin

  Line 222:     always @(posedge clock or posedge reset) begin

  Line 240:     always @(posedge clock) begin

  Line 250:     always @(posedge clock or posedge reset) begin

  Line 292:     always @(posedge clock or posedge reset) begin

  Line 304:     always @(posedge clock or posedge reset) begin

  Line 318:     always @(posedge clock) begin

  Line 323:     always @(posedge clock or posedge reset) begin

  Line 360:     always @(posedge clock or posedge reset) begin

  Line 382:     always @(posedge clock) begin

  Line 387:     always @(posedge clock or posedge reset) begin

  Line 424:     always @(posedge clock) begin

  Line 473:     always @(posedge clock or posedge reset) begin

  Line 510:     always @(posedge clock or posedge reset) begin

  Line 520:     always @(posedge clock) begin

  Line 546:     always @(posedge clock) begin

  Line 640:     always @(posedge clock) begin


[Tool Call: read]
Args: {"filePath": "/work/peweaver/runs/ps-fft-6/source/physical/rtl/peweaver_shared_fft.v", "offset": 400, "limit": 170}

[Tool Result]
<path>/work/peweaver/runs/ps-fft-6/source/physical/rtl/peweaver_shared_fft.v</path>
<type>file</type>
<content>
400:             mu_do_en <= bf2_do_en;
401:         end
402:     end
403: 
404:     // Stage 2 bypasses multiplier and extra register in 64-point mode (M=4)
405:     assign do_en = (STAGE_ID == 2 && !mode) ? bf2_do_en : mu_do_en;
406:     assign do_re = (STAGE_ID == 2 && !mode) ? bf2_do_re : mu_do_re;
407:     assign do_im = (STAGE_ID == 2 && !mode) ? bf2_do_im : mu_do_im;
408: 
409: endmodule
410: 
411: 
412: //----------------------------------------------------------------------
413: //  SharedDelayBuffer: Multi-Depth Shift Buffer with Tap Muxing
414: //----------------------------------------------------------------------
415: module SharedDelayBuffer #(
416:     parameter DEPTH0 = 32,
417:     parameter DEPTH1 = 64,
418:     parameter WIDTH  = 16
419: )(
420:     input               clock,
421:     input               mode,
422:     input   [WIDTH-1:0] di_re,
423:     input   [WIDTH-1:0] di_im,
424:     output  [WIDTH-1:0] do_re,
425:     output  [WIDTH-1:0] do_im
426: );
427: 
428:     localparam MAX_DEPTH = (DEPTH1 > DEPTH0) ? DEPTH1 : DEPTH0;
429:     reg [WIDTH-1:0] buf_re[0:MAX_DEPTH-1];
430:     reg [WIDTH-1:0] buf_im[0:MAX_DEPTH-1];
431:     integer n;
432: 
433:     always @(posedge clock) begin
434:         for (n = MAX_DEPTH-1; n > 0; n = n - 1) begin
435:             buf_re[n] <= buf_re[n-1];
436:             buf_im[n] <= buf_im[n-1];
437:         end
438:         buf_re[0] <= di_re;
439:         buf_im[0] <= di_im;
440:     end
441: 
442:     assign do_re = mode ? buf_re[DEPTH1-1] : buf_re[DEPTH0-1];
443:     assign do_im = mode ? buf_im[DEPTH1-1] : buf_im[DEPTH0-1];
444: 
445: endmodule
446: 
447: 
448: //----------------------------------------------------------------------
449: //  SdfUnit2: Radix-2 SDF Tail Unit for Twiddle Resolution M = 2
450: //----------------------------------------------------------------------
451: module SdfUn
... [truncated]

[Thinking]
**Analyzing candidate performance**

I'm looking at the current candidate’s staged performance, specifically regarding synchronous resets and twiddle optimizations. There’s a possibility it’s turning up actual performance issues, which might not align with the advice given on tail gating. I’m questioning whether the model was implemented incorrectly. It seems I need to identify differences to grasp what’s happening, but we don’t have bash diff available. I’ll also need to grep the lines around twiddle and mu for more insight!

[Tool Call: read]
Args: {"filePath": "/work/peweaver/runs/ps-fft-6/source/physical/rtl/peweaver_shared_fft.v", "offset": 330, "limit": 80}

[Tool Result]
<path>/work/peweaver/runs/ps-fft-6/source/physical/rtl/peweaver_shared_fft.v</path>
<type>file</type>
<content>
330: 
331:     // -----------------------------------------------------------------
332:     // Twiddle Generation & Multiplier
333:     // -----------------------------------------------------------------
334:     wire [1:0] tw_sel;
335:     assign tw_sel[1] = mode ? bf2_count[LOG_M0-1] : bf2_count[LOG_M0-2];
336:     assign tw_sel[0] = mode ? bf2_count[LOG_M0]   : bf2_count[LOG_M0-1];
337: 
338:     reg [4:0] tw_base;
339:     always @(*) begin
340:         if (STAGE_ID == 0) begin
341:             tw_base = mode ? bf2_count[4:0] : {bf2_count[3:0], 1'b0};
342:         end else if (STAGE_ID == 1) begin
343:             tw_base = mode ? {bf2_count[2:0], 2'b00} : {bf2_count[1:0], 3'b000};
344:         end else begin
345:             tw_base = mode ? {bf2_count[0], 4'b0000} : 5'b00000;
346:         end
347:     end
348: 
349:     reg [6:0] tw_addr;
350:     always @(*) begin
351:         case (tw_sel)
352:             2'b01:   tw_addr = {2'b00, tw_base};
353:             2'b10:   tw_addr = {1'b0, tw_base, 1'b0};
354:             2'b11:   tw_addr = {1'b0, tw_base, 1'b0} + {2'b00, tw_base};
355:             default: tw_addr = 7'd0;
356:         endcase
357:     end
358: 
359:     wire [15:0] tw_re, tw_im;
360: 
361:     Twiddle TW (
362:         .clock (clock),
363:         .addr  (tw_addr),
364:         .tw_re (tw_re),
365:         .tw_im (tw_im)
366:     );
367: 
368:     reg mu_en;
369:     always @(posedge clock) begin
370:         if (reset) begin
371:             mu_en <= 1'b0;
372:         end else begin
373:             mu_en <= (tw_addr != 7'd0);
374:         end
375:     end
376: 
377:     wire [15:0] mu_m_re, mu_m_im;
378:     Multiply #(.WIDTH(16)) MU (
379:         .a_re (bf2_do_re),
380:         .a_im (bf2_do_im),
381:         .b_re (tw_re),
382:         .b_im (tw_im),
383:         .m_re (mu_m_re),
384:         .m_im (mu_m_im)
385:     );
386: 
3
... [truncated]

[Tool Call: read]
Args: {"filePath": "/work/peweaver/runs/ps-fft-6/source/physical/results/reports/metrics_shared.txt", "offset": 1, "limit": 100}

[Tool Result]
<path>/work/peweaver/runs/ps-fft-6/source/physical/results/reports/metrics_shared.txt</path>
<type>file</type>
<content>
1: instance_count 39813
2: worst_slack_max_ns 0.40687276921493576
3: total_negative_slack_max_ns 0.0
4: worst_slack_min_ns 0.18979951481032006

(End of file - total 4 lines)
</content>

[Tool Call: read]
Args: {"filePath": "/work/peweaver/runs/ps-fft-6/source/physical/results/reports/power_streaming_shared.rpt", "offset": 1, "limit": 100}

[Tool Result]
<path>/work/peweaver/runs/ps-fft-6/source/physical/results/reports/power_streaming_shared.rpt</path>
<type>file</type>
<content>
1: Group                    Internal    Switching      Leakage        Total
2:                             Power        Power        Power        Power (Watts)
3: ------------------------------------------------------------------------
4: Sequential           1.972353e-02 6.060709e-04 3.754641e-08 2.032963e-02  50.4%
5: Combinational        1.665491e-03 3.016725e-03 1.080578e-07 4.682324e-03  11.6%
6: Clock                8.422407e-03 6.894849e-03 7.233290e-09 1.531726e-02  38.0%
7: Macro                0.000000e+00 0.000000e+00 0.000000e+00 0.000000e+00   0.0%
8: Pad                  0.000000e+00 0.000000e+00 0.000000e+00 0.000000e+00   0.0%
9: ------------------------------------------------------------------------
10: Total                2.981135e-02 1.051765e-02 1.528341e-07 4.032915e-02 100.0%
11:                             73.9%        26.1%         0.0%

(End of file - total 11 lines)
</content>

[Tool Call: read]
Args: {"filePath": "/work/peweaver/runs/ps-fft-6/source/physical/results/reports/power_streaming_128_shared.rpt", "offset": 1, "limit": 100}

[Tool Result]
<path>/work/peweaver/runs/ps-fft-6/source/physical/results/reports/power_streaming_128_shared.rpt</path>
<type>file</type>
<content>
1: Group                    Internal    Switching      Leakage        Total
2:                             Power        Power        Power        Power (Watts)
3: ------------------------------------------------------------------------
4: Sequential           1.961175e-02 5.732136e-04 3.761591e-08 2.018500e-02  49.3%
5: Combinational        1.954248e-03 3.489193e-03 1.067251e-07 5.443547e-03  13.3%
6: Clock                8.422407e-03 6.894849e-03 7.233290e-09 1.531726e-02  37.4%
7: Macro                0.000000e+00 0.000000e+00 0.000000e+00 0.000000e+00   0.0%
8: Pad                  0.000000e+00 0.000000e+00 0.000000e+00 0.000000e+00   0.0%
9: ------------------------------------------------------------------------
10: Total                2.998840e-02 1.095724e-02 1.515755e-07 4.094580e-02 100.0%
11:                             73.2%        26.8%         0.0%

(End of file - total 11 lines)
</content>

[Tool Call: read]
Args: {"filePath": "/work/peweaver/runs/ps-fft-6/source/physical/results/reports/sta_setup_paths_shared.rpt", "offset": 1, "limit": 30}

[Tool Result]
<path>/work/peweaver/runs/ps-fft-6/source/physical/results/reports/sta_setup_paths_shared.rpt</path>
<type>file</type>
<content>
1: Startpoint: _52371_ (rising edge-triggered flip-flop clocked by core_clock)
2: Endpoint: _52348_ (rising edge-triggered flip-flop clocked by core_clock)
3: Path Group: core_clock
4: Path Type: max
5: 
6:       Delay        Time   Description
7: -----------------------------------------------------------------
8:    0.000000    0.000000   clock core_clock (rise edge)
9:    1.229076    1.229076   clock network delay (propagated)
10:    0.000000    1.229076 ^ _52371_/CLK (sky130_fd_sc_hd__dfxtp_4)
11:    0.439733    1.668809 ^ _52371_/Q (sky130_fd_sc_hd__dfxtp_4)
12:    0.182637    1.851446 ^ fanout130/X (sky130_fd_sc_hd__buf_12)
13:    0.163312    2.014758 ^ fanout129/X (sky130_fd_sc_hd__buf_12)
14:    0.139631    2.154389 ^ fanout128/X (sky130_fd_sc_hd__buf_12)
15:    0.172344    2.326733 ^ _30156_/X (sky130_fd_sc_hd__and2_4)
16:    0.168839    2.495571 ^ _30228_/X (sky130_fd_sc_hd__xor2_2)
17:    0.273467    2.769039 ^ _30295_/X (sky130_fd_sc_hd__xor2_1)
18:    0.244804    3.013842 ^ _30304_/X (sky130_fd_sc_hd__xor2_1)
19:    0.300457    3.314299 ^ _30370_/X (sky130_fd_sc_hd__xor2_1)
20:    0.240412    3.554711 ^ _30372_/X (sky130_fd_sc_hd__xor2_1)
21:    0.245183    3.799894 ^ _30374_/X (sky130_fd_sc_hd__xor2_1)
22:    0.260210    4.060103 ^ _30681_/X (sky130_fd_sc_hd__xor2_1)
23:    0.234255    4.294358 ^ _30683_/X (sky130_fd_sc_hd__xor2_1)
24:    0.230072    4.524431 ^ _30685_/X (sky130_fd_sc_hd__xor2_1)
25:    0.235319    4.759749 ^ _30687_/X (sky130_fd_sc_hd__xor2_1)
26:    0.122550    4.882300 v _30689_/Y (sky130_fd_sc_hd__xnor2_1)
27:    0.214821    5.097121 v _30694_/X (sky130_fd_sc_hd__or2_0)
28:    0.133605    5.230725 v _30704_/X (sky130_fd_sc_hd__and2_1)
29:    0.060266    5.290992 ^ _30705_/Y (sky130_fd_sc_hd__nand2_1)
30:    0.045964    5.336956 v _30711_/Y (sky130_fd_sc_hd__nand2_1)

(Showing lines 1-30 of 414. Use offset
... [truncated]

[Tool Call: read]
Args: {"filePath": "/work/peweaver/runs/ps-fft-6/source/physical/results/reports/sta_hold_paths_shared.rpt", "offset": 1, "limit": 30}

[Tool Result]
<path>/work/peweaver/runs/ps-fft-6/source/physical/results/reports/sta_hold_paths_shared.rpt</path>
<type>file</type>
<content>
1: Startpoint: _51257_ (rising edge-triggered flip-flop clocked by core_clock)
2: Endpoint: _51241_ (rising edge-triggered flip-flop clocked by core_clock)
3: Path Group: core_clock
4: Path Type: min
5: 
6:       Delay        Time   Description
7: -----------------------------------------------------------------
8:    0.000000    0.000000   clock core_clock (rise edge)
9:    1.269998    1.269998   clock network delay (propagated)
10:    0.000000    1.269998 ^ _51257_/CLK (sky130_fd_sc_hd__dfxtp_1)
11:    0.297141    1.567138 ^ _51257_/Q (sky130_fd_sc_hd__dfxtp_1)
12:    0.000039    1.567177 ^ _51241_/D (sky130_fd_sc_hd__dfxtp_1)
13:                1.567177   data arrival time
14: 
15:    0.000000    0.000000   clock core_clock (rise edge)
16:    1.353845    1.353845   clock network delay (propagated)
17:    0.050000    1.403845   clock uncertainty
18:    0.000000    1.403845   clock reconvergence pessimism
19:                1.403845 ^ _51241_/CLK (sky130_fd_sc_hd__dfxtp_1)
20:   -0.026468    1.377378   library hold time
21:                1.377378   data required time
22: -----------------------------------------------------------------
23:                1.377378   data required time
24:               -1.567177   data arrival time
25: -----------------------------------------------------------------
26:                0.189800   slack (MET)
27: 
28: 
29: Startpoint: _50257_ (rising edge-triggered flip-flop clocked by core_clock)
30: Endpoint: _50241_ (rising edge-triggered flip-flop clocked by core_clock)

(Showing lines 1-30 of 140. Use offset=31 to continue.)
</content>

[Tool Call: grep]
Args: {"pattern": "cell \\(sky130_fd_sc_hd__dlclkp|sky130_fd_sc_hd__dlclkp", "path": "/work/peweaver/runs/ps-fft-6/source/physical", "include": "*.lib"}

[Tool Result]
Found 18 matches
/work/peweaver/runs/ps-fft-6/source/physical/results_attr/work/lib_shared_tt_synth.lib:
  Line 57211:     cell ("sky130_fd_sc_hd__dlclkp_1") {

  Line 57238:         cell_footprint : "sky130_fd_sc_hd__dlclkp";

  Line 57450:     cell ("sky130_fd_sc_hd__dlclkp_2") {

  Line 57477:         cell_footprint : "sky130_fd_sc_hd__dlclkp";

  Line 57689:     cell ("sky130_fd_sc_hd__dlclkp_4") {

  Line 57716:         cell_footprint : "sky130_fd_sc_hd__dlclkp";


/work/peweaver/runs/ps-fft-6/source/physical/results_repeat/work/lib_dual_tt_synth.lib:
  Line 57211:     cell ("sky130_fd_sc_hd__dlclkp_1") {

  Line 57238:         cell_footprint : "sky130_fd_sc_hd__dlclkp";

  Line 57450:     cell ("sky130_fd_sc_hd__dlclkp_2") {

  Line 57477:         cell_footprint : "sky130_fd_sc_hd__dlclkp";

  Line 57689:     cell ("sky130_fd_sc_hd__dlclkp_4") {

  Line 57716:         cell_footprint : "sky130_fd_sc_hd__dlclkp";


/work/peweaver/runs/ps-fft-6/source/physical/results/work/lib_shared_tt_synth.lib:
  Line 57211:     cell ("sky130_fd_sc_hd__dlclkp_1") {

  Line 57238:         cell_footprint : "sky130_fd_sc_hd__dlclkp";

  Line 57450:     cell ("sky130_fd_sc_hd__dlclkp_2") {

  Line 57477:         cell_footprint : "sky130_fd_sc_hd__dlclkp";

  Line 57689:     cell ("sky130_fd_sc_hd__dlclkp_4") {

  Line 57716:         cell_footprint : "sky130_fd_sc_hd__dlclkp";


[Tool Call: read]
Args: {"filePath": "/work/peweaver/runs/ps-fft-6/source/physical/results/work/lib_shared_tt_synth.lib", "offset": 57211, "limit": 35}

[Thinking]
**Examining implementation mismatches**

I’m considering implementation mismatches, particularly regarding preserving incumbent reset processes. For synchronous semantics, the gate should be forced open during a reset. If the system is asynchronously implemented, that might be unnecessary but harmless. Tail gating for sequential processes is crucial, so I need to ensure that everything aligns correctly. I’m estimating potential power savings and noting certain clock instances, which leads to interesting comparisons about area and performance against previous designs. It's a complex evaluation!**Assessing tail gating considerations**

I’m analyzing the area for tail gating, estimating it around 283k. If I implement p64, it needs to improve without letting p128 cause too much overhead. To surpass the archive for p64, I need over 0.1125, likely within 0.1-0.3. However, it seems one gate drives multiple flop pins, and I’m concerned about potential weakness. I also have to explicitly reject retests for upper banks that previously failed. Overall, I'll formulate sections focusing on failure interpretation, correctness, and checks, while being cautious about the user’s feedback.**Analyzing reset paths**

I see that the logs show no reset paths because the implementation removed the async reset arcs, leading to a semantic and flow mismatch. Without an authoritative result JSON, I shouldn’t infer acceptance of the current state; the `read_power_activities` warning is just an alert. It’s important to adhere to the instruction: "do not edit files." So, I’ll keep these points in mind as I proceed, ensuring compliance and accuracy!

[Response]
## Failure interpretation

The previous run is **not a valid power candidate result**:

- Placement, routing, activity annotation, and power reporting completed.
- `read_power_activities` deprecation messages are warnings, not the cause of failure.
- Result assembly failed because both reset timing reports contain only `No paths found.`, while the assembler requires asynchronous recovery/removal path groups.
- The staged physical RTL also appears to have changed reset processes and twiddle-address logic, while containing no surviving `dlclkp` instance. Therefore it did not cleanly test the intended tail-gating hypothesis.
- The reported `288,442 µm²` must not enter the Pareto archive without a complete result JSON and all hard gates.

## One atomic hypothesis

**Clock-gate only the complete mode-128 radix-2 tail stage (`SU_TAIL`) during mode 64 using exactly one characterized `sky130_fd_sc_hd__dlclkp_1`.**

No other RTL transformation should accompany it: preserve reset style, twiddle-address generation, shared delay buffers, counters, arithmetic, valid logic, and output selection exactly.

### Required structure

- Instantiate one real `sky130_fd_sc_hd__dlclkp_1`.
- Source its `CLK` from top-level `clock`.
- Drive its gate enable from transaction-stable `active_mode`.
- If synchronous reset requires a clock edge to clear tail state, force the gate open during reset with `active_mode | reset`; this affects only the gate-enable input, never the clock net itself.
- Connect `GCLK` to the `SU_TAIL.clock` input.
- This must clock every tail register, including the depth-one `DelayBuffer`.
- Keep `tail_di_en`, tail inputs, and top-level output muxes unchanged.
- Never model the synthesized clock as `clock & enable`, a ternary clock, or a generic mux.

## Correctness basis

- **Mode 64:** Tail outputs are unselected, so freezing all tail sequential state cannot affect FFT data, `do_en`, or the exact 71-cycle latency.
- **Mode 128:** `active_mode` remains asserted for the transaction, passing every source-clock edge and preserving the 137-cycle pipeline exactly.
- **Reset:** The existing reset semantics must remain intact. If reset is synchronous, opening the gate during reset ensures all resettable tail state receives the required edge.
- **Continuous frames:** The gate remains enabled throughout mode-128 input, fill, output, drain, and back-to-back frames.
- **Arithmetic:** No arithmetic path is modified.

## Expected value

The tail contains roughly 67 clocked bits, so the likely mode-64 reduction is modest, approximately `0.1–0.3 mW`. Nevertheless, it has a plausible chance of beating the low-power archive point’s `p64 = 39.81859 mW` while adding little area and only one gate’s mode-128 overhead. It is substantially less disruptive than the six-bank experiment that reached `311,415 µm²`, increased `p128` to `42.07478 mW`, and failed timing.

## Mandatory validation

1. Exactly one `sky130_fd_sc_hd__dlclkp_1` survives synthesis.
2. All tail sequential clock pins descend from its `GCLK`.
3. No combinational logic directly drives a clock pin.
4. Directed, randomized, transition, and continuous-frame tests remain bit-exact.
5. First-valid latency remains exactly 71/137 cycles.
6. Mapped GLS passes.
7. Setup, hold, clock-gating, and applicable reset checks all pass with TNS 0.
8. DRC remains zero and area remains below `339,908 µm²`.
9. Result assembly produces authoritative JSON before any Pareto decision.
10. Measure both modes; reject if mode-128 overhead outweighs the mode-64 benefit.

No files were edited.

--------------------------------------------------------------------------------

