     Internal    Switching      Leakage        Total
        Power        Power        Power        Power (Watts)
----------------------------------------------------
 1.889341e-06 3.160655e-06 7.341338e-12 5.050003e-06 _27722_
 1.781385e-06 2.982976e-06 7.341338e-12 4.764368e-06 _27779_
 1.764079e-06 2.804119e-06 7.242589e-12 4.568205e-06 _27825_
 8.105344e-07 3.297438e-06 8.999745e-12 4.107982e-06 _28342_
 1.033477e-06 2.860002e-06 6.790091e-12 3.893486e-06 _27738_
 1.168583e-06 2.686986e-06 6.790091e-12 3.855576e-06 _27730_
 7.053294e-07 3.129183e-06 8.914505e-12 3.834522e-06 _28336_
 1.419602e-06 2.173239e-06 7.341338e-12 3.592848e-06 _27755_
 6.002550e-07 2.924653e-06 8.914505e-12 3.524916e-06 _28328_
 7.716588e-07 2.702137e-06 9.021055e-12 3.473805e-06 _28370_
 7.202425e-07 2.620740e-06 9.042365e-12 3.340992e-06 _28350_
 1.051789e-06 2.257651e-06 6.705643e-12 3.309447e-06 _27806_
 1.152407e-06 2.085850e-06 6.747867e-12 3.238263e-06 _27771_
 6.873340e-07 2.497633e-06 9.042365e-12 3.184976e-06 _28356_
 9.732308e-07 2.053359e-06 6.790091e-12 3.026596e-06 _27746_
 5.955531e-07 2.370332e-06 9.127604e-12 2.965894e-06 _28364_
 8.710933e-07 1.889759e-06 7.341338e-12 2.760860e-06 _27704_
 8.925865e-07 1.848941e-06 6.663419e-12 2.741534e-06 _27815_
 8.519690e-07 1.821848e-06 6.705643e-12 2.673824e-06 _27788_
 3.753423e-07 2.069301e-06 7.499451e-12 2.444651e-06 _28378_
 4.473056e-07 1.911692e-06 6.177951e-12 2.359004e-06 _28239_
 3.372910e-07 1.977380e-06 6.209841e-12 2.314677e-06 _28249_
 6.718902e-07 1.573712e-06 4.017706e-12 2.245607e-06 _27763_
 3.521266e-07 1.842962e-06 7.344742e-12 2.195096e-06 _28415_
 3.237651e-07 1.757679e-06 6.209064e-12 2.081450e-06 _28254_
 3.336265e-07 1.691462e-06 7.418673e-12 2.025096e-06 _28384_
 4.321739e-07 1.559719e-06 4.419225e-12 1.991898e-06 _29580_
 2.946815e-07 1.694819e-06 6.132161e-12 1.989507e-06 _28269_
 5.243807e-07 1.444095e-06 6.466371e-12 1.968483e-06 _28456_
 2.855150e-07 1.658105e-06 6.381293e-12 1.943626e-06 _28259_
 4.864877e-07 1.409365e-06 4.411236e-12 1.895858e-06 _29450_
 5.944810e-07 1.297341e-06 4.156388e-12 1.891826e-06 _27797_
 3.233734e-07 1.563375e-06 7.434696e-12 1.886756e-06 _28410_
 2.925780e-07 1.576274e-06 6.278155e-12 1.868859e-06 _28264_
 3.332907e-07 1.516191e-06 7.564207e-12 1.849490e-06 _28404_
 4.975989e-07 1.245560e-06 3.869223e-12 1.743162e-06 _27881_
 2.880901e-07 1.400710e-06 6.250351e-12 1.688806e-06 _28244_
 3.471984e-07 1.339480e-06 7.456281e-12 1.686686e-06 _28398_
 4.856820e-07 1.192160e-06 4.407812e-12 1.677847e-06 _31193_
 2.940153e-07 1.359123e-06 7.521036e-12 1.653146e-06 _28390_
 4.383533e-07 1.172155e-06 4.786413e-12 1.610514e-06 _27863_
 1.993732e-07 1.397240e-06 6.562431e-12 1.596620e-06 _28231_
 5.096548e-07 1.044869e-06 6.466371e-12 1.554530e-06 _28544_
 3.923604e-07 1.158263e-06 4.412377e-12 1.550628e-06 _29652_
 3.784196e-07 1.140458e-06 4.414660e-12 1.518882e-06 _29729_
 1.685749e-07 1.249967e-06 6.661318e-12 1.418548e-06 _28218_
 2.587915e-07 1.158934e-06 6.297665e-12 1.417732e-06 _28205_
 4.017191e-07 9.878869e-07 6.747867e-12 1.389613e-06 _27698_
 4.696828e-07 9.168652e-07 6.410071e-12 1.386554e-06 _28556_
 4.836796e-07 8.775113e-07 4.097214e-12 1.361195e-06 _27893_
 3.881667e-07 9.633824e-07 4.420366e-12 1.351553e-06 _29514_
 1.899203e-07 1.155746e-06 6.664019e-12 1.345673e-06 _28213_
 2.383365e-07 1.046083e-06 3.656650e-12 1.284423e-06 _29179_
 2.339353e-07 1.043012e-06 6.203804e-12 1.276953e-06 _28192_
 2.280812e-07 1.025692e-06 6.276667e-12 1.253779e-06 _28200_
 1.728377e-07 1.011013e-06 6.780842e-12 1.183857e-06 _28226_
 3.658832e-07 8.178456e-07 4.400964e-12 1.183733e-06 _31550_
 3.911680e-07 7.777241e-07 6.283398e-12 1.168898e-06 _27974_
 4.211899e-07 7.399798e-07 4.406670e-12 1.161174e-06 _30922_
 4.388149e-07 7.198989e-07 4.406670e-12 1.158718e-06 _31257_
 2.496055e-07 8.502307e-07 7.433265e-12 1.099844e-06 _28322_
 3.129897e-07 7.782730e-07 4.549319e-12 1.091267e-06 _28533_
 2.590750e-07 7.874045e-07 3.680754e-12 1.046483e-06 _29167_
 3.200012e-07 7.198281e-07 6.339697e-12 1.039836e-06 _27940_
 1.764533e-07 8.536174e-07 7.366207e-12 1.030078e-06 _28963_
 4.173214e-07 5.991628e-07 4.405529e-12 1.016489e-06 _31323_
 6.810848e-07 3.263039e-07 4.832750e-12 1.007394e-06 _60330_
 2.065225e-07 7.979981e-07 3.702181e-12 1.004524e-06 _29159_
 4.361335e-07 5.293325e-07 4.405529e-12 9.654705e-07 _30905_
 6.834280e-07 2.786004e-07 4.832750e-12 9.620333e-07 _60335_
 2.563509e-07 6.948509e-07 3.686111e-12 9.512054e-07 _29162_
 4.301926e-07 5.189746e-07 2.111475e-12 9.491692e-07 _27885_
 3.820101e-07 5.662628e-07 4.412377e-12 9.482773e-07 _30902_
 3.078947e-07 6.392467e-07 4.595546e-12 9.471459e-07 _28467_
 3.168078e-07 6.301153e-07 6.283398e-12 9.469294e-07 _27991_
 6.745860e-07 2.576297e-07 4.832750e-12 9.322205e-07 _60340_
 2.821747e-07 6.314391e-07 6.325623e-12 9.136201e-07 _27899_
 1.755984e-07 7.229167e-07 3.728964e-12 8.985189e-07 _29885_
 1.092509e-07 7.795991e-07 6.081130e-12 8.888562e-07 _28961_
 2.273108e-07 6.613516e-07 4.872909e-12 8.886673e-07 _27914_
 5.603946e-07 3.201715e-07 1.862503e-12 8.805679e-07 _28143_
 2.784380e-07 5.887845e-07 4.641774e-12 8.672272e-07 _28559_
 1.775445e-07 6.782213e-07 3.720929e-12 8.557695e-07 _29807_
 5.599239e-07 2.873779e-07 1.862503e-12 8.473037e-07 _36417_
 1.860797e-07 6.606878e-07 3.707538e-12 8.467712e-07 _29156_
 4.141543e-07 4.209782e-07 4.407812e-12 8.351369e-07 _30910_
 3.801058e-07 4.428881e-07 4.339647e-12 8.229982e-07 _33738_
 3.602748e-07 4.612269e-07 4.397540e-12 8.215060e-07 _31395_
 1.327233e-07 6.820832e-07 6.926596e-12 8.148133e-07 _53123_
 2.257411e-07 5.696323e-07 4.872909e-12 7.953784e-07 _27923_
 4.366787e-07 3.582587e-07 4.249189e-12 7.949416e-07 _31029_
 5.533876e-07 2.386833e-07 1.862503e-12 7.920727e-07 _29105_
 4.210306e-07 3.537534e-07 4.727798e-12 7.747887e-07 _34587_
 3.284783e-07 4.413713e-07 4.340734e-12 7.698540e-07 _33815_
 2.647100e-07 5.036979e-07 4.572433e-12 7.684125e-07 _28522_
 1.992413e-07 5.654710e-07 4.302784e-12 7.647166e-07 _31087_
 3.252070e-07 4.359640e-07 4.406670e-12 7.611754e-07 _30899_
 4.667829e-07 2.873097e-07 2.130150e-12 7.540947e-07 _27883_
 2.769450e-07 4.755190e-07 1.935061e-12 7.524659e-07 _29142_
 3.255427e-07 4.269117e-07 4.332945e-12 7.524587e-07 _33737_
 4.147127e-07 3.297216e-07 4.779764e-12 7.444390e-07 _31020_
 1.317377e-07 6.119023e-07 3.656650e-12 7.436437e-07 _29181_
 3.267394e-07 4.138579e-07 4.334027e-12 7.406015e-07 _33814_
 2.543173e-07 4.842051e-07 4.766371e-12 7.385272e-07 _27713_
 4.211361e-07 3.160377e-07 4.370115e-12 7.371783e-07 _32915_
 2.748351e-07 4.620655e-07 1.935061e-12 7.369025e-07 _28123_
 2.307901e-07 5.030083e-07 9.829804e-12 7.338083e-07 _31034_
 3.448074e-07 3.864003e-07 4.339647e-12 7.312120e-07 _33884_
 3.886085e-07 3.353787e-07 4.265574e-12 7.239915e-07 _29286_
 3.244527e-07 3.948395e-07 4.345085e-12 7.192965e-07 _33660_
 1.838642e-07 5.339876e-07 4.780455e-12 7.178566e-07 _27905_
 2.440379e-07 4.649397e-07 4.803569e-12 7.089824e-07 _28018_
 2.044841e-07 5.036502e-07 4.849796e-12 7.081391e-07 _28788_
 4.059841e-07 2.989226e-07 4.156434e-12 7.049109e-07 _34596_
 3.092954e-07 3.910095e-07 4.330945e-12 7.003092e-07 _34011_
 2.906582e-07 4.020138e-07 4.327533e-12 6.926764e-07 _34061_
 2.439082e-07 4.486800e-07 4.780455e-12 6.925929e-07 _28478_
 4.529674e-07 2.385370e-07 2.347508e-12 6.915068e-07 _52888_
 2.238562e-07 4.576346e-07 4.872909e-12 6.814956e-07 _27982_
 4.028210e-07 2.776418e-07 4.474106e-12 6.804673e-07 _29277_
 2.748018e-07 3.967308e-07 1.935061e-12 6.715346e-07 _27675_
 3.910444e-07 2.784047e-07 4.541073e-12 6.694536e-07 _32906_
 3.552906e-07 3.098946e-07 4.400964e-12 6.651896e-07 _31472_
 1.821746e-07 4.682115e-07 4.641774e-12 6.503908e-07 _27957_
 3.381118e-07 3.082950e-07 4.404388e-12 6.464112e-07 _31628_
 3.119651e-07 3.291765e-07 2.102308e-12 6.411437e-07 _27865_
 4.377117e-07 2.003423e-07 2.094484e-12 6.380561e-07 _27871_
 4.053403e-07 2.320173e-07 2.097725e-12 6.373598e-07 _27869_
 1.824335e-07 4.523345e-07 4.734228e-12 6.347727e-07 _28710_
 2.738513e-07 3.574407e-07 1.935061e-12 6.312939e-07 _29083_
 2.104399e-07 4.117352e-07 5.453628e-12 6.221806e-07 _28445_
 3.815940e-07 2.379096e-07 2.150910e-12 6.195058e-07 _27891_
 1.811721e-07 4.336001e-07 5.996200e-12 6.147782e-07 _27931_
 2.730956e-07 3.414967e-07 4.332945e-12 6.145967e-07 _32058_
 1.602332e-07 4.515403e-07 4.424932e-12 6.117780e-07 _29177_
 3.372018e-07 2.742818e-07 2.102308e-12 6.114856e-07 _27877_
 3.814656e-07 2.288083e-07 2.036426e-12 6.102760e-07 _27898_
 4.042847e-07 2.002135e-07 2.099059e-12 6.045003e-07 _27875_
 2.068309e-07 3.956864e-07 5.720178e-12 6.025230e-07 _28966_
 2.016575e-07 3.988763e-07 4.872909e-12 6.005387e-07 _28699_
 2.741949e-07 3.030801e-07 1.935061e-12 5.772769e-07 _29141_
 3.659922e-07 2.027939e-07 2.158182e-12 5.687883e-07 _27887_
 1.529265e-07 4.112238e-07 5.960028e-12 5.641562e-07 _28732_
 3.719051e-07 1.908269e-07 2.115730e-12 5.627341e-07 _27889_
 1.531662e-07 4.002746e-07 6.068542e-12 5.534469e-07 _27948_
 1.709377e-07 3.746203e-07 3.546559e-12 5.455615e-07 _28144_
 2.357957e-07 3.089923e-07 4.331862e-12 5.447923e-07 _33947_
 2.524256e-07 2.907935e-07 4.318468e-12 5.432234e-07 _32121_
 1.015590e-07 4.396404e-07 3.684064e-12 5.412031e-07 _32976_
 1.413213e-07 3.901317e-07 3.699503e-12 5.314567e-07 _30924_
 2.525878e-07 2.703927e-07 4.327533e-12 5.229848e-07 _32237_
 1.663989e-07 3.556994e-07 5.381286e-12 5.221037e-07 _28434_
 1.974518e-07 3.217569e-07 2.225364e-12 5.192109e-07 _28455_
 2.165331e-07 3.026271e-07 4.317627e-12 5.191645e-07 _33790_
 1.739587e-07 3.422996e-07 3.694382e-12 5.162620e-07 _34115_
 3.436286e-07 1.712031e-07 4.832750e-12 5.148366e-07 _60329_
 1.829091e-07 3.311197e-07 1.706993e-12 5.140305e-07 _28554_
 1.389423e-07 3.726473e-07 4.919137e-12 5.115945e-07 _28009_
 1.705250e-07 3.409218e-07 2.898971e-12 5.114497e-07 _30316_
 3.428817e-07 1.630016e-07 4.832750e-12 5.058882e-07 _60339_
 1.015747e-07 4.032876e-07 3.687550e-12 5.048660e-07 _30988_
 1.587844e-07 3.406898e-07 2.904895e-12 4.994772e-07 _33893_
 1.524651e-07 3.409395e-07 5.996200e-12 4.934105e-07 _27965_
 1.392980e-07 3.511751e-07 1.912548e-12 4.904750e-07 _30443_
 3.405503e-07 1.477020e-07 4.832750e-12 4.882572e-07 _60334_
 2.664655e-07 2.214775e-07 4.330781e-12 4.879474e-07 _34164_
 2.457553e-07 2.411986e-07 5.562142e-12 4.869595e-07 _28500_
 2.457265e-07 2.409395e-07 6.260096e-12 4.866723e-07 _28187_
 1.513266e-07 3.333907e-07 6.032371e-12 4.847234e-07 _28743_
 2.167424e-07 2.664561e-07 4.332945e-12 4.832028e-07 _33883_
 1.698160e-07 3.088846e-07 3.546559e-12 4.787041e-07 _27695_
 1.316250e-07 3.457734e-07 3.687550e-12 4.774021e-07 _32845_
 1.507413e-07 3.264222e-07 2.900629e-12 4.771665e-07 _33957_
 1.423897e-07 3.298485e-07 1.929072e-12 4.722401e-07 _29084_
 3.454770e-07 1.261365e-07 4.399819e-12 4.716179e-07 _34590_
 1.585451e-07 3.104359e-07 2.188852e-12 4.689832e-07 _36699_
 1.444507e-07 3.199886e-07 2.905693e-12 4.644421e-07 _33894_
 1.178290e-07 3.452107e-07 1.908613e-12 4.630416e-07 _33950_
 3.142631e-07 1.428981e-07 4.357899e-12 4.571655e-07 _29280_
 3.366860e-07 1.170405e-07 4.613366e-12 4.537311e-07 _31023_
 1.235293e-07 3.291510e-07 2.901000e-12 4.526833e-07 _30492_
 1.517012e-07 2.993778e-07 2.904097e-12 4.510819e-07 _33581_
 1.229879e-07 3.267113e-07 2.896093e-12 4.497020e-07 _28490_
 1.498428e-07 2.980131e-07 2.262459e-12 4.478582e-07 _36744_
 1.571145e-07 2.898314e-07 2.306291e-12 4.469482e-07 _36717_
 1.570558e-07 2.880992e-07 2.306291e-12 4.451574e-07 _36726_
 2.782016e-07 1.619396e-07 1.907602e-12 4.401431e-07 _28140_
 1.434337e-07 2.953332e-07 1.712539e-12 4.387686e-07 _32866_
 1.359805e-07 3.013662e-07 1.654365e-12 4.373483e-07 _28786_
 7.481518e-08 3.607062e-07 6.482992e-12 4.355279e-07 _28945_
 1.770382e-07 2.578679e-07 1.785556e-12 4.349079e-07 _28543_
 1.163446e-07 3.152395e-07 2.891563e-12 4.315871e-07 _28501_
 1.577675e-07 2.721024e-07 2.288710e-12 4.298723e-07 _36708_
 1.577455e-07 2.676138e-07 2.266510e-12 4.253616e-07 _36735_
 1.397723e-07 2.811318e-07 1.935061e-12 4.209061e-07 _29137_
 1.386853e-07 2.817103e-07 1.925848e-12 4.203976e-07 _30971_
 1.565392e-07 2.631911e-07 4.942250e-12 4.197352e-07 _28776_
 1.236495e-07 2.941345e-07 2.908818e-12 4.177869e-07 _32108_
 1.994920e-07 2.172545e-07 9.860802e-13 4.167476e-07 _30279_
 2.580618e-07 1.525372e-07 1.664116e-12 4.106007e-07 _28139_
 3.124577e-07 9.705148e-08 4.587464e-12 4.095138e-07 _32909_
 9.804136e-08 3.106794e-07 2.904502e-12 4.087237e-07 _33711_
 2.290707e-07 1.775592e-07 4.317397e-12 4.066342e-07 _32329_
 2.763242e-07 1.302842e-07 1.907602e-12 4.066103e-07 _36414_
 8.868817e-08 3.172900e-07 1.028838e-12 4.059792e-07 _31017_
 1.035801e-07 2.947283e-07 2.902345e-12 3.983113e-07 _31885_
 1.110860e-07 2.856944e-07 3.687550e-12 3.967841e-07 _30964_
 1.225117e-07 2.713265e-07 5.887685e-12 3.938441e-07 _28721_
 1.687864e-07 2.243542e-07 3.546559e-12 3.931441e-07 _29106_
 1.068234e-07 2.857922e-07 1.912882e-12 3.926175e-07 _32124_
 8.131283e-08 3.092098e-07 3.686555e-12 3.905264e-07 _32945_
 1.914216e-07 1.989268e-07 1.359276e-12 3.903498e-07 _35529_
 1.496691e-07 2.400450e-07 1.910587e-12 3.897160e-07 _35854_
 1.474892e-07 2.418197e-07 1.753735e-12 3.893106e-07 _28510_
 1.262106e-07 2.628606e-07 9.950027e-12 3.890812e-07 _29291_
 1.463961e-07 2.425947e-07 1.919552e-12 3.889928e-07 _34471_
 1.409360e-07 2.473554e-07 1.927825e-12 3.882933e-07 _32250_
 1.833256e-07 2.044503e-07 5.634486e-12 3.877816e-07 _28489_
 1.342642e-07 2.530604e-07 5.815343e-12 3.873303e-07 _28028_
 1.309958e-07 2.552511e-07 2.904184e-12 3.862498e-07 _34021_
 1.649739e-07 2.189271e-07 1.752534e-12 3.839028e-07 _28499_
 1.502203e-07 2.323079e-07 6.068542e-12 3.825342e-07 _28677_
 1.170191e-07 2.639536e-07 2.903002e-12 3.809757e-07 _33545_
 2.749222e-07 1.042782e-07 1.907602e-12 3.792023e-07 _29102_
 2.554657e-07 1.231481e-07 1.664116e-12 3.786155e-07 _27690_
 1.354989e-07 2.428388e-07 1.920359e-12 3.783397e-07 _34834_
 1.354807e-07 2.420074e-07 1.740768e-12 3.774899e-07 _28775_
 2.127080e-07 1.627726e-07 4.326594e-12 3.754848e-07 _30546_
 1.229771e-07 2.521494e-07 2.901005e-12 3.751294e-07 _33958_
 1.085612e-07 2.654646e-07 6.068542e-12 3.740319e-07 _28666_
 1.104015e-07 2.632394e-07 2.901266e-12 3.736438e-07 _32275_
 1.828005e-07 1.899507e-07 1.338391e-12 3.727526e-07 _32022_
 1.387077e-07 2.321073e-07 1.908219e-12 3.708169e-07 _35853_
 1.292304e-07 2.402138e-07 1.908219e-12 3.694462e-07 _32251_
 1.589011e-07 2.088746e-07 2.212389e-12 3.677779e-07 _31113_
 1.295441e-07 2.371451e-07 1.919782e-12 3.666912e-07 _30998_
 1.299155e-07 2.364390e-07 1.927700e-12 3.663564e-07 _32253_
 1.332873e-07 2.330385e-07 1.909008e-12 3.663277e-07 _35505_
 1.280796e-07 2.369992e-07 1.907824e-12 3.650807e-07 _33580_
 1.140157e-07 2.507939e-07 1.704266e-12 3.648113e-07 _28731_
 1.233620e-07 2.414085e-07 2.904130e-12 3.647734e-07 _33825_
 1.171015e-07 2.446183e-07 2.901266e-12 3.617227e-07 _34081_
 1.418761e-07 2.191279e-07 1.929072e-12 3.610060e-07 _27676_
 1.372176e-07 2.213471e-07 1.916230e-12 3.585666e-07 _29849_
 1.244805e-07 2.333161e-07 1.919782e-12 3.577985e-07 _31194_
 1.454162e-07 2.106951e-07 2.538223e-12 3.561139e-07 _31629_
 2.455044e-07 1.082025e-07 1.664116e-12 3.537085e-07 _29101_
 1.077290e-07 2.450386e-07 1.916230e-12 3.527695e-07 _29695_
 1.288566e-07 2.198003e-07 1.919667e-12 3.486589e-07 _34906_
 1.238448e-07 2.239089e-07 1.914408e-12 3.477556e-07 _30502_
 1.170778e-07 2.302700e-07 2.899000e-12 3.473507e-07 _30379_
 1.015219e-07 2.453433e-07 1.903889e-12 3.468671e-07 _33794_
 1.338409e-07 2.126349e-07 1.914712e-12 3.464777e-07 _30325_
 1.236180e-07 2.218122e-07 1.919091e-12 3.454321e-07 _31473_
 1.118987e-07 2.320511e-07 1.916541e-12 3.439518e-07 _30628_
 9.604891e-08 2.477927e-07 2.903002e-12 3.438446e-07 _34161_
 1.212681e-07 2.216475e-07 5.815343e-12 3.429214e-07 _28791_
 1.316697e-07 2.110287e-07 1.912561e-12 3.427003e-07 _35428_
 1.452367e-07 1.969080e-07 2.904097e-12 3.421475e-07 _30246_
 6.277545e-08 2.771438e-07 6.319481e-12 3.399255e-07 _28953_
 9.498149e-08 2.446976e-07 1.914712e-12 3.396810e-07 _33892_
 8.848738e-08 2.488069e-07 1.910192e-12 3.372961e-07 _33817_
 1.288881e-07 2.079252e-07 1.907824e-12 3.368151e-07 _32339_
 8.898378e-08 2.453995e-07 2.900187e-12 3.343862e-07 _33934_
 1.564876e-07 1.773268e-07 9.044457e-13 3.338153e-07 _33848_
 9.305957e-08 2.406937e-07 2.897635e-12 3.337561e-07 _31164_
 1.263131e-07 2.071167e-07 1.912561e-12 3.334317e-07 _35100_
 1.325720e-07 2.006153e-07 1.929072e-12 3.331892e-07 _35429_
 9.936723e-08 2.324711e-07 1.904799e-12 3.318402e-07 _30296_
 1.265985e-07 2.038173e-07 1.910982e-12 3.304177e-07 _29820_
 1.232999e-07 2.066439e-07 1.738287e-12 3.299455e-07 _28532_
 1.412443e-07 1.875314e-07 1.929072e-12 3.287776e-07 _28124_
 1.134103e-07 2.135826e-07 1.705299e-12 3.269946e-07 _28742_
 1.150319e-07 2.110429e-07 1.907073e-12 3.260767e-07 _35071_
 1.219584e-07 2.040336e-07 6.068542e-12 3.259981e-07 _28754_
 1.221363e-07 2.036037e-07 1.915322e-12 3.257420e-07 _30388_
 1.213509e-07 2.034510e-07 1.917427e-12 3.248038e-07 _30590_
 1.397977e-07 1.846453e-07 2.138456e-12 3.244452e-07 _33054_
 1.216175e-07 2.024753e-07 1.910982e-12 3.240948e-07 _35565_
 1.231312e-07 2.008809e-07 1.927700e-12 3.240141e-07 _31922_
 1.103173e-07 2.135560e-07 1.907073e-12 3.238752e-07 _30225_
 1.117284e-07 2.113311e-07 1.928573e-12 3.230614e-07 _35806_
 1.055631e-07 2.174793e-07 1.906618e-12 3.230443e-07 _30299_
 1.218999e-07 2.005444e-07 1.916846e-12 3.224462e-07 _30555_
 9.519771e-08 2.271186e-07 1.901903e-12 3.223182e-07 _30601_
 1.160871e-07 2.061441e-07 1.903889e-12 3.222330e-07 _31346_
 9.732544e-08 2.246906e-07 1.912561e-12 3.220179e-07 _34948_
 1.767861e-07 1.448031e-07 5.453628e-12 3.215947e-07 _28511_
 1.218690e-07 1.997135e-07 1.910192e-12 3.215844e-07 _32131_
 7.858222e-08 2.427224e-07 1.915017e-12 3.213065e-07 _33956_
 1.207389e-07 2.005267e-07 2.168368e-12 3.212678e-07 _36691_
 1.326388e-07 1.884564e-07 1.736003e-12 3.210969e-07 _28466_
 9.006600e-08 2.301131e-07 1.907824e-12 3.201810e-07 _34064_
 1.269615e-07 1.918389e-07 1.910982e-12 3.188023e-07 _35805_
 9.141563e-08 2.272839e-07 2.908004e-12 3.187024e-07 _30142_
 1.186515e-07 1.999302e-07 1.919667e-12 3.185836e-07 _31258_
 1.234853e-07 1.950181e-07 1.927949e-12 3.185054e-07 _35506_
 9.995075e-08 2.184021e-07 1.903889e-12 3.183548e-07 _31818_
 8.711642e-08 2.299153e-07 2.902001e-12 3.170347e-07 _34439_
 1.258554e-07 1.904052e-07 1.916230e-12 3.162625e-07 _35264_
 1.185220e-07 1.974086e-07 1.919552e-12 3.159326e-07 _30945_
 1.121663e-07 2.029102e-07 2.004581e-12 3.150786e-07 _28799_
 1.100664e-07 2.043620e-07 1.918065e-12 3.144303e-07 _30324_
 1.234154e-07 1.905366e-07 1.907824e-12 3.139539e-07 _35752_
 1.226308e-07 1.905908e-07 1.903435e-12 3.132235e-07 _30153_
 1.211324e-07 1.913442e-07 1.912561e-12 3.124785e-07 _29184_
 1.242221e-07 1.874976e-07 2.902887e-12 3.117227e-07 _32132_
 1.754162e-07 1.354849e-07 5.588829e-12 3.109066e-07 _29054_
 1.181307e-07 1.924358e-07 1.927700e-12 3.105684e-07 _35575_
 1.214088e-07 1.888262e-07 1.900590e-12 3.102369e-07 _35176_
 1.105280e-07 1.993308e-07 1.914221e-12 3.098607e-07 _31991_
 9.353192e-08 2.158523e-07 6.068542e-12 3.093903e-07 _28655_
 6.616870e-08 2.426807e-07 2.918008e-12 3.088523e-07 _30920_
 1.103233e-07 1.984611e-07 1.912561e-12 3.087863e-07 _29848_
 8.689631e-08 2.216282e-07 1.915322e-12 3.085264e-07 _33505_
 1.186324e-07 1.891896e-07 1.919552e-12 3.078240e-07 _31324_
 1.124458e-07 1.947727e-07 2.248907e-12 3.072207e-07 _36502_
 1.166174e-07 1.903550e-07 1.913217e-12 3.069743e-07 _35343_
 1.186203e-07 1.880216e-07 1.914712e-12 3.066438e-07 _34124_
 1.113573e-07 1.949383e-07 1.917427e-12 3.062976e-07 _30256_
 1.071732e-07 1.989941e-07 1.913189e-12 3.061693e-07 _34244_
 1.124609e-07 1.935225e-07 2.203679e-12 3.059856e-07 _36511_
 8.865484e-08 2.171399e-07 1.908219e-12 3.057967e-07 _33886_
 1.216168e-07 1.836363e-07 5.960028e-12 3.052591e-07 _28688_
 1.062498e-07 1.987549e-07 1.908219e-12 3.050066e-07 _30011_
 1.101095e-07 1.948817e-07 1.908891e-12 3.049931e-07 _29755_
 1.123625e-07 1.925727e-07 1.918746e-12 3.049371e-07 _31396_
 1.066818e-07 1.980168e-07 1.908613e-12 3.047005e-07 _33312_
 9.591709e-08 2.084791e-07 1.913189e-12 3.043980e-07 _34243_
 1.150454e-07 1.889694e-07 1.912561e-12 3.040167e-07 _30014_
 9.786645e-08 2.059550e-07 2.908004e-12 3.038243e-07 _35796_
 7.367630e-08 2.301177e-07 2.904184e-12 3.037969e-07 _32916_
 1.184138e-07 1.853154e-07 1.914408e-12 3.037311e-07 _34173_
 9.369953e-08 2.097484e-07 5.011591e-12 3.034530e-07 _28599_
 1.112359e-07 1.921543e-07 1.908219e-12 3.033922e-07 _32195_
 1.114716e-07 1.918514e-07 1.909008e-12 3.033248e-07 _29926_
 1.408124e-07 1.620610e-07 1.986084e-12 3.028753e-07 _28567_
 1.108799e-07 1.917275e-07 1.909008e-12 3.026093e-07 _30093_
 7.814454e-08 2.242702e-07 1.112149e-12 3.024158e-07 _33720_
 1.023584e-07 1.997543e-07 1.686652e-12 3.021144e-07 _28698_
 9.631984e-08 2.046643e-07 1.911055e-12 3.009860e-07 _30591_
 1.181637e-07 1.826448e-07 1.919667e-12 3.008104e-07 _31060_
 1.158494e-07 1.849505e-07 1.910587e-12 3.008018e-07 _30495_
 1.009860e-07 1.994288e-07 1.688307e-12 3.004165e-07 _28764_
 1.241312e-07 1.759701e-07 1.927575e-12 3.001032e-07 _35753_
 8.902214e-08 2.109637e-07 2.908549e-12 2.999888e-07 _31765_
 8.420379e-08 2.155363e-07 1.901616e-12 2.997420e-07 _33864_
 8.708123e-08 2.110439e-07 1.909008e-12 2.981270e-07 _31678_
 1.167159e-07 1.813517e-07 1.908613e-12 2.980695e-07 _31670_
 1.115502e-07 1.857819e-07 1.909008e-12 2.973341e-07 _35177_
 1.105829e-07 1.864606e-07 1.906163e-12 2.970454e-07 _31336_
 1.064067e-07 1.904811e-07 2.203679e-12 2.968900e-07 _36520_
 9.408955e-08 2.027060e-07 1.900590e-12 2.967975e-07 _35742_
 1.290140e-07 1.672210e-07 1.798105e-12 2.962367e-07 _28521_
 1.112357e-07 1.840571e-07 1.917824e-12 2.952947e-07 _35136_
 1.330522e-07 1.619232e-07 2.198369e-12 2.949776e-07 _36665_
 1.106159e-07 1.837476e-07 1.918065e-12 2.943654e-07 _30178_
 1.129615e-07 1.809146e-07 1.920935e-12 2.938781e-07 _34690_
 1.124287e-07 1.810773e-07 1.920991e-12 2.935079e-07 _35864_
 9.379583e-08 1.991550e-07 1.930320e-12 2.929527e-07 _28446_
 8.382191e-08 2.086097e-07 1.907824e-12 2.924335e-07 _33740_
 8.896087e-08 2.033921e-07 4.272095e-12 2.923572e-07 _34657_
 1.055046e-07 1.866640e-07 1.908219e-12 2.921705e-07 _33237_
 1.097362e-07 1.816511e-07 1.903164e-12 2.913891e-07 _35564_
 1.114599e-07 1.793714e-07 1.903435e-12 2.908332e-07 _31654_
 1.063325e-07 1.844345e-07 2.203679e-12 2.907692e-07 _36529_
 1.119488e-07 1.785849e-07 1.907824e-12 2.905355e-07 _35496_
 1.104356e-07 1.800937e-07 1.906618e-12 2.905311e-07 _35400_
 1.386745e-07 1.518159e-07 1.935061e-12 2.904923e-07 _29138_
 8.402591e-08 2.064296e-07 1.910192e-12 2.904574e-07 _33659_
 8.919947e-08 2.012103e-07 2.903456e-12 2.904127e-07 _33267_
 1.122625e-07 1.776468e-07 1.919898e-12 2.899112e-07 _34982_
 1.118760e-07 1.776491e-07 2.220523e-12 2.895273e-07 _36640_
 1.050097e-07 1.836199e-07 1.906163e-12 2.886315e-07 _33565_
 1.131508e-07 1.748506e-07 1.919898e-12 2.880033e-07 _34636_
 1.119820e-07 1.755462e-07 1.907824e-12 2.875301e-07 _31755_
 1.118660e-07 1.755830e-07 1.915017e-12 2.874510e-07 _34183_
 1.011328e-07 1.859088e-07 1.917152e-12 2.870435e-07 _31737_
 1.102047e-07 1.766593e-07 1.902649e-12 2.868659e-07 _35628_
 8.726796e-08 1.990362e-07 2.900545e-12 2.863071e-07 _31069_
 8.310549e-08 2.031569e-07 1.887728e-12 2.862643e-07 _31805_
 9.126878e-08 1.945524e-07 6.140886e-12 2.858273e-07 _28000_
 1.049696e-07 1.801189e-07 1.906163e-12 2.850904e-07 _31739_
 7.933106e-08 2.057516e-07 1.891839e-12 2.850845e-07 _31016_
 1.075234e-07 1.771320e-07 1.927575e-12 2.846573e-07 _32068_
 8.848393e-08 1.953019e-07 2.901266e-12 2.837887e-07 _32046_
 1.162224e-07 1.670477e-07 1.910587e-12 2.832720e-07 _29897_
 6.550852e-08 2.177534e-07 6.853867e-12 2.832687e-07 _28644_
 1.060752e-07 1.769854e-07 1.908613e-12 2.830625e-07 _31998_
 1.007859e-07 1.819275e-07 1.904344e-12 2.827153e-07 _31736_
 1.112754e-07 1.713846e-07 1.917152e-12 2.826619e-07 _31419_
 1.071068e-07 1.755402e-07 1.920474e-12 2.826489e-07 _34770_
 1.063832e-07 1.759943e-07 1.913217e-12 2.823794e-07 _29927_
 1.128192e-07 1.684300e-07 2.212610e-12 2.812513e-07 _36648_
 1.034671e-07 1.776256e-07 2.900187e-12 2.810956e-07 _32236_
 8.426071e-08 1.961047e-07 1.914408e-12 2.803673e-07 _34020_
 9.361690e-08 1.865076e-07 1.930070e-12 2.801265e-07 _28534_
 1.072988e-07 1.726752e-07 1.920243e-12 2.799760e-07 _30912_
 1.074737e-07 1.723297e-07 1.908891e-12 2.798053e-07 _34488_
 1.114692e-07 1.682832e-07 1.908219e-12 2.797542e-07 _31921_
 1.791430e-07 1.000713e-07 2.099059e-12 2.792165e-07 _27861_
 7.570461e-08 2.034466e-07 1.919899e-12 2.791532e-07 _30022_
 1.009910e-07 1.780045e-07 1.904344e-12 2.789973e-07 _33722_
 7.787106e-08 2.009832e-07 1.916236e-12 2.788562e-07 _34070_
 1.002774e-07 1.780459e-07 1.908219e-12 2.783252e-07 _32810_
 9.490881e-08 1.832911e-07 1.914712e-12 2.782018e-07 _30452_
 7.881182e-08 1.992820e-07 5.634486e-12 2.780995e-07 _28650_
 8.190121e-08 1.958527e-07 1.929072e-12 2.777559e-07 _35272_
 1.120174e-07 1.656673e-07 1.918976e-12 2.776866e-07 _34509_
 1.094214e-07 1.681637e-07 1.721132e-12 2.775868e-07 _28687_
 7.699307e-08 1.999954e-07 1.892172e-12 2.769903e-07 _35312_
 1.122158e-07 1.641965e-07 2.220523e-12 2.764145e-07 _36682_
 1.019600e-07 1.741781e-07 1.921206e-12 2.761400e-07 _32379_
 1.068864e-07 1.692218e-07 1.908613e-12 2.761101e-07 _33313_
 1.062322e-07 1.698711e-07 1.921636e-12 2.761053e-07 _35637_
 1.047065e-07 1.713451e-07 1.907073e-12 2.760534e-07 _35322_
 1.083199e-07 1.673185e-07 1.912561e-12 2.756403e-07 _35350_
 1.143798e-07 1.612130e-07 1.827824e-12 2.755946e-07 _28444_
 9.438892e-08 1.810227e-07 1.908219e-12 2.754135e-07 _33583_
 8.150445e-08 1.938010e-07 1.909008e-12 2.753074e-07 _33193_
 1.096055e-07 1.655744e-07 1.908219e-12 2.751818e-07 _31843_
 1.097631e-07 1.653484e-07 1.909008e-12 2.751134e-07 _30633_
 2.189060e-07 5.620005e-08 3.865096e-12 2.751099e-07 _34600_
 1.009183e-07 1.739571e-07 1.921206e-12 2.748774e-07 _35701_
 7.291207e-08 2.019236e-07 1.909008e-12 2.748376e-07 _30062_
 1.115600e-07 1.628139e-07 2.192040e-12 2.743760e-07 _36674_
 1.010339e-07 1.732263e-07 1.919667e-12 2.742621e-07 _30900_
 8.252159e-08 1.915769e-07 1.908219e-12 2.741004e-07 _31438_
 1.001636e-07 1.737931e-07 1.909008e-12 2.739586e-07 _29462_
 1.076648e-07 1.660886e-07 1.919667e-12 2.737554e-07 _34565_
 1.055553e-07 1.672573e-07 1.903435e-12 2.728146e-07 _31270_
 1.057801e-07 1.665749e-07 1.921636e-12 2.723569e-07 _35980_
 1.053688e-07 1.669722e-07 1.912882e-12 2.723429e-07 _31836_
 2.028693e-07 6.935880e-08 2.165389e-12 2.722302e-07 _28645_
 1.064208e-07 1.657488e-07 1.915322e-12 2.721714e-07 _30255_
 1.119762e-07 1.599379e-07 1.927700e-12 2.719160e-07 _35855_
 1.061451e-07 1.657127e-07 1.912213e-12 2.718596e-07 _31914_
 1.067193e-07 1.651163e-07 1.907824e-12 2.718376e-07 _29742_
 1.002954e-07 1.712388e-07 1.907824e-12 2.715361e-07 _32798_
 9.916950e-08 1.716199e-07 1.910982e-12 2.707913e-07 _29819_
 1.101592e-07 1.603772e-07 1.903889e-12 2.705383e-07 _35232_
 1.481767e-07 1.220579e-07 2.400745e-12 2.702370e-07 _28095_
 1.050273e-07 1.649933e-07 1.923569e-12 2.700226e-07 _35573_
 1.070664e-07 1.623764e-07 1.908613e-12 2.694447e-07 _32252_
 1.006678e-07 1.685655e-07 1.918285e-12 2.692352e-07 _35059_
 7.673645e-08 1.924093e-07 2.904863e-12 2.691486e-07 _35392_
 1.045357e-07 1.645100e-07 2.176223e-12 2.690479e-07 _36631_
 8.987706e-08 1.791630e-07 1.908219e-12 2.690420e-07 _29982_
 1.058418e-07 1.627108e-07 1.915229e-12 2.685545e-07 _30390_
 1.032012e-07 1.650465e-07 1.916230e-12 2.682496e-07 _29771_
 1.005492e-07 1.672580e-07 1.900075e-12 2.678091e-07 _31988_
 9.900550e-08 1.686465e-07 2.228963e-12 2.676542e-07 _36657_
 9.089644e-08 1.763428e-07 1.908891e-12 2.672411e-07 _29473_
 1.014884e-07 1.654579e-07 1.908219e-12 2.669482e-07 _33390_
 1.057279e-07 1.607970e-07 1.915322e-12 2.665268e-07 _30592_
 1.046084e-07 1.617854e-07 1.919899e-12 2.663958e-07 _30179_
 1.026418e-07 1.634174e-07 1.912561e-12 2.660611e-07 _35023_
 7.640369e-08 1.896218e-07 1.916877e-12 2.660275e-07 _33591_
 1.063572e-07 1.590250e-07 1.915017e-12 2.653841e-07 _33824_
 9.803902e-08 1.668030e-07 1.918065e-12 2.648439e-07 _30100_
 1.001315e-07 1.646228e-07 1.910587e-12 2.647563e-07 _29734_
 5.700064e-08 2.069722e-07 3.131416e-13 2.639732e-07 _34062_
 1.005201e-07 1.631187e-07 1.907824e-12 2.636407e-07 _33100_
 1.065505e-07 1.569930e-07 1.917152e-12 2.635454e-07 _34072_
 1.051725e-07 1.582380e-07 1.909008e-12 2.634125e-07 _29168_
 1.051457e-07 1.581078e-07 1.910982e-12 2.632554e-07 _30315_
 9.631840e-08 1.668419e-07 1.920132e-12 2.631623e-07 _32473_
 1.061919e-07 1.569060e-07 1.903435e-12 2.630998e-07 _32041_
 1.067838e-07 1.561347e-07 1.907824e-12 2.629204e-07 _32067_
 1.041615e-07 1.584363e-07 1.905223e-12 2.625997e-07 _35099_
 1.051611e-07 1.574110e-07 1.903889e-12 2.625740e-07 _35471_
 1.001015e-07 1.619816e-07 1.904344e-12 2.620850e-07 _33403_
 8.303526e-08 1.788802e-07 2.021672e-12 2.619175e-07 _29653_
 1.020667e-07 1.598060e-07 1.921421e-12 2.618746e-07 _32338_
 1.061008e-07 1.556659e-07 1.912548e-12 2.617685e-07 _33419_
 5.386404e-08 2.078401e-07 6.606394e-12 2.617107e-07 _28937_
 1.011634e-07 1.602438e-07 1.920991e-12 2.614091e-07 _32194_
 1.001537e-07 1.608174e-07 1.916877e-12 2.609730e-07 _35005_
 1.010148e-07 1.594109e-07 2.240926e-12 2.604280e-07 _36538_
 1.013468e-07 1.589667e-07 2.183538e-12 2.603157e-07 _36622_
 9.529811e-08 1.644768e-07 1.921206e-12 2.597769e-07 _32066_
 1.002991e-07 1.594262e-07 1.912548e-12 2.597272e-07 _35421_
 1.061602e-07 1.531637e-07 1.903435e-12 2.593258e-07 _35403_
 9.038249e-08 1.686598e-07 1.788733e-12 2.590441e-07 _28676_
 1.016223e-07 1.567382e-07 1.908613e-12 2.583624e-07 _31989_
 1.007182e-07 1.574990e-07 1.912213e-12 2.582191e-07 _35631_
 9.368915e-08 1.638926e-07 1.910587e-12 2.575837e-07 _29655_
 8.780616e-08 1.697710e-07 1.905850e-12 2.575790e-07 _29160_
 9.600923e-08 1.612370e-07 1.919091e-12 2.572482e-07 _31551_
 1.006594e-07 1.564698e-07 1.903889e-12 2.571310e-07 _31563_
 9.901921e-08 1.580584e-07 1.900075e-12 2.570795e-07 _33248_
 8.774421e-08 1.692348e-07 1.908219e-12 2.569809e-07 _32876_
 9.967542e-08 1.569538e-07 1.904799e-12 2.566311e-07 _34492_
 9.173718e-08 1.646363e-07 1.918065e-12 2.563754e-07 _30254_
 9.901163e-08 1.566447e-07 1.910982e-12 2.556583e-07 _30446_
 7.612997e-08 1.793077e-07 1.900590e-12 2.554396e-07 _31364_
 9.568889e-08 1.595911e-07 1.907824e-12 2.552819e-07 _33101_
 9.462798e-08 1.603634e-07 1.903889e-12 2.549933e-07 _34782_
 7.340414e-08 1.815166e-07 2.909682e-12 2.549237e-07 _28479_
 9.500128e-08 1.596306e-07 1.910192e-12 2.546338e-07 _31834_
 9.585384e-08 1.587148e-07 1.907824e-12 2.545706e-07 _30245_
 9.470987e-08 1.594036e-07 1.904344e-12 2.541153e-07 _31576_
 9.921694e-08 1.544269e-07 1.912561e-12 2.536457e-07 _29180_
 9.869623e-08 1.549034e-07 1.908891e-12 2.536016e-07 _35007_
 9.253775e-08 1.607583e-07 1.908891e-12 2.532979e-07 _29678_
 9.493325e-08 1.579206e-07 1.922280e-12 2.528558e-07 _32261_
 9.506119e-08 1.576458e-07 1.916877e-12 2.527089e-07 _30326_
 9.421917e-08 1.584805e-07 1.903889e-12 2.527016e-07 _31268_
 7.753500e-08 1.746144e-07 1.930320e-12 2.521513e-07 _28512_
 9.405615e-08 1.577003e-07 1.899560e-12 2.517584e-07 _31911_
 9.445594e-08 1.571928e-07 1.904344e-12 2.516506e-07 _31334_
 9.563134e-08 1.557742e-07 1.916602e-12 2.514075e-07 _30503_
 9.504576e-08 1.562510e-07 1.908219e-12 2.512986e-07 _29526_
 9.475303e-08 1.564918e-07 1.903889e-12 2.512468e-07 _35161_
 9.522653e-08 1.559839e-07 1.912882e-12 2.512124e-07 _33496_
 9.916242e-08 1.520249e-07 1.914891e-12 2.511892e-07 _35695_
 9.451107e-08 1.566326e-07 1.905850e-12 2.511456e-07 _29455_
 9.976780e-08 1.513393e-07 1.906618e-12 2.511090e-07 _35548_
 1.015146e-07 1.493540e-07 1.919488e-12 2.508706e-07 _32421_
 8.888163e-08 1.615739e-07 1.901161e-12 2.504574e-07 _29830_
 6.674374e-08 1.837005e-07 2.899090e-12 2.504472e-07 _32851_
 9.552274e-08 1.548276e-07 1.919918e-12 2.503523e-07 _35751_
 9.024430e-08 1.594757e-07 2.277156e-12 2.497223e-07 _36494_
 8.190882e-08 1.678012e-07 1.903889e-12 2.497119e-07 _31349_
 9.427547e-08 1.554339e-07 1.908219e-12 2.497112e-07 _30548_
 6.878113e-08 1.805811e-07 2.901722e-12 2.493652e-07 _30366_
 8.479542e-08 1.644346e-07 1.903435e-12 2.492320e-07 _33867_
 7.821421e-08 1.706415e-07 5.706828e-12 2.488614e-07 _28831_
 9.410035e-08 1.547166e-07 1.904799e-12 2.488188e-07 _29675_
 9.019514e-08 1.584242e-07 1.910539e-12 2.486213e-07 _30091_
 1.005868e-07 1.479618e-07 1.909008e-12 2.485505e-07 _29463_
 9.858107e-08 1.499643e-07 1.908891e-12 2.485473e-07 _34780_
 9.301804e-08 1.554843e-07 1.929072e-12 2.485043e-07 _35351_
 9.937824e-08 1.489022e-07 1.904799e-12 2.482824e-07 _35681_
 9.487109e-08 1.531164e-07 1.921206e-12 2.479895e-07 _32249_
 9.552654e-08 1.524356e-07 1.903889e-12 2.479640e-07 _31968_
 1.696487e-07 7.824292e-08 4.561205e-12 2.478962e-07 _53204_
 6.728017e-08 1.804986e-07 3.938039e-13 2.477791e-07 _30380_
 9.328950e-08 1.539374e-07 1.894711e-12 2.472288e-07 _35147_
 1.007740e-07 1.461936e-07 1.914408e-12 2.469696e-07 _30655_
 1.447940e-07 1.020272e-07 2.456524e-12 2.468236e-07 _28078_
 9.524774e-08 1.511841e-07 1.908219e-12 2.464338e-07 _31592_
 9.399304e-08 1.521292e-07 1.913217e-12 2.461241e-07 _35844_
 9.497813e-08 1.509727e-07 1.908219e-12 2.459527e-07 _33418_
 8.955544e-08 1.562333e-07 1.904344e-12 2.457906e-07 _33562_
 6.053148e-08 1.851956e-07 6.458312e-12 2.457336e-07 _28933_
 9.646821e-08 1.491275e-07 1.927076e-12 2.455976e-07 _32416_
 8.205151e-08 1.634446e-07 1.929322e-12 2.454981e-07 _28457_
 8.888587e-08 1.557686e-07 1.900075e-12 2.446564e-07 _33163_
 9.376426e-08 1.506246e-07 1.910982e-12 2.443908e-07 _29657_
 1.713281e-07 7.292243e-08 4.832750e-12 2.442554e-07 _60328_
 1.540290e-07 9.003708e-08 2.464763e-12 2.440686e-07 _28080_
 9.035102e-08 1.535496e-07 1.927700e-12 2.439026e-07 _32196_
 8.937451e-08 1.544939e-07 1.903889e-12 2.438703e-07 _31498_
 9.658227e-08 1.472085e-07 1.926702e-12 2.437927e-07 _32381_
 9.500864e-08 1.486231e-07 1.910874e-12 2.436337e-07 _32332_
 8.923256e-08 1.543069e-07 1.912884e-12 2.435413e-07 _30501_
 8.896006e-08 1.543241e-07 1.919667e-12 2.432861e-07 _31119_
 1.536025e-07 8.933470e-08 2.447095e-12 2.429396e-07 _28070_
 9.522697e-08 1.476214e-07 1.908219e-12 2.428503e-07 _31912_
 8.979316e-08 1.530064e-07 1.904344e-12 2.428015e-07 _31639_
 1.713820e-07 7.138831e-08 4.832750e-12 2.427751e-07 _60333_
 1.520309e-07 9.048470e-08 2.436627e-12 2.425180e-07 _28072_
 8.976576e-08 1.524583e-07 1.905850e-12 2.422260e-07 _30090_
 9.452168e-08 1.475602e-07 1.916877e-12 2.420838e-07 _34022_
 8.910933e-08 1.529543e-07 1.916877e-12 2.420656e-07 _31347_
 9.530605e-08 1.466952e-07 1.907824e-12 2.420032e-07 _33305_
 2.748155e-08 2.142361e-07 6.992136e-12 2.417246e-07 _28610_
 7.629316e-08 1.653524e-07 1.887728e-12 2.416475e-07 _31631_
 9.470041e-08 1.463967e-07 1.908219e-12 2.410990e-07 _29163_
 8.804014e-08 1.530160e-07 1.929322e-12 2.410580e-07 _28545_
 8.001414e-08 1.609948e-07 1.906245e-12 2.410108e-07 _32417_
 7.729583e-08 1.635180e-07 1.906245e-12 2.408158e-07 _33457_
 9.166786e-08 1.489351e-07 1.919899e-12 2.406049e-07 _34793_
 8.800237e-08 1.525043e-07 1.903889e-12 2.405086e-07 _31421_
 9.623039e-08 1.441802e-07 1.915017e-12 2.404125e-07 _34071_
 9.425343e-08 1.459502e-07 1.914556e-12 2.402056e-07 _35745_
 1.138349e-07 1.262459e-07 1.738287e-12 2.400825e-07 _28477_
 8.293689e-08 1.570316e-07 1.899560e-12 2.399704e-07 _30222_
 1.465541e-07 9.308529e-08 3.323136e-12 2.396427e-07 _53206_
 9.529923e-08 1.441458e-07 1.903435e-12 2.394469e-07 _31893_
 8.938289e-08 1.498020e-07 1.908613e-12 2.391868e-07 _32827_
 7.796449e-08 1.611755e-07 1.904799e-12 2.391419e-07 _35545_
 4.987063e-08 1.888649e-07 3.424735e-13 2.387359e-07 _33948_
 9.464884e-08 1.439275e-07 1.903435e-12 2.385783e-07 _31495_
 7.394037e-08 1.645655e-07 1.901616e-12 2.385077e-07 _34000_
 9.482491e-08 1.436617e-07 1.903889e-12 2.384885e-07 _30368_
 9.545935e-08 1.425585e-07 1.908219e-12 2.380198e-07 _35574_
 7.060926e-08 1.669232e-07 1.935061e-12 2.375344e-07 _29133_
 9.023405e-08 1.467488e-07 1.908219e-12 2.369847e-07 _29527_
 9.540949e-08 1.411806e-07 1.908219e-12 2.365920e-07 _33389_
 1.154427e-07 1.210628e-07 1.918525e-12 2.365074e-07 _30627_
 9.163497e-08 1.446830e-07 1.912561e-12 2.363199e-07 _29929_
 7.307627e-08 1.632019e-07 1.911878e-12 2.362801e-07 _32375_
 8.952456e-08 1.465117e-07 1.899560e-12 2.360382e-07 _33549_
 8.370179e-08 1.522828e-07 1.903889e-12 2.359865e-07 _30927_
 9.345958e-08 1.424686e-07 1.908891e-12 2.359301e-07 _34490_
 9.462217e-08 1.411970e-07 1.916877e-12 2.358211e-07 _33748_
 9.506413e-08 1.405000e-07 1.903435e-12 2.355661e-07 _33719_
 9.505539e-08 1.403909e-07 1.921421e-12 2.354482e-07 _32130_
 9.571265e-08 1.396940e-07 1.916877e-12 2.354086e-07 _34125_
 9.351948e-08 1.416022e-07 1.903435e-12 2.351235e-07 _33323_
 1.446194e-07 9.049725e-08 2.454276e-12 2.351191e-07 _28066_
 9.638703e-08 1.386334e-07 1.905061e-12 2.350223e-07 _32380_
 9.008789e-08 1.447628e-07 1.909870e-12 2.348526e-07 _30169_
 9.065881e-08 1.441328e-07 1.926951e-12 2.347936e-07 _35639_
 9.050098e-08 1.439587e-07 1.927825e-12 2.344617e-07 _31999_
 9.495900e-08 1.391210e-07 1.909008e-12 2.340819e-07 _35925_
 8.864916e-08 1.452251e-07 1.909008e-12 2.338762e-07 _29890_
 8.988786e-08 1.439724e-07 1.903435e-12 2.338621e-07 _33480_
 1.334756e-07 1.002733e-07 2.461153e-12 2.337513e-07 _28084_
 8.945687e-08 1.431361e-07 1.907824e-12 2.325949e-07 _30382_
 6.125521e-08 1.713149e-07 1.908219e-12 2.325720e-07 _33001_
 8.883469e-08 1.436910e-07 1.905850e-12 2.325276e-07 _30248_
 9.454440e-08 1.377880e-07 1.903889e-12 2.323343e-07 _35617_
 8.858992e-08 1.436580e-07 1.894657e-12 2.322498e-07 _34838_
 1.397268e-07 9.247754e-08 1.927647e-12 2.322063e-07 _29098_
 9.540288e-08 1.364920e-07 1.927949e-12 2.318968e-07 _35923_
 7.692058e-08 1.542742e-07 1.929571e-12 2.311967e-07 _28468_
 9.398209e-08 1.368750e-07 1.895806e-12 2.308590e-07 _31328_
 7.263658e-08 1.581364e-07 1.914712e-12 2.307749e-07 _34123_
 8.559655e-08 1.451272e-07 1.912561e-12 2.307257e-07 _29851_
 8.989834e-08 1.407785e-07 1.688307e-12 2.306786e-07 _28709_
 3.810045e-08 1.924007e-07 3.498063e-13 2.305015e-07 _31019_
 6.526941e-08 1.651284e-07 4.213937e-13 2.303982e-07 _32340_
 9.352945e-08 1.366641e-07 1.919899e-12 2.301954e-07 _34857_
 8.993229e-08 1.401701e-07 1.908219e-12 2.301043e-07 _32809_
 1.694104e-07 6.032961e-08 4.832750e-12 2.297449e-07 _60338_
 9.388320e-08 1.358111e-07 1.907073e-12 2.296962e-07 _35475_
 3.974805e-08 1.898642e-07 3.036714e-13 2.296126e-07 _32846_
 8.436010e-08 1.451153e-07 1.903889e-12 2.294773e-07 _31815_
 9.555927e-08 1.335674e-07 1.912274e-12 2.291286e-07 _30453_
 9.527052e-08 1.338359e-07 1.914408e-12 2.291084e-07 _34255_
 5.261973e-08 1.764838e-07 3.152644e-13 2.291038e-07 _30151_
 8.875730e-08 1.401002e-07 1.907824e-12 2.288594e-07 _33227_
 7.615947e-08 1.525043e-07 1.930819e-12 2.286657e-07 _28435_
 8.841669e-08 1.401465e-07 1.912548e-12 2.285651e-07 _33342_
 8.958302e-08 1.387621e-07 1.907824e-12 2.283470e-07 _29585_
 8.889462e-08 1.393117e-07 1.908219e-12 2.282082e-07 _29981_
 6.234681e-08 1.658407e-07 1.898531e-12 2.281894e-07 _33872_
 8.890132e-08 1.389677e-07 1.912548e-12 2.278709e-07 _32060_
 6.030420e-08 1.675610e-07 3.676241e-13 2.278655e-07 _29898_
 8.263531e-08 1.450276e-07 1.895232e-12 2.276648e-07 _31262_
 8.886440e-08 1.387428e-07 1.904799e-12 2.276091e-07 _34928_
 8.656534e-08 1.408364e-07 1.923569e-12 2.274037e-07 _35427_
 8.570181e-08 1.415803e-07 1.916230e-12 2.272841e-07 _35102_
 8.903373e-08 1.381374e-07 1.754905e-12 2.271728e-07 _28753_
 8.650728e-08 1.406367e-07 1.916230e-12 2.271459e-07 _35179_
 8.970174e-08 1.374368e-07 1.910192e-12 2.271404e-07 _33165_
 8.761356e-08 1.393796e-07 1.916877e-12 2.269951e-07 _33670_
 8.624100e-08 1.407447e-07 1.908891e-12 2.269876e-07 _34859_
 8.880459e-08 1.381129e-07 1.914712e-12 2.269194e-07 _33669_
 8.962786e-08 1.372490e-07 1.669751e-12 2.268785e-07 _28488_
 1.096038e-07 1.170679e-07 1.907429e-12 2.266736e-07 _32471_
 8.962164e-08 1.370254e-07 1.899046e-12 2.266489e-07 _31754_
 8.835373e-08 1.382167e-07 1.908219e-12 2.265723e-07 _31514_
 5.958569e-08 1.667607e-07 4.854333e-13 2.263469e-07 _35852_
 8.424568e-08 1.413704e-07 1.903435e-12 2.256179e-07 _35243_
 8.927945e-08 1.361287e-07 1.910539e-12 2.254100e-07 _35498_
 8.876524e-08 1.366390e-07 1.918800e-12 2.254061e-07 _30556_
 8.992019e-08 1.351855e-07 1.914712e-12 2.251076e-07 _34170_
 8.897890e-08 1.360416e-07 1.908219e-12 2.250224e-07 _32883_
 8.445876e-08 1.400460e-07 1.903889e-12 2.245066e-07 _29911_
 8.975925e-08 1.345741e-07 1.912213e-12 2.243353e-07 _32243_
 6.618571e-08 1.575555e-07 1.894082e-12 2.237431e-07 _31719_
 8.680519e-08 1.369070e-07 1.912548e-12 2.237141e-07 _31594_
 6.677097e-08 1.566655e-07 3.694146e-12 2.234402e-07 _30935_
 9.000374e-08 1.333349e-07 1.900252e-12 2.233405e-07 _31964_
 5.705668e-08 1.662575e-07 6.202261e-12 2.233204e-07 _28925_
 9.228877e-08 1.303283e-07 1.896050e-12 2.226190e-07 _30473_
 1.048584e-07 1.176485e-07 6.140886e-12 2.225130e-07 _28765_
 6.997863e-08 1.524660e-07 1.908219e-12 2.224465e-07 _32904_
 8.448953e-08 1.375609e-07 1.904344e-12 2.220523e-07 _31485_
 7.723973e-08 1.447781e-07 1.905223e-12 2.220197e-07 _29525_
 8.281746e-08 1.390665e-07 1.908219e-12 2.218859e-07 _33155_
 7.806332e-08 1.438125e-07 4.208367e-12 2.218801e-07 _60387_
 3.728987e-08 1.840550e-07 3.267390e-13 2.213452e-07 _32905_
 8.329933e-08 1.380217e-07 1.906618e-12 2.213229e-07 _30150_
 7.738963e-08 1.439099e-07 1.907073e-12 2.213015e-07 _30072_
 8.295321e-08 1.381701e-07 1.915322e-12 2.211252e-07 _30705_
 7.762512e-08 1.434814e-07 1.908613e-12 2.211084e-07 _33662_
 8.413340e-08 1.369043e-07 1.899046e-12 2.210396e-07 _33630_
 9.160129e-08 1.292852e-07 1.888737e-12 2.208883e-07 _33977_
 8.241212e-08 1.384739e-07 1.912548e-12 2.208879e-07 _31672_
 8.897707e-08 1.317144e-07 1.910192e-12 2.206933e-07 _32794_
 8.409997e-08 1.364143e-07 1.900252e-12 2.205161e-07 _31725_
 8.132535e-08 1.390424e-07 1.908891e-12 2.203697e-07 _29606_
 8.428157e-08 1.359360e-07 1.921206e-12 2.202195e-07 _35928_
 7.459629e-08 1.455878e-07 1.903482e-12 2.201860e-07 _35924_
 8.405168e-08 1.360565e-07 1.903889e-12 2.201101e-07 _33326_
 8.698303e-08 1.330108e-07 1.895345e-12 2.199957e-07 _35070_
 8.037936e-08 1.393443e-07 1.908891e-12 2.197255e-07 _34500_
 6.244905e-08 1.571622e-07 1.896614e-12 2.196131e-07 _35553_
 8.195872e-08 1.370873e-07 1.901553e-12 2.190479e-07 _34564_
 8.309865e-08 1.359347e-07 1.916846e-12 2.190353e-07 _30626_
 8.432624e-08 1.346731e-07 1.901616e-12 2.190013e-07 _32174_
 7.248250e-08 1.464524e-07 1.926078e-12 2.189369e-07 _27677_
 7.801563e-08 1.406736e-07 1.900075e-12 2.186912e-07 _33465_
 7.928362e-08 1.393758e-07 2.252041e-12 2.186617e-07 _36485_
 8.961276e-08 1.289598e-07 1.908219e-12 2.185745e-07 _30442_
 7.906961e-08 1.393367e-07 1.906245e-12 2.184082e-07 _34114_
 8.628927e-08 1.317791e-07 1.905223e-12 2.180703e-07 _29461_
 8.370058e-08 1.342555e-07 1.899560e-12 2.179580e-07 _33642_
 8.807048e-08 1.297581e-07 1.908891e-12 2.178305e-07 _34856_
 7.851078e-08 1.392051e-07 1.914679e-12 2.177178e-07 _30454_
 8.897350e-08 1.285795e-07 1.903889e-12 2.175549e-07 _29752_
 8.688036e-08 1.306373e-07 1.905223e-12 2.175195e-07 _35022_
 8.325008e-08 1.342533e-07 1.899560e-12 2.175053e-07 _33099_
 8.377526e-08 1.335218e-07 1.896472e-12 2.172989e-07 _35340_
 8.803627e-08 1.292466e-07 1.908613e-12 2.172848e-07 _32886_
 8.927584e-08 1.277517e-07 1.900252e-12 2.170295e-07 _31883_
 7.746433e-08 1.394616e-07 2.906003e-12 2.169289e-07 _34010_
 1.052143e-07 1.116954e-07 2.464763e-12 2.169122e-07 _28088_
 8.352546e-08 1.331066e-07 1.915229e-12 2.166340e-07 _35082_
 6.800911e-08 1.485667e-07 1.906245e-12 2.165777e-07 _33631_
 8.907006e-08 1.271911e-07 1.903889e-12 2.162631e-07 _35004_
 8.383240e-08 1.324269e-07 1.916602e-12 2.162613e-07 _31496_
 8.781817e-08 1.282743e-07 1.888737e-12 2.160944e-07 _34041_
 1.354590e-07 8.042521e-08 2.445776e-12 2.158866e-07 _28082_
 8.028005e-08 1.355349e-07 1.918065e-12 2.158169e-07 _30177_
 1.261914e-07 8.898171e-08 2.420702e-12 2.151755e-07 _28090_
 8.221435e-08 1.329306e-07 1.903889e-12 2.151468e-07 _31280_
 7.907953e-08 1.355767e-07 1.918746e-12 2.146581e-07 _34480_
 8.201247e-08 1.324949e-07 1.909008e-12 2.145093e-07 _29204_
 7.897840e-08 1.354687e-07 1.912548e-12 2.144491e-07 _32188_
 8.213385e-08 1.322856e-07 1.908219e-12 2.144214e-07 _32957_
 7.874754e-08 1.356572e-07 1.908613e-12 2.144067e-07 _32808_
 8.142557e-08 1.325583e-07 1.890902e-12 2.139858e-07 _34511_
 8.243040e-08 1.312891e-07 1.912561e-12 2.137215e-07 _29182_
 1.322346e-07 8.141738e-08 2.415485e-12 2.136543e-07 _28064_
 8.376195e-08 1.296868e-07 1.912548e-12 2.134506e-07 _31757_
 7.938553e-08 1.339241e-07 1.914679e-12 2.133116e-07 _34174_
 9.602849e-08 1.172299e-07 2.252041e-12 2.132606e-07 _36468_
 8.677956e-08 1.263539e-07 1.912561e-12 2.131354e-07 _29194_
 8.328657e-08 1.293747e-07 2.015350e-12 2.126632e-07 _29323_
 8.349572e-08 1.290391e-07 1.899560e-12 2.125368e-07 _29663_
 8.378288e-08 1.286913e-07 1.900075e-12 2.124761e-07 _31669_
 7.856978e-08 1.338707e-07 1.901616e-12 2.124424e-07 _31975_
 1.278605e-07 8.455667e-08 1.830998e-12 2.124190e-07 _29097_
 7.265252e-08 1.397123e-07 1.926078e-12 2.123667e-07 _28125_
 8.443739e-08 1.278004e-07 1.919488e-12 2.122397e-07 _35804_
 8.431265e-08 1.275033e-07 1.904799e-12 2.118178e-07 _29833_
 7.756344e-08 1.337601e-07 1.921206e-12 2.113255e-07 _31997_
 7.032556e-08 1.409658e-07 1.912548e-12 2.112933e-07 _31018_
 8.455444e-08 1.266578e-07 1.908219e-12 2.112142e-07 _35692_
 8.495060e-08 1.256989e-07 1.920991e-12 2.106514e-07 _32429_
 8.108658e-08 1.294935e-07 1.908219e-12 2.105820e-07 _33421_
 8.278082e-08 1.277163e-07 1.912561e-12 2.104990e-07 _29201_
 6.770739e-08 1.425306e-07 1.916877e-12 2.102399e-07 _30605_
 8.355001e-08 1.266312e-07 1.912548e-12 2.101831e-07 _35798_
 7.697984e-08 1.331888e-07 1.903889e-12 2.101705e-07 _30925_
 8.377527e-08 1.263511e-07 1.902980e-12 2.101283e-07 _32171_
 6.063174e-08 1.493293e-07 1.921206e-12 2.099630e-07 _31031_
 7.857280e-08 1.313675e-07 1.903435e-12 2.099422e-07 _31804_
 1.452982e-07 6.448042e-08 2.214951e-12 2.097809e-07 _53108_
 7.794366e-08 1.317045e-07 1.903889e-12 2.096501e-07 _33175_
 1.333600e-07 7.626358e-08 2.464763e-12 2.096261e-07 _28074_
 8.056978e-08 1.287724e-07 1.905223e-12 2.093441e-07 _29538_
 8.718867e-08 1.221517e-07 1.893391e-12 2.093423e-07 _30599_
 6.314022e-08 1.456098e-07 1.896614e-12 2.087519e-07 _35762_
 7.839017e-08 1.301808e-07 1.922709e-12 2.085729e-07 _35851_
 3.480056e-08 1.737177e-07 3.036714e-13 2.085186e-07 _30965_
 1.390602e-07 6.945540e-08 1.927647e-12 2.085175e-07 _28136_
 8.033045e-08 1.280777e-07 1.919899e-12 2.084101e-07 _34525_
 9.910333e-08 1.093026e-07 1.901616e-12 2.084079e-07 _33933_
 8.140032e-08 1.268674e-07 1.919899e-12 2.082697e-07 _30101_
 8.287819e-08 1.253506e-07 1.900590e-12 2.082307e-07 _30232_
 7.792436e-08 1.299723e-07 1.902134e-12 2.078986e-07 _31833_
 8.429343e-08 1.234940e-07 1.905850e-12 2.077893e-07 _35341_
 8.164426e-08 1.258354e-07 1.908891e-12 2.074816e-07 _34931_
 7.642765e-08 1.306468e-07 1.897884e-12 2.070763e-07 _34491_
 7.884966e-08 1.279083e-07 1.905061e-12 2.067599e-07 _33550_
 8.476658e-08 1.219553e-07 1.908219e-12 2.067238e-07 _35262_
 1.153900e-07 9.123134e-08 5.381286e-12 2.066267e-07 _28423_
 8.781444e-08 1.186592e-07 1.890067e-12 2.064755e-07 _30526_
 7.620525e-08 1.302197e-07 1.908891e-12 2.064268e-07 _34501_
 8.265850e-08 1.235080e-07 1.908613e-12 2.061684e-07 _33091_
 8.434980e-08 1.216012e-07 1.899046e-12 2.059529e-07 _35495_
 7.838825e-08 1.274322e-07 1.904344e-12 2.058224e-07 _31418_
 8.501402e-08 1.207664e-07 1.896050e-12 2.057823e-07 _30346_
 8.215257e-08 1.235985e-07 1.906163e-12 2.057530e-07 _33400_
 5.596969e-08 1.496882e-07 4.199837e-13 2.056583e-07 _35401_
 7.020470e-08 1.352778e-07 1.904799e-12 2.054844e-07 _30960_
 8.316614e-08 1.221295e-07 1.904799e-12 2.052976e-07 _34844_
 7.609616e-08 1.291495e-07 1.890267e-12 2.052476e-07 _30914_
 7.361692e-08 1.315339e-07 1.907824e-12 2.051527e-07 _33466_
 8.422482e-08 1.208331e-07 1.916602e-12 2.050598e-07 _35244_
 8.183195e-08 1.232205e-07 1.909008e-12 2.050544e-07 _29810_
 8.037630e-08 1.245672e-07 1.909008e-12 2.049454e-07 _33059_
 8.288439e-08 1.219203e-07 2.252041e-12 2.048070e-07 _36451_
 7.824067e-08 1.265185e-07 1.899560e-12 2.047611e-07 _35691_
 7.904490e-08 1.254244e-07 1.914679e-12 2.044712e-07 _31965_
 5.396992e-08 1.502371e-07 3.414443e-13 2.042073e-07 _35148_
 5.735093e-08 1.467404e-07 3.676241e-13 2.040917e-07 _35629_
 7.974681e-08 1.242769e-07 1.927450e-12 2.040256e-07 _32470_
 8.349755e-08 1.201652e-07 1.901161e-12 2.036646e-07 _35081_
 7.288717e-08 1.302234e-07 2.022246e-12 2.031125e-07 _29451_
 8.418004e-08 1.187781e-07 1.907824e-12 2.029601e-07 _29741_
 7.819102e-08 1.247144e-07 1.913189e-12 2.029073e-07 _34315_
 8.784281e-08 1.145186e-07 1.888737e-12 2.023633e-07 _35822_
 7.662027e-08 1.256856e-07 1.905223e-12 2.023078e-07 _29604_
 7.762699e-08 1.243183e-07 1.918800e-12 2.019472e-07 _35323_
 7.810770e-08 1.237825e-07 1.927700e-12 2.018922e-07 _31844_
 8.418361e-08 1.176924e-07 2.244184e-12 2.018783e-07 _36547_
 8.181620e-08 1.200023e-07 1.899560e-12 2.018204e-07 _32807_
 8.262149e-08 1.187534e-07 1.907824e-12 2.013768e-07 _29517_
 8.735721e-08 1.138397e-07 1.892726e-12 2.011988e-07 _30709_
 6.241263e-08 1.387128e-07 2.914286e-12 2.011283e-07 _35615_
 7.940205e-08 1.216006e-07 1.912548e-12 2.010045e-07 _30012_
 7.515716e-08 1.256805e-07 1.905223e-12 2.008395e-07 _29178_
 7.712839e-08 1.235518e-07 1.889402e-12 2.006820e-07 _34095_
 4.921458e-08 1.513424e-07 6.694350e-12 2.005636e-07 _29051_
 7.541590e-08 1.249557e-07 1.908891e-12 2.003735e-07 _34522_
 7.892496e-08 1.211663e-07 1.908219e-12 2.000931e-07 _33229_
 7.771767e-08 1.221569e-07 1.903889e-12 1.998765e-07 _30221_
 7.929337e-08 1.205744e-07 1.922494e-12 1.998697e-07 _35936_
 7.157375e-08 1.282091e-07 1.914712e-12 1.997848e-07 _33823_
 6.725804e-08 1.323900e-07 1.902980e-12 1.996499e-07 _33997_
 7.802662e-08 1.214181e-07 1.903889e-12 1.994466e-07 _34916_
 7.857636e-08 1.206262e-07 1.906245e-12 1.992044e-07 _33459_
 8.429630e-08 1.147588e-07 2.906003e-12 1.990580e-07 _33551_
 1.416555e-07 5.725478e-08 5.637913e-12 1.989159e-07 _53129_
 6.719790e-08 1.313669e-07 1.903889e-12 1.985667e-07 _31651_
 6.783999e-08 1.304619e-07 1.181202e-12 1.983031e-07 _28563_
 7.105012e-08 1.272076e-07 1.620445e-12 1.982594e-07 _28720_
 7.398191e-08 1.242582e-07 1.908613e-12 1.982421e-07 _32811_
 7.716808e-08 1.208043e-07 1.908891e-12 1.979743e-07 _29603_
 1.384750e-07 5.889941e-08 1.927647e-12 1.973764e-07 _36410_
 7.952260e-08 1.177550e-07 1.926702e-12 1.972795e-07 _35703_
 7.576210e-08 1.215085e-07 2.252041e-12 1.972729e-07 _36443_
 8.140726e-08 1.157461e-07 1.908219e-12 1.971552e-07 _31014_
 7.961617e-08 1.173397e-07 1.906245e-12 1.969578e-07 _32418_
 7.785444e-08 1.190049e-07 1.901161e-12 1.968612e-07 _34992_
 6.662643e-08 1.301963e-07 3.351404e-13 1.968231e-07 _34159_
 7.724179e-08 1.193590e-07 1.896381e-12 1.966027e-07 _34508_
 6.537106e-08 1.310857e-07 1.929821e-12 1.964587e-07 _28523_
 7.199994e-08 1.243995e-07 1.899560e-12 1.964014e-07 _31513_
 7.544993e-08 1.208722e-07 2.252041e-12 1.963244e-07 _36477_
 7.618214e-08 1.201068e-07 1.891537e-12 1.962908e-07 _31260_
 7.827738e-08 1.172206e-07 1.910192e-12 1.954999e-07 _33164_
 7.688958e-08 1.183310e-07 1.896381e-12 1.952224e-07 _35140_
 7.793791e-08 1.172561e-07 1.908219e-12 1.951959e-07 _30171_
 7.806281e-08 1.170541e-07 1.908219e-12 1.951188e-07 _33093_
 7.947211e-08 1.155533e-07 1.912884e-12 1.950274e-07 _30389_
 7.651973e-08 1.184048e-07 1.908219e-12 1.949264e-07 _33498_
 7.830021e-08 1.163708e-07 1.903889e-12 1.946729e-07 _31723_
 7.609960e-08 1.185347e-07 1.912561e-12 1.946362e-07 _29254_
 7.263089e-08 1.218407e-07 1.908219e-12 1.944735e-07 _32820_
 7.250706e-08 1.219618e-07 1.895443e-12 1.944707e-07 _29818_
 7.295789e-08 1.215044e-07 1.904799e-12 1.944642e-07 _30432_
 7.709745e-08 1.172002e-07 1.895443e-12 1.942995e-07 _29909_
 7.540739e-08 1.187556e-07 1.908891e-12 1.941649e-07 _34557_
 7.237111e-08 1.215815e-07 1.903889e-12 1.939545e-07 _35390_
 7.770387e-08 1.161312e-07 1.906163e-12 1.938370e-07 _31483_
 7.666328e-08 1.170504e-07 1.912561e-12 1.937156e-07 _29770_
 5.429380e-08 1.392097e-07 2.973761e-13 1.935038e-07 _31641_
 7.191872e-08 1.214061e-07 1.908219e-12 1.933267e-07 _32821_
 8.119101e-08 1.121107e-07 1.888737e-12 1.933036e-07 _32151_
 7.342923e-08 1.194620e-07 1.916877e-12 1.928932e-07 _31816_
 1.265073e-07 6.618472e-08 1.830998e-12 1.926938e-07 _28135_
 6.727583e-08 1.251211e-07 1.896987e-12 1.923989e-07 _33801_
 6.947931e-08 1.228285e-07 1.909008e-12 1.923097e-07 _33344_
 6.789453e-08 1.242636e-07 1.903889e-12 1.921600e-07 _33644_
 7.719753e-08 1.149106e-07 1.907073e-12 1.921100e-07 _35230_
 7.743915e-08 1.145657e-07 1.891537e-12 1.920067e-07 _31484_
 7.715700e-08 1.144487e-07 1.906245e-12 1.916076e-07 _33380_
 7.759415e-08 1.139488e-07 1.888737e-12 1.915448e-07 _32425_
 7.222029e-08 1.187990e-07 1.894657e-12 1.910211e-07 _30906_
 7.233655e-08 1.185687e-07 1.900252e-12 1.909071e-07 _29908_
 7.266176e-08 1.181808e-07 2.021672e-12 1.908446e-07 _29202_
 1.241426e-07 6.661016e-08 2.079358e-12 1.907548e-07 _53131_
 7.795855e-08 1.127496e-07 1.903889e-12 1.907101e-07 _31408_
 1.264825e-07 6.402714e-08 1.830998e-12 1.905114e-07 _27686_
 7.877826e-08 1.114389e-07 1.915503e-12 1.902191e-07 _34242_
 7.599819e-08 1.139235e-07 1.894711e-12 1.899236e-07 _34908_
 7.015327e-08 1.196915e-07 1.904799e-12 1.898467e-07 _30989_
 6.680146e-08 1.229860e-07 1.899560e-12 1.897894e-07 _29753_
 7.118467e-08 1.185002e-07 1.909008e-12 1.896868e-07 _32946_
 7.763865e-08 1.119506e-07 1.888073e-12 1.895912e-07 _34305_
 7.278600e-08 1.166230e-07 1.901161e-12 1.894109e-07 _34846_
 7.136033e-08 1.180259e-07 1.899254e-12 1.893881e-07 _34910_
 6.982914e-08 1.191729e-07 1.904799e-12 1.890040e-07 _32842_
 7.166800e-08 1.169197e-07 1.905061e-12 1.885896e-07 _33303_
 7.764004e-08 1.109228e-07 1.888073e-12 1.885648e-07 _35946_
 1.321137e-07 5.627634e-08 2.443504e-12 1.883925e-07 _28068_
 7.242194e-08 1.156177e-07 1.914679e-12 1.880415e-07 _35159_
 6.726479e-08 1.207610e-07 2.020522e-12 1.880278e-07 _29255_
 6.678809e-08 1.211996e-07 1.906618e-12 1.879896e-07 _35311_
 7.405851e-08 1.138580e-07 1.914712e-12 1.879184e-07 _33747_
 7.680292e-08 1.109757e-07 1.907824e-12 1.877806e-07 _32830_
 5.743485e-08 1.302205e-07 6.377424e-12 1.876617e-07 _28615_
 1.031298e-07 8.452338e-08 2.482491e-12 1.876557e-07 _28086_
 6.248050e-08 1.250809e-07 1.901616e-12 1.875633e-07 _32038_
 7.357992e-08 1.139373e-07 1.905061e-12 1.875191e-07 _29665_
 8.923923e-08 9.827552e-08 1.912481e-12 1.875167e-07 _30703_
 7.267541e-08 1.147362e-07 1.902649e-12 1.874135e-07 _30061_
 7.158096e-08 1.155928e-07 1.921206e-12 1.871757e-07 _31920_
 7.461658e-08 1.125217e-07 1.901553e-12 1.871402e-07 _34689_
 6.846771e-08 1.185575e-07 1.905850e-12 1.870271e-07 _29593_
 7.842207e-08 1.085508e-07 1.904799e-12 1.869748e-07 _35084_
 4.395431e-08 1.429588e-07 3.267390e-13 1.869135e-07 _31015_
 5.160032e-08 1.352162e-07 3.199247e-13 1.868168e-07 _33467_
 7.262709e-08 1.141508e-07 1.912274e-12 1.867798e-07 _30554_
 9.386583e-09 1.773781e-07 7.565321e-12 1.867722e-07 _29153_
 7.275430e-08 1.137680e-07 1.920935e-12 1.865242e-07 _34741_
 7.152166e-08 1.149767e-07 1.908219e-12 1.865002e-07 _32954_
 7.173134e-08 1.146861e-07 1.887094e-12 1.864193e-07 _34845_
 7.271997e-08 1.135977e-07 1.909870e-12 1.863195e-07 _35567_
 6.647501e-08 1.195141e-07 1.895232e-12 1.859910e-07 _35063_
 7.091138e-08 1.149754e-07 1.908891e-12 1.858887e-07 _34792_
 6.673498e-08 1.190827e-07 2.024545e-12 1.858197e-07 _33378_
 7.209089e-08 1.135870e-07 1.904799e-12 1.856798e-07 _35482_
 9.528705e-08 9.013622e-08 1.901903e-12 1.854252e-07 _35978_
 6.192081e-08 1.234587e-07 1.803232e-12 1.853813e-07 _36425_
 8.776374e-08 9.753495e-08 6.613981e-12 1.853053e-07 _28630_
 4.057721e-08 1.443756e-07 3.705700e-12 1.849565e-07 _34626_
 6.657191e-08 1.183264e-07 1.898105e-12 1.849002e-07 _31198_
 5.266351e-08 1.321530e-07 1.908219e-12 1.848184e-07 _36222_
 6.975803e-08 1.148180e-07 1.896050e-12 1.845780e-07 _35595_
 7.319836e-08 1.112116e-07 1.905061e-12 1.844119e-07 _33382_
 7.133294e-08 1.130727e-07 1.903889e-12 1.844075e-07 _33111_
 6.096881e-08 1.232543e-07 2.026270e-12 1.842252e-07 _29157_
 7.756282e-08 1.065343e-07 1.889402e-12 1.840991e-07 _32439_
 7.171921e-08 1.122715e-07 2.252041e-12 1.839930e-07 _36460_
 7.213212e-08 1.117250e-07 1.888073e-12 1.838590e-07 _34141_
 7.078138e-08 1.130754e-07 1.885824e-12 1.838586e-07 _31475_
 7.126137e-08 1.125024e-07 1.908219e-12 1.837657e-07 _29171_
 6.687605e-08 1.168347e-07 1.900075e-12 1.837127e-07 _33563_
 5.039891e-08 1.332865e-07 3.650220e-13 1.836858e-07 _34171_
 6.789886e-08 1.156201e-07 1.901161e-12 1.835209e-07 _35246_
 6.769604e-08 1.158060e-07 1.905850e-12 1.835040e-07 _29592_
 7.303345e-08 1.101753e-07 1.916328e-12 1.832107e-07 _34299_
 5.655887e-08 1.262682e-07 7.296557e-12 1.828343e-07 _28847_
 6.605522e-08 1.163989e-07 1.923569e-12 1.824561e-07 _35504_
 6.606313e-08 1.162688e-07 2.030867e-12 1.823340e-07 _29886_
 7.309115e-08 1.088500e-07 1.905061e-12 1.819431e-07 _34117_
 6.731312e-08 1.143575e-07 2.021672e-12 1.816726e-07 _33089_
 7.319101e-08 1.081787e-07 1.908613e-12 1.813716e-07 _33495_
 9.451272e-08 8.682358e-08 1.914103e-12 1.813382e-07 _34298_
 1.222751e-07 5.901947e-08 2.356143e-12 1.812969e-07 _28076_
 7.124976e-08 1.100107e-07 1.910192e-12 1.812623e-07 _32801_
 6.190481e-08 1.193516e-07 1.802043e-12 1.812582e-07 _36434_
 6.710443e-08 1.141413e-07 1.902134e-12 1.812476e-07 _33311_
 4.678989e-08 1.344410e-07 4.766371e-12 1.812357e-07 _28145_
 6.743264e-08 1.134706e-07 2.021672e-12 1.809053e-07 _33009_
 7.187895e-08 1.089925e-07 1.899560e-12 1.808733e-07 _33176_
 7.184089e-08 1.087061e-07 1.890902e-12 1.805488e-07 _34781_
 7.378360e-08 1.066381e-07 1.905850e-12 1.804236e-07 _35638_
 6.785485e-08 1.122438e-07 1.903889e-12 1.801005e-07 _33641_
 7.193806e-08 1.079948e-07 1.908219e-12 1.799348e-07 _33341_
 7.128590e-08 1.085753e-07 1.896050e-12 1.798631e-07 _35722_
 6.836933e-08 1.111121e-07 1.905061e-12 1.794833e-07 _35702_
 7.060714e-08 1.087518e-07 1.910982e-12 1.793608e-07 _29583_
 7.058897e-08 1.085375e-07 1.904799e-12 1.791284e-07 _31284_
 6.749857e-08 1.115011e-07 2.021097e-12 1.790017e-07 _32790_
 7.191618e-08 1.068793e-07 1.890267e-12 1.787974e-07 _31269_
 6.716915e-08 1.113205e-07 1.908219e-12 1.784915e-07 _29812_
 5.523652e-08 1.231200e-07 1.903482e-12 1.783584e-07 _29888_
 6.167720e-08 1.165988e-07 1.899046e-12 1.782779e-07 _29994_
 7.059201e-08 1.076566e-07 1.908891e-12 1.782505e-07 _29537_
 7.614520e-08 1.020840e-07 1.912548e-12 1.782312e-07 _32900_
 6.936097e-08 1.088075e-07 1.896381e-12 1.781703e-07 _31118_
 9.348734e-08 8.442120e-08 1.815883e-12 1.779104e-07 _32918_
 7.522312e-08 1.026769e-07 1.896050e-12 1.779019e-07 _35658_
 6.709236e-08 1.107256e-07 1.900590e-12 1.778199e-07 _29591_
 7.245372e-08 1.051660e-07 1.917427e-12 1.776217e-07 _34929_
 6.267094e-08 1.149446e-07 1.905061e-12 1.776174e-07 _30168_
 6.463939e-08 1.129129e-07 1.885824e-12 1.775541e-07 _34473_
 6.693262e-08 1.105792e-07 2.018798e-12 1.775138e-07 _32828_
 7.096672e-08 1.062429e-07 1.908219e-12 1.772115e-07 _29732_
 6.707694e-08 1.099196e-07 1.918251e-12 1.769985e-07 _31574_
 7.310921e-08 1.038275e-07 1.903435e-12 1.769386e-07 _34994_
 7.259096e-08 1.042382e-07 1.916877e-12 1.768311e-07 _35472_
 6.764644e-08 1.088735e-07 1.899046e-12 1.765219e-07 _29896_
 4.324477e-08 1.332290e-07 2.313400e-13 1.764740e-07 _32902_
 6.555383e-08 1.106482e-07 1.921636e-12 1.762040e-07 _31842_
 7.701977e-08 9.913887e-08 1.888737e-12 1.761605e-07 _32215_
 6.681648e-08 1.092144e-07 1.905061e-12 1.760328e-07 _30318_
 6.656377e-08 1.092104e-07 1.891537e-12 1.757761e-07 _31205_
 6.493656e-08 1.107798e-07 1.901553e-12 1.757183e-07 _34635_
 7.114835e-08 1.044483e-07 1.912561e-12 1.755986e-07 _29183_
 6.715973e-08 1.083425e-07 1.896472e-12 1.755041e-07 _29740_
 6.573224e-08 1.096331e-07 1.904799e-12 1.753672e-07 _33114_
 7.145243e-08 1.039119e-07 1.885824e-12 1.753662e-07 _34917_
 7.468419e-08 1.001621e-07 1.912274e-12 1.748483e-07 _34172_
 7.343142e-08 1.013394e-07 1.905061e-12 1.747727e-07 _35419_
 6.993265e-08 1.038898e-07 1.897884e-12 1.738243e-07 _34502_
 7.004436e-08 1.036334e-07 1.912561e-12 1.736797e-07 _29322_
 6.138642e-08 1.120456e-07 2.026270e-12 1.734340e-07 _33225_
 6.090153e-08 1.121180e-07 2.028568e-12 1.730215e-07 _29808_
 6.492118e-08 1.078836e-07 1.913217e-12 1.728067e-07 _31516_
 6.191769e-08 1.102268e-07 2.018223e-12 1.721465e-07 _29581_
 7.183344e-08 1.002849e-07 1.904344e-12 1.721203e-07 _33247_
 7.239110e-08 9.961965e-08 1.908219e-12 1.720126e-07 _33236_
 6.537849e-08 1.066092e-07 1.899560e-12 1.719896e-07 _32819_
 4.052395e-08 1.311322e-07 5.311757e-13 1.716567e-07 _28560_
 7.220306e-08 9.932157e-08 1.888073e-12 1.715265e-07 _32477_
 6.667585e-08 1.046917e-07 1.890902e-12 1.713695e-07 _31562_
 6.705475e-08 1.039199e-07 1.916541e-12 1.709765e-07 _30604_
 6.120285e-08 1.095047e-07 2.021672e-12 1.707096e-07 _32799_
 6.179916e-08 1.088553e-07 2.021097e-12 1.706564e-07 _32955_
 6.660673e-08 1.039255e-07 1.895232e-12 1.705342e-07 _34479_
 6.486689e-08 1.052790e-07 1.890902e-12 1.701478e-07 _31000_
 7.629618e-08 9.367027e-08 5.851514e-12 1.699723e-07 _28418_
 6.630161e-08 1.036464e-07 1.892172e-12 1.699499e-07 _34489_
 3.369193e-08 1.353251e-07 3.773366e-12 1.690208e-07 _29192_
 5.962820e-08 1.092675e-07 3.613400e-13 1.688961e-07 _30606_
 6.743950e-08 1.014328e-07 1.903435e-12 1.688742e-07 _29993_
 6.743203e-08 1.014225e-07 1.913189e-12 1.688565e-07 _34301_
 5.597378e-08 1.121403e-07 2.910005e-12 1.681170e-07 _29976_
 6.773725e-08 9.997796e-08 1.900252e-12 1.677171e-07 _35325_
 6.763230e-08 9.978732e-08 1.908613e-12 1.674215e-07 _33157_
 7.202051e-08 9.521661e-08 6.518697e-12 1.672436e-07 _28637_
 6.682023e-08 1.003076e-07 1.900252e-12 1.671297e-07 _35069_
 6.443179e-08 1.026820e-07 1.915322e-12 1.671157e-07 _33668_
 7.129719e-08 9.563914e-08 1.892061e-12 1.669382e-07 _34209_
 6.780079e-08 9.888167e-08 6.541320e-12 1.666890e-07 _53362_
 6.221470e-08 1.044188e-07 1.904344e-12 1.666354e-07 _31206_
 6.681635e-08 9.938773e-08 1.903889e-12 1.662060e-07 _33250_
 5.945874e-08 1.065748e-07 1.916095e-12 1.660355e-07 _36267_
 6.546536e-08 1.001965e-07 1.908219e-12 1.656637e-07 _33008_
 6.611206e-08 9.946275e-08 1.902134e-12 1.655767e-07 _33401_
 6.560833e-08 9.992041e-08 1.903889e-12 1.655307e-07 _31217_
 6.150233e-08 1.038554e-07 2.017649e-12 1.653598e-07 _29515_
 6.742597e-08 9.788005e-08 1.905061e-12 1.653079e-07 _29664_
 6.951176e-08 9.564588e-08 1.890067e-12 1.651595e-07 _33845_
 8.101679e-08 8.412898e-08 1.913217e-12 1.651477e-07 _33266_
 6.776657e-08 9.720948e-08 1.912274e-12 1.649780e-07 _34247_
 5.396860e-08 1.106725e-07 1.930819e-12 1.646430e-07 _28424_
 6.119327e-08 1.028878e-07 1.903889e-12 1.640829e-07 _33178_
 6.763815e-08 9.631582e-08 1.899560e-12 1.639559e-07 _31591_
 6.519114e-08 9.865571e-08 1.890902e-12 1.638488e-07 _31326_
 5.624042e-08 1.074603e-07 3.644721e-13 1.637011e-07 _30493_
 6.716140e-08 9.653262e-08 1.895443e-12 1.636959e-07 _33791_
 9.175538e-08 7.175921e-08 1.888737e-12 1.635165e-07 _30728_
 5.237507e-08 1.110569e-07 4.272095e-12 1.634363e-07 _29344_
 6.252142e-08 1.007801e-07 1.901903e-12 1.633034e-07 _30229_
 6.105363e-08 1.017761e-07 1.890633e-12 1.628316e-07 _34774_
 6.122818e-08 1.010345e-07 1.895232e-12 1.622646e-07 _30944_
 6.419148e-08 9.768168e-08 1.897884e-12 1.618751e-07 _34638_
 5.789309e-08 1.035562e-07 1.900252e-12 1.614512e-07 _33936_
 5.593041e-08 1.052349e-07 2.025120e-12 1.611674e-07 _29169_
 6.720812e-08 9.381486e-08 1.906245e-12 1.610249e-07 _34163_
 6.420579e-08 9.681306e-08 1.895345e-12 1.610207e-07 _34836_
 6.444257e-08 9.641378e-08 1.908219e-12 1.608582e-07 _33011_
 6.073111e-08 9.948860e-08 1.903164e-12 1.602216e-07 _30073_
 7.430974e-08 8.557220e-08 1.925704e-12 1.598839e-07 _35977_
 6.497272e-08 9.486742e-08 1.896050e-12 1.598420e-07 _30409_
 6.125710e-08 9.843072e-08 1.919667e-12 1.596897e-07 _31165_
 6.137940e-08 9.813615e-08 1.903164e-12 1.595175e-07 _29980_
 8.289084e-08 7.642620e-08 1.901616e-12 1.593189e-07 _32107_
 7.797509e-08 8.104379e-08 1.906245e-12 1.590208e-07 _33710_
 6.171690e-08 9.719530e-08 1.914712e-12 1.589141e-07 _30595_
 6.215027e-08 9.670232e-08 1.908219e-12 1.588545e-07 _34014_
 7.215657e-08 8.658863e-08 1.209015e-12 1.587464e-07 _28959_
 6.147929e-08 9.705080e-08 1.899560e-12 1.585320e-07 _33388_
 9.475779e-08 6.361172e-08 3.372656e-12 1.583729e-07 _53157_
 5.166994e-08 1.065456e-07 7.144563e-12 1.582227e-07 _28874_
 8.439467e-08 7.380298e-08 1.094284e-12 1.581987e-07 _28509_
 6.267437e-08 9.542108e-08 1.899560e-12 1.580974e-07 _32057_
 6.180841e-08 9.533245e-08 2.022246e-12 1.571429e-07 _32884_
 4.150341e-08 1.155585e-07 3.498063e-13 1.570623e-07 _32901_
 6.040070e-08 9.655552e-08 1.903889e-12 1.569581e-07 _30937_
 5.658134e-08 1.002948e-07 1.903435e-12 1.568780e-07 _35146_
 6.131631e-08 9.553611e-08 1.898680e-12 1.568543e-07 _34986_
 8.048139e-08 7.634761e-08 1.909008e-12 1.568309e-07 _31437_
 6.696456e-08 8.983052e-08 1.888737e-12 1.567970e-07 _34251_
 6.913767e-08 8.741668e-08 3.546559e-12 1.565579e-07 _32498_
 6.083691e-08 9.502397e-08 1.890902e-12 1.558628e-07 _31407_
 6.185145e-08 9.356496e-08 1.900252e-12 1.554183e-07 _35158_
 7.158052e-08 8.375600e-08 6.470957e-12 1.553430e-07 _28617_
 6.162182e-08 9.325554e-08 1.883420e-12 1.548793e-07 _32487_
 7.315311e-08 8.163772e-08 6.613960e-12 1.547974e-07 _28622_
 6.506728e-08 8.913613e-08 6.471520e-12 1.542099e-07 _28632_
 6.884019e-08 8.487712e-08 3.546559e-12 1.537209e-07 _36004_
 4.888268e-08 1.047015e-07 4.016951e-13 1.535846e-07 _35270_
 6.080290e-08 9.272198e-08 1.890902e-12 1.535268e-07 _35231_
 5.983301e-08 9.348592e-08 1.905061e-12 1.533208e-07 _29453_
 6.159163e-08 9.127839e-08 1.890633e-12 1.528719e-07 _31555_
 6.032815e-08 9.215292e-08 2.015350e-12 1.524831e-07 _29376_
 7.755162e-08 7.492778e-08 1.910874e-12 1.524813e-07 _32374_
 4.723348e-08 1.051099e-07 4.448554e-13 1.523439e-07 _30020_
 6.180299e-08 9.053054e-08 1.906163e-12 1.523354e-07 _31573_
 5.375641e-08 9.834336e-08 3.336153e-13 1.521001e-07 _34245_
 7.775129e-08 7.433368e-08 1.896987e-12 1.520869e-07 _33871_
 6.640837e-08 8.559127e-08 1.883420e-12 1.520015e-07 _35887_
 5.602977e-08 9.586343e-08 2.024545e-12 1.518952e-07 _33301_
 6.266021e-08 8.879398e-08 2.880142e-12 1.514571e-07 _33455_
 6.620581e-08 8.524648e-08 1.892061e-12 1.514542e-07 _32356_
 6.648025e-08 8.452066e-08 1.889402e-12 1.510028e-07 _32295_
 6.645209e-08 8.454781e-08 1.890067e-12 1.510018e-07 _35776_
 4.328393e-08 1.076018e-07 6.648578e-12 1.508924e-07 _28941_
 5.571036e-08 9.478201e-08 1.896472e-12 1.504943e-07 _29831_
 6.400179e-08 8.635257e-08 6.566113e-12 1.503609e-07 _28635_
 9.789823e-08 5.243914e-08 1.990428e-12 1.503394e-07 _36663_
 7.799385e-08 7.194641e-08 1.898433e-12 1.499422e-07 _35761_
 6.293892e-08 8.696066e-08 1.900252e-12 1.499015e-07 _32110_
 9.567982e-08 5.421342e-08 1.215969e-12 1.498944e-07 _28943_
 5.537548e-08 9.449948e-08 1.903889e-12 1.498769e-07 _31204_
 4.391337e-08 1.057892e-07 2.906302e-12 1.497055e-07 _30512_
 6.125151e-08 8.840564e-08 1.890267e-12 1.496590e-07 _31640_
 6.139917e-08 8.824911e-08 1.888073e-12 1.496502e-07 _32292_
 6.089201e-08 8.821593e-08 1.894076e-12 1.491098e-07 _31335_
 7.795425e-08 7.041018e-08 1.908531e-12 1.483663e-07 _35841_
 4.078163e-08 1.070715e-07 1.891325e-12 1.478550e-07 _30304_
 8.891811e-08 5.883415e-08 1.094284e-12 1.477534e-07 _28498_
 7.668724e-08 7.101024e-08 1.887728e-12 1.476994e-07 _31884_
 5.863312e-08 8.859068e-08 2.813580e-12 1.472266e-07 _27648_
 5.589733e-08 9.056332e-08 1.903889e-12 1.464626e-07 _31561_
 6.797924e-08 7.838261e-08 1.898433e-12 1.463638e-07 _30511_
 5.489315e-08 9.143685e-08 1.909008e-12 1.463319e-07 _32947_
 6.163134e-08 8.435691e-08 1.888073e-12 1.459901e-07 _30619_
 7.108390e-08 7.478420e-08 1.907429e-12 1.458700e-07 _33544_
 6.152271e-08 8.386550e-08 1.883420e-12 1.453901e-07 _34317_
 5.627312e-08 8.897005e-08 1.905061e-12 1.452451e-07 _29519_
 7.107754e-08 7.358162e-08 1.926078e-12 1.446611e-07 _29085_
 8.436391e-08 5.981261e-08 1.097761e-12 1.441776e-07 _28454_
 5.401840e-08 9.010046e-08 1.912561e-12 1.441208e-07 _29257_
 5.623997e-08 8.782077e-08 1.892358e-12 1.440626e-07 _31633_
 5.064013e-08 9.293247e-08 3.571703e-13 1.435730e-07 _32172_
 4.157740e-08 1.014080e-07 1.890902e-12 1.429873e-07 _32597_
 5.625090e-08 8.665993e-08 1.895443e-12 1.429127e-07 _33709_
 7.864953e-08 6.425618e-08 1.918629e-12 1.429076e-07 _35993_
 7.178682e-08 7.073253e-08 1.236829e-12 1.425206e-07 _28947_
 6.656980e-08 7.554228e-08 6.661591e-12 1.421188e-07 _28640_
 5.882132e-08 8.320492e-08 1.890067e-12 1.420281e-07 _32019_
 5.067919e-08 9.112971e-08 1.916877e-12 1.418108e-07 _31652_
 5.693909e-08 8.449699e-08 1.899560e-12 1.414380e-07 _35261_
 3.914819e-08 1.022743e-07 3.267390e-13 1.414228e-07 _32877_
 5.390694e-08 8.736129e-08 1.890902e-12 1.412701e-07 _31196_
 8.599265e-08 5.518424e-08 6.013768e-12 1.411829e-07 _53358_
 5.685522e-08 8.387892e-08 1.907429e-12 1.407360e-07 _33798_
 6.847660e-08 7.225200e-08 1.909836e-12 1.407305e-07 _30702_
 5.559069e-08 8.506017e-08 1.900590e-12 1.406528e-07 _29676_
 1.026648e-07 3.756691e-08 4.402889e-12 1.402361e-07 _53155_
 4.311536e-08 9.709279e-08 2.039488e-12 1.402102e-07 _30855_
 7.953921e-08 6.048008e-08 1.083854e-12 1.400204e-07 _28553_
 3.982287e-08 1.001524e-07 1.277816e-12 1.399765e-07 _28680_
 5.637720e-08 8.359591e-08 1.899046e-12 1.399750e-07 _33235_
 7.072151e-08 6.882575e-08 1.827824e-12 1.395491e-07 _28433_
 5.475889e-08 8.441078e-08 1.903889e-12 1.391716e-07 _32840_
 5.553728e-08 8.348825e-08 1.903889e-12 1.390274e-07 _33477_
 4.995817e-08 8.874288e-08 1.916877e-12 1.387030e-07 _31281_
 5.971303e-08 7.896517e-08 1.888737e-12 1.386801e-07 _32088_
 4.340335e-08 9.521924e-08 6.568356e-12 1.386291e-07 _29029_
 7.333299e-08 6.527880e-08 1.920132e-12 1.386137e-07 _32485_
 5.385718e-08 8.463309e-08 1.887094e-12 1.384922e-07 _34482_
 4.158952e-08 9.677893e-08 7.346804e-12 1.383758e-07 _28870_
 6.111153e-08 7.719726e-08 1.884749e-12 1.383107e-07 _30679_
 5.571101e-08 8.256497e-08 1.891783e-12 1.382779e-07 _34475_
 5.706407e-08 8.121162e-08 1.896614e-12 1.382776e-07 _35678_
 7.202585e-08 6.570645e-08 1.898433e-12 1.377342e-07 _30365_
 5.069398e-08 8.687593e-08 2.020522e-12 1.375719e-07 _29730_
 6.323779e-08 7.416614e-08 2.900845e-12 1.374068e-07 _32184_
 5.685797e-08 8.024610e-08 1.895443e-12 1.371060e-07 _35418_
 8.048788e-08 5.614667e-08 1.215969e-12 1.366358e-07 _28931_
 6.724332e-08 6.920703e-08 6.661591e-12 1.364570e-07 _28620_
 4.901834e-08 8.716808e-08 3.403673e-13 1.361868e-07 _35743_
 4.622179e-08 8.989545e-08 3.336153e-13 1.361176e-07 _32039_
 5.115404e-08 8.486833e-08 1.896614e-12 1.360243e-07 _30429_
 5.610266e-08 7.956962e-08 1.895232e-12 1.356742e-07 _31400_
 5.592918e-08 7.949320e-08 1.885824e-12 1.354243e-07 _31724_
 5.419270e-08 8.106628e-08 1.890267e-12 1.352609e-07 _31398_
 7.748237e-08 5.769348e-08 2.093631e-12 1.351779e-07 _53188_
 4.598605e-08 8.905072e-08 1.907192e-12 1.350387e-07 _35842_
 4.175611e-08 9.301276e-08 3.705700e-12 1.347726e-07 _29221_
 7.912835e-08 5.561967e-08 1.139481e-12 1.347491e-07 _29031_
 5.456131e-08 8.009325e-08 1.914712e-12 1.346565e-07 _33746_
 8.367923e-08 5.083078e-08 1.101238e-12 1.345111e-07 _28542_
 5.103209e-08 8.347281e-08 2.022246e-12 1.345069e-07 _33153_
 3.808150e-08 9.635990e-08 3.939482e-13 1.344418e-07 _28787_
 4.372117e-08 8.960625e-08 2.926679e-13 1.333277e-07 _33543_
 4.719244e-08 8.596363e-08 3.885770e-13 1.331565e-07 _35546_
 5.602955e-08 7.698143e-08 1.880747e-12 1.330129e-07 _35479_
 7.241142e-08 6.052913e-08 1.195464e-12 1.329418e-07 _36769_
 5.060181e-08 8.231824e-08 1.895806e-12 1.329219e-07 _30911_
 4.456437e-08 8.831501e-08 3.403673e-13 1.328797e-07 _30063_
 4.019916e-08 9.255207e-08 2.517204e-13 1.327515e-07 _33865_
 5.222589e-08 7.991758e-08 1.909008e-12 1.321454e-07 _34442_
 7.925305e-08 5.284125e-08 1.125574e-12 1.320954e-07 _29035_
 5.110750e-08 8.090527e-08 7.192886e-12 1.320200e-07 _28852_
 5.370622e-08 7.830445e-08 1.890902e-12 1.320126e-07 _34984_
 5.719025e-08 7.464504e-08 7.141581e-12 1.318424e-07 _28860_
 6.077350e-08 7.106271e-08 2.613209e-12 1.318388e-07 _29228_
 5.619714e-08 7.561713e-08 6.557033e-12 1.318208e-07 _29017_
 4.624157e-08 8.547683e-08 3.613400e-13 1.317188e-07 _33589_
 4.953908e-08 8.198870e-08 1.903889e-12 1.315297e-07 _30921_
 5.054957e-08 8.079278e-08 1.920935e-12 1.313443e-07 _36103_
 5.200975e-08 7.920169e-08 1.901161e-12 1.312133e-07 _29996_
 7.578268e-08 5.534624e-08 1.229876e-12 1.311302e-07 _28955_
 4.886129e-08 8.170226e-08 3.847997e-13 1.305639e-07 _32419_
 5.574096e-08 7.480152e-08 1.888737e-12 1.305444e-07 _35995_
 3.388278e-08 9.665968e-08 3.441483e-13 1.305428e-07 _29474_
 8.761243e-08 4.255191e-08 4.832750e-12 1.301692e-07 _60332_
 4.397100e-08 8.610866e-08 4.016951e-13 1.300801e-07 _29693_
 3.405872e-08 9.577033e-08 2.866012e-13 1.298293e-07 _34558_
 4.954927e-08 8.016062e-08 1.890902e-12 1.297118e-07 _30926_
 6.009231e-08 6.952199e-08 1.879819e-12 1.296162e-07 _34735_
 5.592743e-08 7.339922e-08 1.892726e-12 1.293285e-07 _35984_
 6.148905e-08 6.779008e-08 3.292954e-12 1.292824e-07 _28647_
 4.922217e-08 7.987385e-08 1.900590e-12 1.290979e-07 _32875_
 4.922569e-08 7.974469e-08 2.015350e-12 1.289724e-07 _29422_
 6.634701e-08 6.247007e-08 1.906245e-12 1.288190e-07 _34160_
 5.964456e-08 6.912251e-08 6.458312e-12 1.287735e-07 _28957_
 5.053156e-08 7.812833e-08 1.890267e-12 1.286618e-07 _34993_
 2.449597e-08 1.041108e-07 1.487238e-12 1.286083e-07 _36320_
 4.398744e-08 8.452447e-08 3.267390e-13 1.285122e-07 _31763_
 5.174393e-08 7.676509e-08 1.892172e-12 1.285109e-07 _31167_
 4.876712e-08 7.971472e-08 1.917427e-12 1.284838e-07 _30962_
 5.884309e-08 6.944567e-08 1.788733e-12 1.282906e-07 _28665_
 5.579066e-08 7.234651e-08 1.883420e-12 1.281391e-07 _30647_
 5.272623e-08 7.533306e-08 1.905061e-12 1.280612e-07 _32185_
 4.320523e-08 8.463384e-08 3.267390e-13 1.278394e-07 _33265_
 5.666597e-08 7.106421e-08 1.847299e-12 1.277320e-07 _34547_
 5.031568e-08 7.732961e-08 6.453687e-12 1.276517e-07 _29025_
 3.809671e-08 8.952426e-08 1.347623e-12 1.276223e-07 _28508_
 6.690009e-08 6.015024e-08 1.896987e-12 1.270522e-07 _32235_
 6.713080e-08 5.991094e-08 1.901616e-12 1.270436e-07 _32274_
 4.922915e-08 7.765838e-08 1.899560e-12 1.268894e-07 _33112_
 7.143225e-08 5.524506e-08 1.889225e-12 1.266792e-07 _36704_
 5.207027e-08 7.451633e-08 1.901903e-12 1.265885e-07 _30634_
 4.886958e-08 7.770900e-08 1.916877e-12 1.265805e-07 _30958_
 4.335815e-08 8.321883e-08 2.921575e-13 1.265773e-07 _30297_
 5.583214e-08 7.058244e-08 6.609290e-12 1.264212e-07 _29041_
 3.749370e-08 8.866829e-08 4.213937e-13 1.261624e-07 _28967_
 4.863739e-08 7.743729e-08 1.891537e-12 1.260766e-07 _30947_
 4.728391e-08 7.878923e-08 2.926679e-13 1.260734e-07 _33632_
 8.704521e-08 3.901424e-08 4.832750e-12 1.260643e-07 _60327_
 5.168259e-08 7.431490e-08 6.295147e-12 1.260038e-07 _28949_
 5.535608e-08 7.059734e-08 1.893391e-12 1.259553e-07 _35932_
 7.452714e-08 5.137358e-08 1.118621e-12 1.259018e-07 _29011_
 4.864368e-08 7.719839e-08 1.892172e-12 1.258440e-07 _30990_
 4.250744e-08 8.322685e-08 2.910805e-13 1.257346e-07 _31973_
 4.841909e-08 7.727571e-08 1.900590e-12 1.256967e-07 _32841_
 5.070557e-08 7.458038e-08 1.894657e-12 1.252878e-07 _31477_
 4.505422e-08 7.983282e-08 3.131105e-13 1.248874e-07 _32330_
 4.867545e-08 7.618218e-08 1.890267e-12 1.248595e-07 _34772_
 7.519572e-08 4.938902e-08 1.236829e-12 1.245860e-07 _28923_
 5.101797e-08 7.344882e-08 1.900252e-12 1.244687e-07 _34918_
 6.225535e-08 6.212987e-08 6.709655e-12 1.243919e-07 _28627_
 5.048474e-08 7.388729e-08 1.889633e-12 1.243739e-07 _31972_
 8.693027e-08 3.715121e-08 4.832750e-12 1.240863e-07 _60337_
 6.174632e-08 6.196674e-08 1.898433e-12 1.237150e-07 _35614_
 3.372685e-08 8.961216e-08 4.016951e-13 1.233394e-07 _29195_
 5.546307e-08 6.778583e-08 1.888737e-12 1.232508e-07 _34206_
 5.761120e-08 6.519661e-08 6.602806e-12 1.228144e-07 _29021_
 4.402028e-08 7.866888e-08 2.721941e-13 1.226894e-07 _31806_
 4.155063e-08 8.108682e-08 3.441483e-13 1.226378e-07 _34946_
 4.950492e-08 7.313112e-08 1.620907e-12 1.226377e-07 _28603_
 7.531771e-08 4.730113e-08 1.893391e-12 1.226207e-07 _30743_
 4.415218e-08 7.823597e-08 2.786537e-13 1.223884e-07 _30593_
 4.766365e-08 7.469936e-08 1.912561e-12 1.223649e-07 _29325_
 4.635657e-08 7.520887e-08 3.207602e-13 1.215658e-07 _35926_
 4.892695e-08 7.208174e-08 1.899560e-12 1.210106e-07 _32843_
 5.303195e-08 6.792980e-08 2.604158e-12 1.209644e-07 _27647_
 4.646446e-08 7.419149e-08 7.132102e-12 1.206631e-07 _53420_
 5.024908e-08 7.015097e-08 1.927700e-12 1.204020e-07 _31026_
 6.921249e-08 5.118442e-08 1.104714e-12 1.203980e-07 _28520_
 4.483157e-08 7.508874e-08 1.919898e-12 1.199222e-07 _32595_
 4.260175e-08 7.724976e-08 3.162625e-13 1.198518e-07 _35313_
 6.114094e-08 5.860135e-08 1.901616e-12 1.197442e-07 _32045_
 7.376284e-08 4.568689e-08 1.090807e-12 1.194508e-07 _28465_
 3.130367e-08 8.802466e-08 1.208009e-12 1.193295e-07 _28702_
 7.139899e-08 4.742007e-08 1.887046e-12 1.188209e-07 _36722_
 6.474296e-08 5.381342e-08 1.914439e-12 1.185583e-07 _29093_
 7.140506e-08 4.712905e-08 1.886352e-12 1.185360e-07 _36731_
 3.657703e-08 8.161615e-08 3.650220e-13 1.181935e-07 _31894_
 4.833671e-08 6.974047e-08 1.892172e-12 1.180791e-07 _34567_
 4.812345e-08 6.995115e-08 1.892172e-12 1.180765e-07 _35061_
 7.070385e-08 4.733517e-08 1.937669e-12 1.180410e-07 _36406_
 4.940721e-08 6.836989e-08 1.888737e-12 1.177790e-07 _33914_
 4.444023e-08 7.331380e-08 2.021672e-12 1.177561e-07 _34440_
 4.660440e-08 7.099070e-08 1.897884e-12 1.175970e-07 _34743_
 5.416144e-08 6.314563e-08 6.587161e-12 1.173137e-07 _29013_
 5.295867e-08 6.434725e-08 1.889633e-12 1.173078e-07 _31718_
 4.473239e-08 7.243685e-08 1.522142e-12 1.171708e-07 _36344_
 4.161203e-08 7.550628e-08 1.661757e-12 1.171200e-07 _32748_
 5.809460e-08 5.892949e-08 7.000847e-12 1.170311e-07 _28625_
 3.642765e-08 8.038442e-08 5.140863e-13 1.168126e-07 _36745_
 7.423878e-08 4.195772e-08 1.209015e-12 1.161977e-07 _28927_
 4.397617e-08 7.221285e-08 1.895232e-12 1.161909e-07 _31059_
 6.453138e-08 5.108501e-08 1.118621e-12 1.156175e-07 _29039_
 5.446375e-08 6.097992e-08 1.901903e-12 1.154456e-07 _29975_
 4.711609e-08 6.829125e-08 1.897884e-12 1.154092e-07 _34692_
 4.497677e-08 7.011365e-08 1.899046e-12 1.150923e-07 _33324_
 4.379691e-08 7.085333e-08 1.904799e-12 1.146521e-07 _30936_
 8.264209e-08 3.153550e-08 5.646721e-12 1.141832e-07 _53186_
 3.552798e-08 7.863245e-08 1.881762e-13 1.141606e-07 _30430_
 4.302724e-08 7.110530e-08 1.894076e-12 1.141344e-07 _30903_
 6.083510e-08 5.305587e-08 6.553100e-12 1.138975e-07 _29033_
 4.303516e-08 7.078950e-08 2.926679e-13 1.138250e-07 _32234_
 4.652795e-08 6.672810e-08 1.904344e-12 1.132580e-07 _31896_
 4.491270e-08 6.832974e-08 2.021672e-12 1.132445e-07 _33060_
 4.466442e-08 6.790687e-08 1.899560e-12 1.125732e-07 _33478_
 6.915830e-08 4.303222e-08 1.132528e-12 1.121916e-07 _29019_
 6.980045e-08 4.232623e-08 1.222922e-12 1.121279e-07 _28951_
 5.841053e-08 5.352355e-08 5.634152e-12 1.119397e-07 _53049_
 5.938777e-08 5.251007e-08 1.111668e-12 1.118989e-07 _29047_
 5.691630e-08 5.497675e-08 1.903482e-12 1.118949e-07 _30545_
 7.070989e-08 4.092257e-08 1.886917e-12 1.116343e-07 _36740_
 6.904646e-08 4.237852e-08 1.111668e-12 1.114261e-07 _28443_
 3.921496e-08 7.186105e-08 2.690506e-13 1.110763e-07 _33998_
 3.962442e-08 7.111724e-08 1.890902e-12 1.107435e-07 _30923_
 4.185810e-08 6.883678e-08 2.029440e-13 1.106951e-07 _35480_
 4.349727e-08 6.698625e-08 1.908219e-12 1.104854e-07 _32792_
 7.011027e-08 4.037042e-08 1.937669e-12 1.104826e-07 _29094_
 7.109253e-08 3.923373e-08 1.887046e-12 1.103282e-07 _36713_
 3.786167e-08 7.239355e-08 1.883285e-12 1.102571e-07 _35138_
 4.176973e-08 6.807779e-08 1.912561e-12 1.098494e-07 _29378_
 3.562045e-08 7.416541e-08 9.703036e-13 1.097868e-07 _29131_
 3.671574e-08 7.299659e-08 1.927575e-12 1.097143e-07 _28419_
 5.590393e-08 5.347228e-08 7.245424e-12 1.093834e-07 _28862_
 4.780120e-08 6.152910e-08 6.705115e-12 1.093370e-07 _29049_
 3.711729e-08 7.216352e-08 1.926078e-12 1.092827e-07 _28678_
 4.395782e-08 6.508732e-08 1.916877e-12 1.090471e-07 _32912_
 4.551400e-08 6.352454e-08 1.889402e-12 1.090404e-07 _34265_
 6.874464e-08 4.016336e-08 1.090807e-12 1.089091e-07 _28476_
 4.228231e-08 6.648050e-08 1.890902e-12 1.087647e-07 _31062_
 7.813874e-08 3.019711e-08 1.572463e-12 1.083374e-07 _53110_
 3.600807e-08 7.208079e-08 2.933096e-12 1.080918e-07 _34597_
 3.898172e-08 6.899405e-08 1.731564e-12 1.079775e-07 _32776_
 5.545235e-08 5.250622e-08 1.883285e-12 1.079605e-07 _35391_
 2.890697e-08 7.904853e-08 1.905875e-12 1.079574e-07 _29288_
 6.441292e-08 4.354019e-08 1.139481e-12 1.079542e-07 _29015_
 6.848268e-08 3.919481e-08 1.139481e-12 1.076786e-07 _28795_
 3.051646e-08 7.644972e-08 2.344692e-13 1.069664e-07 _30938_
 3.579975e-08 7.115094e-08 2.910979e-12 1.069536e-07 _34682_
 5.561465e-08 5.088287e-08 6.584783e-12 1.065041e-07 _29037_
 7.605896e-08 3.032436e-08 1.985986e-12 1.063853e-07 _36466_
 3.071838e-08 7.565630e-08 4.305422e-13 1.063751e-07 _31027_
 7.021918e-08 3.611662e-08 1.937669e-12 1.063377e-07 _28132_
 6.477674e-08 4.141708e-08 1.914439e-12 1.061957e-07 _27682_
 5.940404e-08 4.674180e-08 1.104714e-12 1.061469e-07 _29043_
 5.457965e-08 5.123944e-08 6.413231e-12 1.058255e-07 _28929_
 3.277797e-08 7.303516e-08 1.312720e-12 1.058144e-07 _28470_
 5.639042e-08 4.919258e-08 1.893384e-12 1.055849e-07 _35795_
 4.490674e-08 6.030616e-08 7.040893e-12 1.052199e-07 _28857_
 6.163156e-08 4.344024e-08 1.204570e-12 1.050730e-07 _36572_
 5.559095e-08 4.933856e-08 1.903482e-12 1.049314e-07 _30612_
 3.967703e-08 6.462555e-08 1.347623e-12 1.043039e-07 _28497_
 3.942758e-08 6.472251e-08 1.522142e-12 1.041516e-07 _36328_
 4.607031e-08 5.791766e-08 1.825886e-12 1.039898e-07 _28422_
 2.812379e-08 7.537875e-08 3.728737e-13 1.035029e-07 _30959_
 6.715784e-08 3.629217e-08 1.985098e-12 1.034520e-07 _36706_
 6.384447e-08 3.941704e-08 1.174248e-12 1.032627e-07 _29023_
 4.104430e-08 6.215797e-08 2.177116e-13 1.032025e-07 _30230_
 3.961975e-08 6.346069e-08 1.452335e-12 1.030819e-07 _36352_
 3.450743e-08 6.780958e-08 1.312720e-12 1.023183e-07 _36364_
 4.492887e-08 5.698395e-08 1.888737e-12 1.019147e-07 _32397_
 4.525547e-08 5.656544e-08 1.888737e-12 1.018228e-07 _30572_
 3.255207e-08 6.917465e-08 2.806040e-13 1.017270e-07 _31436_
 6.640118e-08 3.502617e-08 1.990428e-12 1.014293e-07 _36680_
 6.392217e-08 3.714365e-08 1.097761e-12 1.010669e-07 _28642_
 4.117763e-08 5.981172e-08 1.487238e-12 1.009908e-07 _36348_
 3.412154e-08 6.672681e-08 3.199247e-13 1.008487e-07 _32122_
 6.630524e-08 3.405068e-08 1.985098e-12 1.003579e-07 _36715_
 6.414362e-08 3.615942e-08 1.160341e-12 1.003042e-07 _28935_
 3.701259e-08 6.289734e-08 4.762847e-13 9.991040e-08 _28564_
 3.159869e-08 6.822097e-08 1.050050e-12 9.982071e-08 _32749_
 3.266094e-08 6.679100e-08 1.208009e-12 9.945315e-08 _28691_
 5.563313e-08 4.340656e-08 1.911055e-12 9.904161e-08 _30725_
 4.001773e-08 5.887499e-08 1.785672e-12 9.889450e-08 _28654_
 5.157914e-08 4.711475e-08 1.901616e-12 9.869579e-08 _34080_
 6.610993e-08 3.258015e-08 1.990428e-12 9.869206e-08 _36638_
 3.965521e-08 5.900305e-08 1.347623e-12 9.865961e-08 _28492_
 3.696972e-08 6.155343e-08 1.924581e-12 9.852507e-08 _28126_
 4.120268e-08 5.710748e-08 6.377424e-12 9.831654e-08 _28612_
 2.513081e-08 7.303873e-08 1.216203e-13 9.816966e-08 _30727_
 4.018823e-08 5.784106e-08 1.899560e-12 9.803118e-08 _30140_
 3.690042e-08 6.093776e-08 1.908219e-12 9.784009e-08 _33062_
 6.041318e-08 3.733077e-08 1.202062e-12 9.774515e-08 _28939_
 2.649269e-08 7.091554e-08 3.728737e-13 9.740859e-08 _31218_
 6.422243e-08 3.313570e-08 1.914439e-12 9.736004e-08 _28131_
 3.098917e-08 6.614697e-08 3.705700e-12 9.713985e-08 _34527_
 3.607991e-08 6.051382e-08 1.242912e-12 9.659497e-08 _28724_
 3.964148e-08 5.659707e-08 1.382527e-12 9.623994e-08 _28448_
 3.098054e-08 6.412318e-08 1.927325e-12 9.510564e-08 _28722_
 3.627697e-08 5.861265e-08 2.472470e-13 9.488986e-08 _35679_
 3.963516e-08 5.504929e-08 1.382527e-12 9.468584e-08 _28453_
 5.073108e-08 4.380338e-08 1.893384e-12 9.453635e-08 _30303_
 6.619367e-08 2.827724e-08 1.992205e-12 9.447290e-08 _36697_
 3.809276e-08 5.622902e-08 1.906083e-12 9.432368e-08 _32764_
 6.621477e-08 2.767608e-08 1.990428e-12 9.389284e-08 _36646_
 5.915028e-08 3.415273e-08 1.889741e-12 9.330491e-08 _36543_
 3.780796e-08 5.535066e-08 1.887728e-12 9.316051e-08 _31553_
 3.417157e-08 5.894711e-08 1.208009e-12 9.311988e-08 _32780_
 3.645512e-08 5.664749e-08 2.324793e-13 9.310285e-08 _30611_
 4.097105e-08 5.196797e-08 1.891325e-12 9.294091e-08 _35845_
 6.624165e-08 2.660020e-08 1.986874e-12 9.284384e-08 _36733_
 2.051144e-08 7.225171e-08 2.018298e-13 9.276334e-08 _27678_
 4.102860e-08 5.158078e-08 1.452335e-12 9.261083e-08 _36332_
 6.568358e-08 2.662237e-08 1.986874e-12 9.230794e-08 _36742_
 8.127580e-08 1.091380e-08 1.773797e-12 9.219138e-08 _28875_
 6.106520e-08 3.090962e-08 1.986874e-12 9.197681e-08 _36536_
 5.637097e-08 3.542570e-08 1.985986e-12 9.179865e-08 _36500_
 4.152791e-08 5.001494e-08 1.871179e-12 9.154471e-08 _32768_
 5.849171e-08 3.303479e-08 1.153388e-12 9.152765e-08 _29027_
 6.574253e-08 2.576033e-08 1.985098e-12 9.150485e-08 _36724_
 5.844156e-08 3.296703e-08 1.090807e-12 9.140968e-08 _28531_
 4.483190e-08 4.654471e-08 7.144563e-12 9.138375e-08 _28850_
 6.539006e-08 2.578779e-08 1.985098e-12 9.117984e-08 _36612_
 3.601145e-08 5.513665e-08 1.242912e-12 9.114934e-08 _28735_
 6.539765e-08 2.512636e-08 1.990428e-12 9.052600e-08 _36672_
 3.905255e-08 5.113055e-08 1.895232e-12 9.018500e-08 _30997_
 3.122370e-08 5.895752e-08 1.926577e-12 9.018314e-08 _28700_
 2.648816e-08 6.367893e-08 3.728737e-13 9.016746e-08 _32913_
 1.871830e-08 7.115926e-08 9.703036e-13 8.987853e-08 _29086_
 3.866487e-08 5.114377e-08 3.760732e-12 8.981240e-08 _28877_
 2.817720e-08 6.123507e-08 2.927566e-12 8.941520e-08 _34533_
 3.254378e-08 5.677946e-08 1.242912e-12 8.932449e-08 _28547_
 3.989972e-08 4.919984e-08 1.884749e-12 8.910146e-08 _35890_
 4.082772e-08 4.809378e-08 5.409227e-13 8.892204e-08 _36659_
 3.422569e-08 5.461603e-08 1.312720e-12 8.884304e-08 _36360_
 4.702974e-08 4.170486e-08 6.776778e-12 8.874137e-08 _29045_
 3.777792e-08 5.071742e-08 1.347623e-12 8.849670e-08 _28503_
 2.922887e-08 5.913809e-08 1.886036e-12 8.836884e-08 _35226_
 3.264817e-08 5.562751e-08 3.036714e-13 8.827599e-08 _30961_
 2.841505e-08 5.954844e-08 2.899921e-12 8.796639e-08 _36102_
 4.463629e-08 4.322704e-08 1.927949e-12 8.786526e-08 _31764_
 2.937999e-08 5.840013e-08 5.945952e-13 8.778072e-08 _36548_
 3.111014e-08 5.655487e-08 1.926327e-12 8.766694e-08 _28744_
 3.096961e-08 5.668482e-08 1.926078e-12 8.765635e-08 _28667_
 3.423088e-08 5.313928e-08 1.312720e-12 8.737147e-08 _28768_
 3.586275e-08 5.078015e-08 1.900252e-12 8.664480e-08 _30075_
 3.431592e-08 5.224581e-08 1.208009e-12 8.656293e-08 _36356_
 4.504649e-08 4.147418e-08 7.295498e-12 8.652797e-08 _28865_
 3.093598e-08 5.549400e-08 1.926078e-12 8.643190e-08 _28656_
 2.149802e-08 6.490243e-08 1.211028e-13 8.640058e-08 _29222_
 5.015020e-08 3.616192e-08 1.250736e-12 8.631337e-08 _28919_
 5.614525e-08 3.009253e-08 1.992205e-12 8.623977e-08 _36689_
 3.420674e-08 5.126674e-08 1.312720e-12 8.547480e-08 _28773_
 4.350102e-08 4.192431e-08 1.917427e-12 8.542725e-08 _33590_
 2.862168e-08 5.678458e-08 2.916508e-12 8.540917e-08 _29421_
 2.360955e-08 6.177753e-08 1.840576e-13 8.538726e-08 _32865_
 3.716368e-08 4.816144e-08 4.554713e-13 8.532557e-08 _35451_
 3.642447e-08 4.888970e-08 1.955839e-12 8.531613e-08 _30957_
 3.093288e-08 5.412251e-08 1.926826e-12 8.505732e-08 _28733_
 3.061999e-08 5.441005e-08 2.312466e-13 8.503028e-08 _31717_
 3.987552e-08 4.496298e-08 1.277816e-12 8.483978e-08 _28685_
 3.290115e-08 5.191334e-08 1.944406e-13 8.481468e-08 _35224_
 3.248442e-08 5.219168e-08 1.312720e-12 8.467740e-08 _28464_
 3.938248e-08 4.506171e-08 2.858536e-13 8.444448e-08 _31028_
 2.738201e-08 5.704862e-08 1.347623e-12 8.443199e-08 _28746_
 5.222552e-08 3.189867e-08 1.624799e-12 8.412582e-08 _53350_
 3.256256e-08 5.152231e-08 1.452335e-12 8.408632e-08 _28519_
 3.462013e-08 4.941778e-08 1.903435e-12 8.403981e-08 _31406_
 4.644918e-08 3.754532e-08 1.990428e-12 8.399650e-08 _36655_
 3.256142e-08 5.137603e-08 1.452335e-12 8.393889e-08 _28514_
 5.342995e-08 3.012599e-08 1.076901e-12 8.355703e-08 _28487_
 4.896665e-08 3.451600e-08 1.118621e-12 8.348376e-08 _29007_
 5.647915e-08 2.698427e-08 1.986874e-12 8.346541e-08 _36545_
 3.181673e-08 5.158970e-08 3.036714e-13 8.340673e-08 _32852_
 5.493524e-08 2.801188e-08 1.884084e-12 8.294901e-08 _34335_
 3.415722e-08 4.857651e-08 1.417431e-12 8.273515e-08 _28541_
 5.564345e-08 2.692244e-08 1.990428e-12 8.256788e-08 _36629_
 3.575898e-08 4.662355e-08 1.661757e-12 8.238420e-08 _36336_
 2.435769e-08 5.796417e-08 1.840576e-13 8.232204e-08 _30970_
 4.491136e-08 3.712597e-08 3.665027e-13 8.203770e-08 _28739_
 4.008644e-08 4.184503e-08 4.105776e-13 8.193189e-08 _31944_
 4.748020e-08 3.431461e-08 3.756514e-13 8.179519e-08 _28684_
 4.484428e-08 3.677285e-08 3.390572e-13 8.161747e-08 _28783_
 4.893287e-08 3.246983e-08 1.111668e-12 8.140381e-08 _28432_
 3.383771e-08 4.742720e-08 2.177116e-13 8.126512e-08 _35840_
 3.208196e-08 4.896138e-08 6.202261e-12 8.104954e-08 _28921_
 3.232949e-08 4.850084e-08 1.382527e-12 8.083172e-08 _28641_
 4.950491e-08 3.113647e-08 1.878505e-12 8.064325e-08 _36695_
 4.494058e-08 3.544884e-08 6.897112e-12 8.039632e-08 _28855_
 4.483830e-08 3.491879e-08 3.665027e-13 7.975746e-08 _28728_
 2.843432e-08 5.082124e-08 2.020522e-12 7.925757e-08 _36220_
 4.733284e-08 3.185863e-08 3.847997e-13 7.919185e-08 _28772_
 3.713613e-08 4.190227e-08 1.452335e-12 7.903984e-08 _32752_
 3.235071e-08 4.655679e-08 1.417431e-12 7.890890e-08 _36368_
 5.538367e-08 2.343317e-08 1.989539e-12 7.881882e-08 _36509_
 4.214040e-08 3.626216e-08 1.203596e-12 7.840377e-08 _36668_
 3.843363e-08 3.904152e-08 7.296557e-12 7.748245e-08 _28845_
 3.984364e-08 3.731826e-08 7.397223e-12 7.716930e-08 _28867_
 5.561667e-08 2.144296e-08 1.985986e-12 7.706162e-08 _36449_
 3.118125e-08 4.576079e-08 1.890902e-12 7.694393e-08 _31121_
 3.221731e-08 4.450207e-08 1.858225e-12 7.672124e-08 _30726_
 4.178843e-08 3.489648e-08 1.171069e-12 7.668609e-08 _36634_
 4.040334e-08 3.626400e-08 1.903482e-12 7.666925e-08 _30141_
 3.170277e-08 4.482992e-08 1.068038e-12 7.653375e-08 _32769_
 3.407110e-08 4.224862e-08 1.417431e-12 7.632113e-08 _28536_
 3.234191e-08 4.376677e-08 1.522142e-12 7.611020e-08 _28437_
 2.512692e-08 5.090544e-08 1.895587e-12 7.603426e-08 _29273_
 4.191970e-08 3.372742e-08 1.208574e-12 7.564833e-08 _36562_
 2.476449e-08 5.068974e-08 1.895982e-12 7.545614e-08 _29621_
 2.028653e-08 5.492316e-08 3.699744e-12 7.521339e-08 _29245_
 3.718299e-08 3.776774e-08 1.204570e-12 7.495194e-08 _36567_
 3.252509e-08 4.235059e-08 1.138201e-12 7.487682e-08 _28779_
 4.590435e-08 2.893488e-08 1.984209e-12 7.484121e-08 _36492_
 4.171762e-08 3.310506e-08 3.573542e-13 7.482303e-08 _28695_
 3.583245e-08 3.880173e-08 1.242912e-12 7.463543e-08 _28740_
 3.738052e-08 3.724791e-08 1.880747e-12 7.463031e-08 _35225_
 3.234014e-08 4.184673e-08 1.312720e-12 7.418819e-08 _28459_
 3.130471e-08 4.285970e-08 1.071036e-12 7.416549e-08 _32765_
 3.546604e-08 3.821039e-08 1.935061e-12 7.367836e-08 _29132_
 3.584742e-08 3.772653e-08 1.242912e-12 7.357519e-08 _28729_
 2.893813e-08 4.444507e-08 2.449684e-13 7.338344e-08 _29974_
 2.262380e-08 5.063837e-08 6.587161e-12 7.326876e-08 _29005_
 4.172106e-08 3.148822e-08 1.204570e-12 7.321048e-08 _36577_
 3.057262e-08 4.262131e-08 1.208009e-12 7.319514e-08 _28707_
 3.229813e-08 4.086064e-08 1.522142e-12 7.316029e-08 _28442_
 3.658526e-08 3.648212e-08 3.573542e-13 7.306774e-08 _28706_
 2.486951e-08 4.819071e-08 1.929072e-12 7.306214e-08 _28651_
 2.524352e-08 4.760032e-08 1.895982e-12 7.284574e-08 _35186_
 2.529284e-08 4.743423e-08 1.905265e-12 7.272897e-08 _29936_
 4.588938e-08 2.664433e-08 1.985986e-12 7.253569e-08 _36441_
 3.515564e-08 3.691568e-08 1.876108e-12 7.207319e-08 _36008_
 3.229916e-08 3.967899e-08 1.312720e-12 7.197946e-08 _28475_
 3.196730e-08 3.971127e-08 6.587161e-12 7.168516e-08 _29009_
 2.973944e-08 4.192592e-08 5.856498e-13 7.166594e-08 _36462_
 2.590246e-08 4.567347e-08 1.963530e-12 7.157789e-08 _29214_
 3.673627e-08 3.428699e-08 1.887020e-12 7.102515e-08 _36620_
 5.114045e-08 1.932536e-08 1.993093e-12 7.046780e-08 _36809_
 3.061929e-08 3.980133e-08 1.417431e-12 7.042203e-08 _28669_
 2.028505e-08 4.997876e-08 4.030967e-13 7.026421e-08 _28555_
 5.024041e-08 1.990005e-08 1.985986e-12 7.014245e-08 _36483_
 2.522505e-08 4.491350e-08 1.928074e-12 7.014047e-08 _28711_
 4.194676e-08 2.776421e-08 1.177558e-12 6.971215e-08 _36702_
 4.571573e-08 2.380029e-08 1.989539e-12 6.951801e-08 _36527_
 3.511396e-08 3.439103e-08 9.757437e-13 6.950597e-08 _29274_
 3.726007e-08 3.195921e-08 3.006016e-13 6.921958e-08 _32914_
 3.266419e-08 3.642763e-08 7.296557e-12 6.909911e-08 _28842_
 1.802599e-08 5.074806e-08 1.291270e-13 6.877418e-08 _29276_
 2.432919e-08 4.425284e-08 4.766371e-12 6.858679e-08 _27697_
 4.566649e-08 2.284968e-08 1.989539e-12 6.851816e-08 _36518_
 3.294846e-08 3.525649e-08 1.208009e-12 6.820616e-08 _28696_
 2.687172e-08 4.123292e-08 5.856498e-13 6.810522e-08 _36445_
 1.882464e-08 4.925198e-08 1.169866e-13 6.807674e-08 _52764_
 4.159835e-08 2.620689e-08 1.171069e-12 6.780642e-08 _36764_
 2.546011e-08 4.233210e-08 1.926826e-12 6.779413e-08 _28689_
 3.018659e-08 3.753611e-08 1.083028e-12 6.772378e-08 _32737_
 3.130786e-08 3.620962e-08 5.409227e-13 6.751802e-08 _36642_
 2.135448e-08 4.584758e-08 1.896771e-12 6.720396e-08 _30857_
 3.170319e-08 3.543428e-08 5.945952e-13 6.713807e-08 _36703_
 3.889775e-08 2.803692e-08 1.118621e-12 6.693578e-08 _29003_
 2.241323e-08 4.415735e-08 6.202261e-12 6.657679e-08 _28917_
 3.247246e-08 3.406158e-08 1.138201e-12 6.653518e-08 _28784_
 3.221772e-08 3.423245e-08 1.242912e-12 6.645141e-08 _28552_
 3.126089e-08 3.501036e-08 1.056046e-12 6.627230e-08 _32777_
 4.271801e-08 2.347533e-08 2.102933e-12 6.619544e-08 _53355_
 3.965005e-08 2.648630e-08 1.883996e-12 6.613823e-08 _36661_
 3.146708e-08 3.463703e-08 5.767043e-13 6.610469e-08 _36730_
 2.546805e-08 4.056415e-08 1.926078e-12 6.603413e-08 _28755_
 3.061786e-08 3.529020e-08 3.939482e-13 6.590845e-08 _28750_
 4.116230e-08 2.469444e-08 1.204641e-12 6.585795e-08 _36505_
 2.945889e-08 3.635890e-08 1.909870e-12 6.581971e-08 _32239_
 3.056083e-08 3.524672e-08 1.417431e-12 6.580897e-08 _28674_
 2.728987e-08 3.828227e-08 2.312466e-13 6.557237e-08 _30201_
 2.710632e-08 3.809471e-08 1.312720e-12 6.520234e-08 _28525_
 3.822378e-08 2.684313e-08 1.880368e-12 6.506880e-08 _36678_
 2.375112e-08 4.104598e-08 1.417431e-12 6.479851e-08 _28658_
 4.136856e-08 2.342824e-08 1.179200e-12 6.479798e-08 _36774_
 2.730373e-08 3.716207e-08 1.347623e-12 6.446715e-08 _28751_
 4.482795e-08 1.941685e-08 4.832750e-12 6.424963e-08 _60326_
 4.474780e-08 1.944541e-08 4.832750e-12 6.419805e-08 _60331_
 3.876025e-08 2.543220e-08 2.100229e-12 6.419456e-08 _53361_
 2.801335e-08 3.599894e-08 3.131105e-13 6.401260e-08 _33799_
 2.554977e-08 3.843439e-08 1.208009e-12 6.398537e-08 _28757_
 3.123093e-08 3.259973e-08 5.767043e-13 6.383123e-08 _36542_
 3.431542e-08 2.944853e-08 1.898433e-12 6.376585e-08 _35552_
 2.327590e-08 4.036167e-08 1.652357e-13 6.363774e-08 _34594_
 4.484520e-08 1.875272e-08 4.832750e-12 6.360276e-08 _60336_
 3.031327e-08 3.314588e-08 1.347623e-12 6.346050e-08 _28871_
 2.890991e-08 3.450800e-08 5.409227e-13 6.341845e-08 _36676_
 3.387816e-08 2.945684e-08 1.111668e-12 6.333610e-08 _28417_
 3.970883e-08 2.361597e-08 1.250736e-12 6.332606e-08 _28915_
 3.802654e-08 2.523356e-08 1.880368e-12 6.326199e-08 _36636_
 2.850608e-08 3.444455e-08 3.267390e-13 6.295096e-08 _33002_
 3.599866e-08 2.694360e-08 4.122452e-13 6.294268e-08 _28673_
 2.922546e-08 3.342176e-08 5.230317e-13 6.264774e-08 _36693_
 4.511146e-08 1.738775e-08 1.985986e-12 6.250120e-08 _36475_
 3.206332e-08 3.036179e-08 1.969834e-12 6.242707e-08 _32772_
 2.950308e-08 3.260639e-08 1.083028e-12 6.211055e-08 _32733_
 2.545578e-08 3.664904e-08 1.522142e-12 6.210634e-08 _28431_
 1.878749e-08 4.315572e-08 9.123923e-14 6.194330e-08 _52578_
 2.659525e-08 3.523951e-08 5.409227e-13 6.183529e-08 _36669_
 2.391501e-08 3.762940e-08 1.371512e-13 6.154454e-08 _29272_
 2.704548e-08 3.424602e-08 1.312720e-12 6.129282e-08 _28530_
 2.544467e-08 3.556660e-08 1.522142e-12 6.101280e-08 _28426_
 3.020014e-08 3.073708e-08 1.924082e-12 6.093914e-08 _34593_
 2.660487e-08 3.427828e-08 5.767043e-13 6.088373e-08 _36533_
 2.529910e-08 3.522319e-08 1.173105e-12 6.052345e-08 _28481_
 2.360646e-08 3.689764e-08 2.916508e-12 6.050702e-08 _29315_
 2.836637e-08 3.181674e-08 5.230317e-13 6.018364e-08 _36686_
 2.615891e-08 3.402330e-08 5.498681e-13 6.018276e-08 _36515_
 3.038311e-08 2.960116e-08 1.032062e-12 5.998530e-08 _32753_
 2.805023e-08 3.189907e-08 3.207602e-13 5.994962e-08 _28717_
 3.192142e-08 2.778516e-08 1.204570e-12 5.970779e-08 _36437_
 2.372884e-08 3.592710e-08 1.068394e-12 5.965701e-08 _28713_
 1.677518e-08 4.277123e-08 2.045698e-12 5.954846e-08 _32732_
 2.372755e-08 3.579090e-08 1.068394e-12 5.951952e-08 _28718_
 4.021408e-08 1.924721e-08 1.985986e-12 5.946327e-08 _36458_
 2.307627e-08 3.635638e-08 1.883604e-12 5.943453e-08 _29219_
 3.827958e-08 2.092913e-08 1.881577e-12 5.921059e-08 _36644_
 3.212352e-08 2.696960e-08 1.201433e-12 5.909432e-08 _36685_
 2.527225e-08 3.380863e-08 1.173105e-12 5.908205e-08 _28486_
 3.043530e-08 2.850296e-08 1.902840e-12 5.894017e-08 _29271_
 3.734056e-08 2.156392e-08 1.879158e-12 5.890635e-08 _36653_
 2.094862e-08 3.778284e-08 8.997169e-14 5.873155e-08 _34583_
 2.223394e-08 3.591017e-08 1.628925e-13 5.814427e-08 _33770_
 3.036518e-08 2.756838e-08 1.818207e-12 5.793538e-08 _29370_
 1.982711e-08 3.803215e-08 1.925828e-12 5.786118e-08 _28777_
 2.323343e-08 3.457635e-08 1.896771e-12 5.781167e-08 _29275_
 1.648145e-08 4.129132e-08 4.907805e-12 5.777768e-08 _29155_
 3.579080e-08 2.196998e-08 1.942680e-12 5.776273e-08 _29090_
 3.872444e-08 1.900405e-08 1.880747e-12 5.773037e-08 _31112_
 3.732209e-08 2.036893e-08 1.885205e-12 5.769291e-08 _36670_
 3.718845e-08 2.046751e-08 1.882253e-12 5.765784e-08 _36687_
 3.178729e-08 2.583559e-08 1.202434e-12 5.762409e-08 _36488_
 1.853825e-08 3.907485e-08 1.522142e-12 5.761462e-08 _28598_
 3.221689e-08 2.488672e-08 1.203611e-12 5.710481e-08 _36532_
 2.649874e-08 3.032298e-08 5.409227e-13 5.682226e-08 _36635_
 2.551791e-08 3.127601e-08 1.208009e-12 5.679512e-08 _28762_
 1.425689e-08 4.237155e-08 4.396907e-13 5.662889e-08 _28792_
 2.364472e-08 3.295811e-08 1.417431e-12 5.660425e-08 _28663_
 1.990668e-08 3.650198e-08 1.925579e-12 5.641058e-08 _28766_
 3.309060e-08 2.320158e-08 1.956159e-12 5.629414e-08 _27679_
 3.569208e-08 2.038926e-08 1.942680e-12 5.608328e-08 _36403_
 3.482868e-08 2.098867e-08 1.087331e-12 5.581844e-08 _28686_
 3.317575e-08 2.239641e-08 1.956159e-12 5.557412e-08 _29089_
 3.042102e-08 2.450519e-08 3.573542e-13 5.492657e-08 _28761_
 1.993758e-08 3.496426e-08 6.521274e-12 5.490836e-08 _53352_
 3.228883e-08 2.254351e-08 1.175493e-12 5.483351e-08 _36729_
 2.599819e-08 2.877936e-08 5.498681e-13 5.477810e-08 _36524_
 2.429583e-08 3.037252e-08 1.914549e-12 5.467026e-08 _35349_
 2.962059e-08 2.480973e-08 1.874778e-12 5.443220e-08 _32502_
 2.410116e-08 3.031750e-08 2.045698e-12 5.442071e-08 _32736_
 2.573019e-08 2.856969e-08 1.011076e-12 5.430089e-08 _32781_
 3.161907e-08 2.222279e-08 1.204570e-12 5.384306e-08 _36471_
 3.620746e-08 1.733544e-08 1.888833e-12 5.354479e-08 _36627_
 1.926290e-08 3.416389e-08 1.883604e-12 5.342867e-08 _34874_
 2.853634e-08 2.484610e-08 2.344692e-13 5.338268e-08 _31070_
 1.812599e-08 3.518135e-08 1.211028e-13 5.330746e-08 _34528_
 2.369513e-08 2.912593e-08 1.902171e-12 5.282296e-08 _35025_
 2.323482e-08 2.942467e-08 1.908360e-12 5.266139e-08 _34523_
 2.970729e-08 2.279326e-08 1.101238e-12 5.250165e-08 _28675_
 3.207674e-08 2.031140e-08 1.176890e-12 5.238931e-08 _36759_
 3.188391e-08 2.042992e-08 1.227991e-12 5.231506e-08 _36625_
 3.337786e-08 1.871524e-08 1.202062e-12 5.209430e-08 _28998_
 2.362314e-08 2.830627e-08 1.895982e-12 5.193131e-08 _29375_
 3.167516e-08 2.018832e-08 1.204641e-12 5.186469e-08 _36514_
 2.752970e-08 2.428355e-08 6.688713e-12 5.181994e-08 _28840_
 2.275565e-08 2.902244e-08 5.945952e-13 5.177869e-08 _36721_
 2.145346e-08 3.031371e-08 1.291270e-13 5.176729e-08 _34582_
 1.640245e-08 3.516273e-08 1.371512e-13 5.156532e-08 _34586_
 2.183036e-08 2.928978e-08 5.409227e-13 5.112069e-08 _36619_
 2.194511e-08 2.917157e-08 5.856498e-13 5.111727e-08 _36479_
 1.716560e-08 3.390942e-08 4.579878e-13 5.107548e-08 _28878_
 3.554785e-08 1.542523e-08 1.942680e-12 5.097502e-08 _28128_
 3.176035e-08 1.906436e-08 1.968837e-12 5.082667e-08 _32744_
 2.410206e-08 2.659556e-08 5.409227e-13 5.069817e-08 _36652_
 2.375489e-08 2.686627e-08 1.908909e-12 5.062307e-08 _29283_
 1.702353e-08 3.327122e-08 3.665027e-13 5.029512e-08 _28796_
 2.957851e-08 2.061981e-08 1.080377e-12 5.019940e-08 _28708_
 1.368395e-08 3.634159e-08 4.945816e-13 5.002603e-08 _28832_
 3.144878e-08 1.848631e-08 1.204641e-12 4.993630e-08 _36523_
 3.227110e-08 1.744263e-08 1.970332e-12 4.971570e-08 _32760_
 1.894391e-08 3.068800e-08 1.451753e-13 4.963206e-08 _29284_
 3.167337e-08 1.781559e-08 1.890305e-12 4.949086e-08 _36534_
 1.675872e-08 3.261917e-08 1.417431e-12 4.937931e-08 _28830_
 2.987824e-08 1.931450e-08 1.083854e-12 4.919383e-08 _28730_
 3.081029e-08 1.833889e-08 1.973821e-12 4.915116e-08 _32756_
 2.508716e-08 2.401385e-08 1.896771e-12 4.910292e-08 _34581_
 2.477340e-08 2.426973e-08 4.122452e-13 4.904354e-08 _28662_
 2.986484e-08 1.899978e-08 1.083854e-12 4.886570e-08 _28741_
 2.207631e-08 2.661338e-08 5.856498e-13 4.869027e-08 _36496_
 1.671414e-08 3.151093e-08 4.907805e-12 4.822997e-08 _32761_
 2.261243e-08 2.496327e-08 5.945952e-13 4.757629e-08 _36712_
 2.963998e-08 1.788506e-08 1.094284e-12 4.752614e-08 _28872_
 1.702593e-08 3.041060e-08 9.965889e-13 4.743752e-08 _53042_
 2.173529e-08 2.567121e-08 5.409227e-13 4.740704e-08 _36626_
 1.633132e-08 3.103249e-08 4.907805e-12 4.736872e-08 _36317_
 2.088914e-08 2.591832e-08 1.211028e-13 4.680759e-08 _29218_
 1.561039e-08 3.118870e-08 1.872495e-12 4.680096e-08 _36269_
 2.912155e-08 1.767489e-08 1.094284e-12 4.679753e-08 _28752_
 3.224860e-08 1.438297e-08 1.956159e-12 4.663352e-08 _28127_
 2.172851e-08 2.458106e-08 5.856498e-13 4.631016e-08 _36438_
 2.592215e-08 2.034306e-08 1.892236e-12 4.626710e-08 _36498_
 2.183760e-08 2.410243e-08 5.498681e-13 4.594059e-08 _36506_
 2.426172e-08 2.144952e-08 5.767043e-13 4.571181e-08 _36739_
 2.714716e-08 1.825577e-08 1.179510e-12 4.540411e-08 _36738_
 1.857838e-08 2.667340e-08 1.522142e-12 4.525330e-08 _28416_
 2.880555e-08 1.619429e-08 1.101238e-12 4.500095e-08 _28664_
 3.386275e-08 1.107317e-08 1.900719e-12 4.493782e-08 _33053_
 2.503485e-08 1.955596e-08 1.902171e-12 4.459271e-08 _29694_
 2.649537e-08 1.774062e-08 1.204570e-12 4.423719e-08 _36454_
 1.874703e-08 2.544808e-08 1.895982e-12 4.419701e-08 _29247_
 2.464397e-08 1.922440e-08 1.705913e-12 4.387007e-08 _28835_
 3.086788e-08 1.294063e-08 1.977808e-12 4.381048e-08 _32784_
 2.359488e-08 1.961086e-08 1.908360e-12 4.320765e-08 _30021_
 1.759560e-08 2.500369e-08 8.962546e-14 4.259938e-08 _34546_
 3.114797e-08 1.130271e-08 1.964351e-12 4.245264e-08 _32740_
 2.493278e-08 1.740965e-08 1.895982e-12 4.234433e-08 _34947_
 1.871010e-08 2.352271e-08 1.889793e-12 4.223469e-08 _34524_
 1.829325e-08 2.393080e-08 1.902840e-12 4.222595e-08 _34585_
 2.462295e-08 1.717143e-08 1.923832e-12 4.179631e-08 _35271_
 2.322147e-08 1.835325e-08 2.572314e-12 4.157729e-08 _28913_
 1.624072e-08 2.470885e-08 4.907805e-12 4.095448e-08 _32741_
 1.385008e-08 2.683388e-08 7.283007e-12 4.069124e-08 _53354_
 2.529512e-08 1.515539e-08 1.893839e-12 4.045240e-08 _36490_
 1.819669e-08 2.205222e-08 1.889793e-12 4.025080e-08 _34556_
 1.940715e-08 2.079550e-08 5.856498e-13 4.020324e-08 _36472_
 2.402046e-08 1.597111e-08 1.066470e-12 3.999264e-08 _28719_
 2.251959e-08 1.745806e-08 1.199594e-12 3.997885e-08 _36541_
 2.192488e-08 1.788696e-08 1.162937e-12 3.981299e-08 _36651_
 1.805719e-08 2.172103e-08 1.871226e-12 3.978009e-08 _34628_
 1.865559e-08 2.106732e-08 1.883604e-12 3.972480e-08 _29193_
 1.975911e-08 1.991893e-08 1.895982e-12 3.967994e-08 _29246_
 1.972032e-08 1.984452e-08 1.889793e-12 3.956674e-08 _29541_
 1.920502e-08 2.032887e-08 1.889793e-12 3.953578e-08 _34795_
 1.869526e-08 2.079473e-08 1.889793e-12 3.949188e-08 _34627_
 1.418060e-08 2.523702e-08 2.384237e-13 3.941786e-08 _28600_
 1.688913e-08 2.250620e-08 1.417431e-12 3.939675e-08 _28648_
 1.432685e-08 2.487488e-08 6.480132e-12 3.920821e-08 _29001_
 1.078234e-08 2.824753e-08 1.469387e-13 3.903002e-08 _53037_
 1.766647e-08 2.135849e-08 1.884633e-12 3.902684e-08 _29215_
 1.779192e-08 2.105491e-08 1.905265e-12 3.884874e-08 _30099_
 2.410549e-08 1.470746e-08 1.080377e-12 3.881403e-08 _28763_
 2.238830e-08 1.599476e-08 1.161589e-12 3.838423e-08 _36711_
 2.199748e-08 1.623985e-08 3.423499e-12 3.824075e-08 _28561_
 1.720668e-08 2.081907e-08 6.035407e-13 3.802635e-08 _36489_
 1.683821e-08 2.103404e-08 4.907805e-12 3.787716e-08 _32773_
 1.409555e-08 2.372882e-08 2.384237e-13 3.782461e-08 _28604_
 2.342093e-08 1.434926e-08 1.101238e-12 3.777129e-08 _28649_
 1.774545e-08 1.992192e-08 1.895982e-12 3.766927e-08 _29773_
 1.854160e-08 1.909290e-08 1.868131e-12 3.763637e-08 _30276_
 2.434559e-08 1.324185e-08 1.080377e-12 3.758852e-08 _28697_
 1.619092e-08 2.126452e-08 4.907805e-12 3.746034e-08 _36325_
 1.609394e-08 2.135207e-08 4.907805e-12 3.745091e-08 _32757_
 1.608475e-08 2.126483e-08 4.907805e-12 3.735449e-08 _36341_
 1.680904e-08 2.052720e-08 4.907805e-12 3.734115e-08 _32785_
 1.618834e-08 2.108945e-08 4.907805e-12 3.728270e-08 _32745_
 2.379016e-08 1.337535e-08 1.160341e-12 3.716666e-08 _28909_
 1.808655e-08 1.893882e-08 1.877415e-12 3.702725e-08 _34740_
 2.356740e-08 1.336629e-08 1.223128e-13 3.693381e-08 _34595_
 1.844332e-08 1.817600e-08 1.041129e-13 3.661943e-08 _52515_
 2.787072e-08 8.207497e-09 2.663734e-12 3.608088e-08 _53044_
 1.676738e-08 1.900213e-08 4.213937e-13 3.576993e-08 _28518_
 1.392093e-08 2.174925e-08 2.292752e-13 3.567041e-08 _28833_
 1.554531e-08 1.999847e-08 1.871226e-12 3.554565e-08 _36105_
 1.954705e-08 1.576536e-08 4.030967e-13 3.531282e-08 _28452_
 1.525486e-08 2.000971e-08 1.130786e-13 3.526468e-08 _29216_
 2.217394e-08 1.269726e-08 1.161589e-12 3.487236e-08 _36720_
 2.375073e-08 1.098155e-08 4.832750e-12 3.473711e-08 _60377_
 2.373578e-08 1.095137e-08 4.832750e-12 3.469198e-08 _60378_
 1.694454e-08 1.752338e-08 5.856498e-13 3.446850e-08 _36455_
 2.241762e-08 1.181629e-08 2.572075e-12 3.423649e-08 _53375_
 1.412369e-08 1.985910e-08 3.847997e-13 3.398317e-08 _28463_
 2.365215e-08 1.014165e-08 4.832750e-12 3.379863e-08 _60379_
 2.368837e-08 9.950948e-09 2.014414e-12 3.364133e-08 _36432_
 2.264759e-08 1.079329e-08 4.766371e-12 3.344564e-08 _28177_
 1.863303e-08 1.456301e-08 1.945185e-12 3.319798e-08 _53039_
 1.668273e-08 1.566253e-08 4.396907e-13 3.234570e-08 _28441_
 8.024566e-09 2.424558e-08 4.750299e-13 3.227062e-08 _53226_
 1.677231e-08 1.510669e-08 3.847997e-13 3.187938e-08 _28474_
 1.646364e-08 1.501714e-08 4.396907e-13 3.148122e-08 _28430_
 1.678702e-08 1.439248e-08 3.939482e-13 3.117990e-08 _28496_
 1.676716e-08 1.384593e-08 3.939482e-13 3.061349e-08 _28507_
 1.961337e-08 1.085128e-08 1.073424e-12 3.046572e-08 _28785_
 1.837480e-08 1.152015e-08 1.947691e-12 2.989689e-08 _53113_
 1.102094e-08 1.886221e-08 3.546559e-12 2.988670e-08 _53349_
 1.963603e-08 1.004725e-08 1.090807e-12 2.968437e-08 _28774_
 1.393216e-08 1.558985e-08 8.962546e-14 2.952210e-08 _29227_
 1.059695e-08 1.852539e-08 1.469387e-13 2.912248e-08 _53237_
 1.033086e-08 1.863439e-08 5.261835e-14 2.896531e-08 _52456_
 1.909610e-08 9.799477e-09 1.183863e-13 2.889569e-08 _29285_
 2.036798e-08 8.157786e-09 1.223273e-12 2.852699e-08 _36428_
 1.596984e-08 1.182932e-08 4.122452e-13 2.779957e-08 _28653_
 1.849750e-08 9.235381e-09 1.945185e-12 2.773483e-08 _53239_
 1.913617e-08 8.566024e-09 1.211028e-13 2.770232e-08 _34534_
 1.027597e-08 1.738082e-08 7.836569e-14 2.765687e-08 _52287_
 1.134322e-08 1.626172e-08 1.557046e-12 2.760651e-08 _32788_
 2.221683e-08 5.132545e-09 3.083870e-12 2.735246e-08 _60323_
 1.015303e-08 1.714016e-08 7.836569e-14 2.729327e-08 _52397_
 1.137988e-08 1.588164e-08 1.487238e-12 2.726301e-08 _53174_
 1.703919e-08 1.002542e-08 1.977019e-12 2.706659e-08 _53038_
 1.280073e-08 1.391279e-08 1.889793e-12 2.671540e-08 _29217_
 1.095878e-08 1.568924e-08 3.546559e-12 2.665156e-08 _28602_
 1.816135e-08 7.608582e-09 1.902591e-12 2.577184e-08 _53232_
 2.202061e-08 3.504770e-09 3.083870e-12 2.552847e-08 _60284_
 1.489885e-08 1.000106e-08 1.886651e-12 2.490179e-08 _36516_
 1.527345e-08 9.539879e-09 1.891682e-12 2.481522e-08 _36447_
 1.009793e-08 1.429643e-08 1.169866e-13 2.439447e-08 _52518_
 1.492595e-08 9.387915e-09 1.886651e-12 2.431575e-08 _36507_
 1.386769e-08 1.037858e-08 3.482057e-13 2.424661e-08 _28485_
 1.381071e-08 1.026650e-08 3.847997e-13 2.407760e-08 _28529_
 1.669854e-08 7.169550e-09 1.977019e-12 2.387007e-08 _53238_
 1.323121e-08 1.050389e-08 1.868131e-12 2.373697e-08 _35526_
 1.476784e-08 8.684531e-09 1.891682e-12 2.345426e-08 _36481_
 1.457296e-08 8.859068e-09 1.891682e-12 2.343392e-08 _36439_
 1.337228e-08 9.832562e-09 4.396907e-13 2.320528e-08 _28421_
 1.610102e-08 6.925182e-09 1.891682e-12 2.302810e-08 _36464_
 1.485761e-08 7.943372e-09 1.886651e-12 2.280287e-08 _36525_
 1.074603e-08 1.202456e-08 2.993960e-13 2.277089e-08 _36422_
 1.683921e-08 5.886918e-09 1.291270e-13 2.272626e-08 _29316_
 1.772871e-08 4.860615e-09 1.871226e-12 2.259120e-08 _34734_
 1.023758e-08 1.213890e-08 5.261835e-14 2.237654e-08 _52394_
 1.566035e-08 6.712220e-09 9.703031e-14 2.237267e-08 _34683_
 1.009026e-08 1.219885e-08 7.836569e-14 2.228919e-08 _52777_
 1.010155e-08 1.193774e-08 7.836569e-14 2.203937e-08 _52464_
 1.440394e-08 7.627369e-09 1.891682e-12 2.203320e-08 _36473_
 9.980653e-09 1.174931e-08 9.123923e-14 2.173005e-08 _52205_
 1.021168e-08 1.088857e-08 1.895982e-12 2.110214e-08 _29424_
 1.403521e-08 7.005503e-09 1.891682e-12 2.104260e-08 _36456_
 8.684258e-09 1.105946e-08 2.993960e-13 1.974402e-08 _36429_
 1.111157e-08 7.624793e-09 3.665027e-13 1.873673e-08 _28551_
 1.107792e-08 7.594268e-09 4.122452e-13 1.867260e-08 _28540_
 8.355004e-09 9.843129e-09 1.987278e-12 1.820012e-08 _29154_
 9.707137e-09 7.311368e-09 1.827548e-12 1.702033e-08 _53231_
 1.314957e-08 2.686515e-09 1.894797e-12 1.583798e-08 _29369_
 9.446575e-09 6.122870e-09 3.030143e-12 1.557247e-08 _53230_
 1.516232e-08 0.000000e+00 6.640022e-12 1.516896e-08 _59700_
 1.500118e-08 0.000000e+00 6.623854e-12 1.500781e-08 _59701_
 1.491899e-08 0.000000e+00 6.631938e-12 1.492562e-08 _59696_
 1.013131e-08 4.001221e-09 1.476145e-13 1.413268e-08 _28495_
 5.661847e-09 8.275874e-09 1.035279e-11 1.394807e-08 _53043_
 1.355973e-08 0.000000e+00 6.615771e-12 1.356635e-08 _59705_
 1.355632e-08 0.000000e+00 6.623854e-12 1.356295e-08 _59704_
 9.196024e-09 3.979511e-09 6.879856e-14 1.317560e-08 _28771_
 1.304502e-08 0.000000e+00 6.631938e-12 1.305165e-08 _59697_
 9.516690e-09 3.502263e-09 7.352745e-14 1.301903e-08 _28727_
 1.261929e-08 0.000000e+00 6.631938e-12 1.262593e-08 _59698_
 1.257177e-08 0.000000e+00 6.631938e-12 1.257840e-08 _59695_
 8.764172e-09 3.740445e-09 6.659166e-14 1.250468e-08 _28782_
 8.841146e-09 3.376933e-09 1.320490e-13 1.221821e-08 _28550_
 9.126389e-09 2.924737e-09 1.689005e-13 1.205129e-08 _28539_
 1.187666e-08 0.000000e+00 6.656189e-12 1.188332e-08 _59707_
 1.187555e-08 0.000000e+00 6.631938e-12 1.188218e-08 _59702_
 1.163993e-08 0.000000e+00 6.607687e-12 1.164653e-08 _59706_
 8.778604e-09 2.847293e-09 1.681787e-13 1.162606e-08 _28517_
 1.117228e-08 0.000000e+00 6.615771e-12 1.117890e-08 _59703_
 8.049192e-09 2.981454e-09 7.728017e-14 1.103072e-08 _28749_
 6.449533e-09 3.714015e-09 1.782326e-12 1.016533e-08 _36396_
 9.776541e-09 0.000000e+00 6.631938e-12 9.783173e-09 _59699_
 6.603776e-09 2.306169e-09 1.972326e-12 8.911918e-09 _36324_
 8.862457e-09 0.000000e+00 6.572658e-12 8.869029e-09 _58654_
 8.852400e-09 0.000000e+00 6.631938e-12 8.859032e-09 _59694_
 7.804837e-09 6.118517e-10 1.542963e-13 8.416843e-09 _28451_
 7.848443e-09 5.478134e-10 7.477835e-14 8.396331e-09 _28683_
 7.476085e-09 5.706553e-10 1.513163e-13 8.046891e-09 _28506_
 7.179247e-09 6.452513e-10 7.008500e-14 7.824569e-09 _28738_
 3.617532e-09 4.176673e-09 1.035060e-12 7.795239e-09 _53175_
 5.804523e-09 1.845399e-09 1.038058e-12 7.650960e-09 _36345_
 3.323634e-09 4.321201e-09 9.481186e-13 7.645783e-09 _53227_
 5.445412e-09 2.181106e-09 1.032062e-12 7.627550e-09 _36353_
 5.460044e-09 2.077810e-09 1.038058e-12 7.538892e-09 _36329_
 7.439291e-09 0.000000e+00 6.580742e-12 7.445872e-09 _58649_
 7.415501e-09 0.000000e+00 6.572658e-12 7.422074e-09 _58651_
 7.410474e-09 0.000000e+00 6.578047e-12 7.417051e-09 _58657_
 5.695230e-09 1.658492e-09 1.972326e-12 7.355695e-09 _36340_
 6.514519e-09 8.073597e-10 1.374902e-13 7.322017e-09 _28462_
 6.224660e-09 1.056389e-09 6.892056e-14 7.281117e-09 _28705_
 6.499402e-09 7.394526e-10 1.827527e-13 7.239037e-09 _28440_
 4.305192e-09 2.900603e-09 1.972326e-12 7.207767e-09 _36316_
 5.551683e-09 1.651094e-09 1.035060e-12 7.203812e-09 _36349_
 6.499543e-09 6.822730e-10 1.447211e-13 7.181961e-09 _28473_
 5.071192e-09 2.095973e-09 1.011076e-12 7.168176e-09 _36357_
 5.216723e-09 1.948441e-09 1.050050e-12 7.166215e-09 _36337_
 6.540032e-09 5.937804e-10 7.563252e-14 7.133887e-09 _28694_
 5.071287e-09 2.009917e-09 1.020070e-12 7.082224e-09 _36361_
 5.547461e-09 1.459641e-09 1.032062e-12 7.008134e-09 _36333_
 6.958242e-09 0.000000e+00 6.569963e-12 6.964812e-09 _58658_
 6.944027e-09 0.000000e+00 6.569963e-12 6.950597e-09 _58650_
 4.951871e-09 1.952159e-09 1.029064e-12 6.905059e-09 _36369_
 6.223730e-09 6.348383e-10 7.978210e-14 6.858649e-09 _28672_
 6.735401e-09 0.000000e+00 6.567269e-12 6.741968e-09 _58653_
 6.734401e-09 0.000000e+00 6.567269e-12 6.740968e-09 _58660_
 6.709205e-09 0.000000e+00 6.580742e-12 6.715786e-09 _58655_
 3.571138e-09 3.018609e-09 1.041056e-12 6.590787e-09 _32789_
 5.013980e-09 1.510569e-09 1.020070e-12 6.525569e-09 _36365_
 6.494300e-09 0.000000e+00 6.559185e-12 6.500859e-09 _58659_
 6.474704e-09 0.000000e+00 6.540324e-12 6.481245e-09 _59651_
 6.469494e-09 0.000000e+00 6.575353e-12 6.476069e-09 _58656_
 5.540854e-09 8.403262e-10 1.447211e-13 6.381324e-09 _28528_
 6.024266e-09 0.000000e+00 6.551102e-12 6.030817e-09 _58652_
 6.018444e-09 0.000000e+00 6.586131e-12 6.025030e-09 _58648_
 6.018095e-09 0.000000e+00 6.548407e-12 6.024643e-09 _59661_
 6.002439e-09 0.000000e+00 6.631938e-12 6.009071e-09 _59693_
 5.216773e-09 7.699011e-10 1.827527e-13 5.986857e-09 _28429_
 5.237952e-09 7.317856e-10 1.004514e-13 5.969838e-09 _28484_
 5.269410e-09 6.311381e-10 6.892056e-14 5.900617e-09 _28760_
 4.283153e-09 1.459503e-09 1.035060e-12 5.743691e-09 _36321_
 5.058607e-11 5.675072e-09 2.844000e-12 5.728502e-09 _29118_
 4.959681e-09 7.035816e-10 7.978210e-14 5.663342e-09 _28661_
 5.560613e-09 0.000000e+00 6.540324e-12 5.567154e-09 _59657_
 5.557969e-09 0.000000e+00 6.540324e-12 5.564510e-09 _59655_
 5.552919e-09 0.000000e+00 6.534934e-12 5.559454e-09 _59653_
 5.546884e-09 0.000000e+00 6.534934e-12 5.553419e-09 _58409_
 5.545832e-09 0.000000e+00 6.623854e-12 5.552456e-09 _60196_
 5.545127e-09 0.000000e+00 6.543018e-12 5.551670e-09 _58414_
 5.537534e-09 0.000000e+00 6.537629e-12 5.544072e-09 _58415_
 5.534568e-09 0.000000e+00 6.540324e-12 5.541108e-09 _59649_
 5.534223e-09 0.000000e+00 6.540324e-12 5.540763e-09 _59650_
 5.534226e-09 0.000000e+00 6.534934e-12 5.540760e-09 _59656_
 4.881189e-09 5.552954e-10 8.232373e-14 5.436566e-09 _28716_
 5.088283e-09 0.000000e+00 6.543018e-12 5.094826e-09 _58419_
 5.085879e-09 0.000000e+00 6.540324e-12 5.092419e-09 _58411_
 5.071434e-09 0.000000e+00 6.553796e-12 5.077988e-09 _59662_
 3.951381e-09 1.055709e-09 1.744846e-13 5.007264e-09 _28420_
 4.617307e-09 0.000000e+00 6.534934e-12 4.623842e-09 _58416_
 4.616549e-09 0.000000e+00 6.543018e-12 4.623093e-09 _58410_
 4.612159e-09 0.000000e+00 6.556491e-12 4.618715e-09 _58412_
 4.607642e-09 0.000000e+00 6.548407e-12 4.614190e-09 _58413_
 4.602223e-09 0.000000e+00 6.534934e-12 4.608758e-09 _59658_
 4.597741e-09 0.000000e+00 6.553796e-12 4.604295e-09 _58420_
 4.596073e-09 0.000000e+00 6.545712e-12 4.602619e-09 _59652_
 4.594516e-09 0.000000e+00 6.567269e-12 4.601084e-09 _59654_
 4.594350e-09 0.000000e+00 6.551102e-12 4.600901e-09 _59648_
 4.594284e-09 0.000000e+00 6.586131e-12 4.600870e-09 _58647_
 3.690668e-09 7.254952e-10 8.753142e-14 4.416251e-09 _28652_
 4.145061e-09 0.000000e+00 6.529545e-12 4.151591e-09 _58417_
 4.144841e-09 0.000000e+00 6.534934e-12 4.151376e-09 _58408_
 4.142108e-09 0.000000e+00 6.543018e-12 4.148651e-09 _60206_
 4.132133e-09 0.000000e+00 6.532240e-12 4.138665e-09 _58418_
 3.673405e-09 0.000000e+00 6.534934e-12 3.679940e-09 _58407_
 3.663625e-09 0.000000e+00 6.534934e-12 3.670160e-09 _59660_
 3.660134e-09 0.000000e+00 6.529545e-12 3.666664e-09 _59659_
 2.777808e-09 8.109078e-10 6.761277e-12 3.595477e-09 _58180_
 2.492634e-09 9.696686e-10 6.502600e-12 3.468805e-09 _58173_
 2.479176e-09 8.754212e-10 6.502600e-12 3.361100e-09 _58172_
 2.462528e-09 8.678345e-10 6.502600e-12 3.336865e-09 _58169_
 2.475385e-09 8.053768e-10 6.502600e-12 3.287265e-09 _58171_
 2.455392e-09 8.008690e-10 6.502600e-12 3.262764e-09 _60322_
 2.454439e-09 7.941536e-10 6.502600e-12 3.255096e-09 _58681_
 2.467303e-09 7.801563e-10 6.502600e-12 3.253962e-09 _58175_
 2.450479e-09 7.912223e-10 6.502600e-12 3.248203e-09 _60321_
 2.465963e-09 7.518983e-10 6.502600e-12 3.224364e-09 _58170_
 2.452793e-09 7.609443e-10 6.502600e-12 3.220240e-09 _58680_
 3.199105e-09 0.000000e+00 6.567269e-12 3.205673e-09 _58406_
 2.457732e-09 7.382835e-10 6.502600e-12 3.202518e-09 _58174_
 3.193984e-09 0.000000e+00 6.561880e-12 3.200546e-09 _60304_
 3.193785e-09 0.000000e+00 6.551102e-12 3.200336e-09 _58646_
 2.460786e-09 7.305231e-10 6.502600e-12 3.197811e-09 _58177_
 2.445102e-09 7.279019e-10 6.502600e-12 3.179506e-09 _58678_
 2.460406e-09 7.122046e-10 6.502600e-12 3.179113e-09 _58178_
 2.446503e-09 7.143268e-10 6.502600e-12 3.167332e-09 _60286_
 2.458137e-09 7.013795e-10 6.502600e-12 3.166019e-09 _58179_
 2.447956e-09 7.080435e-10 6.502600e-12 3.162502e-09 _58679_
 2.457350e-09 6.959645e-10 6.502600e-12 3.159817e-09 _58176_
 7.993560e-11 3.070462e-09 3.005880e-14 3.150428e-09 _29107_
 2.446581e-09 6.949156e-10 6.502600e-12 3.147999e-09 _60282_
 2.438820e-09 6.953210e-10 6.502600e-12 3.140644e-09 _58676_
 2.441559e-09 6.872732e-10 6.502600e-12 3.135334e-09 _60325_
 2.444399e-09 6.831600e-10 6.502600e-12 3.134062e-09 _58677_
 4.548178e-11 3.022408e-09 1.818300e-12 3.069708e-09 _29060_
 4.523821e-11 2.993958e-09 1.818300e-12 3.041015e-09 _29056_
 2.504229e-09 4.886602e-10 3.678980e-12 2.996568e-09 _28793_
 4.538003e-11 2.907101e-09 1.818300e-12 2.954299e-09 _29057_
 4.503345e-11 2.872852e-09 1.818300e-12 2.919704e-09 _28099_
 7.950596e-11 2.832935e-09 3.005880e-14 2.912471e-09 _27653_
 4.547739e-11 2.854577e-09 1.818300e-12 2.901873e-09 _29114_
 2.351754e-09 5.062974e-10 1.849094e-12 2.859901e-09 _36423_
 2.342001e-09 5.003123e-10 1.849969e-12 2.844163e-09 _36430_
 2.146217e-09 6.633514e-10 2.556600e-12 2.812125e-09 _52894_
 7.991208e-11 2.698696e-09 3.005880e-14 2.778638e-09 _29115_
 2.722961e-09 0.000000e+00 6.524156e-12 2.729485e-09 _60288_
 1.669264e-09 9.612011e-10 2.027867e-12 2.632493e-09 _36393_
 4.533710e-11 2.529426e-09 1.818300e-12 2.576582e-09 _28100_
 1.671670e-09 8.303087e-10 2.027867e-12 2.504007e-09 _36389_
 4.546213e-11 2.396319e-09 1.818300e-12 2.443600e-09 _29117_
 4.525511e-11 2.390037e-09 1.818300e-12 2.437110e-09 _29055_
 4.503116e-11 2.375109e-09 1.818300e-12 2.421958e-09 _27652_
 4.505236e-11 2.367477e-09 1.818300e-12 2.414348e-09 _28097_
 1.652129e-09 7.327089e-10 2.027867e-12 2.386866e-09 _53115_
 1.322338e-09 1.061843e-09 2.604900e-12 2.386786e-09 _27669_
 1.307818e-09 1.060250e-09 2.604900e-12 2.370674e-09 _53412_
 4.517995e-11 2.275684e-09 1.818300e-12 2.322682e-09 _28096_
 4.503653e-11 2.267457e-09 1.818300e-12 2.314312e-09 _27649_
 1.319738e-09 9.834279e-10 2.604900e-12 2.305771e-09 _28117_
 1.313857e-09 9.618432e-10 2.604900e-12 2.278305e-09 _27661_
 1.300078e-09 9.587503e-10 2.604900e-12 2.261433e-09 _29069_
 4.548529e-11 2.207178e-09 1.818300e-12 2.254482e-09 _29108_
 4.499702e-11 2.191998e-09 1.818300e-12 2.238813e-09 _27650_
 8.000226e-11 2.129478e-09 3.005880e-14 2.209510e-09 _53370_
 4.528112e-11 2.160640e-09 1.818300e-12 2.207739e-09 _29109_
 1.647660e-09 5.452314e-10 2.027867e-12 2.194920e-09 _36378_
 1.312640e-09 8.778738e-10 2.604900e-12 2.193118e-09 _27657_
 1.646101e-09 5.439043e-10 2.027867e-12 2.192033e-09 _36385_
 1.326361e-09 8.493559e-10 2.604900e-12 2.178322e-09 _53372_
 1.283613e-09 8.841063e-10 2.137200e-12 2.169857e-09 _29062_
 5.841228e-10 1.535588e-09 4.252700e-12 2.123963e-09 _52893_
 1.645640e-09 4.755707e-10 2.027867e-12 2.123239e-09 _36381_
 1.308204e-09 8.092225e-10 2.604900e-12 2.120031e-09 _27665_
 1.274462e-09 8.327891e-10 2.137200e-12 2.109388e-09 _28121_
 1.303982e-09 7.844698e-10 2.604900e-12 2.091057e-09 _28113_
 1.292082e-09 7.638446e-10 2.604900e-12 2.058532e-09 _53292_
 4.503761e-11 2.002984e-09 1.818300e-12 2.049839e-09 _27651_
 1.300360e-09 7.442613e-10 2.604900e-12 2.047226e-09 _27654_
 1.303051e-09 7.258167e-10 2.604900e-12 2.031472e-09 _28105_
 1.287558e-09 7.149086e-10 2.604900e-12 2.005071e-09 _29065_
 1.284824e-09 7.031796e-10 2.604900e-12 1.990609e-09 _28101_
 1.324874e-09 6.371378e-10 2.604900e-12 1.964617e-09 _53379_
 1.294545e-09 6.668625e-10 2.604900e-12 1.964013e-09 _28109_
 1.271526e-09 6.869759e-10 2.137200e-12 1.960639e-09 _29081_
 1.280911e-09 6.182160e-10 2.604900e-12 1.901732e-09 _29059_
 4.496517e-11 1.848088e-09 1.818300e-12 1.894872e-09 _28098_
 1.279727e-09 6.079030e-10 2.604900e-12 1.890235e-09 _29073_
 1.274547e-09 5.801935e-10 2.604900e-12 1.857345e-09 _29077_
 1.255044e-09 5.690030e-10 2.137200e-12 1.826184e-09 _53235_
 4.522893e-11 1.767863e-09 1.818300e-12 1.814910e-09 _29058_
 4.527760e-11 1.594719e-09 1.818300e-12 1.641815e-09 _29125_
 8.024809e-11 1.377893e-09 3.005880e-14 1.458172e-09 _29110_
 7.992058e-11 1.354076e-09 3.005880e-14 1.434026e-09 _53291_
 4.451725e-10 8.958062e-10 1.958000e-13 1.341175e-09 _27674_
 7.439673e-10 5.581829e-10 5.535000e-13 1.302704e-09 _53234_
 4.373387e-10 6.361233e-10 1.958000e-13 1.073658e-09 _28122_
 4.350725e-10 5.575764e-10 1.958000e-13 9.928447e-10 _29082_
 4.544892e-11 8.264553e-10 1.818300e-12 8.737226e-10 _28118_
 4.524227e-11 8.173463e-10 1.818300e-12 8.644069e-10 _53293_
 4.527253e-11 7.333443e-10 1.818300e-12 7.804352e-10 _29074_
 4.545059e-11 7.324493e-10 1.818300e-12 7.797182e-10 _28114_
 7.241053e-10 0.000000e+00 6.502600e-12 7.306079e-10 _58219_
 7.240866e-10 0.000000e+00 6.502600e-12 7.305891e-10 _58635_
 7.240795e-10 0.000000e+00 6.502600e-12 7.305821e-10 _58620_
 7.237045e-10 0.000000e+00 6.502600e-12 7.302071e-10 _58558_
 7.237042e-10 0.000000e+00 6.502600e-12 7.302067e-10 _58633_
 7.237040e-10 0.000000e+00 6.502600e-12 7.302066e-10 _58588_
 7.237037e-10 0.000000e+00 6.502600e-12 7.302062e-10 _58618_
 7.237030e-10 0.000000e+00 6.502600e-12 7.302056e-10 _58438_
 7.237029e-10 0.000000e+00 6.502600e-12 7.302055e-10 _58603_
 7.237023e-10 0.000000e+00 6.502600e-12 7.302049e-10 _58423_
 7.237017e-10 0.000000e+00 6.502600e-12 7.302042e-10 _58453_
 7.236933e-10 0.000000e+00 6.502600e-12 7.301958e-10 _58468_
 7.236888e-10 0.000000e+00 6.502600e-12 7.301914e-10 _58483_
 7.236861e-10 0.000000e+00 6.502600e-12 7.301887e-10 _58498_
 7.236852e-10 0.000000e+00 6.502600e-12 7.301877e-10 _58513_
 7.236849e-10 0.000000e+00 6.502600e-12 7.301875e-10 _58528_
 7.236849e-10 0.000000e+00 6.502600e-12 7.301875e-10 _58543_
 7.236849e-10 0.000000e+00 6.502600e-12 7.301875e-10 _58573_
 7.230883e-10 0.000000e+00 6.502600e-12 7.295908e-10 _58271_
 7.230880e-10 0.000000e+00 6.502600e-12 7.295906e-10 _58241_
 7.230880e-10 0.000000e+00 6.502600e-12 7.295906e-10 _58256_
 7.230875e-10 0.000000e+00 6.502600e-12 7.295901e-10 _58391_
 7.230868e-10 0.000000e+00 6.502600e-12 7.295893e-10 _58226_
 7.230864e-10 0.000000e+00 6.502600e-12 7.295890e-10 _58181_
 7.230863e-10 0.000000e+00 6.502600e-12 7.295888e-10 _58196_
 7.230833e-10 0.000000e+00 6.502600e-12 7.295858e-10 _58211_
 7.230800e-10 0.000000e+00 6.502600e-12 7.295826e-10 _58376_
 7.230775e-10 0.000000e+00 6.502600e-12 7.295801e-10 _58361_
 7.230685e-10 0.000000e+00 6.502600e-12 7.295711e-10 _58346_
 7.230656e-10 0.000000e+00 6.502600e-12 7.295682e-10 _58331_
 7.230649e-10 0.000000e+00 6.502600e-12 7.295675e-10 _58316_
 7.230641e-10 0.000000e+00 6.502600e-12 7.295666e-10 _58301_
 7.230618e-10 0.000000e+00 6.502600e-12 7.295644e-10 _58286_
 7.228390e-10 0.000000e+00 6.502600e-12 7.293416e-10 _58261_
 7.228387e-10 0.000000e+00 6.502600e-12 7.293413e-10 _58187_
 7.228358e-10 0.000000e+00 6.502600e-12 7.293384e-10 _58246_
 7.228350e-10 0.000000e+00 6.502600e-12 7.293376e-10 _58276_
 7.228336e-10 0.000000e+00 6.502600e-12 7.293361e-10 _58291_
 7.228309e-10 0.000000e+00 6.502600e-12 7.293335e-10 _58201_
 7.228264e-10 0.000000e+00 6.502600e-12 7.293290e-10 _58231_
 7.228174e-10 0.000000e+00 6.502600e-12 7.293199e-10 _58216_
 7.228115e-10 0.000000e+00 6.502600e-12 7.293141e-10 _58186_
 7.227802e-10 0.000000e+00 6.502600e-12 7.292828e-10 _58278_
 7.227667e-10 0.000000e+00 6.502600e-12 7.292693e-10 _60244_
 7.227663e-10 0.000000e+00 6.502600e-12 7.292689e-10 _60242_
 7.227654e-10 0.000000e+00 6.502600e-12 7.292680e-10 _60240_
 7.227643e-10 0.000000e+00 6.502600e-12 7.292669e-10 _60238_
 7.227636e-10 0.000000e+00 6.502600e-12 7.292661e-10 _60237_
 7.226478e-10 0.000000e+00 6.502600e-12 7.291504e-10 _59617_
 7.226476e-10 0.000000e+00 6.502600e-12 7.291502e-10 _59602_
 7.226476e-10 0.000000e+00 6.502600e-12 7.291501e-10 _59461_
 7.226476e-10 0.000000e+00 6.502600e-12 7.291501e-10 _59476_
 7.226476e-10 0.000000e+00 6.502600e-12 7.291501e-10 _59587_
 7.226474e-10 0.000000e+00 6.502600e-12 7.291500e-10 _59572_
 7.226473e-10 0.000000e+00 6.502600e-12 7.291499e-10 _59521_
 7.226473e-10 0.000000e+00 6.502600e-12 7.291499e-10 _59557_
 7.226472e-10 0.000000e+00 6.502600e-12 7.291497e-10 _59542_
 7.226125e-10 0.000000e+00 6.502600e-12 7.291150e-10 _58322_
 7.226116e-10 0.000000e+00 6.502600e-12 7.291142e-10 _58292_
 7.226108e-10 0.000000e+00 6.502600e-12 7.291134e-10 _58277_
 7.226106e-10 0.000000e+00 6.502600e-12 7.291132e-10 _58307_
 7.226080e-10 0.000000e+00 6.502600e-12 7.291106e-10 _58262_
 7.226014e-10 0.000000e+00 6.502600e-12 7.291040e-10 _58247_
 7.225997e-10 0.000000e+00 6.502600e-12 7.291023e-10 _58232_
 7.225929e-10 0.000000e+00 6.502600e-12 7.290955e-10 _60148_
 7.225925e-10 0.000000e+00 6.502600e-12 7.290951e-10 _59728_
 7.225907e-10 0.000000e+00 6.502600e-12 7.290932e-10 _60163_
 7.225747e-10 0.000000e+00 6.502600e-12 7.290773e-10 _59711_
 7.225724e-10 0.000000e+00 6.502600e-12 7.290750e-10 _60161_
 7.225417e-10 0.000000e+00 6.502600e-12 7.290443e-10 _58526_
 7.225400e-10 0.000000e+00 6.502600e-12 7.290426e-10 _58511_
 7.225384e-10 0.000000e+00 6.502600e-12 7.290409e-10 _58556_
 7.225360e-10 0.000000e+00 6.502600e-12 7.290386e-10 _58541_
 7.225077e-10 0.000000e+00 6.502600e-12 7.290103e-10 _58392_
 7.224888e-10 0.000000e+00 6.502600e-12 7.289914e-10 _59918_
 7.224887e-10 0.000000e+00 6.502600e-12 7.289913e-10 _59933_
 7.224885e-10 0.000000e+00 6.502600e-12 7.289911e-10 _59963_
 7.224882e-10 0.000000e+00 6.502600e-12 7.289908e-10 _59993_
 7.224881e-10 0.000000e+00 6.502600e-12 7.289907e-10 _59948_
 7.224878e-10 0.000000e+00 6.502600e-12 7.289904e-10 _59978_
 7.224874e-10 0.000000e+00 6.502600e-12 7.289900e-10 _60008_
 7.224873e-10 0.000000e+00 6.502600e-12 7.289899e-10 _60023_
 7.223895e-10 0.000000e+00 6.502600e-12 7.288921e-10 _58462_
 7.223888e-10 0.000000e+00 6.502600e-12 7.288913e-10 _58447_
 7.223886e-10 0.000000e+00 6.502600e-12 7.288912e-10 _58432_
 7.223870e-10 0.000000e+00 6.502600e-12 7.288896e-10 _59596_
 7.223869e-10 0.000000e+00 6.502600e-12 7.288895e-10 _59581_
 7.223869e-10 0.000000e+00 6.502600e-12 7.288894e-10 _59566_
 7.223869e-10 0.000000e+00 6.502600e-12 7.288894e-10 _59611_
 7.223278e-10 0.000000e+00 6.502600e-12 7.288304e-10 _59730_
 7.223275e-10 0.000000e+00 6.502600e-12 7.288301e-10 _60120_
 7.223270e-10 0.000000e+00 6.502600e-12 7.288296e-10 _59745_
 7.223256e-10 0.000000e+00 6.502600e-12 7.288282e-10 _59760_
 7.223252e-10 0.000000e+00 6.502600e-12 7.288278e-10 _59775_
 7.223159e-10 0.000000e+00 6.502600e-12 7.288185e-10 _59910_
 7.223157e-10 0.000000e+00 6.502600e-12 7.288182e-10 _59880_
 7.223157e-10 0.000000e+00 6.502600e-12 7.288182e-10 _59895_
 7.223113e-10 0.000000e+00 6.502600e-12 7.288138e-10 _59940_
 7.223111e-10 0.000000e+00 6.502600e-12 7.288137e-10 _59925_
 7.223042e-10 0.000000e+00 6.502600e-12 7.288068e-10 _59854_
 7.223026e-10 0.000000e+00 6.502600e-12 7.288052e-10 _59615_
 7.223000e-10 0.000000e+00 6.502600e-12 7.288026e-10 _59955_
 7.222958e-10 0.000000e+00 6.502600e-12 7.287984e-10 _58755_
 7.222951e-10 0.000000e+00 6.502600e-12 7.287977e-10 _58740_
 7.222934e-10 0.000000e+00 6.502600e-12 7.287960e-10 _58725_
 7.222921e-10 0.000000e+00 6.502600e-12 7.287947e-10 _58710_
 7.222882e-10 0.000000e+00 6.502600e-12 7.287908e-10 _59460_
 7.222881e-10 0.000000e+00 6.502600e-12 7.287906e-10 _59475_
 7.222878e-10 0.000000e+00 6.502600e-12 7.287904e-10 _59424_
 7.222878e-10 0.000000e+00 6.502600e-12 7.287904e-10 _59349_
 7.222876e-10 0.000000e+00 6.502600e-12 7.287902e-10 _59445_
 7.222674e-10 0.000000e+00 6.502600e-12 7.287700e-10 _59906_
 7.222670e-10 0.000000e+00 6.502600e-12 7.287696e-10 _59891_
 7.222667e-10 0.000000e+00 6.502600e-12 7.287693e-10 _59863_
 7.222667e-10 0.000000e+00 6.502600e-12 7.287693e-10 _59893_
 7.222663e-10 0.000000e+00 6.502600e-12 7.287689e-10 _59876_
 7.222660e-10 0.000000e+00 6.502600e-12 7.287685e-10 _59878_
 7.222659e-10 0.000000e+00 6.502600e-12 7.287684e-10 _59861_
 7.222636e-10 0.000000e+00 6.502600e-12 7.287662e-10 _59833_
 7.222633e-10 0.000000e+00 6.502600e-12 7.287659e-10 _59848_
 7.222610e-10 0.000000e+00 6.502600e-12 7.287636e-10 _59846_
 7.221930e-10 0.000000e+00 6.502600e-12 7.286955e-10 _58766_
 7.221918e-10 0.000000e+00 6.502600e-12 7.286943e-10 _58787_
 7.221790e-10 0.000000e+00 6.502600e-12 7.286816e-10 _60034_
 7.221787e-10 0.000000e+00 6.502600e-12 7.286813e-10 _60064_
 7.221772e-10 0.000000e+00 6.502600e-12 7.286797e-10 _60049_
 7.221750e-10 0.000000e+00 6.502600e-12 7.286776e-10 _59809_
 7.221682e-10 0.000000e+00 6.502600e-12 7.286708e-10 _59794_
 7.220969e-10 0.000000e+00 6.502600e-12 7.285995e-10 _58727_
 7.220969e-10 0.000000e+00 6.502600e-12 7.285995e-10 _59543_
 7.220966e-10 0.000000e+00 6.502600e-12 7.285992e-10 _59558_
 7.220963e-10 0.000000e+00 6.502600e-12 7.285989e-10 _59573_
 7.220962e-10 0.000000e+00 6.502600e-12 7.285987e-10 _58712_
 7.220959e-10 0.000000e+00 6.502600e-12 7.285985e-10 _59588_
 7.220958e-10 0.000000e+00 6.502600e-12 7.285983e-10 _59603_
 7.220266e-10 0.000000e+00 6.502600e-12 7.285292e-10 _60164_
 7.220263e-10 0.000000e+00 6.502600e-12 7.285289e-10 _59787_
 7.220227e-10 0.000000e+00 6.502600e-12 7.285253e-10 _59785_
 7.220208e-10 0.000000e+00 6.502600e-12 7.285234e-10 _59770_
 7.220201e-10 0.000000e+00 6.502600e-12 7.285227e-10 _59800_
 7.219992e-10 0.000000e+00 6.502600e-12 7.285018e-10 _59413_
 7.219987e-10 0.000000e+00 6.502600e-12 7.285013e-10 _59434_
 7.219799e-10 0.000000e+00 6.502600e-12 7.284825e-10 _60226_
 7.219785e-10 0.000000e+00 6.502600e-12 7.284811e-10 _60233_
 7.219778e-10 0.000000e+00 6.502600e-12 7.284803e-10 _60228_
 7.219768e-10 0.000000e+00 6.502600e-12 7.284793e-10 _60235_
 7.219762e-10 0.000000e+00 6.502600e-12 7.284788e-10 _60190_
 7.219724e-10 0.000000e+00 6.502600e-12 7.284750e-10 _60224_
 7.219710e-10 0.000000e+00 6.502600e-12 7.284736e-10 _60203_
 7.219708e-10 0.000000e+00 6.502600e-12 7.284733e-10 _60222_
 7.219665e-10 0.000000e+00 6.502600e-12 7.284691e-10 _60218_
 7.219661e-10 0.000000e+00 6.502600e-12 7.284687e-10 _60214_
 7.219661e-10 0.000000e+00 6.502600e-12 7.284687e-10 _60216_
 7.219461e-10 0.000000e+00 6.502600e-12 7.284486e-10 _60185_
 7.219446e-10 0.000000e+00 6.502600e-12 7.284471e-10 _60184_
 7.219432e-10 0.000000e+00 6.502600e-12 7.284457e-10 _60183_
 7.219424e-10 0.000000e+00 6.502600e-12 7.284450e-10 _60179_
 7.219423e-10 0.000000e+00 6.502600e-12 7.284449e-10 _60180_
 7.219421e-10 0.000000e+00 6.502600e-12 7.284446e-10 _60181_
 7.219390e-10 0.000000e+00 6.502600e-12 7.284416e-10 _60182_
 7.219216e-10 0.000000e+00 6.502600e-12 7.284242e-10 _59803_
 7.219215e-10 0.000000e+00 6.502600e-12 7.284241e-10 _59532_
 7.219211e-10 0.000000e+00 6.502600e-12 7.284237e-10 _59511_
 7.219208e-10 0.000000e+00 6.502600e-12 7.284234e-10 _59466_
 7.219196e-10 0.000000e+00 6.502600e-12 7.284222e-10 _60073_
 7.219184e-10 0.000000e+00 6.502600e-12 7.284210e-10 _60088_
 7.219148e-10 0.000000e+00 6.502600e-12 7.284174e-10 _59451_
 7.219147e-10 0.000000e+00 6.502600e-12 7.284173e-10 _60103_
 7.219141e-10 0.000000e+00 6.502600e-12 7.284167e-10 _59788_
 7.219133e-10 0.000000e+00 6.502600e-12 7.284159e-10 _59773_
 7.219100e-10 0.000000e+00 6.502600e-12 7.284126e-10 _59758_
 7.219094e-10 0.000000e+00 6.502600e-12 7.284120e-10 _60172_
 7.219082e-10 0.000000e+00 6.502600e-12 7.284108e-10 _60118_
 7.219056e-10 0.000000e+00 6.502600e-12 7.284082e-10 _59722_
 7.219016e-10 0.000000e+00 6.502600e-12 7.284042e-10 _59743_
 7.218977e-10 0.000000e+00 6.502600e-12 7.284002e-10 _60133_
 7.218847e-10 0.000000e+00 6.502600e-12 7.283873e-10 _59291_
 7.218827e-10 0.000000e+00 6.502600e-12 7.283853e-10 _59713_
 7.218562e-10 0.000000e+00 6.502600e-12 7.283588e-10 _60041_
 7.218540e-10 0.000000e+00 6.502600e-12 7.283566e-10 _60056_
 7.218490e-10 0.000000e+00 6.502600e-12 7.283515e-10 _60071_
 7.218457e-10 0.000000e+00 6.502600e-12 7.283483e-10 _60086_
 7.218234e-10 0.000000e+00 6.502600e-12 7.283260e-10 _59069_
 7.218212e-10 0.000000e+00 6.502600e-12 7.283237e-10 _59054_
 7.218176e-10 0.000000e+00 6.502600e-12 7.283202e-10 _58683_
 7.218114e-10 0.000000e+00 6.502600e-12 7.283140e-10 _58662_
 7.218021e-10 0.000000e+00 6.502600e-12 7.283047e-10 _58579_
 7.218013e-10 0.000000e+00 6.502600e-12 7.283039e-10 _58564_
 7.218006e-10 0.000000e+00 6.502600e-12 7.283031e-10 _58778_
 7.218002e-10 0.000000e+00 6.502600e-12 7.283028e-10 _59033_
 7.217696e-10 0.000000e+00 6.502600e-12 7.282722e-10 _58757_
 7.217624e-10 0.000000e+00 6.502600e-12 7.282650e-10 _58454_
 7.217624e-10 0.000000e+00 6.502600e-12 7.282650e-10 _58469_
 7.217614e-10 0.000000e+00 6.502600e-12 7.282640e-10 _58484_
 7.217590e-10 0.000000e+00 6.502600e-12 7.282616e-10 _58544_
 7.217586e-10 0.000000e+00 6.502600e-12 7.282612e-10 _58499_
 7.217582e-10 0.000000e+00 6.502600e-12 7.282607e-10 _58559_
 7.217499e-10 0.000000e+00 6.502600e-12 7.282525e-10 _58514_
 7.217475e-10 0.000000e+00 6.502600e-12 7.282501e-10 _58742_
 7.217399e-10 0.000000e+00 6.502600e-12 7.282425e-10 _60146_
 7.217375e-10 0.000000e+00 6.502600e-12 7.282401e-10 _59726_
 7.217354e-10 0.000000e+00 6.502600e-12 7.282380e-10 _59741_
 7.217347e-10 0.000000e+00 6.502600e-12 7.282372e-10 _59786_
 7.217340e-10 0.000000e+00 6.502600e-12 7.282365e-10 _58529_
 7.217315e-10 0.000000e+00 6.502600e-12 7.282341e-10 _59771_
 7.217249e-10 0.000000e+00 6.502600e-12 7.282275e-10 _58574_
 7.217218e-10 0.000000e+00 6.502600e-12 7.282244e-10 _59756_
 7.217076e-10 0.000000e+00 6.502600e-12 7.282102e-10 _60131_
 7.217045e-10 0.000000e+00 6.502600e-12 7.282071e-10 _59922_
 7.217044e-10 0.000000e+00 6.502600e-12 7.282069e-10 _60098_
 7.217043e-10 0.000000e+00 6.502600e-12 7.282069e-10 _59937_
 7.217034e-10 0.000000e+00 6.502600e-12 7.282059e-10 _59892_
 7.217029e-10 0.000000e+00 6.502600e-12 7.282055e-10 _59907_
 7.217025e-10 0.000000e+00 6.502600e-12 7.282051e-10 _59768_
 7.216999e-10 0.000000e+00 6.502600e-12 7.282024e-10 _59753_
 7.216964e-10 0.000000e+00 6.502600e-12 7.281990e-10 _59983_
 7.216949e-10 0.000000e+00 6.502600e-12 7.281974e-10 _59968_
 7.216920e-10 0.000000e+00 6.502600e-12 7.281946e-10 _59938_
 7.216882e-10 0.000000e+00 6.502600e-12 7.281908e-10 _60113_
 7.216855e-10 0.000000e+00 6.502600e-12 7.281881e-10 _60101_
 7.216835e-10 0.000000e+00 6.502600e-12 7.281861e-10 _60116_
 7.216760e-10 0.000000e+00 6.502600e-12 7.281786e-10 _60128_
 7.216712e-10 0.000000e+00 6.502600e-12 7.281738e-10 _59597_
 7.216627e-10 0.000000e+00 6.502600e-12 7.281653e-10 _60143_
 7.216562e-10 0.000000e+00 6.502600e-12 7.281588e-10 _59979_
 7.216552e-10 0.000000e+00 6.502600e-12 7.281578e-10 _60158_
 7.216513e-10 0.000000e+00 6.502600e-12 7.281539e-10 _59612_
 7.216405e-10 0.000000e+00 6.502600e-12 7.281430e-10 _59964_
 7.216381e-10 0.000000e+00 6.502600e-12 7.281407e-10 _59738_
 7.216210e-10 0.000000e+00 6.502600e-12 7.281236e-10 _59723_
 7.216192e-10 0.000000e+00 6.502600e-12 7.281218e-10 _59949_
 7.216150e-10 0.000000e+00 6.502600e-12 7.281176e-10 _59708_
 7.216141e-10 0.000000e+00 6.502600e-12 7.281167e-10 _59919_
 7.216091e-10 0.000000e+00 6.502600e-12 7.281116e-10 _58621_
 7.216088e-10 0.000000e+00 6.502600e-12 7.281114e-10 _59742_
 7.216081e-10 0.000000e+00 6.502600e-12 7.281106e-10 _59727_
 7.216078e-10 0.000000e+00 6.502600e-12 7.281103e-10 _58636_
 7.216077e-10 0.000000e+00 6.502600e-12 7.281103e-10 _59757_
 7.216075e-10 0.000000e+00 6.502600e-12 7.281101e-10 _59712_
 7.216049e-10 0.000000e+00 6.502600e-12 7.281075e-10 _60145_
 7.216048e-10 0.000000e+00 6.502600e-12 7.281074e-10 _59934_
 7.216039e-10 0.000000e+00 6.502600e-12 7.281065e-10 _58517_
 7.216036e-10 0.000000e+00 6.502600e-12 7.281062e-10 _60160_
 7.216027e-10 0.000000e+00 6.502600e-12 7.281052e-10 _58532_
 7.216019e-10 0.000000e+00 6.502600e-12 7.281045e-10 _58562_
 7.216009e-10 0.000000e+00 6.502600e-12 7.281035e-10 _58547_
 7.215964e-10 0.000000e+00 6.502600e-12 7.280990e-10 _59994_
 7.215798e-10 0.000000e+00 6.502600e-12 7.280824e-10 _59224_
 7.215783e-10 0.000000e+00 6.502600e-12 7.280809e-10 _59245_
 7.215250e-10 0.000000e+00 6.502600e-12 7.280276e-10 _58344_
 7.215247e-10 0.000000e+00 6.502600e-12 7.280273e-10 _58329_
 7.215247e-10 0.000000e+00 6.502600e-12 7.280272e-10 _58314_
 7.215229e-10 0.000000e+00 6.502600e-12 7.280255e-10 _58299_
 7.215214e-10 0.000000e+00 6.502600e-12 7.280240e-10 _58284_
 7.215205e-10 0.000000e+00 6.502600e-12 7.280230e-10 _58269_
 7.215170e-10 0.000000e+00 6.502600e-12 7.280195e-10 _58359_
 7.214715e-10 0.000000e+00 6.502600e-12 7.279741e-10 _58785_
 7.214709e-10 0.000000e+00 6.502600e-12 7.279735e-10 _58764_
 7.214693e-10 0.000000e+00 6.502600e-12 7.279719e-10 _59580_
 7.214628e-10 0.000000e+00 6.502600e-12 7.279654e-10 _58664_
 7.214624e-10 0.000000e+00 6.502600e-12 7.279650e-10 _59595_
 7.214583e-10 0.000000e+00 6.502600e-12 7.279609e-10 _58668_
 7.214574e-10 0.000000e+00 6.502600e-12 7.279600e-10 _59610_
 7.214566e-10 0.000000e+00 6.502600e-12 7.279591e-10 _58749_
 7.214544e-10 0.000000e+00 6.502600e-12 7.279570e-10 _58734_
 7.214466e-10 0.000000e+00 6.502600e-12 7.279492e-10 _58689_
 7.214425e-10 0.000000e+00 6.502600e-12 7.279450e-10 _58719_
 7.214390e-10 0.000000e+00 6.502600e-12 7.279416e-10 _58704_
 7.213993e-10 0.000000e+00 6.502600e-12 7.279019e-10 _59590_
 7.213991e-10 0.000000e+00 6.502600e-12 7.279017e-10 _58699_
 7.213989e-10 0.000000e+00 6.502600e-12 7.279015e-10 _59605_
 7.213983e-10 0.000000e+00 6.502600e-12 7.279009e-10 _58684_
 7.213893e-10 0.000000e+00 6.502600e-12 7.278919e-10 _60294_
 7.213885e-10 0.000000e+00 6.502600e-12 7.278911e-10 _60293_
 7.213816e-10 0.000000e+00 6.502600e-12 7.278842e-10 _58642_
 7.213801e-10 0.000000e+00 6.502600e-12 7.278826e-10 _58630_
 7.213792e-10 0.000000e+00 6.502600e-12 7.278818e-10 _58645_
 7.213783e-10 0.000000e+00 6.502600e-12 7.278809e-10 _58615_
 7.213761e-10 0.000000e+00 6.502600e-12 7.278786e-10 _58600_
 7.213759e-10 0.000000e+00 6.502600e-12 7.278785e-10 _58585_
 7.213674e-10 0.000000e+00 6.502600e-12 7.278699e-10 _58627_
 7.213672e-10 0.000000e+00 6.502600e-12 7.278698e-10 _58477_
 7.213650e-10 0.000000e+00 6.502600e-12 7.278675e-10 _58612_
 7.213626e-10 0.000000e+00 6.502600e-12 7.278652e-10 _59455_
 7.213575e-10 0.000000e+00 6.502600e-12 7.278601e-10 _59470_
 7.213560e-10 0.000000e+00 6.502600e-12 7.278586e-10 _59515_
 7.213546e-10 0.000000e+00 6.502600e-12 7.278572e-10 _59921_
 7.213521e-10 0.000000e+00 6.502600e-12 7.278547e-10 _60310_
 7.213519e-10 0.000000e+00 6.502600e-12 7.278545e-10 _60308_
 7.213519e-10 0.000000e+00 6.502600e-12 7.278545e-10 _60311_
 7.213517e-10 0.000000e+00 6.502600e-12 7.278543e-10 _59536_
 7.213514e-10 0.000000e+00 6.502600e-12 7.278539e-10 _60309_
 7.213507e-10 0.000000e+00 6.502600e-12 7.278533e-10 _59551_
 7.213507e-10 0.000000e+00 6.502600e-12 7.278533e-10 _60168_
 7.213473e-10 0.000000e+00 6.502600e-12 7.278499e-10 _60313_
 7.213470e-10 0.000000e+00 6.502600e-12 7.278496e-10 _60153_
 7.213447e-10 0.000000e+00 6.502600e-12 7.278473e-10 _60312_
 7.213414e-10 0.000000e+00 6.502600e-12 7.278440e-10 _60314_
 7.213348e-10 0.000000e+00 6.502600e-12 7.278373e-10 _60138_
 7.213262e-10 0.000000e+00 6.502600e-12 7.278287e-10 _58686_
 7.213196e-10 0.000000e+00 6.502600e-12 7.278222e-10 _59547_
 7.213076e-10 0.000000e+00 6.502600e-12 7.278102e-10 _58182_
 7.213057e-10 0.000000e+00 6.502600e-12 7.278083e-10 _58183_
 7.213029e-10 0.000000e+00 6.502600e-12 7.278055e-10 _59929_
 7.213027e-10 0.000000e+00 6.502600e-12 7.278053e-10 _58198_
 7.213027e-10 0.000000e+00 6.502600e-12 7.278053e-10 _59562_
 7.212990e-10 0.000000e+00 6.502600e-12 7.278015e-10 _58213_
 7.212965e-10 0.000000e+00 6.502600e-12 7.277990e-10 _58604_
 7.212897e-10 0.000000e+00 6.502600e-12 7.277923e-10 _58451_
 7.212895e-10 0.000000e+00 6.502600e-12 7.277921e-10 _59585_
 7.212895e-10 0.000000e+00 6.502600e-12 7.277920e-10 _58348_
 7.212892e-10 0.000000e+00 6.502600e-12 7.277918e-10 _58481_
 7.212891e-10 0.000000e+00 6.502600e-12 7.277917e-10 _58466_
 7.212873e-10 0.000000e+00 6.502600e-12 7.277898e-10 _58436_
 7.212854e-10 0.000000e+00 6.502600e-12 7.277879e-10 _58421_
 7.212836e-10 0.000000e+00 6.502600e-12 7.277862e-10 _58363_
 7.212805e-10 0.000000e+00 6.502600e-12 7.277831e-10 _58665_
 7.212803e-10 0.000000e+00 6.502600e-12 7.277828e-10 _59869_
 7.212791e-10 0.000000e+00 6.502600e-12 7.277817e-10 _59574_
 7.212778e-10 0.000000e+00 6.502600e-12 7.277804e-10 _58496_
 7.212759e-10 0.000000e+00 6.502600e-12 7.277784e-10 _59589_
 7.212728e-10 0.000000e+00 6.502600e-12 7.277754e-10 _59604_
 7.212727e-10 0.000000e+00 6.502600e-12 7.277752e-10 _58571_
 7.212690e-10 0.000000e+00 6.502600e-12 7.277716e-10 _58601_
 7.212679e-10 0.000000e+00 6.502600e-12 7.277705e-10 _58586_
 7.212665e-10 0.000000e+00 6.502600e-12 7.277691e-10 _58371_
 7.212648e-10 0.000000e+00 6.502600e-12 7.277673e-10 _59577_
 7.212647e-10 0.000000e+00 6.502600e-12 7.277672e-10 _58386_
 7.212626e-10 0.000000e+00 6.502600e-12 7.277652e-10 _58631_
 7.212621e-10 0.000000e+00 6.502600e-12 7.277646e-10 _58616_
 7.212604e-10 0.000000e+00 6.502600e-12 7.277630e-10 _58401_
 7.212586e-10 0.000000e+00 6.502600e-12 7.277612e-10 _58191_
 7.212536e-10 0.000000e+00 6.502600e-12 7.277562e-10 _58439_
 7.212466e-10 0.000000e+00 6.502600e-12 7.277491e-10 _58698_
 7.212437e-10 0.000000e+00 6.502600e-12 7.277463e-10 _59592_
 7.212423e-10 0.000000e+00 6.502600e-12 7.277449e-10 _59607_
 7.212397e-10 0.000000e+00 6.502600e-12 7.277423e-10 _58356_
 7.212371e-10 0.000000e+00 6.502600e-12 7.277396e-10 _58206_
 7.212363e-10 0.000000e+00 6.502600e-12 7.277389e-10 _59219_
 7.212312e-10 0.000000e+00 6.502600e-12 7.277338e-10 _59579_
 7.212308e-10 0.000000e+00 6.502600e-12 7.277334e-10 _59564_
 7.212302e-10 0.000000e+00 6.502600e-12 7.277328e-10 _59084_
 7.212282e-10 0.000000e+00 6.502600e-12 7.277308e-10 _59303_
 7.212280e-10 0.000000e+00 6.502600e-12 7.277305e-10 _58486_
 7.212274e-10 0.000000e+00 6.502600e-12 7.277300e-10 _59288_
 7.212272e-10 0.000000e+00 6.502600e-12 7.277298e-10 _58471_
 7.212265e-10 0.000000e+00 6.502600e-12 7.277291e-10 _58456_
 7.212265e-10 0.000000e+00 6.502600e-12 7.277291e-10 _59318_
 7.212262e-10 0.000000e+00 6.502600e-12 7.277288e-10 _59339_
 7.212259e-10 0.000000e+00 6.502600e-12 7.277284e-10 _60130_
 7.212258e-10 0.000000e+00 6.502600e-12 7.277284e-10 _59414_
 7.212254e-10 0.000000e+00 6.502600e-12 7.277279e-10 _58441_
 7.212245e-10 0.000000e+00 6.502600e-12 7.277271e-10 _59772_
 7.212245e-10 0.000000e+00 6.502600e-12 7.277270e-10 _58426_
 7.212242e-10 0.000000e+00 6.502600e-12 7.277268e-10 _59435_
 7.212234e-10 0.000000e+00 6.502600e-12 7.277260e-10 _58606_
 7.212233e-10 0.000000e+00 6.502600e-12 7.277259e-10 _59450_
 7.212154e-10 0.000000e+00 6.502600e-12 7.277179e-10 _58341_
 7.212138e-10 0.000000e+00 6.502600e-12 7.277163e-10 _58236_
 7.212095e-10 0.000000e+00 6.502600e-12 7.277121e-10 _59818_
 7.212026e-10 0.000000e+00 6.502600e-12 7.277052e-10 _58221_
 7.211946e-10 0.000000e+00 6.502600e-12 7.276972e-10 _59831_
 7.211933e-10 0.000000e+00 6.502600e-12 7.276958e-10 _59816_
 7.211789e-10 0.000000e+00 6.502600e-12 7.276815e-10 _59462_
 7.211789e-10 0.000000e+00 6.502600e-12 7.276815e-10 _59507_
 7.211788e-10 0.000000e+00 6.502600e-12 7.276814e-10 _59040_
 7.211786e-10 0.000000e+00 6.502600e-12 7.276811e-10 _59565_
 7.211782e-10 0.000000e+00 6.502600e-12 7.276808e-10 _59061_
 7.211780e-10 0.000000e+00 6.502600e-12 7.276806e-10 _59550_
 7.211779e-10 0.000000e+00 6.502600e-12 7.276805e-10 _59535_
 7.211778e-10 0.000000e+00 6.502600e-12 7.276804e-10 _59076_
 7.211778e-10 0.000000e+00 6.502600e-12 7.276804e-10 _59469_
 7.211778e-10 0.000000e+00 6.502600e-12 7.276804e-10 _60140_
 7.211776e-10 0.000000e+00 6.502600e-12 7.276802e-10 _60144_
 7.211776e-10 0.000000e+00 6.502600e-12 7.276802e-10 _60155_
 7.211771e-10 0.000000e+00 6.502600e-12 7.276797e-10 _60170_
 7.211770e-10 0.000000e+00 6.502600e-12 7.276795e-10 _59514_
 7.211748e-10 0.000000e+00 6.502600e-12 7.276774e-10 _60159_
 7.211725e-10 0.000000e+00 6.502600e-12 7.276751e-10 _58730_
 7.211720e-10 0.000000e+00 6.502600e-12 7.276745e-10 _59528_
 7.211715e-10 0.000000e+00 6.502600e-12 7.276741e-10 _60114_
 7.211708e-10 0.000000e+00 6.502600e-12 7.276734e-10 _60084_
 7.211699e-10 0.000000e+00 6.502600e-12 7.276725e-10 _58745_
 7.211699e-10 0.000000e+00 6.502600e-12 7.276725e-10 _58760_
 7.211695e-10 0.000000e+00 6.502600e-12 7.276721e-10 _58715_
 7.211655e-10 0.000000e+00 6.502600e-12 7.276680e-10 _60099_
 7.211633e-10 0.000000e+00 6.502600e-12 7.276659e-10 _58342_
 7.211560e-10 0.000000e+00 6.502600e-12 7.276585e-10 _60091_
 7.211556e-10 0.000000e+00 6.502600e-12 7.276582e-10 _60106_
 7.211509e-10 0.000000e+00 6.502600e-12 7.276535e-10 _60129_
 7.211425e-10 0.000000e+00 6.502600e-12 7.276451e-10 _58357_
 7.211364e-10 0.000000e+00 6.502600e-12 7.276390e-10 _60209_
 7.211352e-10 0.000000e+00 6.502600e-12 7.276378e-10 _60210_
 7.211333e-10 0.000000e+00 6.502600e-12 7.276359e-10 _60211_
 7.211253e-10 0.000000e+00 6.502600e-12 7.276278e-10 _58320_
 7.211253e-10 0.000000e+00 6.502600e-12 7.276278e-10 _58335_
 7.211244e-10 0.000000e+00 6.502600e-12 7.276270e-10 _58350_
 7.211210e-10 0.000000e+00 6.502600e-12 7.276236e-10 _60212_
 7.211119e-10 0.000000e+00 6.502600e-12 7.276145e-10 _58399_
 7.211116e-10 0.000000e+00 6.502600e-12 7.276141e-10 _58424_
 7.211081e-10 0.000000e+00 6.502600e-12 7.276107e-10 _58400_
 7.210822e-10 0.000000e+00 6.502600e-12 7.275848e-10 _59341_
 7.210803e-10 0.000000e+00 6.502600e-12 7.275829e-10 _59320_
 7.210788e-10 0.000000e+00 6.502600e-12 7.275814e-10 _59545_
 7.210786e-10 0.000000e+00 6.502600e-12 7.275812e-10 _59560_
 7.210781e-10 0.000000e+00 6.502600e-12 7.275807e-10 _59575_
 7.210781e-10 0.000000e+00 6.502600e-12 7.275807e-10 _59594_
 7.210779e-10 0.000000e+00 6.502600e-12 7.275805e-10 _59609_
 7.210749e-10 0.000000e+00 6.502600e-12 7.275774e-10 _59305_
 7.210726e-10 0.000000e+00 6.502600e-12 7.275752e-10 _59290_
 7.210592e-10 0.000000e+00 6.502600e-12 7.275618e-10 _58634_
 7.210557e-10 0.000000e+00 6.502600e-12 7.275582e-10 _58723_
 7.210401e-10 0.000000e+00 6.502600e-12 7.275427e-10 _59276_
 7.210394e-10 0.000000e+00 6.502600e-12 7.275420e-10 _59261_
 7.210377e-10 0.000000e+00 6.502600e-12 7.275403e-10 _59246_
 7.210373e-10 0.000000e+00 6.502600e-12 7.275399e-10 _59549_
 7.210346e-10 0.000000e+00 6.502600e-12 7.275371e-10 _58396_
 7.210341e-10 0.000000e+00 6.502600e-12 7.275366e-10 _59534_
 7.210326e-10 0.000000e+00 6.502600e-12 7.275352e-10 _59306_
 7.210316e-10 0.000000e+00 6.502600e-12 7.275341e-10 _58394_
 7.210311e-10 0.000000e+00 6.502600e-12 7.275336e-10 _59321_
 7.210301e-10 0.000000e+00 6.502600e-12 7.275327e-10 _59342_
 7.210291e-10 0.000000e+00 6.502600e-12 7.275317e-10 _58380_
 7.210289e-10 0.000000e+00 6.502600e-12 7.275315e-10 _58395_
 7.210246e-10 0.000000e+00 6.502600e-12 7.275271e-10 _59417_
 7.210243e-10 0.000000e+00 6.502600e-12 7.275269e-10 _59468_
 7.210242e-10 0.000000e+00 6.502600e-12 7.275268e-10 _59438_
 7.210234e-10 0.000000e+00 6.502600e-12 7.275259e-10 _60171_
 7.210220e-10 0.000000e+00 6.502600e-12 7.275245e-10 _59721_
 7.210215e-10 0.000000e+00 6.502600e-12 7.275241e-10 _59871_
 7.210209e-10 0.000000e+00 6.502600e-12 7.275235e-10 _59856_
 7.210207e-10 0.000000e+00 6.502600e-12 7.275233e-10 _59841_
 7.210192e-10 0.000000e+00 6.502600e-12 7.275218e-10 _58619_
 7.210191e-10 0.000000e+00 6.502600e-12 7.275217e-10 _59826_
 7.210149e-10 0.000000e+00 6.502600e-12 7.275175e-10 _59568_
 7.210147e-10 0.000000e+00 6.502600e-12 7.275173e-10 _59583_
 7.210098e-10 0.000000e+00 6.502600e-12 7.275123e-10 _59513_
 7.210063e-10 0.000000e+00 6.502600e-12 7.275088e-10 _59329_
 7.210063e-10 0.000000e+00 6.502600e-12 7.275088e-10 _59453_
 7.210054e-10 0.000000e+00 6.502600e-12 7.275080e-10 _59314_
 7.210038e-10 0.000000e+00 6.502600e-12 7.275064e-10 _59350_
 7.210014e-10 0.000000e+00 6.502600e-12 7.275040e-10 _59425_
 7.209913e-10 0.000000e+00 6.502600e-12 7.274938e-10 _59446_
 7.209842e-10 0.000000e+00 6.502600e-12 7.274867e-10 _58671_
 7.209791e-10 0.000000e+00 6.502600e-12 7.274817e-10 _59926_
 7.209781e-10 0.000000e+00 6.502600e-12 7.274806e-10 _59941_
 7.209776e-10 0.000000e+00 6.502600e-12 7.274802e-10 _59258_
 7.209769e-10 0.000000e+00 6.502600e-12 7.274795e-10 _59911_
 7.209746e-10 0.000000e+00 6.502600e-12 7.274771e-10 _59273_
 7.209744e-10 0.000000e+00 6.502600e-12 7.274770e-10 _58550_
 7.209740e-10 0.000000e+00 6.502600e-12 7.274766e-10 _59243_
 7.209734e-10 0.000000e+00 6.502600e-12 7.274760e-10 _59559_
 7.209733e-10 0.000000e+00 6.502600e-12 7.274759e-10 _58535_
 7.209701e-10 0.000000e+00 6.502600e-12 7.274726e-10 _58520_
 7.209698e-10 0.000000e+00 6.502600e-12 7.274724e-10 _59896_
 7.209648e-10 0.000000e+00 6.502600e-12 7.274674e-10 _59418_
 7.209646e-10 0.000000e+00 6.502600e-12 7.274671e-10 _60033_
 7.209644e-10 0.000000e+00 6.502600e-12 7.274670e-10 _59454_
 7.209642e-10 0.000000e+00 6.502600e-12 7.274668e-10 _59036_
 7.209629e-10 0.000000e+00 6.502600e-12 7.274655e-10 _60063_
 7.209616e-10 0.000000e+00 6.502600e-12 7.274642e-10 _59881_
 7.209609e-10 0.000000e+00 6.502600e-12 7.274635e-10 _59851_
 7.209602e-10 0.000000e+00 6.502600e-12 7.274628e-10 _59343_
 7.209601e-10 0.000000e+00 6.502600e-12 7.274627e-10 _59057_
 7.209598e-10 0.000000e+00 6.502600e-12 7.274624e-10 _60003_
 7.209595e-10 0.000000e+00 6.502600e-12 7.274620e-10 _58505_
 7.209576e-10 0.000000e+00 6.502600e-12 7.274601e-10 _59439_
 7.209573e-10 0.000000e+00 6.502600e-12 7.274599e-10 _60048_
 7.209564e-10 0.000000e+00 6.502600e-12 7.274589e-10 _59072_
 7.209551e-10 0.000000e+00 6.502600e-12 7.274577e-10 _58490_
 7.209551e-10 0.000000e+00 6.502600e-12 7.274576e-10 _60018_
 7.209541e-10 0.000000e+00 6.502600e-12 7.274567e-10 _59844_
 7.209534e-10 0.000000e+00 6.502600e-12 7.274560e-10 _59087_
 7.209527e-10 0.000000e+00 6.502600e-12 7.274553e-10 _60302_
 7.209520e-10 0.000000e+00 6.502600e-12 7.274545e-10 _60303_
 7.209519e-10 0.000000e+00 6.502600e-12 7.274545e-10 _58670_
 7.209517e-10 0.000000e+00 6.502600e-12 7.274543e-10 _59829_
 7.209515e-10 0.000000e+00 6.502600e-12 7.274541e-10 _59883_
 7.209513e-10 0.000000e+00 6.502600e-12 7.274539e-10 _58706_
 7.209499e-10 0.000000e+00 6.502600e-12 7.274524e-10 _59898_
 7.209497e-10 0.000000e+00 6.502600e-12 7.274523e-10 _58691_
 7.209495e-10 0.000000e+00 6.502600e-12 7.274521e-10 _59866_
 7.209495e-10 0.000000e+00 6.502600e-12 7.274520e-10 _59814_
 7.209472e-10 0.000000e+00 6.502600e-12 7.274498e-10 _59285_
 7.209469e-10 0.000000e+00 6.502600e-12 7.274495e-10 _58714_
 7.209466e-10 0.000000e+00 6.502600e-12 7.274492e-10 _58589_
 7.209465e-10 0.000000e+00 6.502600e-12 7.274490e-10 _59799_
 7.209450e-10 0.000000e+00 6.502600e-12 7.274476e-10 _59300_
 7.209445e-10 0.000000e+00 6.502600e-12 7.274470e-10 _59315_
 7.209442e-10 0.000000e+00 6.502600e-12 7.274468e-10 _59868_
 7.209439e-10 0.000000e+00 6.502600e-12 7.274465e-10 _59769_
 7.209432e-10 0.000000e+00 6.502600e-12 7.274458e-10 _59222_
 7.209430e-10 0.000000e+00 6.502600e-12 7.274456e-10 _60079_
 7.209428e-10 0.000000e+00 6.502600e-12 7.274454e-10 _59336_
 7.209427e-10 0.000000e+00 6.502600e-12 7.274453e-10 _59823_
 7.209425e-10 0.000000e+00 6.502600e-12 7.274450e-10 _59510_
 7.209422e-10 0.000000e+00 6.502600e-12 7.274448e-10 _59264_
 7.209422e-10 0.000000e+00 6.502600e-12 7.274448e-10 _59294_
 7.209421e-10 0.000000e+00 6.502600e-12 7.274447e-10 _59724_
 7.209419e-10 0.000000e+00 6.502600e-12 7.274444e-10 _60094_
 7.209418e-10 0.000000e+00 6.502600e-12 7.274443e-10 _59838_
 7.209413e-10 0.000000e+00 6.502600e-12 7.274439e-10 _59754_
 7.209410e-10 0.000000e+00 6.502600e-12 7.274435e-10 _59531_
 7.209395e-10 0.000000e+00 6.502600e-12 7.274421e-10 _59411_
 7.209393e-10 0.000000e+00 6.502600e-12 7.274419e-10 _59784_
 7.209378e-10 0.000000e+00 6.502600e-12 7.274403e-10 _59432_
 7.209373e-10 0.000000e+00 6.502600e-12 7.274398e-10 _60109_
 7.209363e-10 0.000000e+00 6.502600e-12 7.274388e-10 _59546_
 7.209355e-10 0.000000e+00 6.502600e-12 7.274381e-10 _59279_
 7.209350e-10 0.000000e+00 6.502600e-12 7.274376e-10 _59249_
 7.209339e-10 0.000000e+00 6.502600e-12 7.274364e-10 _59853_
 7.209333e-10 0.000000e+00 6.502600e-12 7.274358e-10 _58781_
 7.209317e-10 0.000000e+00 6.502600e-12 7.274343e-10 _60124_
 7.209316e-10 0.000000e+00 6.502600e-12 7.274342e-10 _59447_
 7.209313e-10 0.000000e+00 6.502600e-12 7.274339e-10 _58542_
 7.209313e-10 0.000000e+00 6.502600e-12 7.274339e-10 _59561_
 7.209308e-10 0.000000e+00 6.502600e-12 7.274334e-10 _58527_
 7.209295e-10 0.000000e+00 6.502600e-12 7.274321e-10 _59779_
 7.209294e-10 0.000000e+00 6.502600e-12 7.274320e-10 _59739_
 7.209275e-10 0.000000e+00 6.502600e-12 7.274301e-10 _59764_
 7.209269e-10 0.000000e+00 6.502600e-12 7.274295e-10 _58512_
 7.209260e-10 0.000000e+00 6.502600e-12 7.274286e-10 _59709_
 7.209254e-10 0.000000e+00 6.502600e-12 7.274280e-10 _59749_
 7.209250e-10 0.000000e+00 6.502600e-12 7.274276e-10 _58482_
 7.209249e-10 0.000000e+00 6.502600e-12 7.274275e-10 _58497_
 7.209200e-10 0.000000e+00 6.502600e-12 7.274226e-10 _60139_
 7.209180e-10 0.000000e+00 6.502600e-12 7.274206e-10 _59986_
 7.209180e-10 0.000000e+00 6.502600e-12 7.274206e-10 _58700_
 7.209177e-10 0.000000e+00 6.502600e-12 7.274202e-10 _58685_
 7.209157e-10 0.000000e+00 6.502600e-12 7.274182e-10 _60135_
 7.209153e-10 0.000000e+00 6.502600e-12 7.274179e-10 _60165_
 7.209144e-10 0.000000e+00 6.502600e-12 7.274170e-10 _59715_
 7.209127e-10 0.000000e+00 6.502600e-12 7.274153e-10 _59956_
 7.209122e-10 0.000000e+00 6.502600e-12 7.274148e-10 _59914_
 7.209121e-10 0.000000e+00 6.502600e-12 7.274147e-10 _59971_
 7.209106e-10 0.000000e+00 6.502600e-12 7.274131e-10 _60150_
 7.209064e-10 0.000000e+00 6.502600e-12 7.274090e-10 _59899_
 7.209062e-10 0.000000e+00 6.502600e-12 7.274088e-10 _59884_
 7.209023e-10 0.000000e+00 6.502600e-12 7.274049e-10 _60001_
 7.208987e-10 0.000000e+00 6.502600e-12 7.274013e-10 _59584_
 7.208956e-10 0.000000e+00 6.502600e-12 7.273981e-10 _58607_
 7.208949e-10 0.000000e+00 6.502600e-12 7.273975e-10 _58577_
 7.208947e-10 0.000000e+00 6.502600e-12 7.273973e-10 _58592_
 7.208922e-10 0.000000e+00 6.502600e-12 7.273948e-10 _60117_
 7.208920e-10 0.000000e+00 6.502600e-12 7.273946e-10 _60132_
 7.208915e-10 0.000000e+00 6.502600e-12 7.273941e-10 _60162_
 7.208913e-10 0.000000e+00 6.502600e-12 7.273939e-10 _60147_
 7.208909e-10 0.000000e+00 6.502600e-12 7.273935e-10 _59599_
 7.208880e-10 0.000000e+00 6.502600e-12 7.273906e-10 _59260_
 7.208878e-10 0.000000e+00 6.502600e-12 7.273904e-10 _59275_
 7.208714e-10 0.000000e+00 6.502600e-12 7.273739e-10 _59074_
 7.208677e-10 0.000000e+00 6.502600e-12 7.273703e-10 _59059_
 7.208675e-10 0.000000e+00 6.502600e-12 7.273701e-10 _59089_
 7.208626e-10 0.000000e+00 6.502600e-12 7.273652e-10 _59038_
 7.208579e-10 0.000000e+00 6.502600e-12 7.273604e-10 _58783_
 7.208529e-10 0.000000e+00 6.502600e-12 7.273555e-10 _59416_
 7.208484e-10 0.000000e+00 6.502600e-12 7.273510e-10 _59452_
 7.208483e-10 0.000000e+00 6.502600e-12 7.273508e-10 _59437_
 7.208472e-10 0.000000e+00 6.502600e-12 7.273497e-10 _58501_
 7.208471e-10 0.000000e+00 6.502600e-12 7.273497e-10 _59467_
 7.208452e-10 0.000000e+00 6.502600e-12 7.273478e-10 _58516_
 7.208437e-10 0.000000e+00 6.502600e-12 7.273462e-10 _59714_
 7.208431e-10 0.000000e+00 6.502600e-12 7.273456e-10 _58531_
 7.208418e-10 0.000000e+00 6.502600e-12 7.273444e-10 _60057_
 7.208416e-10 0.000000e+00 6.502600e-12 7.273442e-10 _59817_
 7.208343e-10 0.000000e+00 6.502600e-12 7.273369e-10 _59512_
 7.208342e-10 0.000000e+00 6.502600e-12 7.273368e-10 _59324_
 7.208317e-10 0.000000e+00 6.502600e-12 7.273342e-10 _59345_
 7.208307e-10 0.000000e+00 6.502600e-12 7.273333e-10 _60166_
 7.208290e-10 0.000000e+00 6.502600e-12 7.273315e-10 _59420_
 7.208273e-10 0.000000e+00 6.502600e-12 7.273299e-10 _60151_
 7.208236e-10 0.000000e+00 6.502600e-12 7.273261e-10 _59815_
 7.208227e-10 0.000000e+00 6.502600e-12 7.273253e-10 _59533_
 7.208168e-10 0.000000e+00 6.502600e-12 7.273194e-10 _59966_
 7.208155e-10 0.000000e+00 6.502600e-12 7.273180e-10 _58747_
 7.208129e-10 0.000000e+00 6.502600e-12 7.273155e-10 _59832_
 7.208125e-10 0.000000e+00 6.502600e-12 7.273150e-10 _60072_
 7.208122e-10 0.000000e+00 6.502600e-12 7.273148e-10 _58762_
 7.208115e-10 0.000000e+00 6.502600e-12 7.273141e-10 _60104_
 7.208115e-10 0.000000e+00 6.502600e-12 7.273140e-10 _60074_
 7.208111e-10 0.000000e+00 6.502600e-12 7.273137e-10 _60087_
 7.208104e-10 0.000000e+00 6.502600e-12 7.273129e-10 _60042_
 7.208098e-10 0.000000e+00 6.502600e-12 7.273124e-10 _60089_
 7.208095e-10 0.000000e+00 6.502600e-12 7.273121e-10 _59733_
 7.208094e-10 0.000000e+00 6.502600e-12 7.273120e-10 _59718_
 7.208092e-10 0.000000e+00 6.502600e-12 7.273118e-10 _58713_
 7.208082e-10 0.000000e+00 6.502600e-12 7.273108e-10 _58732_
 7.208080e-10 0.000000e+00 6.502600e-12 7.273105e-10 _59774_
 7.208079e-10 0.000000e+00 6.502600e-12 7.273105e-10 _58728_
 7.208074e-10 0.000000e+00 6.502600e-12 7.273099e-10 _59710_
 7.208052e-10 0.000000e+00 6.502600e-12 7.273078e-10 _59337_
 7.208047e-10 0.000000e+00 6.502600e-12 7.273073e-10 _59860_
 7.208038e-10 0.000000e+00 6.502600e-12 7.273063e-10 _60136_
 7.208033e-10 0.000000e+00 6.502600e-12 7.273058e-10 _60121_
 7.208018e-10 0.000000e+00 6.502600e-12 7.273044e-10 _59221_
 7.208012e-10 0.000000e+00 6.502600e-12 7.273038e-10 _59725_
 7.207995e-10 0.000000e+00 6.502600e-12 7.273021e-10 _59951_
 7.207990e-10 0.000000e+00 6.502600e-12 7.273016e-10 _59847_
 7.207989e-10 0.000000e+00 6.502600e-12 7.273014e-10 _59845_
 7.207985e-10 0.000000e+00 6.502600e-12 7.273011e-10 _59548_
 7.207983e-10 0.000000e+00 6.502600e-12 7.273008e-10 _59981_
 7.207973e-10 0.000000e+00 6.502600e-12 7.272998e-10 _59086_
 7.207960e-10 0.000000e+00 6.502600e-12 7.272986e-10 _59996_
 7.207958e-10 0.000000e+00 6.502600e-12 7.272984e-10 _59834_
 7.207954e-10 0.000000e+00 6.502600e-12 7.272979e-10 _59819_
 7.207954e-10 0.000000e+00 6.502600e-12 7.272979e-10 _59875_
 7.207940e-10 0.000000e+00 6.502600e-12 7.272966e-10 _59936_
 7.207939e-10 0.000000e+00 6.502600e-12 7.272965e-10 _59789_
 7.207930e-10 0.000000e+00 6.502600e-12 7.272956e-10 _59070_
 7.207929e-10 0.000000e+00 6.502600e-12 7.272955e-10 _58717_
 7.207925e-10 0.000000e+00 6.502600e-12 7.272951e-10 _59804_
 7.207914e-10 0.000000e+00 6.502600e-12 7.272939e-10 _60011_
 7.207895e-10 0.000000e+00 6.502600e-12 7.272921e-10 _59801_
 7.207884e-10 0.000000e+00 6.502600e-12 7.272909e-10 _59071_
 7.207869e-10 0.000000e+00 6.502600e-12 7.272895e-10 _59982_
 7.207862e-10 0.000000e+00 6.502600e-12 7.272887e-10 _59055_
 7.207852e-10 0.000000e+00 6.502600e-12 7.272877e-10 _59890_
 7.207849e-10 0.000000e+00 6.502600e-12 7.272875e-10 _60152_
 7.207844e-10 0.000000e+00 6.502600e-12 7.272870e-10 _60059_
 7.207843e-10 0.000000e+00 6.502600e-12 7.272868e-10 _59746_
 7.207843e-10 0.000000e+00 6.502600e-12 7.272868e-10 _59905_
 7.207842e-10 0.000000e+00 6.502600e-12 7.272867e-10 _59761_
 7.207828e-10 0.000000e+00 6.502600e-12 7.272853e-10 _60029_
 7.207825e-10 0.000000e+00 6.502600e-12 7.272851e-10 _59441_
 7.207815e-10 0.000000e+00 6.502600e-12 7.272841e-10 _59935_
 7.207804e-10 0.000000e+00 6.502600e-12 7.272830e-10 _59034_
 7.207803e-10 0.000000e+00 6.502600e-12 7.272829e-10 _60044_
 7.207803e-10 0.000000e+00 6.502600e-12 7.272828e-10 _60026_
 7.207800e-10 0.000000e+00 6.502600e-12 7.272826e-10 _60077_
 7.207793e-10 0.000000e+00 6.502600e-12 7.272819e-10 _60107_
 7.207789e-10 0.000000e+00 6.502600e-12 7.272815e-10 _59316_
 7.207787e-10 0.000000e+00 6.502600e-12 7.272812e-10 _59950_
 7.207787e-10 0.000000e+00 6.502600e-12 7.272812e-10 _60137_
 7.207783e-10 0.000000e+00 6.502600e-12 7.272809e-10 _59412_
 7.207779e-10 0.000000e+00 6.502600e-12 7.272805e-10 _59967_
 7.207773e-10 0.000000e+00 6.502600e-12 7.272799e-10 _59471_
 7.207770e-10 0.000000e+00 6.502600e-12 7.272796e-10 _59433_
 7.207769e-10 0.000000e+00 6.502600e-12 7.272795e-10 _59056_
 7.207769e-10 0.000000e+00 6.502600e-12 7.272795e-10 _60122_
 7.207736e-10 0.000000e+00 6.502600e-12 7.272762e-10 _59952_
 7.207731e-10 0.000000e+00 6.502600e-12 7.272757e-10 _59456_
 7.207726e-10 0.000000e+00 6.502600e-12 7.272751e-10 _59716_
 7.207716e-10 0.000000e+00 6.502600e-12 7.272742e-10 _59516_
 7.207709e-10 0.000000e+00 6.502600e-12 7.272735e-10 _59807_
 7.207706e-10 0.000000e+00 6.502600e-12 7.272732e-10 _58402_
 7.207689e-10 0.000000e+00 6.502600e-12 7.272715e-10 _59537_
 7.207687e-10 0.000000e+00 6.502600e-12 7.272713e-10 _59731_
 7.207672e-10 0.000000e+00 6.502600e-12 7.272697e-10 _58237_
 7.207661e-10 0.000000e+00 6.502600e-12 7.272687e-10 _58308_
 7.207653e-10 0.000000e+00 6.502600e-12 7.272679e-10 _59920_
 7.207652e-10 0.000000e+00 6.502600e-12 7.272678e-10 _58368_
 7.207651e-10 0.000000e+00 6.502600e-12 7.272677e-10 _58353_
 7.207651e-10 0.000000e+00 6.502600e-12 7.272676e-10 _58323_
 7.207646e-10 0.000000e+00 6.502600e-12 7.272671e-10 _58293_
 7.207644e-10 0.000000e+00 6.502600e-12 7.272670e-10 _58338_
 7.207598e-10 0.000000e+00 6.502600e-12 7.272624e-10 _58383_
 7.207592e-10 0.000000e+00 6.502600e-12 7.272618e-10 _59909_
 7.207590e-10 0.000000e+00 6.502600e-12 7.272616e-10 _60055_
 7.207586e-10 0.000000e+00 6.502600e-12 7.272611e-10 _58398_
 7.207581e-10 0.000000e+00 6.502600e-12 7.272606e-10 _58744_
 7.207578e-10 0.000000e+00 6.502600e-12 7.272604e-10 _59894_
 7.207569e-10 0.000000e+00 6.502600e-12 7.272595e-10 _58729_
 7.207567e-10 0.000000e+00 6.502600e-12 7.272593e-10 _60070_
 7.207563e-10 0.000000e+00 6.502600e-12 7.272589e-10 _59552_
 7.207561e-10 0.000000e+00 6.502600e-12 7.272587e-10 _60085_
 7.207551e-10 0.000000e+00 6.502600e-12 7.272577e-10 _58233_
 7.207551e-10 0.000000e+00 6.502600e-12 7.272576e-10 _58263_
 7.207550e-10 0.000000e+00 6.502600e-12 7.272575e-10 _58203_
 7.207547e-10 0.000000e+00 6.502600e-12 7.272573e-10 _60100_
 7.207541e-10 0.000000e+00 6.502600e-12 7.272567e-10 _58548_
 7.207535e-10 0.000000e+00 6.502600e-12 7.272561e-10 _58503_
 7.207530e-10 0.000000e+00 6.502600e-12 7.272556e-10 _60115_
 7.207500e-10 0.000000e+00 6.502600e-12 7.272526e-10 _58533_
 7.207496e-10 0.000000e+00 6.502600e-12 7.272521e-10 _59567_
 7.207481e-10 0.000000e+00 6.502600e-12 7.272507e-10 _58248_
 7.207481e-10 0.000000e+00 6.502600e-12 7.272506e-10 _58188_
 7.207472e-10 0.000000e+00 6.502600e-12 7.272498e-10 _59879_
 7.207467e-10 0.000000e+00 6.502600e-12 7.272493e-10 _58218_
 7.207455e-10 0.000000e+00 6.502600e-12 7.272480e-10 _59582_
 7.207452e-10 0.000000e+00 6.502600e-12 7.272478e-10 _58427_
 7.207451e-10 0.000000e+00 6.502600e-12 7.272477e-10 _59044_
 7.207445e-10 0.000000e+00 6.502600e-12 7.272471e-10 _58768_
 7.207445e-10 0.000000e+00 6.502600e-12 7.272470e-10 _58789_
 7.207440e-10 0.000000e+00 6.502600e-12 7.272466e-10 _58738_
 7.207430e-10 0.000000e+00 6.502600e-12 7.272456e-10 _58442_
 7.207420e-10 0.000000e+00 6.502600e-12 7.272446e-10 _59837_
 7.207418e-10 0.000000e+00 6.502600e-12 7.272444e-10 _58753_
 7.207408e-10 0.000000e+00 6.502600e-12 7.272434e-10 _59864_
 7.207406e-10 0.000000e+00 6.502600e-12 7.272432e-10 _59822_
 7.207406e-10 0.000000e+00 6.502600e-12 7.272432e-10 _60082_
 7.207396e-10 0.000000e+00 6.502600e-12 7.272422e-10 _60067_
 7.207384e-10 0.000000e+00 6.502600e-12 7.272409e-10 _58756_
 7.207382e-10 0.000000e+00 6.502600e-12 7.272408e-10 _58622_
 7.207382e-10 0.000000e+00 6.502600e-12 7.272408e-10 _60052_
 7.207362e-10 0.000000e+00 6.502600e-12 7.272388e-10 _59849_
 7.207352e-10 0.000000e+00 6.502600e-12 7.272378e-10 _59867_
 7.207334e-10 0.000000e+00 6.502600e-12 7.272359e-10 _59852_
 7.207319e-10 0.000000e+00 6.502600e-12 7.272344e-10 _60037_
 7.207316e-10 0.000000e+00 6.502600e-12 7.272342e-10 _59080_
 7.207313e-10 0.000000e+00 6.502600e-12 7.272338e-10 _58472_
 7.207311e-10 0.000000e+00 6.502600e-12 7.272337e-10 _59281_
 7.207305e-10 0.000000e+00 6.502600e-12 7.272331e-10 _59251_
 7.207297e-10 0.000000e+00 6.502600e-12 7.272323e-10 _59266_
 7.207275e-10 0.000000e+00 6.502600e-12 7.272301e-10 _59230_
 7.207265e-10 0.000000e+00 6.502600e-12 7.272291e-10 _59095_
 7.207256e-10 0.000000e+00 6.502600e-12 7.272282e-10 _58502_
 7.207254e-10 0.000000e+00 6.502600e-12 7.272279e-10 _58487_
 7.207229e-10 0.000000e+00 6.502600e-12 7.272255e-10 _58332_
 7.207227e-10 0.000000e+00 6.502600e-12 7.272253e-10 _58347_
 7.207227e-10 0.000000e+00 6.502600e-12 7.272253e-10 _58362_
 7.207226e-10 0.000000e+00 6.502600e-12 7.272252e-10 _59047_
 7.207220e-10 0.000000e+00 6.502600e-12 7.272246e-10 _59068_
 7.207210e-10 0.000000e+00 6.502600e-12 7.272236e-10 _58457_
 7.207186e-10 0.000000e+00 6.502600e-12 7.272212e-10 _58302_
 7.207173e-10 0.000000e+00 6.502600e-12 7.272199e-10 _58317_
 7.207167e-10 0.000000e+00 6.502600e-12 7.272193e-10 _58792_
 7.207144e-10 0.000000e+00 6.502600e-12 7.272170e-10 _58771_
 7.207139e-10 0.000000e+00 6.502600e-12 7.272165e-10 _60167_
 7.207129e-10 0.000000e+00 6.502600e-12 7.272155e-10 _59744_
 7.207128e-10 0.000000e+00 6.502600e-12 7.272154e-10 _60149_
 7.207110e-10 0.000000e+00 6.502600e-12 7.272136e-10 _58595_
 7.207110e-10 0.000000e+00 6.502600e-12 7.272136e-10 _60022_
 7.207110e-10 0.000000e+00 6.502600e-12 7.272136e-10 _60119_
 7.207101e-10 0.000000e+00 6.502600e-12 7.272127e-10 _58287_
 7.207083e-10 0.000000e+00 6.502600e-12 7.272109e-10 _60134_
 7.207073e-10 0.000000e+00 6.502600e-12 7.272098e-10 _58580_
 7.207070e-10 0.000000e+00 6.502600e-12 7.272096e-10 _58565_
 7.207067e-10 0.000000e+00 6.502600e-12 7.272093e-10 _58625_
 7.207064e-10 0.000000e+00 6.502600e-12 7.272090e-10 _58610_
 7.207061e-10 0.000000e+00 6.502600e-12 7.272086e-10 _58272_
 7.207026e-10 0.000000e+00 6.502600e-12 7.272052e-10 _59997_
 7.207022e-10 0.000000e+00 6.502600e-12 7.272047e-10 _59759_
 7.207021e-10 0.000000e+00 6.502600e-12 7.272047e-10 _60007_
 7.207019e-10 0.000000e+00 6.502600e-12 7.272045e-10 _58242_
 7.207005e-10 0.000000e+00 6.502600e-12 7.272031e-10 _59729_
 7.206994e-10 0.000000e+00 6.502600e-12 7.272020e-10 _60027_
 7.206977e-10 0.000000e+00 6.502600e-12 7.272003e-10 _59830_
 7.206973e-10 0.000000e+00 6.502600e-12 7.271999e-10 _58197_
 7.206961e-10 0.000000e+00 6.502600e-12 7.271987e-10 _58377_
 7.206948e-10 0.000000e+00 6.502600e-12 7.271974e-10 _58227_
 7.206902e-10 0.000000e+00 6.502600e-12 7.271928e-10 _59962_
 7.206885e-10 0.000000e+00 6.502600e-12 7.271911e-10 _59977_
 7.206875e-10 0.000000e+00 6.502600e-12 7.271901e-10 _58460_
 7.206874e-10 0.000000e+00 6.502600e-12 7.271900e-10 _58475_
 7.206873e-10 0.000000e+00 6.502600e-12 7.271899e-10 _60012_
 7.206871e-10 0.000000e+00 6.502600e-12 7.271896e-10 _59992_
 7.206866e-10 0.000000e+00 6.502600e-12 7.271892e-10 _58430_
 7.206845e-10 0.000000e+00 6.502600e-12 7.271871e-10 _58257_
 7.206830e-10 0.000000e+00 6.502600e-12 7.271856e-10 _58445_
 7.206787e-10 0.000000e+00 6.502600e-12 7.271813e-10 _59877_
 7.206775e-10 0.000000e+00 6.502600e-12 7.271801e-10 _59862_
 7.206771e-10 0.000000e+00 6.502600e-12 7.271797e-10 _58212_
 7.206762e-10 0.000000e+00 6.502600e-12 7.271788e-10 _60097_
 7.206757e-10 0.000000e+00 6.502600e-12 7.271783e-10 _59085_
 7.206723e-10 0.000000e+00 6.502600e-12 7.271749e-10 _59307_
 7.206719e-10 0.000000e+00 6.502600e-12 7.271745e-10 _58667_
 7.206709e-10 0.000000e+00 6.502600e-12 7.271735e-10 _59292_
 7.206709e-10 0.000000e+00 6.502600e-12 7.271734e-10 _58258_
 7.206697e-10 0.000000e+00 6.502600e-12 7.271723e-10 _60112_
 7.206695e-10 0.000000e+00 6.502600e-12 7.271721e-10 _59262_
 7.206686e-10 0.000000e+00 6.502600e-12 7.271712e-10 _59277_
 7.206677e-10 0.000000e+00 6.502600e-12 7.271703e-10 _59247_
 7.206669e-10 0.000000e+00 6.502600e-12 7.271694e-10 _59322_
 7.206661e-10 0.000000e+00 6.502600e-12 7.271687e-10 _60060_
 7.206659e-10 0.000000e+00 6.502600e-12 7.271684e-10 _60075_
 7.206655e-10 0.000000e+00 6.502600e-12 7.271681e-10 _60090_
 7.206641e-10 0.000000e+00 6.502600e-12 7.271667e-10 _60045_
 7.206634e-10 0.000000e+00 6.502600e-12 7.271659e-10 _58273_
 7.206628e-10 0.000000e+00 6.502600e-12 7.271653e-10 _60105_
 7.206627e-10 0.000000e+00 6.502600e-12 7.271653e-10 _59790_
 7.206624e-10 0.000000e+00 6.502600e-12 7.271649e-10 _59820_
 7.206598e-10 0.000000e+00 6.502600e-12 7.271624e-10 _60095_
 7.206597e-10 0.000000e+00 6.502600e-12 7.271623e-10 _60065_
 7.206589e-10 0.000000e+00 6.502600e-12 7.271614e-10 _60062_
 7.206588e-10 0.000000e+00 6.502600e-12 7.271614e-10 _60080_
 7.206587e-10 0.000000e+00 6.502600e-12 7.271613e-10 _59958_
 7.206578e-10 0.000000e+00 6.502600e-12 7.271604e-10 _59805_
 7.206574e-10 0.000000e+00 6.502600e-12 7.271600e-10 _60002_
 7.206569e-10 0.000000e+00 6.502600e-12 7.271595e-10 _60110_
 7.206568e-10 0.000000e+00 6.502600e-12 7.271594e-10 _59954_
 7.206568e-10 0.000000e+00 6.502600e-12 7.271594e-10 _60014_
 7.206566e-10 0.000000e+00 6.502600e-12 7.271592e-10 _59226_
 7.206562e-10 0.000000e+00 6.502600e-12 7.271588e-10 _59091_
 7.206559e-10 0.000000e+00 6.502600e-12 7.271584e-10 _59835_
 7.206558e-10 0.000000e+00 6.502600e-12 7.271584e-10 _59969_
 7.206558e-10 0.000000e+00 6.502600e-12 7.271584e-10 _60000_
 7.206552e-10 0.000000e+00 6.502600e-12 7.271578e-10 _59987_
 7.206551e-10 0.000000e+00 6.502600e-12 7.271577e-10 _59897_
 7.206546e-10 0.000000e+00 6.502600e-12 7.271572e-10 _60125_
 7.206545e-10 0.000000e+00 6.502600e-12 7.271571e-10 _59882_
 7.206545e-10 0.000000e+00 6.502600e-12 7.271571e-10 _59942_
 7.206544e-10 0.000000e+00 6.502600e-12 7.271570e-10 _59912_
 7.206540e-10 0.000000e+00 6.502600e-12 7.271566e-10 _58554_
 7.206540e-10 0.000000e+00 6.502600e-12 7.271566e-10 _59984_
 7.206532e-10 0.000000e+00 6.502600e-12 7.271558e-10 _59850_
 7.206530e-10 0.000000e+00 6.502600e-12 7.271556e-10 _58539_
 7.206530e-10 0.000000e+00 6.502600e-12 7.271556e-10 _59720_
 7.206530e-10 0.000000e+00 6.502600e-12 7.271556e-10 _59927_
 7.206528e-10 0.000000e+00 6.502600e-12 7.271554e-10 _59735_
 7.206522e-10 0.000000e+00 6.502600e-12 7.271548e-10 _59972_
 7.206522e-10 0.000000e+00 6.502600e-12 7.271548e-10 _59973_
 7.206518e-10 0.000000e+00 6.502600e-12 7.271544e-10 _59865_
 7.206518e-10 0.000000e+00 6.502600e-12 7.271543e-10 _59943_
 7.206516e-10 0.000000e+00 6.502600e-12 7.271542e-10 _59957_
 7.206516e-10 0.000000e+00 6.502600e-12 7.271542e-10 _59988_
 7.206508e-10 0.000000e+00 6.502600e-12 7.271534e-10 _59928_
 7.206508e-10 0.000000e+00 6.502600e-12 7.271533e-10 _59999_
 7.206507e-10 0.000000e+00 6.502600e-12 7.271533e-10 _58509_
 7.206503e-10 0.000000e+00 6.502600e-12 7.271529e-10 _59913_
 7.206495e-10 0.000000e+00 6.502600e-12 7.271521e-10 _60030_
 7.206493e-10 0.000000e+00 6.502600e-12 7.271519e-10 _59970_
 7.206492e-10 0.000000e+00 6.502600e-12 7.271517e-10 _60015_
 7.206489e-10 0.000000e+00 6.502600e-12 7.271515e-10 _59985_
 7.206454e-10 0.000000e+00 6.502600e-12 7.271480e-10 _58629_
 7.206448e-10 0.000000e+00 6.502600e-12 7.271473e-10 _59717_
 7.206417e-10 0.000000e+00 6.502600e-12 7.271442e-10 _58524_
 7.206397e-10 0.000000e+00 6.502600e-12 7.271422e-10 _58494_
 7.206382e-10 0.000000e+00 6.502600e-12 7.271408e-10 _58644_
 7.206368e-10 0.000000e+00 6.502600e-12 7.271394e-10 _58479_
 7.206356e-10 0.000000e+00 6.502600e-12 7.271382e-10 _58769_
 7.206348e-10 0.000000e+00 6.502600e-12 7.271374e-10 _58790_
 7.206346e-10 0.000000e+00 6.502600e-12 7.271371e-10 _59081_
 7.206339e-10 0.000000e+00 6.502600e-12 7.271365e-10 _58480_
 7.206333e-10 0.000000e+00 6.502600e-12 7.271359e-10 _58465_
 7.206331e-10 0.000000e+00 6.502600e-12 7.271356e-10 _59045_
 7.206317e-10 0.000000e+00 6.502600e-12 7.271343e-10 _59066_
 7.206285e-10 0.000000e+00 6.502600e-12 7.271311e-10 _59519_
 7.206277e-10 0.000000e+00 6.502600e-12 7.271303e-10 _59097_
 7.206276e-10 0.000000e+00 6.502600e-12 7.271301e-10 _59231_
 7.206270e-10 0.000000e+00 6.502600e-12 7.271296e-10 _59540_
 7.206263e-10 0.000000e+00 6.502600e-12 7.271289e-10 _58450_
 7.206256e-10 0.000000e+00 6.502600e-12 7.271282e-10 _59449_
 7.206254e-10 0.000000e+00 6.502600e-12 7.271280e-10 _59530_
 7.206249e-10 0.000000e+00 6.502600e-12 7.271275e-10 _59225_
 7.206248e-10 0.000000e+00 6.502600e-12 7.271274e-10 _58784_
 7.206244e-10 0.000000e+00 6.502600e-12 7.271270e-10 _59075_
 7.206243e-10 0.000000e+00 6.502600e-12 7.271269e-10 _59090_
 7.206243e-10 0.000000e+00 6.502600e-12 7.271269e-10 _59096_
 7.206242e-10 0.000000e+00 6.502600e-12 7.271267e-10 _59039_
 7.206241e-10 0.000000e+00 6.502600e-12 7.271267e-10 _59060_
 7.206235e-10 0.000000e+00 6.502600e-12 7.271261e-10 _59509_
 7.206232e-10 0.000000e+00 6.502600e-12 7.271258e-10 _59464_
 7.206221e-10 0.000000e+00 6.502600e-12 7.271246e-10 _59555_
 7.206198e-10 0.000000e+00 6.502600e-12 7.271224e-10 _59924_
 7.206172e-10 0.000000e+00 6.502600e-12 7.271198e-10 _58435_
 7.206171e-10 0.000000e+00 6.502600e-12 7.271197e-10 _59570_
 7.206160e-10 0.000000e+00 6.502600e-12 7.271186e-10 _59939_
 7.206111e-10 0.000000e+00 6.502600e-12 7.271137e-10 _59082_
 7.206090e-10 0.000000e+00 6.502600e-12 7.271115e-10 _58672_
 7.206085e-10 0.000000e+00 6.502600e-12 7.271111e-10 _58708_
 7.206082e-10 0.000000e+00 6.502600e-12 7.271108e-10 _59253_
 7.206080e-10 0.000000e+00 6.502600e-12 7.271105e-10 _59268_
 7.206078e-10 0.000000e+00 6.502600e-12 7.271104e-10 _59232_
 7.206072e-10 0.000000e+00 6.502600e-12 7.271098e-10 _58693_
 7.206067e-10 0.000000e+00 6.502600e-12 7.271093e-10 _58675_
 7.206059e-10 0.000000e+00 6.502600e-12 7.271084e-10 _58696_
 7.206057e-10 0.000000e+00 6.502600e-12 7.271083e-10 _58711_
 7.206042e-10 0.000000e+00 6.502600e-12 7.271068e-10 _58741_
 7.206034e-10 0.000000e+00 6.502600e-12 7.271060e-10 _58763_
 7.206016e-10 0.000000e+00 6.502600e-12 7.271042e-10 _58726_
 7.205949e-10 0.000000e+00 6.502600e-12 7.270974e-10 _59233_
 7.205940e-10 0.000000e+00 6.502600e-12 7.270965e-10 _59083_
 7.205937e-10 0.000000e+00 6.502600e-12 7.270963e-10 _58748_
 7.205933e-10 0.000000e+00 6.502600e-12 7.270958e-10 _59098_
 7.205915e-10 0.000000e+00 6.502600e-12 7.270941e-10 _59269_
 7.205912e-10 0.000000e+00 6.502600e-12 7.270938e-10 _59254_
 7.205874e-10 0.000000e+00 6.502600e-12 7.270899e-10 _59284_
 7.205844e-10 0.000000e+00 6.502600e-12 7.270869e-10 _58733_
 7.205810e-10 0.000000e+00 6.502600e-12 7.270836e-10 _58598_
 7.205807e-10 0.000000e+00 6.502600e-12 7.270832e-10 _58583_
 7.205803e-10 0.000000e+00 6.502600e-12 7.270829e-10 _58568_
 7.205802e-10 0.000000e+00 6.502600e-12 7.270827e-10 _59299_
 7.205782e-10 0.000000e+00 6.502600e-12 7.270807e-10 _58553_
 7.205770e-10 0.000000e+00 6.502600e-12 7.270796e-10 _58718_
 7.205751e-10 0.000000e+00 6.502600e-12 7.270777e-10 _59601_
 7.205748e-10 0.000000e+00 6.502600e-12 7.270774e-10 _59616_
 7.205747e-10 0.000000e+00 6.502600e-12 7.270773e-10 _58538_
 7.205741e-10 0.000000e+00 6.502600e-12 7.270767e-10 _58549_
 7.205740e-10 0.000000e+00 6.502600e-12 7.270766e-10 _58534_
 7.205738e-10 0.000000e+00 6.502600e-12 7.270764e-10 _58519_
 7.205735e-10 0.000000e+00 6.502600e-12 7.270761e-10 _58504_
 7.205731e-10 0.000000e+00 6.502600e-12 7.270757e-10 _58638_
 7.205728e-10 0.000000e+00 6.502600e-12 7.270754e-10 _58489_
 7.205726e-10 0.000000e+00 6.502600e-12 7.270752e-10 _58474_
 7.205724e-10 0.000000e+00 6.502600e-12 7.270750e-10 _58523_
 7.205723e-10 0.000000e+00 6.502600e-12 7.270748e-10 _58459_
 7.205723e-10 0.000000e+00 6.502600e-12 7.270748e-10 _60017_
 7.205719e-10 0.000000e+00 6.502600e-12 7.270745e-10 _60032_
 7.205714e-10 0.000000e+00 6.502600e-12 7.270740e-10 _59539_
 7.205708e-10 0.000000e+00 6.502600e-12 7.270734e-10 _58703_
 7.205705e-10 0.000000e+00 6.502600e-12 7.270731e-10 _60047_
 7.205697e-10 0.000000e+00 6.502600e-12 7.270723e-10 _58508_
 7.205690e-10 0.000000e+00 6.502600e-12 7.270716e-10 _59518_
 7.205685e-10 0.000000e+00 6.502600e-12 7.270711e-10 _59554_
 7.205680e-10 0.000000e+00 6.502600e-12 7.270706e-10 _59569_
 7.205669e-10 0.000000e+00 6.502600e-12 7.270695e-10 _59295_
 7.205668e-10 0.000000e+00 6.502600e-12 7.270693e-10 _59457_
 7.205660e-10 0.000000e+00 6.502600e-12 7.270686e-10 _60102_
 7.205659e-10 0.000000e+00 6.502600e-12 7.270685e-10 _58493_
 7.205658e-10 0.000000e+00 6.502600e-12 7.270683e-10 _59544_
 7.205657e-10 0.000000e+00 6.502600e-12 7.270682e-10 _59529_
 7.205655e-10 0.000000e+00 6.502600e-12 7.270681e-10 _59035_
 7.205655e-10 0.000000e+00 6.502600e-12 7.270681e-10 _59508_
 7.205654e-10 0.000000e+00 6.502600e-12 7.270680e-10 _58688_
 7.205653e-10 0.000000e+00 6.502600e-12 7.270679e-10 _59448_
 7.205651e-10 0.000000e+00 6.502600e-12 7.270676e-10 _59280_
 7.205644e-10 0.000000e+00 6.502600e-12 7.270670e-10 _59065_
 7.205642e-10 0.000000e+00 6.502600e-12 7.270668e-10 _59463_
 7.205637e-10 0.000000e+00 6.502600e-12 7.270663e-10 _59265_
 7.205633e-10 0.000000e+00 6.502600e-12 7.270659e-10 _58780_
 7.205627e-10 0.000000e+00 6.502600e-12 7.270653e-10 _58759_
 7.205624e-10 0.000000e+00 6.502600e-12 7.270650e-10 _60111_
 7.205619e-10 0.000000e+00 6.502600e-12 7.270645e-10 _60126_
 7.205613e-10 0.000000e+00 6.502600e-12 7.270639e-10 _60141_
 7.205603e-10 0.000000e+00 6.502600e-12 7.270629e-10 _59250_
 7.205586e-10 0.000000e+00 6.502600e-12 7.270612e-10 _60156_
 7.205582e-10 0.000000e+00 6.502600e-12 7.270608e-10 _58239_
 7.205581e-10 0.000000e+00 6.502600e-12 7.270607e-10 _58224_
 7.205580e-10 0.000000e+00 6.502600e-12 7.270606e-10 _58194_
 7.205578e-10 0.000000e+00 6.502600e-12 7.270604e-10 _59043_
 7.205576e-10 0.000000e+00 6.502600e-12 7.270601e-10 _58209_
 7.205576e-10 0.000000e+00 6.502600e-12 7.270601e-10 _59064_
 7.205569e-10 0.000000e+00 6.502600e-12 7.270595e-10 _58788_
 7.205569e-10 0.000000e+00 6.502600e-12 7.270595e-10 _59094_
 7.205568e-10 0.000000e+00 6.502600e-12 7.270594e-10 _59229_
 7.205564e-10 0.000000e+00 6.502600e-12 7.270590e-10 _59079_
 7.205506e-10 0.000000e+00 6.502600e-12 7.270532e-10 _58707_
 7.205502e-10 0.000000e+00 6.502600e-12 7.270528e-10 _59538_
 7.205500e-10 0.000000e+00 6.502600e-12 7.270526e-10 _59517_
 7.205466e-10 0.000000e+00 6.502600e-12 7.270492e-10 _60154_
 7.205464e-10 0.000000e+00 6.502600e-12 7.270490e-10 _59734_
 7.205462e-10 0.000000e+00 6.502600e-12 7.270488e-10 _60169_
 7.205460e-10 0.000000e+00 6.502600e-12 7.270486e-10 _59719_
 7.205452e-10 0.000000e+00 6.502600e-12 7.270478e-10 _58722_
 7.205429e-10 0.000000e+00 6.502600e-12 7.270455e-10 _59472_
 7.205423e-10 0.000000e+00 6.502600e-12 7.270449e-10 _59614_
 7.205408e-10 0.000000e+00 6.502600e-12 7.270434e-10 _59553_
 7.205406e-10 0.000000e+00 6.502600e-12 7.270431e-10 _59442_
 7.205363e-10 0.000000e+00 6.502600e-12 7.270389e-10 _58737_
 7.205290e-10 0.000000e+00 6.502600e-12 7.270316e-10 _58752_
 7.205287e-10 0.000000e+00 6.502600e-12 7.270313e-10 _58767_
 7.205259e-10 0.000000e+00 6.502600e-12 7.270285e-10 _58692_
 7.205254e-10 0.000000e+00 6.502600e-12 7.270279e-10 _59598_
 7.205238e-10 0.000000e+00 6.502600e-12 7.270263e-10 _59613_
 7.205206e-10 0.000000e+00 6.502600e-12 7.270232e-10 _59991_
 7.205201e-10 0.000000e+00 6.502600e-12 7.270227e-10 _60006_
 7.205191e-10 0.000000e+00 6.502600e-12 7.270217e-10 _60021_
 7.205186e-10 0.000000e+00 6.502600e-12 7.270212e-10 _58682_
 7.205186e-10 0.000000e+00 6.502600e-12 7.270212e-10 _58697_
 7.205181e-10 0.000000e+00 6.502600e-12 7.270207e-10 _59874_
 7.205181e-10 0.000000e+00 6.502600e-12 7.270207e-10 _59889_
 7.205178e-10 0.000000e+00 6.502600e-12 7.270204e-10 _60009_
 7.205177e-10 0.000000e+00 6.502600e-12 7.270203e-10 _59859_
 7.205177e-10 0.000000e+00 6.502600e-12 7.270203e-10 _60024_
 7.205176e-10 0.000000e+00 6.502600e-12 7.270202e-10 _59904_
 7.205174e-10 0.000000e+00 6.502600e-12 7.270199e-10 _58661_
 7.205174e-10 0.000000e+00 6.502600e-12 7.270199e-10 _59976_
 7.205173e-10 0.000000e+00 6.502600e-12 7.270199e-10 _59961_
 7.205165e-10 0.000000e+00 6.502600e-12 7.270191e-10 _60039_
 7.205156e-10 0.000000e+00 6.502600e-12 7.270182e-10 _58557_
 7.205152e-10 0.000000e+00 6.502600e-12 7.270178e-10 _58572_
 7.205152e-10 0.000000e+00 6.502600e-12 7.270178e-10 _60054_
 7.205149e-10 0.000000e+00 6.502600e-12 7.270175e-10 _60069_
 7.205148e-10 0.000000e+00 6.502600e-12 7.270173e-10 _58587_
 7.205146e-10 0.000000e+00 6.502600e-12 7.270172e-10 _58602_
 7.205141e-10 0.000000e+00 6.502600e-12 7.270167e-10 _58617_
 7.205132e-10 0.000000e+00 6.502600e-12 7.270158e-10 _59946_
 7.205128e-10 0.000000e+00 6.502600e-12 7.270153e-10 _59886_
 7.205125e-10 0.000000e+00 6.502600e-12 7.270151e-10 _59916_
 7.205123e-10 0.000000e+00 6.502600e-12 7.270149e-10 _59901_
 7.205121e-10 0.000000e+00 6.502600e-12 7.270147e-10 _58632_
 7.205119e-10 0.000000e+00 6.502600e-12 7.270144e-10 _59578_
 7.205118e-10 0.000000e+00 6.502600e-12 7.270143e-10 _58452_
 7.205118e-10 0.000000e+00 6.502600e-12 7.270143e-10 _58467_
 7.205116e-10 0.000000e+00 6.502600e-12 7.270142e-10 _58437_
 7.205114e-10 0.000000e+00 6.502600e-12 7.270139e-10 _59465_
 7.205113e-10 0.000000e+00 6.502600e-12 7.270138e-10 _58422_
 7.205110e-10 0.000000e+00 6.502600e-12 7.270136e-10 _59563_
 7.205083e-10 0.000000e+00 6.502600e-12 7.270108e-10 _59931_
 7.205073e-10 0.000000e+00 6.502600e-12 7.270098e-10 _58702_
 7.205066e-10 0.000000e+00 6.502600e-12 7.270092e-10 _58687_
 7.205032e-10 0.000000e+00 6.502600e-12 7.270058e-10 _59736_
 7.205027e-10 0.000000e+00 6.502600e-12 7.270052e-10 _59751_
 7.205024e-10 0.000000e+00 6.502600e-12 7.270050e-10 _59766_
 7.205022e-10 0.000000e+00 6.502600e-12 7.270048e-10 _58666_
 7.205012e-10 0.000000e+00 6.502600e-12 7.270038e-10 _59608_
 7.205008e-10 0.000000e+00 6.502600e-12 7.270033e-10 _59593_
 7.205003e-10 0.000000e+00 6.502600e-12 7.270028e-10 _59796_
 7.205002e-10 0.000000e+00 6.502600e-12 7.270027e-10 _59781_
 7.204975e-10 0.000000e+00 6.502600e-12 7.270001e-10 _59811_
 7.204937e-10 0.000000e+00 6.502600e-12 7.269962e-10 _59576_
 7.204866e-10 0.000000e+00 6.502600e-12 7.269892e-10 _59591_
 7.204858e-10 0.000000e+00 6.502600e-12 7.269884e-10 _59606_
 7.204841e-10 0.000000e+00 6.502600e-12 7.269866e-10 _60197_
 7.204835e-10 0.000000e+00 6.502600e-12 7.269861e-10 _60195_
 7.204831e-10 0.000000e+00 6.502600e-12 7.269856e-10 _60202_
 7.204822e-10 0.000000e+00 6.502600e-12 7.269848e-10 _60198_
 7.204803e-10 0.000000e+00 6.502600e-12 7.269829e-10 _60287_
 7.204803e-10 0.000000e+00 6.502600e-12 7.269829e-10 _60283_
 7.204801e-10 0.000000e+00 6.502600e-12 7.269827e-10 _60285_
 7.204779e-10 0.000000e+00 6.502600e-12 7.269805e-10 _58623_
 7.204775e-10 0.000000e+00 6.502600e-12 7.269800e-10 _60187_
 7.204774e-10 0.000000e+00 6.502600e-12 7.269800e-10 _60279_
 7.204772e-10 0.000000e+00 6.502600e-12 7.269798e-10 _60191_
 7.204771e-10 0.000000e+00 6.502600e-12 7.269797e-10 _60192_
 7.204770e-10 0.000000e+00 6.502600e-12 7.269796e-10 _58608_
 7.204767e-10 0.000000e+00 6.502600e-12 7.269793e-10 _60281_
 7.204764e-10 0.000000e+00 6.502600e-12 7.269790e-10 _60193_
 7.204757e-10 0.000000e+00 6.502600e-12 7.269783e-10 _58473_
 7.204755e-10 0.000000e+00 6.502600e-12 7.269780e-10 _58488_
 7.204750e-10 0.000000e+00 6.502600e-12 7.269776e-10 _58458_
 7.204731e-10 0.000000e+00 6.502600e-12 7.269756e-10 _60280_
 7.204718e-10 0.000000e+00 6.502600e-12 7.269744e-10 _60253_
 7.204701e-10 0.000000e+00 6.502600e-12 7.269727e-10 _58609_
 7.204678e-10 0.000000e+00 6.502600e-12 7.269704e-10 _58639_
 7.204661e-10 0.000000e+00 6.502600e-12 7.269687e-10 _60200_
 7.204654e-10 0.000000e+00 6.502600e-12 7.269680e-10 _58594_
 7.204653e-10 0.000000e+00 6.502600e-12 7.269679e-10 _59932_
 7.204649e-10 0.000000e+00 6.502600e-12 7.269675e-10 _58624_
 7.204646e-10 0.000000e+00 6.502600e-12 7.269672e-10 _59917_
 7.204644e-10 0.000000e+00 6.502600e-12 7.269670e-10 _59902_
 7.204644e-10 0.000000e+00 6.502600e-12 7.269670e-10 _59947_
 7.204639e-10 0.000000e+00 6.502600e-12 7.269665e-10 _59887_
 7.204636e-10 0.000000e+00 6.502600e-12 7.269662e-10 _60257_
 7.204636e-10 0.000000e+00 6.502600e-12 7.269662e-10 _59872_
 7.204634e-10 0.000000e+00 6.502600e-12 7.269659e-10 _60259_
 7.204625e-10 0.000000e+00 6.502600e-12 7.269651e-10 _60236_
 7.204622e-10 0.000000e+00 6.502600e-12 7.269648e-10 _60255_
 7.204613e-10 0.000000e+00 6.502600e-12 7.269639e-10 _58265_
 7.204610e-10 0.000000e+00 6.502600e-12 7.269636e-10 _58280_
 7.204609e-10 0.000000e+00 6.502600e-12 7.269635e-10 _58310_
 7.204607e-10 0.000000e+00 6.502600e-12 7.269633e-10 _58250_
 7.204605e-10 0.000000e+00 6.502600e-12 7.269630e-10 _58295_
 7.204600e-10 0.000000e+00 6.502600e-12 7.269626e-10 _58325_
 7.204595e-10 0.000000e+00 6.502600e-12 7.269621e-10 _58235_
 7.204584e-10 0.000000e+00 6.502600e-12 7.269609e-10 _58443_
 7.204581e-10 0.000000e+00 6.502600e-12 7.269607e-10 _60276_
 7.204575e-10 0.000000e+00 6.502600e-12 7.269601e-10 _60189_
 7.204574e-10 0.000000e+00 6.502600e-12 7.269600e-10 _58324_
 7.204573e-10 0.000000e+00 6.502600e-12 7.269599e-10 _60278_
 7.204570e-10 0.000000e+00 6.502600e-12 7.269595e-10 _58339_
 7.204569e-10 0.000000e+00 6.502600e-12 7.269595e-10 _58340_
 7.204569e-10 0.000000e+00 6.502600e-12 7.269594e-10 _58354_
 7.204564e-10 0.000000e+00 6.502600e-12 7.269589e-10 _58355_
 7.204564e-10 0.000000e+00 6.502600e-12 7.269589e-10 _58384_
 7.204557e-10 0.000000e+00 6.502600e-12 7.269583e-10 _58369_
 7.204549e-10 0.000000e+00 6.502600e-12 7.269574e-10 _58370_
 7.204544e-10 0.000000e+00 6.502600e-12 7.269570e-10 _58428_
 7.204525e-10 0.000000e+00 6.502600e-12 7.269551e-10 _59344_
 7.204524e-10 0.000000e+00 6.502600e-12 7.269549e-10 _58385_
 7.204501e-10 0.000000e+00 6.502600e-12 7.269527e-10 _60188_
 7.204441e-10 0.000000e+00 6.502600e-12 7.269467e-10 _58444_
 7.204419e-10 0.000000e+00 6.502600e-12 7.269444e-10 _58429_
 7.204070e-10 0.000000e+00 6.502600e-12 7.269096e-10 _58330_
 7.204058e-10 0.000000e+00 6.502600e-12 7.269084e-10 _59763_
 7.204053e-10 0.000000e+00 6.502600e-12 7.269079e-10 _58270_
 7.204049e-10 0.000000e+00 6.502600e-12 7.269075e-10 _59778_
 7.204048e-10 0.000000e+00 6.502600e-12 7.269074e-10 _58285_
 7.204048e-10 0.000000e+00 6.502600e-12 7.269074e-10 _58345_
 7.204048e-10 0.000000e+00 6.502600e-12 7.269074e-10 _59748_
 7.204000e-10 0.000000e+00 6.502600e-12 7.269025e-10 _58255_
 7.203998e-10 0.000000e+00 6.502600e-12 7.269024e-10 _59793_
 7.203990e-10 0.000000e+00 6.502600e-12 7.269016e-10 _58360_
 7.203976e-10 0.000000e+00 6.502600e-12 7.269002e-10 _59808_
 7.203909e-10 0.000000e+00 6.502600e-12 7.268934e-10 _58240_
 7.203905e-10 0.000000e+00 6.502600e-12 7.268931e-10 _60076_
 7.203888e-10 0.000000e+00 6.502600e-12 7.268914e-10 _60061_
 7.203881e-10 0.000000e+00 6.502600e-12 7.268907e-10 _58375_
 7.203816e-10 0.000000e+00 6.502600e-12 7.268842e-10 _58390_
 7.203802e-10 0.000000e+00 6.502600e-12 7.268828e-10 _60046_
 7.203789e-10 0.000000e+00 6.502600e-12 7.268815e-10 _60305_
 7.203784e-10 0.000000e+00 6.502600e-12 7.268810e-10 _60306_
 7.203778e-10 0.000000e+00 6.502600e-12 7.268803e-10 _58405_
 7.203768e-10 0.000000e+00 6.502600e-12 7.268794e-10 _60307_
 7.203750e-10 0.000000e+00 6.502600e-12 7.268776e-10 _60031_
 7.203741e-10 0.000000e+00 6.502600e-12 7.268767e-10 _60315_
 7.203724e-10 0.000000e+00 6.502600e-12 7.268750e-10 _58225_
 7.203719e-10 0.000000e+00 6.502600e-12 7.268745e-10 _60316_
 7.203705e-10 0.000000e+00 6.502600e-12 7.268731e-10 _60317_
 7.203704e-10 0.000000e+00 6.502600e-12 7.268730e-10 _60016_
 7.203702e-10 0.000000e+00 6.502600e-12 7.268727e-10 _59296_
 7.203698e-10 0.000000e+00 6.502600e-12 7.268723e-10 _58695_
 7.203697e-10 0.000000e+00 6.502600e-12 7.268723e-10 _58674_
 7.203697e-10 0.000000e+00 6.502600e-12 7.268723e-10 _59311_
 7.203688e-10 0.000000e+00 6.502600e-12 7.268714e-10 _59326_
 7.203688e-10 0.000000e+00 6.502600e-12 7.268714e-10 _60318_
 7.203683e-10 0.000000e+00 6.502600e-12 7.268708e-10 _58210_
 7.203683e-10 0.000000e+00 6.502600e-12 7.268708e-10 _59347_
 7.203675e-10 0.000000e+00 6.502600e-12 7.268701e-10 _59541_
 7.203672e-10 0.000000e+00 6.502600e-12 7.268697e-10 _59520_
 7.203672e-10 0.000000e+00 6.502600e-12 7.268697e-10 _59571_
 7.203663e-10 0.000000e+00 6.502600e-12 7.268688e-10 _59556_
 7.203648e-10 0.000000e+00 6.502600e-12 7.268674e-10 _58195_
 7.203645e-10 0.000000e+00 6.502600e-12 7.268671e-10 _59791_
 7.203642e-10 0.000000e+00 6.502600e-12 7.268668e-10 _59586_
 7.203610e-10 0.000000e+00 6.502600e-12 7.268636e-10 _60319_
 7.203593e-10 0.000000e+00 6.502600e-12 7.268618e-10 _59806_
 7.203562e-10 0.000000e+00 6.502600e-12 7.268587e-10 _58334_
 7.203562e-10 0.000000e+00 6.502600e-12 7.268587e-10 _58349_
 7.203554e-10 0.000000e+00 6.502600e-12 7.268580e-10 _59821_
 7.203549e-10 0.000000e+00 6.502600e-12 7.268575e-10 _58319_
 7.203548e-10 0.000000e+00 6.502600e-12 7.268574e-10 _58379_
 7.203540e-10 0.000000e+00 6.502600e-12 7.268566e-10 _58364_
 7.203539e-10 0.000000e+00 6.502600e-12 7.268565e-10 _59473_
 7.203533e-10 0.000000e+00 6.502600e-12 7.268559e-10 _59422_
 7.203533e-10 0.000000e+00 6.502600e-12 7.268559e-10 _59870_
 7.203533e-10 0.000000e+00 6.502600e-12 7.268559e-10 _60050_
 7.203531e-10 0.000000e+00 6.502600e-12 7.268557e-10 _60035_
 7.203526e-10 0.000000e+00 6.502600e-12 7.268552e-10 _58306_
 7.203524e-10 0.000000e+00 6.502600e-12 7.268550e-10 _58321_
 7.203518e-10 0.000000e+00 6.502600e-12 7.268544e-10 _58336_
 7.203512e-10 0.000000e+00 6.502600e-12 7.268537e-10 _58229_
 7.203510e-10 0.000000e+00 6.502600e-12 7.268536e-10 _58351_
 7.203509e-10 0.000000e+00 6.502600e-12 7.268535e-10 _58199_
 7.203509e-10 0.000000e+00 6.502600e-12 7.268535e-10 _58214_
 7.203509e-10 0.000000e+00 6.502600e-12 7.268535e-10 _58274_
 7.203508e-10 0.000000e+00 6.502600e-12 7.268534e-10 _58289_
 7.203506e-10 0.000000e+00 6.502600e-12 7.268531e-10 _58304_
 7.203504e-10 0.000000e+00 6.502600e-12 7.268530e-10 _59855_
 7.203484e-10 0.000000e+00 6.502600e-12 7.268510e-10 _59443_
 7.203484e-10 0.000000e+00 6.502600e-12 7.268510e-10 _59458_
 7.203479e-10 0.000000e+00 6.502600e-12 7.268505e-10 _59825_
 7.203479e-10 0.000000e+00 6.502600e-12 7.268505e-10 _58366_
 7.203475e-10 0.000000e+00 6.502600e-12 7.268501e-10 _59836_
 7.203474e-10 0.000000e+00 6.502600e-12 7.268500e-10 _59923_
 7.203468e-10 0.000000e+00 6.502600e-12 7.268494e-10 _59241_
 7.203465e-10 0.000000e+00 6.502600e-12 7.268491e-10 _59908_
 7.203458e-10 0.000000e+00 6.502600e-12 7.268484e-10 _58259_
 7.203457e-10 0.000000e+00 6.502600e-12 7.268483e-10 _59256_
 7.203450e-10 0.000000e+00 6.502600e-12 7.268475e-10 _59953_
 7.203439e-10 0.000000e+00 6.502600e-12 7.268465e-10 _59998_
 7.203439e-10 0.000000e+00 6.502600e-12 7.268465e-10 _60013_
 7.203438e-10 0.000000e+00 6.502600e-12 7.268464e-10 _59840_
 7.203436e-10 0.000000e+00 6.502600e-12 7.268461e-10 _59776_
 7.203433e-10 0.000000e+00 6.502600e-12 7.268459e-10 _58244_
 7.203413e-10 0.000000e+00 6.502600e-12 7.268439e-10 _58381_
 7.203405e-10 0.000000e+00 6.502600e-12 7.268431e-10 _59309_
 7.203396e-10 0.000000e+00 6.502600e-12 7.268422e-10 _59810_
 7.203385e-10 0.000000e+00 6.502600e-12 7.268411e-10 _58566_
 7.203378e-10 0.000000e+00 6.502600e-12 7.268404e-10 _59220_
 7.203367e-10 0.000000e+00 6.502600e-12 7.268393e-10 _59271_
 7.203366e-10 0.000000e+00 6.502600e-12 7.268391e-10 _58365_
 7.203360e-10 0.000000e+00 6.502600e-12 7.268386e-10 _58184_
 7.203358e-10 0.000000e+00 6.502600e-12 7.268384e-10 _60066_
 7.203358e-10 0.000000e+00 6.502600e-12 7.268384e-10 _58551_
 7.203356e-10 0.000000e+00 6.502600e-12 7.268382e-10 _60036_
 7.203356e-10 0.000000e+00 6.502600e-12 7.268381e-10 _58536_
 7.203346e-10 0.000000e+00 6.502600e-12 7.268372e-10 _60051_
 7.203332e-10 0.000000e+00 6.502600e-12 7.268358e-10 _58581_
 7.203329e-10 0.000000e+00 6.502600e-12 7.268355e-10 _60081_
 7.203307e-10 0.000000e+00 6.502600e-12 7.268333e-10 _59795_
 7.203307e-10 0.000000e+00 6.502600e-12 7.268333e-10 _60096_
 7.203292e-10 0.000000e+00 6.502600e-12 7.268318e-10 _59780_
 7.203292e-10 0.000000e+00 6.502600e-12 7.268318e-10 _60043_
 7.203290e-10 0.000000e+00 6.502600e-12 7.268315e-10 _59274_
 7.203290e-10 0.000000e+00 6.502600e-12 7.268315e-10 _59289_
 7.203283e-10 0.000000e+00 6.502600e-12 7.268309e-10 _59765_
 7.203276e-10 0.000000e+00 6.502600e-12 7.268302e-10 _60028_
 7.203242e-10 0.000000e+00 6.502600e-12 7.268268e-10 _59827_
 7.203237e-10 0.000000e+00 6.502600e-12 7.268263e-10 _58220_
 7.203235e-10 0.000000e+00 6.502600e-12 7.268260e-10 _59812_
 7.203235e-10 0.000000e+00 6.502600e-12 7.268260e-10 _59857_
 7.203232e-10 0.000000e+00 6.502600e-12 7.268258e-10 _58205_
 7.203232e-10 0.000000e+00 6.502600e-12 7.268258e-10 _59945_
 7.203228e-10 0.000000e+00 6.502600e-12 7.268254e-10 _59750_
 7.203228e-10 0.000000e+00 6.502600e-12 7.268254e-10 _59842_
 7.203223e-10 0.000000e+00 6.502600e-12 7.268249e-10 _58296_
 7.203220e-10 0.000000e+00 6.502600e-12 7.268245e-10 _58190_
 7.203194e-10 0.000000e+00 6.502600e-12 7.268219e-10 _59900_
 7.203192e-10 0.000000e+00 6.502600e-12 7.268218e-10 _59885_
 7.203190e-10 0.000000e+00 6.502600e-12 7.268215e-10 _59915_
 7.203189e-10 0.000000e+00 6.502600e-12 7.268215e-10 _59960_
 7.203184e-10 0.000000e+00 6.502600e-12 7.268209e-10 _60020_
 7.203182e-10 0.000000e+00 6.502600e-12 7.268208e-10 _59930_
 7.203181e-10 0.000000e+00 6.502600e-12 7.268207e-10 _58311_
 7.203179e-10 0.000000e+00 6.502600e-12 7.268204e-10 _60058_
 7.203171e-10 0.000000e+00 6.502600e-12 7.268197e-10 _58358_
 7.203162e-10 0.000000e+00 6.502600e-12 7.268188e-10 _58326_
 7.203156e-10 0.000000e+00 6.502600e-12 7.268182e-10 _59975_
 7.203154e-10 0.000000e+00 6.502600e-12 7.268180e-10 _58343_
 7.203148e-10 0.000000e+00 6.502600e-12 7.268174e-10 _58374_
 7.203143e-10 0.000000e+00 6.502600e-12 7.268168e-10 _58389_
 7.203141e-10 0.000000e+00 6.502600e-12 7.268167e-10 _58251_
 7.203140e-10 0.000000e+00 6.502600e-12 7.268166e-10 _58238_
 7.203138e-10 0.000000e+00 6.502600e-12 7.268164e-10 _58298_
 7.203136e-10 0.000000e+00 6.502600e-12 7.268162e-10 _58266_
 7.203131e-10 0.000000e+00 6.502600e-12 7.268157e-10 _58404_
 7.203129e-10 0.000000e+00 6.502600e-12 7.268155e-10 _59348_
 7.203129e-10 0.000000e+00 6.502600e-12 7.268154e-10 _58328_
 7.203126e-10 0.000000e+00 6.502600e-12 7.268152e-10 _59990_
 7.203124e-10 0.000000e+00 6.502600e-12 7.268149e-10 _60005_
 7.203122e-10 0.000000e+00 6.502600e-12 7.268148e-10 _59444_
 7.203116e-10 0.000000e+00 6.502600e-12 7.268142e-10 _59423_
 7.203110e-10 0.000000e+00 6.502600e-12 7.268136e-10 _58281_
 7.203106e-10 0.000000e+00 6.502600e-12 7.268132e-10 _58373_
 7.203106e-10 0.000000e+00 6.502600e-12 7.268132e-10 _58388_
 7.203105e-10 0.000000e+00 6.502600e-12 7.268131e-10 _58403_
 7.203101e-10 0.000000e+00 6.502600e-12 7.268127e-10 _59327_
 7.203095e-10 0.000000e+00 6.502600e-12 7.268121e-10 _58283_
 7.203085e-10 0.000000e+00 6.502600e-12 7.268111e-10 _58313_
 7.203080e-10 0.000000e+00 6.502600e-12 7.268106e-10 _59310_
 7.203079e-10 0.000000e+00 6.502600e-12 7.268105e-10 _58208_
 7.203078e-10 0.000000e+00 6.502600e-12 7.268103e-10 _58193_
 7.203066e-10 0.000000e+00 6.502600e-12 7.268092e-10 _59421_
 7.203063e-10 0.000000e+00 6.502600e-12 7.268088e-10 _59346_
 7.203059e-10 0.000000e+00 6.502600e-12 7.268084e-10 _59325_
 7.203046e-10 0.000000e+00 6.502600e-12 7.268072e-10 _59312_
 7.203040e-10 0.000000e+00 6.502600e-12 7.268066e-10 _58268_
 7.203008e-10 0.000000e+00 6.502600e-12 7.268034e-10 _60201_
 7.202995e-10 0.000000e+00 6.502600e-12 7.268021e-10 _60199_
 7.202988e-10 0.000000e+00 6.502600e-12 7.268013e-10 _60178_
 7.202983e-10 0.000000e+00 6.502600e-12 7.268008e-10 _59297_
 7.202967e-10 0.000000e+00 6.502600e-12 7.267992e-10 _60219_
 7.202961e-10 0.000000e+00 6.502600e-12 7.267987e-10 _59459_
 7.202957e-10 0.000000e+00 6.502600e-12 7.267983e-10 _59474_
 7.202938e-10 0.000000e+00 6.502600e-12 7.267963e-10 _59282_
 7.202930e-10 0.000000e+00 6.502600e-12 7.267956e-10 _58253_
 7.202912e-10 0.000000e+00 6.502600e-12 7.267938e-10 _60173_
 7.202907e-10 0.000000e+00 6.502600e-12 7.267933e-10 _60174_
 7.202896e-10 0.000000e+00 6.502600e-12 7.267921e-10 _58223_
 7.202869e-10 0.000000e+00 6.502600e-12 7.267895e-10 _58294_
 7.202864e-10 0.000000e+00 6.502600e-12 7.267890e-10 _59252_
 7.202863e-10 0.000000e+00 6.502600e-12 7.267889e-10 _58305_
 7.202862e-10 0.000000e+00 6.502600e-12 7.267887e-10 _58309_
 7.202856e-10 0.000000e+00 6.502600e-12 7.267881e-10 _58275_
 7.202856e-10 0.000000e+00 6.502600e-12 7.267881e-10 _58290_
 7.202849e-10 0.000000e+00 6.502600e-12 7.267875e-10 _60175_
 7.202841e-10 0.000000e+00 6.502600e-12 7.267866e-10 _58260_
 7.202831e-10 0.000000e+00 6.502600e-12 7.267857e-10 _58234_
 7.202831e-10 0.000000e+00 6.502600e-12 7.267856e-10 _58264_
 7.202830e-10 0.000000e+00 6.502600e-12 7.267856e-10 _58249_
 7.202830e-10 0.000000e+00 6.502600e-12 7.267856e-10 _58279_
 7.202829e-10 0.000000e+00 6.502600e-12 7.267855e-10 _59267_
 7.202822e-10 0.000000e+00 6.502600e-12 7.267847e-10 _58185_
 7.202819e-10 0.000000e+00 6.502600e-12 7.267845e-10 _58200_
 7.202819e-10 0.000000e+00 6.502600e-12 7.267845e-10 _58245_
 7.202808e-10 0.000000e+00 6.502600e-12 7.267834e-10 _58215_
 7.202807e-10 0.000000e+00 6.502600e-12 7.267833e-10 _59415_
 7.202802e-10 0.000000e+00 6.502600e-12 7.267828e-10 _58230_
 7.202799e-10 0.000000e+00 6.502600e-12 7.267825e-10 _59436_
 7.202792e-10 0.000000e+00 6.502600e-12 7.267817e-10 _58761_
 7.202784e-10 0.000000e+00 6.502600e-12 7.267810e-10 _58746_
 7.202778e-10 0.000000e+00 6.502600e-12 7.267804e-10 _58731_
 7.202769e-10 0.000000e+00 6.502600e-12 7.267795e-10 _58701_
 7.202767e-10 0.000000e+00 6.502600e-12 7.267793e-10 _60176_
 7.202767e-10 0.000000e+00 6.502600e-12 7.267792e-10 _58716_
 7.202747e-10 0.000000e+00 6.502600e-12 7.267772e-10 _60186_
 7.202736e-10 0.000000e+00 6.502600e-12 7.267762e-10 _60078_
 7.202732e-10 0.000000e+00 6.502600e-12 7.267758e-10 _60093_
 7.202729e-10 0.000000e+00 6.502600e-12 7.267755e-10 _60177_
 7.202727e-10 0.000000e+00 6.502600e-12 7.267753e-10 _58690_
 7.202720e-10 0.000000e+00 6.502600e-12 7.267746e-10 _58720_
 7.202720e-10 0.000000e+00 6.502600e-12 7.267746e-10 _60108_
 7.202719e-10 0.000000e+00 6.502600e-12 7.267745e-10 _58705_
 7.202711e-10 0.000000e+00 6.502600e-12 7.267737e-10 _58669_
 7.202675e-10 0.000000e+00 6.502600e-12 7.267701e-10 _60123_
 7.202398e-10 0.000000e+00 6.502600e-12 7.267424e-10 _58254_
 7.202398e-10 0.000000e+00 6.502600e-12 7.267424e-10 _58613_
 7.202389e-10 0.000000e+00 6.502600e-12 7.267415e-10 _58300_
 7.202386e-10 0.000000e+00 6.502600e-12 7.267412e-10 _58315_
 7.202382e-10 0.000000e+00 6.502600e-12 7.267408e-10 _58643_
 7.202347e-10 0.000000e+00 6.502600e-12 7.267373e-10 _58628_
 7.202330e-10 0.000000e+00 6.502600e-12 7.267356e-10 _58478_
 7.202327e-10 0.000000e+00 6.502600e-12 7.267353e-10 _60194_
 7.202294e-10 0.000000e+00 6.502600e-12 7.267320e-10 _58637_
 7.202289e-10 0.000000e+00 6.502600e-12 7.267315e-10 _58463_
 7.202272e-10 0.000000e+00 6.502600e-12 7.267297e-10 _58448_
 7.202262e-10 0.000000e+00 6.502600e-12 7.267288e-10 _58433_
 7.202237e-10 0.000000e+00 6.502600e-12 7.267263e-10 _58518_
 7.202182e-10 0.000000e+00 6.502600e-12 7.267207e-10 _58563_
 7.202173e-10 0.000000e+00 6.502600e-12 7.267199e-10 _58578_
 7.202173e-10 0.000000e+00 6.502600e-12 7.267199e-10 _58593_
 7.202100e-10 0.000000e+00 6.502600e-12 7.267126e-10 _58640_
 7.202097e-10 0.000000e+00 6.502600e-12 7.267123e-10 _58327_
 7.202092e-10 0.000000e+00 6.502600e-12 7.267118e-10 _58312_
 7.202078e-10 0.000000e+00 6.502600e-12 7.267104e-10 _58297_
 7.202078e-10 0.000000e+00 6.502600e-12 7.267104e-10 _58387_
 7.202072e-10 0.000000e+00 6.502600e-12 7.267098e-10 _58372_
 7.202069e-10 0.000000e+00 6.502600e-12 7.267095e-10 _58663_
 7.202064e-10 0.000000e+00 6.502600e-12 7.267090e-10 _58282_
 7.202051e-10 0.000000e+00 6.502600e-12 7.267076e-10 _60297_
 7.202048e-10 0.000000e+00 6.502600e-12 7.267074e-10 _60292_
 7.202043e-10 0.000000e+00 6.502600e-12 7.267069e-10 _60291_
 7.202039e-10 0.000000e+00 6.502600e-12 7.267065e-10 _58267_
 7.202022e-10 0.000000e+00 6.502600e-12 7.267048e-10 _58192_
 7.202021e-10 0.000000e+00 6.502600e-12 7.267047e-10 _58252_
 7.201990e-10 0.000000e+00 6.502600e-12 7.267016e-10 _59240_
 7.201976e-10 0.000000e+00 6.502600e-12 7.267001e-10 _59255_
 7.201970e-10 0.000000e+00 6.502600e-12 7.266995e-10 _58207_
 7.201968e-10 0.000000e+00 6.502600e-12 7.266994e-10 _59270_
 7.201961e-10 0.000000e+00 6.502600e-12 7.266987e-10 _60295_
 7.201946e-10 0.000000e+00 6.502600e-12 7.266972e-10 _58222_
 7.201941e-10 0.000000e+00 6.502600e-12 7.266967e-10 _60290_
 7.201937e-10 0.000000e+00 6.502600e-12 7.266963e-10 _60296_
 7.201928e-10 0.000000e+00 6.502600e-12 7.266954e-10 _60289_
 7.201905e-10 0.000000e+00 6.502600e-12 7.266931e-10 _59995_
 7.201904e-10 0.000000e+00 6.502600e-12 7.266929e-10 _60010_
 7.201902e-10 0.000000e+00 6.502600e-12 7.266928e-10 _60025_
 7.201899e-10 0.000000e+00 6.502600e-12 7.266925e-10 _60040_
 7.201879e-10 0.000000e+00 6.502600e-12 7.266905e-10 _59797_
 7.201875e-10 0.000000e+00 6.502600e-12 7.266901e-10 _59752_
 7.201874e-10 0.000000e+00 6.502600e-12 7.266900e-10 _59259_
 7.201874e-10 0.000000e+00 6.502600e-12 7.266900e-10 _59304_
 7.201870e-10 0.000000e+00 6.502600e-12 7.266895e-10 _59088_
 7.201869e-10 0.000000e+00 6.502600e-12 7.266895e-10 _59244_
 7.201869e-10 0.000000e+00 6.502600e-12 7.266894e-10 _60298_
 7.201862e-10 0.000000e+00 6.502600e-12 7.266888e-10 _59223_
 7.201855e-10 0.000000e+00 6.502600e-12 7.266880e-10 _59323_
 7.201780e-10 0.000000e+00 6.502600e-12 7.266806e-10 _59293_
 7.201761e-10 0.000000e+00 6.502600e-12 7.266787e-10 _60299_
 7.201756e-10 0.000000e+00 6.502600e-12 7.266782e-10 _59782_
 7.201698e-10 0.000000e+00 6.502600e-12 7.266723e-10 _59767_
 7.201696e-10 0.000000e+00 6.502600e-12 7.266722e-10 _59263_
 7.201695e-10 0.000000e+00 6.502600e-12 7.266721e-10 _59227_
 7.201690e-10 0.000000e+00 6.502600e-12 7.266716e-10 _59248_
 7.201684e-10 0.000000e+00 6.502600e-12 7.266709e-10 _59278_
 7.201680e-10 0.000000e+00 6.502600e-12 7.266706e-10 _58546_
 7.201679e-10 0.000000e+00 6.502600e-12 7.266704e-10 _58561_
 7.201668e-10 0.000000e+00 6.502600e-12 7.266693e-10 _58591_
 7.201664e-10 0.000000e+00 6.502600e-12 7.266690e-10 _58576_
 7.201655e-10 0.000000e+00 6.502600e-12 7.266681e-10 _59755_
 7.201654e-10 0.000000e+00 6.502600e-12 7.266679e-10 _60300_
 7.201648e-10 0.000000e+00 6.502600e-12 7.266673e-10 _58288_
 7.201640e-10 0.000000e+00 6.502600e-12 7.266666e-10 _58303_
 7.201640e-10 0.000000e+00 6.502600e-12 7.266666e-10 _58333_
 7.201628e-10 0.000000e+00 6.502600e-12 7.266653e-10 _59308_
 7.201588e-10 0.000000e+00 6.502600e-12 7.266614e-10 _59740_
 7.201580e-10 0.000000e+00 6.502600e-12 7.266606e-10 _60301_
 7.201574e-10 0.000000e+00 6.502600e-12 7.266600e-10 _58318_
 7.201572e-10 0.000000e+00 6.502600e-12 7.266597e-10 _58779_
 7.201564e-10 0.000000e+00 6.502600e-12 7.266590e-10 _58431_
 7.201557e-10 0.000000e+00 6.502600e-12 7.266583e-10 _58243_
 7.201555e-10 0.000000e+00 6.502600e-12 7.266581e-10 _58228_
 7.201553e-10 0.000000e+00 6.502600e-12 7.266579e-10 _59242_
 7.201547e-10 0.000000e+00 6.502600e-12 7.266572e-10 _58758_
 7.201538e-10 0.000000e+00 6.502600e-12 7.266563e-10 _58378_
 7.201524e-10 0.000000e+00 6.502600e-12 7.266550e-10 _59287_
 7.201522e-10 0.000000e+00 6.502600e-12 7.266547e-10 _58393_
 7.201516e-10 0.000000e+00 6.502600e-12 7.266542e-10 _59272_
 7.201515e-10 0.000000e+00 6.502600e-12 7.266541e-10 _59802_
 7.201513e-10 0.000000e+00 6.502600e-12 7.266538e-10 _58337_
 7.201511e-10 0.000000e+00 6.502600e-12 7.266537e-10 _58352_
 7.201506e-10 0.000000e+00 6.502600e-12 7.266532e-10 _58367_
 7.201500e-10 0.000000e+00 6.502600e-12 7.266526e-10 _59257_
 7.201499e-10 0.000000e+00 6.502600e-12 7.266525e-10 _58382_
 7.201492e-10 0.000000e+00 6.502600e-12 7.266518e-10 _58397_
 7.201487e-10 0.000000e+00 6.502600e-12 7.266512e-10 _58217_
 7.201486e-10 0.000000e+00 6.502600e-12 7.266512e-10 _58202_
 7.201474e-10 0.000000e+00 6.502600e-12 7.266500e-10 _58743_
 7.201378e-10 0.000000e+00 6.502600e-12 7.266404e-10 _58721_
 7.201373e-10 0.000000e+00 6.502600e-12 7.266399e-10 _58736_
 7.201366e-10 0.000000e+00 6.502600e-12 7.266391e-10 _58751_
 7.201351e-10 0.000000e+00 6.502600e-12 7.266376e-10 _59839_
 7.201342e-10 0.000000e+00 6.502600e-12 7.266368e-10 _59824_
 7.201339e-10 0.000000e+00 6.502600e-12 7.266365e-10 _59944_
 7.201336e-10 0.000000e+00 6.502600e-12 7.266362e-10 _59989_
 7.201335e-10 0.000000e+00 6.502600e-12 7.266360e-10 _59959_
 7.201330e-10 0.000000e+00 6.502600e-12 7.266356e-10 _59974_
 7.201330e-10 0.000000e+00 6.502600e-12 7.266355e-10 _59042_
 7.201330e-10 0.000000e+00 6.502600e-12 7.266355e-10 _59228_
 7.201327e-10 0.000000e+00 6.502600e-12 7.266353e-10 _59093_
 7.201311e-10 0.000000e+00 6.502600e-12 7.266336e-10 _60004_
 7.201299e-10 0.000000e+00 6.502600e-12 7.266325e-10 _59078_
 7.201270e-10 0.000000e+00 6.502600e-12 7.266295e-10 _59063_
 7.201213e-10 0.000000e+00 6.502600e-12 7.266239e-10 _58204_
 7.201213e-10 0.000000e+00 6.502600e-12 7.266239e-10 _60019_
 7.201205e-10 0.000000e+00 6.502600e-12 7.266230e-10 _58189_
 7.201174e-10 0.000000e+00 6.502600e-12 7.266200e-10 _58515_
 7.201124e-10 0.000000e+00 6.502600e-12 7.266149e-10 _58545_
 7.201123e-10 0.000000e+00 6.502600e-12 7.266149e-10 _58530_
 7.201099e-10 0.000000e+00 6.502600e-12 7.266125e-10 _58500_
 7.201078e-10 0.000000e+00 6.502600e-12 7.266104e-10 _58485_
 7.201046e-10 0.000000e+00 6.502600e-12 7.266072e-10 _58470_
 7.200969e-10 0.000000e+00 6.502600e-12 7.265994e-10 _58560_
 7.200963e-10 0.000000e+00 6.502600e-12 7.265989e-10 _58455_
 7.200942e-10 0.000000e+00 6.502600e-12 7.265968e-10 _58440_
 7.200878e-10 0.000000e+00 6.502600e-12 7.265903e-10 _58425_
 7.200789e-10 0.000000e+00 6.502600e-12 7.265815e-10 _58575_
 7.200787e-10 0.000000e+00 6.502600e-12 7.265813e-10 _58605_
 7.200774e-10 0.000000e+00 6.502600e-12 7.265800e-10 _60092_
 7.200771e-10 0.000000e+00 6.502600e-12 7.265797e-10 _58569_
 7.200762e-10 0.000000e+00 6.502600e-12 7.265788e-10 _58584_
 7.200749e-10 0.000000e+00 6.502600e-12 7.265775e-10 _58599_
 7.200749e-10 0.000000e+00 6.502600e-12 7.265775e-10 _59777_
 7.200744e-10 0.000000e+00 6.502600e-12 7.265770e-10 _58590_
 7.200744e-10 0.000000e+00 6.502600e-12 7.265770e-10 _59762_
 7.200743e-10 0.000000e+00 6.502600e-12 7.265769e-10 _59903_
 7.200742e-10 0.000000e+00 6.502600e-12 7.265767e-10 _59792_
 7.200739e-10 0.000000e+00 6.502600e-12 7.265765e-10 _58464_
 7.200739e-10 0.000000e+00 6.502600e-12 7.265765e-10 _59888_
 7.200734e-10 0.000000e+00 6.502600e-12 7.265760e-10 _59873_
 7.200732e-10 0.000000e+00 6.502600e-12 7.265758e-10 _58614_
 7.200732e-10 0.000000e+00 6.502600e-12 7.265757e-10 _59858_
 7.200731e-10 0.000000e+00 6.502600e-12 7.265757e-10 _59747_
 7.200729e-10 0.000000e+00 6.502600e-12 7.265755e-10 _58449_
 7.200727e-10 0.000000e+00 6.502600e-12 7.265752e-10 _59319_
 7.200725e-10 0.000000e+00 6.502600e-12 7.265751e-10 _59843_
 7.200724e-10 0.000000e+00 6.502600e-12 7.265750e-10 _59340_
 7.200722e-10 0.000000e+00 6.502600e-12 7.265748e-10 _59732_
 7.200719e-10 0.000000e+00 6.502600e-12 7.265745e-10 _58434_
 7.200714e-10 0.000000e+00 6.502600e-12 7.265740e-10 _58525_
 7.200712e-10 0.000000e+00 6.502600e-12 7.265738e-10 _58510_
 7.200709e-10 0.000000e+00 6.502600e-12 7.265735e-10 _59828_
 7.200707e-10 0.000000e+00 6.502600e-12 7.265732e-10 _59037_
 7.200702e-10 0.000000e+00 6.502600e-12 7.265728e-10 _60083_
 7.200692e-10 0.000000e+00 6.502600e-12 7.265718e-10 _60038_
 7.200680e-10 0.000000e+00 6.502600e-12 7.265706e-10 _59058_
 7.200675e-10 0.000000e+00 6.502600e-12 7.265701e-10 _60053_
 7.200675e-10 0.000000e+00 6.502600e-12 7.265701e-10 _60068_
 7.200671e-10 0.000000e+00 6.502600e-12 7.265696e-10 _58495_
 7.200662e-10 0.000000e+00 6.502600e-12 7.265688e-10 _59328_
 7.200657e-10 0.000000e+00 6.502600e-12 7.265683e-10 _59313_
 7.200656e-10 0.000000e+00 6.502600e-12 7.265682e-10 _58739_
 7.200646e-10 0.000000e+00 6.502600e-12 7.265672e-10 _58754_
 7.200637e-10 0.000000e+00 6.502600e-12 7.265663e-10 _59073_
 7.200635e-10 0.000000e+00 6.502600e-12 7.265660e-10 _59737_
 7.200617e-10 0.000000e+00 6.502600e-12 7.265643e-10 _58724_
 7.200613e-10 0.000000e+00 6.502600e-12 7.265639e-10 _59783_
 7.200613e-10 0.000000e+00 6.502600e-12 7.265639e-10 _59798_
 7.200613e-10 0.000000e+00 6.502600e-12 7.265639e-10 _59813_
 7.200580e-10 0.000000e+00 6.502600e-12 7.265605e-10 _59283_
 7.200559e-10 0.000000e+00 6.502600e-12 7.265585e-10 _59298_
 7.200535e-10 0.000000e+00 6.502600e-12 7.265560e-10 _59077_
 7.200532e-10 0.000000e+00 6.502600e-12 7.265558e-10 _59062_
 7.200532e-10 0.000000e+00 6.502600e-12 7.265558e-10 _59092_
 7.200529e-10 0.000000e+00 6.502600e-12 7.265555e-10 _59041_
 7.200526e-10 0.000000e+00 6.502600e-12 7.265552e-10 _59600_
 7.200516e-10 0.000000e+00 6.502600e-12 7.265542e-10 _59067_
 7.200495e-10 0.000000e+00 6.502600e-12 7.265520e-10 _58786_
 7.200486e-10 0.000000e+00 6.502600e-12 7.265512e-10 _59046_
 7.200482e-10 0.000000e+00 6.502600e-12 7.265508e-10 _58765_
 7.200477e-10 0.000000e+00 6.502600e-12 7.265503e-10 _58673_
 7.200468e-10 0.000000e+00 6.502600e-12 7.265494e-10 _58782_
 7.200465e-10 0.000000e+00 6.502600e-12 7.265491e-10 _58750_
 7.200463e-10 0.000000e+00 6.502600e-12 7.265489e-10 _58694_
 7.200458e-10 0.000000e+00 6.502600e-12 7.265484e-10 _58791_
 7.200456e-10 0.000000e+00 6.502600e-12 7.265482e-10 _58735_
 7.200364e-10 0.000000e+00 6.502600e-12 7.265390e-10 _58709_
 7.200346e-10 0.000000e+00 6.502600e-12 7.265372e-10 _58770_
 7.200340e-10 0.000000e+00 6.502600e-12 7.265366e-10 _59301_
 7.200333e-10 0.000000e+00 6.502600e-12 7.265358e-10 _58521_
 7.200329e-10 0.000000e+00 6.502600e-12 7.265355e-10 _59286_
 7.200326e-10 0.000000e+00 6.502600e-12 7.265352e-10 _58596_
 7.200319e-10 0.000000e+00 6.502600e-12 7.265345e-10 _58506_
 7.200318e-10 0.000000e+00 6.502600e-12 7.265343e-10 _58611_
 7.200314e-10 0.000000e+00 6.502600e-12 7.265339e-10 _58626_
 7.200298e-10 0.000000e+00 6.502600e-12 7.265324e-10 _58641_
 7.200295e-10 0.000000e+00 6.502600e-12 7.265321e-10 _58491_
 7.200289e-10 0.000000e+00 6.502600e-12 7.265314e-10 _58476_
 7.200271e-10 0.000000e+00 6.502600e-12 7.265297e-10 _58446_
 7.200236e-10 0.000000e+00 6.502600e-12 7.265262e-10 _58461_
 7.200094e-10 0.000000e+00 6.502600e-12 7.265120e-10 _59338_
 7.200061e-10 0.000000e+00 6.502600e-12 7.265086e-10 _59317_
 7.200041e-10 0.000000e+00 6.502600e-12 7.265067e-10 _59302_
 7.199927e-10 0.000000e+00 6.502600e-12 7.264953e-10 _58552_
 7.199925e-10 0.000000e+00 6.502600e-12 7.264951e-10 _58570_
 7.199925e-10 0.000000e+00 6.502600e-12 7.264950e-10 _58567_
 7.199917e-10 0.000000e+00 6.502600e-12 7.264943e-10 _58540_
 7.199913e-10 0.000000e+00 6.502600e-12 7.264939e-10 _58555_
 7.199908e-10 0.000000e+00 6.502600e-12 7.264934e-10 _59965_
 7.199901e-10 0.000000e+00 6.502600e-12 7.264926e-10 _58582_
 7.199882e-10 0.000000e+00 6.502600e-12 7.264908e-10 _58597_
 7.199838e-10 0.000000e+00 6.502600e-12 7.264864e-10 _60127_
 7.199836e-10 0.000000e+00 6.502600e-12 7.264862e-10 _58537_
 7.199835e-10 0.000000e+00 6.502600e-12 7.264861e-10 _58522_
 7.199816e-10 0.000000e+00 6.502600e-12 7.264842e-10 _58507_
 7.199811e-10 0.000000e+00 6.502600e-12 7.264837e-10 _59980_
 7.199777e-10 0.000000e+00 6.502600e-12 7.264803e-10 _60142_
 7.199714e-10 0.000000e+00 6.502600e-12 7.264740e-10 _60157_
 7.199691e-10 0.000000e+00 6.502600e-12 7.264717e-10 _59419_
 7.199676e-10 0.000000e+00 6.502600e-12 7.264702e-10 _58492_
 7.199676e-10 0.000000e+00 6.502600e-12 7.264702e-10 _59440_
 4.544042e-11 6.703478e-10 1.818300e-12 7.176065e-10 _28110_
 4.522648e-11 6.169182e-10 1.818300e-12 6.639630e-10 _29066_
 4.524840e-11 6.075521e-10 1.818300e-12 6.546188e-10 _29070_
 4.528623e-11 5.996909e-10 1.818300e-12 6.467954e-10 _29078_
 4.542438e-11 5.901739e-10 1.818300e-12 6.374166e-10 _28102_
 4.544462e-11 5.523739e-10 1.818300e-12 5.996368e-10 _53413_
 4.543199e-11 5.512259e-10 1.818300e-12 5.984762e-10 _28106_
