     Internal    Switching      Leakage        Total
        Power        Power        Power        Power (Watts)
----------------------------------------------------
 5.013346e-06 6.605617e-06 8.917419e-12 1.161897e-05 _54293_
 5.020458e-06 5.096138e-06 8.905633e-12 1.011660e-05 _54299_
 5.022837e-06 4.242730e-06 8.917419e-12 9.265576e-06 _54288_
 5.021972e-06 4.115753e-06 8.892520e-12 9.137734e-06 _54296_
 5.025575e-06 3.970013e-06 8.917419e-12 8.995597e-06 _54305_
 5.023822e-06 3.955471e-06 8.917419e-12 8.979302e-06 _54289_
 4.688283e-06 4.206289e-06 8.917419e-12 8.894582e-06 _54292_
 4.860406e-06 3.812240e-06 8.915256e-12 8.672655e-06 _54335_
 5.025964e-06 3.273829e-06 8.913933e-12 8.299802e-06 _54283_
 4.700956e-06 3.596222e-06 8.917419e-12 8.297186e-06 _54287_
 4.696720e-06 3.463055e-06 8.913624e-12 8.159784e-06 _54330_
 5.027227e-06 3.082776e-06 8.905633e-12 8.110012e-06 _54297_
 4.694522e-06 3.353902e-06 8.909953e-12 8.048432e-06 _54308_
 4.695936e-06 3.306796e-06 8.909953e-12 8.002740e-06 _54291_
 5.027469e-06 2.950636e-06 8.917419e-12 7.978114e-06 _54300_
 4.859395e-06 2.815434e-06 8.915256e-12 7.674837e-06 _54333_
 5.480179e-06 2.007325e-06 1.187713e-11 7.487516e-06 _56013_
 5.478026e-06 1.934725e-06 1.187713e-11 7.412763e-06 _55394_
 4.700210e-06 2.596581e-06 8.917419e-12 7.296801e-06 _54285_
 4.860561e-06 2.416816e-06 8.912310e-12 7.277386e-06 _54319_
 4.790027e-06 2.449312e-06 8.917539e-12 7.239348e-06 _54336_
 4.615578e-06 2.564759e-06 8.916876e-12 7.180346e-06 _54343_
 4.697438e-06 2.423011e-06 8.917000e-12 7.120459e-06 _54339_
 4.883463e-06 2.223638e-06 8.599252e-12 7.107110e-06 _54295_
 4.607322e-06 2.356853e-06 8.912310e-12 6.964185e-06 _54334_
 4.368377e-06 2.557767e-06 8.909953e-12 6.926153e-06 _54307_
 4.698129e-06 2.179125e-06 8.909953e-12 6.877263e-06 _54303_
 5.472926e-06 1.404240e-06 1.187713e-11 6.877178e-06 _55171_
 5.471530e-06 1.404689e-06 1.187713e-11 6.876231e-06 _55280_
 4.366625e-06 2.485203e-06 8.909953e-12 6.851837e-06 _54294_
 5.471618e-06 1.276159e-06 1.187713e-11 6.747789e-06 _55601_
 5.469274e-06 1.201291e-06 1.187713e-11 6.670577e-06 _56555_
 4.695642e-06 1.940823e-06 8.874594e-12 6.636475e-06 _57805_
 5.472262e-06 1.132361e-06 1.187713e-11 6.604635e-06 _56549_
 4.534217e-06 2.052733e-06 8.908160e-12 6.586959e-06 _54338_
 4.714024e-06 1.842783e-06 8.601473e-12 6.556816e-06 _54320_
 5.474425e-06 1.077121e-06 1.187713e-11 6.551558e-06 _55902_
 4.713700e-06 1.829357e-06 8.604999e-12 6.543066e-06 _54337_
 5.462537e-06 1.031059e-06 1.187713e-11 6.493608e-06 _55060_
 4.619475e-06 1.856773e-06 8.917000e-12 6.476258e-06 _54323_
 4.708326e-06 1.708176e-06 8.296641e-12 6.416510e-06 _54312_
 4.239555e-06 2.116818e-06 8.897869e-12 6.356383e-06 _57970_
 4.612256e-06 1.722426e-06 8.915008e-12 6.334691e-06 _54342_
 4.713366e-06 1.577482e-06 8.570500e-12 6.290857e-06 _54332_
 4.603958e-06 1.627951e-06 8.601473e-12 6.231918e-06 _54327_
 4.767637e-06 1.453853e-06 8.593896e-12 6.221499e-06 _54317_
 4.370793e-06 1.794135e-06 8.909953e-12 6.164937e-06 _54290_
 4.599795e-06 1.534340e-06 8.590759e-12 6.134144e-06 _54316_
 4.368087e-06 1.762872e-06 8.909953e-12 6.130967e-06 _54309_
 4.708402e-06 1.379167e-06 8.361450e-12 6.087577e-06 _54311_
 4.547350e-06 1.522688e-06 8.607302e-12 6.070047e-06 _54322_
 4.602967e-06 1.291762e-06 8.604999e-12 5.894738e-06 _54340_
 4.406550e-06 1.483046e-06 8.911310e-12 5.889605e-06 _57292_
 4.711550e-06 1.141198e-06 8.361450e-12 5.852757e-06 _54298_
 4.320076e-06 1.510844e-06 8.909953e-12 5.830929e-06 _57290_
 4.656684e-06 1.168793e-06 8.604999e-12 5.825486e-06 _54341_
 4.803700e-06 9.498693e-07 8.361450e-12 5.753578e-06 _58153_
 4.659232e-06 1.088152e-06 8.601473e-12 5.747392e-06 _54326_
 5.400161e-06 3.362733e-07 8.386528e-12 5.736443e-06 _57935_
 4.348419e-06 1.381384e-06 8.910648e-12 5.729812e-06 _57291_
 4.620510e-06 1.073868e-06 8.305810e-12 5.694386e-06 _54321_
 4.435934e-06 1.238625e-06 8.607721e-12 5.674568e-06 _57305_
 4.349187e-06 1.316409e-06 8.909953e-12 5.665605e-06 _57295_
 4.896567e-06 7.484664e-07 8.386528e-12 5.645041e-06 _53780_
 4.524682e-06 1.049180e-06 8.386528e-12 5.573871e-06 _54313_
 4.773898e-06 7.915292e-07 8.386528e-12 5.565435e-06 _53699_
 4.324221e-06 1.232640e-06 8.911310e-12 5.556870e-06 _57296_
 4.628921e-06 9.264181e-07 8.323233e-12 5.555347e-06 _54325_
 4.241757e-06 1.289490e-06 8.904147e-12 5.531257e-06 _57289_
 4.532576e-06 9.871437e-07 8.287167e-12 5.519727e-06 _54324_
 4.528619e-06 9.902676e-07 8.212297e-12 5.518895e-06 _54301_
 4.896036e-06 6.204120e-07 8.386528e-12 5.516456e-06 _53732_
 4.527880e-06 9.820195e-07 8.368178e-12 5.509908e-06 _54331_
 4.323353e-06 1.185461e-06 8.910648e-12 5.508823e-06 _57297_
 4.763341e-06 7.283699e-07 1.187713e-11 5.491723e-06 _55395_
 4.912764e-06 5.776345e-07 8.397235e-12 5.490407e-06 _53776_
 4.778648e-06 7.040620e-07 8.386528e-12 5.482719e-06 _53779_
 4.894784e-06 5.865842e-07 8.374599e-12 5.481376e-06 _56649_
 4.761891e-06 7.016531e-07 1.187713e-11 5.463556e-06 _56014_
 4.402527e-06 1.045757e-06 8.608160e-12 5.448293e-06 _57313_
 4.762848e-06 6.825560e-07 1.187713e-11 5.445416e-06 _55281_
 4.542454e-06 8.918303e-07 8.593896e-12 5.434294e-06 _54315_
 4.892602e-06 5.336445e-07 8.386528e-12 5.426255e-06 _58146_
 4.763575e-06 6.604152e-07 1.187713e-11 5.424002e-06 _55172_
 4.344735e-06 1.078346e-06 8.603763e-12 5.423090e-06 _57287_
 4.742586e-06 6.776514e-07 8.386528e-12 5.420246e-06 _53618_
 4.422749e-06 9.853484e-07 8.608471e-12 5.408106e-06 _57306_
 4.701421e-06 7.051591e-07 8.414988e-12 5.406589e-06 _53769_
 4.241865e-06 1.157554e-06 8.906835e-12 5.399428e-06 _57288_
 4.695697e-06 6.995078e-07 8.386528e-12 5.395213e-06 _53710_
 4.890228e-06 5.025746e-07 8.374599e-12 5.392811e-06 _58125_
 4.746002e-06 6.356174e-07 8.386528e-12 5.381627e-06 _53781_
 4.805958e-06 5.709288e-07 8.374599e-12 5.376895e-06 _53756_
 4.269107e-06 1.102050e-06 8.913624e-12 5.371166e-06 _57294_
 4.381537e-06 9.763959e-07 8.608477e-12 5.357941e-06 _57307_
 4.889503e-06 4.594656e-07 8.386528e-12 5.348976e-06 _58082_
 4.413992e-06 9.220649e-07 8.231479e-12 5.336065e-06 _57308_
 4.432530e-06 9.007156e-07 8.570500e-12 5.333254e-06 _57641_
 4.384325e-06 9.245391e-07 8.599758e-12 5.308873e-06 _57302_
 4.654702e-06 6.498005e-07 8.361450e-12 5.304511e-06 _53773_
 4.561472e-06 7.157667e-07 8.386528e-12 5.277248e-06 _53777_
 4.900911e-06 3.719712e-07 8.397235e-12 5.272891e-06 _56586_
 4.881344e-06 3.896393e-07 8.386528e-12 5.270991e-06 _53748_
 4.743517e-06 5.258379e-07 8.386528e-12 5.269363e-06 _58128_
 4.926602e-06 3.156342e-07 8.377375e-12 5.242245e-06 _56729_
 4.209944e-06 1.030327e-06 8.909224e-12 5.240280e-06 _57286_
 4.885590e-06 3.518491e-07 8.374599e-12 5.237447e-06 _53775_
 4.878913e-06 3.297514e-07 8.374599e-12 5.208673e-06 _58061_
 4.798500e-06 4.010761e-07 8.361450e-12 5.199584e-06 _53595_
 4.802330e-06 3.949071e-07 8.361450e-12 5.197246e-06 _53771_
 4.796108e-06 3.965554e-07 8.374599e-12 5.192672e-06 _53772_
 4.684276e-06 4.898153e-07 8.347078e-12 5.174099e-06 _56580_
 4.880153e-06 2.929874e-07 8.374599e-12 5.173149e-06 _53567_
 4.701642e-06 4.713144e-07 8.386528e-12 5.172964e-06 _53774_
 4.754721e-06 4.137164e-07 1.187713e-11 5.168449e-06 _56556_
 4.527843e-06 6.401831e-07 8.235214e-12 5.168034e-06 _54314_
 4.894550e-06 2.714568e-07 8.397235e-12 5.166015e-06 _56682_
 4.794103e-06 3.630263e-07 8.361450e-12 5.157137e-06 _58105_
 4.754714e-06 3.911339e-07 1.187713e-11 5.145859e-06 _56550_
 4.753911e-06 3.869255e-07 1.187713e-11 5.140848e-06 _55602_
 4.795308e-06 3.404421e-07 8.374599e-12 5.135758e-06 _53628_
 4.877200e-06 2.555164e-07 8.374599e-12 5.132724e-06 _53663_
 4.686805e-06 4.433710e-07 8.347078e-12 5.130184e-06 _53770_
 4.399969e-06 7.207836e-07 8.608107e-12 5.120762e-06 _57312_
 4.755766e-06 3.568087e-07 1.187713e-11 5.112587e-06 _55903_
 4.875203e-06 2.365943e-07 8.374599e-12 5.111805e-06 _56585_
 4.874209e-06 2.374735e-07 8.374599e-12 5.111691e-06 _56569_
 4.891299e-06 2.157350e-07 8.397235e-12 5.107042e-06 _56650_
 4.876193e-06 2.296133e-07 8.374599e-12 5.105814e-06 _53695_
 4.746487e-06 3.573641e-07 1.187713e-11 5.103863e-06 _55061_
 4.737896e-06 3.637578e-07 8.386528e-12 5.101662e-06 _53778_
 4.871744e-06 2.236591e-07 8.374599e-12 5.095411e-06 _58141_
 4.872989e-06 2.158226e-07 8.374599e-12 5.088820e-06 _53583_
 4.873880e-06 2.116864e-07 8.374599e-12 5.085575e-06 _56617_
 4.818729e-06 2.644665e-07 8.369179e-12 5.083204e-06 _56725_
 4.735225e-06 3.460944e-07 8.386528e-12 5.081327e-06 _53666_
 4.871294e-06 2.093521e-07 8.374599e-12 5.080654e-06 _53599_
 4.884953e-06 1.954702e-07 8.397235e-12 5.080432e-06 _53664_
 4.886622e-06 1.934922e-07 8.397235e-12 5.080123e-06 _58126_
 4.886606e-06 1.919605e-07 8.397235e-12 5.078575e-06 _58078_
 4.873622e-06 2.042954e-07 8.386528e-12 5.077925e-06 _56574_
 4.868271e-06 1.997892e-07 8.386528e-12 5.068069e-06 _53764_
 4.868857e-06 1.980239e-07 8.374599e-12 5.066889e-06 _56633_
 4.868487e-06 1.983158e-07 8.386528e-12 5.066811e-06 _58162_
 4.534336e-06 5.299190e-07 8.296641e-12 5.064263e-06 _54286_
 4.870341e-06 1.919904e-07 8.386528e-12 5.062340e-06 _56702_
 4.321716e-06 7.393021e-07 8.608250e-12 5.061027e-06 _54344_
 4.869645e-06 1.886150e-07 8.374599e-12 5.058268e-06 _53631_
 4.880683e-06 1.762165e-07 8.397235e-12 5.056908e-06 _56570_
 4.880785e-06 1.750958e-07 8.397235e-12 5.055889e-06 _58110_
 4.893545e-06 1.620170e-07 8.390066e-12 5.055570e-06 _56734_
 4.868548e-06 1.864953e-07 8.386528e-12 5.055052e-06 _56686_
 4.869744e-06 1.852046e-07 8.374599e-12 5.054957e-06 _56665_
 4.901021e-06 1.532230e-07 8.394705e-12 5.054252e-06 _56730_
 4.868302e-06 1.856013e-07 8.374599e-12 5.053912e-06 _53743_
 4.881976e-06 1.701729e-07 8.397235e-12 5.052157e-06 _56714_
 4.791459e-06 2.568536e-07 8.361450e-12 5.048321e-06 _53659_
 4.791159e-06 2.553549e-07 8.374599e-12 5.046522e-06 _56646_
 4.867024e-06 1.789362e-07 8.374599e-12 5.045968e-06 _53647_
 4.868738e-06 1.769379e-07 8.386528e-12 5.045684e-06 _58114_
 4.865477e-06 1.796481e-07 8.374599e-12 5.045133e-06 _56601_
 4.880355e-06 1.628503e-07 8.397235e-12 5.043214e-06 _56698_
 4.880087e-06 1.619921e-07 8.397235e-12 5.042087e-06 _53760_
 4.867711e-06 1.737978e-07 8.386528e-12 5.041517e-06 _56638_
 4.866624e-06 1.740714e-07 8.374599e-12 5.040704e-06 _53615_
 4.879973e-06 1.601445e-07 8.397235e-12 5.040126e-06 _58094_
 4.867266e-06 1.711003e-07 8.374599e-12 5.038375e-06 _56681_
 3.945268e-06 1.092537e-06 8.876905e-12 5.037814e-06 _57976_
 4.878542e-06 1.589851e-07 8.397235e-12 5.037536e-06 _53632_
 4.867083e-06 1.698958e-07 8.386528e-12 5.036987e-06 _53588_
 4.878137e-06 1.569406e-07 8.397235e-12 5.035086e-06 _53648_
 4.877848e-06 1.571892e-07 8.397235e-12 5.035046e-06 _53600_
 4.879189e-06 1.554755e-07 8.397235e-12 5.034673e-06 _56634_
 4.789406e-06 2.431753e-07 8.374599e-12 5.032590e-06 _56630_
 4.866057e-06 1.661565e-07 8.374599e-12 5.032222e-06 _58109_
 4.789029e-06 2.415037e-07 8.374599e-12 5.030541e-06 _56598_
 4.790480e-06 2.392665e-07 8.374599e-12 5.029754e-06 _53676_
 4.876732e-06 1.526616e-07 8.397235e-12 5.029402e-06 _53680_
 4.354367e-06 6.745605e-07 8.277386e-12 5.028935e-06 _57240_
 4.863136e-06 1.639754e-07 8.374599e-12 5.027120e-06 _53679_
 4.876658e-06 1.501355e-07 8.397235e-12 5.026802e-06 _53584_
 4.735627e-06 2.890434e-07 8.386528e-12 5.024679e-06 _53685_
 4.864587e-06 1.600176e-07 8.374599e-12 5.024613e-06 _53727_
 4.876655e-06 1.476782e-07 8.397235e-12 5.024342e-06 _53696_
 4.876352e-06 1.473321e-07 8.397235e-12 5.023692e-06 _58158_
 4.876090e-06 1.469399e-07 8.397235e-12 5.023038e-06 _53568_
 4.649892e-06 3.721594e-07 8.361450e-12 5.022059e-06 _58155_
 4.875944e-06 1.455303e-07 8.397235e-12 5.021483e-06 _53616_
 4.864837e-06 1.558439e-07 8.374599e-12 5.020689e-06 _56697_
 4.878199e-06 1.420605e-07 8.397235e-12 5.020268e-06 _56602_
 4.864776e-06 1.548892e-07 8.386528e-12 5.019674e-06 _53700_
 4.863849e-06 1.551860e-07 8.386528e-12 5.019044e-06 _56622_
 4.877520e-06 1.398376e-07 8.397235e-12 5.017366e-06 _56618_
 4.865402e-06 1.515196e-07 8.386528e-12 5.016930e-06 _53668_
 4.862670e-06 1.540547e-07 8.374599e-12 5.016733e-06 _58157_
 4.862761e-06 1.519106e-07 8.374599e-12 5.014680e-06 _58093_
 4.863306e-06 1.503122e-07 8.386528e-12 5.013627e-06 _58130_
 4.875744e-06 1.372194e-07 8.397235e-12 5.012972e-06 _53744_
 4.875612e-06 1.359999e-07 8.397235e-12 5.011620e-06 _53728_
 4.863944e-06 1.461486e-07 8.386528e-12 5.010100e-06 _53620_
 4.863033e-06 1.466677e-07 8.386528e-12 5.009709e-06 _56718_
 4.864322e-06 1.452282e-07 8.386528e-12 5.009559e-06 _53652_
 4.875588e-06 1.336160e-07 8.397235e-12 5.009212e-06 _58062_
 4.864037e-06 1.443378e-07 8.386528e-12 5.008383e-06 _53684_
 4.872983e-06 1.341697e-07 8.397235e-12 5.007161e-06 _58142_
 4.789470e-06 2.168410e-07 8.361450e-12 5.006319e-06 _53627_
 4.862678e-06 1.434975e-07 8.386528e-12 5.006183e-06 _53636_
 4.860377e-06 1.454009e-07 8.374599e-12 5.005786e-06 _53711_
 4.873778e-06 1.307640e-07 8.397235e-12 5.004551e-06 _53712_
 4.873365e-06 1.310547e-07 8.397235e-12 5.004427e-06 _56666_
 4.861749e-06 1.417160e-07 8.386528e-12 5.003473e-06 _56654_
 4.859755e-06 1.426329e-07 8.374599e-12 5.002396e-06 _56713_
 4.733902e-06 2.672242e-07 8.386528e-12 5.001134e-06 _56652_
 4.861554e-06 1.381760e-07 8.386528e-12 4.999738e-06 _56606_
 4.860914e-06 1.381394e-07 8.386528e-12 4.999062e-06 _53604_
 4.181414e-06 8.176100e-07 8.910648e-12 4.999033e-06 _57293_
 4.860306e-06 1.376070e-07 8.386528e-12 4.997921e-06 _53572_
 4.789723e-06 2.063621e-07 8.374599e-12 4.996093e-06 _56678_
 4.860885e-06 1.339770e-07 8.386528e-12 4.994871e-06 _53716_
 4.338184e-06 6.561921e-07 8.235214e-12 4.994385e-06 _57311_
 4.859909e-06 1.338213e-07 8.386528e-12 4.993738e-06 _58066_
 4.858011e-06 1.351065e-07 8.386528e-12 4.993126e-06 _58098_
 4.858746e-06 1.339025e-07 8.374599e-12 4.992657e-06 _53759_
 4.859245e-06 1.307238e-07 8.386528e-12 4.989977e-06 _56590_
 4.858844e-06 1.307955e-07 8.386528e-12 4.989648e-06 _56670_
 4.688545e-06 2.997435e-07 8.414988e-12 4.988297e-06 _56659_
 4.690960e-06 2.931409e-07 8.386528e-12 4.984110e-06 _56680_
 4.855503e-06 1.279834e-07 8.374599e-12 4.983494e-06 _58077_
 4.786630e-06 1.948684e-07 8.374599e-12 4.981507e-06 _56662_
 4.784555e-06 1.963923e-07 8.361450e-12 4.980956e-06 _53611_
 4.784958e-06 1.918534e-07 8.374599e-12 4.976819e-06 _58058_
 4.732443e-06 2.424681e-07 8.386528e-12 4.974919e-06 _58080_
 4.786522e-06 1.881321e-07 8.374599e-12 4.974663e-06 _53660_
 4.688185e-06 2.859798e-07 8.414988e-12 4.974173e-06 _58103_
 4.782187e-06 1.918739e-07 8.374599e-12 4.974069e-06 _53692_
 4.781857e-06 1.912092e-07 8.361450e-12 4.973074e-06 _56709_
 3.944841e-06 1.026925e-06 8.876905e-12 4.971776e-06 _57980_
 4.290773e-06 6.809850e-07 8.605754e-12 4.971767e-06 _57812_
 4.784813e-06 1.861584e-07 8.374599e-12 4.970980e-06 _58154_
 4.731394e-06 2.370487e-07 8.386528e-12 4.968451e-06 _58131_
 4.781402e-06 1.862218e-07 8.374599e-12 4.967632e-06 _56582_
 4.290781e-06 6.745211e-07 8.605754e-12 4.965311e-06 _57813_
 4.782384e-06 1.818933e-07 8.361450e-12 4.964286e-06 _58089_
 4.782447e-06 1.783523e-07 8.361450e-12 4.960807e-06 _53579_
 4.731819e-06 2.275673e-07 8.386528e-12 4.959395e-06 _56655_
 4.053112e-06 9.014922e-07 8.883231e-12 4.954613e-06 _57986_
 4.782522e-06 1.691090e-07 8.374599e-12 4.951639e-06 _58138_
 4.780081e-06 1.689825e-07 8.361450e-12 4.949072e-06 _56597_
 4.778287e-06 1.701513e-07 8.374599e-12 4.948447e-06 _56614_
 4.802856e-06 1.454780e-07 8.384777e-12 4.948342e-06 _56726_
 4.782456e-06 1.656071e-07 8.361450e-12 4.948071e-06 _53691_
 4.778794e-06 1.654627e-07 8.374599e-12 4.944265e-06 _56566_
 4.782567e-06 1.612412e-07 8.374599e-12 4.943816e-06 _53740_
 4.781458e-06 1.621819e-07 8.361450e-12 4.943648e-06 _58137_
 4.780318e-06 1.617505e-07 8.374599e-12 4.942076e-06 _58090_
 4.778179e-06 1.600599e-07 8.374599e-12 4.938247e-06 _53708_
 4.780934e-06 1.562301e-07 8.374599e-12 4.937172e-06 _56710_
 4.729704e-06 2.073152e-07 8.386528e-12 4.937027e-06 _56572_
 4.323881e-06 6.130892e-07 8.204386e-12 4.936978e-06 _57788_
 4.756330e-06 1.795921e-07 8.386528e-12 4.935930e-06 _53763_
 4.291910e-06 6.427674e-07 8.212297e-12 4.934685e-06 _57310_
 4.756294e-06 1.775885e-07 8.386528e-12 4.933891e-06 _53683_
 4.729742e-06 2.040337e-07 8.386528e-12 4.933784e-06 _53765_
 4.777777e-06 1.549987e-07 8.361450e-12 4.932784e-06 _56565_
 4.686877e-06 2.458635e-07 8.386528e-12 4.932749e-06 _56632_
 4.726834e-06 2.042913e-07 8.386528e-12 4.931133e-06 _58096_
 3.945701e-06 9.846653e-07 8.876905e-12 4.930376e-06 _57975_
 4.754995e-06 1.744049e-07 8.386528e-12 4.929408e-06 _56717_
 4.778109e-06 1.509300e-07 8.361450e-12 4.929047e-06 _53643_
 4.777809e-06 1.497933e-07 8.374599e-12 4.927610e-06 _53564_
 4.775837e-06 1.497517e-07 8.361450e-12 4.925597e-06 _56693_
 4.797920e-06 1.273055e-07 8.391836e-12 4.925234e-06 _56733_
 4.234350e-06 6.907395e-07 8.608160e-12 4.925098e-06 _57314_
 4.775441e-06 1.488946e-07 8.361450e-12 4.924344e-06 _53563_
 4.776859e-06 1.464875e-07 8.374599e-12 4.923354e-06 _53644_
 4.778612e-06 1.436563e-07 8.361450e-12 4.922276e-06 _53739_
 4.777848e-06 1.397861e-07 8.374599e-12 4.917642e-06 _56694_
 4.775469e-06 1.418971e-07 8.361450e-12 4.917375e-06 _56677_
 4.774835e-06 1.411276e-07 8.361450e-12 4.915971e-06 _58057_
 4.451971e-06 4.632853e-07 8.310098e-12 4.915265e-06 _56766_
 4.728500e-06 1.853309e-07 8.386528e-12 4.913839e-06 _58083_
 4.775996e-06 1.373384e-07 8.361450e-12 4.913342e-06 _56629_
 4.775508e-06 1.367184e-07 8.361450e-12 4.912235e-06 _56661_
 4.776271e-06 1.341621e-07 8.374599e-12 4.910441e-06 _53596_
 4.774101e-06 1.355729e-07 8.361450e-12 4.909683e-06 _58073_
 4.308321e-06 6.005201e-07 8.604826e-12 4.908850e-06 _57309_
 4.752286e-06 1.534547e-07 8.386528e-12 4.905749e-06 _58129_
 4.776083e-06 1.295139e-07 8.361450e-12 4.905605e-06 _53755_
 4.774592e-06 1.308551e-07 8.361450e-12 4.905455e-06 _56613_
 4.775286e-06 1.299192e-07 8.374599e-12 4.905214e-06 _53612_
 4.775611e-06 1.295287e-07 8.374599e-12 4.905148e-06 _58122_
 4.775296e-06 1.295592e-07 8.361450e-12 4.904863e-06 _53707_
 4.727743e-06 1.769656e-07 8.386528e-12 4.904717e-06 _56588_
 4.382089e-06 5.223999e-07 8.263871e-12 4.904497e-06 _57238_
 3.941846e-06 9.625059e-07 8.876905e-12 4.904361e-06 _57978_
 4.752285e-06 1.513359e-07 8.386528e-12 4.903629e-06 _58065_
 4.772327e-06 1.293182e-07 8.374599e-12 4.901653e-06 _58074_
 4.774352e-06 1.260481e-07 8.374599e-12 4.900409e-06 _58106_
 4.772032e-06 1.271902e-07 8.361450e-12 4.899230e-06 _56581_
 4.751381e-06 1.477696e-07 8.386528e-12 4.899159e-06 _58113_
 3.940791e-06 9.572886e-07 8.876905e-12 4.898088e-06 _57983_
 4.756357e-06 1.416439e-07 8.386528e-12 4.898009e-06 _53635_
 4.724242e-06 1.729108e-07 8.386528e-12 4.897161e-06 _53701_
 4.756485e-06 1.401384e-07 8.386528e-12 4.896632e-06 _53619_
 4.750349e-06 1.454984e-07 8.386528e-12 4.895856e-06 _56701_
 4.773201e-06 1.209395e-07 8.361450e-12 4.894149e-06 _56645_
 4.726873e-06 1.669093e-07 8.386528e-12 4.893790e-06 _56671_
 4.771984e-06 1.204451e-07 8.361450e-12 4.892438e-06 _53675_
 4.773348e-06 1.190385e-07 8.374599e-12 4.892394e-06 _53580_
 4.750936e-06 1.414335e-07 8.386528e-12 4.892378e-06 _53587_
 4.773977e-06 1.183221e-07 8.361450e-12 4.892307e-06 _53723_
 4.687001e-06 2.052285e-07 8.386528e-12 4.892237e-06 _53758_
 4.748554e-06 1.423216e-07 8.386528e-12 4.890884e-06 _58097_
 4.750339e-06 1.393465e-07 8.386528e-12 4.889694e-06 _53747_
 4.771347e-06 1.179493e-07 8.374599e-12 4.889304e-06 _53724_
 4.767883e-06 1.204571e-07 8.361450e-12 4.888348e-06 _58121_
 4.684267e-06 1.997681e-07 8.386528e-12 4.884043e-06 _56712_
 4.748246e-06 1.343844e-07 8.386528e-12 4.882639e-06 _56637_
 4.685703e-06 1.968147e-07 8.414988e-12 4.882526e-06 _53753_
 4.685915e-06 1.956414e-07 8.386528e-12 4.881564e-06 _53646_
 4.047105e-06 8.342588e-07 8.883231e-12 4.881373e-06 _54304_
 4.724763e-06 1.553742e-07 8.386528e-12 4.880145e-06 _53637_
 4.722862e-06 1.570814e-07 8.386528e-12 4.879952e-06 _53717_
 4.349072e-06 5.305861e-07 8.214798e-12 4.879666e-06 _56750_
 4.723097e-06 1.563041e-07 8.386528e-12 4.879410e-06 _58115_
 4.641548e-06 2.370588e-07 8.361450e-12 4.878615e-06 _53581_
 4.413494e-06 4.649029e-07 8.272532e-12 4.878405e-06 _56762_
 4.723903e-06 1.541259e-07 8.386528e-12 4.878037e-06 _53586_
 4.748455e-06 1.288362e-07 8.386528e-12 4.877299e-06 _56573_
 4.748839e-06 1.282215e-07 8.386528e-12 4.877069e-06 _53571_
 4.671612e-06 2.048737e-07 8.347078e-12 4.876494e-06 _56692_
 4.718427e-06 1.580213e-07 8.386528e-12 4.876456e-06 _53682_
 4.722317e-06 1.534078e-07 8.386528e-12 4.875732e-06 _53749_
 4.720329e-06 1.550624e-07 8.406602e-12 4.875400e-06 _56723_
 4.686358e-06 1.862372e-07 8.414988e-12 4.872604e-06 _56707_
 4.759707e-06 1.128665e-07 8.390066e-12 4.872582e-06 _56732_
 4.720853e-06 1.509458e-07 8.386528e-12 4.871807e-06 _53589_
 4.385571e-06 4.850634e-07 8.263871e-12 4.870643e-06 _57214_
 4.745622e-06 1.230930e-07 8.386528e-12 4.868723e-06 _56621_
 4.751951e-06 1.167383e-07 8.386528e-12 4.868697e-06 _53651_
 4.720946e-06 1.467169e-07 8.386528e-12 4.867672e-06 _53733_
 4.721644e-06 1.454158e-07 8.386528e-12 4.867069e-06 _56700_
 4.745510e-06 1.208752e-07 8.386528e-12 4.866393e-06 _56589_
 4.746675e-06 1.186844e-07 8.386528e-12 4.865368e-06 _53603_
 4.746127e-06 1.190074e-07 8.386528e-12 4.865143e-06 _58145_
 4.719590e-06 1.450095e-07 8.386528e-12 4.864608e-06 _53650_
 4.746857e-06 1.177068e-07 8.386528e-12 4.864572e-06 _53731_
 4.729693e-06 1.335987e-07 8.384759e-12 4.863300e-06 _56728_
 4.719011e-06 1.441101e-07 8.386528e-12 4.863130e-06 _53762_
 4.745811e-06 1.166843e-07 8.386528e-12 4.862504e-06 _56685_
 4.743371e-06 1.190839e-07 8.386528e-12 4.862463e-06 _53715_
 4.717372e-06 1.447363e-07 8.386528e-12 4.862117e-06 _53634_
 4.671142e-06 1.894570e-07 8.347078e-12 4.860607e-06 _53578_
 4.745246e-06 1.149626e-07 8.386528e-12 4.860217e-06 _53667_
 4.745877e-06 1.140517e-07 8.386528e-12 4.859936e-06 _58161_
 4.721201e-06 1.386172e-07 8.386528e-12 4.859826e-06 _53570_
 4.717733e-06 1.413919e-07 8.386528e-12 4.859133e-06 _53714_
 4.744640e-06 1.141547e-07 8.386528e-12 4.858803e-06 _56669_
 4.718932e-06 1.397306e-07 8.386528e-12 4.858671e-06 _56639_
 4.744627e-06 1.138543e-07 8.386528e-12 4.858490e-06 _56653_
 4.721205e-06 1.371401e-07 8.386528e-12 4.858353e-06 _58160_
 4.744187e-06 1.135794e-07 8.386528e-12 4.857774e-06 _56605_
 4.742981e-06 1.143645e-07 8.386528e-12 4.857354e-06 _58081_
 4.681897e-06 1.747086e-07 8.386528e-12 4.856613e-06 _53678_
 4.529540e-06 3.255027e-07 8.296641e-12 4.855051e-06 _54284_
 4.717445e-06 1.370244e-07 8.386528e-12 4.854478e-06 _53573_
 4.720489e-06 1.338960e-07 8.386528e-12 4.854393e-06 _56668_
 4.716701e-06 1.375712e-07 8.386528e-12 4.854281e-06 _53698_
 4.081186e-06 7.719144e-07 8.910648e-12 4.853109e-06 _57298_
 4.639988e-06 2.129882e-07 8.361450e-12 4.852985e-06 _58107_
 4.719596e-06 1.312315e-07 8.386528e-12 4.850836e-06 _53602_
 4.637966e-06 2.128607e-07 8.361450e-12 4.850835e-06 _53597_
 4.719554e-06 1.293961e-07 8.386528e-12 4.848958e-06 _56604_
 4.717220e-06 1.286852e-07 8.386528e-12 4.845914e-06 _58099_
 4.682129e-06 1.635817e-07 8.414988e-12 4.845719e-06 _53625_
 4.718817e-06 1.257597e-07 8.386528e-12 4.844585e-06 _53653_
 3.941153e-06 9.032026e-07 8.876905e-12 4.844364e-06 _57982_
 4.718967e-06 1.253743e-07 8.386528e-12 4.844350e-06 _56607_
 4.719197e-06 1.247603e-07 8.386528e-12 4.843966e-06 _53669_
 4.682423e-06 1.589207e-07 8.386528e-12 4.841351e-06 _53582_
 4.716083e-06 1.244831e-07 8.386528e-12 4.840575e-06 _56703_
 4.715807e-06 1.235754e-07 8.386528e-12 4.839391e-06 _58144_
 4.714686e-06 1.245052e-07 8.386528e-12 4.839200e-06 _53730_
 4.415908e-06 4.230949e-07 8.270697e-12 4.839011e-06 _57037_
 4.716358e-06 1.224799e-07 8.386528e-12 4.838846e-06 _58064_
 4.678388e-06 1.599229e-07 8.386528e-12 4.838319e-06 _53694_
 4.681705e-06 1.565630e-07 8.414988e-12 4.838277e-06 _53705_
 4.677199e-06 1.583112e-07 8.386528e-12 4.835518e-06 _53726_
 4.715538e-06 1.198569e-07 8.386528e-12 4.835403e-06 _53746_
 4.716069e-06 1.189104e-07 8.386528e-12 4.834988e-06 _56716_
 4.712118e-06 1.228310e-07 8.386528e-12 4.834957e-06 _56636_
 4.713918e-06 1.202782e-07 8.386528e-12 4.834204e-06 _56620_
 4.717018e-06 1.170904e-07 8.386528e-12 4.834117e-06 _56684_
 4.724552e-06 1.090974e-07 8.388297e-12 4.833658e-06 _56735_
 4.714359e-06 1.192720e-07 8.386528e-12 4.833640e-06 _58163_
 4.713962e-06 1.191962e-07 8.386528e-12 4.833166e-06 _58112_
 4.667919e-06 1.650414e-07 8.347078e-12 4.832968e-06 _58136_
 4.679431e-06 1.535138e-07 8.386528e-12 4.832953e-06 _56648_
 4.681172e-06 1.515156e-07 8.414988e-12 4.832696e-06 _53689_
 4.717025e-06 1.144889e-07 8.386528e-12 4.831522e-06 _56575_
 4.714356e-06 1.154581e-07 8.386528e-12 4.829822e-06 _53605_
 4.713113e-06 1.166148e-07 8.386528e-12 4.829737e-06 _58147_
 4.714798e-06 1.143331e-07 8.386528e-12 4.829139e-06 _53621_
 4.716277e-06 1.123717e-07 8.386528e-12 4.828657e-06 _58067_
 4.715786e-06 1.125799e-07 8.386528e-12 4.828375e-06 _56623_
 4.680154e-06 1.480768e-07 8.386528e-12 4.828239e-06 _53614_
 4.716230e-06 1.112473e-07 8.386528e-12 4.827486e-06 _56591_
 4.667281e-06 1.601794e-07 8.347078e-12 4.827469e-06 _58120_
 4.704789e-06 1.214643e-07 8.360165e-12 4.826262e-06 _56724_
 4.715288e-06 1.098003e-07 8.386528e-12 4.825096e-06 _56687_
 4.678303e-06 1.442668e-07 8.414988e-12 4.822578e-06 _53721_
 4.427847e-06 3.946479e-07 8.256911e-12 4.822503e-06 _57330_
 4.675966e-06 1.464086e-07 8.414988e-12 4.822383e-06 _56691_
 4.713328e-06 1.088523e-07 8.386528e-12 4.822189e-06 _56719_
 4.676454e-06 1.452647e-07 8.414988e-12 4.821727e-06 _56643_
 4.639098e-06 1.802322e-07 8.361450e-12 4.819338e-06 _58091_
 4.401642e-06 4.154241e-07 8.277781e-12 4.817075e-06 _56761_
 3.943961e-06 8.717230e-07 8.876905e-12 4.815693e-06 _57977_
 4.675117e-06 1.373485e-07 8.414988e-12 4.812474e-06 _56675_
 4.665201e-06 1.472017e-07 8.347078e-12 4.812411e-06 _53722_
 4.678090e-06 1.317790e-07 8.414988e-12 4.809878e-06 _53673_
 4.664659e-06 1.447306e-07 8.347078e-12 4.809398e-06 _58104_
 4.676473e-06 1.326295e-07 8.414988e-12 4.809111e-06 _53737_
 4.664724e-06 1.440287e-07 8.347078e-12 4.808760e-06 _53658_
 4.676991e-06 1.316072e-07 8.414988e-12 4.808607e-06 _58071_
 4.671970e-06 1.355624e-07 8.414988e-12 4.807541e-06 _58119_
 4.671710e-06 1.350324e-07 8.386528e-12 4.806750e-06 _56664_
 4.663997e-06 1.411169e-07 8.347078e-12 4.805122e-06 _56708_
 4.675575e-06 1.288737e-07 8.386528e-12 4.804457e-06 _58124_
 4.639044e-06 1.646624e-07 8.361450e-12 4.803714e-06 _53661_
 4.664050e-06 1.386121e-07 8.347078e-12 4.802670e-06 _58088_
 4.674920e-06 1.274945e-07 8.365314e-12 4.802423e-06 _56727_
 4.675199e-06 1.266728e-07 8.386528e-12 4.801880e-06 _56568_
 3.992096e-06 8.097464e-07 8.928558e-12 4.801851e-06 _56753_
 4.440366e-06 3.612330e-07 8.323233e-12 4.801607e-06 _54318_
 4.662995e-06 1.375667e-07 8.347078e-12 4.800570e-06 _58152_
 4.675415e-06 1.246461e-07 8.386528e-12 4.800070e-06 _53598_
 4.675157e-06 1.235098e-07 8.414988e-12 4.798675e-06 _53593_
 4.663480e-06 1.342982e-07 8.347078e-12 4.797786e-06 _58056_
 4.675277e-06 1.224633e-07 8.414988e-12 4.797749e-06 _53577_
 4.637570e-06 1.597771e-07 8.361450e-12 4.797355e-06 _53757_
 4.671744e-06 1.244986e-07 8.386528e-12 4.796251e-06 _53662_
 4.675210e-06 1.206536e-07 8.386528e-12 4.795872e-06 _58156_
 4.662802e-06 1.324861e-07 8.347078e-12 4.795296e-06 _56644_
 4.662302e-06 1.323618e-07 8.347078e-12 4.794672e-06 _56660_
 4.635161e-06 1.593243e-07 8.361450e-12 4.794493e-06 _53565_
 4.662606e-06 1.313859e-07 8.347078e-12 4.794000e-06 _56628_
 4.674095e-06 1.197401e-07 8.414988e-12 4.793843e-06 _53641_
 4.661510e-06 1.295385e-07 8.347078e-12 4.791057e-06 _53738_
 4.660539e-06 1.302276e-07 8.347078e-12 4.790775e-06 _56676_
 4.673479e-06 1.162323e-07 8.386528e-12 4.789719e-06 _53630_
 4.636587e-06 1.531104e-07 8.361450e-12 4.789705e-06 _58059_
 4.408369e-06 3.804469e-07 1.187713e-11 4.788828e-06 _56015_
 4.661626e-06 1.271160e-07 8.347078e-12 4.788750e-06 _53690_
 4.271764e-06 5.162025e-07 8.608387e-12 4.787975e-06 _57621_
 4.673101e-06 1.143189e-07 8.386528e-12 4.787428e-06 _58108_
 4.637568e-06 1.483969e-07 8.361450e-12 4.785973e-06 _56631_
 4.673383e-06 1.120775e-07 8.386528e-12 4.785469e-06 _58140_
 4.661363e-06 1.237031e-07 8.347078e-12 4.785074e-06 _53642_
 4.673118e-06 1.118392e-07 8.414988e-12 4.784966e-06 _58087_
 3.941122e-06 8.437152e-07 8.876905e-12 4.784846e-06 _57979_
 4.672855e-06 1.113521e-07 8.386528e-12 4.784215e-06 _56584_
 4.674342e-06 1.093797e-07 8.386528e-12 4.783730e-06 _58076_
 4.673222e-06 1.103393e-07 8.414988e-12 4.783570e-06 _53657_
 4.673180e-06 1.091194e-07 8.414988e-12 4.782308e-06 _58055_
 4.674072e-06 1.080020e-07 8.386528e-12 4.782082e-06 _58092_
 4.670334e-06 1.114147e-07 8.386528e-12 4.781757e-06 _56616_
 4.671496e-06 1.098094e-07 8.386528e-12 4.781313e-06 _56696_
 4.672882e-06 1.083635e-07 8.386528e-12 4.781254e-06 _53566_
 4.673638e-06 1.073565e-07 8.386528e-12 4.781002e-06 _58060_
 4.672207e-06 1.087557e-07 8.414988e-12 4.780971e-06 _53609_
 4.672401e-06 1.084086e-07 8.386528e-12 4.780818e-06 _53742_
 4.672126e-06 1.080623e-07 8.414988e-12 4.780197e-06 _56611_
 4.671288e-06 1.081781e-07 8.414988e-12 4.779475e-06 _56595_
 4.671447e-06 1.080066e-07 8.414988e-12 4.779462e-06 _56627_
 4.672001e-06 1.069029e-07 8.386528e-12 4.778912e-06 _56600_
 4.660117e-06 1.183756e-07 8.347078e-12 4.778501e-06 _58168_
 3.942266e-06 8.360705e-07 8.876905e-12 4.778345e-06 _57984_
 4.660277e-06 1.180409e-07 8.347078e-12 4.778326e-06 _56596_
 4.660055e-06 1.181031e-07 8.347078e-12 4.778166e-06 _56612_
 4.672381e-06 1.055937e-07 8.414988e-12 4.777984e-06 _58167_
 4.669386e-06 1.068447e-07 8.414988e-12 4.776239e-06 _58151_
 4.634938e-06 1.411242e-07 8.361450e-12 4.776070e-06 _56711_
 4.633785e-06 1.420524e-07 8.361450e-12 4.775846e-06 _58075_
 4.659359e-06 1.134638e-07 8.347078e-12 4.772830e-06 _58072_
 4.659613e-06 1.125805e-07 8.347078e-12 4.772201e-06 _53626_
 4.670088e-06 1.004986e-07 8.414988e-12 4.770595e-06 _56563_
 4.658147e-06 1.108078e-07 8.347078e-12 4.768963e-06 _53674_
 4.553086e-06 2.158689e-07 8.386528e-12 4.768963e-06 _53761_
 4.633524e-06 1.347626e-07 8.361450e-12 4.768294e-06 _53725_
 4.667612e-06 1.002646e-07 8.414988e-12 4.767885e-06 _58135_
 4.670210e-06 9.745564e-08 8.414988e-12 4.767674e-06 _56579_
 4.633070e-06 1.342805e-07 8.361450e-12 4.767359e-06 _53741_
 4.658930e-06 1.083901e-07 8.347078e-12 4.767328e-06 _53610_
 4.657977e-06 1.081167e-07 8.347078e-12 4.766101e-06 _53706_
 4.656279e-06 1.094128e-07 8.347078e-12 4.765700e-06 _56564_
 4.656919e-06 1.057973e-07 8.347078e-12 4.762725e-06 _53594_
 4.657396e-06 1.043584e-07 8.347078e-12 4.761763e-06 _53754_
 4.408568e-06 3.527710e-07 1.187713e-11 4.761351e-06 _55603_
 4.632537e-06 1.286891e-07 8.361450e-12 4.761234e-06 _53629_
 4.289778e-06 4.714163e-07 8.206778e-12 4.761203e-06 _56749_
 4.633368e-06 1.266190e-07 8.361450e-12 4.759996e-06 _56663_
 4.630725e-06 1.274468e-07 8.361450e-12 4.758180e-06 _53693_
 4.633943e-06 1.237366e-07 8.361450e-12 4.757688e-06 _56583_
 3.965991e-06 7.897743e-07 8.908964e-12 4.755774e-06 _56754_
 4.627707e-06 1.241976e-07 8.361450e-12 4.751912e-06 _58123_
 4.632216e-06 1.183180e-07 8.361450e-12 4.750542e-06 _56679_
 4.629401e-06 1.204978e-07 8.361450e-12 4.749907e-06 _53613_
 4.371466e-06 3.755659e-07 8.290359e-12 4.747040e-06 _57033_
 4.415714e-06 3.312493e-07 8.270697e-12 4.746971e-06 _57245_
 4.629611e-06 1.138942e-07 8.361450e-12 4.743514e-06 _53709_
 4.407874e-06 3.317182e-07 1.187713e-11 4.739604e-06 _55396_
 4.629073e-06 1.100197e-07 8.361450e-12 4.739101e-06 _53645_
 4.631127e-06 1.074929e-07 8.361450e-12 4.738628e-06 _56599_
 4.626756e-06 1.096578e-07 8.361450e-12 4.736421e-06 _58139_
 4.627988e-06 1.061279e-07 8.361450e-12 4.734124e-06 _56567_
 4.629696e-06 1.039399e-07 8.361450e-12 4.733644e-06 _56615_
 4.553302e-06 1.782078e-07 8.386528e-12 4.731518e-06 _53633_
 4.627665e-06 1.012139e-07 8.361450e-12 4.728887e-06 _56695_
 4.628328e-06 9.878050e-08 8.361450e-12 4.727117e-06 _56647_
 4.496871e-06 2.301027e-07 8.386528e-12 4.726982e-06 _53782_
 4.410666e-06 3.150026e-07 1.187713e-11 4.725680e-06 _55173_
 4.625227e-06 9.899045e-08 8.361450e-12 4.724225e-06 _53677_
 4.292068e-06 4.253028e-07 8.374599e-12 4.717379e-06 _53736_
 4.319289e-06 3.921250e-07 8.204386e-12 4.711422e-06 _54234_
 4.332746e-06 3.765379e-07 8.246215e-12 4.709293e-06 _57320_
 4.553444e-06 1.545088e-07 8.386528e-12 4.707961e-06 _53569_
 4.416270e-06 2.869452e-07 8.283941e-12 4.703223e-06 _57031_
 4.320465e-06 3.759242e-07 8.210806e-12 4.696397e-06 _56746_
 4.499617e-06 1.965951e-07 8.270697e-12 4.696220e-06 _57034_
 4.499070e-06 1.910531e-07 8.220071e-12 4.690131e-06 _57363_
 4.354793e-06 3.327517e-07 8.271976e-12 4.687553e-06 _56758_
 4.380143e-06 3.056451e-07 8.313360e-12 4.685797e-06 _56767_
 4.549409e-06 1.356490e-07 8.386528e-12 4.685066e-06 _53681_
 4.328339e-06 3.557239e-07 8.265248e-12 4.684071e-06 _56760_
 4.313406e-06 3.700620e-07 8.208140e-12 4.683477e-06 _56745_
 4.264505e-06 4.140877e-07 8.204386e-12 4.678601e-06 _57635_
 4.261098e-06 4.168127e-07 8.323233e-12 4.677919e-06 _54328_
 4.583121e-06 9.310369e-08 8.388297e-12 4.676233e-06 _56731_
 4.370504e-06 3.055479e-07 8.256911e-12 4.676060e-06 _57220_
 4.548463e-06 1.268353e-07 8.386528e-12 4.675306e-06 _56603_
 3.941767e-06 7.332720e-07 8.876905e-12 4.675048e-06 _57981_
 4.546046e-06 1.286178e-07 8.386528e-12 4.674672e-06 _58095_
 4.548438e-06 1.254330e-07 8.386528e-12 4.673879e-06 _53745_
 4.407842e-06 2.642549e-07 1.187713e-11 4.672108e-06 _55282_
 4.544976e-06 1.255878e-07 8.386528e-12 4.670573e-06 _58111_
 4.160942e-06 5.091715e-07 8.608160e-12 4.670122e-06 _57315_
 4.288151e-06 3.808785e-07 8.162799e-12 4.669037e-06 _54143_
 3.945478e-06 7.212560e-07 8.876905e-12 4.666743e-06 _57973_
 4.547374e-06 1.191097e-07 8.386528e-12 4.666492e-06 _56715_
 4.546803e-06 1.191772e-07 8.386528e-12 4.665988e-06 _53601_
 4.546945e-06 1.184610e-07 8.386528e-12 4.665414e-06 _53713_
 4.546885e-06 1.142686e-07 8.386528e-12 4.661162e-06 _56619_
 4.546151e-06 1.148668e-07 8.386528e-12 4.661026e-06 _53665_
 4.546695e-06 1.121150e-07 8.386528e-12 4.658818e-06 _53585_
 4.544683e-06 1.134061e-07 8.386528e-12 4.658098e-06 _53649_
 4.341233e-06 3.134946e-07 8.258316e-12 4.654736e-06 _56765_
 4.371516e-06 2.809608e-07 8.256911e-12 4.652485e-06 _57252_
 4.544603e-06 1.073909e-07 8.386528e-12 4.652002e-06 _53617_
 4.340346e-06 3.106526e-07 8.258316e-12 4.651006e-06 _56764_
 4.231768e-06 4.191163e-07 8.212297e-12 4.650893e-06 _57815_
 4.384874e-06 2.655788e-07 8.263871e-12 4.650461e-06 _57038_
 4.284115e-06 3.657584e-07 8.195920e-12 4.649881e-06 _56741_
 4.496469e-06 1.524140e-07 8.270697e-12 4.648891e-06 _57082_
 4.232745e-06 4.157844e-07 8.608291e-12 4.648538e-06 _57615_
 4.541734e-06 1.061240e-07 8.386528e-12 4.647866e-06 _56651_
 4.541684e-06 1.056887e-07 8.386528e-12 4.647381e-06 _56683_
 4.545315e-06 1.017893e-07 8.386528e-12 4.647112e-06 _58143_
 4.543100e-06 1.025678e-07 8.386528e-12 4.645676e-06 _56571_
 4.544234e-06 9.982729e-08 8.386528e-12 4.644070e-06 _56635_
 4.543183e-06 1.006592e-07 8.386528e-12 4.643850e-06 _53697_
 4.385699e-06 2.574385e-07 8.263871e-12 4.643145e-06 _57150_
 4.206168e-06 4.367937e-07 8.585668e-12 4.642971e-06 _54306_
 4.542412e-06 9.844355e-08 8.386528e-12 4.640864e-06 _58079_
 4.383549e-06 2.539503e-07 8.263871e-12 4.637508e-06 _57070_
 4.299005e-06 3.379274e-07 8.216120e-12 4.636941e-06 _56742_
 4.325827e-06 3.099479e-07 8.242778e-12 4.635783e-06 _56757_
 4.539524e-06 9.428619e-08 8.386528e-12 4.633819e-06 _58127_
 4.542933e-06 8.911106e-08 8.386528e-12 4.632052e-06 _58159_
 4.232384e-06 3.988916e-07 8.608387e-12 4.631284e-06 _57622_
 4.540659e-06 9.048097e-08 8.386528e-12 4.631148e-06 _58063_
 4.541346e-06 8.750566e-08 8.386528e-12 4.628860e-06 _56699_
 4.538496e-06 8.942119e-08 8.386528e-12 4.627926e-06 _56667_
 4.410029e-06 2.174082e-07 8.283941e-12 4.627445e-06 _57223_
 4.540851e-06 8.563605e-08 8.386528e-12 4.626495e-06 _53729_
 4.492274e-06 1.303225e-07 8.386528e-12 4.622605e-06 _56640_
 4.538917e-06 8.320121e-08 8.386528e-12 4.622127e-06 _56587_
 3.963243e-06 6.573166e-07 8.851853e-12 4.620568e-06 _54345_
 4.310767e-06 3.077401e-07 8.242582e-12 4.618516e-06 _57609_
 4.405238e-06 2.100699e-07 1.187713e-11 4.615320e-06 _56551_
 4.494218e-06 1.209396e-07 8.220071e-12 4.615166e-06 _57411_
 4.294735e-06 3.186886e-07 8.212297e-12 4.613432e-06 _57625_
 4.490832e-06 1.225812e-07 8.386528e-12 4.613422e-06 _53622_
 4.309886e-06 3.032822e-07 8.274059e-12 4.613177e-06 _57346_
 4.232720e-06 3.794178e-07 8.162799e-12 4.612146e-06 _57914_
 4.503330e-06 1.083847e-07 8.388297e-12 4.611722e-06 _56736_
 4.492766e-06 1.182216e-07 8.270697e-12 4.610996e-06 _57066_
 4.354595e-06 2.562005e-07 8.235214e-12 4.610803e-06 _57237_
 4.495993e-06 1.145804e-07 8.220071e-12 4.610582e-06 _57475_
 4.321384e-06 2.889853e-07 8.386528e-12 4.610377e-06 _53751_
 4.488634e-06 1.205519e-07 8.386528e-12 4.609194e-06 _56720_
 4.489917e-06 1.187006e-07 8.386528e-12 4.608625e-06 _56624_
 4.233299e-06 3.749984e-07 8.212297e-12 4.608306e-06 _57808_
 4.489307e-06 1.177125e-07 8.386528e-12 4.607028e-06 _53654_
 4.496264e-06 1.106326e-07 8.220071e-12 4.606905e-06 _57459_
 4.492239e-06 1.124886e-07 8.220071e-12 4.604736e-06 _57395_
 4.354939e-06 2.473893e-07 8.277386e-12 4.602337e-06 _57032_
 4.409985e-06 1.921789e-07 8.290359e-12 4.602172e-06 _57135_
 4.283916e-06 3.178795e-07 8.603763e-12 4.601804e-06 _54099_
 4.405607e-06 1.950935e-07 1.187713e-11 4.600712e-06 _55062_
 4.396038e-06 2.046199e-07 1.187713e-11 4.600670e-06 _55904_
 4.332481e-06 2.653960e-07 8.323585e-12 4.597885e-06 _56768_
 4.351120e-06 2.463403e-07 8.179840e-12 4.597468e-06 _53812_
 4.488938e-06 1.084489e-07 8.386528e-12 4.597396e-06 _53766_
 4.488733e-06 1.084511e-07 8.386528e-12 4.597192e-06 _56656_
 4.488182e-06 1.076332e-07 8.386528e-12 4.595824e-06 _56608_
 4.402740e-06 1.930350e-07 1.187713e-11 4.595787e-06 _56557_
 4.409054e-06 1.865535e-07 8.290359e-12 4.595616e-06 _57039_
 4.489992e-06 1.052240e-07 8.270697e-12 4.595224e-06 _57162_
 4.409660e-06 1.847635e-07 8.283941e-12 4.594432e-06 _57255_
 4.487719e-06 1.066362e-07 8.386528e-12 4.594363e-06 _58100_
 4.240062e-06 3.529029e-07 8.162799e-12 4.592973e-06 _57905_
 4.489937e-06 1.027570e-07 8.270697e-12 4.592702e-06 _57242_
 4.489566e-06 1.014698e-07 8.270697e-12 4.591043e-06 _57178_
 4.485677e-06 1.052689e-07 8.386528e-12 4.590954e-06 _56704_
 4.384024e-06 2.067655e-07 8.263871e-12 4.590798e-06 _57030_
 4.487573e-06 1.030339e-07 8.386528e-12 4.590615e-06 _56592_
 4.490429e-06 9.991817e-08 8.270697e-12 4.590355e-06 _57146_
 4.410433e-06 1.797568e-07 8.290359e-12 4.590197e-06 _57183_
 4.308581e-06 2.808448e-07 8.249814e-12 4.589434e-06 _57326_
 4.232418e-06 3.566462e-07 8.212297e-12 4.589072e-06 _57814_
 4.489789e-06 9.917094e-08 8.270697e-12 4.588968e-06 _57114_
 4.486240e-06 1.022014e-07 8.386528e-12 4.588449e-06 _53686_
 4.411178e-06 1.770577e-07 8.270697e-12 4.588244e-06 _57197_
 4.486693e-06 1.005425e-07 8.386528e-12 4.587244e-06 _53574_
 4.308624e-06 2.778148e-07 8.256911e-12 4.586447e-06 _57332_
 3.945577e-06 6.408368e-07 8.876905e-12 4.586423e-06 _57974_
 4.409298e-06 1.769052e-07 8.283941e-12 4.586212e-06 _57079_
 4.489744e-06 9.377263e-08 8.220071e-12 4.583525e-06 _57427_
 4.486650e-06 9.620072e-08 8.386528e-12 4.582859e-06 _56672_
 4.411192e-06 1.714747e-07 8.283941e-12 4.582675e-06 _57175_
 4.289568e-06 2.927207e-07 8.162799e-12 4.582297e-06 _53810_
 4.202194e-06 3.798779e-07 8.204386e-12 4.582080e-06 _57630_
 4.484218e-06 9.771598e-08 8.386528e-12 4.581942e-06 _58084_
 4.485711e-06 9.613277e-08 8.386528e-12 4.581852e-06 _58116_
 4.295198e-06 2.865987e-07 8.179840e-12 4.581805e-06 _58052_
 4.486164e-06 9.515372e-08 8.386528e-12 4.581325e-06 _58164_
 4.486041e-06 9.459115e-08 8.386528e-12 4.580640e-06 _53734_
 4.490326e-06 8.929480e-08 8.270697e-12 4.579629e-06 _57130_
 4.355727e-06 2.228424e-07 8.179840e-12 4.578577e-06 _58050_
 4.484378e-06 9.406369e-08 8.386528e-12 4.578450e-06 _53670_
 4.485702e-06 9.214862e-08 8.386528e-12 4.577859e-06 _56688_
 4.261971e-06 3.149523e-07 8.220071e-12 4.576931e-06 _58039_
 4.487464e-06 8.878183e-08 8.270697e-12 4.576254e-06 _57210_
 4.272610e-06 3.035278e-07 8.230429e-12 4.576146e-06 _56751_
 4.487283e-06 8.856438e-08 8.270697e-12 4.575856e-06 _57194_
 4.242364e-06 3.331057e-07 8.277386e-12 4.575477e-06 _57336_
 4.302480e-06 2.729013e-07 8.270697e-12 4.575389e-06 _57322_
 4.487380e-06 8.642084e-08 8.270697e-12 4.573808e-06 _57098_
 4.288520e-06 2.850497e-07 8.162799e-12 4.573578e-06 _54079_
 4.483449e-06 8.859600e-08 8.386528e-12 4.572054e-06 _53606_
 4.408597e-06 1.626229e-07 8.283941e-12 4.571228e-06 _57111_
 4.487626e-06 8.056504e-08 8.270697e-12 4.568199e-06 _57258_
 4.484241e-06 8.361942e-08 8.386528e-12 4.567869e-06 _56576_
 4.485782e-06 8.146026e-08 8.270697e-12 4.567251e-06 _57226_
 4.309090e-06 2.574343e-07 8.277386e-12 4.566532e-06 _57325_
 4.332254e-06 2.339286e-07 8.260503e-12 4.566191e-06 _56756_
 4.233062e-06 3.329178e-07 8.267300e-12 4.565988e-06 _57619_
 4.245252e-06 3.199979e-07 8.223994e-12 4.565258e-06 _56744_
 4.295143e-06 2.700331e-07 8.162799e-12 4.565184e-06 _58045_
 4.483321e-06 8.145833e-08 8.386528e-12 4.564788e-06 _58132_
 4.482010e-06 8.229301e-08 8.386528e-12 4.564311e-06 _53590_
 4.482655e-06 8.136993e-08 8.386528e-12 4.564033e-06 _53702_
 4.295169e-06 2.688153e-07 8.270697e-12 4.563992e-06 _57337_
 4.234111e-06 3.298604e-07 8.162799e-12 4.563979e-06 _57910_
 4.481446e-06 8.210641e-08 8.386528e-12 4.563561e-06 _58068_
 4.323192e-06 2.401068e-07 8.386528e-12 4.563307e-06 _53783_
 4.486061e-06 7.632139e-08 8.220071e-12 4.562391e-06 _57443_
 4.486044e-06 7.626812e-08 8.270697e-12 4.562320e-06 _57050_
 4.485602e-06 7.581637e-08 8.270697e-12 4.561427e-06 _57274_
 4.483304e-06 7.810869e-08 8.386528e-12 4.561421e-06 _53750_
 4.309523e-06 2.518791e-07 8.271502e-12 4.561411e-06 _56759_
 4.234403e-06 3.263498e-07 8.162799e-12 4.560761e-06 _57915_
 4.485692e-06 7.432715e-08 8.220071e-12 4.560027e-06 _57379_
 4.482299e-06 7.718469e-08 8.386528e-12 4.559492e-06 _53718_
 4.270275e-06 2.869959e-07 8.184016e-12 4.557280e-06 _57903_
 4.480875e-06 7.467118e-08 8.386528e-12 4.555554e-06 _53638_
 4.276428e-06 2.785518e-07 8.256911e-12 4.554988e-06 _57328_
 4.407491e-06 1.470649e-07 8.283941e-12 4.554564e-06 _57127_
 4.481741e-06 7.091710e-08 8.386528e-12 4.552666e-06 _58148_
 4.232241e-06 3.181325e-07 8.212297e-12 4.550382e-06 _57816_
 4.233988e-06 3.154059e-07 8.162799e-12 4.549402e-06 _57913_
 4.326663e-06 2.218272e-07 8.188158e-12 4.548499e-06 _57365_
 4.271742e-06 2.760229e-07 8.206778e-12 4.547773e-06 _56748_
 4.407901e-06 1.387531e-07 8.290359e-12 4.546662e-06 _57151_
 4.167444e-06 3.774065e-07 8.108416e-12 4.544859e-06 _54302_
 4.379028e-06 1.637857e-07 8.263871e-12 4.542822e-06 _57134_
 4.231986e-06 3.090535e-07 8.162799e-12 4.541047e-06 _57906_
 4.233527e-06 3.074566e-07 8.162799e-12 4.540992e-06 _57909_
 4.408106e-06 1.312302e-07 8.283941e-12 4.539344e-06 _57095_
 3.882097e-06 6.556614e-07 8.892520e-12 4.537768e-06 _56771_
 4.233284e-06 3.032578e-07 8.212297e-12 4.536550e-06 _57811_
 4.377939e-06 1.561296e-07 8.263871e-12 4.534077e-06 _57054_
 4.321710e-06 2.118461e-07 8.386528e-12 4.533565e-06 _53719_
 4.365793e-06 1.665137e-07 8.256911e-12 4.532315e-06 _57028_
 4.234201e-06 2.976191e-07 8.162799e-12 4.531828e-06 _57911_
 4.233383e-06 2.968443e-07 8.162799e-12 4.530236e-06 _57917_
 4.241472e-06 2.828739e-07 8.212297e-12 4.524354e-06 _57820_
 4.227302e-06 2.965484e-07 8.204102e-12 4.523858e-06 _56743_
 4.407918e-06 1.155158e-07 8.270697e-12 4.523442e-06 _57117_
 4.233434e-06 2.889241e-07 8.162799e-12 4.522366e-06 _57916_
 4.366949e-06 1.552676e-07 8.256911e-12 4.522225e-06 _57035_
 4.350578e-06 1.715170e-07 8.235214e-12 4.522104e-06 _57029_
 4.188966e-06 3.300814e-07 8.204386e-12 4.519056e-06 _57632_
 4.379659e-06 1.389313e-07 8.263871e-12 4.518599e-06 _57110_
 4.234312e-06 2.835849e-07 8.162799e-12 4.517905e-06 _57918_
 4.234375e-06 2.831998e-07 8.162799e-12 4.517583e-06 _57912_
 4.404963e-06 1.109093e-07 8.290359e-12 4.515880e-06 _57279_
 4.232069e-06 2.821159e-07 8.162799e-12 4.514193e-06 _57907_
 4.317423e-06 1.966788e-07 8.284608e-12 4.514110e-06 _56755_
 4.239603e-06 2.723488e-07 8.162799e-12 4.511960e-06 _57908_
 4.404450e-06 1.067363e-07 8.290359e-12 4.511195e-06 _57167_
 4.338496e-06 1.719717e-07 8.196340e-12 4.510476e-06 _57353_
 4.265185e-06 2.448121e-07 8.315917e-12 4.510005e-06 _56769_
 4.323498e-06 1.854158e-07 8.171386e-12 4.508922e-06 _57361_
 4.189267e-06 3.179067e-07 8.256911e-12 4.507182e-06 _57614_
 4.404618e-06 9.744811e-08 8.290359e-12 4.502074e-06 _57087_
 4.403477e-06 9.772768e-08 8.290359e-12 4.501213e-06 _57263_
 4.241574e-06 2.594476e-07 8.212297e-12 4.501029e-06 _57819_
 4.234877e-06 2.657280e-07 8.204386e-12 4.500614e-06 _57627_
 4.234746e-06 2.652287e-07 8.212297e-12 4.499982e-06 _57818_
 4.347197e-06 1.506889e-07 8.179840e-12 4.497894e-06 _53972_
 4.220306e-06 2.763655e-07 8.263871e-12 4.496680e-06 _57610_
 4.236412e-06 2.591038e-07 8.212297e-12 4.495524e-06 _57807_
 4.405365e-06 8.970091e-08 8.283941e-12 4.495074e-06 _57191_
 4.276404e-06 2.184930e-07 8.240401e-12 4.494905e-06 _56763_
 4.247177e-06 2.475566e-07 8.256911e-12 4.494742e-06 _57329_
 4.403438e-06 9.101408e-08 8.283941e-12 4.494460e-06 _57143_
 4.402449e-06 9.142789e-08 8.270697e-12 4.493885e-06 _57085_
 4.294525e-06 1.991231e-07 8.374599e-12 4.493656e-06 _58166_
 4.322421e-06 1.693915e-07 8.302788e-12 4.491821e-06 _57040_
 4.236438e-06 2.551269e-07 8.212297e-12 4.491573e-06 _57809_
 4.322456e-06 1.689113e-07 8.204386e-12 4.491376e-06 _58040_
 4.294081e-06 1.969642e-07 8.179840e-12 4.491054e-06 _58051_
 4.291134e-06 1.997188e-07 8.162799e-12 4.490861e-06 _53842_
 4.248647e-06 2.419530e-07 8.277386e-12 4.490608e-06 _57324_
 4.401429e-06 8.849486e-08 8.270697e-12 4.489932e-06 _57101_
 4.312628e-06 1.769259e-07 8.242582e-12 4.489562e-06 _57304_
 4.363461e-06 1.250090e-07 8.256911e-12 4.488478e-06 _57156_
 4.289880e-06 1.977722e-07 8.179840e-12 4.487661e-06 _54158_
 4.246724e-06 2.406186e-07 8.249814e-12 4.487351e-06 _57327_
 4.401670e-06 8.393194e-08 8.290359e-12 4.485610e-06 _57231_
 4.323285e-06 1.620133e-07 8.238916e-12 4.485306e-06 _57481_
 4.403239e-06 8.155711e-08 8.270697e-12 4.484804e-06 _57133_
 4.401365e-06 8.296819e-08 8.270697e-12 4.484341e-06 _57277_
 4.377326e-06 1.066575e-07 8.263871e-12 4.483992e-06 _57198_
 4.363580e-06 1.196960e-07 8.235214e-12 4.483284e-06 _57491_
 4.232309e-06 2.493851e-07 1.187713e-11 4.481707e-06 _55604_
 4.290361e-06 1.911236e-07 8.179840e-12 4.481492e-06 _54230_
 3.943357e-06 5.381260e-07 8.876905e-12 4.481492e-06 _57971_
 4.402031e-06 7.920356e-08 8.290359e-12 4.481242e-06 _57199_
 4.240118e-06 2.406919e-07 8.162799e-12 4.480818e-06 _57904_
 4.384212e-06 9.594724e-08 8.263871e-12 4.480167e-06 _57246_
 4.402459e-06 7.726676e-08 8.270697e-12 4.479734e-06 _57053_
 4.235031e-06 2.443053e-07 8.212297e-12 4.479345e-06 _57817_
 4.247587e-06 2.309172e-07 8.256911e-12 4.478512e-06 _57333_
 4.400443e-06 7.791567e-08 8.283941e-12 4.478367e-06 _57063_
 4.295085e-06 1.830558e-07 8.212297e-12 4.478149e-06 _57822_
 4.400065e-06 7.696985e-08 8.290359e-12 4.477043e-06 _57247_
 4.400678e-06 7.575564e-08 8.270697e-12 4.476442e-06 _57261_
 4.235164e-06 2.406605e-07 8.270697e-12 4.475833e-06 _57338_
 4.292856e-06 1.816321e-07 8.171386e-12 4.474497e-06 _56777_
 4.158849e-06 3.145699e-07 8.117819e-12 4.473427e-06 _57928_
 4.320284e-06 1.527473e-07 8.200380e-12 4.473040e-06 _57642_
 4.363209e-06 1.092975e-07 8.256911e-12 4.472515e-06 _57131_
 4.349185e-06 1.230546e-07 8.235214e-12 4.472248e-06 _57253_
 4.289961e-06 1.821632e-07 8.162799e-12 4.472132e-06 _54242_
 4.322532e-06 1.490283e-07 8.212297e-12 4.471568e-06 _57036_
 4.289946e-06 1.810397e-07 8.179840e-12 4.470995e-06 _53814_
 4.400350e-06 7.055095e-08 8.283941e-12 4.470909e-06 _57047_
 4.397550e-06 7.319474e-08 8.283941e-12 4.470753e-06 _57159_
 4.377051e-06 9.322940e-08 8.263871e-12 4.470289e-06 _57182_
 4.397783e-06 7.068400e-08 8.270697e-12 4.468475e-06 _57181_
 4.242217e-06 2.260879e-07 8.277386e-12 4.468313e-06 _57323_
 4.398820e-06 6.843968e-08 8.290359e-12 4.467268e-06 _57215_
 4.232849e-06 2.335608e-07 8.212297e-12 4.466418e-06 _57821_
 4.376088e-06 9.011050e-08 8.263871e-12 4.466207e-06 _57126_
 4.399719e-06 6.643636e-08 8.283941e-12 4.466164e-06 _57207_
 4.213640e-06 2.512675e-07 8.190335e-12 4.464915e-06 _56747_
 4.399096e-06 6.560994e-08 8.290359e-12 4.464714e-06 _57103_
 4.261709e-06 2.026510e-07 8.238126e-12 4.464368e-06 _56739_
 4.336153e-06 1.270854e-07 8.212297e-12 4.463247e-06 _57354_
 4.159276e-06 3.034133e-07 8.131669e-12 4.462698e-06 _57798_
 4.398010e-06 6.430939e-08 8.270697e-12 4.462328e-06 _57165_
 4.397650e-06 6.444909e-08 8.270697e-12 4.462107e-06 _57069_
 4.399485e-06 6.208159e-08 8.270697e-12 4.461575e-06 _57213_
 4.362812e-06 9.868705e-08 8.256911e-12 4.461507e-06 _57124_
 3.863592e-06 5.979018e-07 8.871810e-12 4.461503e-06 _57990_
 4.399133e-06 6.212704e-08 8.290359e-12 4.461268e-06 _57055_
 4.322005e-06 1.390778e-07 8.188158e-12 4.461091e-06 _57355_
 4.397874e-06 6.296837e-08 8.270697e-12 4.460851e-06 _57149_
 3.970640e-06 4.900114e-07 8.910648e-12 4.460660e-06 _57299_
 4.397369e-06 6.139818e-08 8.270697e-12 4.458775e-06 _57229_
 4.396894e-06 6.154545e-08 8.283941e-12 4.458448e-06 _57239_
 4.396387e-06 6.202946e-08 8.283941e-12 4.458425e-06 _57271_
 4.314867e-06 1.433264e-07 8.204386e-12 4.458201e-06 _54010_
 4.397779e-06 6.036032e-08 8.290359e-12 4.458147e-06 _57119_
 4.268586e-06 1.890412e-07 8.220058e-12 4.457635e-06 _56740_
 4.155646e-06 3.019421e-07 8.117819e-12 4.457597e-06 _57931_
 4.396279e-06 6.094697e-08 8.290359e-12 4.457234e-06 _57071_
 4.362557e-06 9.324163e-08 8.256911e-12 4.455807e-06 _57172_
 4.315313e-06 1.403993e-07 8.204386e-12 4.455720e-06 _53818_
 4.320954e-06 1.345599e-07 8.235214e-12 4.455522e-06 _57362_
 4.361889e-06 9.360530e-08 8.256911e-12 4.455503e-06 _57108_
 4.361963e-06 9.255296e-08 8.256911e-12 4.454524e-06 _57211_
 4.190952e-06 2.626090e-07 8.267300e-12 4.453569e-06 _57617_
 4.202333e-06 2.510666e-07 8.204386e-12 4.453408e-06 _57629_
 4.316991e-06 1.363270e-07 8.386528e-12 4.453326e-06 _56625_
 4.293099e-06 1.600555e-07 8.374599e-12 4.453163e-06 _53784_
 4.362159e-06 9.097040e-08 8.235214e-12 4.453137e-06 _57555_
 4.361654e-06 9.137751e-08 8.256911e-12 4.453039e-06 _57044_
 4.291499e-06 1.595834e-07 8.188158e-12 4.451091e-06 _56778_
 4.288609e-06 1.608246e-07 8.179840e-12 4.449442e-06 _54206_
 4.373319e-06 7.598564e-08 8.263871e-12 4.449313e-06 _57166_
 4.360062e-06 8.829469e-08 8.256911e-12 4.448365e-06 _57140_
 4.293841e-06 1.542943e-07 8.162799e-12 4.448144e-06 _56783_
 4.314834e-06 1.328147e-07 8.204386e-12 4.447657e-06 _53994_
 4.359812e-06 8.766538e-08 8.290359e-12 4.447486e-06 _57225_
 4.214794e-06 2.325504e-07 8.230429e-12 4.447353e-06 _56752_
 4.373374e-06 7.379853e-08 8.263871e-12 4.447181e-06 _57174_
 4.321157e-06 1.256257e-07 8.171386e-12 4.446791e-06 _57366_
 4.233812e-06 2.125666e-07 8.270697e-12 4.446386e-06 _57321_
 4.361179e-06 8.488219e-08 8.256911e-12 4.446069e-06 _57076_
 4.233417e-06 2.126396e-07 8.274059e-12 4.446065e-06 _57348_
 4.348688e-06 9.704168e-08 8.235214e-12 4.445738e-06 _57077_
 4.321481e-06 1.240978e-07 8.204386e-12 4.445587e-06 _57454_
 4.344590e-06 1.002815e-07 8.179840e-12 4.444880e-06 _54260_
 4.273026e-06 1.713047e-07 8.220071e-12 4.444339e-06 _53785_
 4.325510e-06 1.187355e-07 8.302788e-12 4.444253e-06 _57072_
 4.372972e-06 7.105172e-08 8.263871e-12 4.444032e-06 _57278_
 4.372272e-06 7.144547e-08 8.263871e-12 4.443726e-06 _57086_
 4.360543e-06 8.311048e-08 8.290359e-12 4.443662e-06 _57161_
 3.864006e-06 5.795939e-07 8.871810e-12 4.443608e-06 _57995_
 4.370032e-06 7.356493e-08 8.263871e-12 4.443605e-06 _57254_
 4.372610e-06 7.081018e-08 8.263871e-12 4.443429e-06 _57158_
 4.361718e-06 8.120666e-08 8.290359e-12 4.442933e-06 _57113_
 4.371142e-06 7.163526e-08 8.263871e-12 4.442786e-06 _57118_
 4.159790e-06 2.825421e-07 8.583112e-12 4.442341e-06 _57933_
 4.320128e-06 1.217260e-07 8.204386e-12 4.441862e-06 _57358_
 4.369191e-06 7.257670e-08 8.263871e-12 4.441776e-06 _57270_
 4.370744e-06 7.066313e-08 8.263871e-12 4.441415e-06 _57102_
 4.344456e-06 9.686811e-08 8.179840e-12 4.441332e-06 _53940_
 4.361002e-06 7.957101e-08 8.256911e-12 4.440581e-06 _57067_
 4.372397e-06 6.734945e-08 8.263871e-12 4.439755e-06 _57046_
 4.345117e-06 9.331681e-08 8.277386e-12 4.438442e-06 _57160_
 4.359625e-06 7.866470e-08 8.256911e-12 4.438298e-06 _57060_
 4.285926e-06 1.521959e-07 8.179840e-12 4.438130e-06 _53982_
 4.372186e-06 6.579279e-08 8.263871e-12 4.437987e-06 _57062_
 4.345543e-06 9.200311e-08 8.235214e-12 4.437555e-06 _57269_
 4.377174e-06 5.966817e-08 8.263871e-12 4.436850e-06 _57230_
 4.371526e-06 6.498807e-08 8.263871e-12 4.436522e-06 _57206_
 4.164850e-06 2.716514e-07 8.117819e-12 4.436509e-06 _57923_
 4.202496e-06 2.339556e-07 8.204386e-12 4.436460e-06 _57637_
 4.290332e-06 1.461039e-07 8.171386e-12 4.436444e-06 _57359_
 4.359155e-06 7.675609e-08 8.290359e-12 4.435919e-06 _57209_
 4.359205e-06 7.655780e-08 8.256911e-12 4.435771e-06 _57147_
 4.318791e-06 1.157430e-07 8.204386e-12 4.434542e-06 _57706_
 4.299210e-06 1.348657e-07 8.177148e-12 4.434084e-06 _53792_
 4.233066e-06 2.009899e-07 8.212297e-12 4.434064e-06 _57810_
 4.371525e-06 6.182299e-08 8.263871e-12 4.433356e-06 _57078_
 4.204781e-06 2.282963e-07 8.204386e-12 4.433085e-06 _57628_
 4.358653e-06 7.404569e-08 8.256911e-12 4.432707e-06 _57268_
 4.359016e-06 7.273613e-08 8.290359e-12 4.431760e-06 _57177_
 4.371901e-06 5.979514e-08 8.263871e-12 4.431704e-06 _57262_
 4.359618e-06 7.187198e-08 8.290359e-12 4.431498e-06 _57065_
 4.370697e-06 6.062261e-08 8.263871e-12 4.431328e-06 _57190_
 4.369934e-06 6.118978e-08 8.263871e-12 4.431132e-06 _57222_
 4.347039e-06 8.355577e-08 8.235214e-12 4.430603e-06 _57045_
 4.357446e-06 7.289876e-08 8.256911e-12 4.430352e-06 _57236_
 4.358471e-06 7.132182e-08 8.256911e-12 4.429800e-06 _57227_
 4.358145e-06 7.054108e-08 8.290359e-12 4.428694e-06 _57145_
 4.356971e-06 7.103044e-08 8.256911e-12 4.428010e-06 _57259_
 4.333295e-06 9.348440e-08 8.390066e-12 4.426787e-06 _56737_
 4.367380e-06 5.939835e-08 8.263871e-12 4.426786e-06 _57094_
 4.357947e-06 6.875333e-08 8.256911e-12 4.426708e-06 _57163_
 4.315782e-06 1.107657e-07 8.386528e-12 4.426556e-06 _53735_
 4.342811e-06 8.361471e-08 8.179840e-12 4.426434e-06 _54036_
 4.187974e-06 2.370103e-07 8.256911e-12 4.424992e-06 _57613_
 4.291817e-06 1.330953e-07 8.235214e-12 4.424921e-06 _57493_
 4.342744e-06 8.187774e-08 8.179840e-12 4.424630e-06 _54148_
 4.290394e-06 1.342254e-07 8.162799e-12 4.424628e-06 _58048_
 4.367892e-06 5.628172e-08 8.263871e-12 4.424181e-06 _57142_
 4.318937e-06 1.052004e-07 8.171386e-12 4.424146e-06 _57430_
 4.343262e-06 8.067078e-08 8.277386e-12 4.423941e-06 _57224_
 4.357266e-06 6.618971e-08 8.290359e-12 4.423464e-06 _57097_
 4.357701e-06 6.568559e-08 8.235214e-12 4.423394e-06 _57523_
 4.357387e-06 6.494409e-08 8.290359e-12 4.422339e-06 _57129_
 4.358189e-06 6.405603e-08 8.290359e-12 4.422254e-06 _57081_
 4.345013e-06 7.707295e-08 8.277386e-12 4.422094e-06 _57256_
 4.342556e-06 7.931767e-08 8.179840e-12 4.421882e-06 _53860_
 4.188022e-06 2.336348e-07 8.256911e-12 4.421664e-06 _57612_
 4.355606e-06 6.579910e-08 8.256911e-12 4.421413e-06 _57204_
 4.264180e-06 1.568326e-07 8.277386e-12 4.421020e-06 _57399_
 4.342394e-06 7.842257e-08 8.179840e-12 4.420825e-06 _54132_
 4.357199e-06 6.328214e-08 8.235214e-12 4.420490e-06 _57587_
 4.355907e-06 6.428206e-08 8.256911e-12 4.420197e-06 _57195_
 4.189388e-06 2.305496e-07 8.204386e-12 4.419946e-06 _57633_
 4.356916e-06 6.293042e-08 8.256911e-12 4.419854e-06 _57179_
 4.314181e-06 1.055024e-07 8.386528e-12 4.419692e-06 _56721_
 4.355440e-06 6.344683e-08 8.256911e-12 4.418895e-06 _57115_
 4.356814e-06 6.198630e-08 8.256911e-12 4.418808e-06 _57083_
 4.317994e-06 1.007043e-07 8.204386e-12 4.418706e-06 _57754_
 4.344724e-06 7.316230e-08 8.235214e-12 4.417895e-06 _57157_
 4.355374e-06 6.211977e-08 8.290359e-12 4.417502e-06 _57241_
 4.341960e-06 7.538167e-08 8.179840e-12 4.417349e-06 _54004_
 4.157355e-06 2.599234e-07 8.270697e-12 4.417287e-06 _57616_
 4.340438e-06 7.656489e-08 8.179840e-12 4.417011e-06 _53828_
 4.357276e-06 5.940467e-08 8.290359e-12 4.416689e-06 _57049_
 4.341251e-06 7.535362e-08 8.277386e-12 4.416613e-06 _57272_
 4.339755e-06 7.677009e-08 8.179840e-12 4.416534e-06 _54052_
 3.862524e-06 5.538277e-07 8.871810e-12 4.416361e-06 _57999_
 4.357101e-06 5.922999e-08 8.256911e-12 4.416339e-06 _57051_
 4.237515e-06 1.788124e-07 8.200380e-12 4.416336e-06 _57772_
 4.355949e-06 6.033832e-08 8.256911e-12 4.416296e-06 _57275_
 4.355012e-06 6.107173e-08 8.235214e-12 4.416092e-06 _57603_
 4.157290e-06 2.584516e-07 8.117819e-12 4.415750e-06 _57924_
 4.356097e-06 5.952327e-08 8.256911e-12 4.415628e-06 _57092_
 4.355551e-06 5.920767e-08 8.256911e-12 4.414767e-06 _57099_
 4.187310e-06 2.272988e-07 8.204386e-12 4.414616e-06 _57631_
 4.344316e-06 7.028596e-08 8.235214e-12 4.414610e-06 _57173_
 4.356242e-06 5.814879e-08 8.256911e-12 4.414399e-06 _57188_
 4.340913e-06 7.278835e-08 8.179840e-12 4.413709e-06 _53844_
 4.289242e-06 1.240544e-07 8.171386e-12 4.413305e-06 _57357_
 4.341200e-06 7.202956e-08 8.179840e-12 4.413238e-06 _54228_
 4.354655e-06 5.806815e-08 8.290359e-12 4.412731e-06 _57257_
 4.355547e-06 5.692093e-08 8.235214e-12 4.412476e-06 _57539_
 4.354436e-06 5.775237e-08 8.256911e-12 4.412197e-06 _57243_
 4.341095e-06 7.098285e-08 8.179840e-12 4.412086e-06 _54100_
 4.353506e-06 5.831727e-08 8.290359e-12 4.411832e-06 _57273_
 4.355668e-06 5.580636e-08 8.290359e-12 4.411482e-06 _57193_
 4.355801e-06 5.553180e-08 8.235214e-12 4.411341e-06 _57571_
 4.355126e-06 5.606370e-08 8.235214e-12 4.411198e-06 _57507_
 4.217193e-06 1.938511e-07 8.256911e-12 4.411052e-06 _57331_
 4.263125e-06 1.478495e-07 8.277386e-12 4.410983e-06 _57367_
 4.343633e-06 6.726510e-08 8.235214e-12 4.410907e-06 _57093_
 4.189588e-06 2.209027e-07 8.256911e-12 4.410499e-06 _57611_
 4.291137e-06 1.189479e-07 8.223909e-12 4.410093e-06 _57483_
 4.288408e-06 1.215847e-07 8.179840e-12 4.410002e-06 _58046_
 4.343465e-06 6.650223e-08 8.235214e-12 4.409976e-06 _57125_
 4.332654e-06 7.661011e-08 8.196340e-12 4.409273e-06 _57369_
 4.145564e-06 2.635756e-07 8.267300e-12 4.409148e-06 _57623_
 4.340455e-06 6.855869e-08 8.179840e-12 4.409022e-06 _53892_
 4.341040e-06 6.792740e-08 8.179840e-12 4.408976e-06 _54212_
 4.235435e-06 1.732355e-07 1.187713e-11 4.408683e-06 _55905_
 4.343388e-06 6.442158e-08 8.235214e-12 4.407818e-06 _57205_
 4.201846e-06 2.056128e-07 8.260409e-12 4.407467e-06 _57341_
 4.338042e-06 6.922872e-08 8.179840e-12 4.407279e-06 _54276_
 4.339556e-06 6.742672e-08 8.179840e-12 4.406991e-06 _53988_
 3.861278e-06 5.452060e-07 8.871810e-12 4.406494e-06 _57994_
 4.292716e-06 1.130869e-07 8.171386e-12 4.405811e-06 _57356_
 4.289574e-06 1.156966e-07 8.179840e-12 4.405278e-06 _58044_
 4.159025e-06 2.462192e-07 8.117819e-12 4.405252e-06 _57929_
 4.232474e-06 1.726426e-07 1.187713e-11 4.405128e-06 _56016_
 4.205033e-06 1.998848e-07 8.260409e-12 4.404926e-06 _57339_
 4.156660e-06 2.478322e-07 8.117819e-12 4.404501e-06 _57930_
 4.318173e-06 8.591741e-08 8.212297e-12 4.404098e-06 _57228_
 4.340361e-06 6.368141e-08 8.179840e-12 4.404051e-06 _54196_
 4.339207e-06 6.454427e-08 8.179840e-12 4.403759e-06 _53908_
 4.232326e-06 1.709316e-07 1.187713e-11 4.403269e-06 _55174_
 4.331558e-06 7.151509e-08 8.196340e-12 4.403081e-06 _57401_
 3.862532e-06 5.404925e-07 8.871810e-12 4.403033e-06 _57998_
 4.342447e-06 6.016226e-08 8.235214e-12 4.402618e-06 _57189_
 4.345356e-06 5.654107e-08 8.185223e-12 4.401905e-06 _53796_
 4.174195e-06 2.271891e-07 8.204386e-12 4.401392e-06 _57634_
 4.331168e-06 6.953874e-08 8.196340e-12 4.400715e-06 _57433_
 4.339985e-06 6.059911e-08 8.179840e-12 4.400592e-06 _54180_
 4.318515e-06 8.198483e-08 8.212297e-12 4.400508e-06 _57068_
 4.312926e-06 8.743115e-08 8.204386e-12 4.400365e-06 _54106_
 4.286223e-06 1.138780e-07 8.179840e-12 4.400109e-06 _54213_
 4.341088e-06 5.811520e-08 8.277386e-12 4.399211e-06 _57112_
 4.342080e-06 5.711385e-08 8.277386e-12 4.399202e-06 _57048_
 4.341854e-06 5.714815e-08 8.235214e-12 4.399010e-06 _57141_
 4.288265e-06 1.106160e-07 8.171386e-12 4.398889e-06 _56969_
 4.233674e-06 1.651809e-07 8.212297e-12 4.398863e-06 _58053_
 4.339010e-06 5.983814e-08 8.179840e-12 4.398856e-06 _53876_
 4.341989e-06 5.656637e-08 8.277386e-12 4.398564e-06 _57080_
 4.339199e-06 5.919229e-08 8.277386e-12 4.398400e-06 _57176_
 3.864228e-06 5.337995e-07 8.871810e-12 4.398037e-06 _57997_
 4.317327e-06 8.047354e-08 8.302788e-12 4.397809e-06 _57248_
 4.230837e-06 1.668293e-07 1.187713e-11 4.397678e-06 _55397_
 4.340858e-06 5.676976e-08 8.235214e-12 4.397636e-06 _57061_
 4.339189e-06 5.838656e-08 8.277386e-12 4.397583e-06 _57208_
 4.285373e-06 1.121372e-07 8.162799e-12 4.397518e-06 _54063_
 4.318333e-06 7.891159e-08 8.188158e-12 4.397253e-06 _57381_
 4.201858e-06 1.952273e-07 8.274059e-12 4.397094e-06 _57342_
 4.341735e-06 5.527442e-08 8.277386e-12 4.397018e-06 _57064_
 4.338971e-06 5.792937e-08 8.277386e-12 4.396909e-06 _57192_
 4.341632e-06 5.489845e-08 8.277386e-12 4.396539e-06 _57096_
 4.341272e-06 5.501359e-08 8.235214e-12 4.396293e-06 _57109_
 4.338081e-06 5.774551e-08 8.179840e-12 4.395834e-06 _53924_
 4.318157e-06 7.764440e-08 8.212297e-12 4.395810e-06 _57084_
 4.233592e-06 1.620787e-07 8.302788e-12 4.395679e-06 _57073_
 4.338393e-06 5.712050e-08 8.179840e-12 4.395521e-06 _54116_
 4.337821e-06 5.724089e-08 8.179840e-12 4.395070e-06 _54244_
 4.315857e-06 7.900145e-08 8.200380e-12 4.394867e-06 _57674_
 4.201236e-06 1.931929e-07 8.260409e-12 4.394437e-06 _57340_
 4.172675e-06 2.211945e-07 8.267300e-12 4.393878e-06 _57618_
 4.329064e-06 6.476326e-08 8.196340e-12 4.393836e-06 _57449_
 4.338192e-06 5.478078e-08 8.179840e-12 4.392980e-06 _54020_
 4.236095e-06 1.566193e-07 8.302788e-12 4.392723e-06 _57041_
 4.329321e-06 6.319787e-08 8.212297e-12 4.392527e-06 _57386_
 4.335399e-06 5.651387e-08 8.179840e-12 4.391921e-06 _54084_
 4.329399e-06 6.238212e-08 8.196340e-12 4.391790e-06 _57417_
 4.171025e-06 2.206855e-07 8.145214e-12 4.391719e-06 _58042_
 4.315955e-06 7.568831e-08 8.302788e-12 4.391652e-06 _57056_
 4.338982e-06 5.224156e-08 8.235214e-12 4.391231e-06 _57221_
 4.339240e-06 5.190630e-08 8.277386e-12 4.391155e-06 _57144_
 4.312618e-06 7.833177e-08 8.386528e-12 4.390958e-06 _56705_
 4.339601e-06 5.093315e-08 8.277386e-12 4.390542e-06 _57128_
 4.334870e-06 5.566238e-08 8.179840e-12 4.390541e-06 _54068_
 4.231601e-06 1.588588e-07 8.162799e-12 4.390468e-06 _53805_
 4.328811e-06 6.150449e-08 8.212297e-12 4.390323e-06 _57370_
 4.312139e-06 7.770377e-08 8.204386e-12 4.389851e-06 _53834_
 4.231833e-06 1.579226e-07 8.256911e-12 4.389764e-06 _58047_
 4.316285e-06 7.337054e-08 8.188158e-12 4.389664e-06 _57477_
 4.258400e-06 1.312053e-07 8.220071e-12 4.389613e-06 _54105_
 4.336584e-06 5.264384e-08 8.179840e-12 4.389236e-06 _53956_
 4.329143e-06 5.996309e-08 8.212297e-12 4.389114e-06 _57450_
 4.289760e-06 9.847472e-08 8.227711e-12 4.388242e-06 _57360_
 4.232174e-06 1.559933e-07 8.196340e-12 4.388176e-06 _58049_
 4.159225e-06 2.289132e-07 8.117819e-12 4.388146e-06 _57927_
 4.313364e-06 7.448187e-08 8.204386e-12 4.387854e-06 _53978_
 4.317005e-06 7.065157e-08 8.238916e-12 4.387664e-06 _57561_
 4.313939e-06 7.361488e-08 8.386528e-12 4.387562e-06 _58117_
 4.337085e-06 5.007432e-08 8.179840e-12 4.387167e-06 _54164_
 4.328850e-06 5.827885e-08 8.212297e-12 4.387137e-06 _57434_
 4.311179e-06 7.579212e-08 8.204386e-12 4.386980e-06 _53802_
 4.326807e-06 6.001582e-08 8.212297e-12 4.386831e-06 _57466_
 4.328804e-06 5.777291e-08 8.212297e-12 4.386585e-06 _57418_
 4.143300e-06 2.432374e-07 8.136217e-12 4.386545e-06 _57639_
 4.311475e-06 7.470438e-08 8.386528e-12 4.386187e-06 _53623_
 4.315038e-06 7.109091e-08 8.204386e-12 4.386137e-06 _57722_
 4.313131e-06 7.295863e-08 8.204386e-12 4.386098e-06 _53930_
 3.938811e-06 4.469337e-07 8.876905e-12 4.385754e-06 _57985_
 4.289882e-06 9.514047e-08 8.171386e-12 4.385030e-06 _56985_
 4.155649e-06 2.293537e-07 8.117819e-12 4.385010e-06 _57932_
 4.159283e-06 2.256712e-07 8.204386e-12 4.384962e-06 _57636_
 4.255379e-06 1.293116e-07 8.220071e-12 4.384699e-06 _53801_
 4.311066e-06 7.358121e-08 8.204386e-12 4.384656e-06 _54186_
 4.316393e-06 6.768298e-08 8.188158e-12 4.384084e-06 _57371_
 4.276914e-06 1.068106e-07 8.204386e-12 4.383733e-06 _57652_
 4.326166e-06 5.724505e-08 8.196340e-12 4.383419e-06 _57465_
 4.315219e-06 6.805016e-08 8.212297e-12 4.383277e-06 _57244_
 4.173738e-06 2.095048e-07 8.204386e-12 4.383251e-06 _57638_
 4.315426e-06 6.728885e-08 8.302788e-12 4.382723e-06 _57136_
 3.864070e-06 5.184231e-07 8.871810e-12 4.382502e-06 _57992_
 4.261541e-06 1.208943e-07 8.145214e-12 4.382443e-06 _57936_
 4.316395e-06 6.563945e-08 8.188158e-12 4.382043e-06 _57419_
 4.261937e-06 1.198686e-07 8.220071e-12 4.381814e-06 _57482_
 4.312497e-06 6.927249e-08 8.204386e-12 4.381778e-06 _53898_
 4.156263e-06 2.253098e-07 8.267300e-12 4.381581e-06 _57624_
 4.315088e-06 6.617250e-08 8.171386e-12 4.381269e-06 _57409_
 4.311958e-06 6.917389e-08 8.205690e-12 4.381140e-06 _53786_
 4.283395e-06 9.559022e-08 8.179840e-12 4.378993e-06 _53872_
 4.315332e-06 6.360234e-08 8.238916e-12 4.378943e-06 _57545_
 4.157437e-06 2.213927e-07 8.117819e-12 4.378838e-06 _57925_
 4.327771e-06 5.091327e-08 8.196340e-12 4.378692e-06 _57385_
 4.231357e-06 1.473168e-07 1.187713e-11 4.378686e-06 _55283_
 4.309763e-06 6.864654e-08 8.204386e-12 4.378417e-06 _53850_
 4.327077e-06 5.104272e-08 8.212297e-12 4.378127e-06 _57402_
 4.188453e-06 1.893586e-07 8.274059e-12 4.377820e-06 _57344_
 4.314013e-06 6.357700e-08 8.212297e-12 4.377598e-06 _57212_
 4.312283e-06 6.522797e-08 8.386528e-12 4.377519e-06 _53703_
 4.310043e-06 6.745132e-08 8.204386e-12 4.377502e-06 _54074_
 4.233913e-06 1.430715e-07 8.220071e-12 4.376993e-06 _56772_
 4.285961e-06 9.085041e-08 8.179840e-12 4.376820e-06 _54229_
 4.314891e-06 6.183731e-08 8.212297e-12 4.376737e-06 _57052_
 4.139235e-06 2.373610e-07 8.140732e-12 4.376604e-06 _57800_
 4.309676e-06 6.673564e-08 8.204386e-12 4.376419e-06 _54090_
 4.311508e-06 6.489793e-08 8.204386e-12 4.376414e-06 _53946_
 4.313731e-06 6.251283e-08 8.212297e-12 4.376252e-06 _57260_
 4.314104e-06 6.180178e-08 8.235214e-12 4.375914e-06 _57458_
 4.315624e-06 6.002861e-08 8.204386e-12 4.375661e-06 _57374_
 4.310822e-06 6.477768e-08 8.204386e-12 4.375608e-06 _54250_
 4.315215e-06 6.015004e-08 8.188158e-12 4.375373e-06 _57397_
 4.310518e-06 6.484566e-08 8.386528e-12 4.375372e-06 _53607_
 4.315163e-06 5.978477e-08 8.188158e-12 4.374956e-06 _57387_
 4.311412e-06 6.353012e-08 8.204386e-12 4.374951e-06 _53962_
 4.315050e-06 5.984495e-08 8.302788e-12 4.374903e-06 _57168_
 4.314406e-06 6.037553e-08 8.238916e-12 4.374790e-06 _57529_
 4.311043e-06 6.356175e-08 8.386528e-12 4.374613e-06 _56641_
 4.265003e-06 1.081504e-07 8.184016e-12 4.373161e-06 _57303_
 4.314571e-06 5.850875e-08 8.171386e-12 4.373088e-06 _57382_
 4.157693e-06 2.150851e-07 8.267300e-12 4.372786e-06 _57620_
 4.311115e-06 6.156097e-08 8.204386e-12 4.372685e-06 _53882_
 4.310994e-06 6.159517e-08 8.204386e-12 4.372597e-06 _53914_
 3.864079e-06 5.083679e-07 8.871810e-12 4.372456e-06 _57993_
 4.313590e-06 5.885498e-08 8.302788e-12 4.372453e-06 _57264_
 4.313280e-06 5.915260e-08 8.171386e-12 4.372440e-06 _57462_
 4.314249e-06 5.794974e-08 8.212297e-12 4.372207e-06 _57116_
 4.314475e-06 5.761680e-08 8.302788e-12 4.372100e-06 _57152_
 4.309425e-06 6.258626e-08 8.204386e-12 4.372019e-06 _54218_
 4.314898e-06 5.706028e-08 8.188158e-12 4.371966e-06 _57451_
 4.313666e-06 5.825577e-08 8.302788e-12 4.371930e-06 _57120_
 4.308921e-06 6.294076e-08 8.204386e-12 4.371870e-06 _53866_
 4.308443e-06 6.334303e-08 8.386528e-12 4.371794e-06 _53767_
 4.313742e-06 5.771052e-08 8.302788e-12 4.371461e-06 _57104_
 4.313219e-06 5.807352e-08 8.238916e-12 4.371301e-06 _57593_
 4.286519e-06 8.477072e-08 8.179840e-12 4.371298e-06 _54261_
 4.318062e-06 5.286532e-08 8.302788e-12 4.370935e-06 _57088_
 4.311692e-06 5.911221e-08 8.171386e-12 4.370812e-06 _57457_
 4.310698e-06 6.006528e-08 8.386528e-12 4.370771e-06 _58101_
 4.259869e-06 1.108550e-07 8.179840e-12 4.370732e-06 _56781_
 4.309014e-06 6.168020e-08 8.386528e-12 4.370702e-06 _53639_
 4.285178e-06 8.545973e-08 8.162799e-12 4.370646e-06 _53826_
 4.308970e-06 6.155220e-08 8.204386e-12 4.370530e-06 _54154_
 4.310630e-06 5.978721e-08 8.204386e-12 4.370425e-06 _54266_
 4.157479e-06 2.128118e-07 8.117819e-12 4.370299e-06 _57922_
 4.159042e-06 2.111645e-07 8.117819e-12 4.370214e-06 _57921_
 4.314564e-06 5.523502e-08 8.212297e-12 4.369807e-06 _57196_
 4.314236e-06 5.552011e-08 8.212297e-12 4.369765e-06 _57100_
 4.311892e-06 5.772175e-08 8.204386e-12 4.369622e-06 _57738_
 4.311255e-06 5.834417e-08 8.386528e-12 4.369608e-06 _58165_
 4.313387e-06 5.603867e-08 8.171386e-12 4.369434e-06 _57425_
 4.314639e-06 5.474686e-08 8.212297e-12 4.369394e-06 _57180_
 4.311836e-06 5.710500e-08 8.171386e-12 4.368949e-06 _57478_
 4.308838e-06 5.998410e-08 8.386528e-12 4.368830e-06 _58149_
 4.314209e-06 5.430941e-08 8.204386e-12 4.368526e-06 _57390_
 4.284151e-06 8.423652e-08 8.179840e-12 4.368396e-06 _53856_
 4.313068e-06 5.525977e-08 8.204386e-12 4.368336e-06 _57470_
 4.232740e-06 1.355195e-07 8.162799e-12 4.368268e-06 _58043_
 4.312856e-06 5.534951e-08 8.302788e-12 4.368214e-06 _57232_
 4.310582e-06 5.720496e-08 8.204386e-12 4.367795e-06 _57438_
 4.313127e-06 5.451264e-08 8.235214e-12 4.367648e-06 _57378_
 4.310732e-06 5.676028e-08 8.386528e-12 4.367501e-06 _58133_
 4.311449e-06 5.539582e-08 8.302788e-12 4.366853e-06 _57280_
 4.308385e-06 5.822767e-08 8.204386e-12 4.366621e-06 _54202_
 4.312695e-06 5.375708e-08 8.235214e-12 4.366460e-06 _57394_
 4.313766e-06 5.266031e-08 8.302788e-12 4.366434e-06 _57200_
 4.285592e-06 8.052393e-08 8.374599e-12 4.366124e-06 _53608_
 4.312679e-06 5.328074e-08 8.235214e-12 4.365968e-06 _57410_
 4.313891e-06 5.196855e-08 8.188158e-12 4.365868e-06 _57435_
 4.313423e-06 5.240918e-08 8.188158e-12 4.365841e-06 _57461_
 4.308320e-06 5.720364e-08 8.386528e-12 4.365532e-06 _53575_
 4.313691e-06 5.176731e-08 8.188158e-12 4.365466e-06 _57445_
 4.285966e-06 7.943294e-08 8.374599e-12 4.365407e-06 _53672_
 4.313217e-06 5.215065e-08 8.238916e-12 4.365375e-06 _57497_
 4.312772e-06 5.240891e-08 8.171386e-12 4.365189e-06 _57377_
 4.312302e-06 5.267436e-08 8.171386e-12 4.364984e-06 _57398_
 4.313623e-06 5.132429e-08 8.188158e-12 4.364955e-06 _57429_
 4.313105e-06 5.141769e-08 8.212297e-12 4.364531e-06 _57148_
 4.312143e-06 5.222917e-08 8.212297e-12 4.364380e-06 _57276_
 4.312030e-06 5.224553e-08 8.171386e-12 4.364284e-06 _57446_
 4.306969e-06 5.720595e-08 8.204386e-12 4.364183e-06 _54026_
 4.310466e-06 5.319067e-08 8.386528e-12 4.363666e-06 _56577_
 4.313474e-06 5.011238e-08 8.204386e-12 4.363594e-06 _57406_
 4.312696e-06 5.086091e-08 8.188158e-12 4.363565e-06 _57403_
 4.313224e-06 4.997925e-08 8.238916e-12 4.363211e-06 _57577_
 4.282813e-06 8.017505e-08 8.179840e-12 4.362997e-06 _54014_
 4.312459e-06 5.046939e-08 8.302788e-12 4.362937e-06 _57216_
 4.312833e-06 5.008808e-08 8.212297e-12 4.362929e-06 _57132_
 4.313238e-06 4.955062e-08 8.204386e-12 4.362797e-06 _57422_
 4.309435e-06 5.331235e-08 8.235214e-12 4.362755e-06 _57474_
 4.294823e-06 6.790585e-08 8.179840e-12 4.362737e-06 _53798_
 4.159288e-06 2.033123e-07 8.117819e-12 4.362608e-06 _57926_
 4.313163e-06 4.942711e-08 8.302788e-12 4.362598e-06 _57184_
 4.307596e-06 5.498888e-08 8.204386e-12 4.362593e-06 _54042_
 4.313627e-06 4.890980e-08 8.212297e-12 4.362545e-06 _57164_
 4.282420e-06 7.991856e-08 8.179840e-12 4.362347e-06 _54030_
 4.309468e-06 5.284202e-08 8.386528e-12 4.362319e-06 _58085_
 4.313233e-06 4.907196e-08 8.188158e-12 4.362313e-06 _57413_
 4.307592e-06 5.468845e-08 8.204386e-12 4.362289e-06 _54058_
 4.311163e-06 5.099828e-08 8.188158e-12 4.362169e-06 _57467_
 4.312942e-06 4.894252e-08 8.238916e-12 4.361893e-06 _57513_
 4.310466e-06 5.118061e-08 8.200380e-12 4.361654e-06 _57658_
 4.260328e-06 1.012085e-07 8.188158e-12 4.361545e-06 _56773_
 4.311942e-06 4.937895e-08 8.171386e-12 4.361329e-06 _57393_
 4.308715e-06 5.243365e-08 8.386528e-12 4.361157e-06 _56689_
 4.309632e-06 5.132456e-08 8.200380e-12 4.360964e-06 _57690_
 4.310080e-06 5.086347e-08 8.171386e-12 4.360952e-06 _57441_
 4.311910e-06 4.891323e-08 8.235214e-12 4.360831e-06 _57426_
 4.310815e-06 5.000508e-08 8.171386e-12 4.360828e-06 _57414_
 4.291673e-06 6.900402e-08 8.185223e-12 4.360685e-06 _53790_
 4.282326e-06 7.828482e-08 8.179840e-12 4.360619e-06 _53888_
 4.307655e-06 5.284609e-08 8.204386e-12 4.360509e-06 _54170_
 4.311658e-06 4.879156e-08 8.235214e-12 4.360458e-06 _57442_
 4.308756e-06 5.167245e-08 8.171386e-12 4.360436e-06 _57473_
 4.188234e-06 1.720872e-07 8.256911e-12 4.360330e-06 _57335_
 4.309844e-06 5.018698e-08 8.386528e-12 4.360039e-06 _58069_
 4.284627e-06 7.475039e-08 8.162799e-12 4.359385e-06 _54207_
 4.285507e-06 7.348110e-08 8.374599e-12 4.358996e-06 _53768_
 4.288228e-06 7.071680e-08 8.162799e-12 4.358953e-06 _56895_
 4.307263e-06 5.166740e-08 8.204386e-12 4.358939e-06 _54138_
 4.286941e-06 7.188515e-08 8.188158e-12 4.358834e-06 _56794_
 4.259061e-06 9.909208e-08 8.188158e-12 4.358161e-06 _56997_
 4.187715e-06 1.703049e-07 8.256911e-12 4.358028e-06 _57334_
 4.306925e-06 5.075149e-08 8.386528e-12 4.357685e-06 _53671_
 4.287384e-06 6.988062e-08 8.162799e-12 4.357273e-06 _57007_
 4.308481e-06 4.842068e-08 8.386528e-12 4.356910e-06 _56673_
 4.308522e-06 4.830207e-08 8.386528e-12 4.356833e-06 _56657_
 4.284963e-06 7.160065e-08 8.374599e-12 4.356571e-06 _53592_
 4.111529e-06 2.448659e-07 8.145214e-12 4.356403e-06 _57801_
 4.306337e-06 4.987220e-08 8.204386e-12 4.356217e-06 _54122_
 4.290137e-06 6.568752e-08 8.171036e-12 4.355833e-06 _53794_
 4.260022e-06 9.527751e-08 8.216202e-12 4.355308e-06 _57486_
 4.306348e-06 4.876536e-08 8.386528e-12 4.355121e-06 _53655_
 4.282418e-06 7.245826e-08 8.179840e-12 4.354884e-06 _54174_
 4.283871e-06 7.098893e-08 8.162799e-12 4.354868e-06 _53970_
 4.308803e-06 4.594277e-08 8.386528e-12 4.354754e-06 _53687_
 4.203683e-06 1.508576e-07 8.192265e-12 4.354548e-06 _57806_
 4.285518e-06 6.900495e-08 8.179840e-12 4.354531e-06 _54224_
 4.188342e-06 1.660486e-07 8.140732e-12 4.354399e-06 _57919_
 4.307223e-06 4.712136e-08 8.386528e-12 4.354352e-06 _53591_
 4.282998e-06 7.113837e-08 8.179840e-12 4.354144e-06 _53840_
 4.284587e-06 6.932815e-08 8.179840e-12 4.353923e-06 _54262_
 4.305344e-06 4.848341e-08 8.386528e-12 4.353835e-06 _56609_
 4.306279e-06 4.728707e-08 8.386528e-12 4.353574e-06 _56593_
 4.284464e-06 6.802662e-08 8.171386e-12 4.352499e-06 _57436_
 4.283640e-06 6.873810e-08 8.179840e-12 4.352387e-06 _54064_
 4.286852e-06 6.532352e-08 8.171386e-12 4.352184e-06 _57407_
 4.283532e-06 6.851921e-08 8.374599e-12 4.352059e-06 _56610_
 3.863945e-06 4.877730e-07 8.871810e-12 4.351727e-06 _57988_
 4.286024e-06 6.543144e-08 8.188158e-12 4.351464e-06 _56922_
 4.282854e-06 6.838403e-08 8.162799e-12 4.351246e-06 _54271_
 4.286382e-06 6.452342e-08 8.171386e-12 4.350914e-06 _56937_
 4.247092e-06 1.026764e-07 8.235214e-12 4.349776e-06 _57489_
 4.282290e-06 6.733904e-08 8.162799e-12 4.349637e-06 _53858_
 4.284124e-06 6.468627e-08 8.162799e-12 4.348819e-06 _54127_
 4.284545e-06 6.416065e-08 8.171386e-12 4.348714e-06 _57017_
 4.283044e-06 6.526232e-08 8.162799e-12 4.348315e-06 _53922_
 4.217611e-06 1.306729e-07 8.145214e-12 4.348292e-06 _57854_
 4.282709e-06 6.540889e-08 8.162799e-12 4.348126e-06 _54255_
 4.232128e-06 1.157751e-07 1.187713e-11 4.347914e-06 _55063_
 4.286928e-06 6.066257e-08 8.188158e-12 4.347598e-06 _56842_
 4.286096e-06 6.149416e-08 8.188158e-12 4.347598e-06 _56986_
 4.281522e-06 6.558523e-08 8.179840e-12 4.347115e-06 _54046_
 4.282417e-06 6.465675e-08 8.179840e-12 4.347082e-06 _54037_
 4.281824e-06 6.520335e-08 8.162799e-12 4.347035e-06 _53871_
 4.282620e-06 6.425566e-08 8.179840e-12 4.346884e-06 _54069_
 4.251360e-06 9.506573e-08 8.246215e-12 4.346434e-06 _57487_
 4.282977e-06 6.305081e-08 8.162799e-12 4.346036e-06 _54162_
 4.229784e-06 1.160304e-07 8.204386e-12 4.345823e-06 _56779_
 4.283889e-06 6.175932e-08 8.374599e-12 4.345656e-06 _53704_
 4.288626e-06 5.679588e-08 8.187915e-12 4.345430e-06 _53797_
 4.259986e-06 8.536212e-08 8.188158e-12 4.345357e-06 _56917_
 4.283594e-06 6.173723e-08 8.227711e-12 4.345339e-06 _57408_
 4.287422e-06 5.783094e-08 8.171386e-12 4.345261e-06 _57388_
 4.282544e-06 6.266407e-08 8.179840e-12 4.345216e-06 _53822_
 4.286366e-06 5.881722e-08 8.162799e-12 4.345191e-06 _56879_
 4.281132e-06 6.372785e-08 8.162799e-12 4.344868e-06 _54050_
 4.221406e-06 1.234168e-07 8.235214e-12 4.344831e-06 _57490_
 4.284002e-06 6.022086e-08 8.171386e-12 4.344231e-06 _57373_
 4.294659e-06 4.955504e-08 8.171036e-12 4.344222e-06 _53791_
 4.279430e-06 6.439770e-08 8.162799e-12 4.343836e-06 _53903_
 4.286374e-06 5.713591e-08 8.162799e-12 4.343518e-06 _56847_
 4.281620e-06 6.164985e-08 8.179840e-12 4.343278e-06 _54117_
 4.279903e-06 6.326222e-08 8.179840e-12 4.343173e-06 _53984_
 4.281637e-06 6.132085e-08 8.179840e-12 4.342966e-06 _53989_
 4.281400e-06 6.150324e-08 8.374599e-12 4.342911e-06 _56722_
 4.279826e-06 6.295000e-08 8.179840e-12 4.342785e-06 _53918_
 4.283144e-06 5.944504e-08 8.171386e-12 4.342597e-06 _57437_
 4.129583e-06 2.128696e-07 8.136217e-12 4.342461e-06 _57640_
 4.281985e-06 6.033304e-08 8.162799e-12 4.342326e-06 _54002_
 4.286313e-06 5.593620e-08 8.162799e-12 4.342258e-06 _56815_
 4.281108e-06 6.105248e-08 8.162799e-12 4.342169e-06 _54258_
 4.283113e-06 5.902096e-08 8.179840e-12 4.342141e-06 _54165_
 4.281205e-06 6.066479e-08 8.179840e-12 4.341878e-06 _53824_
 4.280949e-06 6.081465e-08 8.162799e-12 4.341772e-06 _54047_
 4.286157e-06 5.553605e-08 8.171386e-12 4.341702e-06 _57452_
 4.285242e-06 5.640336e-08 8.171386e-12 4.341653e-06 _56793_
 4.285633e-06 5.592866e-08 8.171386e-12 4.341569e-06 _56809_
 4.284858e-06 5.646602e-08 8.171386e-12 4.341332e-06 _56905_
 4.282572e-06 5.874150e-08 8.162799e-12 4.341322e-06 _54034_
 4.285275e-06 5.578651e-08 8.188158e-12 4.341070e-06 _57002_
 4.284240e-06 5.665479e-08 8.171386e-12 4.340903e-06 _56889_
 4.281645e-06 5.908525e-08 8.162799e-12 4.340739e-06 _53938_
 4.281823e-06 5.890232e-08 8.179840e-12 4.340734e-06 _54134_
 4.281652e-06 5.901031e-08 8.179840e-12 4.340670e-06 _53926_
 4.231715e-06 1.089370e-07 8.216202e-12 4.340660e-06 _57485_
 4.285182e-06 5.543993e-08 8.171386e-12 4.340630e-06 _57439_
 4.280925e-06 5.963516e-08 8.179840e-12 4.340568e-06 _54000_
 4.280405e-06 5.998341e-08 8.162799e-12 4.340397e-06 _54159_
 4.283629e-06 5.671418e-08 8.374599e-12 4.340351e-06 _58102_
 4.284321e-06 5.601853e-08 8.235214e-12 4.340348e-06 _57541_
 4.285017e-06 5.527312e-08 8.162799e-12 4.340298e-06 _56975_
 4.284831e-06 5.541059e-08 8.171386e-12 4.340250e-06 _57391_
 4.280445e-06 5.975919e-08 8.179840e-12 4.340213e-06 _53934_
 4.282806e-06 5.732365e-08 8.179840e-12 4.340138e-06 _53909_
 4.284504e-06 5.560941e-08 8.162799e-12 4.340121e-06 _56911_
 4.230272e-06 1.098088e-07 1.187713e-11 4.340093e-06 _56552_
 4.284942e-06 5.510094e-08 8.171386e-12 4.340051e-06 _57468_
 4.280114e-06 5.991023e-08 8.179840e-12 4.340032e-06 _53904_
 4.282695e-06 5.718323e-08 8.162799e-12 4.339886e-06 _54226_
 4.281630e-06 5.807265e-08 8.179840e-12 4.339711e-06 _54160_
 4.281564e-06 5.798647e-08 8.162799e-12 4.339558e-06 _53954_
 4.227999e-06 1.114393e-07 8.162799e-12 4.339447e-06 _53837_
 4.285213e-06 5.391339e-08 8.162799e-12 4.339135e-06 _56863_
 4.282319e-06 5.669237e-08 8.374599e-12 4.339020e-06 _53640_
 4.281352e-06 5.763992e-08 8.179840e-12 4.339000e-06 _54021_
 4.281274e-06 5.766078e-08 8.162799e-12 4.338943e-06 _53986_
 4.279871e-06 5.901730e-08 8.179840e-12 4.338896e-06 _53829_
 4.284085e-06 5.475951e-08 8.235214e-12 4.338852e-06 _57573_
 4.278828e-06 5.991676e-08 8.179840e-12 4.338753e-06 _53998_
 4.279908e-06 5.800789e-08 8.179840e-12 4.337924e-06 _53808_
 4.231629e-06 1.062387e-07 8.171386e-12 4.337875e-06 _57871_
 4.282314e-06 5.551646e-08 8.374599e-12 4.337839e-06 _58118_
 4.284277e-06 5.333276e-08 8.374599e-12 4.337618e-06 _58134_
 4.283431e-06 5.370622e-08 8.188158e-12 4.337145e-06 _56826_
 4.283498e-06 5.344528e-08 8.179840e-12 4.336951e-06 _53974_
 4.285364e-06 5.155900e-08 8.162799e-12 4.336931e-06 _56799_
 4.278983e-06 5.788126e-08 8.162799e-12 4.336872e-06 _54114_
 4.284112e-06 5.274034e-08 8.171386e-12 4.336861e-06 _57469_
 4.255920e-06 8.084029e-08 8.220071e-12 4.336769e-06 _53865_
 4.282915e-06 5.371555e-08 8.171386e-12 4.336639e-06 _57389_
 4.284652e-06 5.194188e-08 8.235214e-12 4.336602e-06 _57509_
 4.281756e-06 5.472361e-08 8.179840e-12 4.336487e-06 _54128_
 4.284106e-06 5.214481e-08 8.374599e-12 4.336259e-06 _58150_
 4.279902e-06 5.634442e-08 8.179840e-12 4.336255e-06 _53950_
 4.169541e-06 1.665143e-07 8.162799e-12 4.336064e-06 _54123_
 4.283896e-06 5.213714e-08 8.162799e-12 4.336041e-06 _56943_
 4.280991e-06 5.500367e-08 8.179840e-12 4.336002e-06 _53910_
 4.279333e-06 5.660954e-08 8.179840e-12 4.335951e-06 _54078_
 4.280675e-06 5.515382e-08 8.162799e-12 4.335837e-06 _54223_
 4.284754e-06 5.096792e-08 8.223909e-12 4.335730e-06 _57563_
 4.281571e-06 5.393702e-08 8.374599e-12 4.335516e-06 _53752_
 4.280113e-06 5.533890e-08 8.162799e-12 4.335460e-06 _54175_
 4.279270e-06 5.607008e-08 8.179840e-12 4.335348e-06 _54126_
 4.280960e-06 5.432905e-08 8.179840e-12 4.335297e-06 _54070_
 4.283179e-06 5.183164e-08 8.188158e-12 4.335019e-06 _56874_
 4.172639e-06 1.622600e-07 8.274059e-12 4.334907e-06 _57349_
 4.283681e-06 5.119188e-08 8.171386e-12 4.334881e-06 _56921_
 4.282650e-06 5.208614e-08 8.171386e-12 4.334744e-06 _57471_
 4.283181e-06 5.154874e-08 8.227711e-12 4.334738e-06 _57472_
 4.281003e-06 5.356776e-08 8.179840e-12 4.334579e-06 _54054_
 4.284116e-06 5.034100e-08 8.171386e-12 4.334465e-06 _57423_
 4.284177e-06 5.022945e-08 8.227711e-12 4.334414e-06 _57456_
 4.228777e-06 1.056146e-07 1.187713e-11 4.334403e-06 _56558_
 4.279855e-06 5.442334e-08 8.162799e-12 4.334286e-06 _54031_
 4.220628e-06 1.136102e-07 8.145214e-12 4.334247e-06 _57853_
 4.280983e-06 5.303161e-08 8.162799e-12 4.334023e-06 _53890_
 4.280294e-06 5.369103e-08 8.179840e-12 4.333994e-06 _53862_
 4.281208e-06 5.274950e-08 8.179840e-12 4.333965e-06 _54245_
 4.279857e-06 5.409924e-08 8.371825e-12 4.333965e-06 _56738_
 4.282954e-06 5.093727e-08 8.188158e-12 4.333899e-06 _56858_
 4.281247e-06 5.255164e-08 8.162799e-12 4.333806e-06 _54146_
 4.227486e-06 1.061815e-07 8.162799e-12 4.333675e-06 _54109_
 4.279643e-06 5.398745e-08 8.179840e-12 4.333639e-06 _53952_
 4.279011e-06 5.449101e-08 8.179840e-12 4.333510e-06 _53920_
 4.232009e-06 1.014821e-07 8.235214e-12 4.333499e-06 _57590_
 4.284179e-06 4.928706e-08 8.223909e-12 4.333474e-06 _57499_
 4.282519e-06 5.091342e-08 8.171386e-12 4.333440e-06 _57001_
 4.167982e-06 1.654153e-07 8.145214e-12 4.333406e-06 _53820_
 4.280515e-06 5.285219e-08 8.179840e-12 4.333376e-06 _53846_
 4.280331e-06 5.300430e-08 8.179840e-12 4.333344e-06 _53877_
 4.284359e-06 4.893445e-08 8.223909e-12 4.333302e-06 _57531_
 4.278975e-06 5.423443e-08 8.374599e-12 4.333218e-06 _56674_
 4.280244e-06 5.249756e-08 8.179840e-12 4.332749e-06 _53894_
 4.280630e-06 5.209377e-08 8.179840e-12 4.332731e-06 _53957_
 4.284282e-06 4.841729e-08 8.171386e-12 4.332707e-06 _56841_
 4.230700e-06 1.019014e-07 8.227711e-12 4.332609e-06 _56780_
 4.279981e-06 5.259577e-08 8.162799e-12 4.332585e-06 _53855_
 4.280301e-06 5.217255e-08 8.179840e-12 4.332482e-06 _53861_
 4.280638e-06 5.178450e-08 8.179840e-12 4.332431e-06 _54086_
 4.280141e-06 5.225496e-08 8.179840e-12 4.332404e-06 _54085_
 4.280013e-06 5.237818e-08 8.179840e-12 4.332400e-06 _54277_
 4.281595e-06 5.069176e-08 8.171386e-12 4.332295e-06 _57405_
 4.282253e-06 5.001412e-08 8.179840e-12 4.332276e-06 _54208_
 4.142166e-06 1.900973e-07 8.127086e-12 4.332272e-06 _57790_
 4.258881e-06 7.323030e-08 8.277386e-12 4.332119e-06 _57431_
 4.279446e-06 5.257196e-08 8.162799e-12 4.332026e-06 _54015_
 4.283141e-06 4.879042e-08 8.188158e-12 4.331940e-06 _56938_
 4.281646e-06 5.027393e-08 8.374599e-12 4.331929e-06 _53720_
 4.279674e-06 5.203369e-08 8.179840e-12 4.331716e-06 _54022_
 4.279871e-06 5.176013e-08 8.179840e-12 4.331640e-06 _54101_
 4.282045e-06 4.930032e-08 8.235214e-12 4.331354e-06 _57605_
 4.281269e-06 5.002238e-08 8.374599e-12 4.331299e-06 _53688_
 4.280856e-06 5.027047e-08 8.162799e-12 4.331135e-06 _54194_
 4.280638e-06 5.047169e-08 8.179840e-12 4.331117e-06 _54198_
 4.284034e-06 4.704790e-08 8.171386e-12 4.331090e-06 _57404_
 4.281493e-06 4.948087e-08 8.227711e-12 4.330982e-06 _57424_
 4.281984e-06 4.868427e-08 8.179840e-12 4.330677e-06 _54256_
 4.257051e-06 7.342498e-08 8.277386e-12 4.330484e-06 _57383_
 4.278867e-06 5.149804e-08 8.179840e-12 4.330373e-06 _53838_
 4.282117e-06 4.822212e-08 8.374599e-12 4.330348e-06 _58070_
 4.278092e-06 5.220899e-08 8.179840e-12 4.330309e-06 _54032_
 4.283847e-06 4.643229e-08 8.223909e-12 4.330288e-06 _57547_
 4.282464e-06 4.759139e-08 8.188158e-12 4.330063e-06 _56890_
 4.284313e-06 4.572926e-08 8.162799e-12 4.330051e-06 _56831_
 4.279213e-06 5.081326e-08 8.162799e-12 4.330034e-06 _53999_
 4.280790e-06 4.923227e-08 8.179840e-12 4.330030e-06 _54096_
 4.158708e-06 1.712045e-07 8.171386e-12 4.329921e-06 _57782_
 4.279717e-06 5.014092e-08 8.179840e-12 4.329866e-06 _53941_
 4.279634e-06 5.019093e-08 8.162799e-12 4.329833e-06 _53839_
 4.280376e-06 4.920161e-08 8.179840e-12 4.329585e-06 _54118_
 4.283465e-06 4.606634e-08 8.227711e-12 4.329539e-06 _57440_
 4.281029e-06 4.850091e-08 8.179840e-12 4.329538e-06 _54181_
 4.283376e-06 4.613452e-08 8.171386e-12 4.329519e-06 _57375_
 4.283000e-06 4.648505e-08 8.171386e-12 4.329494e-06 _56873_
 4.279353e-06 5.010329e-08 8.179840e-12 4.329464e-06 _54150_
 4.283775e-06 4.561124e-08 8.171386e-12 4.329394e-06 _56857_
 4.277796e-06 5.156135e-08 8.179840e-12 4.329365e-06 _53968_
 4.279718e-06 4.959277e-08 8.179840e-12 4.329319e-06 _54005_
 4.281444e-06 4.781532e-08 8.179840e-12 4.329267e-06 _54240_
 4.253471e-06 7.578387e-08 8.220071e-12 4.329263e-06 _53929_
 4.279627e-06 4.953896e-08 8.179840e-12 4.329174e-06 _54238_
 4.282459e-06 4.657651e-08 8.235214e-12 4.329043e-06 _57525_
 4.278290e-06 5.072240e-08 8.179840e-12 4.329021e-06 _53813_
 4.282929e-06 4.598428e-08 8.171386e-12 4.328921e-06 _57455_
 4.278661e-06 5.020169e-08 8.179840e-12 4.328871e-06 _54222_
 4.278954e-06 4.982001e-08 8.162799e-12 4.328782e-06 _54082_
 4.280648e-06 4.809712e-08 8.374599e-12 4.328753e-06 _53656_
 4.279976e-06 4.863960e-08 8.179840e-12 4.328624e-06 _53973_
 4.279863e-06 4.853932e-08 8.162799e-12 4.328410e-06 _54018_
 4.276888e-06 5.148742e-08 8.162799e-12 4.328384e-06 _53887_
 4.282649e-06 4.572465e-08 8.162799e-12 4.328382e-06 _56927_
 4.280241e-06 4.798363e-08 8.179840e-12 4.328233e-06 _54182_
 4.284112e-06 4.410769e-08 8.223909e-12 4.328228e-06 _57579_
 4.282184e-06 4.594048e-08 8.188158e-12 4.328132e-06 _56954_
 4.283320e-06 4.477183e-08 8.223909e-12 4.328100e-06 _57515_
 4.279440e-06 4.858295e-08 8.179840e-12 4.328032e-06 _54197_
 4.283545e-06 4.447864e-08 8.171386e-12 4.328032e-06 _56825_
 4.282084e-06 4.582456e-08 8.162799e-12 4.327917e-06 _56959_
 4.277629e-06 5.015851e-08 8.162799e-12 4.327796e-06 _54098_
 4.279457e-06 4.818822e-08 8.179840e-12 4.327653e-06 _54270_
 4.282586e-06 4.505596e-08 8.235214e-12 4.327650e-06 _57589_
 4.279110e-06 4.849344e-08 8.179840e-12 4.327612e-06 _54006_
 4.282923e-06 4.467017e-08 8.227711e-12 4.327601e-06 _57376_
 4.280290e-06 4.725367e-08 8.179840e-12 4.327552e-06 _54144_
 4.281735e-06 4.576550e-08 8.162799e-12 4.327508e-06 _57023_
 4.277410e-06 5.007170e-08 8.179840e-12 4.327489e-06 _53966_
 4.283052e-06 4.441370e-08 8.223909e-12 4.327474e-06 _57595_
 4.279671e-06 4.741273e-08 8.162799e-12 4.327092e-06 _54191_
 4.282112e-06 4.491981e-08 8.188158e-12 4.327040e-06 _56906_
 4.281736e-06 4.525251e-08 8.374599e-12 4.326997e-06 _56594_
 4.277475e-06 4.950308e-08 8.179840e-12 4.326987e-06 _54048_
 4.280841e-06 4.604258e-08 8.179840e-12 4.326892e-06 _54149_
 4.283227e-06 4.365605e-08 8.171386e-12 4.326891e-06 _57372_
 4.269925e-06 5.695567e-08 8.158453e-12 4.326889e-06 _58003_
 4.282315e-06 4.455545e-08 8.188158e-12 4.326879e-06 _57018_
 4.278759e-06 4.806975e-08 8.374599e-12 4.326837e-06 _53624_
 4.277729e-06 4.907253e-08 8.179840e-12 4.326810e-06 _53854_
 4.279438e-06 4.725634e-08 8.179840e-12 4.326702e-06 _53806_
 4.282880e-06 4.380050e-08 8.188158e-12 4.326689e-06 _56970_
 4.280237e-06 4.635477e-08 8.179840e-12 4.326600e-06 _54112_
 4.277894e-06 4.867199e-08 8.162799e-12 4.326574e-06 _53874_
 4.282090e-06 4.439513e-08 8.235214e-12 4.326494e-06 _57557_
 4.280370e-06 4.606633e-08 8.171386e-12 4.326445e-06 _57420_
 4.280499e-06 4.585534e-08 8.171386e-12 4.326363e-06 _57421_
 4.113045e-06 2.132943e-07 8.131669e-12 4.326347e-06 _57829_
 4.278062e-06 4.816338e-08 8.162799e-12 4.326233e-06 _53906_
 4.277693e-06 4.848519e-08 8.179840e-12 4.326187e-06 _53886_
 4.218364e-06 1.078041e-07 8.238916e-12 4.326176e-06 _57488_
 4.282504e-06 4.363300e-08 8.162799e-12 4.326145e-06 _56991_
 4.232243e-06 9.385101e-08 8.154075e-12 4.326102e-06 _57716_
 4.279906e-06 4.612859e-08 8.162799e-12 4.326043e-06 _54130_
 4.280696e-06 4.520713e-08 8.374599e-12 4.325911e-06 _56578_
 4.280535e-06 4.535896e-08 8.162799e-12 4.325902e-06 _54210_
 4.281821e-06 4.406374e-08 8.179840e-12 4.325893e-06 _53958_
 4.279583e-06 4.616752e-08 8.374599e-12 4.325759e-06 _56642_
 4.277623e-06 4.812011e-08 8.179840e-12 4.325751e-06 _53902_
 4.280478e-06 4.523734e-08 8.227711e-12 4.325724e-06 _57392_
 4.277606e-06 4.807374e-08 8.179840e-12 4.325688e-06 _53870_
 4.279329e-06 4.625018e-08 8.179840e-12 4.325587e-06 _54080_
 4.281337e-06 4.405148e-08 8.374599e-12 4.325396e-06 _58086_
 4.279252e-06 4.611492e-08 8.179840e-12 4.325375e-06 _54214_
 3.864449e-06 4.609032e-07 8.871810e-12 4.325362e-06 _57996_
 4.279881e-06 4.527472e-08 8.162799e-12 4.325163e-06 _53983_
 4.279058e-06 4.609316e-08 8.179840e-12 4.325160e-06 _54254_
 4.279694e-06 4.545192e-08 8.162799e-12 4.325154e-06 _54178_
 4.278240e-06 4.682028e-08 8.179840e-12 4.325068e-06 _53936_
 4.281730e-06 4.332484e-08 8.188158e-12 4.325063e-06 _56810_
 4.280389e-06 4.462382e-08 8.171386e-12 4.325021e-06 _57453_
 4.279248e-06 4.575818e-08 8.179840e-12 4.325014e-06 _53942_
 4.279883e-06 4.504331e-08 8.179840e-12 4.324934e-06 _54278_
 4.278617e-06 4.616570e-08 8.179840e-12 4.324791e-06 _54272_
 4.277907e-06 4.673444e-08 8.374599e-12 4.324650e-06 _53576_
 4.279384e-06 4.507991e-08 8.374599e-12 4.324473e-06 _56626_
 4.114056e-06 2.103372e-07 8.127086e-12 4.324401e-06 _57797_
 4.278137e-06 4.621077e-08 8.162799e-12 4.324356e-06 _54095_
 4.279881e-06 4.441370e-08 8.171386e-12 4.324303e-06 _56953_
 4.254593e-06 6.969835e-08 8.220071e-12 4.324299e-06 _53817_
 4.278700e-06 4.555367e-08 8.179840e-12 4.324262e-06 _53925_
 4.279752e-06 4.448611e-08 8.162799e-12 4.324246e-06 _53951_
 4.278711e-06 4.547853e-08 8.179840e-12 4.324198e-06 _54166_
 4.254988e-06 6.884480e-08 8.220071e-12 4.323841e-06 _53833_
 4.279666e-06 4.416476e-08 8.162799e-12 4.323839e-06 _54239_
 4.278563e-06 4.526514e-08 8.179840e-12 4.323836e-06 _54133_
 4.277940e-06 4.588485e-08 8.179840e-12 4.323833e-06 _54176_
 4.278089e-06 4.540794e-08 8.162799e-12 4.323505e-06 _53823_
 4.278033e-06 4.516652e-08 8.179840e-12 4.323208e-06 _54192_
 4.277379e-06 4.575900e-08 8.179840e-12 4.323146e-06 _53845_
 4.277967e-06 4.512437e-08 8.162799e-12 4.323100e-06 _53807_
 4.230521e-06 9.255191e-08 8.235214e-12 4.323081e-06 _57494_
 4.277658e-06 4.521902e-08 8.179840e-12 4.322885e-06 _54246_
 4.277240e-06 4.545613e-08 8.374599e-12 4.322704e-06 _56658_
 4.278710e-06 4.387215e-08 8.179840e-12 4.322590e-06 _53893_
 4.279188e-06 4.329531e-08 8.179840e-12 4.322492e-06 _54102_
 4.279458e-06 4.300711e-08 8.162799e-12 4.322474e-06 _53967_
 4.271173e-06 5.128694e-08 8.204386e-12 4.322468e-06 _57684_
 4.278545e-06 4.382266e-08 8.179840e-12 4.322376e-06 _53878_
 4.231550e-06 9.073447e-08 8.256911e-12 4.322293e-06 _57368_
 4.276886e-06 4.537464e-08 8.179840e-12 4.322269e-06 _53830_
 4.277633e-06 4.444337e-08 8.162799e-12 4.322085e-06 _54274_
 4.278001e-06 4.402792e-08 8.179840e-12 4.322037e-06 _54062_
 4.278131e-06 4.387207e-08 8.179840e-12 4.322011e-06 _53990_
 4.143080e-06 1.789192e-07 8.127086e-12 4.322007e-06 _57823_
 4.255648e-06 6.631670e-08 8.220071e-12 4.321972e-06 _53993_
 4.277043e-06 4.473027e-08 8.179840e-12 4.321781e-06 _54142_
 4.278104e-06 4.354123e-08 8.179840e-12 4.321653e-06 _54190_
 4.278508e-06 4.311053e-08 8.179840e-12 4.321627e-06 _54053_
 4.278288e-06 4.324816e-08 8.179840e-12 4.321545e-06 _54038_
 4.278610e-06 4.292076e-08 8.162799e-12 4.321539e-06 _54111_
 4.257798e-06 6.360776e-08 8.188158e-12 4.321414e-06 _56965_
 4.276962e-06 4.440738e-08 8.179840e-12 4.321378e-06 _54094_
 4.278105e-06 4.316709e-08 8.374599e-12 4.321280e-06 _56706_
 4.277526e-06 4.373077e-08 8.162799e-12 4.321265e-06 _54066_
 4.276421e-06 4.426967e-08 8.179840e-12 4.320699e-06 _54016_
 4.277060e-06 4.336967e-08 8.374599e-12 4.320438e-06 _56690_
 4.277725e-06 4.233458e-08 8.162799e-12 4.320068e-06 _53935_
 4.253998e-06 6.591043e-08 8.220071e-12 4.319917e-06 _54121_
 4.218755e-06 1.009012e-07 8.236980e-12 4.319664e-06 _56770_
 4.276884e-06 4.275000e-08 8.179840e-12 4.319642e-06 _54110_
 4.229763e-06 8.940971e-08 8.188158e-12 4.319181e-06 _56782_
 4.275511e-06 4.355214e-08 8.162799e-12 4.319071e-06 _53919_
 4.230704e-06 8.834343e-08 8.216202e-12 4.319055e-06 _57484_
 4.268135e-06 5.061247e-08 8.204386e-12 4.318756e-06 _57700_
 4.230975e-06 8.744481e-08 8.162799e-12 4.318428e-06 _56776_
 4.252710e-06 6.520315e-08 8.220071e-12 4.317922e-06 _53913_
 4.201955e-06 1.151691e-07 8.154075e-12 4.317132e-06 _56774_
 4.131709e-06 1.850483e-07 8.149662e-12 4.316766e-06 _57799_
 4.227227e-06 8.915239e-08 8.256911e-12 4.316388e-06 _54065_
 4.227181e-06 8.691606e-08 8.162799e-12 4.314105e-06 _54013_
 4.172748e-06 1.409579e-07 8.212297e-12 4.313714e-06 _57626_
 4.227082e-06 8.617469e-08 8.162799e-12 4.313265e-06 _54205_
 4.257257e-06 5.586339e-08 8.188158e-12 4.313129e-06 _56821_
 4.269653e-06 4.269423e-08 8.204386e-12 4.312355e-06 _57668_
 4.257549e-06 5.445977e-08 8.220071e-12 4.312017e-06 _57578_
 4.256466e-06 5.552139e-08 8.188158e-12 4.311995e-06 _56949_
 4.111931e-06 2.000337e-07 8.131669e-12 4.311973e-06 _57833_
 4.225061e-06 8.660381e-08 8.196340e-12 4.311673e-06 _54115_
 4.253715e-06 5.773133e-08 8.220071e-12 4.311455e-06 _54009_
 4.255328e-06 5.572369e-08 8.179840e-12 4.311060e-06 _57021_
 4.256223e-06 5.449131e-08 8.179840e-12 4.310723e-06 _56989_
 4.225607e-06 8.465279e-08 8.162799e-12 4.310268e-06 _53901_
 4.255660e-06 5.430303e-08 8.188158e-12 4.309971e-06 _56901_
 4.256056e-06 5.235142e-08 8.188158e-12 4.308416e-06 _56933_
 4.255977e-06 5.236475e-08 8.188158e-12 4.308350e-06 _56869_
 4.255618e-06 5.210413e-08 8.179840e-12 4.307731e-06 _56973_
 4.256293e-06 5.100623e-08 8.220071e-12 4.307308e-06 _57498_
 4.252969e-06 5.385663e-08 8.220071e-12 4.306834e-06 _54073_
 4.252084e-06 5.453698e-08 8.220071e-12 4.306629e-06 _54201_
 4.214833e-06 9.176954e-08 8.188158e-12 4.306611e-06 _57643_
 4.254879e-06 5.110792e-08 8.188158e-12 4.305995e-06 _56981_
 4.255573e-06 5.028807e-08 8.188158e-12 4.305869e-06 _56853_
 4.252070e-06 5.373465e-08 8.220071e-12 4.305813e-06 _54169_
 4.255464e-06 4.989627e-08 8.188158e-12 4.305368e-06 _56885_
 4.255193e-06 4.977413e-08 8.277386e-12 4.304975e-06 _57463_
 4.252186e-06 5.274190e-08 8.220071e-12 4.304936e-06 _53849_
 3.863749e-06 4.410106e-07 8.871810e-12 4.304768e-06 _57989_
 3.943034e-06 3.614514e-07 8.876905e-12 4.304494e-06 _57972_
 4.250173e-06 5.392623e-08 8.220071e-12 4.304107e-06 _53881_
 4.252434e-06 5.152542e-08 8.220071e-12 4.303968e-06 _54041_
 4.229505e-06 7.426588e-08 8.220071e-12 4.303779e-06 _56900_
 4.252240e-06 5.101569e-08 8.220071e-12 4.303264e-06 _54025_
 4.250719e-06 5.239642e-08 8.220071e-12 4.303123e-06 _54217_
 4.255446e-06 4.762196e-08 8.277386e-12 4.303076e-06 _57415_
 4.253830e-06 4.920355e-08 8.188158e-12 4.303042e-06 _56805_
 4.111407e-06 1.915511e-07 8.131669e-12 4.302966e-06 _57831_
 4.067906e-06 2.348435e-07 8.579025e-12 4.302758e-06 _57316_
 4.245015e-06 5.745081e-08 8.193703e-12 4.302474e-06 _53795_
 4.254756e-06 4.769223e-08 8.179840e-12 4.302456e-06 _56893_
 4.250221e-06 5.131349e-08 8.220071e-12 4.301543e-06 _53897_
 4.251277e-06 5.012087e-08 8.220071e-12 4.301406e-06 _54185_
 4.191016e-06 1.101203e-07 8.227711e-12 4.301145e-06 _57656_
 4.255908e-06 4.500197e-08 8.220071e-12 4.300918e-06 _57546_
 4.250414e-06 5.045085e-08 8.220071e-12 4.300873e-06 _54233_
 4.255229e-06 4.562102e-08 8.179840e-12 4.300858e-06 _56925_
 4.254317e-06 4.556802e-08 8.277386e-12 4.299894e-06 _57447_
 4.157056e-06 1.423490e-07 8.274059e-12 4.299413e-06 _57345_
 4.255623e-06 4.375401e-08 8.216202e-12 4.299385e-06 _57502_
 4.254360e-06 4.497607e-08 8.179840e-12 4.299344e-06 _57005_
 4.255856e-06 4.335646e-08 8.179840e-12 4.299221e-06 _56813_
 4.252208e-06 4.635662e-08 8.188158e-12 4.298573e-06 _57013_
 4.254479e-06 4.395652e-08 8.179840e-12 4.298443e-06 _56829_
 4.254476e-06 4.389079e-08 8.179840e-12 4.298375e-06 _56957_
 4.254465e-06 4.368918e-08 8.179840e-12 4.298162e-06 _56845_
 4.255447e-06 4.231131e-08 8.216202e-12 4.297766e-06 _57582_
 4.254009e-06 4.362237e-08 8.179840e-12 4.297640e-06 _56909_
 4.249579e-06 4.769906e-08 8.220071e-12 4.297287e-06 _54089_
 4.228407e-06 6.875512e-08 8.162799e-12 4.297171e-06 _56952_
 4.249643e-06 4.736619e-08 8.220071e-12 4.297017e-06 _54265_
 4.249174e-06 4.771105e-08 8.220071e-12 4.296894e-06 _53945_
 4.204067e-06 9.270052e-08 8.149662e-12 4.296776e-06 _57839_
 4.255166e-06 4.159232e-08 8.220071e-12 4.296766e-06 _57530_
 4.255176e-06 4.133020e-08 8.220071e-12 4.296515e-06 _57514_
 4.254550e-06 4.193692e-08 8.179840e-12 4.296495e-06 _56941_
 3.864319e-06 4.321523e-07 8.871810e-12 4.296481e-06 _57991_
 4.254953e-06 4.150688e-08 8.179840e-12 4.296468e-06 _56861_
 4.254252e-06 4.205651e-08 8.216202e-12 4.296317e-06 _57598_
 4.255634e-06 4.055846e-08 8.216202e-12 4.296201e-06 _57550_
 4.098935e-06 1.971009e-07 8.608387e-12 4.296045e-06 _54329_
 4.253779e-06 4.206972e-08 8.220071e-12 4.295856e-06 _57594_
 4.254740e-06 4.098932e-08 8.179840e-12 4.295738e-06 _56877_
 4.229592e-06 6.609325e-08 8.220071e-12 4.295694e-06 _56916_
 4.255515e-06 4.008066e-08 8.216202e-12 4.295604e-06 _57566_
 4.251157e-06 4.432276e-08 8.220071e-12 4.295488e-06 _54057_
 4.225383e-06 7.006006e-08 8.162799e-12 4.295451e-06 _54077_
 4.254849e-06 4.038288e-08 8.220071e-12 4.295240e-06 _57562_
 4.249353e-06 4.578574e-08 8.220071e-12 4.295147e-06 _53961_
 4.229827e-06 6.529868e-08 8.235214e-12 4.295133e-06 _57542_
 4.252867e-06 4.217685e-08 8.277386e-12 4.295052e-06 _57479_
 4.224593e-06 7.043311e-08 8.162799e-12 4.295034e-06 _54029_
 4.254049e-06 4.070527e-08 8.216202e-12 4.294762e-06 _57534_
 4.251537e-06 4.319435e-08 8.220071e-12 4.294739e-06 _53977_
 4.249540e-06 4.518284e-08 8.220071e-12 4.294731e-06 _54249_
 4.254842e-06 3.929764e-08 8.216202e-12 4.294147e-06 _57518_
 4.242054e-06 5.190279e-08 8.235214e-12 4.293965e-06 _57505_
 4.253799e-06 4.006081e-08 8.179840e-12 4.293869e-06 _56797_
 4.252511e-06 4.101989e-08 8.188158e-12 4.293539e-06 _56789_
 4.250210e-06 4.312082e-08 8.220071e-12 4.293339e-06 _54153_
 4.226441e-06 6.686371e-08 8.220071e-12 4.293312e-06 _57012_
 4.224671e-06 6.850662e-08 8.256911e-12 4.293186e-06 _54273_
 4.253709e-06 3.941214e-08 8.188158e-12 4.293130e-06 _56837_
 4.199023e-06 9.383221e-08 8.145214e-12 4.292864e-06 _56823_
 4.240691e-06 5.196543e-08 8.235214e-12 4.292665e-06 _57601_
 4.249677e-06 4.249937e-08 8.220071e-12 4.292184e-06 _54137_
 4.224286e-06 6.708314e-08 8.256911e-12 4.291378e-06 _54193_
 4.229649e-06 6.108285e-08 8.227711e-12 4.290740e-06 _56940_
 4.230239e-06 6.028318e-08 8.188158e-12 4.290530e-06 _56974_
 4.239738e-06 5.018382e-08 8.173782e-12 4.289930e-06 _53789_
 4.200310e-06 8.931646e-08 8.188158e-12 4.289635e-06 _58054_
 4.128138e-06 1.613248e-07 8.127086e-12 4.289471e-06 _57824_
 4.227504e-06 6.101815e-08 8.220071e-12 4.288530e-06 _56964_
 4.227139e-06 6.130218e-08 8.162799e-12 4.288449e-06 _56904_
 4.147167e-06 1.410101e-07 8.108416e-12 4.288185e-06 _57920_
 4.240813e-06 4.729375e-08 8.235214e-12 4.288115e-06 _57521_
 4.241931e-06 4.565599e-08 8.246215e-12 4.287595e-06 _57567_
 4.224432e-06 6.279964e-08 8.256911e-12 4.287240e-06 _54161_
 4.229345e-06 5.770970e-08 8.220071e-12 4.287063e-06 _56852_
 4.226189e-06 6.082776e-08 8.196340e-12 4.287025e-06 _54067_
 4.224670e-06 6.168080e-08 8.162799e-12 4.286359e-06 _54061_
 4.227937e-06 5.773142e-08 8.220071e-12 4.285676e-06 _56884_
 4.228411e-06 5.676589e-08 8.188158e-12 4.285185e-06 _56862_
 4.141017e-06 1.438055e-07 8.280680e-12 4.284831e-06 _57343_
 4.241756e-06 4.296043e-08 8.246215e-12 4.284725e-06 _57551_
 4.240701e-06 4.310901e-08 8.246215e-12 4.283819e-06 _57503_
 4.200488e-06 8.291496e-08 8.154075e-12 4.283411e-06 _57364_
 4.227163e-06 5.605575e-08 8.212297e-12 4.283227e-06 _53943_
 4.226605e-06 5.661032e-08 8.220071e-12 4.283223e-06 _56948_
 4.226104e-06 5.674975e-08 8.162799e-12 4.282862e-06 _56840_
 4.239110e-06 4.371933e-08 8.246215e-12 4.282837e-06 _57599_
 4.227902e-06 5.416161e-08 8.204386e-12 4.282072e-06 _56923_
 4.239926e-06 4.178345e-08 8.235214e-12 4.281718e-06 _57585_
 4.225965e-06 5.547448e-08 8.162799e-12 4.281448e-06 _56856_
 4.222934e-06 5.846841e-08 8.196340e-12 4.281411e-06 _54275_
 4.225065e-06 5.631736e-08 8.256911e-12 4.281390e-06 _54097_
 4.188161e-06 9.316407e-08 8.179840e-12 4.281334e-06 _57655_
 4.239818e-06 4.149857e-08 8.235214e-12 4.281324e-06 _57537_
 4.224867e-06 5.622030e-08 8.256911e-12 4.281095e-06 _53937_
 4.228340e-06 5.253954e-08 8.220071e-12 4.280888e-06 _56868_
 4.224941e-06 5.577761e-08 8.256911e-12 4.280726e-06 _53969_
 4.224833e-06 5.567993e-08 8.212297e-12 4.280520e-06 _53879_
 4.223712e-06 5.677965e-08 8.162799e-12 4.280500e-06 _53965_
 4.223259e-06 5.686722e-08 8.162799e-12 4.280134e-06 _56984_
 4.230595e-06 4.950704e-08 8.302788e-12 4.280110e-06 _57137_
 4.223687e-06 5.636224e-08 8.196340e-12 4.280057e-06 _54227_
 4.236842e-06 4.320036e-08 8.209712e-12 4.280051e-06 _53799_
 4.239583e-06 4.009482e-08 8.235214e-12 4.279686e-06 _57553_
 4.241095e-06 3.830089e-08 8.246215e-12 4.279404e-06 _57519_
 4.225569e-06 5.375209e-08 8.220071e-12 4.279329e-06 _56980_
 4.201396e-06 7.768443e-08 8.162799e-12 4.279089e-06 _56784_
 4.226943e-06 5.213167e-08 8.302788e-12 4.279083e-06 _57089_
 4.239684e-06 3.927285e-08 8.235214e-12 4.278965e-06 _57569_
 4.223137e-06 5.558291e-08 8.256911e-12 4.278728e-06 _54225_
 4.223234e-06 5.546514e-08 8.196340e-12 4.278707e-06 _54243_
 4.226179e-06 5.240584e-08 8.235214e-12 4.278594e-06 _57606_
 4.224995e-06 5.330505e-08 8.196340e-12 4.278309e-06 _53987_
 4.187102e-06 9.080379e-08 8.179840e-12 4.277914e-06 _57650_
 4.222595e-06 5.526745e-08 8.162799e-12 4.277870e-06 _53917_
 4.224239e-06 5.355838e-08 8.196340e-12 4.277806e-06 _53907_
 4.101857e-06 1.757477e-07 8.154075e-12 4.277612e-06 _57774_
 4.225079e-06 5.238573e-08 8.162799e-12 4.277472e-06 _56936_
 4.226732e-06 5.044558e-08 8.235214e-12 4.277185e-06 _57574_
 4.240650e-06 3.634388e-08 8.246215e-12 4.277002e-06 _57535_
 4.230013e-06 4.670045e-08 8.302788e-12 4.276722e-06 _57105_
 4.229969e-06 4.671619e-08 8.302788e-12 4.276694e-06 _57121_
 4.187351e-06 8.916235e-08 8.212297e-12 4.276521e-06 _57651_
 4.201208e-06 7.523042e-08 8.145214e-12 4.276446e-06 _56775_
 4.225927e-06 5.047200e-08 8.162799e-12 4.276407e-06 _56872_
 4.228870e-06 4.741599e-08 8.302788e-12 4.276294e-06 _57201_
 4.222737e-06 5.351270e-08 8.256911e-12 4.276258e-06 _54177_
 4.240117e-06 3.602918e-08 8.246215e-12 4.276154e-06 _57583_
 4.223880e-06 5.154637e-08 8.256911e-12 4.275435e-06 _53889_
 4.226857e-06 4.851037e-08 8.188158e-12 4.275375e-06 _56878_
 4.223959e-06 5.129690e-08 8.256911e-12 4.275264e-06 _53873_
 4.226250e-06 4.890135e-08 8.227711e-12 4.275160e-06 _56860_
 4.223520e-06 5.131607e-08 8.212297e-12 4.274844e-06 _53831_
 4.223073e-06 5.174168e-08 8.162799e-12 4.274823e-06 _53821_
 4.226896e-06 4.789165e-08 8.227711e-12 4.274796e-06 _56876_
 4.227706e-06 4.703116e-08 8.216202e-12 4.274746e-06 _57596_
 4.226430e-06 4.820623e-08 8.302788e-12 4.274644e-06 _57185_
 4.228416e-06 4.621025e-08 8.256911e-12 4.274635e-06 _57400_
 3.960964e-06 3.133617e-07 8.816658e-12 4.274335e-06 _57319_
 4.223006e-06 5.120610e-08 8.196340e-12 4.274220e-06 _54211_
 4.224714e-06 4.948217e-08 8.162799e-12 4.274204e-06 _56888_
 4.201112e-06 7.306239e-08 8.162799e-12 4.274183e-06 _56832_
 4.222361e-06 5.173049e-08 8.256911e-12 4.274099e-06 _54241_
 4.222542e-06 5.147555e-08 8.162799e-12 4.274026e-06 _54045_
 4.223690e-06 5.031136e-08 8.196340e-12 4.274009e-06 _53955_
 4.114193e-06 1.597539e-07 8.131669e-12 4.273955e-06 _57825_
 4.226541e-06 4.712830e-08 8.235214e-12 4.273677e-06 _57510_
 4.228371e-06 4.516852e-08 8.256911e-12 4.273548e-06 _57416_
 4.226579e-06 4.694079e-08 8.227711e-12 4.273528e-06 _56796_
 4.227144e-06 4.608149e-08 8.220071e-12 4.273234e-06 _56788_
 4.222397e-06 5.045075e-08 8.256911e-12 4.272856e-06 _54145_
 4.224029e-06 4.872440e-08 8.256911e-12 4.272762e-06 _54017_
 4.227227e-06 4.515912e-08 8.188158e-12 4.272394e-06 _56958_
 4.223554e-06 4.874040e-08 8.256911e-12 4.272303e-06 _54033_
 4.222772e-06 4.917396e-08 8.196340e-12 4.271954e-06 _54163_
 4.226461e-06 4.547832e-08 8.216202e-12 4.271948e-06 _57517_
 4.221836e-06 5.001251e-08 8.256911e-12 4.271857e-06 _54209_
 4.222479e-06 4.927525e-08 8.196340e-12 4.271762e-06 _54179_
 4.223117e-06 4.840964e-08 8.154075e-12 4.271535e-06 _57764_
 4.172239e-06 9.904259e-08 8.162799e-12 4.271290e-06 _58041_
 4.223510e-06 4.766151e-08 8.162799e-12 4.271180e-06 _54253_
 4.232113e-06 3.887071e-08 8.252070e-12 4.270992e-06 _53793_
 4.229239e-06 4.168523e-08 8.302788e-12 4.270933e-06 _57153_
 4.224329e-06 4.654210e-08 8.204386e-12 4.270879e-06 _56811_
 4.224983e-06 4.588230e-08 8.162799e-12 4.270873e-06 _56968_
 4.222176e-06 4.853614e-08 8.162799e-12 4.270721e-06 _53869_
 4.226419e-06 4.417525e-08 8.188158e-12 4.270602e-06 _56830_
 4.187694e-06 8.273470e-08 8.188158e-12 4.270437e-06 _57654_
 4.229016e-06 4.118248e-08 8.302788e-12 4.270207e-06 _57169_
 4.222159e-06 4.793065e-08 8.162799e-12 4.270098e-06 _54125_
 4.227547e-06 4.247932e-08 8.302788e-12 4.270034e-06 _57057_
 4.215376e-06 5.458003e-08 8.238916e-12 4.269964e-06 _57536_
 4.226119e-06 4.370812e-08 8.188158e-12 4.269836e-06 _56894_
 4.112044e-06 1.577808e-07 8.089203e-12 4.269833e-06 _58008_
 4.112459e-06 1.568519e-07 8.131669e-12 4.269320e-06 _57828_
 4.225285e-06 4.396166e-08 8.188158e-12 4.269255e-06 _56798_
 4.225025e-06 4.421214e-08 8.162799e-12 4.269246e-06 _57000_
 4.227820e-06 4.129233e-08 8.216202e-12 4.269120e-06 _57581_
 4.223077e-06 4.601406e-08 8.256911e-12 4.269099e-06 _54049_
 4.225973e-06 4.281370e-08 8.227711e-12 4.268795e-06 _56812_
 3.890616e-06 3.781703e-07 8.910648e-12 4.268795e-06 _57301_
 4.223546e-06 4.498088e-08 8.256911e-12 4.268535e-06 _53921_
 4.226962e-06 4.146194e-08 8.188158e-12 4.268432e-06 _56990_
 4.223577e-06 4.478213e-08 8.220071e-12 4.268368e-06 _56996_
 4.226997e-06 4.130396e-08 8.204386e-12 4.268309e-06 _56971_
 4.221997e-06 4.618668e-08 8.196340e-12 4.268192e-06 _53827_
 4.112024e-06 1.558716e-07 8.131669e-12 4.267904e-06 _57832_
 4.171938e-06 9.557518e-08 8.167109e-12 4.267521e-06 _57709_
 4.223259e-06 4.425207e-08 8.256911e-12 4.267519e-06 _54001_
 4.226310e-06 4.119511e-08 8.256911e-12 4.267513e-06 _57384_
 4.222924e-06 4.451009e-08 8.256911e-12 4.267443e-06 _53857_
 4.225695e-06 4.162423e-08 8.204386e-12 4.267327e-06 _56939_
 4.226598e-06 4.053900e-08 8.220071e-12 4.267145e-06 _56804_
 4.227546e-06 3.949317e-08 8.216202e-12 4.267047e-06 _57564_
 4.225998e-06 4.099385e-08 8.162799e-12 4.267000e-06 _56792_
 4.223240e-06 4.367215e-08 8.154075e-12 4.266920e-06 _57748_
 4.224832e-06 4.181190e-08 8.188158e-12 4.266652e-06 _56942_
 4.225326e-06 4.124108e-08 8.227711e-12 4.266576e-06 _56908_
 4.168108e-06 9.816744e-08 8.162799e-12 4.266283e-06 _54075_
 4.222491e-06 4.365331e-08 8.212297e-12 4.266153e-06 _53847_
 4.221876e-06 4.418811e-08 8.212297e-12 4.266073e-06 _54167_
 4.222386e-06 4.358397e-08 8.212297e-12 4.265978e-06 _53927_
 4.227243e-06 3.864618e-08 8.216202e-12 4.265897e-06 _57580_
 4.226572e-06 3.925556e-08 8.188158e-12 4.265836e-06 _57006_
 4.224009e-06 4.180747e-08 8.204386e-12 4.265825e-06 _57019_
 4.221372e-06 4.440101e-08 8.256911e-12 4.265781e-06 _54129_
 4.221708e-06 4.406438e-08 8.162799e-12 4.265781e-06 _54093_
 4.223586e-06 4.216033e-08 8.162799e-12 4.265755e-06 _56920_
 4.222165e-06 4.357836e-08 8.212297e-12 4.265752e-06 _53815_
 4.225911e-06 3.982490e-08 8.204386e-12 4.265744e-06 _56843_
 4.221378e-06 4.424325e-08 8.162799e-12 4.265629e-06 _53949_
 4.225193e-06 4.011120e-08 8.220071e-12 4.265312e-06 _56932_
 4.222702e-06 4.240664e-08 8.162799e-12 4.265116e-06 _53997_
 4.220567e-06 4.453986e-08 8.212297e-12 4.265115e-06 _54119_
 4.225731e-06 3.911726e-08 8.227711e-12 4.264856e-06 _56972_
 4.222606e-06 4.219029e-08 8.212297e-12 4.264804e-06 _54247_
 4.227607e-06 3.688271e-08 8.302788e-12 4.264498e-06 _57249_
 4.221952e-06 4.253779e-08 8.162799e-12 4.264498e-06 _54189_
 4.222306e-06 4.210055e-08 8.256911e-12 4.264415e-06 _54113_
 4.224451e-06 3.988550e-08 8.171386e-12 4.264345e-06 _57887_
 4.222220e-06 4.208720e-08 8.212297e-12 4.264316e-06 _53911_
 4.222991e-06 4.122497e-08 8.216202e-12 4.264224e-06 _57597_
 4.222919e-06 4.128086e-08 8.196340e-12 4.264208e-06 _54019_
 4.226136e-06 3.804475e-08 8.216202e-12 4.264189e-06 _57501_
 4.222810e-06 4.127559e-08 8.227711e-12 4.264094e-06 _57004_
 4.221910e-06 4.206369e-08 8.162799e-12 4.263982e-06 _54173_
 4.227046e-06 3.685576e-08 8.302788e-12 4.263910e-06 _57217_
 4.226843e-06 3.705714e-08 8.302788e-12 4.263909e-06 _57281_
 4.226067e-06 3.753838e-08 8.220071e-12 4.263614e-06 _56820_
 4.226220e-06 3.730689e-08 8.256911e-12 4.263536e-06 _57432_
 4.225883e-06 3.759451e-08 8.256911e-12 4.263485e-06 _57480_
 4.224409e-06 3.902349e-08 8.188158e-12 4.263441e-06 _56926_
 4.225720e-06 3.763316e-08 8.220071e-12 4.263361e-06 _56836_
 4.221517e-06 4.176876e-08 8.212297e-12 4.263294e-06 _54055_
 4.226158e-06 3.709178e-08 8.204386e-12 4.263258e-06 _56955_
 4.222275e-06 4.094843e-08 8.196340e-12 4.263232e-06 _54083_
 4.220978e-06 4.220786e-08 8.196340e-12 4.263194e-06 _53811_
 4.226153e-06 3.701089e-08 8.256911e-12 4.263172e-06 _57464_
 4.219362e-06 4.376439e-08 8.212297e-12 4.263135e-06 _53975_
 4.225463e-06 3.759547e-08 8.204386e-12 4.263066e-06 _56827_
 4.220832e-06 4.221090e-08 8.196340e-12 4.263051e-06 _54131_
 4.222214e-06 4.077788e-08 8.196340e-12 4.263000e-06 _54035_
 4.227353e-06 3.562312e-08 8.302788e-12 4.262984e-06 _57265_
 4.225075e-06 3.786968e-08 8.188158e-12 4.262953e-06 _56910_
 4.113681e-06 1.491710e-07 8.131669e-12 4.262860e-06 _57795_
 4.223491e-06 3.933760e-08 8.188158e-12 4.262837e-06 _57022_
 4.225450e-06 3.737068e-08 8.227711e-12 4.262828e-06 _56956_
 4.186244e-06 7.657508e-08 8.212297e-12 4.262827e-06 _57649_
 4.225784e-06 3.702087e-08 8.227711e-12 4.262813e-06 _56892_
 4.226107e-06 3.668505e-08 8.256911e-12 4.262800e-06 _57448_
 4.224108e-06 3.867889e-08 8.162799e-12 4.262795e-06 _56808_
 4.225223e-06 3.756350e-08 8.216202e-12 4.262794e-06 _57516_
 4.225142e-06 3.748533e-08 8.216202e-12 4.262636e-06 _57548_
 4.224285e-06 3.833933e-08 8.204386e-12 4.262633e-06 _57003_
 4.220915e-06 4.169103e-08 8.212297e-12 4.262615e-06 _53959_
 4.221999e-06 4.053322e-08 8.196340e-12 4.262541e-06 _53891_
 4.222530e-06 3.996564e-08 8.227711e-12 4.262503e-06 _56988_
 4.222168e-06 4.023675e-08 8.162799e-12 4.262413e-06 _54157_
 4.197438e-06 6.495328e-08 8.145214e-12 4.262400e-06 _56855_
 4.219085e-06 4.329459e-08 8.256911e-12 4.262388e-06 _53985_
 4.222943e-06 3.930372e-08 8.212297e-12 4.262255e-06 _54279_
 4.224319e-06 3.789900e-08 8.227711e-12 4.262226e-06 _56924_
 4.224120e-06 3.797959e-08 8.188158e-12 4.262108e-06 _56814_
 4.225353e-06 3.672035e-08 8.204386e-12 4.262081e-06 _56875_
 4.225105e-06 3.695651e-08 8.216202e-12 4.262070e-06 _57549_
 4.224914e-06 3.711917e-08 8.204386e-12 4.262042e-06 _56891_
 4.221230e-06 4.062055e-08 8.196340e-12 4.261859e-06 _54147_
 4.224485e-06 3.734826e-08 8.204386e-12 4.261842e-06 _56795_
 4.201293e-06 6.040502e-08 8.154075e-12 4.261706e-06 _56838_
 4.225299e-06 3.637450e-08 8.204386e-12 4.261681e-06 _56859_
 4.114208e-06 1.474647e-07 8.175631e-12 4.261680e-06 _57781_
 4.224919e-06 3.675090e-08 8.235214e-12 4.261678e-06 _57558_
 4.226682e-06 3.497752e-08 8.302788e-12 4.261668e-06 _57233_
 4.221937e-06 3.971894e-08 8.162799e-12 4.261664e-06 _54269_
 4.221886e-06 3.976169e-08 8.212297e-12 4.261656e-06 _54151_
 4.221439e-06 4.020850e-08 8.162799e-12 4.261655e-06 _54141_
 4.224850e-06 3.656352e-08 8.216202e-12 4.261422e-06 _57500_
 4.187213e-06 7.409876e-08 8.212297e-12 4.261320e-06 _57657_
 4.199004e-06 6.226021e-08 8.188158e-12 4.261272e-06 _53848_
 4.224941e-06 3.615331e-08 8.216202e-12 4.261103e-06 _57532_
 4.225872e-06 3.521028e-08 8.204386e-12 4.261090e-06 _56987_
 4.185189e-06 7.588654e-08 8.235214e-12 4.261084e-06 _57492_
 4.220826e-06 4.021956e-08 8.196340e-12 4.261054e-06 _53843_
 4.221119e-06 3.991343e-08 8.212297e-12 4.261040e-06 _54007_
 4.185076e-06 7.593298e-08 8.158453e-12 4.261017e-06 _57708_
 4.221777e-06 3.916698e-08 8.196340e-12 4.260952e-06 _53939_
 4.221817e-06 3.904130e-08 8.212297e-12 4.260867e-06 _53863_
 4.220575e-06 4.024121e-08 8.196340e-12 4.260824e-06 _54259_
 4.225747e-06 3.496679e-08 8.216202e-12 4.260722e-06 _57533_
 4.224804e-06 3.574761e-08 8.216202e-12 4.260560e-06 _57565_
 4.222256e-06 3.817842e-08 8.162799e-12 4.260443e-06 _57016_
 4.224569e-06 3.578048e-08 8.188158e-12 4.260357e-06 _56846_
 4.221280e-06 3.905157e-08 8.256911e-12 4.260340e-06 _54081_
 4.219789e-06 4.041992e-08 8.212297e-12 4.260217e-06 _54071_
 4.224362e-06 3.581804e-08 8.204386e-12 4.260188e-06 _56907_
 4.185770e-06 7.436718e-08 8.179840e-12 4.260145e-06 _57647_
 4.221934e-06 3.799184e-08 8.227711e-12 4.259934e-06 _57020_
 4.221819e-06 3.798939e-08 8.162799e-12 4.259817e-06 _54237_
 4.220692e-06 3.911662e-08 8.196340e-12 4.259816e-06 _54195_
 4.221746e-06 3.801007e-08 8.196340e-12 4.259764e-06 _54051_
 4.220251e-06 3.948567e-08 8.162799e-12 4.259745e-06 _53933_
 4.222390e-06 3.727815e-08 8.154075e-12 4.259676e-06 _57732_
 4.223552e-06 3.595404e-08 8.227711e-12 4.259514e-06 _56828_
 4.223342e-06 3.606351e-08 8.227711e-12 4.259414e-06 _56844_
 4.220665e-06 3.867913e-08 8.196340e-12 4.259352e-06 _53859_
 4.220785e-06 3.845375e-08 8.212297e-12 4.259247e-06 _54183_
 4.220907e-06 3.813712e-08 8.212297e-12 4.259052e-06 _54039_
 4.221907e-06 3.710403e-08 8.196340e-12 4.259019e-06 _53971_
 4.220630e-06 3.816830e-08 8.256911e-12 4.258806e-06 _53825_
 4.219620e-06 3.912140e-08 8.212297e-12 4.258750e-06 _54103_
 4.221707e-06 3.701651e-08 8.212297e-12 4.258731e-06 _54215_
 4.212063e-06 4.659054e-08 8.235214e-12 4.258662e-06 _57570_
 4.220574e-06 3.794818e-08 8.256911e-12 4.258531e-06 _53809_
 4.219543e-06 3.883848e-08 8.212297e-12 4.258390e-06 _54087_
 4.223135e-06 3.518275e-08 8.235214e-12 4.258326e-06 _57526_
 4.220979e-06 3.724160e-08 8.162799e-12 4.258229e-06 _54221_
 4.220943e-06 3.675974e-08 8.212297e-12 4.257711e-06 _53895_
 4.202173e-06 5.548635e-08 8.188158e-12 4.257668e-06 _53864_
 4.221305e-06 3.632996e-08 8.212297e-12 4.257643e-06 _54135_
 4.221185e-06 3.644591e-08 8.256911e-12 4.257638e-06 _53953_
 4.112386e-06 1.449004e-07 8.131669e-12 4.257294e-06 _57826_
 4.222236e-06 3.489439e-08 8.162799e-12 4.257139e-06 _56824_
 4.221574e-06 3.544507e-08 8.196340e-12 4.257028e-06 _54003_
 4.220923e-06 3.608962e-08 8.196340e-12 4.257021e-06 _53923_
 4.221106e-06 3.580513e-08 8.256911e-12 4.256920e-06 _53905_
 4.221401e-06 3.547201e-08 8.212297e-12 4.256881e-06 _54231_
 4.219481e-06 3.721650e-08 8.196340e-12 4.256706e-06 _53875_
 4.221999e-06 3.468876e-08 8.212297e-12 4.256696e-06 _54263_
 4.065379e-06 1.911942e-07 8.580422e-12 4.256581e-06 _57317_
 4.219874e-06 3.662418e-08 8.162799e-12 4.256506e-06 _53885_
 4.219300e-06 3.705561e-08 8.162799e-12 4.256364e-06 _53853_
 4.213025e-06 4.322641e-08 8.238916e-12 4.256259e-06 _57504_
 4.219696e-06 3.621396e-08 8.256911e-12 4.255918e-06 _54257_
 4.220331e-06 3.528913e-08 8.212297e-12 4.255629e-06 _54023_
 4.220127e-06 3.533106e-08 8.256911e-12 4.255467e-06 _53841_
 4.198380e-06 5.706021e-08 8.192154e-12 4.255449e-06 _53800_
 4.220894e-06 3.439036e-08 8.162799e-12 4.255292e-06 _53981_
 4.218147e-06 3.707127e-08 8.212297e-12 4.255226e-06 _53991_
 4.220255e-06 3.482433e-08 8.212297e-12 4.255088e-06 _54199_
 4.211250e-06 4.318600e-08 8.235214e-12 4.254444e-06 _57554_
 4.212597e-06 4.094382e-08 8.238916e-12 4.253548e-06 _57520_
 4.112627e-06 1.406930e-07 8.175631e-12 4.253328e-06 _57779_
 4.197326e-06 5.498368e-08 8.145214e-12 4.252317e-06 _56871_
 4.196023e-06 5.603304e-08 8.188158e-12 4.252065e-06 _53960_
 4.113931e-06 1.379159e-07 8.089203e-12 4.251855e-06 _57934_
 4.210919e-06 4.076083e-08 8.235214e-12 4.251688e-06 _57602_
 4.212018e-06 3.896119e-08 8.235214e-12 4.250988e-06 _57538_
 4.210331e-06 4.036668e-08 8.145214e-12 4.250705e-06 _57870_
 4.198640e-06 5.146244e-08 8.145214e-12 4.250110e-06 _56999_
 4.209827e-06 3.966689e-08 8.188158e-12 4.249502e-06 _57675_
 4.213167e-06 3.631281e-08 8.145214e-12 4.249488e-06 _57869_
 4.198596e-06 5.086511e-08 8.145214e-12 4.249470e-06 _56967_
 4.129014e-06 1.203904e-07 8.274059e-12 4.249413e-06 _57347_
 4.170126e-06 7.897164e-08 8.184016e-12 4.249106e-06 _57712_
 4.213970e-06 3.476079e-08 8.235214e-12 4.248740e-06 _57506_
 4.112600e-06 1.348357e-07 8.131669e-12 4.247443e-06 _57827_
 4.143367e-06 1.037591e-07 1.187713e-11 4.247138e-06 _56017_
 4.211481e-06 3.542671e-08 8.235214e-12 4.246916e-06 _57522_
 4.158605e-06 8.802684e-08 8.127086e-12 4.246640e-06 _57850_
 4.157792e-06 8.832595e-08 8.149662e-12 4.246127e-06 _57707_
 4.165519e-06 8.045755e-08 8.145214e-12 4.245985e-06 _53884_
 4.210444e-06 3.536760e-08 8.238916e-12 4.245820e-06 _57584_
 4.207879e-06 3.763104e-08 8.238916e-12 4.245518e-06 _57600_
 4.208911e-06 3.646278e-08 8.188158e-12 4.245382e-06 _57691_
 4.159117e-06 8.625161e-08 8.127086e-12 4.245377e-06 _57840_
 4.172699e-06 7.227713e-08 8.171386e-12 4.244985e-06 _57718_
 4.210337e-06 3.456147e-08 8.238916e-12 4.244906e-06 _57568_
 4.195553e-06 4.889753e-08 8.154075e-12 4.244459e-06 _57014_
 4.209698e-06 3.383483e-08 8.235214e-12 4.243541e-06 _57586_
 4.208882e-06 3.464453e-08 8.188158e-12 4.243535e-06 _57659_
 4.197316e-06 4.609663e-08 8.145214e-12 4.243421e-06 _56839_
 4.197900e-06 4.549552e-08 8.162799e-12 4.243404e-06 _56816_
 4.210035e-06 3.307304e-08 8.238916e-12 4.243116e-06 _57552_
 4.197830e-06 4.512277e-08 8.154075e-12 4.242961e-06 _57428_
 4.199103e-06 4.370885e-08 8.154075e-12 4.242820e-06 _56886_
 4.196600e-06 4.597416e-08 8.162799e-12 4.242583e-06 _56944_
 4.172066e-06 7.050317e-08 8.167109e-12 4.242577e-06 _57711_
 4.199078e-06 4.346180e-08 8.154075e-12 4.242548e-06 _56806_
 4.198076e-06 4.362547e-08 8.162799e-12 4.241710e-06 _56896_
 4.184495e-06 5.698238e-08 8.235214e-12 4.241485e-06 _57588_
 4.157663e-06 8.346220e-08 8.127086e-12 4.241133e-06 _57844_
 4.197041e-06 4.387357e-08 8.145214e-12 4.240922e-06 _57015_
 4.194425e-06 4.636605e-08 8.145214e-12 4.240799e-06 _56807_
 4.195761e-06 4.477340e-08 8.188158e-12 4.240543e-06 _54168_
 4.198573e-06 4.137299e-08 8.154075e-12 4.239954e-06 _56870_
 4.196804e-06 4.264189e-08 8.154075e-12 4.239454e-06 _56790_
 4.197492e-06 4.143023e-08 8.162799e-12 4.238930e-06 _56880_
 4.194550e-06 4.421042e-08 8.145214e-12 4.238769e-06 _56791_
 4.198330e-06 3.975860e-08 8.154075e-12 4.238097e-06 _56854_
 4.196895e-06 4.085128e-08 8.145214e-12 4.237755e-06 _56903_
 4.196546e-06 4.035246e-08 8.145214e-12 4.236907e-06 _56983_
 4.172082e-06 6.440679e-08 8.162799e-12 4.236497e-06 _56785_
 4.195935e-06 4.019176e-08 8.162799e-12 4.236135e-06 _56976_
 4.195645e-06 3.989271e-08 8.145214e-12 4.235545e-06 _56935_
 4.195437e-06 4.008487e-08 8.154075e-12 4.235530e-06 _57476_
 4.197381e-06 3.773698e-08 8.154075e-12 4.235126e-06 _56966_
 4.142321e-06 9.268562e-08 1.187713e-11 4.235019e-06 _56559_
 4.197953e-06 3.696629e-08 8.154075e-12 4.234928e-06 _56902_
 4.158086e-06 7.670575e-08 8.127086e-12 4.234800e-06 _57849_
 4.116112e-06 1.186002e-07 8.184016e-12 4.234721e-06 _57786_
 4.185714e-06 4.869266e-08 8.179840e-12 4.234415e-06 _57687_
 4.196346e-06 3.791760e-08 8.145214e-12 4.234272e-06 _56919_
 4.196821e-06 3.739379e-08 8.162799e-12 4.234224e-06 _56864_
 4.114044e-06 1.199992e-07 8.131669e-12 4.234052e-06 _57830_
 4.172007e-06 6.161841e-08 8.167109e-12 4.233633e-06 _57710_
 4.197357e-06 3.624708e-08 8.154075e-12 4.233612e-06 _56822_
 4.196004e-06 3.698424e-08 8.162799e-12 4.232997e-06 _57008_
 4.157317e-06 7.561062e-08 8.127086e-12 4.232936e-06 _57845_
 4.197607e-06 3.523337e-08 8.154075e-12 4.232848e-06 _56918_
 4.124662e-06 1.081021e-07 8.145214e-12 4.232772e-06 _57796_
 4.194558e-06 3.797771e-08 8.188158e-12 4.232544e-06 _54200_
 4.165469e-06 6.686283e-08 8.162799e-12 4.232340e-06 _53851_
 4.196100e-06 3.581090e-08 8.154075e-12 4.231919e-06 _57460_
 4.196085e-06 3.579448e-08 8.154075e-12 4.231888e-06 _57380_
 4.194692e-06 3.716744e-08 8.154075e-12 4.231868e-06 _56934_
 4.198872e-06 3.251401e-08 8.188158e-12 4.231395e-06 _53896_
 4.196084e-06 3.525657e-08 8.154075e-12 4.231349e-06 _57444_
 4.195314e-06 3.591459e-08 8.149662e-12 4.231237e-06 _57855_
 4.143845e-06 8.734995e-08 1.187713e-11 4.231207e-06 _55906_
 4.195777e-06 3.541391e-08 8.154075e-12 4.231199e-06 _57412_
 4.198444e-06 3.247805e-08 8.188158e-12 4.230931e-06 _53880_
 4.195404e-06 3.549962e-08 8.188158e-12 4.230911e-06 _53912_
 4.142912e-06 8.791203e-08 8.122470e-12 4.230832e-06 _57874_
 4.193009e-06 3.766043e-08 8.188158e-12 4.230677e-06 _53992_
 4.153501e-06 7.716705e-08 8.145214e-12 4.230676e-06 _57794_
 4.191906e-06 3.873327e-08 8.188158e-12 4.230647e-06 _54248_
 4.192312e-06 3.803920e-08 8.188158e-12 4.230360e-06 _53816_
 4.196453e-06 3.389833e-08 8.162799e-12 4.230360e-06 _56848_
 4.195012e-06 3.517467e-08 8.162799e-12 4.230194e-06 _56992_
 4.195273e-06 3.487937e-08 8.162799e-12 4.230161e-06 _57024_
 4.196616e-06 3.323061e-08 8.154075e-12 4.229855e-06 _56982_
 4.164510e-06 6.517537e-08 8.127086e-12 4.229693e-06 _57852_
 4.195376e-06 3.411790e-08 8.162799e-12 4.229502e-06 _56928_
 4.160644e-06 6.881355e-08 8.127086e-12 4.229466e-06 _57841_
 4.157596e-06 7.159787e-08 8.127086e-12 4.229202e-06 _57847_
 4.186601e-06 4.217564e-08 8.227711e-12 4.228784e-06 _57672_
 4.196094e-06 3.250680e-08 8.162799e-12 4.228609e-06 _56912_
 4.195289e-06 3.315134e-08 8.145214e-12 4.228449e-06 _56951_
 4.191646e-06 3.675934e-08 8.188158e-12 4.228413e-06 _54232_
 4.143111e-06 8.522940e-08 8.131669e-12 4.228348e-06 _57791_
 4.192261e-06 3.562758e-08 8.188158e-12 4.227897e-06 _53976_
 4.194613e-06 3.322182e-08 8.162799e-12 4.227843e-06 _56960_
 4.157555e-06 7.006506e-08 8.127086e-12 4.227629e-06 _57846_
 4.195488e-06 3.179745e-08 8.154075e-12 4.227294e-06 _56950_
 4.193656e-06 3.352335e-08 8.188158e-12 4.227188e-06 _54120_
 4.194876e-06 3.230295e-08 8.188158e-12 4.227187e-06 _53944_
 4.195809e-06 3.105371e-08 8.162799e-12 4.226871e-06 _56800_
 4.195278e-06 3.155482e-08 8.154075e-12 4.226841e-06 _57396_
 4.191374e-06 3.494505e-08 8.188158e-12 4.226327e-06 _54024_
 4.191186e-06 3.485272e-08 8.188158e-12 4.226047e-06 _54264_
 4.193349e-06 3.236557e-08 8.188158e-12 4.225722e-06 _54184_
 4.191174e-06 3.419347e-08 8.188158e-12 4.225376e-06 _54008_
 3.889691e-06 3.355654e-07 8.911938e-12 4.225266e-06 _57300_
 4.194519e-06 3.072167e-08 8.188158e-12 4.225249e-06 _53928_
 4.193376e-06 3.182079e-08 8.188158e-12 4.225205e-06 _54216_
 4.193458e-06 3.172805e-08 8.188158e-12 4.225195e-06 _54152_
 4.190952e-06 3.420520e-08 8.145214e-12 4.225166e-06 _56887_
 4.157419e-06 6.771385e-08 8.127086e-12 4.225140e-06 _57848_
 4.184547e-06 4.032888e-08 8.158453e-12 4.224884e-06 _57740_
 4.192146e-06 3.264419e-08 8.188158e-12 4.224798e-06 _53832_
 4.190734e-06 3.404587e-08 8.188158e-12 4.224788e-06 _54072_
 4.190692e-06 3.402312e-08 8.188158e-12 4.224723e-06 _54104_
 4.193173e-06 3.140962e-08 8.154075e-12 4.224591e-06 _56998_
 4.156494e-06 6.805592e-08 8.127086e-12 4.224559e-06 _57851_
 4.191022e-06 3.301861e-08 8.188158e-12 4.224049e-06 _54040_
 4.183626e-06 4.038566e-08 8.212297e-12 4.224020e-06 _57667_
 3.836941e-06 3.869678e-07 8.870044e-12 4.223918e-06 _57987_
 4.191453e-06 3.223798e-08 8.188158e-12 4.223699e-06 _54280_
 4.183259e-06 4.038960e-08 8.179840e-12 4.223657e-06 _57682_
 4.183993e-06 3.956933e-08 8.188158e-12 4.223570e-06 _57686_
 4.183429e-06 3.987521e-08 8.235214e-12 4.223312e-06 _57540_
 4.183062e-06 4.016541e-08 8.212297e-12 4.223236e-06 _57665_
 4.185872e-06 3.725254e-08 8.227711e-12 4.223132e-06 _57688_
 4.190297e-06 3.197017e-08 8.188158e-12 4.222275e-06 _54088_
 4.155872e-06 6.598221e-08 8.188158e-12 4.221862e-06 _57648_
 4.181367e-06 3.980242e-08 8.212297e-12 4.221177e-06 _57681_
 4.112287e-06 1.087986e-07 8.089203e-12 4.221094e-06 _58009_
 4.183188e-06 3.705593e-08 8.212297e-12 4.220252e-06 _57683_
 4.183635e-06 3.649922e-08 8.212297e-12 4.220143e-06 _57673_
 4.113586e-06 1.065218e-07 8.131669e-12 4.220116e-06 _57834_
 4.142979e-06 7.698812e-08 1.187713e-11 4.219979e-06 _55284_
 4.176343e-06 4.326496e-08 8.156414e-12 4.219616e-06 _53788_
 4.140804e-06 7.873822e-08 8.122470e-12 4.219551e-06 _57880_
 4.113051e-06 1.064717e-07 8.131669e-12 4.219531e-06 _57835_
 4.189902e-06 2.959430e-08 8.188158e-12 4.219505e-06 _54056_
 4.164062e-06 5.502057e-08 8.145214e-12 4.219091e-06 _53980_
 4.142254e-06 7.680163e-08 8.212297e-12 4.219064e-06 _57042_
 4.142684e-06 7.635661e-08 8.122470e-12 4.219049e-06 _57883_
 4.181185e-06 3.754616e-08 8.235214e-12 4.218740e-06 _57604_
 4.186238e-06 3.230253e-08 8.188158e-12 4.218548e-06 _54136_
 4.143412e-06 7.498717e-08 8.122470e-12 4.218408e-06 _57881_
 4.182654e-06 3.571304e-08 8.212297e-12 4.218376e-06 _57705_
 4.182917e-06 3.460753e-08 8.179840e-12 4.217533e-06 _57671_
 4.157155e-06 6.023651e-08 8.127086e-12 4.217400e-06 _57842_
 4.143479e-06 7.344465e-08 8.242582e-12 4.216931e-06 _56787_
 4.142569e-06 7.415100e-08 8.131669e-12 4.216728e-06 _57792_
 4.157562e-06 5.906567e-08 8.171386e-12 4.216636e-06 _57644_
 4.182774e-06 3.375256e-08 8.188158e-12 4.216535e-06 _57702_
 4.143661e-06 7.265758e-08 1.187713e-11 4.216331e-06 _55175_
 4.143348e-06 7.283758e-08 8.145214e-12 4.216194e-06 _57576_
 4.181577e-06 3.419187e-08 8.179840e-12 4.215777e-06 _57679_
 4.169043e-06 4.605510e-08 8.108416e-12 4.215106e-06 _58019_
 4.182667e-06 3.221049e-08 8.188158e-12 4.214886e-06 _57670_
 4.167012e-06 4.754188e-08 8.162799e-12 4.214562e-06 _54155_
 4.140978e-06 7.296669e-08 8.122470e-12 4.213952e-06 _57875_
 4.155327e-06 5.847049e-08 8.113134e-12 4.213806e-06 _57952_
 4.182501e-06 3.081587e-08 8.158453e-12 4.213325e-06 _57756_
 4.182520e-06 3.057620e-08 8.235214e-12 4.213104e-06 _57508_
 4.143613e-06 6.940734e-08 1.187713e-11 4.213032e-06 _55605_
 4.168458e-06 4.416957e-08 8.171386e-12 4.212636e-06 _57750_
 4.181830e-06 3.078506e-08 8.235214e-12 4.212623e-06 _57556_
 4.169795e-06 4.279182e-08 8.162799e-12 4.212595e-06 _56897_
 4.154507e-06 5.805955e-08 8.179840e-12 4.212574e-06 _57714_
 4.181450e-06 3.110015e-08 8.179840e-12 4.212558e-06 _57666_
 4.167209e-06 4.518868e-08 8.162799e-12 4.212406e-06 _54027_
 4.180733e-06 3.165681e-08 8.179840e-12 4.212398e-06 _57695_
 4.181039e-06 3.109112e-08 8.179840e-12 4.212138e-06 _57703_
 4.180257e-06 3.158816e-08 8.158453e-12 4.211853e-06 _57724_
 4.155047e-06 5.646820e-08 8.127086e-12 4.211523e-06 _57843_
 4.182258e-06 2.884207e-08 8.212297e-12 4.211108e-06 _57689_
 4.180905e-06 3.013809e-08 8.235214e-12 4.211051e-06 _57524_
 4.142917e-06 6.795103e-08 8.145214e-12 4.210876e-06 _57715_
 4.180014e-06 3.071178e-08 8.179840e-12 4.210734e-06 _57698_
 4.125246e-06 8.536015e-08 8.188158e-12 4.210614e-06 _57717_
 4.179751e-06 3.067328e-08 8.235214e-12 4.210433e-06 _57572_
 4.180798e-06 2.945294e-08 8.227711e-12 4.210259e-06 _57704_
 4.180726e-06 2.941694e-08 8.179840e-12 4.210151e-06 _57663_
 4.164742e-06 4.530301e-08 8.145214e-12 4.210053e-06 _54188_
 4.164713e-06 4.532668e-08 8.162799e-12 4.210047e-06 _54011_
 4.178835e-06 3.062094e-08 8.212297e-12 4.209464e-06 _57697_
 4.180878e-06 2.856671e-08 8.212297e-12 4.209453e-06 _57699_
 4.140975e-06 6.831407e-08 8.122470e-12 4.209297e-06 _57876_
 4.142338e-06 6.692702e-08 8.122470e-12 4.209273e-06 _57878_
 4.164365e-06 4.479245e-08 8.145214e-12 4.209166e-06 _53916_
 4.165292e-06 4.310417e-08 8.145214e-12 4.208404e-06 _54060_
 4.165882e-06 4.250769e-08 8.162799e-12 4.208398e-06 _54139_
 4.138256e-06 7.007850e-08 8.140732e-12 4.208342e-06 _57793_
 4.165471e-06 4.241707e-08 8.162799e-12 4.207896e-06 _54107_
 4.166049e-06 4.175049e-08 8.162799e-12 4.207808e-06 _54171_
 4.163627e-06 4.410688e-08 8.145214e-12 4.207742e-06 _53836_
 4.156316e-06 5.088011e-08 8.179840e-12 4.207205e-06 _57730_
 4.142850e-06 6.420777e-08 8.256911e-12 4.207066e-06 _56786_
 4.163828e-06 4.321689e-08 8.145214e-12 4.207053e-06 _54252_
 4.163383e-06 4.361870e-08 8.162799e-12 4.207010e-06 _53867_
 4.113655e-06 9.281356e-08 8.162799e-12 4.206477e-06 _57784_
 4.142849e-06 6.327453e-08 8.113134e-12 4.206132e-06 _57872_
 4.165414e-06 4.063111e-08 8.162799e-12 4.206054e-06 _54267_
 4.140335e-06 6.538361e-08 8.242582e-12 4.205727e-06 _57011_
 4.140093e-06 6.556347e-08 8.122470e-12 4.205665e-06 _57882_
 4.169948e-06 3.508530e-08 8.167109e-12 4.205041e-06 _57743_
 4.162624e-06 4.228689e-08 8.145214e-12 4.204920e-06 _53996_
 4.168408e-06 3.644786e-08 8.162799e-12 4.204865e-06 _56881_
 4.169255e-06 3.554807e-08 8.162799e-12 4.204811e-06 _56801_
 4.167062e-06 3.767754e-08 8.171386e-12 4.204748e-06 _57766_
 4.163909e-06 4.082874e-08 8.145214e-12 4.204746e-06 _54108_
 4.169248e-06 3.541711e-08 8.162799e-12 4.204674e-06 _56833_
 4.163297e-06 4.098902e-08 8.145214e-12 4.204295e-06 _53900_
 4.163805e-06 3.934167e-08 8.162799e-12 4.203155e-06 _53947_
 4.165287e-06 3.779446e-08 8.162799e-12 4.203090e-06 _54251_
 4.168206e-06 3.469317e-08 8.162799e-12 4.202907e-06 _56945_
 4.141051e-06 6.148237e-08 8.145214e-12 4.202542e-06 _57496_
 4.163967e-06 3.836863e-08 8.162799e-12 4.202344e-06 _54043_
 4.168824e-06 3.344387e-08 8.171386e-12 4.202277e-06 _57734_
 4.142639e-06 5.926891e-08 8.122470e-12 4.201916e-06 _57873_
 4.162471e-06 3.936360e-08 8.145214e-12 4.201842e-06 _53964_
 4.142161e-06 5.950537e-08 8.122470e-12 4.201675e-06 _57879_
 4.162764e-06 3.870434e-08 8.145214e-12 4.201476e-06 _54268_
 4.163301e-06 3.774275e-08 8.162799e-12 4.201052e-06 _53963_
 4.154927e-06 4.608171e-08 8.188158e-12 4.201017e-06 _57680_
 4.166265e-06 3.428193e-08 8.162799e-12 4.200555e-06 _56993_
 4.173078e-06 2.726479e-08 8.171036e-12 4.200351e-06 _53787_
 4.162887e-06 3.740227e-08 8.162799e-12 4.200298e-06 _53899_
 4.167779e-06 3.224907e-08 8.162799e-12 4.200036e-06 _56865_
 4.167552e-06 3.241272e-08 8.184016e-12 4.199973e-06 _57728_
 4.142578e-06 5.718278e-08 8.149662e-12 4.199769e-06 _57713_
 4.140531e-06 5.910188e-08 8.122470e-12 4.199641e-06 _57877_
 4.168447e-06 3.093482e-08 8.167109e-12 4.199390e-06 _57741_
 4.163282e-06 3.606226e-08 8.162799e-12 4.199352e-06 _53931_
 4.163625e-06 3.571393e-08 8.162799e-12 4.199347e-06 _54059_
 4.168397e-06 3.068602e-08 8.167109e-12 4.199091e-06 _57726_
 4.168269e-06 3.047068e-08 8.162799e-12 4.198748e-06 _56817_
 4.130864e-06 6.767333e-08 8.162799e-12 4.198545e-06 _57773_
 4.163034e-06 3.521132e-08 8.162799e-12 4.198254e-06 _53995_
 4.162848e-06 3.467654e-08 8.145214e-12 4.197533e-06 _54156_
 4.161848e-06 3.559356e-08 8.145214e-12 4.197450e-06 _53948_
 4.141340e-06 5.602091e-08 8.179840e-12 4.197369e-06 _57719_
 4.168105e-06 2.905854e-08 8.167109e-12 4.197171e-06 _57742_
 4.167353e-06 2.937062e-08 8.162799e-12 4.196732e-06 _56849_
 4.167971e-06 2.859935e-08 8.167109e-12 4.196579e-06 _57759_
 4.143417e-06 5.307826e-08 1.187713e-11 4.196507e-06 _56553_
 4.168529e-06 2.768484e-08 8.167109e-12 4.196222e-06 _57727_
 4.167524e-06 2.865892e-08 8.167109e-12 4.196192e-06 _57757_
 4.167061e-06 2.895006e-08 8.162799e-12 4.196020e-06 _56929_
 4.162676e-06 3.305087e-08 8.162799e-12 4.195736e-06 _53915_
 4.163135e-06 3.233440e-08 8.145214e-12 4.195477e-06 _54076_
 4.162491e-06 3.273685e-08 8.145214e-12 4.195236e-06 _54092_
 4.165644e-06 2.944778e-08 8.167109e-12 4.195100e-06 _57758_
 4.167085e-06 2.755947e-08 8.162799e-12 4.194652e-06 _56913_
 4.164022e-06 3.043796e-08 8.162799e-12 4.194469e-06 _54235_
 4.162923e-06 3.151106e-08 8.162799e-12 4.194443e-06 _54091_
 4.161217e-06 3.320780e-08 8.145214e-12 4.194433e-06 _53932_
 4.157545e-06 3.661998e-08 8.127086e-12 4.194173e-06 _57857_
 4.161218e-06 3.294589e-08 8.145214e-12 4.194173e-06 _54012_
 4.162351e-06 3.168045e-08 8.145214e-12 4.194040e-06 _54140_
 4.166873e-06 2.707037e-08 8.162799e-12 4.193951e-06 _56961_
 4.162222e-06 3.154129e-08 8.162799e-12 4.193771e-06 _53803_
 4.165722e-06 2.791298e-08 8.162799e-12 4.193643e-06 _57025_
 4.165342e-06 2.816022e-08 8.184016e-12 4.193510e-06 _57760_
 4.165245e-06 2.824420e-08 8.167109e-12 4.193497e-06 _57725_
 4.162166e-06 3.128013e-08 8.145214e-12 4.193454e-06 _54220_
 4.162111e-06 3.078040e-08 8.145214e-12 4.192899e-06 _54172_
 4.141530e-06 5.130072e-08 8.122470e-12 4.192838e-06 _57884_
 4.067719e-06 1.250693e-07 8.074438e-12 4.192796e-06 _57837_
 4.163632e-06 2.913573e-08 8.162799e-12 4.192776e-06 _54187_
 4.165513e-06 2.709770e-08 8.184016e-12 4.192618e-06 _57744_
 4.161836e-06 3.073690e-08 8.145214e-12 4.192581e-06 _53852_
 4.161105e-06 3.134868e-08 8.145214e-12 4.192462e-06 _54028_
 4.163713e-06 2.857898e-08 8.162799e-12 4.192300e-06 _54219_
 4.161923e-06 3.036234e-08 8.145214e-12 4.192293e-06 _54124_
 4.164939e-06 2.684010e-08 8.162799e-12 4.191787e-06 _57009_
 4.161921e-06 2.972798e-08 8.162799e-12 4.191658e-06 _53979_
 4.162710e-06 2.872607e-08 8.145214e-12 4.191444e-06 _54044_
 4.142380e-06 4.899002e-08 8.242582e-12 4.191378e-06 _56963_
 4.164773e-06 2.651664e-08 8.162799e-12 4.191298e-06 _56977_
 4.163860e-06 2.740266e-08 8.162799e-12 4.191271e-06 _54203_
 4.161583e-06 2.842872e-08 8.145214e-12 4.190019e-06 _54236_
 4.083429e-06 1.065616e-07 8.154075e-12 4.189999e-06 _57783_
 4.161269e-06 2.864993e-08 8.162799e-12 4.189927e-06 _53819_
 4.161215e-06 2.802239e-08 8.162799e-12 4.189245e-06 _53835_
 4.160909e-06 2.814849e-08 8.145214e-12 4.189065e-06 _53804_
 4.128477e-06 5.989229e-08 8.171386e-12 4.188377e-06 _57653_
 4.160507e-06 2.769716e-08 8.145214e-12 4.188212e-06 _53868_
 4.155064e-06 3.307292e-08 8.171386e-12 4.188145e-06 _57676_
 4.154167e-06 3.372100e-08 8.127086e-12 4.187896e-06 _57866_
 4.161014e-06 2.663768e-08 8.145214e-12 4.187660e-06 _54204_
 4.160718e-06 2.677888e-08 8.162799e-12 4.187505e-06 _53883_
 4.140787e-06 4.614323e-08 1.187713e-11 4.186942e-06 _55398_
 4.154751e-06 3.206774e-08 8.171386e-12 4.186827e-06 _57660_
 4.156126e-06 2.856115e-08 8.127086e-12 4.184696e-06 _57856_
 4.053431e-06 1.297296e-07 8.074438e-12 4.183169e-06 _57803_
 4.126175e-06 5.664786e-08 8.154075e-12 4.182831e-06 _57495_
 4.152449e-06 3.017594e-08 8.127086e-12 4.182633e-06 _57867_
 4.153291e-06 2.923844e-08 8.127086e-12 4.182537e-06 _57865_
 4.137893e-06 4.423481e-08 1.187713e-11 4.182140e-06 _55064_
 4.127242e-06 5.448884e-08 8.162799e-12 4.181739e-06 _57645_
 4.152966e-06 2.864306e-08 8.149662e-12 4.181617e-06 _57739_
 4.152351e-06 2.875607e-08 8.127086e-12 4.181115e-06 _57860_
 4.151819e-06 2.868893e-08 8.188158e-12 4.180516e-06 _57664_
 4.151166e-06 2.929591e-08 8.127086e-12 4.180470e-06 _57858_
 4.152629e-06 2.777403e-08 8.127086e-12 4.180411e-06 _57863_
 4.153209e-06 2.661869e-08 8.179840e-12 4.179836e-06 _57762_
 4.141556e-06 3.824148e-08 8.179840e-12 4.179806e-06 _57751_
 4.128262e-06 5.151798e-08 8.162799e-12 4.179788e-06 _57646_
 4.151772e-06 2.777867e-08 8.127086e-12 4.179559e-06 _57868_
 4.152908e-06 2.626457e-08 8.179840e-12 4.179181e-06 _57746_
 4.152815e-06 2.635149e-08 8.127086e-12 4.179175e-06 _57864_
 4.152925e-06 2.567994e-08 8.171386e-12 4.178613e-06 _57692_
 4.152464e-06 2.609488e-08 8.149662e-12 4.178567e-06 _57723_
 4.152368e-06 2.586871e-08 8.188158e-12 4.178245e-06 _57696_
 4.152368e-06 2.580497e-08 8.127086e-12 4.178181e-06 _57862_
 4.153085e-06 2.448931e-08 8.149662e-12 4.177583e-06 _57755_
 4.151802e-06 2.527596e-08 8.127086e-12 4.177086e-06 _57861_
 4.150578e-06 2.607698e-08 8.127086e-12 4.176663e-06 _57859_
 4.139946e-06 3.633352e-08 8.122470e-12 4.176288e-06 _57894_
 4.108385e-06 6.743828e-08 8.175631e-12 4.175831e-06 _57787_
 4.141776e-06 3.375584e-08 8.212297e-12 4.175540e-06 _57154_
 4.124719e-06 5.017307e-08 8.122470e-12 4.174900e-06 _57789_
 4.141795e-06 3.294889e-08 8.212297e-12 4.174752e-06 _57170_
 4.139779e-06 3.458738e-08 8.145214e-12 4.174375e-06 _57560_
 4.084172e-06 9.016495e-08 8.094058e-12 4.174346e-06 _57836_
 4.138176e-06 3.615984e-08 8.122470e-12 4.174344e-06 _57891_
 4.111968e-06 6.163123e-08 8.127086e-12 4.173608e-06 _57043_
 4.139172e-06 3.422220e-08 8.256911e-12 4.173402e-06 _56882_
 4.140489e-06 3.209988e-08 8.242582e-12 4.172597e-06 _56867_
 4.137671e-06 3.480641e-08 8.242582e-12 4.172486e-06 _57027_
 4.114904e-06 5.686542e-08 8.158453e-12 4.171778e-06 _57780_
 4.140480e-06 3.128351e-08 8.242582e-12 4.171772e-06 _56883_
 4.140116e-06 3.097150e-08 8.145214e-12 4.171095e-06 _57731_
 4.138633e-06 3.223806e-08 8.212297e-12 4.170879e-06 _57250_
 4.140099e-06 2.988194e-08 8.242582e-12 4.169989e-06 _56819_
 4.138308e-06 3.036581e-08 8.256911e-12 4.168682e-06 _56866_
 4.113474e-06 5.502904e-08 8.089203e-12 4.168511e-06 _57944_
 4.117985e-06 5.048366e-08 8.089203e-12 4.168477e-06 _57941_
 4.139738e-06 2.857497e-08 8.242582e-12 4.168321e-06 _56803_
 4.144106e-06 2.395447e-08 8.212297e-12 4.168068e-06 _57138_
 4.137195e-06 3.065782e-08 8.256911e-12 4.167861e-06 _56994_
 4.138376e-06 2.932645e-08 8.122470e-12 4.167710e-06 _57899_
 4.139708e-06 2.777245e-08 8.242582e-12 4.167489e-06 _56851_
 4.112646e-06 5.472564e-08 8.089203e-12 4.167380e-06 _57940_
 4.139371e-06 2.788530e-08 8.179840e-12 4.167264e-06 _57767_
 4.138574e-06 2.863287e-08 8.212297e-12 4.167215e-06 _57058_
 4.127050e-06 4.003135e-08 8.154075e-12 4.167089e-06 _57559_
 4.137158e-06 2.979426e-08 8.256911e-12 4.166960e-06 _57010_
 4.139678e-06 2.708036e-08 8.242582e-12 4.166766e-06 _56931_
 4.138715e-06 2.802069e-08 8.145214e-12 4.166744e-06 _57608_
 4.139256e-06 2.699265e-08 8.242582e-12 4.166257e-06 _56947_
 4.138112e-06 2.807636e-08 8.256911e-12 4.166197e-06 _56802_
 4.137097e-06 2.905166e-08 8.212297e-12 4.166157e-06 _57234_
 4.139594e-06 2.633528e-08 8.242582e-12 4.165938e-06 _56979_
 4.138488e-06 2.733425e-08 8.256911e-12 4.165831e-06 _56946_
 4.136969e-06 2.878551e-08 8.256911e-12 4.165763e-06 _56962_
 4.099133e-06 6.651795e-08 1.187713e-11 4.165663e-06 _56018_
 4.138610e-06 2.694955e-08 8.256911e-12 4.165568e-06 _56914_
 4.139452e-06 2.581077e-08 8.242582e-12 4.165271e-06 _56915_
 4.137698e-06 2.724128e-08 8.212297e-12 4.164948e-06 _57218_
 4.138391e-06 2.612025e-08 8.122470e-12 4.164519e-06 _57898_
 4.110745e-06 5.332486e-08 8.089203e-12 4.164078e-06 _57939_
 4.138039e-06 2.595367e-08 8.122470e-12 4.164001e-06 _57895_
 4.136718e-06 2.724553e-08 8.212297e-12 4.163972e-06 _57282_
 4.136634e-06 2.726978e-08 8.256911e-12 4.163912e-06 _56930_
 4.107884e-06 5.593100e-08 8.158453e-12 4.163823e-06 _57785_
 4.138506e-06 2.498361e-08 8.122470e-12 4.163498e-06 _57897_
 4.137405e-06 2.604890e-08 8.122470e-12 4.163462e-06 _57890_
 4.138520e-06 2.455501e-08 8.145214e-12 4.163083e-06 _57528_
 4.138709e-06 2.425933e-08 8.242582e-12 4.162976e-06 _56995_
 4.138382e-06 2.451331e-08 8.145214e-12 4.162904e-06 _57544_
 4.136649e-06 2.600190e-08 8.212297e-12 4.162659e-06 _57266_
 4.139071e-06 2.349366e-08 8.242582e-12 4.162573e-06 _56899_
 4.137027e-06 2.542633e-08 8.212297e-12 4.162462e-06 _57106_
 4.138855e-06 2.353161e-08 8.149662e-12 4.162395e-06 _57745_
 4.138856e-06 2.351894e-08 8.149662e-12 4.162383e-06 _57729_
 4.112715e-06 4.949602e-08 8.089203e-12 4.162219e-06 _57946_
 4.134879e-06 2.712216e-08 8.145214e-12 4.162009e-06 _57763_
 4.138424e-06 2.325520e-08 8.145214e-12 4.161688e-06 _57592_
 4.137995e-06 2.360386e-08 8.149662e-12 4.161607e-06 _57761_
 4.136697e-06 2.482917e-08 8.212297e-12 4.161534e-06 _57090_
 4.138053e-06 2.339481e-08 8.122470e-12 4.161456e-06 _57889_
 4.137318e-06 2.400029e-08 8.256911e-12 4.161326e-06 _56898_
 4.137258e-06 2.398783e-08 8.256911e-12 4.161254e-06 _56850_
 4.137355e-06 2.387821e-08 8.256911e-12 4.161241e-06 _56834_
 4.138844e-06 2.237443e-08 8.242582e-12 4.161227e-06 _56835_
 4.138011e-06 2.317769e-08 8.113134e-12 4.161197e-06 _57888_
 4.137166e-06 2.388478e-08 8.145214e-12 4.161059e-06 _57512_
 4.137195e-06 2.366884e-08 8.212297e-12 4.160871e-06 _57186_
 4.137041e-06 2.370721e-08 8.122470e-12 4.160757e-06 _57900_
 4.112680e-06 4.770178e-08 8.089203e-12 4.160390e-06 _57943_
 4.117594e-06 4.274631e-08 8.089203e-12 4.160348e-06 _57942_
 4.125031e-06 3.524172e-08 8.171386e-12 4.160281e-06 _57669_
 4.137299e-06 2.294235e-08 8.179840e-12 4.160250e-06 _57735_
 4.053325e-06 1.067810e-07 8.069447e-12 4.160115e-06 _57802_
 4.137165e-06 2.279330e-08 8.256911e-12 4.159967e-06 _56818_
 4.136587e-06 2.300560e-08 8.212297e-12 4.159601e-06 _57122_
 4.136105e-06 2.347513e-08 8.122470e-12 4.159589e-06 _57892_
 4.135934e-06 2.359935e-08 8.256911e-12 4.159541e-06 _56978_
 4.136483e-06 2.260717e-08 8.122470e-12 4.159099e-06 _57893_
 4.135748e-06 2.315956e-08 8.256911e-12 4.158915e-06 _57026_
 4.136290e-06 2.244240e-08 8.212297e-12 4.158740e-06 _57074_
 4.098286e-06 6.035366e-08 8.162799e-12 4.158648e-06 _57778_
 4.136766e-06 2.176854e-08 8.212297e-12 4.158543e-06 _57202_
 4.109159e-06 4.931549e-08 8.089203e-12 4.158483e-06 _57950_
 4.135235e-06 2.279424e-08 8.122470e-12 4.158038e-06 _57896_
 4.134813e-06 2.292816e-08 8.145214e-12 4.157750e-06 _57747_
 4.112261e-06 4.431204e-08 8.089203e-12 4.156581e-06 _57937_
 4.125945e-06 3.050710e-08 8.162799e-12 4.156460e-06 _57693_
 4.122491e-06 3.294384e-08 8.188158e-12 4.155443e-06 _57733_
 4.112289e-06 4.302058e-08 8.089203e-12 4.155318e-06 _57949_
 4.112362e-06 4.267653e-08 8.089203e-12 4.155047e-06 _57945_
 4.099031e-06 5.589379e-08 1.187713e-11 4.154937e-06 _56560_
 4.126185e-06 2.831219e-08 8.171386e-12 4.154505e-06 _57685_
 4.111985e-06 4.175347e-08 8.089203e-12 4.153746e-06 _57951_
 4.109323e-06 4.435925e-08 8.089203e-12 4.153690e-06 _57948_
 4.067419e-06 8.617021e-08 8.149662e-12 4.153598e-06 _57351_
 4.123420e-06 3.009455e-08 8.154075e-12 4.153523e-06 _57527_
 4.124568e-06 2.865234e-08 8.154075e-12 4.153229e-06 _57607_
 4.109052e-06 4.339736e-08 8.089203e-12 4.152458e-06 _57947_
 4.109619e-06 4.256310e-08 8.089203e-12 4.152190e-06 _57938_
 4.125790e-06 2.613337e-08 8.162799e-12 4.151932e-06 _57678_
 4.122966e-06 2.875734e-08 8.154075e-12 4.151731e-06 _57543_
 4.107936e-06 4.272044e-08 8.158453e-12 4.150664e-06 _57777_
 4.125450e-06 2.454710e-08 8.162799e-12 4.150005e-06 _57662_
 4.110946e-06 3.882437e-08 8.089203e-12 4.149778e-06 _58004_
 4.109958e-06 3.902283e-08 8.127086e-12 4.148989e-06 _57267_
 4.096284e-06 5.233595e-08 8.094058e-12 4.148628e-06 _57958_
 4.100215e-06 4.808170e-08 1.187713e-11 4.148309e-06 _56554_
 4.110067e-06 3.787014e-08 8.089203e-12 4.147945e-06 _58010_
 4.124608e-06 2.306256e-08 8.154075e-12 4.147678e-06 _57575_
 4.110838e-06 3.627762e-08 8.089203e-12 4.147124e-06 _58006_
 4.095652e-06 5.125025e-08 8.094058e-12 4.146911e-06 _57959_
 4.124588e-06 2.218659e-08 8.162799e-12 4.146783e-06 _57694_
 4.098695e-06 4.792084e-08 8.094058e-12 4.146624e-06 _57965_
 4.124009e-06 2.145984e-08 8.171386e-12 4.145477e-06 _57701_
 4.123771e-06 2.160362e-08 8.162799e-12 4.145383e-06 _57661_
 4.122416e-06 2.257954e-08 8.188158e-12 4.145004e-06 _57765_
 4.110715e-06 3.384887e-08 8.089203e-12 4.144572e-06 _58005_
 4.110640e-06 3.391791e-08 8.089203e-12 4.144566e-06 _58007_
 4.111289e-06 3.295957e-08 8.089203e-12 4.144257e-06 _58014_
 4.123692e-06 2.044193e-08 8.154075e-12 4.144142e-06 _57591_
 4.111013e-06 3.309610e-08 8.089203e-12 4.144118e-06 _58013_
 4.123543e-06 2.040600e-08 8.154075e-12 4.143957e-06 _57511_
 4.120315e-06 2.332161e-08 8.162799e-12 4.143645e-06 _57677_
 4.097655e-06 4.595287e-08 8.094058e-12 4.143616e-06 _57957_
 4.082416e-06 6.118464e-08 9.298192e-12 4.143609e-06 _57838_
 4.099520e-06 4.392600e-08 1.187713e-11 4.143458e-06 _55606_
 4.103913e-06 3.951215e-08 1.187713e-11 4.143437e-06 _55285_
 4.077964e-06 6.501477e-08 9.298192e-12 4.142988e-06 _55020_
 4.067281e-06 7.528896e-08 8.149662e-12 4.142578e-06 _57350_
 4.120680e-06 2.168814e-08 8.188158e-12 4.142377e-06 _57749_
 4.099535e-06 4.251552e-08 1.187713e-11 4.142062e-06 _55907_
 4.094217e-06 4.767581e-08 8.094058e-12 4.141901e-06 _57964_
 4.097636e-06 4.361511e-08 8.094058e-12 4.141260e-06 _57962_
 4.110413e-06 2.963539e-08 8.127086e-12 4.140057e-06 _57171_
 4.110851e-06 2.917819e-08 8.089203e-12 4.140038e-06 _58012_
 4.097426e-06 4.238149e-08 8.094058e-12 4.139815e-06 _57955_
 4.075741e-06 6.389140e-08 9.298192e-12 4.139642e-06 _57352_
 4.098782e-06 4.054260e-08 1.187713e-11 4.139337e-06 _55176_
 4.109934e-06 2.930817e-08 8.089203e-12 4.139250e-06 _58016_
 4.110144e-06 2.864705e-08 8.127086e-12 4.138800e-06 _57283_
 4.109140e-06 2.929460e-08 8.089203e-12 4.138443e-06 _58011_
 4.110019e-06 2.826989e-08 8.089203e-12 4.138297e-06 _58018_
 4.109929e-06 2.808322e-08 8.089203e-12 4.138021e-06 _58017_
 4.097837e-06 4.003121e-08 8.094058e-12 4.137876e-06 _57960_
 4.109666e-06 2.758477e-08 8.127086e-12 4.137260e-06 _57219_
 4.097755e-06 3.850912e-08 8.094058e-12 4.136272e-06 _57961_
 4.096255e-06 3.992304e-08 8.094058e-12 4.136186e-06 _57954_
 4.096265e-06 3.728368e-08 8.094058e-12 4.133557e-06 _57963_
 4.095594e-06 3.714475e-08 8.094058e-12 4.132747e-06 _57956_
 4.108997e-06 2.335660e-08 8.089203e-12 4.132362e-06 _58015_
 4.100299e-06 3.166537e-08 1.187713e-11 4.131976e-06 _55065_
 4.086090e-06 4.542478e-08 8.149662e-12 4.131523e-06 _57775_
 4.109044e-06 2.179980e-08 8.127086e-12 4.130852e-06 _57139_
 4.109724e-06 2.013451e-08 8.127086e-12 4.129866e-06 _57203_
 4.108169e-06 2.118495e-08 8.127086e-12 4.129362e-06 _57251_
 4.108534e-06 2.071773e-08 8.127086e-12 4.129260e-06 _57059_
 4.108503e-06 2.038333e-08 8.127086e-12 4.128894e-06 _57091_
 4.108513e-06 2.030316e-08 8.127086e-12 4.128824e-06 _57107_
 4.109662e-06 1.902277e-08 8.127086e-12 4.128693e-06 _57187_
 4.082872e-06 4.466572e-08 8.149662e-12 4.127546e-06 _57776_
 4.109334e-06 1.814404e-08 8.127086e-12 4.127486e-06 _57155_
 4.108439e-06 1.872166e-08 8.127086e-12 4.127168e-06 _57123_
 4.108098e-06 1.901140e-08 8.127086e-12 4.127118e-06 _57235_
 4.108095e-06 1.807671e-08 8.127086e-12 4.126180e-06 _57075_
 4.098566e-06 2.318612e-08 1.187713e-11 4.121764e-06 _55399_
 4.088366e-06 3.171608e-08 8.089203e-12 4.120091e-06 _57953_
 4.071039e-06 3.605904e-08 8.795362e-12 4.107107e-06 _55973_
 4.070916e-06 3.445491e-08 8.795362e-12 4.105380e-06 _55131_
 4.071451e-06 3.021841e-08 8.795362e-12 4.101678e-06 _55351_
 4.070891e-06 3.020573e-08 8.795362e-12 4.101105e-06 _56540_
 4.063214e-06 3.140905e-08 8.795362e-12 4.094631e-06 _55561_
 4.065882e-06 2.733423e-08 8.074438e-12 4.093225e-06 _58027_
 4.053396e-06 3.272960e-08 8.084315e-12 4.086133e-06 _57885_
 4.065265e-06 1.960400e-08 8.074438e-12 4.084878e-06 _58026_
 4.065150e-06 1.969098e-08 8.074438e-12 4.084849e-06 _58029_
 4.052556e-06 3.204594e-08 8.069447e-12 4.084610e-06 _57720_
 4.052128e-06 3.146853e-08 8.074438e-12 4.083605e-06 _57886_
 4.035067e-06 4.818713e-08 8.064425e-12 4.083263e-06 _57770_
 4.064992e-06 1.794342e-08 8.074438e-12 4.082944e-06 _58025_
 4.064937e-06 1.714180e-08 8.074438e-12 4.082086e-06 _58028_
 4.068120e-06 1.343693e-08 9.134627e-12 4.081566e-06 _58002_
 4.064780e-06 1.663597e-08 8.074438e-12 4.081424e-06 _58023_
 4.061536e-06 1.984282e-08 8.074438e-12 4.081387e-06 _58032_
 4.064755e-06 1.660103e-08 8.074438e-12 4.081364e-06 _58024_
 4.064602e-06 1.664303e-08 8.074438e-12 4.081253e-06 _58030_
 4.061380e-06 1.850216e-08 8.074438e-12 4.079890e-06 _58031_
 4.074563e-06 4.541616e-09 9.134627e-12 4.079113e-06 _57804_
 4.052903e-06 2.594925e-08 8.079393e-12 4.078860e-06 _57721_
 4.069133e-06 7.603957e-09 9.134627e-12 4.076746e-06 _57318_
 4.059301e-06 1.603994e-08 8.074438e-12 4.075349e-06 _58022_
 4.061701e-06 1.201368e-08 5.875600e-12 4.073720e-06 _56531_
 4.058860e-06 1.388106e-08 8.074438e-12 4.072750e-06 _58021_
 4.067241e-06 3.288354e-09 9.134627e-12 4.070538e-06 _58035_
 4.051853e-06 1.413281e-08 8.084315e-12 4.065994e-06 _57901_
 4.061381e-06 4.475274e-09 1.427225e-11 4.065870e-06 _55993_
 4.058068e-06 7.451016e-09 1.259605e-11 4.065532e-06 _55114_
 4.061375e-06 3.502501e-09 1.427225e-11 4.064891e-06 _55994_
 4.060464e-06 3.946026e-09 1.427225e-11 4.064424e-06 _55259_
 4.060460e-06 3.129923e-09 1.427225e-11 4.063604e-06 _55257_
 4.049155e-06 1.342387e-08 1.225975e-11 4.062591e-06 _58036_
 4.051578e-06 1.095205e-08 8.079393e-12 4.062539e-06 _57769_
 4.057531e-06 4.941435e-09 1.427225e-11 4.062486e-06 _55995_
 4.060410e-06 1.987725e-09 1.427225e-11 4.062412e-06 _55258_
 4.058140e-06 4.090152e-09 1.427225e-11 4.062244e-06 _55883_
 4.054753e-06 7.451753e-09 1.259605e-11 4.062218e-06 _55544_
 4.058882e-06 2.985852e-09 1.427225e-11 4.061882e-06 _55884_
 4.050331e-06 1.141547e-08 8.074438e-12 4.061755e-06 _57902_
 4.052189e-06 9.456668e-09 1.225975e-11 4.061658e-06 _55003_
 4.050723e-06 1.089633e-08 8.079393e-12 4.061627e-06 _57753_
 4.051269e-06 1.034806e-08 8.069447e-12 4.061625e-06 _57752_
 4.051159e-06 1.042482e-08 8.069447e-12 4.061591e-06 _57768_
 4.054935e-06 6.540189e-09 1.259605e-11 4.061488e-06 _55996_
 4.058125e-06 2.942201e-09 1.427225e-11 4.061081e-06 _55885_
 4.050630e-06 1.031836e-08 8.069447e-12 4.060956e-06 _57736_
 4.058835e-06 2.065986e-09 1.427225e-11 4.060915e-06 _55881_
 4.050591e-06 1.014544e-08 8.079393e-12 4.060745e-06 _57737_
 4.055562e-06 5.091564e-09 1.427225e-11 4.060668e-06 _55368_
 4.051904e-06 8.725952e-09 1.225975e-11 4.060642e-06 _55334_
 4.052691e-06 7.918648e-09 1.259605e-11 4.060622e-06 _56532_
 4.038868e-06 2.167707e-08 8.064425e-12 4.060553e-06 _57284_
 4.058811e-06 1.723054e-09 1.427225e-11 4.060548e-06 _55882_
 4.058128e-06 2.130601e-09 1.427225e-11 4.060273e-06 _55041_
 4.056389e-06 3.869449e-09 1.427225e-11 4.060272e-06 _55372_
 4.058112e-06 1.958288e-09 1.427225e-11 4.060084e-06 _55043_
 4.055876e-06 4.171256e-09 1.427225e-11 4.060061e-06 _55990_
 4.057947e-06 2.079983e-09 1.427225e-11 4.060041e-06 _55038_
 4.056392e-06 3.597127e-09 1.427225e-11 4.060003e-06 _55150_
 4.055738e-06 4.215170e-09 1.427225e-11 4.059967e-06 _55581_
 4.055924e-06 3.989113e-09 1.427225e-11 4.059927e-06 _56539_
 4.056380e-06 3.504991e-09 1.427225e-11 4.059899e-06 _55371_
 4.055323e-06 4.307103e-09 1.427225e-11 4.059644e-06 _55148_
 4.056281e-06 3.308460e-09 1.427225e-11 4.059603e-06 _55037_
 4.055865e-06 3.660832e-09 1.427225e-11 4.059540e-06 _55991_
 4.055295e-06 4.181105e-09 1.427225e-11 4.059490e-06 _55149_
 4.057293e-06 2.165514e-09 1.427225e-11 4.059472e-06 _56544_
 4.056389e-06 3.017760e-09 1.427225e-11 4.059420e-06 _55151_
 4.056372e-06 2.976624e-09 1.427225e-11 4.059363e-06 _55154_
 4.057581e-06 1.734405e-09 1.427225e-11 4.059330e-06 _55579_
 4.051435e-06 7.842536e-09 1.225975e-11 4.059290e-06 _55956_
 4.055859e-06 3.402906e-09 1.427225e-11 4.059276e-06 _55992_
 4.057276e-06 1.959383e-09 1.427225e-11 4.059250e-06 _56543_
 4.056219e-06 2.909466e-09 1.427225e-11 4.059143e-06 _55879_
 4.056350e-06 2.715423e-09 1.427225e-11 4.059079e-06 _55584_
 4.056351e-06 2.622024e-09 1.427225e-11 4.058987e-06 _55583_
 4.056276e-06 2.643183e-09 1.427225e-11 4.058933e-06 _55039_
 4.056348e-06 2.561506e-09 1.427225e-11 4.058923e-06 _55578_
 4.054657e-06 4.167479e-09 1.427225e-11 4.058838e-06 _56547_
 4.054660e-06 4.060486e-09 1.427225e-11 4.058734e-06 _56548_
 4.054410e-06 4.131453e-09 1.427225e-11 4.058555e-06 _55582_
 4.055768e-06 2.768747e-09 1.427225e-11 4.058551e-06 _56542_
 4.056245e-06 2.060355e-09 1.427225e-11 4.058320e-06 _55040_
 4.056227e-06 1.864770e-09 1.427225e-11 4.058106e-06 _55042_
 4.056310e-06 1.771221e-09 1.427225e-11 4.058095e-06 _55373_
 4.055524e-06 2.488815e-09 1.427225e-11 4.058027e-06 _55374_
 4.044681e-06 1.319794e-08 8.069447e-12 4.057887e-06 _58020_
 4.055693e-06 2.165690e-09 1.427225e-11 4.057873e-06 _55580_
 4.054556e-06 2.840152e-09 1.427225e-11 4.057411e-06 _55153_
 4.055696e-06 1.674418e-09 1.427225e-11 4.057384e-06 _56545_
 4.053868e-06 3.488435e-09 1.427225e-11 4.057370e-06 _55369_
 4.053865e-06 3.433372e-09 1.427225e-11 4.057313e-06 _55370_
 4.054157e-06 3.104595e-09 1.427225e-11 4.057276e-06 _55262_
 4.054175e-06 3.067886e-09 1.427225e-11 4.057257e-06 _55260_
 4.054556e-06 2.684544e-09 1.427225e-11 4.057255e-06 _55152_
 4.054158e-06 2.950492e-09 1.427225e-11 4.057123e-06 _55263_
 4.054345e-06 2.742640e-09 1.427225e-11 4.057101e-06 _56533_
 4.054162e-06 2.691250e-09 1.427225e-11 4.056867e-06 _55261_
 4.054584e-06 2.046793e-09 1.427225e-11 4.056645e-06 _56536_
 4.054683e-06 1.915978e-09 1.427225e-11 4.056613e-06 _56546_
 4.054318e-06 2.270722e-09 1.427225e-11 4.056602e-06 _56541_
 4.054576e-06 1.949380e-09 1.427225e-11 4.056540e-06 _56537_
 4.054301e-06 2.015646e-09 1.427225e-11 4.056330e-06 _56538_
 4.054300e-06 1.974422e-09 1.427225e-11 4.056289e-06 _56534_
 4.054284e-06 1.817900e-09 1.427225e-11 4.056116e-06 _56535_
 4.053324e-06 1.699765e-09 1.427225e-11 4.055038e-06 _58037_
 4.052967e-06 1.980189e-09 1.427225e-11 4.054961e-06 _55880_
 4.035609e-06 1.871273e-08 8.064425e-12 4.054330e-06 _57966_
 4.053228e-06 7.226830e-10 1.427225e-11 4.053964e-06 _58038_
 4.033268e-06 1.904323e-08 8.064425e-12 4.052320e-06 _57968_
 4.019583e-06 1.306580e-08 8.059367e-12 4.032657e-06 _57967_
 4.015977e-06 2.845985e-09 1.123720e-11 4.018834e-06 _56562_
 4.014255e-06 8.856779e-10 1.123720e-11 4.015153e-06 _56561_
 3.990362e-06 1.984879e-08 8.568300e-12 4.010219e-06 _58001_
 4.006274e-06 1.551503e-09 8.049150e-12 4.007834e-06 _58034_
 4.002544e-06 5.181381e-09 8.054275e-12 4.007733e-06 _58033_
 3.994165e-06 1.045004e-08 8.568300e-12 4.004623e-06 _55387_
 3.996598e-06 4.435265e-09 8.049150e-12 4.001041e-06 _55388_
 3.994144e-06 5.462139e-09 8.568300e-12 3.999614e-06 _54281_
 3.998955e-06 0.000000e+00 8.049150e-12 3.998963e-06 _54922_
 3.987452e-06 6.568337e-09 8.049150e-12 3.994028e-06 _54310_
 3.991897e-06 0.000000e+00 8.049150e-12 3.991905e-06 _55067_
 3.991895e-06 0.000000e+00 8.049150e-12 3.991903e-06 _55212_
 3.989785e-06 2.028821e-09 8.049150e-12 3.991822e-06 _57771_
 3.991435e-06 0.000000e+00 8.049150e-12 3.991443e-06 _56206_
 3.991431e-06 0.000000e+00 8.049150e-12 3.991439e-06 _56174_
 3.991350e-06 0.000000e+00 8.049150e-12 3.991358e-06 _55087_
 3.991349e-06 0.000000e+00 8.049150e-12 3.991358e-06 _55088_
 3.991341e-06 0.000000e+00 8.049150e-12 3.991349e-06 _55213_
 3.991341e-06 0.000000e+00 8.049150e-12 3.991349e-06 _55229_
 3.989609e-06 1.440627e-09 8.049150e-12 3.991057e-06 _57285_
 3.990587e-06 0.000000e+00 8.049150e-12 3.990595e-06 _55678_
 3.990584e-06 0.000000e+00 8.049150e-12 3.990592e-06 _55646_
 3.990584e-06 0.000000e+00 8.049150e-12 3.990592e-06 _55694_
 3.990583e-06 0.000000e+00 8.049150e-12 3.990591e-06 _55662_
 3.990579e-06 0.000000e+00 8.049150e-12 3.990588e-06 _55725_
 3.990496e-06 0.000000e+00 8.049150e-12 3.990504e-06 _54921_
 3.990491e-06 0.000000e+00 8.049150e-12 3.990499e-06 _54873_
 3.990489e-06 0.000000e+00 8.049150e-12 3.990498e-06 _54920_
 3.990489e-06 0.000000e+00 8.049150e-12 3.990497e-06 _54874_
 3.990489e-06 0.000000e+00 8.049150e-12 3.990497e-06 _54875_
 3.988889e-06 1.523275e-09 8.049150e-12 3.990420e-06 _57969_
 3.989582e-06 0.000000e+00 8.049150e-12 3.989590e-06 _56337_
 3.989581e-06 0.000000e+00 8.049150e-12 3.989589e-06 _56321_
 3.989580e-06 0.000000e+00 8.049150e-12 3.989588e-06 _56353_
 3.989579e-06 0.000000e+00 8.049150e-12 3.989588e-06 _56305_
 3.989576e-06 0.000000e+00 8.049150e-12 3.989584e-06 _56369_
 3.989574e-06 0.000000e+00 8.049150e-12 3.989582e-06 _56385_
 3.989573e-06 0.000000e+00 8.049150e-12 3.989581e-06 _56401_
 3.989194e-06 0.000000e+00 8.049150e-12 3.989202e-06 _56379_
 3.989192e-06 0.000000e+00 8.049150e-12 3.989201e-06 _56395_
 3.989191e-06 0.000000e+00 8.049150e-12 3.989199e-06 _56411_
 3.989191e-06 0.000000e+00 8.049150e-12 3.989199e-06 _56427_
 3.989189e-06 0.000000e+00 8.049150e-12 3.989197e-06 _56443_
 3.989188e-06 0.000000e+00 8.049150e-12 3.989196e-06 _56459_
 3.989090e-06 0.000000e+00 8.049150e-12 3.989098e-06 _55227_
 3.989090e-06 0.000000e+00 8.049150e-12 3.989098e-06 _55211_
 3.988936e-06 0.000000e+00 8.049150e-12 3.988945e-06 _54924_
 3.988935e-06 0.000000e+00 8.049150e-12 3.988943e-06 _54876_
 3.988933e-06 0.000000e+00 8.049150e-12 3.988941e-06 _54923_
 3.988932e-06 0.000000e+00 8.049150e-12 3.988941e-06 _54925_
 3.988927e-06 0.000000e+00 8.049150e-12 3.988936e-06 _54926_
 3.988398e-06 0.000000e+00 8.049150e-12 3.988407e-06 _55632_
 3.988398e-06 0.000000e+00 8.049150e-12 3.988406e-06 _55695_
 3.988393e-06 0.000000e+00 8.049150e-12 3.988401e-06 _55728_
 3.988392e-06 0.000000e+00 8.049150e-12 3.988400e-06 _55616_
 3.988392e-06 0.000000e+00 8.049150e-12 3.988400e-06 _55712_
 3.988145e-06 0.000000e+00 8.049150e-12 3.988153e-06 _55478_
 3.988123e-06 0.000000e+00 8.049150e-12 3.988132e-06 _55223_
 3.988122e-06 0.000000e+00 8.049150e-12 3.988131e-06 _55239_
 3.987667e-06 0.000000e+00 8.049150e-12 3.987675e-06 _55521_
 3.987662e-06 0.000000e+00 8.049150e-12 3.987670e-06 _55505_
 3.987652e-06 0.000000e+00 8.049150e-12 3.987660e-06 _55519_
 3.987651e-06 0.000000e+00 8.049150e-12 3.987659e-06 _55503_
 3.987381e-06 0.000000e+00 8.049150e-12 3.987389e-06 _54858_
 3.987379e-06 0.000000e+00 8.049150e-12 3.987387e-06 _54906_
 3.987379e-06 0.000000e+00 8.049150e-12 3.987387e-06 _54907_
 3.987374e-06 0.000000e+00 8.049150e-12 3.987383e-06 _56222_
 3.987313e-06 0.000000e+00 8.049150e-12 3.987322e-06 _56062_
 3.987263e-06 0.000000e+00 8.049150e-12 3.987272e-06 _55303_
 3.987263e-06 0.000000e+00 8.049150e-12 3.987271e-06 _55926_
 3.987262e-06 0.000000e+00 8.049150e-12 3.987270e-06 _55287_
 3.987262e-06 0.000000e+00 8.049150e-12 3.987270e-06 _55888_
 3.987262e-06 0.000000e+00 8.049150e-12 3.987270e-06 _55910_
 3.987262e-06 0.000000e+00 8.049150e-12 3.987270e-06 _55942_
 3.987256e-06 0.000000e+00 8.049150e-12 3.987264e-06 _55209_
 3.987250e-06 0.000000e+00 8.049150e-12 3.987258e-06 _55225_
 3.987180e-06 0.000000e+00 8.049150e-12 3.987188e-06 _56158_
 3.987178e-06 0.000000e+00 8.049150e-12 3.987186e-06 _56142_
 3.987174e-06 0.000000e+00 8.049150e-12 3.987182e-06 _54859_
 3.987166e-06 0.000000e+00 8.049150e-12 3.987174e-06 _54908_
 3.987164e-06 0.000000e+00 8.049150e-12 3.987172e-06 _56110_
 3.987162e-06 0.000000e+00 8.049150e-12 3.987171e-06 _56094_
 3.987117e-06 0.000000e+00 8.049150e-12 3.987126e-06 _54889_
 3.987114e-06 0.000000e+00 8.049150e-12 3.987122e-06 _54936_
 3.987113e-06 0.000000e+00 8.049150e-12 3.987122e-06 _54888_
 3.987112e-06 0.000000e+00 8.049150e-12 3.987121e-06 _54887_
 3.987112e-06 0.000000e+00 8.049150e-12 3.987120e-06 _54935_
 3.987103e-06 0.000000e+00 8.049150e-12 3.987112e-06 _55783_
 3.987103e-06 0.000000e+00 8.049150e-12 3.987112e-06 _55799_
 3.987103e-06 0.000000e+00 8.049150e-12 3.987111e-06 _55751_
 3.987103e-06 0.000000e+00 8.049150e-12 3.987111e-06 _55767_
 3.987103e-06 0.000000e+00 8.049150e-12 3.987111e-06 _55815_
 3.987055e-06 0.000000e+00 8.049150e-12 3.987063e-06 _56432_
 3.987055e-06 0.000000e+00 8.049150e-12 3.987063e-06 _56384_
 3.987055e-06 0.000000e+00 8.049150e-12 3.987063e-06 _56400_
 3.987055e-06 0.000000e+00 8.049150e-12 3.987063e-06 _56416_
 3.986965e-06 0.000000e+00 8.049150e-12 3.986973e-06 _55835_
 3.986865e-06 0.000000e+00 8.049150e-12 3.986873e-06 _56032_
 3.986849e-06 0.000000e+00 8.049150e-12 3.986857e-06 _55079_
 3.986816e-06 0.000000e+00 8.049150e-12 3.986824e-06 _54927_
 3.986815e-06 0.000000e+00 8.049150e-12 3.986824e-06 _54878_
 3.986815e-06 0.000000e+00 8.049150e-12 3.986824e-06 _54934_
 3.986815e-06 0.000000e+00 8.049150e-12 3.986823e-06 _54877_
 3.986815e-06 0.000000e+00 8.049150e-12 3.986823e-06 _54886_
 3.986733e-06 0.000000e+00 8.049150e-12 3.986741e-06 _56008_
 3.986686e-06 0.000000e+00 8.049150e-12 3.986694e-06 _55468_
 3.986644e-06 0.000000e+00 8.049150e-12 3.986652e-06 _54715_
 3.986643e-06 0.000000e+00 8.049150e-12 3.986651e-06 _54683_
 3.986643e-06 0.000000e+00 8.049150e-12 3.986651e-06 _54699_
 3.986637e-06 0.000000e+00 8.049150e-12 3.986645e-06 _55566_
 3.986635e-06 0.000000e+00 8.049150e-12 3.986643e-06 _55379_
 3.986574e-06 0.000000e+00 8.049150e-12 3.986582e-06 _56184_
 3.986574e-06 0.000000e+00 8.049150e-12 3.986582e-06 _56168_
 3.986573e-06 0.000000e+00 8.049150e-12 3.986581e-06 _55000_
 3.986573e-06 0.000000e+00 8.049150e-12 3.986581e-06 _56152_
 3.986573e-06 0.000000e+00 8.049150e-12 3.986581e-06 _55017_
 3.986572e-06 0.000000e+00 8.049150e-12 3.986580e-06 _55075_
 3.986571e-06 0.000000e+00 8.049150e-12 3.986579e-06 _55074_
 3.986526e-06 0.000000e+00 8.049150e-12 3.986534e-06 _55226_
 3.986526e-06 0.000000e+00 8.049150e-12 3.986534e-06 _55210_
 3.986485e-06 0.000000e+00 8.049150e-12 3.986493e-06 _55771_
 3.986446e-06 0.000000e+00 8.049150e-12 3.986454e-06 _56090_
 3.986409e-06 0.000000e+00 8.049150e-12 3.986417e-06 _55514_
 3.986398e-06 0.000000e+00 8.049150e-12 3.986406e-06 _55482_
 3.986393e-06 0.000000e+00 8.049150e-12 3.986401e-06 _54845_
 3.986393e-06 0.000000e+00 8.049150e-12 3.986401e-06 _54941_
 3.986393e-06 0.000000e+00 8.049150e-12 3.986401e-06 _54893_
 3.986387e-06 0.000000e+00 8.049150e-12 3.986395e-06 _55466_
 3.986376e-06 0.000000e+00 8.049150e-12 3.986384e-06 _55831_
 3.986376e-06 0.000000e+00 8.049150e-12 3.986384e-06 _55847_
 3.986375e-06 0.000000e+00 8.049150e-12 3.986383e-06 _55735_
 3.986360e-06 0.000000e+00 8.049150e-12 3.986368e-06 _55377_
 3.986359e-06 0.000000e+00 8.049150e-12 3.986367e-06 _55354_
 3.986358e-06 0.000000e+00 8.049150e-12 3.986367e-06 _55337_
 3.986358e-06 0.000000e+00 8.049150e-12 3.986366e-06 _55530_
 3.986352e-06 0.000000e+00 8.049150e-12 3.986360e-06 _55564_
 3.986350e-06 0.000000e+00 8.049150e-12 3.986358e-06 _55547_
 3.986350e-06 0.000000e+00 8.049150e-12 3.986358e-06 _55587_
 3.986327e-06 0.000000e+00 8.049150e-12 3.986335e-06 _55256_
 3.986327e-06 0.000000e+00 8.049150e-12 3.986335e-06 _55279_
 3.986327e-06 0.000000e+00 8.049150e-12 3.986335e-06 _55301_
 3.986325e-06 0.000000e+00 8.049150e-12 3.986333e-06 _54425_
 3.986325e-06 0.000000e+00 8.049150e-12 3.986333e-06 _54441_
 3.986325e-06 0.000000e+00 8.049150e-12 3.986333e-06 _54809_
 3.986324e-06 0.000000e+00 8.049150e-12 3.986333e-06 _54409_
 3.986301e-06 0.000000e+00 8.049150e-12 3.986309e-06 _54537_
 3.986301e-06 0.000000e+00 8.049150e-12 3.986309e-06 _54633_
 3.986301e-06 0.000000e+00 8.049150e-12 3.986309e-06 _54521_
 3.986301e-06 0.000000e+00 8.049150e-12 3.986309e-06 _54617_
 3.986300e-06 0.000000e+00 8.049150e-12 3.986308e-06 _54505_
 3.986300e-06 0.000000e+00 8.049150e-12 3.986308e-06 _54553_
 3.986293e-06 0.000000e+00 8.049150e-12 3.986301e-06 _55780_
 3.986293e-06 0.000000e+00 8.049150e-12 3.986301e-06 _55796_
 3.986292e-06 0.000000e+00 8.049150e-12 3.986300e-06 _55764_
 3.986279e-06 0.000000e+00 8.049150e-12 3.986287e-06 _56302_
 3.986279e-06 0.000000e+00 8.049150e-12 3.986287e-06 _56530_
 3.986278e-06 0.000000e+00 8.049150e-12 3.986286e-06 _56514_
 3.986247e-06 0.000000e+00 8.049150e-12 3.986255e-06 _55710_
 3.986247e-06 0.000000e+00 8.049150e-12 3.986255e-06 _55726_
 3.986246e-06 0.000000e+00 8.049150e-12 3.986254e-06 _55614_
 3.986243e-06 0.000000e+00 8.049150e-12 3.986251e-06 _55630_
 3.986241e-06 0.000000e+00 8.049150e-12 3.986249e-06 _56091_
 3.986239e-06 0.000000e+00 8.049150e-12 3.986247e-06 _56107_
 3.986238e-06 0.000000e+00 8.049150e-12 3.986246e-06 _54836_
 3.986238e-06 0.000000e+00 8.049150e-12 3.986246e-06 _54852_
 3.986233e-06 0.000000e+00 8.049150e-12 3.986242e-06 _56128_
 3.986233e-06 0.000000e+00 8.049150e-12 3.986241e-06 _56144_
 3.986229e-06 0.000000e+00 8.049150e-12 3.986238e-06 _56224_
 3.986229e-06 0.000000e+00 8.049150e-12 3.986238e-06 _56240_
 3.986229e-06 0.000000e+00 8.049150e-12 3.986238e-06 _56256_
 3.986228e-06 0.000000e+00 8.049150e-12 3.986237e-06 _56272_
 3.986218e-06 0.000000e+00 8.049150e-12 3.986227e-06 _55412_
 3.986218e-06 0.000000e+00 8.049150e-12 3.986226e-06 _55428_
 3.986216e-06 0.000000e+00 8.049150e-12 3.986224e-06 _55460_
 3.986212e-06 0.000000e+00 8.049150e-12 3.986220e-06 _56306_
 3.986212e-06 0.000000e+00 8.049150e-12 3.986220e-06 _56322_
 3.986211e-06 0.000000e+00 8.049150e-12 3.986219e-06 _56290_
 3.986209e-06 0.000000e+00 8.049150e-12 3.986217e-06 _56338_
 3.986208e-06 0.000000e+00 8.049150e-12 3.986216e-06 _56354_
 3.986206e-06 0.000000e+00 8.049150e-12 3.986214e-06 _56370_
 3.986163e-06 0.000000e+00 8.049150e-12 3.986171e-06 _56286_
 3.986158e-06 0.000000e+00 8.049150e-12 3.986166e-06 _56526_
 3.986153e-06 0.000000e+00 8.049150e-12 3.986162e-06 _54686_
 3.986153e-06 0.000000e+00 8.049150e-12 3.986162e-06 _54702_
 3.986148e-06 0.000000e+00 8.049150e-12 3.986157e-06 _54670_
 3.986147e-06 0.000000e+00 8.049150e-12 3.986156e-06 _54654_
 3.986147e-06 0.000000e+00 8.049150e-12 3.986155e-06 _54638_
 3.986145e-06 0.000000e+00 8.049150e-12 3.986153e-06 _54622_
 3.986141e-06 0.000000e+00 8.049150e-12 3.986149e-06 _56465_
 3.986141e-06 0.000000e+00 8.049150e-12 3.986149e-06 _56481_
 3.986140e-06 0.000000e+00 8.049150e-12 3.986148e-06 _56497_
 3.986139e-06 0.000000e+00 8.049150e-12 3.986147e-06 _55522_
 3.986139e-06 0.000000e+00 8.049150e-12 3.986147e-06 _56449_
 3.986139e-06 0.000000e+00 8.049150e-12 3.986147e-06 _56513_
 3.986138e-06 0.000000e+00 8.049150e-12 3.986147e-06 _55490_
 3.986138e-06 0.000000e+00 8.049150e-12 3.986146e-06 _55506_
 3.986138e-06 0.000000e+00 8.049150e-12 3.986146e-06 _56433_
 3.986137e-06 0.000000e+00 8.049150e-12 3.986145e-06 _55474_
 3.986137e-06 0.000000e+00 8.049150e-12 3.986145e-06 _56289_
 3.986137e-06 0.000000e+00 8.049150e-12 3.986145e-06 _56417_
 3.986136e-06 0.000000e+00 8.049150e-12 3.986144e-06 _56364_
 3.986132e-06 0.000000e+00 8.049150e-12 3.986141e-06 _56348_
 3.986132e-06 0.000000e+00 8.049150e-12 3.986140e-06 _56332_
 3.986131e-06 0.000000e+00 8.049150e-12 3.986139e-06 _56316_
 3.986131e-06 0.000000e+00 8.049150e-12 3.986139e-06 _56380_
 3.986130e-06 0.000000e+00 8.049150e-12 3.986138e-06 _56300_
 3.986110e-06 0.000000e+00 8.049150e-12 3.986118e-06 _54593_
 3.986089e-06 0.000000e+00 8.049150e-12 3.986097e-06 _55089_
 3.986086e-06 0.000000e+00 8.049150e-12 3.986094e-06 _54640_
 3.986086e-06 0.000000e+00 8.049150e-12 3.986094e-06 _55091_
 3.986084e-06 0.000000e+00 8.049150e-12 3.986092e-06 _54656_
 3.986083e-06 0.000000e+00 8.049150e-12 3.986092e-06 _54624_
 3.986083e-06 0.000000e+00 8.049150e-12 3.986092e-06 _54672_
 3.986083e-06 0.000000e+00 8.049150e-12 3.986091e-06 _54608_
 3.986074e-06 0.000000e+00 8.049150e-12 3.986082e-06 _55773_
 3.986072e-06 0.000000e+00 8.049150e-12 3.986080e-06 _55757_
 3.986067e-06 0.000000e+00 8.049150e-12 3.986075e-06 _55736_
 3.986067e-06 0.000000e+00 8.049150e-12 3.986075e-06 _55127_
 3.986067e-06 0.000000e+00 8.049150e-12 3.986075e-06 _55752_
 3.986063e-06 0.000000e+00 8.049150e-12 3.986072e-06 _55848_
 3.986061e-06 0.000000e+00 8.049150e-12 3.986069e-06 _55485_
 3.986060e-06 0.000000e+00 8.049150e-12 3.986068e-06 _55458_
 3.986058e-06 0.000000e+00 8.049150e-12 3.986066e-06 _55410_
 3.986057e-06 0.000000e+00 8.049150e-12 3.986065e-06 _55092_
 3.986052e-06 0.000000e+00 8.049150e-12 3.986060e-06 _54951_
 3.986048e-06 0.000000e+00 8.049150e-12 3.986057e-06 _55511_
 3.986048e-06 0.000000e+00 8.049150e-12 3.986057e-06 _55527_
 3.986045e-06 0.000000e+00 8.049150e-12 3.986053e-06 _55479_
 3.986044e-06 0.000000e+00 8.049150e-12 3.986052e-06 _55737_
 3.986043e-06 0.000000e+00 8.049150e-12 3.986052e-06 _55753_
 3.986043e-06 0.000000e+00 8.049150e-12 3.986051e-06 _56511_
 3.986043e-06 0.000000e+00 8.049150e-12 3.986051e-06 _56527_
 3.986042e-06 0.000000e+00 8.049150e-12 3.986051e-06 _55769_
 3.986041e-06 0.000000e+00 8.049150e-12 3.986049e-06 _55440_
 3.986039e-06 0.000000e+00 8.049150e-12 3.986047e-06 _55456_
 3.986037e-06 0.000000e+00 8.049150e-12 3.986046e-06 _55408_
 3.986036e-06 0.000000e+00 8.049150e-12 3.986044e-06 _55663_
 3.986036e-06 0.000000e+00 8.049150e-12 3.986044e-06 _55679_
 3.986035e-06 0.000000e+00 8.049150e-12 3.986043e-06 _55367_
 3.986035e-06 0.000000e+00 8.049150e-12 3.986043e-06 _55647_
 3.986035e-06 0.000000e+00 8.049150e-12 3.986043e-06 _56249_
 3.986034e-06 0.000000e+00 8.049150e-12 3.986042e-06 _54944_
 3.986034e-06 0.000000e+00 8.049150e-12 3.986042e-06 _54960_
 3.986034e-06 0.000000e+00 8.049150e-12 3.986042e-06 _55543_
 3.986034e-06 0.000000e+00 8.049150e-12 3.986042e-06 _56217_
 3.986034e-06 0.000000e+00 8.049150e-12 3.986042e-06 _55393_
 3.986033e-06 0.000000e+00 8.049150e-12 3.986042e-06 _54896_
 3.986033e-06 0.000000e+00 8.049150e-12 3.986042e-06 _54977_
 3.986033e-06 0.000000e+00 8.049150e-12 3.986042e-06 _54993_
 3.986033e-06 0.000000e+00 8.049150e-12 3.986042e-06 _55317_
 3.986033e-06 0.000000e+00 8.049150e-12 3.986042e-06 _55631_
 3.986033e-06 0.000000e+00 8.049150e-12 3.986041e-06 _54457_
 3.986033e-06 0.000000e+00 8.049150e-12 3.986041e-06 _55333_
 3.986033e-06 0.000000e+00 8.049150e-12 3.986041e-06 _55560_
 3.986032e-06 0.000000e+00 8.049150e-12 3.986040e-06 _56233_
 3.986032e-06 0.000000e+00 8.049150e-12 3.986040e-06 _55615_
 3.986029e-06 0.000000e+00 8.049150e-12 3.986037e-06 _56026_
 3.986028e-06 0.000000e+00 8.049150e-12 3.986036e-06 _55236_
 3.986027e-06 0.000000e+00 8.049150e-12 3.986036e-06 _55220_
 3.986027e-06 0.000000e+00 8.049150e-12 3.986035e-06 _55237_
 3.986026e-06 0.000000e+00 8.049150e-12 3.986034e-06 _55221_
 3.986025e-06 0.000000e+00 8.049150e-12 3.986033e-06 _56265_
 3.986024e-06 0.000000e+00 8.049150e-12 3.986032e-06 _54793_
 3.986023e-06 0.000000e+00 8.049150e-12 3.986031e-06 _55795_
 3.986022e-06 0.000000e+00 8.049150e-12 3.986031e-06 _54777_
 3.986022e-06 0.000000e+00 8.049150e-12 3.986030e-06 _54825_
 3.986022e-06 0.000000e+00 8.049150e-12 3.986030e-06 _55923_
 3.986022e-06 0.000000e+00 8.049150e-12 3.986030e-06 _56031_
 3.986022e-06 0.000000e+00 8.049150e-12 3.986030e-06 _56037_
 3.986022e-06 0.000000e+00 8.049150e-12 3.986030e-06 _56047_
 3.986022e-06 0.000000e+00 8.049150e-12 3.986030e-06 _56053_
 3.986022e-06 0.000000e+00 8.049150e-12 3.986030e-06 _56064_
 3.986021e-06 0.000000e+00 8.049150e-12 3.986029e-06 _55235_
 3.986021e-06 0.000000e+00 8.049150e-12 3.986029e-06 _56021_
 3.986021e-06 0.000000e+00 8.049150e-12 3.986029e-06 _56048_
 3.986020e-06 0.000000e+00 8.049150e-12 3.986028e-06 _56080_
 3.986020e-06 0.000000e+00 8.049150e-12 3.986028e-06 _56096_
 3.986020e-06 0.000000e+00 8.049150e-12 3.986028e-06 _56112_
 3.986019e-06 0.000000e+00 8.049150e-12 3.986027e-06 _55939_
 3.986019e-06 0.000000e+00 8.049150e-12 3.986027e-06 _56063_
 3.986019e-06 0.000000e+00 8.049150e-12 3.986027e-06 _55955_
 3.986018e-06 0.000000e+00 8.049150e-12 3.986027e-06 _54361_
 3.986017e-06 0.000000e+00 8.049150e-12 3.986025e-06 _56255_
 3.986017e-06 0.000000e+00 8.049150e-12 3.986025e-06 _55203_
 3.986017e-06 0.000000e+00 8.049150e-12 3.986025e-06 _56261_
 3.986016e-06 0.000000e+00 8.049150e-12 3.986024e-06 _55187_
 3.986016e-06 0.000000e+00 8.049150e-12 3.986024e-06 _55409_
 3.986016e-06 0.000000e+00 8.049150e-12 3.986024e-06 _55425_
 3.986016e-06 0.000000e+00 8.049150e-12 3.986024e-06 _56245_
 3.986015e-06 0.000000e+00 8.049150e-12 3.986023e-06 _55194_
 3.986015e-06 0.000000e+00 8.049150e-12 3.986023e-06 _56239_
 3.986015e-06 0.000000e+00 8.049150e-12 3.986023e-06 _55782_
 3.986010e-06 0.000000e+00 8.049150e-12 3.986018e-06 _55179_
 3.986010e-06 0.000000e+00 8.049150e-12 3.986018e-06 _55146_
 3.986009e-06 0.000000e+00 8.049150e-12 3.986017e-06 _55169_
 3.986009e-06 0.000000e+00 8.049150e-12 3.986017e-06 _55195_
 3.986008e-06 0.000000e+00 8.049150e-12 3.986017e-06 _55255_
 3.986007e-06 0.000000e+00 8.049150e-12 3.986016e-06 _56267_
 3.986007e-06 0.000000e+00 8.049150e-12 3.986015e-06 _55219_
 3.986007e-06 0.000000e+00 8.049150e-12 3.986015e-06 _56251_
 3.986006e-06 0.000000e+00 8.049150e-12 3.986014e-06 _56235_
 3.986005e-06 0.000000e+00 8.049150e-12 3.986013e-06 _54968_
 3.986004e-06 0.000000e+00 8.049150e-12 3.986012e-06 _54952_
 3.986004e-06 0.000000e+00 8.049150e-12 3.986012e-06 _54985_
 3.986003e-06 0.000000e+00 8.049150e-12 3.986011e-06 _54904_
 3.986003e-06 0.000000e+00 8.049150e-12 3.986011e-06 _55001_
 3.986002e-06 0.000000e+00 8.049150e-12 3.986011e-06 _55018_
 3.985998e-06 0.000000e+00 8.049150e-12 3.986007e-06 _55509_
 3.985998e-06 0.000000e+00 8.049150e-12 3.986007e-06 _55525_
 3.985996e-06 0.000000e+00 8.049150e-12 3.986004e-06 _55648_
 3.985996e-06 0.000000e+00 8.049150e-12 3.986004e-06 _55680_
 3.985995e-06 0.000000e+00 8.049150e-12 3.986003e-06 _55664_
 3.985995e-06 0.000000e+00 8.049150e-12 3.986003e-06 _55720_
 3.985994e-06 0.000000e+00 8.049150e-12 3.986002e-06 _55618_
 3.985994e-06 0.000000e+00 8.049150e-12 3.986002e-06 _55696_
 3.985992e-06 0.000000e+00 8.049150e-12 3.986000e-06 _55658_
 3.985988e-06 0.000000e+00 8.049150e-12 3.985996e-06 _55688_
 3.985987e-06 0.000000e+00 8.049150e-12 3.985996e-06 _55642_
 3.985985e-06 0.000000e+00 8.049150e-12 3.985993e-06 _55441_
 3.985985e-06 0.000000e+00 8.049150e-12 3.985993e-06 _55457_
 3.985983e-06 0.000000e+00 8.049150e-12 3.985991e-06 _56027_
 3.985982e-06 0.000000e+00 8.049150e-12 3.985991e-06 _56043_
 3.985982e-06 0.000000e+00 8.049150e-12 3.985990e-06 _55784_
 3.985976e-06 0.000000e+00 8.049150e-12 3.985984e-06 _55800_
 3.985976e-06 0.000000e+00 8.049150e-12 3.985984e-06 _56263_
 3.985975e-06 0.000000e+00 8.049150e-12 3.985983e-06 _56247_
 3.985975e-06 0.000000e+00 8.049150e-12 3.985983e-06 _55276_
 3.985974e-06 0.000000e+00 8.049150e-12 3.985982e-06 _55298_
 3.985973e-06 0.000000e+00 8.049150e-12 3.985981e-06 _55626_
 3.985972e-06 0.000000e+00 8.049150e-12 3.985981e-06 _55076_
 3.985972e-06 0.000000e+00 8.049150e-12 3.985980e-06 _55191_
 3.985971e-06 0.000000e+00 8.049150e-12 3.985980e-06 _55207_
 3.985970e-06 0.000000e+00 8.049150e-12 3.985978e-06 _55095_
 3.985968e-06 0.000000e+00 8.049150e-12 3.985976e-06 _55816_
 3.985966e-06 0.000000e+00 8.049150e-12 3.985975e-06 _54903_
 3.985966e-06 0.000000e+00 8.049150e-12 3.985974e-06 _55610_
 3.985965e-06 0.000000e+00 8.049150e-12 3.985973e-06 _55086_
 3.985963e-06 0.000000e+00 8.049150e-12 3.985971e-06 _55625_
 3.985962e-06 0.000000e+00 8.049150e-12 3.985971e-06 _55832_
 3.985961e-06 0.000000e+00 8.049150e-12 3.985969e-06 _55641_
 3.985959e-06 0.000000e+00 8.049150e-12 3.985967e-06 _55657_
 3.985958e-06 0.000000e+00 8.049150e-12 3.985966e-06 _55599_
 3.985957e-06 0.000000e+00 8.049150e-12 3.985966e-06 _55877_
 3.985954e-06 0.000000e+00 8.049150e-12 3.985962e-06 _55788_
 3.985954e-06 0.000000e+00 8.049150e-12 3.985962e-06 _55804_
 3.985953e-06 0.000000e+00 8.049150e-12 3.985961e-06 _55820_
 3.985951e-06 0.000000e+00 8.049150e-12 3.985960e-06 _55772_
 3.985951e-06 0.000000e+00 8.049150e-12 3.985960e-06 _55836_
 3.985951e-06 0.000000e+00 8.049150e-12 3.985960e-06 _56136_
 3.985945e-06 0.000000e+00 8.049150e-12 3.985953e-06 _55524_
 3.985944e-06 0.000000e+00 8.049150e-12 3.985952e-06 _55476_
 3.985944e-06 0.000000e+00 8.049150e-12 3.985952e-06 _55492_
 3.985943e-06 0.000000e+00 8.049150e-12 3.985951e-06 _55508_
 3.985941e-06 0.000000e+00 8.049150e-12 3.985949e-06 _54680_
 3.985940e-06 0.000000e+00 8.049150e-12 3.985948e-06 _54600_
 3.985940e-06 0.000000e+00 8.049150e-12 3.985948e-06 _54696_
 3.985940e-06 0.000000e+00 8.049150e-12 3.985948e-06 _54712_
 3.985939e-06 0.000000e+00 8.049150e-12 3.985947e-06 _54728_
 3.985938e-06 0.000000e+00 8.049150e-12 3.985946e-06 _54648_
 3.985938e-06 0.000000e+00 8.049150e-12 3.985946e-06 _54664_
 3.985937e-06 0.000000e+00 8.049150e-12 3.985945e-06 _54616_
 3.985937e-06 0.000000e+00 8.049150e-12 3.985945e-06 _54632_
 3.985931e-06 0.000000e+00 8.049150e-12 3.985939e-06 _56448_
 3.985930e-06 0.000000e+00 8.049150e-12 3.985938e-06 _56368_
 3.985926e-06 0.000000e+00 8.049150e-12 3.985935e-06 _56336_
 3.985924e-06 0.000000e+00 8.049150e-12 3.985932e-06 _56320_
 3.985922e-06 0.000000e+00 8.049150e-12 3.985931e-06 _56352_
 3.985922e-06 0.000000e+00 8.049150e-12 3.985931e-06 _56529_
 3.985916e-06 0.000000e+00 8.049150e-12 3.985924e-06 _55661_
 3.985915e-06 0.000000e+00 8.049150e-12 3.985923e-06 _55677_
 3.985915e-06 0.000000e+00 8.049150e-12 3.985923e-06 _55693_
 3.985914e-06 0.000000e+00 8.049150e-12 3.985922e-06 _55645_
 3.985912e-06 0.000000e+00 8.049150e-12 3.985921e-06 _55629_
 3.985912e-06 0.000000e+00 8.049150e-12 3.985920e-06 _55475_
 3.985911e-06 0.000000e+00 8.049150e-12 3.985920e-06 _55613_
 3.985910e-06 0.000000e+00 8.049150e-12 3.985918e-06 _55523_
 3.985909e-06 0.000000e+00 8.049150e-12 3.985917e-06 _55491_
 3.985909e-06 0.000000e+00 8.049150e-12 3.985917e-06 _55507_
 3.985909e-06 0.000000e+00 8.049150e-12 3.985917e-06 _55709_
 3.985908e-06 0.000000e+00 8.049150e-12 3.985916e-06 _55082_
 3.985905e-06 0.000000e+00 8.049150e-12 3.985913e-06 _55083_
 3.985903e-06 0.000000e+00 8.049150e-12 3.985911e-06 _55228_
 3.985902e-06 0.000000e+00 8.049150e-12 3.985911e-06 _56461_
 3.985902e-06 0.000000e+00 8.049150e-12 3.985911e-06 _56477_
 3.985902e-06 0.000000e+00 8.049150e-12 3.985910e-06 _54424_
 3.985901e-06 0.000000e+00 8.049150e-12 3.985910e-06 _55586_
 3.985901e-06 0.000000e+00 8.049150e-12 3.985910e-06 _56429_
 3.985901e-06 0.000000e+00 8.049150e-12 3.985909e-06 _54776_
 3.985901e-06 0.000000e+00 8.049150e-12 3.985909e-06 _56413_
 3.985900e-06 0.000000e+00 8.049150e-12 3.985908e-06 _54408_
 3.985900e-06 0.000000e+00 8.049150e-12 3.985908e-06 _54792_
 3.985900e-06 0.000000e+00 8.049150e-12 3.985908e-06 _56445_
 3.985899e-06 0.000000e+00 8.049150e-12 3.985907e-06 _54392_
 3.985899e-06 0.000000e+00 8.049150e-12 3.985907e-06 _55563_
 3.985898e-06 0.000000e+00 8.049150e-12 3.985906e-06 _55546_
 3.985898e-06 0.000000e+00 8.049150e-12 3.985906e-06 _56409_
 3.985896e-06 0.000000e+00 8.049150e-12 3.985905e-06 _55959_
 3.985896e-06 0.000000e+00 8.049150e-12 3.985904e-06 _55319_
 3.985896e-06 0.000000e+00 8.049150e-12 3.985904e-06 _55864_
 3.985896e-06 0.000000e+00 8.049150e-12 3.985904e-06 _56425_
 3.985895e-06 0.000000e+00 8.049150e-12 3.985903e-06 _55336_
 3.985895e-06 0.000000e+00 8.049150e-12 3.985903e-06 _56441_
 3.985894e-06 0.000000e+00 8.049150e-12 3.985902e-06 _55719_
 3.985892e-06 0.000000e+00 8.049150e-12 3.985901e-06 _55703_
 3.985890e-06 0.000000e+00 8.049150e-12 3.985898e-06 _55687_
 3.985888e-06 0.000000e+00 8.049150e-12 3.985896e-06 _55671_
 3.985883e-06 0.000000e+00 8.049150e-12 3.985891e-06 _56271_
 3.985872e-06 0.000000e+00 8.049150e-12 3.985880e-06 _54532_
 3.985870e-06 0.000000e+00 8.049150e-12 3.985878e-06 _54912_
 3.985870e-06 0.000000e+00 8.049150e-12 3.985878e-06 _54548_
 3.985869e-06 0.000000e+00 8.049150e-12 3.985877e-06 _54864_
 3.985869e-06 0.000000e+00 8.049150e-12 3.985877e-06 _56374_
 3.985869e-06 0.000000e+00 8.049150e-12 3.985877e-06 _54564_
 3.985869e-06 0.000000e+00 8.049150e-12 3.985877e-06 _54863_
 3.985869e-06 0.000000e+00 8.049150e-12 3.985877e-06 _56358_
 3.985868e-06 0.000000e+00 8.049150e-12 3.985876e-06 _54770_
 3.985868e-06 0.000000e+00 8.049150e-12 3.985876e-06 _54660_
 3.985868e-06 0.000000e+00 8.049150e-12 3.985876e-06 _54865_
 3.985867e-06 0.000000e+00 8.049150e-12 3.985876e-06 _56390_
 3.985867e-06 0.000000e+00 8.049150e-12 3.985875e-06 _56406_
 3.985862e-06 0.000000e+00 8.049150e-12 3.985870e-06 _56185_
 3.985859e-06 0.000000e+00 8.049150e-12 3.985867e-06 _56169_
 3.985857e-06 0.000000e+00 8.049150e-12 3.985866e-06 _55858_
 3.985856e-06 0.000000e+00 8.049150e-12 3.985864e-06 _55635_
 3.985856e-06 0.000000e+00 8.049150e-12 3.985864e-06 _55651_
 3.985856e-06 0.000000e+00 8.049150e-12 3.985864e-06 _56153_
 3.985855e-06 0.000000e+00 8.049150e-12 3.985863e-06 _55667_
 3.985855e-06 0.000000e+00 8.049150e-12 3.985863e-06 _55856_
 3.985853e-06 0.000000e+00 8.049150e-12 3.985861e-06 _56137_
 3.985848e-06 0.000000e+00 8.049150e-12 3.985856e-06 _56250_
 3.985848e-06 0.000000e+00 8.049150e-12 3.985856e-06 _56266_
 3.985836e-06 0.000000e+00 8.049150e-12 3.985844e-06 _55363_
 3.985835e-06 0.000000e+00 8.049150e-12 3.985843e-06 _55386_
 3.985831e-06 0.000000e+00 8.049150e-12 3.985840e-06 _55539_
 3.985830e-06 0.000000e+00 8.049150e-12 3.985838e-06 _55556_
 3.985830e-06 0.000000e+00 8.049150e-12 3.985838e-06 _55573_
 3.985809e-06 0.000000e+00 8.049150e-12 3.985817e-06 _55069_
 3.985807e-06 0.000000e+00 8.049150e-12 3.985815e-06 _55071_
 3.985795e-06 0.000000e+00 8.049150e-12 3.985803e-06 _55943_
 3.985794e-06 0.000000e+00 8.049150e-12 3.985802e-06 _55911_
 3.985794e-06 0.000000e+00 8.049150e-12 3.985802e-06 _55927_
 3.985794e-06 0.000000e+00 8.049150e-12 3.985802e-06 _55960_
 3.985785e-06 0.000000e+00 8.049150e-12 3.985793e-06 _54665_
 3.985784e-06 0.000000e+00 8.049150e-12 3.985792e-06 _54649_
 3.985782e-06 0.000000e+00 8.049150e-12 3.985790e-06 _54601_
 3.985780e-06 0.000000e+00 8.049150e-12 3.985789e-06 _54569_
 3.985779e-06 0.000000e+00 8.049150e-12 3.985787e-06 _54681_
 3.985778e-06 0.000000e+00 8.049150e-12 3.985786e-06 _54585_
 3.985778e-06 0.000000e+00 8.049150e-12 3.985786e-06 _54697_
 3.985778e-06 0.000000e+00 8.049150e-12 3.985786e-06 _55231_
 3.985771e-06 0.000000e+00 8.049150e-12 3.985779e-06 _55188_
 3.985770e-06 0.000000e+00 8.049150e-12 3.985778e-06 _55204_
 3.985770e-06 0.000000e+00 8.049150e-12 3.985778e-06 _55940_
 3.985767e-06 0.000000e+00 8.049150e-12 3.985775e-06 _55924_
 3.985766e-06 0.000000e+00 8.049150e-12 3.985775e-06 _55957_
 3.985765e-06 0.000000e+00 8.049150e-12 3.985774e-06 _55974_
 3.985765e-06 0.000000e+00 8.049150e-12 3.985773e-06 _55997_
 3.985763e-06 0.000000e+00 8.049150e-12 3.985771e-06 _55216_
 3.985759e-06 0.000000e+00 8.049150e-12 3.985767e-06 _55447_
 3.985756e-06 0.000000e+00 8.049150e-12 3.985765e-06 _55232_
 3.985755e-06 0.000000e+00 8.049150e-12 3.985763e-06 _55431_
 3.985755e-06 0.000000e+00 8.049150e-12 3.985763e-06 _55463_
 3.985751e-06 0.000000e+00 8.049150e-12 3.985760e-06 _56089_
 3.985750e-06 0.000000e+00 8.049150e-12 3.985759e-06 _56202_
 3.985750e-06 0.000000e+00 8.049150e-12 3.985758e-06 _56105_
 3.985750e-06 0.000000e+00 8.049150e-12 3.985758e-06 _56121_
 3.985750e-06 0.000000e+00 8.049150e-12 3.985758e-06 _56186_
 3.985750e-06 0.000000e+00 8.049150e-12 3.985758e-06 _56234_
 3.985749e-06 0.000000e+00 8.049150e-12 3.985757e-06 _56073_
 3.985749e-06 0.000000e+00 8.049150e-12 3.985757e-06 _56218_
 3.985745e-06 0.000000e+00 8.049150e-12 3.985754e-06 _55234_
 3.985745e-06 0.000000e+00 8.049150e-12 3.985753e-06 _55218_
 3.985745e-06 0.000000e+00 8.049150e-12 3.985753e-06 _55746_
 3.985743e-06 0.000000e+00 8.049150e-12 3.985751e-06 _55827_
 3.985742e-06 0.000000e+00 8.049150e-12 3.985750e-06 _55777_
 3.985741e-06 0.000000e+00 8.049150e-12 3.985750e-06 _55462_
 3.985740e-06 0.000000e+00 8.049150e-12 3.985748e-06 _55415_
 3.985740e-06 0.000000e+00 8.049150e-12 3.985748e-06 _55761_
 3.985738e-06 0.000000e+00 8.049150e-12 3.985746e-06 _55811_
 3.985736e-06 0.000000e+00 8.049150e-12 3.985745e-06 _55461_
 3.985736e-06 0.000000e+00 8.049150e-12 3.985745e-06 _55779_
 3.985734e-06 0.000000e+00 8.049150e-12 3.985742e-06 _55445_
 3.985729e-06 0.000000e+00 8.049150e-12 3.985737e-06 _55748_
 3.985723e-06 0.000000e+00 8.049150e-12 3.985731e-06 _56314_
 3.985717e-06 0.000000e+00 8.049150e-12 3.985725e-06 _55862_
 3.985710e-06 0.000000e+00 8.049150e-12 3.985718e-06 _56282_
 3.985710e-06 0.000000e+00 8.049150e-12 3.985718e-06 _56298_
 3.985696e-06 0.000000e+00 8.049150e-12 3.985705e-06 _55763_
 3.985696e-06 0.000000e+00 8.049150e-12 3.985704e-06 _55113_
 3.985695e-06 0.000000e+00 8.049150e-12 3.985704e-06 _55130_
 3.985695e-06 0.000000e+00 8.049150e-12 3.985703e-06 _55147_
 3.985693e-06 0.000000e+00 8.049150e-12 3.985701e-06 _54393_
 3.985693e-06 0.000000e+00 8.049150e-12 3.985701e-06 _55170_
 3.985682e-06 0.000000e+00 8.049150e-12 3.985690e-06 _54544_
 3.985682e-06 0.000000e+00 8.049150e-12 3.985690e-06 _54560_
 3.985682e-06 0.000000e+00 8.049150e-12 3.985690e-06 _54576_
 3.985682e-06 0.000000e+00 8.049150e-12 3.985690e-06 _54592_
 3.985663e-06 0.000000e+00 8.049150e-12 3.985671e-06 _55900_
 3.985641e-06 0.000000e+00 8.049150e-12 3.985649e-06 _55909_
 3.985641e-06 0.000000e+00 8.049150e-12 3.985649e-06 _55925_
 3.985640e-06 0.000000e+00 8.049150e-12 3.985649e-06 _55941_
 3.985640e-06 0.000000e+00 8.049150e-12 3.985649e-06 _55958_
 3.985632e-06 0.000000e+00 8.049150e-12 3.985640e-06 _55477_
 3.985632e-06 0.000000e+00 8.049150e-12 3.985640e-06 _55493_
 3.985615e-06 0.000000e+00 8.049150e-12 3.985624e-06 _55750_
 3.985606e-06 0.000000e+00 8.049150e-12 3.985614e-06 _55418_
 3.985606e-06 0.000000e+00 8.049150e-12 3.985614e-06 _55434_
 3.985603e-06 0.000000e+00 8.049150e-12 3.985611e-06 _55453_
 3.985602e-06 0.000000e+00 8.049150e-12 3.985610e-06 _55437_
 3.985601e-06 0.000000e+00 8.049150e-12 3.985609e-06 _55405_
 3.985601e-06 0.000000e+00 8.049150e-12 3.985609e-06 _55421_
 3.985594e-06 0.000000e+00 8.049150e-12 3.985602e-06 _55402_
 3.985594e-06 0.000000e+00 8.049150e-12 3.985602e-06 _56099_
 3.985594e-06 0.000000e+00 8.049150e-12 3.985602e-06 _56115_
 3.985593e-06 0.000000e+00 8.049150e-12 3.985601e-06 _56038_
 3.985593e-06 0.000000e+00 8.049150e-12 3.985601e-06 _56054_
 3.985593e-06 0.000000e+00 8.049150e-12 3.985601e-06 _56070_
 3.985593e-06 0.000000e+00 8.049150e-12 3.985601e-06 _56083_
 3.985593e-06 0.000000e+00 8.049150e-12 3.985601e-06 _56214_
 3.985580e-06 0.000000e+00 8.049150e-12 3.985588e-06 _54883_
 3.985580e-06 0.000000e+00 8.049150e-12 3.985588e-06 _54931_
 3.985580e-06 0.000000e+00 8.049150e-12 3.985588e-06 _54932_
 3.985578e-06 0.000000e+00 8.049150e-12 3.985586e-06 _56456_
 3.985578e-06 0.000000e+00 8.049150e-12 3.985586e-06 _56440_
 3.985567e-06 0.000000e+00 8.049150e-12 3.985575e-06 _55185_
 3.985567e-06 0.000000e+00 8.049150e-12 3.985575e-06 _55201_
 3.985566e-06 0.000000e+00 8.049150e-12 3.985574e-06 _55432_
 3.985566e-06 0.000000e+00 8.049150e-12 3.985574e-06 _55448_
 3.985566e-06 0.000000e+00 8.049150e-12 3.985574e-06 _55765_
 3.985565e-06 0.000000e+00 8.049150e-12 3.985574e-06 _55781_
 3.985564e-06 0.000000e+00 8.049150e-12 3.985573e-06 _56373_
 3.985564e-06 0.000000e+00 8.049150e-12 3.985572e-06 _56389_
 3.985563e-06 0.000000e+00 8.049150e-12 3.985571e-06 _56405_
 3.985562e-06 0.000000e+00 8.049150e-12 3.985570e-06 _56421_
 3.985562e-06 0.000000e+00 8.049150e-12 3.985570e-06 _56452_
 3.985562e-06 0.000000e+00 8.049150e-12 3.985570e-06 _56468_
 3.985562e-06 0.000000e+00 8.049150e-12 3.985570e-06 _56484_
 3.985559e-06 0.000000e+00 8.049150e-12 3.985568e-06 _54443_
 3.985559e-06 0.000000e+00 8.049150e-12 3.985568e-06 _54459_
 3.985559e-06 0.000000e+00 8.049150e-12 3.985568e-06 _54475_
 3.985559e-06 0.000000e+00 8.049150e-12 3.985568e-06 _54491_
 3.985559e-06 0.000000e+00 8.049150e-12 3.985567e-06 _54427_
 3.985559e-06 0.000000e+00 8.049150e-12 3.985567e-06 _54748_
 3.985559e-06 0.000000e+00 8.049150e-12 3.985567e-06 _54764_
 3.985559e-06 0.000000e+00 8.049150e-12 3.985567e-06 _54780_
 3.985556e-06 0.000000e+00 8.049150e-12 3.985564e-06 _55184_
 3.985554e-06 0.000000e+00 8.049150e-12 3.985562e-06 _55749_
 3.985554e-06 0.000000e+00 8.049150e-12 3.985562e-06 _55861_
 3.985550e-06 0.000000e+00 8.049150e-12 3.985559e-06 _55348_
 3.985550e-06 0.000000e+00 8.049150e-12 3.985558e-06 _55331_
 3.985550e-06 0.000000e+00 8.049150e-12 3.985558e-06 _55365_
 3.985549e-06 0.000000e+00 8.049150e-12 3.985558e-06 _55315_
 3.985549e-06 0.000000e+00 8.049150e-12 3.985558e-06 _56069_
 3.985549e-06 0.000000e+00 8.049150e-12 3.985558e-06 _56085_
 3.985549e-06 0.000000e+00 8.049150e-12 3.985557e-06 _56101_
 3.985549e-06 0.000000e+00 8.049150e-12 3.985557e-06 _56117_
 3.985540e-06 0.000000e+00 8.049150e-12 3.985548e-06 _56386_
 3.985540e-06 0.000000e+00 8.049150e-12 3.985548e-06 _56402_
 3.985537e-06 0.000000e+00 8.049150e-12 3.985545e-06 _56151_
 3.985537e-06 0.000000e+00 8.049150e-12 3.985545e-06 _56167_
 3.985537e-06 0.000000e+00 8.049150e-12 3.985545e-06 _56183_
 3.985537e-06 0.000000e+00 8.049150e-12 3.985545e-06 _56199_
 3.985536e-06 0.000000e+00 8.049150e-12 3.985544e-06 _55849_
 3.985536e-06 0.000000e+00 8.049150e-12 3.985544e-06 _55850_
 3.985531e-06 0.000000e+00 8.049150e-12 3.985539e-06 _55044_
 3.985531e-06 0.000000e+00 8.049150e-12 3.985539e-06 _55098_
 3.985528e-06 0.000000e+00 8.049150e-12 3.985536e-06 _56418_
 3.985528e-06 0.000000e+00 8.049150e-12 3.985536e-06 _56366_
 3.985528e-06 0.000000e+00 8.049150e-12 3.985536e-06 _56434_
 3.985517e-06 0.000000e+00 8.049150e-12 3.985525e-06 _56141_
 3.985517e-06 0.000000e+00 8.049150e-12 3.985525e-06 _56157_
 3.985517e-06 0.000000e+00 8.049150e-12 3.985525e-06 _56173_
 3.985517e-06 0.000000e+00 8.049150e-12 3.985525e-06 _56189_
 3.985514e-06 0.000000e+00 8.049150e-12 3.985523e-06 _54854_
 3.985512e-06 0.000000e+00 8.049150e-12 3.985520e-06 _54626_
 3.985512e-06 0.000000e+00 8.049150e-12 3.985520e-06 _54642_
 3.985509e-06 0.000000e+00 8.049150e-12 3.985517e-06 _54891_
 3.985509e-06 0.000000e+00 8.049150e-12 3.985517e-06 _55024_
 3.985509e-06 0.000000e+00 8.049150e-12 3.985517e-06 _55047_
 3.985509e-06 0.000000e+00 8.049150e-12 3.985517e-06 _55866_
 3.985509e-06 0.000000e+00 8.049150e-12 3.985517e-06 _55889_
 3.985509e-06 0.000000e+00 8.049150e-12 3.985517e-06 _54990_
 3.985509e-06 0.000000e+00 8.049150e-12 3.985517e-06 _55007_
 3.985503e-06 0.000000e+00 8.049150e-12 3.985511e-06 _54452_
 3.985503e-06 0.000000e+00 8.049150e-12 3.985511e-06 _54838_
 3.985502e-06 0.000000e+00 8.049150e-12 3.985510e-06 _54436_
 3.985502e-06 0.000000e+00 8.049150e-12 3.985510e-06 _55111_
 3.985502e-06 0.000000e+00 8.049150e-12 3.985510e-06 _55128_
 3.985501e-06 0.000000e+00 8.049150e-12 3.985509e-06 _55489_
 3.985499e-06 0.000000e+00 8.049150e-12 3.985508e-06 _56259_
 3.985499e-06 0.000000e+00 8.049150e-12 3.985507e-06 _54610_
 3.985499e-06 0.000000e+00 8.049150e-12 3.985507e-06 _54594_
 3.985495e-06 0.000000e+00 8.049150e-12 3.985504e-06 _56275_
 3.985495e-06 0.000000e+00 8.049150e-12 3.985504e-06 _56291_
 3.985495e-06 0.000000e+00 8.049150e-12 3.985504e-06 _56307_
 3.985495e-06 0.000000e+00 8.049150e-12 3.985504e-06 _56323_
 3.985495e-06 0.000000e+00 8.049150e-12 3.985504e-06 _56339_
 3.985487e-06 0.000000e+00 8.049150e-12 3.985495e-06 _55483_
 3.985487e-06 0.000000e+00 8.049150e-12 3.985495e-06 _55484_
 3.985487e-06 0.000000e+00 8.049150e-12 3.985495e-06 _55499_
 3.985487e-06 0.000000e+00 8.049150e-12 3.985495e-06 _55500_
 3.985487e-06 0.000000e+00 8.049150e-12 3.985495e-06 _55516_
 3.985474e-06 0.000000e+00 8.049150e-12 3.985483e-06 _56486_
 3.985474e-06 0.000000e+00 8.049150e-12 3.985483e-06 _56502_
 3.985474e-06 0.000000e+00 8.049150e-12 3.985483e-06 _56518_
 3.985472e-06 0.000000e+00 8.049150e-12 3.985480e-06 _56403_
 3.985472e-06 0.000000e+00 8.049150e-12 3.985480e-06 _56419_
 3.985472e-06 0.000000e+00 8.049150e-12 3.985480e-06 _56435_
 3.985472e-06 0.000000e+00 8.049150e-12 3.985480e-06 _56451_
 3.985461e-06 0.000000e+00 8.049150e-12 3.985469e-06 _56470_
 3.985456e-06 0.000000e+00 8.049150e-12 3.985464e-06 _56130_
 3.985455e-06 0.000000e+00 8.049150e-12 3.985463e-06 _56210_
 3.985451e-06 0.000000e+00 8.049150e-12 3.985459e-06 _56122_
 3.985451e-06 0.000000e+00 8.049150e-12 3.985459e-06 _56106_
 3.985451e-06 0.000000e+00 8.049150e-12 3.985459e-06 _56138_
 3.985451e-06 0.000000e+00 8.049150e-12 3.985459e-06 _56154_
 3.985451e-06 0.000000e+00 8.049150e-12 3.985459e-06 _56170_
 3.985443e-06 0.000000e+00 8.049150e-12 3.985451e-06 _56028_
 3.985442e-06 0.000000e+00 8.049150e-12 3.985450e-06 _56044_
 3.985442e-06 0.000000e+00 8.049150e-12 3.985450e-06 _54374_
 3.985442e-06 0.000000e+00 8.049150e-12 3.985450e-06 _56060_
 3.985441e-06 0.000000e+00 8.049150e-12 3.985449e-06 _54358_
 3.985415e-06 0.000000e+00 8.049150e-12 3.985424e-06 _55916_
 3.985415e-06 0.000000e+00 8.049150e-12 3.985423e-06 _55383_
 3.985415e-06 0.000000e+00 8.049150e-12 3.985423e-06 _55536_
 3.985415e-06 0.000000e+00 8.049150e-12 3.985423e-06 _55894_
 3.985414e-06 0.000000e+00 8.049150e-12 3.985422e-06 _55608_
 3.985414e-06 0.000000e+00 8.049150e-12 3.985422e-06 _55624_
 3.985414e-06 0.000000e+00 8.049150e-12 3.985422e-06 _55640_
 3.985414e-06 0.000000e+00 8.049150e-12 3.985422e-06 _55656_
 3.985414e-06 0.000000e+00 8.049150e-12 3.985422e-06 _55704_
 3.985405e-06 0.000000e+00 8.049150e-12 3.985413e-06 _55967_
 3.985405e-06 0.000000e+00 8.049150e-12 3.985413e-06 _55984_
 3.985405e-06 0.000000e+00 8.049150e-12 3.985413e-06 _56007_
 3.985404e-06 0.000000e+00 8.049150e-12 3.985413e-06 _54997_
 3.985404e-06 0.000000e+00 8.049150e-12 3.985413e-06 _55014_
 3.985404e-06 0.000000e+00 8.049150e-12 3.985413e-06 _55031_
 3.985402e-06 0.000000e+00 8.049150e-12 3.985410e-06 _55932_
 3.985402e-06 0.000000e+00 8.049150e-12 3.985410e-06 _55948_
 3.985389e-06 0.000000e+00 8.049150e-12 3.985398e-06 _54381_
 3.985389e-06 0.000000e+00 8.049150e-12 3.985398e-06 _54797_
 3.985389e-06 0.000000e+00 8.049150e-12 3.985398e-06 _54813_
 3.985389e-06 0.000000e+00 8.049150e-12 3.985398e-06 _54829_
 3.985384e-06 0.000000e+00 8.049150e-12 3.985393e-06 _54466_
 3.985384e-06 0.000000e+00 8.049150e-12 3.985393e-06 _54614_
 3.985384e-06 0.000000e+00 8.049150e-12 3.985393e-06 _54630_
 3.985376e-06 0.000000e+00 8.049150e-12 3.985384e-06 _54781_
 3.985376e-06 0.000000e+00 8.049150e-12 3.985384e-06 _54765_
 3.985375e-06 0.000000e+00 8.049150e-12 3.985384e-06 _55378_
 3.985375e-06 0.000000e+00 8.049150e-12 3.985384e-06 _55548_
 3.985375e-06 0.000000e+00 8.049150e-12 3.985384e-06 _55562_
 3.985375e-06 0.000000e+00 8.049150e-12 3.985384e-06 _55565_
 3.985375e-06 0.000000e+00 8.049150e-12 3.985384e-06 _55585_
 3.985375e-06 0.000000e+00 8.049150e-12 3.985384e-06 _55588_
 3.985375e-06 0.000000e+00 8.049150e-12 3.985384e-06 _55886_
 3.985372e-06 0.000000e+00 8.049150e-12 3.985380e-06 _54351_
 3.985371e-06 0.000000e+00 8.049150e-12 3.985379e-06 _54662_
 3.985371e-06 0.000000e+00 8.049150e-12 3.985379e-06 _54678_
 3.985371e-06 0.000000e+00 8.049150e-12 3.985379e-06 _54847_
 3.985356e-06 0.000000e+00 8.049150e-12 3.985364e-06 _54490_
 3.985356e-06 0.000000e+00 8.049150e-12 3.985364e-06 _54506_
 3.985356e-06 0.000000e+00 8.049150e-12 3.985364e-06 _54522_
 3.985356e-06 0.000000e+00 8.049150e-12 3.985364e-06 _54671_
 3.985356e-06 0.000000e+00 8.049150e-12 3.985364e-06 _54687_
 3.985345e-06 0.000000e+00 8.049150e-12 3.985353e-06 _55156_
 3.985345e-06 0.000000e+00 8.049150e-12 3.985353e-06 _55242_
 3.985344e-06 0.000000e+00 8.049150e-12 3.985353e-06 _55887_
 3.985342e-06 0.000000e+00 8.049150e-12 3.985350e-06 _54538_
 3.985341e-06 0.000000e+00 8.049150e-12 3.985349e-06 _54554_
 3.985334e-06 0.000000e+00 8.049150e-12 3.985343e-06 _56301_
 3.985334e-06 0.000000e+00 8.049150e-12 3.985342e-06 _56285_
 3.985334e-06 0.000000e+00 8.049150e-12 3.985342e-06 _56317_
 3.985334e-06 0.000000e+00 8.049150e-12 3.985342e-06 _56333_
 3.985333e-06 0.000000e+00 8.049150e-12 3.985342e-06 _56349_
 3.985333e-06 0.000000e+00 8.049150e-12 3.985341e-06 _56478_
 3.985333e-06 0.000000e+00 8.049150e-12 3.985341e-06 _56510_
 3.985331e-06 0.000000e+00 8.049150e-12 3.985339e-06 _55099_
 3.985331e-06 0.000000e+00 8.049150e-12 3.985339e-06 _55116_
 3.985331e-06 0.000000e+00 8.049150e-12 3.985339e-06 _55133_
 3.985331e-06 0.000000e+00 8.049150e-12 3.985339e-06 _55265_
 3.985328e-06 0.000000e+00 8.049150e-12 3.985336e-06 _55189_
 3.985328e-06 0.000000e+00 8.049150e-12 3.985336e-06 _55205_
 3.985325e-06 0.000000e+00 8.049150e-12 3.985333e-06 _54434_
 3.985324e-06 0.000000e+00 8.049150e-12 3.985333e-06 _54418_
 3.985322e-06 0.000000e+00 8.049150e-12 3.985330e-06 _55822_
 3.985322e-06 0.000000e+00 8.049150e-12 3.985330e-06 _55838_
 3.985321e-06 0.000000e+00 8.049150e-12 3.985329e-06 _55806_
 3.985320e-06 0.000000e+00 8.049150e-12 3.985328e-06 _55758_
 3.985320e-06 0.000000e+00 8.049150e-12 3.985328e-06 _55774_
 3.985320e-06 0.000000e+00 8.049150e-12 3.985328e-06 _55790_
 3.985318e-06 0.000000e+00 8.049150e-12 3.985327e-06 _56119_
 3.985318e-06 0.000000e+00 8.049150e-12 3.985326e-06 _54531_
 3.985318e-06 0.000000e+00 8.049150e-12 3.985326e-06 _54547_
 3.985318e-06 0.000000e+00 8.049150e-12 3.985326e-06 _54563_
 3.985318e-06 0.000000e+00 8.049150e-12 3.985326e-06 _56103_
 3.985318e-06 0.000000e+00 8.049150e-12 3.985326e-06 _56135_
 3.985317e-06 0.000000e+00 8.049150e-12 3.985325e-06 _56029_
 3.985317e-06 0.000000e+00 8.049150e-12 3.985325e-06 _56045_
 3.985317e-06 0.000000e+00 8.049150e-12 3.985325e-06 _56061_
 3.985313e-06 0.000000e+00 8.049150e-12 3.985321e-06 _54402_
 3.985312e-06 0.000000e+00 8.049150e-12 3.985320e-06 _54386_
 3.985312e-06 0.000000e+00 8.049150e-12 3.985320e-06 _54786_
 3.985305e-06 0.000000e+00 8.049150e-12 3.985313e-06 _54499_
 3.985305e-06 0.000000e+00 8.049150e-12 3.985313e-06 _54515_
 3.985304e-06 0.000000e+00 8.049150e-12 3.985313e-06 _56319_
 3.985302e-06 0.000000e+00 8.049150e-12 3.985310e-06 _56201_
 3.985295e-06 0.000000e+00 8.049150e-12 3.985303e-06 _55711_
 3.985294e-06 0.000000e+00 8.049150e-12 3.985302e-06 _55808_
 3.985293e-06 0.000000e+00 8.049150e-12 3.985301e-06 _55824_
 3.985293e-06 0.000000e+00 8.049150e-12 3.985301e-06 _56303_
 3.985292e-06 0.000000e+00 8.049150e-12 3.985300e-06 _56262_
 3.985291e-06 0.000000e+00 8.049150e-12 3.985299e-06 _56287_
 3.985290e-06 0.000000e+00 8.049150e-12 3.985298e-06 _55619_
 3.985290e-06 0.000000e+00 8.049150e-12 3.985298e-06 _55683_
 3.985290e-06 0.000000e+00 8.049150e-12 3.985298e-06 _55792_
 3.985288e-06 0.000000e+00 8.049150e-12 3.985297e-06 _55034_
 3.985288e-06 0.000000e+00 8.049150e-12 3.985297e-06 _55057_
 3.985287e-06 0.000000e+00 8.049150e-12 3.985295e-06 _55776_
 3.985285e-06 0.000000e+00 8.049150e-12 3.985293e-06 _55731_
 3.985285e-06 0.000000e+00 8.049150e-12 3.985293e-06 _55727_
 3.985277e-06 0.000000e+00 8.049150e-12 3.985285e-06 _55898_
 3.985276e-06 0.000000e+00 8.049150e-12 3.985284e-06 _55875_
 3.985276e-06 0.000000e+00 8.049150e-12 3.985284e-06 _55920_
 3.985276e-06 0.000000e+00 8.049150e-12 3.985284e-06 _55574_
 3.985276e-06 0.000000e+00 8.049150e-12 3.985284e-06 _55597_
 3.985269e-06 0.000000e+00 8.049150e-12 3.985277e-06 _54733_
 3.985269e-06 0.000000e+00 8.049150e-12 3.985277e-06 _54749_
 3.985260e-06 0.000000e+00 8.049150e-12 3.985268e-06 _56312_
 3.985260e-06 0.000000e+00 8.049150e-12 3.985268e-06 _56328_
 3.985260e-06 0.000000e+00 8.049150e-12 3.985268e-06 _56344_
 3.985260e-06 0.000000e+00 8.049150e-12 3.985268e-06 _56360_
 3.985259e-06 0.000000e+00 8.049150e-12 3.985268e-06 _56280_
 3.985259e-06 0.000000e+00 8.049150e-12 3.985268e-06 _56296_
 3.985258e-06 0.000000e+00 8.049150e-12 3.985266e-06 _55833_
 3.985258e-06 0.000000e+00 8.049150e-12 3.985266e-06 _55834_
 3.985256e-06 0.000000e+00 8.049150e-12 3.985264e-06 _55817_
 3.985253e-06 0.000000e+00 8.049150e-12 3.985261e-06 _55801_
 3.985252e-06 0.000000e+00 8.049150e-12 3.985260e-06 _55214_
 3.985252e-06 0.000000e+00 8.049150e-12 3.985260e-06 _55785_
 3.985244e-06 0.000000e+00 8.049150e-12 3.985252e-06 _54566_
 3.985244e-06 0.000000e+00 8.049150e-12 3.985252e-06 _54582_
 3.985244e-06 0.000000e+00 8.049150e-12 3.985252e-06 _54598_
 3.985235e-06 0.000000e+00 8.049150e-12 3.985243e-06 _56228_
 3.985235e-06 0.000000e+00 8.049150e-12 3.985243e-06 _56244_
 3.985234e-06 0.000000e+00 8.049150e-12 3.985243e-06 _54623_
 3.985234e-06 0.000000e+00 8.049150e-12 3.985243e-06 _54639_
 3.985234e-06 0.000000e+00 8.049150e-12 3.985243e-06 _54655_
 3.985234e-06 0.000000e+00 8.049150e-12 3.985243e-06 _56196_
 3.985234e-06 0.000000e+00 8.049150e-12 3.985243e-06 _56212_
 3.985232e-06 0.000000e+00 8.049150e-12 3.985240e-06 _56059_
 3.985232e-06 0.000000e+00 8.049150e-12 3.985240e-06 _54482_
 3.985232e-06 0.000000e+00 8.049150e-12 3.985240e-06 _56075_
 3.985231e-06 0.000000e+00 8.049150e-12 3.985239e-06 _54498_
 3.985230e-06 0.000000e+00 8.049150e-12 3.985238e-06 _56155_
 3.985230e-06 0.000000e+00 8.049150e-12 3.985238e-06 _56171_
 3.985230e-06 0.000000e+00 8.049150e-12 3.985238e-06 _54514_
 3.985229e-06 0.000000e+00 8.049150e-12 3.985237e-06 _54530_
 3.985229e-06 0.000000e+00 8.049150e-12 3.985237e-06 _56139_
 3.985228e-06 0.000000e+00 8.049150e-12 3.985237e-06 _56123_
 3.985219e-06 0.000000e+00 8.049150e-12 3.985227e-06 _54375_
 3.985219e-06 0.000000e+00 8.049150e-12 3.985227e-06 _54391_
 3.985219e-06 0.000000e+00 8.049150e-12 3.985227e-06 _54407_
 3.985219e-06 0.000000e+00 8.049150e-12 3.985227e-06 _54423_
 3.985219e-06 0.000000e+00 8.049150e-12 3.985227e-06 _54439_
 3.985213e-06 0.000000e+00 8.049150e-12 3.985221e-06 _54577_
 3.985213e-06 0.000000e+00 8.049150e-12 3.985221e-06 _54609_
 3.985213e-06 0.000000e+00 8.049150e-12 3.985221e-06 _54657_
 3.985213e-06 0.000000e+00 8.049150e-12 3.985221e-06 _55823_
 3.985212e-06 0.000000e+00 8.049150e-12 3.985220e-06 _55807_
 3.985212e-06 0.000000e+00 8.049150e-12 3.985220e-06 _56181_
 3.985212e-06 0.000000e+00 8.049150e-12 3.985220e-06 _54495_
 3.985212e-06 0.000000e+00 8.049150e-12 3.985220e-06 _56133_
 3.985212e-06 0.000000e+00 8.049150e-12 3.985220e-06 _56149_
 3.985212e-06 0.000000e+00 8.049150e-12 3.985220e-06 _56165_
 3.985212e-06 0.000000e+00 8.049150e-12 3.985220e-06 _56197_
 3.985212e-06 0.000000e+00 8.049150e-12 3.985220e-06 _56213_
 3.985212e-06 0.000000e+00 8.049150e-12 3.985220e-06 _56229_
 3.985211e-06 0.000000e+00 8.049150e-12 3.985219e-06 _56515_
 3.985199e-06 0.000000e+00 8.049150e-12 3.985207e-06 _54625_
 3.985198e-06 0.000000e+00 8.049150e-12 3.985207e-06 _56499_
 3.985198e-06 0.000000e+00 8.049150e-12 3.985206e-06 _56483_
 3.985196e-06 0.000000e+00 8.049150e-12 3.985204e-06 _54641_
 3.985190e-06 0.000000e+00 8.049150e-12 3.985198e-06 _56039_
 3.985190e-06 0.000000e+00 8.049150e-12 3.985198e-06 _54550_
 3.985189e-06 0.000000e+00 8.049150e-12 3.985198e-06 _54536_
 3.985189e-06 0.000000e+00 8.049150e-12 3.985197e-06 _54504_
 3.985189e-06 0.000000e+00 8.049150e-12 3.985197e-06 _54520_
 3.985189e-06 0.000000e+00 8.049150e-12 3.985197e-06 _54552_
 3.985189e-06 0.000000e+00 8.049150e-12 3.985197e-06 _54568_
 3.985189e-06 0.000000e+00 8.049150e-12 3.985197e-06 _54584_
 3.985178e-06 0.000000e+00 8.049150e-12 3.985187e-06 _55023_
 3.985177e-06 0.000000e+00 8.049150e-12 3.985185e-06 _55046_
 3.985175e-06 0.000000e+00 8.049150e-12 3.985183e-06 _55269_
 3.985175e-06 0.000000e+00 8.049150e-12 3.985183e-06 _54784_
 3.985175e-06 0.000000e+00 8.049150e-12 3.985183e-06 _54800_
 3.985175e-06 0.000000e+00 8.049150e-12 3.985183e-06 _55246_
 3.985175e-06 0.000000e+00 8.049150e-12 3.985183e-06 _55304_
 3.985175e-06 0.000000e+00 8.049150e-12 3.985183e-06 _55320_
 3.985174e-06 0.000000e+00 8.049150e-12 3.985183e-06 _55288_
 3.985173e-06 0.000000e+00 8.049150e-12 3.985181e-06 _55100_
 3.985170e-06 0.000000e+00 8.049150e-12 3.985178e-06 _55117_
 3.985170e-06 0.000000e+00 8.049150e-12 3.985178e-06 _55134_
 3.985167e-06 0.000000e+00 8.049150e-12 3.985175e-06 _54966_
 3.985161e-06 0.000000e+00 8.049150e-12 3.985169e-06 _55159_
 3.985161e-06 0.000000e+00 8.049150e-12 3.985169e-06 _55136_
 3.985160e-06 0.000000e+00 8.049150e-12 3.985168e-06 _55245_
 3.985157e-06 0.000000e+00 8.049150e-12 3.985165e-06 _54879_
 3.985157e-06 0.000000e+00 8.049150e-12 3.985165e-06 _55268_
 3.985157e-06 0.000000e+00 8.049150e-12 3.985165e-06 _55290_
 3.985157e-06 0.000000e+00 8.049150e-12 3.985165e-06 _54928_
 3.985154e-06 0.000000e+00 8.049150e-12 3.985162e-06 _55077_
 3.985153e-06 0.000000e+00 8.049150e-12 3.985162e-06 _55078_
 3.985153e-06 0.000000e+00 8.049150e-12 3.985161e-06 _56024_
 3.985152e-06 0.000000e+00 8.049150e-12 3.985161e-06 _56040_
 3.985119e-06 0.000000e+00 8.049150e-12 3.985127e-06 _54822_
 3.985108e-06 0.000000e+00 8.049150e-12 3.985116e-06 _55414_
 3.985108e-06 0.000000e+00 8.049150e-12 3.985116e-06 _55430_
 3.985108e-06 0.000000e+00 8.049150e-12 3.985116e-06 _56076_
 3.985107e-06 0.000000e+00 8.049150e-12 3.985115e-06 _55446_
 3.985107e-06 0.000000e+00 8.049150e-12 3.985115e-06 _54463_
 3.985106e-06 0.000000e+00 8.049150e-12 3.985114e-06 _55762_
 3.985106e-06 0.000000e+00 8.049150e-12 3.985114e-06 _55778_
 3.985102e-06 0.000000e+00 8.049150e-12 3.985110e-06 _55325_
 3.985102e-06 0.000000e+00 8.049150e-12 3.985110e-06 _55342_
 3.985102e-06 0.000000e+00 8.049150e-12 3.985110e-06 _55359_
 3.985102e-06 0.000000e+00 8.049150e-12 3.985110e-06 _55382_
 3.985102e-06 0.000000e+00 8.049150e-12 3.985110e-06 _55535_
 3.985100e-06 0.000000e+00 8.049150e-12 3.985108e-06 _56223_
 3.985097e-06 0.000000e+00 8.049150e-12 3.985105e-06 _55540_
 3.985097e-06 0.000000e+00 8.049150e-12 3.985105e-06 _55390_
 3.985096e-06 0.000000e+00 8.049150e-12 3.985104e-06 _55557_
 3.985095e-06 0.000000e+00 8.049150e-12 3.985103e-06 _54842_
 3.985095e-06 0.000000e+00 8.049150e-12 3.985103e-06 _55165_
 3.985095e-06 0.000000e+00 8.049150e-12 3.985103e-06 _55251_
 3.985095e-06 0.000000e+00 8.049150e-12 3.985103e-06 _55595_
 3.985095e-06 0.000000e+00 8.049150e-12 3.985103e-06 _55873_
 3.985094e-06 0.000000e+00 8.049150e-12 3.985102e-06 _55860_
 3.985093e-06 0.000000e+00 8.049150e-12 3.985102e-06 _54431_
 3.985093e-06 0.000000e+00 8.049150e-12 3.985102e-06 _54447_
 3.985093e-06 0.000000e+00 8.049150e-12 3.985102e-06 _54479_
 3.985093e-06 0.000000e+00 8.049150e-12 3.985102e-06 _54527_
 3.985093e-06 0.000000e+00 8.049150e-12 3.985102e-06 _55401_
 3.985093e-06 0.000000e+00 8.049150e-12 3.985102e-06 _56132_
 3.985093e-06 0.000000e+00 8.049150e-12 3.985102e-06 _56148_
 3.985093e-06 0.000000e+00 8.049150e-12 3.985101e-06 _56116_
 3.985088e-06 0.000000e+00 8.049150e-12 3.985096e-06 _55271_
 3.985088e-06 0.000000e+00 8.049150e-12 3.985096e-06 _55293_
 3.985088e-06 0.000000e+00 8.049150e-12 3.985096e-06 _56431_
 3.985081e-06 0.000000e+00 8.049150e-12 3.985089e-06 _55274_
 3.985080e-06 0.000000e+00 8.049150e-12 3.985088e-06 _54346_
 3.985077e-06 0.000000e+00 8.049150e-12 3.985086e-06 _54685_
 3.985077e-06 0.000000e+00 8.049150e-12 3.985085e-06 _54653_
 3.985075e-06 0.000000e+00 8.049150e-12 3.985083e-06 _56351_
 3.985075e-06 0.000000e+00 8.049150e-12 3.985083e-06 _56367_
 3.985075e-06 0.000000e+00 8.049150e-12 3.985083e-06 _56463_
 3.985075e-06 0.000000e+00 8.049150e-12 3.985083e-06 _56479_
 3.985075e-06 0.000000e+00 8.049150e-12 3.985083e-06 _56495_
 3.985074e-06 0.000000e+00 8.049150e-12 3.985082e-06 _56383_
 3.985073e-06 0.000000e+00 8.049150e-12 3.985082e-06 _56399_
 3.985073e-06 0.000000e+00 8.049150e-12 3.985081e-06 _56415_
 3.985066e-06 0.000000e+00 8.049150e-12 3.985074e-06 _54421_
 3.985066e-06 0.000000e+00 8.049150e-12 3.985074e-06 _54437_
 3.985065e-06 0.000000e+00 8.049150e-12 3.985073e-06 _54741_
 3.985065e-06 0.000000e+00 8.049150e-12 3.985073e-06 _54757_
 3.985060e-06 0.000000e+00 8.049150e-12 3.985068e-06 _54956_
 3.985057e-06 0.000000e+00 8.049150e-12 3.985066e-06 _54353_
 3.985057e-06 0.000000e+00 8.049150e-12 3.985066e-06 _54369_
 3.985057e-06 0.000000e+00 8.049150e-12 3.985066e-06 _54385_
 3.985057e-06 0.000000e+00 8.049150e-12 3.985066e-06 _54833_
 3.985057e-06 0.000000e+00 8.049150e-12 3.985066e-06 _54849_
 3.985056e-06 0.000000e+00 8.049150e-12 3.985064e-06 _54940_
 3.985055e-06 0.000000e+00 8.049150e-12 3.985063e-06 _54998_
 3.985055e-06 0.000000e+00 8.049150e-12 3.985063e-06 _55055_
 3.985052e-06 0.000000e+00 8.049150e-12 3.985060e-06 _54892_
 3.985049e-06 0.000000e+00 8.049150e-12 3.985057e-06 _55999_
 3.985049e-06 0.000000e+00 8.049150e-12 3.985057e-06 _55976_
 3.985047e-06 0.000000e+00 8.049150e-12 3.985055e-06 _54509_
 3.985047e-06 0.000000e+00 8.049150e-12 3.985055e-06 _54525_
 3.985047e-06 0.000000e+00 8.049150e-12 3.985055e-06 _54541_
 3.985047e-06 0.000000e+00 8.049150e-12 3.985055e-06 _55970_
 3.985045e-06 0.000000e+00 8.049150e-12 3.985053e-06 _55933_
 3.985045e-06 0.000000e+00 8.049150e-12 3.985053e-06 _55949_
 3.985045e-06 0.000000e+00 8.049150e-12 3.985053e-06 _55966_
 3.985042e-06 0.000000e+00 8.049150e-12 3.985050e-06 _55032_
 3.985042e-06 0.000000e+00 8.049150e-12 3.985050e-06 _55015_
 3.985041e-06 0.000000e+00 8.049150e-12 3.985049e-06 _55983_
 3.985039e-06 0.000000e+00 8.049150e-12 3.985047e-06 _55743_
 3.985039e-06 0.000000e+00 8.049150e-12 3.985047e-06 _55759_
 3.985037e-06 0.000000e+00 8.049150e-12 3.985046e-06 _56473_
 3.985035e-06 0.000000e+00 8.049150e-12 3.985043e-06 _55471_
 3.985034e-06 0.000000e+00 8.049150e-12 3.985042e-06 _56187_
 3.985034e-06 0.000000e+00 8.049150e-12 3.985042e-06 _56203_
 3.985034e-06 0.000000e+00 8.049150e-12 3.985042e-06 _56219_
 3.985033e-06 0.000000e+00 8.049150e-12 3.985042e-06 _56088_
 3.985032e-06 0.000000e+00 8.049150e-12 3.985040e-06 _54493_
 3.985028e-06 0.000000e+00 8.049150e-12 3.985036e-06 _54894_
 3.985028e-06 0.000000e+00 8.049150e-12 3.985036e-06 _54942_
 3.985028e-06 0.000000e+00 8.049150e-12 3.985036e-06 _55978_
 3.985028e-06 0.000000e+00 8.049150e-12 3.985036e-06 _56001_
 3.985027e-06 0.000000e+00 8.049150e-12 3.985035e-06 _55048_
 3.985027e-06 0.000000e+00 8.049150e-12 3.985035e-06 _55102_
 3.985027e-06 0.000000e+00 8.049150e-12 3.985035e-06 _55306_
 3.985027e-06 0.000000e+00 8.049150e-12 3.985035e-06 _55322_
 3.985027e-06 0.000000e+00 8.049150e-12 3.985035e-06 _55339_
 3.985024e-06 0.000000e+00 8.049150e-12 3.985032e-06 _55964_
 3.985024e-06 0.000000e+00 8.049150e-12 3.985032e-06 _56467_
 3.985023e-06 0.000000e+00 8.049150e-12 3.985031e-06 _55981_
 3.985022e-06 0.000000e+00 8.049150e-12 3.985031e-06 _55520_
 3.985022e-06 0.000000e+00 8.049150e-12 3.985030e-06 _55855_
 3.985021e-06 0.000000e+00 8.049150e-12 3.985029e-06 _55488_
 3.985020e-06 0.000000e+00 8.049150e-12 3.985028e-06 _55738_
 3.985020e-06 0.000000e+00 8.049150e-12 3.985028e-06 _55754_
 3.985020e-06 0.000000e+00 8.049150e-12 3.985028e-06 _55770_
 3.985016e-06 0.000000e+00 8.049150e-12 3.985024e-06 _55936_
 3.985016e-06 0.000000e+00 8.049150e-12 3.985024e-06 _56200_
 3.985016e-06 0.000000e+00 8.049150e-12 3.985024e-06 _56216_
 3.985016e-06 0.000000e+00 8.049150e-12 3.985024e-06 _56232_
 3.985016e-06 0.000000e+00 8.049150e-12 3.985024e-06 _56248_
 3.985013e-06 0.000000e+00 8.049150e-12 3.985022e-06 _55119_
 3.985013e-06 0.000000e+00 8.049150e-12 3.985022e-06 _55356_
 3.985013e-06 0.000000e+00 8.049150e-12 3.985022e-06 _55532_
 3.985009e-06 0.000000e+00 8.049150e-12 3.985017e-06 _56350_
 3.985009e-06 0.000000e+00 8.049150e-12 3.985017e-06 _56466_
 3.985009e-06 0.000000e+00 8.049150e-12 3.985017e-06 _56482_
 3.985009e-06 0.000000e+00 8.049150e-12 3.985017e-06 _56498_
 3.985008e-06 0.000000e+00 8.049150e-12 3.985017e-06 _55839_
 3.985008e-06 0.000000e+00 8.049150e-12 3.985017e-06 _56318_
 3.985008e-06 0.000000e+00 8.049150e-12 3.985017e-06 _56334_
 3.985008e-06 0.000000e+00 8.049150e-12 3.985017e-06 _56450_
 3.985000e-06 0.000000e+00 8.049150e-12 3.985008e-06 _55952_
 3.984997e-06 0.000000e+00 8.049150e-12 3.985006e-06 _55193_
 3.984997e-06 0.000000e+00 8.049150e-12 3.985005e-06 _55178_
 3.984994e-06 0.000000e+00 8.049150e-12 3.985002e-06 _54366_
 3.984994e-06 0.000000e+00 8.049150e-12 3.985002e-06 _54382_
 3.984994e-06 0.000000e+00 8.049150e-12 3.985002e-06 _54398_
 3.984994e-06 0.000000e+00 8.049150e-12 3.985002e-06 _54846_
 3.984994e-06 0.000000e+00 8.049150e-12 3.985002e-06 _54933_
 3.984992e-06 0.000000e+00 8.049150e-12 3.985001e-06 _56102_
 3.984992e-06 0.000000e+00 8.049150e-12 3.985001e-06 _56118_
 3.984992e-06 0.000000e+00 8.049150e-12 3.985001e-06 _56134_
 3.984992e-06 0.000000e+00 8.049150e-12 3.985001e-06 _56147_
 3.984992e-06 0.000000e+00 8.049150e-12 3.985001e-06 _56150_
 3.984992e-06 0.000000e+00 8.049150e-12 3.985001e-06 _56166_
 3.984992e-06 0.000000e+00 8.049150e-12 3.985000e-06 _54885_
 3.984991e-06 0.000000e+00 8.049150e-12 3.984999e-06 _54937_
 3.984982e-06 0.000000e+00 8.049150e-12 3.984991e-06 _56246_
 3.984980e-06 0.000000e+00 8.049150e-12 3.984988e-06 _54368_
 3.984979e-06 0.000000e+00 8.049150e-12 3.984987e-06 _55120_
 3.984979e-06 0.000000e+00 8.049150e-12 3.984987e-06 _55137_
 3.984979e-06 0.000000e+00 8.049150e-12 3.984987e-06 _55160_
 3.984978e-06 0.000000e+00 8.049150e-12 3.984986e-06 _54794_
 3.984978e-06 0.000000e+00 8.049150e-12 3.984986e-06 _54810_
 3.984978e-06 0.000000e+00 8.049150e-12 3.984986e-06 _55568_
 3.984978e-06 0.000000e+00 8.049150e-12 3.984986e-06 _55591_
 3.984977e-06 0.000000e+00 8.049150e-12 3.984986e-06 _54826_
 3.984977e-06 0.000000e+00 8.049150e-12 3.984986e-06 _55555_
 3.984977e-06 0.000000e+00 8.049150e-12 3.984986e-06 _55572_
 3.984977e-06 0.000000e+00 8.049150e-12 3.984985e-06 _56182_
 3.984976e-06 0.000000e+00 8.049150e-12 3.984984e-06 _56086_
 3.984971e-06 0.000000e+00 8.049150e-12 3.984980e-06 _54646_
 3.984965e-06 0.000000e+00 8.049150e-12 3.984973e-06 _54352_
 3.984963e-06 0.000000e+00 8.049150e-12 3.984971e-06 _54768_
 3.984963e-06 0.000000e+00 8.049150e-12 3.984971e-06 _55291_
 3.984963e-06 0.000000e+00 8.049150e-12 3.984971e-06 _55852_
 3.984961e-06 0.000000e+00 8.049150e-12 3.984970e-06 _55787_
 3.984961e-06 0.000000e+00 8.049150e-12 3.984969e-06 _55740_
 3.984961e-06 0.000000e+00 8.049150e-12 3.984969e-06 _56230_
 3.984960e-06 0.000000e+00 8.049150e-12 3.984968e-06 _55756_
 3.984960e-06 0.000000e+00 8.049150e-12 3.984968e-06 _55803_
 3.984958e-06 0.000000e+00 8.049150e-12 3.984966e-06 _54658_
 3.984958e-06 0.000000e+00 8.049150e-12 3.984966e-06 _55819_
 3.984957e-06 0.000000e+00 8.049150e-12 3.984966e-06 _54674_
 3.984955e-06 0.000000e+00 8.049150e-12 3.984963e-06 _54349_
 3.984955e-06 0.000000e+00 8.049150e-12 3.984963e-06 _54365_
 3.984944e-06 0.000000e+00 8.049150e-12 3.984952e-06 _56488_
 3.984944e-06 0.000000e+00 8.049150e-12 3.984952e-06 _56504_
 3.984939e-06 0.000000e+00 8.049150e-12 3.984947e-06 _54984_
 3.984938e-06 0.000000e+00 8.049150e-12 3.984946e-06 _56042_
 3.984936e-06 0.000000e+00 8.049150e-12 3.984944e-06 _55494_
 3.984932e-06 0.000000e+00 8.049150e-12 3.984941e-06 _55526_
 3.984931e-06 0.000000e+00 8.049150e-12 3.984939e-06 _54974_
 3.984931e-06 0.000000e+00 8.049150e-12 3.984939e-06 _56341_
 3.984931e-06 0.000000e+00 8.049150e-12 3.984939e-06 _56357_
 3.984931e-06 0.000000e+00 8.049150e-12 3.984939e-06 _56472_
 3.984931e-06 0.000000e+00 8.049150e-12 3.984939e-06 _56520_
 3.984930e-06 0.000000e+00 8.049150e-12 3.984938e-06 _54957_
 3.984928e-06 0.000000e+00 8.049150e-12 3.984936e-06 _56391_
 3.984928e-06 0.000000e+00 8.049150e-12 3.984936e-06 _55510_
 3.984928e-06 0.000000e+00 8.049150e-12 3.984936e-06 _56423_
 3.984927e-06 0.000000e+00 8.049150e-12 3.984936e-06 _56407_
 3.984921e-06 0.000000e+00 8.049150e-12 3.984929e-06 _55196_
 3.984920e-06 0.000000e+00 8.049150e-12 3.984928e-06 _55177_
 3.984920e-06 0.000000e+00 8.049150e-12 3.984928e-06 _55180_
 3.984907e-06 0.000000e+00 8.049150e-12 3.984915e-06 _54372_
 3.984906e-06 0.000000e+00 8.049150e-12 3.984914e-06 _54356_
 3.984906e-06 0.000000e+00 8.049150e-12 3.984914e-06 _56422_
 3.984906e-06 0.000000e+00 8.049150e-12 3.984914e-06 _56438_
 3.984894e-06 0.000000e+00 8.049150e-12 3.984902e-06 _55222_
 3.984891e-06 0.000000e+00 8.049150e-12 3.984900e-06 _55206_
 3.984890e-06 0.000000e+00 8.049150e-12 3.984898e-06 _55190_
 3.984886e-06 0.000000e+00 8.049150e-12 3.984895e-06 _56524_
 3.984884e-06 0.000000e+00 8.049150e-12 3.984892e-06 _55250_
 3.984884e-06 0.000000e+00 8.049150e-12 3.984892e-06 _56346_
 3.984883e-06 0.000000e+00 8.049150e-12 3.984891e-06 _54348_
 3.984883e-06 0.000000e+00 8.049150e-12 3.984891e-06 _54364_
 3.984883e-06 0.000000e+00 8.049150e-12 3.984891e-06 _54380_
 3.984883e-06 0.000000e+00 8.049150e-12 3.984891e-06 _54396_
 3.984883e-06 0.000000e+00 8.049150e-12 3.984891e-06 _55439_
 3.984883e-06 0.000000e+00 8.049150e-12 3.984891e-06 _55273_
 3.984882e-06 0.000000e+00 8.049150e-12 3.984890e-06 _55423_
 3.984880e-06 0.000000e+00 8.049150e-12 3.984888e-06 _56330_
 3.984879e-06 0.000000e+00 8.049150e-12 3.984887e-06 _54643_
 3.984877e-06 0.000000e+00 8.049150e-12 3.984886e-06 _55407_
 3.984877e-06 0.000000e+00 8.049150e-12 3.984886e-06 _56362_
 3.984876e-06 0.000000e+00 8.049150e-12 3.984885e-06 _55444_
 3.984875e-06 0.000000e+00 8.049150e-12 3.984883e-06 _55455_
 3.984869e-06 0.000000e+00 8.049150e-12 3.984877e-06 _55066_
 3.984868e-06 0.000000e+00 8.049150e-12 3.984876e-06 _55068_
 3.984867e-06 0.000000e+00 8.049150e-12 3.984876e-06 _55350_
 3.984867e-06 0.000000e+00 8.049150e-12 3.984876e-06 _55611_
 3.984867e-06 0.000000e+00 8.049150e-12 3.984875e-06 _55706_
 3.984867e-06 0.000000e+00 8.049150e-12 3.984875e-06 _56049_
 3.984866e-06 0.000000e+00 8.049150e-12 3.984875e-06 _56033_
 3.984859e-06 0.000000e+00 8.049150e-12 3.984867e-06 _54844_
 3.984856e-06 0.000000e+00 8.049150e-12 3.984865e-06 _54828_
 3.984856e-06 0.000000e+00 8.049150e-12 3.984865e-06 _56457_
 3.984855e-06 0.000000e+00 8.049150e-12 3.984863e-06 _55825_
 3.984854e-06 0.000000e+00 8.049150e-12 3.984862e-06 _55349_
 3.984854e-06 0.000000e+00 8.049150e-12 3.984862e-06 _55366_
 3.984854e-06 0.000000e+00 8.049150e-12 3.984862e-06 _54812_
 3.984853e-06 0.000000e+00 8.049150e-12 3.984861e-06 _54796_
 3.984852e-06 0.000000e+00 8.049150e-12 3.984861e-06 _56009_
 3.984852e-06 0.000000e+00 8.049150e-12 3.984860e-06 _55722_
 3.984851e-06 0.000000e+00 8.049150e-12 3.984859e-06 _56098_
 3.984850e-06 0.000000e+00 8.049150e-12 3.984858e-06 _54964_
 3.984849e-06 0.000000e+00 8.049150e-12 3.984857e-06 _55786_
 3.984843e-06 0.000000e+00 8.049150e-12 3.984851e-06 _56476_
 3.984841e-06 0.000000e+00 8.049150e-12 3.984850e-06 _54804_
 3.984841e-06 0.000000e+00 8.049150e-12 3.984850e-06 _55809_
 3.984841e-06 0.000000e+00 8.049150e-12 3.984850e-06 _56175_
 3.984841e-06 0.000000e+00 8.049150e-12 3.984849e-06 _56159_
 3.984841e-06 0.000000e+00 8.049150e-12 3.984849e-06 _56127_
 3.984841e-06 0.000000e+00 8.049150e-12 3.984849e-06 _56143_
 3.984841e-06 0.000000e+00 8.049150e-12 3.984849e-06 _56460_
 3.984841e-06 0.000000e+00 8.049150e-12 3.984849e-06 _56508_
 3.984840e-06 0.000000e+00 8.049150e-12 3.984848e-06 _54627_
 3.984840e-06 0.000000e+00 8.049150e-12 3.984848e-06 _55854_
 3.984839e-06 0.000000e+00 8.049150e-12 3.984847e-06 _55742_
 3.984837e-06 0.000000e+00 8.049150e-12 3.984846e-06 _56492_
 3.984837e-06 0.000000e+00 8.049150e-12 3.984845e-06 _54788_
 3.984837e-06 0.000000e+00 8.049150e-12 3.984845e-06 _56284_
 3.984835e-06 0.000000e+00 8.049150e-12 3.984843e-06 _54981_
 3.984833e-06 0.000000e+00 8.049150e-12 3.984841e-06 _56035_
 3.984833e-06 0.000000e+00 8.049150e-12 3.984841e-06 _56211_
 3.984833e-06 0.000000e+00 8.049150e-12 3.984841e-06 _56227_
 3.984833e-06 0.000000e+00 8.049150e-12 3.984841e-06 _56243_
 3.984825e-06 0.000000e+00 8.049150e-12 3.984833e-06 _55118_
 3.984825e-06 0.000000e+00 8.049150e-12 3.984833e-06 _54500_
 3.984825e-06 0.000000e+00 8.049150e-12 3.984833e-06 _55135_
 3.984825e-06 0.000000e+00 8.049150e-12 3.984833e-06 _55158_
 3.984820e-06 0.000000e+00 8.049150e-12 3.984828e-06 _56359_
 3.984820e-06 0.000000e+00 8.049150e-12 3.984828e-06 _56375_
 3.984815e-06 0.000000e+00 8.049150e-12 3.984823e-06 _56022_
 3.984815e-06 0.000000e+00 8.049150e-12 3.984823e-06 _56051_
 3.984815e-06 0.000000e+00 8.049150e-12 3.984823e-06 _56067_
 3.984814e-06 0.000000e+00 8.049150e-12 3.984822e-06 _56019_
 3.984811e-06 0.000000e+00 8.049150e-12 3.984819e-06 _54692_
 3.984810e-06 0.000000e+00 8.049150e-12 3.984818e-06 _55541_
 3.984810e-06 0.000000e+00 8.049150e-12 3.984818e-06 _54676_
 3.984807e-06 0.000000e+00 8.049150e-12 3.984815e-06 _54347_
 3.984807e-06 0.000000e+00 8.049150e-12 3.984815e-06 _54363_
 3.984807e-06 0.000000e+00 8.049150e-12 3.984815e-06 _56388_
 3.984805e-06 0.000000e+00 8.049150e-12 3.984813e-06 _54516_
 3.984804e-06 0.000000e+00 8.049150e-12 3.984812e-06 _54484_
 3.984804e-06 0.000000e+00 8.049150e-12 3.984812e-06 _55305_
 3.984804e-06 0.000000e+00 8.049150e-12 3.984812e-06 _56372_
 3.984803e-06 0.000000e+00 8.049150e-12 3.984811e-06 _56471_
 3.984803e-06 0.000000e+00 8.049150e-12 3.984811e-06 _56455_
 3.984802e-06 0.000000e+00 8.049150e-12 3.984811e-06 _56487_
 3.984800e-06 0.000000e+00 8.049150e-12 3.984808e-06 _54362_
 3.984800e-06 0.000000e+00 8.049150e-12 3.984808e-06 _55289_
 3.984799e-06 0.000000e+00 8.049150e-12 3.984807e-06 _55296_
 3.984798e-06 0.000000e+00 8.049150e-12 3.984806e-06 _56104_
 3.984797e-06 0.000000e+00 8.049150e-12 3.984806e-06 _55321_
 3.984797e-06 0.000000e+00 8.049150e-12 3.984805e-06 _56120_
 3.984796e-06 0.000000e+00 8.049150e-12 3.984804e-06 _55338_
 3.984796e-06 0.000000e+00 8.049150e-12 3.984804e-06 _56072_
 3.984796e-06 0.000000e+00 8.049150e-12 3.984804e-06 _56056_
 3.984794e-06 0.000000e+00 8.049150e-12 3.984802e-06 _55355_
 3.984794e-06 0.000000e+00 8.049150e-12 3.984802e-06 _55840_
 3.984793e-06 0.000000e+00 8.049150e-12 3.984801e-06 _55531_
 3.984793e-06 0.000000e+00 8.049150e-12 3.984801e-06 _56356_
 3.984792e-06 0.000000e+00 8.049150e-12 3.984800e-06 _56340_
 3.984791e-06 0.000000e+00 8.049150e-12 3.984799e-06 _55760_
 3.984791e-06 0.000000e+00 8.049150e-12 3.984799e-06 _56436_
 3.984790e-06 0.000000e+00 8.049150e-12 3.984798e-06 _55744_
 3.984790e-06 0.000000e+00 8.049150e-12 3.984798e-06 _56308_
 3.984790e-06 0.000000e+00 8.049150e-12 3.984798e-06 _56324_
 3.984789e-06 0.000000e+00 8.049150e-12 3.984797e-06 _56404_
 3.984789e-06 0.000000e+00 8.049150e-12 3.984797e-06 _56420_
 3.984788e-06 0.000000e+00 8.049150e-12 3.984796e-06 _54379_
 3.984788e-06 0.000000e+00 8.049150e-12 3.984796e-06 _54395_
 3.984786e-06 0.000000e+00 8.049150e-12 3.984794e-06 _54811_
 3.984781e-06 0.000000e+00 8.049150e-12 3.984789e-06 _55998_
 3.984780e-06 0.000000e+00 8.049150e-12 3.984788e-06 _55312_
 3.984779e-06 0.000000e+00 8.049150e-12 3.984787e-06 _55328_
 3.984779e-06 0.000000e+00 8.049150e-12 3.984787e-06 _55345_
 3.984778e-06 0.000000e+00 8.049150e-12 3.984786e-06 _55975_
 3.984776e-06 0.000000e+00 8.049150e-12 3.984785e-06 _54955_
 3.984776e-06 0.000000e+00 8.049150e-12 3.984785e-06 _55270_
 3.984776e-06 0.000000e+00 8.049150e-12 3.984785e-06 _55385_
 3.984776e-06 0.000000e+00 8.049150e-12 3.984784e-06 _55247_
 3.984775e-06 0.000000e+00 8.049150e-12 3.984783e-06 _54939_
 3.984765e-06 0.000000e+00 8.049150e-12 3.984773e-06 _54817_
 3.984758e-06 0.000000e+00 8.049150e-12 3.984766e-06 _55097_
 3.984757e-06 0.000000e+00 8.049150e-12 3.984765e-06 _56442_
 3.984753e-06 0.000000e+00 8.049150e-12 3.984761e-06 _54440_
 3.984745e-06 0.000000e+00 8.049150e-12 3.984753e-06 _54760_
 3.984743e-06 0.000000e+00 8.049150e-12 3.984751e-06 _54612_
 3.984743e-06 0.000000e+00 8.049150e-12 3.984751e-06 _54628_
 3.984743e-06 0.000000e+00 8.049150e-12 3.984751e-06 _54644_
 3.984741e-06 0.000000e+00 8.049150e-12 3.984750e-06 _54596_
 3.984741e-06 0.000000e+00 8.049150e-12 3.984749e-06 _55391_
 3.984740e-06 0.000000e+00 8.049150e-12 3.984749e-06 _54456_
 3.984737e-06 0.000000e+00 8.049150e-12 3.984745e-06 _54472_
 3.984736e-06 0.000000e+00 8.049150e-12 3.984745e-06 _54488_
 3.984735e-06 0.000000e+00 8.049150e-12 3.984743e-06 _54744_
 3.984735e-06 0.000000e+00 8.049150e-12 3.984743e-06 _55208_
 3.984733e-06 0.000000e+00 8.049150e-12 3.984741e-06 _55192_
 3.984731e-06 0.000000e+00 8.049150e-12 3.984740e-06 _56294_
 3.984731e-06 0.000000e+00 8.049150e-12 3.984739e-06 _56310_
 3.984730e-06 0.000000e+00 8.049150e-12 3.984739e-06 _56278_
 3.984730e-06 0.000000e+00 8.049150e-12 3.984738e-06 _56326_
 3.984729e-06 0.000000e+00 8.049150e-12 3.984737e-06 _56454_
 3.984728e-06 0.000000e+00 8.049150e-12 3.984736e-06 _56342_
 3.984715e-06 0.000000e+00 8.049150e-12 3.984723e-06 _54827_
 3.984712e-06 0.000000e+00 8.049150e-12 3.984720e-06 _54843_
 3.984697e-06 0.000000e+00 8.049150e-12 3.984705e-06 _56145_
 3.984697e-06 0.000000e+00 8.049150e-12 3.984705e-06 _56161_
 3.984693e-06 0.000000e+00 8.049150e-12 3.984701e-06 _55944_
 3.984692e-06 0.000000e+00 8.049150e-12 3.984700e-06 _55961_
 3.984684e-06 0.000000e+00 8.049150e-12 3.984692e-06 _54754_
 3.984683e-06 0.000000e+00 8.049150e-12 3.984691e-06 _54738_
 3.984681e-06 0.000000e+00 8.049150e-12 3.984689e-06 _54694_
 3.984681e-06 0.000000e+00 8.049150e-12 3.984689e-06 _54722_
 3.984680e-06 0.000000e+00 8.049150e-12 3.984688e-06 _54580_
 3.984679e-06 0.000000e+00 8.049150e-12 3.984687e-06 _54706_
 3.984679e-06 0.000000e+00 8.049150e-12 3.984687e-06 _55286_
 3.984678e-06 0.000000e+00 8.049150e-12 3.984686e-06 _54690_
 3.984675e-06 0.000000e+00 8.049150e-12 3.984684e-06 _55714_
 3.984666e-06 0.000000e+00 8.049150e-12 3.984674e-06 _54559_
 3.984662e-06 0.000000e+00 8.049150e-12 3.984670e-06 _55841_
 3.984661e-06 0.000000e+00 8.049150e-12 3.984670e-06 _55730_
 3.984661e-06 0.000000e+00 8.049150e-12 3.984670e-06 _55828_
 3.984661e-06 0.000000e+00 8.049150e-12 3.984670e-06 _55844_
 3.984659e-06 0.000000e+00 8.049150e-12 3.984667e-06 _55812_
 3.984659e-06 0.000000e+00 8.049150e-12 3.984667e-06 _55715_
 3.984659e-06 0.000000e+00 8.049150e-12 3.984667e-06 _55857_
 3.984657e-06 0.000000e+00 8.049150e-12 3.984665e-06 _55699_
 3.984656e-06 0.000000e+00 8.049150e-12 3.984664e-06 _55264_
 3.984655e-06 0.000000e+00 8.049150e-12 3.984663e-06 _55241_
 3.984654e-06 0.000000e+00 8.049150e-12 3.984662e-06 _55302_
 3.984653e-06 0.000000e+00 8.049150e-12 3.984661e-06 _55745_
 3.984652e-06 0.000000e+00 8.049150e-12 3.984660e-06 _55793_
 3.984651e-06 0.000000e+00 8.049150e-12 3.984659e-06 _54543_
 3.984650e-06 0.000000e+00 8.049150e-12 3.984659e-06 _55335_
 3.984649e-06 0.000000e+00 8.049150e-12 3.984657e-06 _54511_
 3.984646e-06 0.000000e+00 8.049150e-12 3.984655e-06 _55668_
 3.984645e-06 0.000000e+00 8.049150e-12 3.984654e-06 _55644_
 3.984645e-06 0.000000e+00 8.049150e-12 3.984653e-06 _54575_
 3.984641e-06 0.000000e+00 8.049150e-12 3.984649e-06 _54591_
 3.984640e-06 0.000000e+00 8.049150e-12 3.984648e-06 _54607_
 3.984637e-06 0.000000e+00 8.049150e-12 3.984645e-06 _55732_
 3.984637e-06 0.000000e+00 8.049150e-12 3.984645e-06 _55620_
 3.984636e-06 0.000000e+00 8.049150e-12 3.984644e-06 _55652_
 3.984636e-06 0.000000e+00 8.049150e-12 3.984644e-06 _55684_
 3.984635e-06 0.000000e+00 8.049150e-12 3.984644e-06 _55716_
 3.984635e-06 0.000000e+00 8.049150e-12 3.984643e-06 _56180_
 3.984634e-06 0.000000e+00 8.049150e-12 3.984642e-06 _56164_
 3.984625e-06 0.000000e+00 8.049150e-12 3.984634e-06 _55628_
 3.984625e-06 0.000000e+00 8.049150e-12 3.984634e-06 _55660_
 3.984625e-06 0.000000e+00 8.049150e-12 3.984633e-06 _55612_
 3.984623e-06 0.000000e+00 8.049150e-12 3.984631e-06 _55676_
 3.984616e-06 0.000000e+00 8.049150e-12 3.984625e-06 _55692_
 3.984613e-06 0.000000e+00 8.049150e-12 3.984621e-06 _55708_
 3.984611e-06 0.000000e+00 8.049150e-12 3.984619e-06 _55724_
 3.984605e-06 0.000000e+00 8.049150e-12 3.984613e-06 _56226_
 3.984603e-06 0.000000e+00 8.049150e-12 3.984611e-06 _56258_
 3.984600e-06 0.000000e+00 8.049150e-12 3.984608e-06 _55230_
 3.984598e-06 0.000000e+00 8.049150e-12 3.984606e-06 _55215_
 3.984588e-06 0.000000e+00 8.049150e-12 3.984596e-06 _55689_
 3.984588e-06 0.000000e+00 8.049150e-12 3.984596e-06 _55705_
 3.984587e-06 0.000000e+00 8.049150e-12 3.984595e-06 _54599_
 3.984586e-06 0.000000e+00 8.049150e-12 3.984594e-06 _55609_
 3.984586e-06 0.000000e+00 8.049150e-12 3.984594e-06 _55673_
 3.984586e-06 0.000000e+00 8.049150e-12 3.984594e-06 _55721_
 3.984586e-06 0.000000e+00 8.049150e-12 3.984594e-06 _55869_
 3.984586e-06 0.000000e+00 8.049150e-12 3.984594e-06 _55892_
 3.984586e-06 0.000000e+00 8.049150e-12 3.984594e-06 _55914_
 3.984585e-06 0.000000e+00 8.049150e-12 3.984594e-06 _54583_
 3.984585e-06 0.000000e+00 8.049150e-12 3.984593e-06 _56437_
 3.984584e-06 0.000000e+00 8.049150e-12 3.984592e-06 _54615_
 3.984583e-06 0.000000e+00 8.049150e-12 3.984591e-06 _54567_
 3.984583e-06 0.000000e+00 8.049150e-12 3.984591e-06 _55818_
 3.984583e-06 0.000000e+00 8.049150e-12 3.984591e-06 _56453_
 3.984583e-06 0.000000e+00 8.049150e-12 3.984591e-06 _55802_
 3.984582e-06 0.000000e+00 8.049150e-12 3.984590e-06 _56309_
 3.984580e-06 0.000000e+00 8.049150e-12 3.984589e-06 _54551_
 3.984577e-06 0.000000e+00 8.049150e-12 3.984585e-06 _54975_
 3.984577e-06 0.000000e+00 8.049150e-12 3.984585e-06 _56469_
 3.984576e-06 0.000000e+00 8.049150e-12 3.984585e-06 _54523_
 3.984576e-06 0.000000e+00 8.049150e-12 3.984584e-06 _54507_
 3.984576e-06 0.000000e+00 8.049150e-12 3.984584e-06 _54539_
 3.984576e-06 0.000000e+00 8.049150e-12 3.984584e-06 _56485_
 3.984576e-06 0.000000e+00 8.049150e-12 3.984584e-06 _56501_
 3.984575e-06 0.000000e+00 8.049150e-12 3.984584e-06 _56292_
 3.984575e-06 0.000000e+00 8.049150e-12 3.984583e-06 _54411_
 3.984575e-06 0.000000e+00 8.049150e-12 3.984583e-06 _56276_
 3.984568e-06 0.000000e+00 8.049150e-12 3.984576e-06 _55316_
 3.984568e-06 0.000000e+00 8.049150e-12 3.984576e-06 _55551_
 3.984567e-06 0.000000e+00 8.049150e-12 3.984575e-06 _55534_
 3.984567e-06 0.000000e+00 8.049150e-12 3.984575e-06 _54494_
 3.984566e-06 0.000000e+00 8.049150e-12 3.984575e-06 _54510_
 3.984566e-06 0.000000e+00 8.049150e-12 3.984574e-06 _54902_
 3.984566e-06 0.000000e+00 8.049150e-12 3.984574e-06 _55332_
 3.984565e-06 0.000000e+00 8.049150e-12 3.984573e-06 _55300_
 3.984562e-06 0.000000e+00 8.049150e-12 3.984570e-06 _54420_
 3.984560e-06 0.000000e+00 8.049150e-12 3.984569e-06 _54950_
 3.984560e-06 0.000000e+00 8.049150e-12 3.984568e-06 _54588_
 3.984559e-06 0.000000e+00 8.049150e-12 3.984567e-06 _54388_
 3.984558e-06 0.000000e+00 8.049150e-12 3.984566e-06 _54404_
 3.984557e-06 0.000000e+00 8.049150e-12 3.984565e-06 _55986_
 3.984556e-06 0.000000e+00 8.049150e-12 3.984565e-06 _55969_
 3.984554e-06 0.000000e+00 8.049150e-12 3.984563e-06 _56274_
 3.984553e-06 0.000000e+00 8.049150e-12 3.984561e-06 _54991_
 3.984552e-06 0.000000e+00 8.049150e-12 3.984560e-06 _55008_
 3.984552e-06 0.000000e+00 8.049150e-12 3.984560e-06 _55243_
 3.984552e-06 0.000000e+00 8.049150e-12 3.984560e-06 _56034_
 3.984551e-06 0.000000e+00 8.049150e-12 3.984559e-06 _55157_
 3.984551e-06 0.000000e+00 8.049150e-12 3.984559e-06 _55025_
 3.984550e-06 0.000000e+00 8.049150e-12 3.984559e-06 _55266_
 3.984550e-06 0.000000e+00 8.049150e-12 3.984559e-06 _55549_
 3.984550e-06 0.000000e+00 8.049150e-12 3.984558e-06 _54621_
 3.984549e-06 0.000000e+00 8.049150e-12 3.984558e-06 _54555_
 3.984549e-06 0.000000e+00 8.049150e-12 3.984557e-06 _54605_
 3.984547e-06 0.000000e+00 8.049150e-12 3.984555e-06 _54571_
 3.984546e-06 0.000000e+00 8.049150e-12 3.984554e-06 _54587_
 3.984540e-06 0.000000e+00 8.049150e-12 3.984548e-06 _55863_
 3.984539e-06 0.000000e+00 8.049150e-12 3.984547e-06 _54413_
 3.984539e-06 0.000000e+00 8.049150e-12 3.984547e-06 _54429_
 3.984538e-06 0.000000e+00 8.049150e-12 3.984546e-06 _54397_
 3.984536e-06 0.000000e+00 8.049150e-12 3.984544e-06 _54445_
 3.984536e-06 0.000000e+00 8.049150e-12 3.984544e-06 _54461_
 3.984536e-06 0.000000e+00 8.049150e-12 3.984544e-06 _54540_
 3.984536e-06 0.000000e+00 8.049150e-12 3.984544e-06 _54556_
 3.984536e-06 0.000000e+00 8.049150e-12 3.984544e-06 _54620_
 3.984536e-06 0.000000e+00 8.049150e-12 3.984544e-06 _54572_
 3.984536e-06 0.000000e+00 8.049150e-12 3.984544e-06 _54604_
 3.984534e-06 0.000000e+00 8.049150e-12 3.984543e-06 _54636_
 3.984533e-06 0.000000e+00 8.049150e-12 3.984541e-06 _54611_
 3.984533e-06 0.000000e+00 8.049150e-12 3.984541e-06 _54652_
 3.984531e-06 0.000000e+00 8.049150e-12 3.984539e-06 _54595_
 3.984530e-06 0.000000e+00 8.049150e-12 3.984538e-06 _54579_
 3.984529e-06 0.000000e+00 8.049150e-12 3.984537e-06 _54881_
 3.984526e-06 0.000000e+00 8.049150e-12 3.984534e-06 _54882_
 3.984524e-06 0.000000e+00 8.049150e-12 3.984533e-06 _54884_
 3.984524e-06 0.000000e+00 8.049150e-12 3.984533e-06 _54929_
 3.984519e-06 0.000000e+00 8.049150e-12 3.984528e-06 _54880_
 3.984519e-06 0.000000e+00 8.049150e-12 3.984528e-06 _55545_
 3.984519e-06 0.000000e+00 8.049150e-12 3.984528e-06 _55908_
 3.984519e-06 0.000000e+00 8.049150e-12 3.984527e-06 _55528_
 3.984518e-06 0.000000e+00 8.049150e-12 3.984526e-06 _55375_
 3.984516e-06 0.000000e+00 8.049150e-12 3.984524e-06 _55352_
 3.984514e-06 0.000000e+00 8.049150e-12 3.984522e-06 _55318_
 3.984513e-06 0.000000e+00 8.049150e-12 3.984521e-06 _55469_
 3.984503e-06 0.000000e+00 8.049150e-12 3.984511e-06 _55517_
 3.984501e-06 0.000000e+00 8.049150e-12 3.984509e-06 _55501_
 3.984501e-06 0.000000e+00 8.049150e-12 3.984509e-06 _55843_
 3.984498e-06 0.000000e+00 8.049150e-12 3.984506e-06 _54711_
 3.984473e-06 0.000000e+00 8.049150e-12 3.984481e-06 _54727_
 3.984471e-06 0.000000e+00 8.049150e-12 3.984479e-06 _54743_
 3.984461e-06 0.000000e+00 8.049150e-12 3.984469e-06 _55504_
 3.984457e-06 0.000000e+00 8.049150e-12 3.984465e-06 _55859_
 3.984456e-06 0.000000e+00 8.049150e-12 3.984464e-06 _55747_
 3.984453e-06 0.000000e+00 8.049150e-12 3.984461e-06 _55842_
 3.984442e-06 0.000000e+00 8.049150e-12 3.984450e-06 _55167_
 3.984439e-06 0.000000e+00 8.049150e-12 3.984447e-06 _55826_
 3.984435e-06 0.000000e+00 8.049150e-12 3.984443e-06 _55472_
 3.984434e-06 0.000000e+00 8.049150e-12 3.984443e-06 _55495_
 3.984430e-06 0.000000e+00 8.049150e-12 3.984438e-06 _55810_
 3.984429e-06 0.000000e+00 8.049150e-12 3.984437e-06 _55794_
 3.984428e-06 0.000000e+00 8.049150e-12 3.984436e-06 _54806_
 3.984426e-06 0.000000e+00 8.049150e-12 3.984434e-06 _54790_
 3.984418e-06 0.000000e+00 8.049150e-12 3.984426e-06 _55144_
 3.984418e-06 0.000000e+00 8.049150e-12 3.984426e-06 _55347_
 3.984417e-06 0.000000e+00 8.049150e-12 3.984425e-06 _55253_
 3.984415e-06 0.000000e+00 8.049150e-12 3.984424e-06 _55238_
 3.984414e-06 0.000000e+00 8.049150e-12 3.984422e-06 _55240_
 3.984413e-06 0.000000e+00 8.049150e-12 3.984421e-06 _54774_
 3.984413e-06 0.000000e+00 8.049150e-12 3.984421e-06 _55330_
 3.984412e-06 0.000000e+00 8.049150e-12 3.984420e-06 _55224_
 3.984411e-06 0.000000e+00 8.049150e-12 3.984419e-06 _54758_
 3.984410e-06 0.000000e+00 8.049150e-12 3.984418e-06 _54742_
 3.984398e-06 0.000000e+00 8.049150e-12 3.984406e-06 _54394_
 3.984395e-06 0.000000e+00 8.049150e-12 3.984404e-06 _54378_
 3.984394e-06 0.000000e+00 8.049150e-12 3.984402e-06 _55161_
 3.984393e-06 0.000000e+00 8.049150e-12 3.984401e-06 _54410_
 3.984390e-06 0.000000e+00 8.049150e-12 3.984398e-06 _54426_
 3.984389e-06 0.000000e+00 8.049150e-12 3.984397e-06 _54442_
 3.984387e-06 0.000000e+00 8.049150e-12 3.984395e-06 _54570_
 3.984379e-06 0.000000e+00 8.049150e-12 3.984388e-06 _54485_
 3.984378e-06 0.000000e+00 8.049150e-12 3.984386e-06 _54453_
 3.984377e-06 0.000000e+00 8.049150e-12 3.984385e-06 _56507_
 3.984377e-06 0.000000e+00 8.049150e-12 3.984385e-06 _56491_
 3.984370e-06 0.000000e+00 8.049150e-12 3.984378e-06 _56523_
 3.984362e-06 0.000000e+00 8.049150e-12 3.984370e-06 _56253_
 3.984360e-06 0.000000e+00 8.049150e-12 3.984369e-06 _56221_
 3.984360e-06 0.000000e+00 8.049150e-12 3.984369e-06 _56237_
 3.984360e-06 0.000000e+00 8.049150e-12 3.984368e-06 _56269_
 3.984359e-06 0.000000e+00 8.049150e-12 3.984368e-06 _56125_
 3.984359e-06 0.000000e+00 8.049150e-12 3.984368e-06 _56205_
 3.984355e-06 0.000000e+00 8.049150e-12 3.984363e-06 _55988_
 3.984353e-06 0.000000e+00 8.049150e-12 3.984362e-06 _54469_
 3.984352e-06 0.000000e+00 8.049150e-12 3.984360e-06 _55622_
 3.984349e-06 0.000000e+00 8.049150e-12 3.984357e-06 _55845_
 3.984349e-06 0.000000e+00 8.049150e-12 3.984357e-06 _56011_
 3.984348e-06 0.000000e+00 8.049150e-12 3.984356e-06 _56444_
 3.984348e-06 0.000000e+00 8.049150e-12 3.984356e-06 _55470_
 3.984347e-06 0.000000e+00 8.049150e-12 3.984355e-06 _55026_
 3.984346e-06 0.000000e+00 8.049150e-12 3.984354e-06 _55009_
 3.984346e-06 0.000000e+00 8.049150e-12 3.984354e-06 _55049_
 3.984346e-06 0.000000e+00 8.049150e-12 3.984354e-06 _55473_
 3.984346e-06 0.000000e+00 8.049150e-12 3.984354e-06 _56428_
 3.984346e-06 0.000000e+00 8.049150e-12 3.984354e-06 _55971_
 3.984345e-06 0.000000e+00 8.049150e-12 3.984353e-06 _56412_
 3.984345e-06 0.000000e+00 8.049150e-12 3.984353e-06 _56396_
 3.984344e-06 0.000000e+00 8.049150e-12 3.984352e-06 _54992_
 3.984343e-06 0.000000e+00 8.049150e-12 3.984351e-06 _55954_
 3.984342e-06 0.000000e+00 8.049150e-12 3.984350e-06 _55938_
 3.984341e-06 0.000000e+00 8.049150e-12 3.984349e-06 _55922_
 3.984337e-06 0.000000e+00 8.049150e-12 3.984345e-06 _55125_
 3.984337e-06 0.000000e+00 8.049150e-12 3.984345e-06 _55142_
 3.984335e-06 0.000000e+00 8.049150e-12 3.984343e-06 _54895_
 3.984324e-06 0.000000e+00 8.049150e-12 3.984332e-06 _55621_
 3.984319e-06 0.000000e+00 8.049150e-12 3.984327e-06 _55734_
 3.984317e-06 0.000000e+00 8.049150e-12 3.984325e-06 _55054_
 3.984316e-06 0.000000e+00 8.049150e-12 3.984324e-06 _55108_
 3.984314e-06 0.000000e+00 8.049150e-12 3.984323e-06 _54913_
 3.984312e-06 0.000000e+00 8.049150e-12 3.984320e-06 _54909_
 3.984306e-06 0.000000e+00 8.049150e-12 3.984314e-06 _55950_
 3.984306e-06 0.000000e+00 8.049150e-12 3.984314e-06 _55934_
 3.984305e-06 0.000000e+00 8.049150e-12 3.984313e-06 _55918_
 3.984304e-06 0.000000e+00 8.049150e-12 3.984313e-06 _55896_
 3.984287e-06 0.000000e+00 8.049150e-12 3.984295e-06 _56327_
 3.984287e-06 0.000000e+00 8.049150e-12 3.984295e-06 _56343_
 3.984285e-06 0.000000e+00 8.049150e-12 3.984293e-06 _56311_
 3.984284e-06 0.000000e+00 8.049150e-12 3.984293e-06 _56295_
 3.984284e-06 0.000000e+00 8.049150e-12 3.984292e-06 _56279_
 3.984284e-06 0.000000e+00 8.049150e-12 3.984292e-06 _56519_
 3.984283e-06 0.000000e+00 8.049150e-12 3.984291e-06 _55403_
 3.984283e-06 0.000000e+00 8.049150e-12 3.984291e-06 _55451_
 3.984283e-06 0.000000e+00 8.049150e-12 3.984291e-06 _56503_
 3.984281e-06 0.000000e+00 8.049150e-12 3.984289e-06 _55419_
 3.984281e-06 0.000000e+00 8.049150e-12 3.984289e-06 _55717_
 3.984278e-06 0.000000e+00 8.049150e-12 3.984287e-06 _55182_
 3.984278e-06 0.000000e+00 8.049150e-12 3.984287e-06 _55653_
 3.984278e-06 0.000000e+00 8.049150e-12 3.984286e-06 _55112_
 3.984278e-06 0.000000e+00 8.049150e-12 3.984286e-06 _55733_
 3.984277e-06 0.000000e+00 8.049150e-12 3.984285e-06 _55637_
 3.984277e-06 0.000000e+00 8.049150e-12 3.984285e-06 _55198_
 3.984276e-06 0.000000e+00 8.049150e-12 3.984284e-06 _54967_
 3.984276e-06 0.000000e+00 8.049150e-12 3.984284e-06 _55058_
 3.984276e-06 0.000000e+00 8.049150e-12 3.984284e-06 _55035_
 3.984275e-06 0.000000e+00 8.049150e-12 3.984283e-06 _54963_
 3.984274e-06 0.000000e+00 8.049150e-12 3.984283e-06 _54947_
 3.984274e-06 0.000000e+00 8.049150e-12 3.984283e-06 _56010_
 3.984274e-06 0.000000e+00 8.049150e-12 3.984282e-06 _54980_
 3.984273e-06 0.000000e+00 8.049150e-12 3.984281e-06 _54996_
 3.984272e-06 0.000000e+00 8.049150e-12 3.984280e-06 _56426_
 3.984270e-06 0.000000e+00 8.049150e-12 3.984278e-06 _56378_
 3.984270e-06 0.000000e+00 8.049150e-12 3.984278e-06 _56394_
 3.984269e-06 0.000000e+00 8.049150e-12 3.984278e-06 _56410_
 3.984268e-06 0.000000e+00 8.049150e-12 3.984276e-06 _55070_
 3.984268e-06 0.000000e+00 8.049150e-12 3.984276e-06 _55072_
 3.984258e-06 0.000000e+00 8.049150e-12 3.984267e-06 _54647_
 3.984257e-06 0.000000e+00 8.049150e-12 3.984265e-06 _54631_
 3.984255e-06 0.000000e+00 8.049150e-12 3.984263e-06 _54503_
 3.984255e-06 0.000000e+00 8.049150e-12 3.984263e-06 _54519_
 3.984253e-06 0.000000e+00 8.049150e-12 3.984262e-06 _56293_
 3.984253e-06 0.000000e+00 8.049150e-12 3.984262e-06 _56325_
 3.984252e-06 0.000000e+00 8.049150e-12 3.984260e-06 _56277_
 3.984251e-06 0.000000e+00 8.049150e-12 3.984259e-06 _56517_
 3.984250e-06 0.000000e+00 8.049150e-12 3.984258e-06 _56439_
 3.984237e-06 0.000000e+00 8.049150e-12 3.984245e-06 _54709_
 3.984237e-06 0.000000e+00 8.049150e-12 3.984245e-06 _54725_
 3.984236e-06 0.000000e+00 8.049150e-12 3.984244e-06 _54501_
 3.984234e-06 0.000000e+00 8.049150e-12 3.984243e-06 _55129_
 3.984232e-06 0.000000e+00 8.049150e-12 3.984240e-06 _54517_
 3.984230e-06 0.000000e+00 8.049150e-12 3.984238e-06 _54533_
 3.984228e-06 0.000000e+00 8.049150e-12 3.984236e-06 _54581_
 3.984228e-06 0.000000e+00 8.049150e-12 3.984236e-06 _54549_
 3.984225e-06 0.000000e+00 8.049150e-12 3.984233e-06 _56208_
 3.984224e-06 0.000000e+00 8.049150e-12 3.984232e-06 _56192_
 3.984223e-06 0.000000e+00 8.049150e-12 3.984232e-06 _56176_
 3.984223e-06 0.000000e+00 8.049150e-12 3.984231e-06 _54869_
 3.984223e-06 0.000000e+00 8.049150e-12 3.984231e-06 _54930_
 3.984222e-06 0.000000e+00 8.049150e-12 3.984230e-06 _54914_
 3.984221e-06 0.000000e+00 8.049150e-12 3.984229e-06 _56160_
 3.984218e-06 0.000000e+00 8.049150e-12 3.984227e-06 _55012_
 3.984211e-06 0.000000e+00 8.049150e-12 3.984219e-06 _55593_
 3.984209e-06 0.000000e+00 8.049150e-12 3.984218e-06 _55056_
 3.984207e-06 0.000000e+00 8.049150e-12 3.984215e-06 _55110_
 3.984205e-06 0.000000e+00 8.049150e-12 3.984213e-06 _54949_
 3.984199e-06 0.000000e+00 8.049150e-12 3.984207e-06 _55871_
 3.984191e-06 0.000000e+00 8.049150e-12 3.984199e-06 _56041_
 3.984191e-06 0.000000e+00 8.049150e-12 3.984199e-06 _56057_
 3.984190e-06 0.000000e+00 8.049150e-12 3.984198e-06 _56058_
 3.984189e-06 0.000000e+00 8.049150e-12 3.984198e-06 _55553_
 3.984189e-06 0.000000e+00 8.049150e-12 3.984198e-06 _55570_
 3.984189e-06 0.000000e+00 8.049150e-12 3.984198e-06 _56025_
 3.984189e-06 0.000000e+00 8.049150e-12 3.984197e-06 _56074_
 3.984186e-06 0.000000e+00 8.049150e-12 3.984194e-06 _54751_
 3.984186e-06 0.000000e+00 8.049150e-12 3.984194e-06 _55326_
 3.984183e-06 0.000000e+00 8.049150e-12 3.984191e-06 _55310_
 3.984182e-06 0.000000e+00 8.049150e-12 3.984190e-06 _54901_
 3.984181e-06 0.000000e+00 8.049150e-12 3.984189e-06 _54965_
 3.984180e-06 0.000000e+00 8.049150e-12 3.984188e-06 _54899_
 3.984180e-06 0.000000e+00 8.049150e-12 3.984188e-06 _56006_
 3.984179e-06 0.000000e+00 8.049150e-12 3.984188e-06 _55294_
 3.984179e-06 0.000000e+00 8.049150e-12 3.984187e-06 _55416_
 3.984178e-06 0.000000e+00 8.049150e-12 3.984186e-06 _55272_
 3.984176e-06 0.000000e+00 8.049150e-12 3.984184e-06 _55768_
 3.984175e-06 0.000000e+00 8.049150e-12 3.984183e-06 _54740_
 3.984174e-06 0.000000e+00 8.049150e-12 3.984182e-06 _54724_
 3.984172e-06 0.000000e+00 8.049150e-12 3.984180e-06 _55052_
 3.984171e-06 0.000000e+00 8.049150e-12 3.984179e-06 _55029_
 3.984171e-06 0.000000e+00 8.049150e-12 3.984179e-06 _55876_
 3.984171e-06 0.000000e+00 8.049150e-12 3.984179e-06 _54999_
 3.984171e-06 0.000000e+00 8.049150e-12 3.984179e-06 _55016_
 3.984170e-06 0.000000e+00 8.049150e-12 3.984178e-06 _55033_
 3.984170e-06 0.000000e+00 8.049150e-12 3.984178e-06 _55314_
 3.984169e-06 0.000000e+00 8.049150e-12 3.984178e-06 _55899_
 3.984168e-06 0.000000e+00 8.049150e-12 3.984177e-06 _55623_
 3.984168e-06 0.000000e+00 8.049150e-12 3.984177e-06 _55921_
 3.984166e-06 0.000000e+00 8.049150e-12 3.984174e-06 _55607_
 3.984166e-06 0.000000e+00 8.049150e-12 3.984174e-06 _54983_
 3.984165e-06 0.000000e+00 8.049150e-12 3.984173e-06 _55360_
 3.984165e-06 0.000000e+00 8.049150e-12 3.984173e-06 _55449_
 3.984165e-06 0.000000e+00 8.049150e-12 3.984173e-06 _55639_
 3.984165e-06 0.000000e+00 8.049150e-12 3.984173e-06 _55343_
 3.984164e-06 0.000000e+00 8.049150e-12 3.984173e-06 _55433_
 3.984164e-06 0.000000e+00 8.049150e-12 3.984173e-06 _55655_
 3.984164e-06 0.000000e+00 8.049150e-12 3.984173e-06 _56131_
 3.984164e-06 0.000000e+00 8.049150e-12 3.984172e-06 _55417_
 3.984164e-06 0.000000e+00 8.049150e-12 3.984172e-06 _55672_
 3.984163e-06 0.000000e+00 8.049150e-12 3.984171e-06 _55965_
 3.984163e-06 0.000000e+00 8.049150e-12 3.984171e-06 _56163_
 3.984162e-06 0.000000e+00 8.049150e-12 3.984170e-06 _55400_
 3.984160e-06 0.000000e+00 8.049150e-12 3.984168e-06 _54735_
 3.984160e-06 0.000000e+00 8.049150e-12 3.984168e-06 _55982_
 3.984158e-06 0.000000e+00 8.049150e-12 3.984167e-06 _54946_
 3.984158e-06 0.000000e+00 8.049150e-12 3.984167e-06 _56066_
 3.984158e-06 0.000000e+00 8.049150e-12 3.984166e-06 _56050_
 3.984157e-06 0.000000e+00 8.049150e-12 3.984165e-06 _54719_
 3.984154e-06 0.000000e+00 8.049150e-12 3.984163e-06 _54448_
 3.984154e-06 0.000000e+00 8.049150e-12 3.984162e-06 _54736_
 3.984153e-06 0.000000e+00 8.049150e-12 3.984161e-06 _54432_
 3.984153e-06 0.000000e+00 8.049150e-12 3.984161e-06 _54752_
 3.984152e-06 0.000000e+00 8.049150e-12 3.984161e-06 _54464_
 3.984152e-06 0.000000e+00 8.049150e-12 3.984160e-06 _54480_
 3.984152e-06 0.000000e+00 8.049150e-12 3.984160e-06 _54703_
 3.984152e-06 0.000000e+00 8.049150e-12 3.984160e-06 _56000_
 3.984151e-06 0.000000e+00 8.049150e-12 3.984159e-06 _54496_
 3.984150e-06 0.000000e+00 8.049150e-12 3.984158e-06 _55977_
 3.984149e-06 0.000000e+00 8.049150e-12 3.984157e-06 _54474_
 3.984147e-06 0.000000e+00 8.049150e-12 3.984155e-06 _54458_
 3.984147e-06 0.000000e+00 8.049150e-12 3.984155e-06 _56146_
 3.984146e-06 0.000000e+00 8.049150e-12 3.984154e-06 _56114_
 3.984145e-06 0.000000e+00 8.049150e-12 3.984153e-06 _56082_
 3.984145e-06 0.000000e+00 8.049150e-12 3.984153e-06 _56162_
 3.984144e-06 0.000000e+00 8.049150e-12 3.984152e-06 _56270_
 3.984142e-06 0.000000e+00 8.049150e-12 3.984150e-06 _56254_
 3.984138e-06 0.000000e+00 8.049150e-12 3.984146e-06 _56178_
 3.984137e-06 0.000000e+00 8.049150e-12 3.984146e-06 _55953_
 3.984137e-06 0.000000e+00 8.049150e-12 3.984146e-06 _56331_
 3.984136e-06 0.000000e+00 8.049150e-12 3.984144e-06 _55254_
 3.984136e-06 0.000000e+00 8.049150e-12 3.984144e-06 _56347_
 3.984135e-06 0.000000e+00 8.049150e-12 3.984143e-06 _56194_
 3.984135e-06 0.000000e+00 8.049150e-12 3.984143e-06 _56363_
 3.984135e-06 0.000000e+00 8.049150e-12 3.984143e-06 _55168_
 3.984134e-06 0.000000e+00 8.049150e-12 3.984142e-06 _55145_
 3.984134e-06 0.000000e+00 8.049150e-12 3.984142e-06 _56191_
 3.984134e-06 0.000000e+00 8.049150e-12 3.984142e-06 _56207_
 3.984134e-06 0.000000e+00 8.049150e-12 3.984142e-06 _56315_
 3.984133e-06 0.000000e+00 8.049150e-12 3.984142e-06 _56242_
 3.984133e-06 0.000000e+00 8.049150e-12 3.984142e-06 _56475_
 3.984130e-06 0.000000e+00 8.049150e-12 3.984138e-06 _55937_
 3.984130e-06 0.000000e+00 8.049150e-12 3.984138e-06 _56299_
 3.984129e-06 0.000000e+00 8.049150e-12 3.984137e-06 _55364_
 3.984128e-06 0.000000e+00 8.049150e-12 3.984137e-06 _56283_
 3.984127e-06 0.000000e+00 8.049150e-12 3.984135e-06 _56335_
 3.984117e-06 0.000000e+00 8.049150e-12 3.984125e-06 _56012_
 3.984117e-06 0.000000e+00 8.049150e-12 3.984125e-06 _54868_
 3.984115e-06 0.000000e+00 8.049150e-12 3.984123e-06 _54916_
 3.984112e-06 0.000000e+00 8.049150e-12 3.984121e-06 _54867_
 3.984110e-06 0.000000e+00 8.049150e-12 3.984118e-06 _54915_
 3.984110e-06 0.000000e+00 8.049150e-12 3.984118e-06 _54872_
 3.984108e-06 0.000000e+00 8.049150e-12 3.984117e-06 _54871_
 3.984108e-06 0.000000e+00 8.049150e-12 3.984117e-06 _55380_
 3.984107e-06 0.000000e+00 8.049150e-12 3.984116e-06 _55357_
 3.984107e-06 0.000000e+00 8.049150e-12 3.984116e-06 _55533_
 3.984106e-06 0.000000e+00 8.049150e-12 3.984114e-06 _55340_
 3.984103e-06 0.000000e+00 8.049150e-12 3.984112e-06 _55323_
 3.984088e-06 0.000000e+00 8.049150e-12 3.984097e-06 _54597_
 3.984088e-06 0.000000e+00 8.049150e-12 3.984097e-06 _54830_
 3.984088e-06 0.000000e+00 8.049150e-12 3.984096e-06 _54565_
 3.984088e-06 0.000000e+00 8.049150e-12 3.984096e-06 _54814_
 3.984087e-06 0.000000e+00 8.049150e-12 3.984095e-06 _54416_
 3.984087e-06 0.000000e+00 8.049150e-12 3.984095e-06 _54400_
 3.984086e-06 0.000000e+00 8.049150e-12 3.984094e-06 _54384_
 3.984079e-06 0.000000e+00 8.049150e-12 3.984087e-06 _56020_
 3.984078e-06 0.000000e+00 8.049150e-12 3.984086e-06 _56036_
 3.984077e-06 0.000000e+00 8.049150e-12 3.984086e-06 _56521_
 3.984077e-06 0.000000e+00 8.049150e-12 3.984085e-06 _56505_
 3.984076e-06 0.000000e+00 8.049150e-12 3.984084e-06 _56489_
 3.984075e-06 0.000000e+00 8.049150e-12 3.984083e-06 _54578_
 3.984073e-06 0.000000e+00 8.049150e-12 3.984081e-06 _54815_
 3.984070e-06 0.000000e+00 8.049150e-12 3.984078e-06 _56260_
 3.984066e-06 0.000000e+00 8.049150e-12 3.984074e-06 _56179_
 3.984064e-06 0.000000e+00 8.049150e-12 3.984072e-06 _56195_
 3.984058e-06 0.000000e+00 8.049150e-12 3.984066e-06 _56313_
 3.984058e-06 0.000000e+00 8.049150e-12 3.984066e-06 _56329_
 3.984057e-06 0.000000e+00 8.049150e-12 3.984066e-06 _56393_
 3.984057e-06 0.000000e+00 8.049150e-12 3.984065e-06 _56297_
 3.984056e-06 0.000000e+00 8.049150e-12 3.984064e-06 _56361_
 3.984056e-06 0.000000e+00 8.049150e-12 3.984064e-06 _56377_
 3.984055e-06 0.000000e+00 8.049150e-12 3.984063e-06 _56281_
 3.984055e-06 0.000000e+00 8.049150e-12 3.984063e-06 _56345_
 3.984035e-06 0.000000e+00 8.049150e-12 3.984043e-06 _55638_
 3.984035e-06 0.000000e+00 8.049150e-12 3.984043e-06 _55675_
 3.984033e-06 0.000000e+00 8.049150e-12 3.984042e-06 _55829_
 3.984032e-06 0.000000e+00 8.049150e-12 3.984041e-06 _55654_
 3.984032e-06 0.000000e+00 8.049150e-12 3.984040e-06 _55670_
 3.984028e-06 0.000000e+00 8.049150e-12 3.984037e-06 _55797_
 3.984026e-06 0.000000e+00 8.049150e-12 3.984034e-06 _55659_
 3.984025e-06 0.000000e+00 8.049150e-12 3.984033e-06 _55813_
 3.984021e-06 0.000000e+00 8.049150e-12 3.984029e-06 _55700_
 3.984019e-06 0.000000e+00 8.049150e-12 3.984027e-06 _54973_
 3.984017e-06 0.000000e+00 8.049150e-12 3.984026e-06 _54659_
 3.984017e-06 0.000000e+00 8.049150e-12 3.984026e-06 _55643_
 3.984012e-06 0.000000e+00 8.049150e-12 3.984021e-06 _54691_
 3.984012e-06 0.000000e+00 8.049150e-12 3.984021e-06 _55627_
 3.984012e-06 0.000000e+00 8.049150e-12 3.984020e-06 _54357_
 3.984012e-06 0.000000e+00 8.049150e-12 3.984020e-06 _54675_
 3.984011e-06 0.000000e+00 8.049150e-12 3.984019e-06 _55361_
 3.984009e-06 0.000000e+00 8.049150e-12 3.984017e-06 _54707_
 3.984008e-06 0.000000e+00 8.049150e-12 3.984016e-06 _54900_
 3.984007e-06 0.000000e+00 8.049150e-12 3.984015e-06 _54497_
 3.984007e-06 0.000000e+00 8.049150e-12 3.984015e-06 _54948_
 3.983999e-06 0.000000e+00 8.049150e-12 3.984007e-06 _54989_
 3.983999e-06 0.000000e+00 8.049150e-12 3.984007e-06 _55006_
 3.983999e-06 0.000000e+00 8.049150e-12 3.984007e-06 _55723_
 3.983998e-06 0.000000e+00 8.049150e-12 3.984006e-06 _55529_
 3.983998e-06 0.000000e+00 8.049150e-12 3.984006e-06 _56525_
 3.983996e-06 0.000000e+00 8.049150e-12 3.984004e-06 _55353_
 3.983996e-06 0.000000e+00 8.049150e-12 3.984004e-06 _55376_
 3.983995e-06 0.000000e+00 8.049150e-12 3.984003e-06 _55928_
 3.983995e-06 0.000000e+00 8.049150e-12 3.984003e-06 _55707_
 3.983995e-06 0.000000e+00 8.049150e-12 3.984003e-06 _56509_
 3.983994e-06 0.000000e+00 8.049150e-12 3.984002e-06 _55865_
 3.983994e-06 0.000000e+00 8.049150e-12 3.984002e-06 _56493_
 3.983993e-06 0.000000e+00 8.049150e-12 3.984002e-06 _55690_
 3.983992e-06 0.000000e+00 8.049150e-12 3.984001e-06 _54508_
 3.983992e-06 0.000000e+00 8.049150e-12 3.984001e-06 _56365_
 3.983992e-06 0.000000e+00 8.049150e-12 3.984000e-06 _55674_
 3.983991e-06 0.000000e+00 8.049150e-12 3.983999e-06 _54779_
 3.983990e-06 0.000000e+00 8.049150e-12 3.983998e-06 _55691_
 3.983990e-06 0.000000e+00 8.049150e-12 3.983998e-06 _55912_
 3.983990e-06 0.000000e+00 8.049150e-12 3.983998e-06 _54700_
 3.983989e-06 0.000000e+00 8.049150e-12 3.983997e-06 _54668_
 3.983989e-06 0.000000e+00 8.049150e-12 3.983997e-06 _54684_
 3.983987e-06 0.000000e+00 8.049150e-12 3.983996e-06 _54716_
 3.983987e-06 0.000000e+00 8.049150e-12 3.983995e-06 _54732_
 3.983986e-06 0.000000e+00 8.049150e-12 3.983994e-06 _55867_
 3.983986e-06 0.000000e+00 8.049150e-12 3.983994e-06 _55890_
 3.983985e-06 0.000000e+00 8.049150e-12 3.983993e-06 _55589_
 3.983983e-06 0.000000e+00 8.049150e-12 3.983991e-06 _54958_
 3.983976e-06 0.000000e+00 8.049150e-12 3.983984e-06 _55571_
 3.983974e-06 0.000000e+00 8.049150e-12 3.983982e-06 _55085_
 3.983973e-06 0.000000e+00 8.049150e-12 3.983982e-06 _54673_
 3.983972e-06 0.000000e+00 8.049150e-12 3.983980e-06 _55594_
 3.983971e-06 0.000000e+00 8.049150e-12 3.983979e-06 _55872_
 3.983970e-06 0.000000e+00 8.049150e-12 3.983978e-06 _54689_
 3.983970e-06 0.000000e+00 8.049150e-12 3.983978e-06 _55244_
 3.983969e-06 0.000000e+00 8.049150e-12 3.983977e-06 _54545_
 3.983969e-06 0.000000e+00 8.049150e-12 3.983977e-06 _54705_
 3.983968e-06 0.000000e+00 8.049150e-12 3.983976e-06 _55101_
 3.983961e-06 0.000000e+00 8.049150e-12 3.983969e-06 _54972_
 3.983959e-06 0.000000e+00 8.049150e-12 3.983967e-06 _54988_
 3.983957e-06 0.000000e+00 8.049150e-12 3.983965e-06 _55005_
 3.983954e-06 0.000000e+00 8.049150e-12 3.983962e-06 _55022_
 3.983953e-06 0.000000e+00 8.049150e-12 3.983961e-06 _55045_
 3.983952e-06 0.000000e+00 8.049150e-12 3.983960e-06 _55267_
 3.983943e-06 0.000000e+00 8.049150e-12 3.983951e-06 _55202_
 3.983942e-06 0.000000e+00 8.049150e-12 3.983950e-06 _55186_
 3.983938e-06 0.000000e+00 8.049150e-12 3.983946e-06 _55197_
 3.983936e-06 0.000000e+00 8.049150e-12 3.983944e-06 _55181_
 3.983932e-06 0.000000e+00 8.049150e-12 3.983940e-06 _54766_
 3.983931e-06 0.000000e+00 8.049150e-12 3.983939e-06 _54782_
 3.983931e-06 0.000000e+00 8.049150e-12 3.983939e-06 _54798_
 3.983931e-06 0.000000e+00 8.049150e-12 3.983939e-06 _54750_
 3.983927e-06 0.000000e+00 8.049150e-12 3.983936e-06 _54462_
 3.983927e-06 0.000000e+00 8.049150e-12 3.983936e-06 _54478_
 3.983926e-06 0.000000e+00 8.049150e-12 3.983935e-06 _54734_
 3.983924e-06 0.000000e+00 8.049150e-12 3.983932e-06 _54718_
 3.983923e-06 0.000000e+00 8.049150e-12 3.983931e-06 _55636_
 3.983920e-06 0.000000e+00 8.049150e-12 3.983928e-06 _55481_
 3.983920e-06 0.000000e+00 8.049150e-12 3.983928e-06 _55497_
 3.983916e-06 0.000000e+00 8.049150e-12 3.983924e-06 _56046_
 3.983916e-06 0.000000e+00 8.049150e-12 3.983924e-06 _56190_
 3.983911e-06 0.000000e+00 8.049150e-12 3.983919e-06 _55498_
 3.983907e-06 0.000000e+00 8.049150e-12 3.983915e-06 _55682_
 3.983905e-06 0.000000e+00 8.049150e-12 3.983913e-06 _56109_
 3.983899e-06 0.000000e+00 8.049150e-12 3.983907e-06 _55542_
 3.983899e-06 0.000000e+00 8.049150e-12 3.983907e-06 _55559_
 3.983899e-06 0.000000e+00 8.049150e-12 3.983907e-06 _55576_
 3.983898e-06 0.000000e+00 8.049150e-12 3.983906e-06 _55987_
 3.983897e-06 0.000000e+00 8.049150e-12 3.983906e-06 _55392_
 3.983897e-06 0.000000e+00 8.049150e-12 3.983905e-06 _55278_
 3.983896e-06 0.000000e+00 8.049150e-12 3.983904e-06 _56093_
 3.983893e-06 0.000000e+00 8.049150e-12 3.983901e-06 _55698_
 3.983893e-06 0.000000e+00 8.049150e-12 3.983901e-06 _56077_
 3.983885e-06 0.000000e+00 8.049150e-12 3.983893e-06 _55891_
 3.983885e-06 0.000000e+00 8.049150e-12 3.983893e-06 _55666_
 3.983882e-06 0.000000e+00 8.049150e-12 3.983891e-06 _55650_
 3.983882e-06 0.000000e+00 8.049150e-12 3.983890e-06 _55913_
 3.983881e-06 0.000000e+00 8.049150e-12 3.983889e-06 _55929_
 3.983881e-06 0.000000e+00 8.049150e-12 3.983889e-06 _55634_
 3.983879e-06 0.000000e+00 8.049150e-12 3.983887e-06 _55868_
 3.983879e-06 0.000000e+00 8.049150e-12 3.983887e-06 _55897_
 3.983878e-06 0.000000e+00 8.049150e-12 3.983886e-06 _54982_
 3.983877e-06 0.000000e+00 8.049150e-12 3.983886e-06 _54433_
 3.983877e-06 0.000000e+00 8.049150e-12 3.983886e-06 _54481_
 3.983877e-06 0.000000e+00 8.049150e-12 3.983885e-06 _55874_
 3.983877e-06 0.000000e+00 8.049150e-12 3.983885e-06 _55935_
 3.983876e-06 0.000000e+00 8.049150e-12 3.983884e-06 _55596_
 3.983875e-06 0.000000e+00 8.049150e-12 3.983883e-06 _55590_
 3.983873e-06 0.000000e+00 8.049150e-12 3.983881e-06 _55567_
 3.983872e-06 0.000000e+00 8.049150e-12 3.983881e-06 _55951_
 3.983871e-06 0.000000e+00 8.049150e-12 3.983879e-06 _55968_
 3.983854e-06 0.000000e+00 8.049150e-12 3.983862e-06 _54721_
 3.983853e-06 0.000000e+00 8.049150e-12 3.983861e-06 _54513_
 3.983853e-06 0.000000e+00 8.049150e-12 3.983861e-06 _54737_
 3.983852e-06 0.000000e+00 8.049150e-12 3.983860e-06 _54529_
 3.983851e-06 0.000000e+00 8.049150e-12 3.983860e-06 _54753_
 3.983850e-06 0.000000e+00 8.049150e-12 3.983858e-06 _54561_
 3.983832e-06 0.000000e+00 8.049150e-12 3.983840e-06 _54557_
 3.983832e-06 0.000000e+00 8.049150e-12 3.983840e-06 _54573_
 3.983832e-06 0.000000e+00 8.049150e-12 3.983840e-06 _54589_
 3.983831e-06 0.000000e+00 8.049150e-12 3.983839e-06 _55550_
 3.983828e-06 0.000000e+00 8.049150e-12 3.983836e-06 _54663_
 3.983828e-06 0.000000e+00 8.049150e-12 3.983836e-06 _54679_
 3.983828e-06 0.000000e+00 8.049150e-12 3.983836e-06 _54695_
 3.983828e-06 0.000000e+00 8.049150e-12 3.983836e-06 _54701_
 3.983827e-06 0.000000e+00 8.049150e-12 3.983835e-06 _54637_
 3.983827e-06 0.000000e+00 8.049150e-12 3.983835e-06 _54669_
 3.983827e-06 0.000000e+00 8.049150e-12 3.983835e-06 _54717_
 3.983824e-06 0.000000e+00 8.049150e-12 3.983832e-06 _54487_
 3.983820e-06 0.000000e+00 8.049150e-12 3.983828e-06 _54455_
 3.983815e-06 0.000000e+00 8.049150e-12 3.983823e-06 _54471_
 3.983813e-06 0.000000e+00 8.049150e-12 3.983821e-06 _54387_
 3.983812e-06 0.000000e+00 8.049150e-12 3.983820e-06 _54403_
 3.983811e-06 0.000000e+00 8.049150e-12 3.983820e-06 _54819_
 3.983810e-06 0.000000e+00 8.049150e-12 3.983818e-06 _54419_
 3.983810e-06 0.000000e+00 8.049150e-12 3.983818e-06 _54435_
 3.983810e-06 0.000000e+00 8.049150e-12 3.983818e-06 _54803_
 3.983808e-06 0.000000e+00 8.049150e-12 3.983816e-06 _54451_
 3.983806e-06 0.000000e+00 8.049150e-12 3.983814e-06 _55424_
 3.983798e-06 0.000000e+00 8.049150e-12 3.983806e-06 _55766_
 3.983788e-06 0.000000e+00 8.049150e-12 3.983796e-06 _55450_
 3.983780e-06 0.000000e+00 8.049150e-12 3.983788e-06 _55962_
 3.983779e-06 0.000000e+00 8.049150e-12 3.983787e-06 _55945_
 3.983778e-06 0.000000e+00 8.049150e-12 3.983786e-06 _56002_
 3.983777e-06 0.000000e+00 8.049150e-12 3.983786e-06 _55979_
 3.983756e-06 0.000000e+00 8.049150e-12 3.983765e-06 _55713_
 3.983753e-06 0.000000e+00 8.049150e-12 3.983761e-06 _55697_
 3.983752e-06 0.000000e+00 8.049150e-12 3.983760e-06 _55729_
 3.983750e-06 0.000000e+00 8.049150e-12 3.983758e-06 _55617_
 3.983750e-06 0.000000e+00 8.049150e-12 3.983758e-06 _55681_
 3.983748e-06 0.000000e+00 8.049150e-12 3.983756e-06 _55633_
 3.983748e-06 0.000000e+00 8.049150e-12 3.983756e-06 _55665_
 3.983746e-06 0.000000e+00 8.049150e-12 3.983754e-06 _55649_
 3.983743e-06 0.000000e+00 8.049150e-12 3.983751e-06 _56065_
 3.983738e-06 0.000000e+00 8.049150e-12 3.983746e-06 _55465_
 3.983738e-06 0.000000e+00 8.049150e-12 3.983746e-06 _55496_
 3.983738e-06 0.000000e+00 8.049150e-12 3.983746e-06 _56097_
 3.983738e-06 0.000000e+00 8.049150e-12 3.983746e-06 _55513_
 3.983737e-06 0.000000e+00 8.049150e-12 3.983745e-06 _55480_
 3.983736e-06 0.000000e+00 8.049150e-12 3.983745e-06 _56081_
 3.983735e-06 0.000000e+00 8.049150e-12 3.983744e-06 _55464_
 3.983734e-06 0.000000e+00 8.049150e-12 3.983742e-06 _56238_
 3.983734e-06 0.000000e+00 8.049150e-12 3.983742e-06 _54524_
 3.983734e-06 0.000000e+00 8.049150e-12 3.983742e-06 _55324_
 3.983733e-06 0.000000e+00 8.049150e-12 3.983741e-06 _55341_
 3.983733e-06 0.000000e+00 8.049150e-12 3.983741e-06 _55358_
 3.983732e-06 0.000000e+00 8.049150e-12 3.983740e-06 _54492_
 3.983732e-06 0.000000e+00 8.049150e-12 3.983740e-06 _56113_
 3.983732e-06 0.000000e+00 8.049150e-12 3.983740e-06 _56129_
 3.983729e-06 0.000000e+00 8.049150e-12 3.983737e-06 _54476_
 3.983728e-06 0.000000e+00 8.049150e-12 3.983736e-06 _54444_
 3.983728e-06 0.000000e+00 8.049150e-12 3.983736e-06 _54460_
 3.983728e-06 0.000000e+00 8.049150e-12 3.983736e-06 _54720_
 3.983725e-06 0.000000e+00 8.049150e-12 3.983733e-06 _54535_
 3.983723e-06 0.000000e+00 8.049150e-12 3.983731e-06 _54704_
 3.983723e-06 0.000000e+00 8.049150e-12 3.983731e-06 _55307_
 3.983723e-06 0.000000e+00 8.049150e-12 3.983731e-06 _54512_
 3.983722e-06 0.000000e+00 8.049150e-12 3.983730e-06 _54688_
 3.983720e-06 0.000000e+00 8.049150e-12 3.983729e-06 _54528_
 3.983715e-06 0.000000e+00 8.049150e-12 3.983723e-06 _55084_
 3.983713e-06 0.000000e+00 8.049150e-12 3.983721e-06 _55073_
 3.983695e-06 0.000000e+00 8.049150e-12 3.983704e-06 _54799_
 3.983694e-06 0.000000e+00 8.049150e-12 3.983702e-06 _56382_
 3.983692e-06 0.000000e+00 8.049150e-12 3.983700e-06 _56414_
 3.983691e-06 0.000000e+00 8.049150e-12 3.983699e-06 _56398_
 3.983690e-06 0.000000e+00 8.049150e-12 3.983699e-06 _54399_
 3.983690e-06 0.000000e+00 8.049150e-12 3.983699e-06 _56084_
 3.983690e-06 0.000000e+00 8.049150e-12 3.983698e-06 _54415_
 3.983690e-06 0.000000e+00 8.049150e-12 3.983698e-06 _56068_
 3.983688e-06 0.000000e+00 8.049150e-12 3.983696e-06 _56430_
 3.983684e-06 0.000000e+00 8.049150e-12 3.983692e-06 _55050_
 3.983684e-06 0.000000e+00 8.049150e-12 3.983692e-06 _56446_
 3.983683e-06 0.000000e+00 8.049150e-12 3.983691e-06 _55104_
 3.983683e-06 0.000000e+00 8.049150e-12 3.983691e-06 _55121_
 3.983683e-06 0.000000e+00 8.049150e-12 3.983691e-06 _56100_
 3.983683e-06 0.000000e+00 8.049150e-12 3.983691e-06 _55027_
 3.983682e-06 0.000000e+00 8.049150e-12 3.983690e-06 _54783_
 3.983682e-06 0.000000e+00 8.049150e-12 3.983690e-06 _55010_
 3.983682e-06 0.000000e+00 8.049150e-12 3.983690e-06 _56198_
 3.983681e-06 0.000000e+00 8.049150e-12 3.983690e-06 _55138_
 3.983680e-06 0.000000e+00 8.049150e-12 3.983689e-06 _54767_
 3.983680e-06 0.000000e+00 8.049150e-12 3.983689e-06 _56462_
 3.983680e-06 0.000000e+00 8.049150e-12 3.983688e-06 _56494_
 3.983679e-06 0.000000e+00 8.049150e-12 3.983687e-06 _55275_
 3.983675e-06 0.000000e+00 8.049150e-12 3.983684e-06 _55019_
 3.983675e-06 0.000000e+00 8.049150e-12 3.983683e-06 _54938_
 3.983672e-06 0.000000e+00 8.049150e-12 3.983680e-06 _55002_
 3.983671e-06 0.000000e+00 8.049150e-12 3.983679e-06 _54890_
 3.983669e-06 0.000000e+00 8.049150e-12 3.983677e-06 _54986_
 3.983668e-06 0.000000e+00 8.049150e-12 3.983676e-06 _54477_
 3.983667e-06 0.000000e+00 8.049150e-12 3.983675e-06 _54834_
 3.983667e-06 0.000000e+00 8.049150e-12 3.983675e-06 _56188_
 3.983667e-06 0.000000e+00 8.049150e-12 3.983675e-06 _56172_
 3.983666e-06 0.000000e+00 8.049150e-12 3.983675e-06 _54953_
 3.983666e-06 0.000000e+00 8.049150e-12 3.983674e-06 _56204_
 3.983663e-06 0.000000e+00 8.049150e-12 3.983671e-06 _54969_
 3.983662e-06 0.000000e+00 8.049150e-12 3.983670e-06 _54726_
 3.983661e-06 0.000000e+00 8.049150e-12 3.983669e-06 _54905_
 3.983658e-06 0.000000e+00 8.049150e-12 3.983666e-06 _55126_
 3.983658e-06 0.000000e+00 8.049150e-12 3.983666e-06 _55143_
 3.983656e-06 0.000000e+00 8.049150e-12 3.983664e-06 _54708_
 3.983654e-06 0.000000e+00 8.049150e-12 3.983662e-06 _54468_
 3.983643e-06 0.000000e+00 8.049150e-12 3.983651e-06 _55552_
 3.983642e-06 0.000000e+00 8.049150e-12 3.983650e-06 _55569_
 3.983640e-06 0.000000e+00 8.049150e-12 3.983648e-06 _55051_
 3.983639e-06 0.000000e+00 8.049150e-12 3.983647e-06 _55105_
 3.983637e-06 0.000000e+00 8.049150e-12 3.983645e-06 _55248_
 3.983635e-06 0.000000e+00 8.049150e-12 3.983644e-06 _55122_
 3.983634e-06 0.000000e+00 8.049150e-12 3.983642e-06 _55162_
 3.983633e-06 0.000000e+00 8.049150e-12 3.983641e-06 _55139_
 3.983612e-06 0.000000e+00 8.049150e-12 3.983620e-06 _54898_
 3.983612e-06 0.000000e+00 8.049150e-12 3.983620e-06 _55309_
 3.983611e-06 0.000000e+00 8.049150e-12 3.983620e-06 _56005_
 3.983605e-06 0.000000e+00 8.049150e-12 3.983614e-06 _54373_
 3.983602e-06 0.000000e+00 8.049150e-12 3.983610e-06 _54389_
 3.983602e-06 0.000000e+00 8.049150e-12 3.983610e-06 _54862_
 3.983602e-06 0.000000e+00 8.049150e-12 3.983610e-06 _54910_
 3.983600e-06 0.000000e+00 8.049150e-12 3.983608e-06 _54911_
 3.983598e-06 0.000000e+00 8.049150e-12 3.983606e-06 _54856_
 3.983596e-06 0.000000e+00 8.049150e-12 3.983604e-06 _55080_
 3.983595e-06 0.000000e+00 8.049150e-12 3.983603e-06 _54417_
 3.983595e-06 0.000000e+00 8.049150e-12 3.983603e-06 _54449_
 3.983594e-06 0.000000e+00 8.049150e-12 3.983602e-06 _54465_
 3.983593e-06 0.000000e+00 8.049150e-12 3.983601e-06 _54401_
 3.983592e-06 0.000000e+00 8.049150e-12 3.983600e-06 _54785_
 3.983591e-06 0.000000e+00 8.049150e-12 3.983600e-06 _54801_
 3.983590e-06 0.000000e+00 8.049150e-12 3.983599e-06 _54769_
 3.983588e-06 0.000000e+00 8.049150e-12 3.983596e-06 _55435_
 3.983587e-06 0.000000e+00 8.049150e-12 3.983595e-06 _56355_
 3.983586e-06 0.000000e+00 8.049150e-12 3.983594e-06 _56387_
 3.983585e-06 0.000000e+00 8.049150e-12 3.983593e-06 _56371_
 3.983584e-06 0.000000e+00 8.049150e-12 3.983592e-06 _56516_
 3.983583e-06 0.000000e+00 8.049150e-12 3.983591e-06 _54943_
 3.983582e-06 0.000000e+00 8.049150e-12 3.983590e-06 _54959_
 3.983582e-06 0.000000e+00 8.049150e-12 3.983590e-06 _56500_
 3.983581e-06 0.000000e+00 8.049150e-12 3.983589e-06 _55420_
 3.983580e-06 0.000000e+00 8.049150e-12 3.983588e-06 _55436_
 3.983574e-06 0.000000e+00 8.049150e-12 3.983582e-06 _54405_
 3.983573e-06 0.000000e+00 8.049150e-12 3.983581e-06 _55454_
 3.983570e-06 0.000000e+00 8.049150e-12 3.983579e-06 _55422_
 3.983570e-06 0.000000e+00 8.049150e-12 3.983579e-06 _55438_
 3.983570e-06 0.000000e+00 8.049150e-12 3.983578e-06 _55406_
 3.983569e-06 0.000000e+00 8.049150e-12 3.983577e-06 _55413_
 3.983564e-06 0.000000e+00 8.049150e-12 3.983572e-06 _56264_
 3.983558e-06 0.000000e+00 8.049150e-12 3.983566e-06 _56225_
 3.983554e-06 0.000000e+00 8.049150e-12 3.983562e-06 _56209_
 3.983552e-06 0.000000e+00 8.049150e-12 3.983560e-06 _56193_
 3.983552e-06 0.000000e+00 8.049150e-12 3.983560e-06 _56241_
 3.983552e-06 0.000000e+00 8.049150e-12 3.983560e-06 _56257_
 3.983550e-06 0.000000e+00 8.049150e-12 3.983559e-06 _56177_
 3.983550e-06 0.000000e+00 8.049150e-12 3.983558e-06 _56273_
 3.983542e-06 0.000000e+00 8.049150e-12 3.983550e-06 _54502_
 3.983542e-06 0.000000e+00 8.049150e-12 3.983550e-06 _54518_
 3.983540e-06 0.000000e+00 8.049150e-12 3.983548e-06 _54534_
 3.983539e-06 0.000000e+00 8.049150e-12 3.983547e-06 _54450_
 3.983529e-06 0.000000e+00 8.049150e-12 3.983537e-06 _55013_
 3.983522e-06 0.000000e+00 8.049150e-12 3.983530e-06 _55030_
 3.983521e-06 0.000000e+00 8.049150e-12 3.983529e-06 _55895_
 3.983520e-06 0.000000e+00 8.049150e-12 3.983528e-06 _55053_
 3.983519e-06 0.000000e+00 8.049150e-12 3.983528e-06 _55917_
 3.983506e-06 0.000000e+00 8.049150e-12 3.983514e-06 _54771_
 3.983505e-06 0.000000e+00 8.049150e-12 3.983513e-06 _54787_
 3.983504e-06 0.000000e+00 8.049150e-12 3.983513e-06 _54755_
 3.983500e-06 0.000000e+00 8.049150e-12 3.983508e-06 _54739_
 3.983495e-06 0.000000e+00 8.049150e-12 3.983503e-06 _54962_
 3.983489e-06 0.000000e+00 8.049150e-12 3.983497e-06 _54677_
 3.983488e-06 0.000000e+00 8.049150e-12 3.983496e-06 _54693_
 3.983488e-06 0.000000e+00 8.049150e-12 3.983496e-06 _54723_
 3.983482e-06 0.000000e+00 8.049150e-12 3.983490e-06 _55512_
 3.983481e-06 0.000000e+00 8.049150e-12 3.983489e-06 _54979_
 3.983480e-06 0.000000e+00 8.049150e-12 3.983488e-06 _54995_
 3.983475e-06 0.000000e+00 8.049150e-12 3.983483e-06 _55252_
 3.983474e-06 0.000000e+00 8.049150e-12 3.983482e-06 _55166_
 3.983453e-06 0.000000e+00 8.049150e-12 3.983461e-06 _54775_
 3.983452e-06 0.000000e+00 8.049150e-12 3.983460e-06 _54759_
 3.983451e-06 0.000000e+00 8.049150e-12 3.983459e-06 _54839_
 3.983449e-06 0.000000e+00 8.049150e-12 3.983457e-06 _54823_
 3.983448e-06 0.000000e+00 8.049150e-12 3.983456e-06 _54807_
 3.983447e-06 0.000000e+00 8.049150e-12 3.983455e-06 _54791_
 3.983441e-06 0.000000e+00 8.049150e-12 3.983449e-06 _54542_
 3.983441e-06 0.000000e+00 8.049150e-12 3.983449e-06 _54590_
 3.983441e-06 0.000000e+00 8.049150e-12 3.983449e-06 _54526_
 3.983441e-06 0.000000e+00 8.049150e-12 3.983449e-06 _54574_
 3.983440e-06 0.000000e+00 8.049150e-12 3.983448e-06 _54558_
 3.983438e-06 0.000000e+00 8.049150e-12 3.983446e-06 _54606_
 3.983432e-06 0.000000e+00 8.049150e-12 3.983440e-06 _54412_
 3.983431e-06 0.000000e+00 8.049150e-12 3.983439e-06 _54428_
 3.983427e-06 0.000000e+00 8.049150e-12 3.983435e-06 _54848_
 3.983427e-06 0.000000e+00 8.049150e-12 3.983435e-06 _54976_
 3.983427e-06 0.000000e+00 8.049150e-12 3.983435e-06 _56304_
 3.983427e-06 0.000000e+00 8.049150e-12 3.983435e-06 _54832_
 3.983424e-06 0.000000e+00 8.049150e-12 3.983433e-06 _54816_
 3.983423e-06 0.000000e+00 8.049150e-12 3.983431e-06 _55103_
 3.983409e-06 0.000000e+00 8.049150e-12 3.983418e-06 _56288_
 3.983409e-06 0.000000e+00 8.049150e-12 3.983417e-06 _55851_
 3.983405e-06 0.000000e+00 8.049150e-12 3.983414e-06 _55739_
 3.983404e-06 0.000000e+00 8.049150e-12 3.983412e-06 _55755_
 3.983403e-06 0.000000e+00 8.049150e-12 3.983411e-06 _56528_
 3.983401e-06 0.000000e+00 8.049150e-12 3.983409e-06 _56512_
 3.983394e-06 0.000000e+00 8.049150e-12 3.983402e-06 _55404_
 3.983394e-06 0.000000e+00 8.049150e-12 3.983402e-06 _55805_
 3.983392e-06 0.000000e+00 8.049150e-12 3.983400e-06 _56496_
 3.983392e-06 0.000000e+00 8.049150e-12 3.983400e-06 _55452_
 3.983391e-06 0.000000e+00 8.049150e-12 3.983399e-06 _54820_
 3.983390e-06 0.000000e+00 8.049150e-12 3.983399e-06 _55798_
 3.983388e-06 0.000000e+00 8.049150e-12 3.983396e-06 _55814_
 3.983387e-06 0.000000e+00 8.049150e-12 3.983395e-06 _55830_
 3.983387e-06 0.000000e+00 8.049150e-12 3.983395e-06 _56480_
 3.983387e-06 0.000000e+00 8.049150e-12 3.983395e-06 _56447_
 3.983386e-06 0.000000e+00 8.049150e-12 3.983394e-06 _55846_
 3.983385e-06 0.000000e+00 8.049150e-12 3.983394e-06 _56464_
 3.983322e-06 0.000000e+00 8.049150e-12 3.983330e-06 _56397_
 3.983322e-06 0.000000e+00 8.049150e-12 3.983330e-06 _56381_
 3.983321e-06 0.000000e+00 8.049150e-12 3.983329e-06 _56376_
 3.983319e-06 0.000000e+00 8.049150e-12 3.983328e-06 _56392_
 3.983318e-06 0.000000e+00 8.049150e-12 3.983326e-06 _56408_
 3.983317e-06 0.000000e+00 8.049150e-12 3.983325e-06 _56424_
 3.983298e-06 0.000000e+00 8.049150e-12 3.983307e-06 _55132_
 3.983297e-06 0.000000e+00 8.049150e-12 3.983305e-06 _55155_
 3.983296e-06 0.000000e+00 8.049150e-12 3.983304e-06 _55115_
 3.983288e-06 0.000000e+00 8.049150e-12 3.983297e-06 _55487_
 3.983284e-06 0.000000e+00 8.049150e-12 3.983293e-06 _54954_
 3.983275e-06 0.000000e+00 8.049150e-12 3.983283e-06 _55344_
 3.983274e-06 0.000000e+00 8.049150e-12 3.983282e-06 _55327_
 3.983266e-06 0.000000e+00 8.049150e-12 3.983274e-06 _55217_
 3.983266e-06 0.000000e+00 8.049150e-12 3.983274e-06 _55233_
 3.983262e-06 0.000000e+00 8.049150e-12 3.983270e-06 _55980_
 3.983262e-06 0.000000e+00 8.049150e-12 3.983270e-06 _55963_
 3.983261e-06 0.000000e+00 8.049150e-12 3.983269e-06 _55946_
 3.983261e-06 0.000000e+00 8.049150e-12 3.983269e-06 _56003_
 3.983260e-06 0.000000e+00 8.049150e-12 3.983268e-06 _54414_
 3.983260e-06 0.000000e+00 8.049150e-12 3.983268e-06 _54430_
 3.983259e-06 0.000000e+00 8.049150e-12 3.983268e-06 _55930_
 3.983258e-06 0.000000e+00 8.049150e-12 3.983267e-06 _54446_
 3.983230e-06 0.000000e+00 8.049150e-12 3.983238e-06 _54603_
 3.983230e-06 0.000000e+00 8.049150e-12 3.983238e-06 _54747_
 3.983230e-06 0.000000e+00 8.049150e-12 3.983238e-06 _54795_
 3.983228e-06 0.000000e+00 8.049150e-12 3.983237e-06 _54619_
 3.983221e-06 0.000000e+00 8.049150e-12 3.983229e-06 _54635_
 3.983217e-06 0.000000e+00 8.049150e-12 3.983225e-06 _54667_
 3.983213e-06 0.000000e+00 8.049150e-12 3.983221e-06 _54651_
 3.983210e-06 0.000000e+00 8.049150e-12 3.983218e-06 _54731_
 3.983208e-06 0.000000e+00 8.049150e-12 3.983217e-06 _54763_
 3.983186e-06 0.000000e+00 8.049150e-12 3.983194e-06 _54987_
 3.983185e-06 0.000000e+00 8.049150e-12 3.983193e-06 _54971_
 3.983180e-06 0.000000e+00 8.049150e-12 3.983188e-06 _55004_
 3.983179e-06 0.000000e+00 8.049150e-12 3.983188e-06 _55021_
 3.983153e-06 0.000000e+00 8.049150e-12 3.983161e-06 _55741_
 3.983153e-06 0.000000e+00 8.049150e-12 3.983161e-06 _55837_
 3.983152e-06 0.000000e+00 8.049150e-12 3.983160e-06 _55821_
 3.983152e-06 0.000000e+00 8.049150e-12 3.983160e-06 _55853_
 3.983131e-06 0.000000e+00 8.049150e-12 3.983139e-06 _54367_
 3.983131e-06 0.000000e+00 8.049150e-12 3.983139e-06 _54383_
 3.983130e-06 0.000000e+00 8.049150e-12 3.983138e-06 _54546_
 3.983130e-06 0.000000e+00 8.049150e-12 3.983138e-06 _54562_
 3.983127e-06 0.000000e+00 8.049150e-12 3.983136e-06 _56052_
 3.983127e-06 0.000000e+00 8.049150e-12 3.983135e-06 _54831_
 3.983078e-06 0.000000e+00 8.049150e-12 3.983087e-06 _55036_
 3.983074e-06 0.000000e+00 8.049150e-12 3.983082e-06 _55059_
 3.983069e-06 0.000000e+00 8.049150e-12 3.983077e-06 _55972_
 3.983067e-06 0.000000e+00 8.049150e-12 3.983076e-06 _55989_
 3.983066e-06 0.000000e+00 8.049150e-12 3.983074e-06 _54377_
 3.983033e-06 0.000000e+00 8.049150e-12 3.983042e-06 _54438_
 3.983028e-06 0.000000e+00 8.049150e-12 3.983036e-06 _54370_
 3.983027e-06 0.000000e+00 8.049150e-12 3.983035e-06 _54818_
 3.983020e-06 0.000000e+00 8.049150e-12 3.983028e-06 _54802_
 3.983019e-06 0.000000e+00 8.049150e-12 3.983027e-06 _56111_
 3.983018e-06 0.000000e+00 8.049150e-12 3.983027e-06 _56079_
 3.983018e-06 0.000000e+00 8.049150e-12 3.983026e-06 _56095_
 3.983017e-06 0.000000e+00 8.049150e-12 3.983026e-06 _55295_
 3.983017e-06 0.000000e+00 8.049150e-12 3.983025e-06 _55311_
 3.983008e-06 0.000000e+00 8.049150e-12 3.983016e-06 _54710_
 3.983000e-06 0.000000e+00 8.049150e-12 3.983008e-06 _54454_
 3.982946e-06 0.000000e+00 8.049150e-12 3.982954e-06 _55094_
 3.982928e-06 0.000000e+00 8.049150e-12 3.982936e-06 _55096_
 3.982914e-06 0.000000e+00 8.049150e-12 3.982922e-06 _55947_
 3.982913e-06 0.000000e+00 8.049150e-12 3.982921e-06 _55931_
 3.982911e-06 0.000000e+00 8.049150e-12 3.982919e-06 _54961_
 3.982910e-06 0.000000e+00 8.049150e-12 3.982918e-06 _54978_
 3.982907e-06 0.000000e+00 8.049150e-12 3.982916e-06 _54945_
 3.982905e-06 0.000000e+00 8.049150e-12 3.982913e-06 _54897_
 3.982901e-06 0.000000e+00 8.049150e-12 3.982909e-06 _56004_
 3.982868e-06 0.000000e+00 8.049150e-12 3.982876e-06 _54805_
 3.982867e-06 0.000000e+00 8.049150e-12 3.982876e-06 _54789_
 3.982866e-06 0.000000e+00 8.049150e-12 3.982874e-06 _54821_
 3.982865e-06 0.000000e+00 8.049150e-12 3.982873e-06 _54773_
 3.982854e-06 0.000000e+00 8.049150e-12 3.982862e-06 _55554_
 3.982852e-06 0.000000e+00 8.049150e-12 3.982861e-06 _55537_
 3.982851e-06 0.000000e+00 8.049150e-12 3.982859e-06 _55384_
 3.982808e-06 0.000000e+00 8.049150e-12 3.982816e-06 _55200_
 3.982806e-06 0.000000e+00 8.049150e-12 3.982815e-06 _55183_
 3.982806e-06 0.000000e+00 8.049150e-12 3.982814e-06 _55199_
 3.982800e-06 0.000000e+00 8.049150e-12 3.982808e-06 _54837_
 3.982797e-06 0.000000e+00 8.049150e-12 3.982806e-06 _54853_
 3.982790e-06 0.000000e+00 8.049150e-12 3.982798e-06 _56030_
 3.982787e-06 0.000000e+00 8.049150e-12 3.982795e-06 _54390_
 3.982786e-06 0.000000e+00 8.049150e-12 3.982794e-06 _56252_
 3.982785e-06 0.000000e+00 8.049150e-12 3.982793e-06 _56268_
 3.982784e-06 0.000000e+00 8.049150e-12 3.982792e-06 _54772_
 3.982767e-06 0.000000e+00 8.049150e-12 3.982776e-06 _56140_
 3.982759e-06 0.000000e+00 8.049150e-12 3.982767e-06 _55558_
 3.982759e-06 0.000000e+00 8.049150e-12 3.982767e-06 _55575_
 3.982758e-06 0.000000e+00 8.049150e-12 3.982766e-06 _54756_
 3.982758e-06 0.000000e+00 8.049150e-12 3.982766e-06 _56124_
 3.982757e-06 0.000000e+00 8.049150e-12 3.982765e-06 _55299_
 3.982757e-06 0.000000e+00 8.049150e-12 3.982765e-06 _55598_
 3.982754e-06 0.000000e+00 8.049150e-12 3.982762e-06 _56108_
 3.982753e-06 0.000000e+00 8.049150e-12 3.982761e-06 _55277_
 3.982753e-06 0.000000e+00 8.049150e-12 3.982761e-06 _56092_
 3.982753e-06 0.000000e+00 8.049150e-12 3.982761e-06 _56156_
 3.982750e-06 0.000000e+00 8.049150e-12 3.982758e-06 _54354_
 3.982749e-06 0.000000e+00 8.049150e-12 3.982757e-06 _54850_
 3.982747e-06 0.000000e+00 8.049150e-12 3.982755e-06 _56231_
 3.982746e-06 0.000000e+00 8.049150e-12 3.982754e-06 _56215_
 3.982743e-06 0.000000e+00 8.049150e-12 3.982751e-06 _56023_
 3.982741e-06 0.000000e+00 8.049150e-12 3.982750e-06 _56055_
 3.982737e-06 0.000000e+00 8.049150e-12 3.982745e-06 _56071_
 3.982736e-06 0.000000e+00 8.049150e-12 3.982744e-06 _54470_
 3.982736e-06 0.000000e+00 8.049150e-12 3.982744e-06 _54486_
 3.982733e-06 0.000000e+00 8.049150e-12 3.982741e-06 _54422_
 3.982732e-06 0.000000e+00 8.049150e-12 3.982740e-06 _56087_
 3.982730e-06 0.000000e+00 8.049150e-12 3.982738e-06 _54467_
 3.982729e-06 0.000000e+00 8.049150e-12 3.982737e-06 _54483_
 3.982699e-06 0.000000e+00 8.049150e-12 3.982707e-06 _55163_
 3.982689e-06 0.000000e+00 8.049150e-12 3.982697e-06 _54860_
 3.982687e-06 0.000000e+00 8.049150e-12 3.982695e-06 _55249_
 3.982687e-06 0.000000e+00 8.049150e-12 3.982695e-06 _56078_
 3.982686e-06 0.000000e+00 8.049150e-12 3.982695e-06 _56126_
 3.982683e-06 0.000000e+00 8.049150e-12 3.982691e-06 _54861_
 3.982672e-06 0.000000e+00 8.049150e-12 3.982680e-06 _55140_
 3.982670e-06 0.000000e+00 8.049150e-12 3.982679e-06 _55123_
 3.982669e-06 0.000000e+00 8.049150e-12 3.982677e-06 _55106_
 3.982665e-06 0.000000e+00 8.049150e-12 3.982674e-06 _55791_
 3.982665e-06 0.000000e+00 8.049150e-12 3.982673e-06 _55775_
 3.982652e-06 0.000000e+00 8.049150e-12 3.982660e-06 _55124_
 3.982652e-06 0.000000e+00 8.049150e-12 3.982660e-06 _55107_
 3.982651e-06 0.000000e+00 8.049150e-12 3.982660e-06 _55141_
 3.982651e-06 0.000000e+00 8.049150e-12 3.982660e-06 _55164_
 3.982648e-06 0.000000e+00 8.049150e-12 3.982656e-06 _56458_
 3.982639e-06 0.000000e+00 8.049150e-12 3.982647e-06 _56506_
 3.982638e-06 0.000000e+00 8.049150e-12 3.982646e-06 _56522_
 3.982632e-06 0.000000e+00 8.049150e-12 3.982640e-06 _56474_
 3.982632e-06 0.000000e+00 8.049150e-12 3.982640e-06 _56490_
 3.982630e-06 0.000000e+00 8.049150e-12 3.982639e-06 _54729_
 3.982621e-06 0.000000e+00 8.049150e-12 3.982630e-06 _54857_
 3.982620e-06 0.000000e+00 8.049150e-12 3.982628e-06 _54713_
 3.982615e-06 0.000000e+00 8.049150e-12 3.982624e-06 _54841_
 3.982611e-06 0.000000e+00 8.049150e-12 3.982620e-06 _54745_
 3.982610e-06 0.000000e+00 8.049150e-12 3.982618e-06 _54761_
 3.982605e-06 0.000000e+00 8.049150e-12 3.982614e-06 _54376_
 3.982605e-06 0.000000e+00 8.049150e-12 3.982613e-06 _54808_
 3.982605e-06 0.000000e+00 8.049150e-12 3.982613e-06 _54360_
 3.982603e-06 0.000000e+00 8.049150e-12 3.982611e-06 _54824_
 3.982601e-06 0.000000e+00 8.049150e-12 3.982610e-06 _54840_
 3.982552e-06 0.000000e+00 8.049150e-12 3.982560e-06 _55789_
 3.982503e-06 0.000000e+00 8.049150e-12 3.982511e-06 _54586_
 3.982501e-06 0.000000e+00 8.049150e-12 3.982509e-06 _54634_
 3.982501e-06 0.000000e+00 8.049150e-12 3.982509e-06 _54602_
 3.982501e-06 0.000000e+00 8.049150e-12 3.982509e-06 _54618_
 3.982498e-06 0.000000e+00 8.049150e-12 3.982506e-06 _54666_
 3.982498e-06 0.000000e+00 8.049150e-12 3.982506e-06 _54682_
 3.982498e-06 0.000000e+00 8.049150e-12 3.982506e-06 _54650_
 3.982497e-06 0.000000e+00 8.049150e-12 3.982505e-06 _54714_
 3.982496e-06 0.000000e+00 8.049150e-12 3.982504e-06 _54698_
 3.982495e-06 0.000000e+00 8.049150e-12 3.982504e-06 _54730_
 3.982475e-06 0.000000e+00 8.049150e-12 3.982483e-06 _55081_
 3.982470e-06 0.000000e+00 8.049150e-12 3.982478e-06 _55093_
 3.982469e-06 0.000000e+00 8.049150e-12 3.982477e-06 _55090_
 3.982449e-06 0.000000e+00 8.049150e-12 3.982457e-06 _55426_
 3.982440e-06 0.000000e+00 8.049150e-12 3.982449e-06 _55486_
 3.982439e-06 0.000000e+00 8.049150e-12 3.982448e-06 _55442_
 3.982439e-06 0.000000e+00 8.049150e-12 3.982448e-06 _55502_
 3.982439e-06 0.000000e+00 8.049150e-12 3.982447e-06 _55518_
 3.982406e-06 0.000000e+00 8.049150e-12 3.982414e-06 _54866_
 3.982240e-06 0.000000e+00 8.049150e-12 3.982248e-06 _55459_
 3.982238e-06 0.000000e+00 8.049150e-12 3.982246e-06 _55411_
 3.982234e-06 0.000000e+00 8.049150e-12 3.982243e-06 _55427_
 3.982234e-06 0.000000e+00 8.049150e-12 3.982242e-06 _55443_
 3.982159e-06 0.000000e+00 8.049150e-12 3.982167e-06 _54851_
 3.982158e-06 0.000000e+00 8.049150e-12 3.982166e-06 _54371_
 3.982158e-06 0.000000e+00 8.049150e-12 3.982166e-06 _54835_
 3.982157e-06 0.000000e+00 8.049150e-12 3.982165e-06 _54355_
 3.982062e-06 0.000000e+00 8.049150e-12 3.982070e-06 _55600_
 3.982059e-06 0.000000e+00 8.049150e-12 3.982067e-06 _55577_
 3.982058e-06 0.000000e+00 8.049150e-12 3.982066e-06 _54473_
 3.982055e-06 0.000000e+00 8.049150e-12 3.982063e-06 _54489_
 3.982055e-06 0.000000e+00 8.049150e-12 3.982063e-06 _55878_
 3.982052e-06 0.000000e+00 8.049150e-12 3.982061e-06 _55901_
 3.981988e-06 0.000000e+00 8.049150e-12 3.981996e-06 _55669_
 3.981987e-06 0.000000e+00 8.049150e-12 3.981996e-06 _55685_
 3.981987e-06 0.000000e+00 8.049150e-12 3.981995e-06 _55718_
 3.981985e-06 0.000000e+00 8.049150e-12 3.981993e-06 _55702_
 3.981985e-06 0.000000e+00 8.049150e-12 3.981993e-06 _55701_
 3.981984e-06 0.000000e+00 8.049150e-12 3.981992e-06 _55686_
 3.981972e-06 0.000000e+00 8.049150e-12 3.981980e-06 _55429_
 3.981929e-06 0.000000e+00 8.049150e-12 3.981937e-06 _54629_
 3.981928e-06 0.000000e+00 8.049150e-12 3.981937e-06 _54645_
 3.981927e-06 0.000000e+00 8.049150e-12 3.981935e-06 _54661_
 3.981922e-06 0.000000e+00 8.049150e-12 3.981931e-06 _54350_
 3.981922e-06 0.000000e+00 8.049150e-12 3.981931e-06 _54613_
 3.981887e-06 0.000000e+00 8.049150e-12 3.981895e-06 _55915_
 3.981878e-06 0.000000e+00 8.049150e-12 3.981886e-06 _55893_
 3.981877e-06 0.000000e+00 8.049150e-12 3.981885e-06 _55870_
 3.981876e-06 0.000000e+00 8.049150e-12 3.981884e-06 _55592_
 3.981840e-06 0.000000e+00 8.049150e-12 3.981848e-06 _56220_
 3.981839e-06 0.000000e+00 8.049150e-12 3.981847e-06 _54406_
 3.981839e-06 0.000000e+00 8.049150e-12 3.981847e-06 _56236_
 3.981831e-06 0.000000e+00 8.049150e-12 3.981839e-06 _54359_
 3.981825e-06 0.000000e+00 8.049150e-12 3.981833e-06 _54855_
 3.981796e-06 0.000000e+00 8.049150e-12 3.981804e-06 _55329_
 3.981794e-06 0.000000e+00 8.049150e-12 3.981802e-06 _55297_
 3.981794e-06 0.000000e+00 8.049150e-12 3.981802e-06 _55313_
 3.981793e-06 0.000000e+00 8.049150e-12 3.981801e-06 _55346_
 3.981791e-06 0.000000e+00 8.049150e-12 3.981799e-06 _55109_
 3.981674e-06 0.000000e+00 8.049150e-12 3.981682e-06 _55919_
 3.981672e-06 0.000000e+00 8.049150e-12 3.981680e-06 _55028_
 3.981670e-06 0.000000e+00 8.049150e-12 3.981678e-06 _55011_
 3.981666e-06 0.000000e+00 8.049150e-12 3.981675e-06 _54994_
 3.981660e-06 0.000000e+00 8.049150e-12 3.981668e-06 _55985_
 3.981620e-06 0.000000e+00 8.049150e-12 3.981628e-06 _55362_
 3.981620e-06 0.000000e+00 8.049150e-12 3.981628e-06 _55538_
 3.981619e-06 0.000000e+00 8.049150e-12 3.981627e-06 _54762_
 3.981618e-06 0.000000e+00 8.049150e-12 3.981626e-06 _54746_
 3.981618e-06 0.000000e+00 8.049150e-12 3.981626e-06 _54778_
 3.981617e-06 0.000000e+00 8.049150e-12 3.981625e-06 _55292_
 3.981614e-06 0.000000e+00 8.049150e-12 3.981622e-06 _55308_
 3.981611e-06 0.000000e+00 8.049150e-12 3.981619e-06 _55381_
 3.981526e-06 0.000000e+00 8.049150e-12 3.981534e-06 _55467_
 3.981525e-06 0.000000e+00 8.049150e-12 3.981533e-06 _55515_
 3.980523e-06 0.000000e+00 8.049150e-12 3.980531e-06 _54870_
 3.980521e-06 0.000000e+00 8.049150e-12 3.980530e-06 _54917_
 3.980521e-06 0.000000e+00 8.049150e-12 3.980529e-06 _54918_
 3.980519e-06 0.000000e+00 8.049150e-12 3.980527e-06 _54919_
 3.755772e-06 1.694338e-07 8.864549e-12 3.925215e-06 _58000_
 3.728387e-06 9.975825e-09 8.862650e-12 3.738371e-06 _55389_
 3.719040e-06 1.545088e-08 8.862650e-12 3.734500e-06 _54282_
 3.728297e-06 6.087398e-09 8.862650e-12 3.734393e-06 _54970_
