     Internal    Switching      Leakage        Total
        Power        Power        Power        Power (Watts)
----------------------------------------------------
 2.162990e-07 1.001857e-06 7.000149e-12 1.218163e-06 _37130_
 6.767155e-07 5.358826e-07 4.633089e-12 1.212603e-06 _40206_
 6.772974e-07 2.807320e-07 4.832750e-12 9.580342e-07 _60355_
 6.741843e-07 2.698447e-07 4.832750e-12 9.440338e-07 _60350_
 6.743447e-07 2.660070e-07 4.832750e-12 9.403565e-07 _60345_
 3.902462e-07 5.144594e-07 4.853199e-12 9.047105e-07 _60380_
 4.852643e-07 4.172410e-07 3.980700e-12 9.025093e-07 _39659_
 2.756103e-07 6.247879e-07 1.935061e-12 9.004002e-07 _36841_
 4.981474e-07 3.939084e-07 4.454799e-12 8.920603e-07 _39650_
 5.622970e-07 3.155559e-07 1.862503e-12 8.778548e-07 _36859_
 4.962272e-07 3.613451e-07 4.445234e-12 8.575768e-07 _43265_
 4.960484e-07 3.603876e-07 4.840645e-12 8.564408e-07 _41587_
 4.958130e-07 3.512456e-07 3.966134e-12 8.470626e-07 _43274_
 3.857823e-07 4.494445e-07 5.268152e-12 8.352320e-07 _60388_
 4.889143e-07 3.411376e-07 4.831577e-12 8.300566e-07 _37958_
 2.075937e-07 6.220488e-07 4.768898e-12 8.296472e-07 _36503_
 5.565266e-07 2.547536e-07 1.862503e-12 8.112822e-07 _45113_
 2.467125e-07 5.625773e-07 4.699558e-12 8.092945e-07 _36549_
 5.542161e-07 2.458580e-07 1.862503e-12 8.000760e-07 _37827_
 1.925725e-07 5.950146e-07 5.743000e-12 7.875928e-07 _36461_
 1.419627e-07 6.429995e-07 6.954633e-12 7.849691e-07 _37113_
 2.263667e-07 5.562636e-07 4.745785e-12 7.826350e-07 _36530_
 1.861890e-07 5.938855e-07 4.711114e-12 7.800792e-07 _36435_
 2.461023e-07 5.186385e-07 4.803569e-12 7.647456e-07 _36700_
 2.252439e-07 5.196920e-07 4.711114e-12 7.449407e-07 _36444_
 1.398289e-07 6.044955e-07 6.954633e-12 7.443313e-07 _37105_
 2.047633e-07 5.351220e-07 4.572433e-12 7.398898e-07 _36623_
 1.620141e-07 5.707325e-07 6.928523e-12 7.327535e-07 _37125_
 1.392825e-07 5.855287e-07 6.954633e-12 7.248181e-07 _37119_
 2.784568e-07 4.397046e-07 1.935061e-12 7.181633e-07 _36398_
 2.728891e-07 4.285983e-07 5.580488e-12 7.014929e-07 _37681_
 3.165570e-07 3.806398e-07 1.104320e-12 6.971979e-07 _44209_
 2.038767e-07 4.887589e-07 4.757341e-12 6.926403e-07 _36539_
 1.487937e-07 5.435890e-07 2.960465e-12 6.923856e-07 _42136_
 4.857549e-07 1.899502e-07 4.727868e-12 6.757097e-07 _41590_
 1.935702e-07 4.788589e-07 4.676444e-12 6.724337e-07 _36495_
 1.835028e-07 4.877824e-07 4.768898e-12 6.712899e-07 _36521_
 4.856389e-07 1.855291e-07 4.165667e-12 6.711721e-07 _43268_
 1.383922e-07 5.263396e-07 6.954633e-12 6.647388e-07 _37099_
 1.830364e-07 4.790666e-07 4.768898e-12 6.621078e-07 _36512_
 2.537641e-07 4.067425e-07 5.815343e-12 6.605124e-07 _36658_
 1.755734e-07 4.839050e-07 5.923856e-12 6.594842e-07 _36746_
 1.691208e-07 4.874571e-07 6.032371e-12 6.565839e-07 _36632_
 3.614708e-07 2.930934e-07 4.831577e-12 6.545690e-07 _37967_
 2.712673e-07 3.727318e-07 1.935061e-12 6.440010e-07 _37813_
 2.319436e-07 4.077048e-07 6.790091e-12 6.396551e-07 _36419_
 4.815992e-07 1.543580e-07 4.217118e-12 6.359613e-07 _39653_
 4.793575e-07 1.548515e-07 4.702918e-12 6.342137e-07 _37961_
 1.123514e-07 5.116452e-07 6.014576e-12 6.240026e-07 _36984_
 1.920287e-07 4.228073e-07 4.711114e-12 6.148406e-07 _36478_
 1.398469e-07 4.743107e-07 6.915469e-12 6.141645e-07 _37079_
 1.542719e-07 4.505062e-07 6.032371e-12 6.047841e-07 _36718_
 2.018872e-07 3.970240e-07 4.373158e-12 5.989156e-07 _38514_
 1.504571e-07 4.461124e-07 4.356400e-12 5.965739e-07 _38142_
 9.691946e-08 4.982563e-07 6.067086e-12 5.951818e-07 _36974_
 1.752924e-07 4.182135e-07 5.851514e-12 5.935117e-07 _36736_
 2.555304e-07 3.335186e-07 4.372041e-12 5.890534e-07 _40205_
 3.077670e-07 2.804123e-07 1.065195e-12 5.881803e-07 _40601_
 1.903386e-07 3.942603e-07 1.959264e-12 5.846008e-07 _40128_
 1.678812e-07 4.149660e-07 5.743000e-12 5.828529e-07 _36666_
 9.287886e-08 4.849322e-07 5.747103e-12 5.778168e-07 _37065_
 3.567425e-07 2.202690e-07 4.840645e-12 5.770163e-07 _41596_
 1.919380e-07 3.837364e-07 1.958266e-12 5.756763e-07 _43814_
 1.912486e-07 3.801105e-07 1.958890e-12 5.713610e-07 _43419_
 1.898711e-07 3.771800e-07 1.959514e-12 5.670530e-07 _44962_
 1.704939e-07 3.945459e-07 4.699558e-12 5.650446e-07 _36486_
 1.903409e-07 3.714790e-07 1.959139e-12 5.618218e-07 _43583_
 1.600151e-07 3.996435e-07 2.962917e-12 5.596616e-07 _42059_
 1.700802e-07 3.867222e-07 4.711114e-12 5.568072e-07 _36469_
 1.901507e-07 3.623307e-07 1.959264e-12 5.524833e-07 _43737_
 1.660052e-07 3.862423e-07 5.960028e-12 5.522535e-07 _36641_
 1.903269e-07 3.597244e-07 1.959264e-12 5.500532e-07 _43243_
 1.909058e-07 3.565999e-07 1.958765e-12 5.475076e-07 _43148_
 8.434546e-08 4.609344e-07 6.067086e-12 5.452859e-07 _36969_
 1.905563e-07 3.524201e-07 1.959139e-12 5.429783e-07 _43314_
 1.908429e-07 3.510612e-07 1.958890e-12 5.419060e-07 _43448_
 1.534504e-07 3.807546e-07 5.779171e-12 5.342108e-07 _36683_
 3.508381e-07 1.787598e-07 4.554043e-12 5.296025e-07 _38515_
 1.258772e-07 4.021377e-07 6.915469e-12 5.280218e-07 _37071_
 1.890305e-07 3.314762e-07 1.959638e-12 5.205086e-07 _39971_
 1.901949e-07 3.292220e-07 1.959139e-12 5.194188e-07 _43512_
 8.452697e-08 4.341203e-07 6.067086e-12 5.186534e-07 _36964_
 1.898805e-07 3.277721e-07 1.959264e-12 5.176545e-07 _43660_
 1.749372e-07 3.421662e-07 1.958640e-12 5.171054e-07 _41365_
 1.667937e-07 3.494033e-07 5.960028e-12 5.162030e-07 _36727_
 1.804627e-07 3.356308e-07 1.958640e-12 5.160954e-07 _43362_
 1.671423e-07 3.466646e-07 5.887685e-12 5.138128e-07 _37274_
 1.849071e-07 3.284655e-07 1.959264e-12 5.133745e-07 _39804_
 1.849172e-07 3.245451e-07 1.959139e-12 5.094643e-07 _43157_
 1.903767e-07 3.146365e-07 1.959015e-12 5.050152e-07 _39699_
 3.426510e-07 1.618763e-07 4.832750e-12 5.045321e-07 _60344_
 1.525797e-07 3.511539e-07 6.032371e-12 5.037396e-07 _36709_
 1.895237e-07 3.136507e-07 1.959389e-12 5.031763e-07 _39570_
 1.111667e-07 3.917754e-07 4.357517e-12 5.029465e-07 _37837_
 1.892651e-07 3.135091e-07 1.959514e-12 5.027761e-07 _39753_
 1.889488e-07 3.132659e-07 1.959638e-12 5.022167e-07 _39899_
 1.424025e-07 3.590520e-07 1.929072e-12 5.014564e-07 _36399_
 1.894339e-07 3.118413e-07 1.959514e-12 5.012772e-07 _40050_
 1.895433e-07 3.113664e-07 1.959389e-12 5.009117e-07 _39834_
 1.895542e-07 3.102508e-07 1.959264e-12 4.998070e-07 _39524_
 1.490108e-07 3.497947e-07 4.711114e-12 4.988103e-07 _36452_
 1.144524e-07 3.823096e-07 6.902414e-12 4.967689e-07 _37085_
 3.408922e-07 1.554384e-07 4.832750e-12 4.963355e-07 _60354_
 1.187718e-07 3.772731e-07 4.965364e-12 4.960498e-07 _36420_
 1.795556e-07 3.154660e-07 1.958890e-12 4.950235e-07 _39536_
 1.897945e-07 3.050887e-07 1.959389e-12 4.948852e-07 _41192_
 1.107204e-07 3.823822e-07 4.354166e-12 4.931071e-07 _37854_
 3.608555e-08 4.569954e-07 7.640717e-12 4.930886e-07 _51973_
 2.694655e-07 2.186184e-07 2.939801e-12 4.880868e-07 _53252_
 1.803043e-07 3.043257e-07 1.958765e-12 4.846319e-07 _43187_
 7.959139e-08 4.042585e-07 6.067086e-12 4.838559e-07 _36954_
 1.874773e-07 2.949779e-07 2.395631e-12 4.824576e-07 _36790_
 1.107886e-07 3.641286e-07 4.358635e-12 4.749216e-07 _37856_
 3.387813e-07 1.334574e-07 4.832750e-12 4.722435e-07 _60349_
 2.688049e-07 2.013888e-07 2.902810e-12 4.701967e-07 _53308_
 1.751772e-07 2.863555e-07 1.958765e-12 4.615347e-07 _44798_
 1.743927e-07 2.860451e-07 1.958890e-12 4.604397e-07 _39628_
 1.515477e-07 3.083662e-07 6.032371e-12 4.599199e-07 _36692_
 2.796934e-07 1.743530e-07 1.907602e-12 4.540482e-07 _37824_
 2.867556e-07 1.667793e-07 4.645721e-12 4.535395e-07 _60386_
 1.293836e-07 3.215453e-07 9.703036e-13 4.509299e-07 _37804_
 8.359628e-08 3.668584e-07 3.729376e-12 4.504584e-07 _37852_
 2.271857e-07 2.206301e-07 7.475834e-13 4.478165e-07 _38910_
 1.075160e-07 3.402910e-07 4.942250e-12 4.478120e-07 _36426_
 1.649518e-07 2.825809e-07 6.032371e-12 4.475387e-07 _36675_
 2.595142e-07 1.858419e-07 1.664116e-12 4.453577e-07 _36855_
 1.692050e-07 2.746177e-07 3.546559e-12 4.438263e-07 _36418_
 1.273038e-07 3.113853e-07 2.069212e-12 4.386912e-07 _41982_
 1.289401e-07 3.082845e-07 4.364221e-12 4.372289e-07 _39546_
 2.104733e-07 2.184559e-07 7.020157e-13 4.289299e-07 _42531_
 1.103318e-07 3.094512e-07 4.357517e-12 4.197873e-07 _37867_
 1.409122e-07 2.788101e-07 1.929072e-12 4.197243e-07 _36842_
 2.768427e-07 1.417884e-07 1.907602e-12 4.186331e-07 _45110_
 9.150375e-08 3.220081e-07 4.353048e-12 4.135162e-07 _37842_
 1.232021e-07 2.796187e-07 9.703036e-13 4.028219e-07 _37802_
 7.891301e-08 3.216490e-07 6.067086e-12 4.005680e-07 _36941_
 1.844097e-07 2.155740e-07 7.761217e-12 3.999914e-07 _43279_
 2.746682e-07 1.250193e-07 1.907602e-12 3.996894e-07 _36856_
 1.229903e-07 2.745240e-07 5.634486e-12 3.975200e-07 _36617_
 1.158182e-07 2.810616e-07 5.960028e-12 3.968858e-07 _37503_
 1.685718e-07 2.256247e-07 3.546559e-12 3.942000e-07 _37828_
 1.670729e-07 2.239662e-07 3.546559e-12 3.910426e-07 _36860_
 1.271356e-07 2.560922e-07 2.069212e-12 3.832299e-07 _41315_
 1.639279e-07 2.179144e-07 5.905771e-12 3.818482e-07 _37506_
 2.511130e-07 1.306201e-07 1.664116e-12 3.817347e-07 _36413_
 7.183531e-08 3.093766e-07 6.023702e-12 3.812180e-07 _36979_
 2.814241e-07 9.941635e-08 5.683105e-12 3.808461e-07 _60383_
 1.269052e-07 2.519350e-07 2.069937e-12 3.788423e-07 _41834_
 7.421554e-08 3.034984e-07 5.727225e-12 3.777197e-07 _37093_
 1.269038e-07 2.499991e-07 2.069937e-12 3.769049e-07 _41905_
 1.270661e-07 2.493360e-07 2.068487e-12 3.764042e-07 _41509_
 2.635005e-07 1.094094e-07 4.820952e-12 3.729147e-07 _53306_
 2.627698e-07 1.031898e-07 4.830773e-12 3.659645e-07 _53250_
 8.358798e-08 2.817412e-07 6.067086e-12 3.653352e-07 _36959_
 1.271529e-07 2.370930e-07 2.067762e-12 3.642479e-07 _37936_
 2.513025e-07 1.110509e-07 1.664116e-12 3.623551e-07 _37823_
 6.106634e-08 2.971107e-07 5.747103e-12 3.581828e-07 _37057_
 1.987137e-07 1.590409e-07 1.830064e-12 3.577565e-07 _53272_
 1.273283e-07 2.275692e-07 2.064863e-12 3.548996e-07 _39492_
 1.280171e-07 2.244789e-07 4.357517e-12 3.525003e-07 _37831_
 1.270772e-07 2.241534e-07 2.067762e-12 3.512326e-07 _38359_
 1.269531e-07 2.209292e-07 2.068487e-12 3.478843e-07 _41770_
 1.270313e-07 2.188816e-07 2.067762e-12 3.459150e-07 _38437_
 1.271618e-07 2.177559e-07 2.067038e-12 3.449197e-07 _38208_
 1.272319e-07 2.165885e-07 2.067038e-12 3.438226e-07 _38008_
 1.272393e-07 2.165584e-07 2.066313e-12 3.437998e-07 _41636_
 1.271451e-07 2.156367e-07 2.067038e-12 3.427839e-07 _38281_
 8.649997e-08 2.545015e-07 6.122799e-12 3.410075e-07 _37271_
 1.274534e-07 2.134512e-07 2.065588e-12 3.409067e-07 _38113_
 1.268789e-07 2.123504e-07 2.068487e-12 3.392313e-07 _43117_
 1.172662e-07 2.202651e-07 2.064863e-12 3.375334e-07 _37832_
 1.219335e-07 2.119984e-07 2.067038e-12 3.339340e-07 _37844_
 1.273399e-07 2.053313e-07 2.065588e-12 3.326733e-07 _38143_
 1.218681e-07 2.098992e-07 2.065588e-12 3.317694e-07 _41565_
 1.078394e-07 2.238678e-07 6.104714e-12 3.317133e-07 _36649_
 1.268373e-07 2.042409e-07 2.067762e-12 3.310803e-07 _41741_
 1.216415e-07 2.077608e-07 2.069212e-12 3.294044e-07 _41690_
 1.171798e-07 2.094884e-07 2.064139e-12 3.266703e-07 _38056_
 1.843448e-07 1.423102e-07 1.793073e-12 3.266568e-07 _53325_
 1.167706e-07 2.089716e-07 2.067762e-12 3.257443e-07 _41470_
 1.220706e-07 1.994241e-07 2.064863e-12 3.214968e-07 _37878_
 7.149200e-08 2.479112e-07 6.067086e-12 3.194092e-07 _36933_
 1.118167e-07 2.056819e-07 2.064139e-12 3.175007e-07 _44915_
 5.607323e-08 2.602748e-07 6.408135e-12 3.163545e-07 _36928_
 1.167885e-07 1.933151e-07 2.065588e-12 3.101057e-07 _41479_
 9.132397e-08 2.187767e-07 4.353048e-12 3.101050e-07 _38358_
 9.619379e-08 2.091266e-07 1.003903e-11 3.053304e-07 _41601_
 1.992040e-07 1.054815e-07 5.914778e-12 3.046914e-07 _53270_
 7.695368e-08 2.167495e-07 6.067086e-12 2.937092e-07 _36946_
 1.673147e-07 1.248663e-07 4.766371e-12 2.921858e-07 _36861_
 1.031054e-07 1.854720e-07 2.036434e-12 2.885794e-07 _45363_
 1.464834e-07 1.392364e-07 7.768367e-12 2.857275e-07 _39664_
 1.031160e-07 1.820041e-07 2.036434e-12 2.851221e-07 _45397_
 4.344751e-08 2.406087e-07 6.408135e-12 2.840626e-07 _36915_
 1.284144e-07 1.526705e-07 4.297107e-12 2.810891e-07 _40959_
 1.215421e-07 1.567386e-07 2.437873e-12 2.782831e-07 _36786_
 1.403658e-07 1.367102e-07 1.929072e-12 2.770779e-07 _37814_
 5.457898e-08 2.217164e-07 5.746039e-12 2.763011e-07 _37037_
 1.089554e-07 1.663246e-07 2.031333e-12 2.752820e-07 _45329_
 1.029026e-07 1.705753e-07 2.036434e-12 2.734799e-07 _45389_
 1.029931e-07 1.700524e-07 2.036434e-12 2.730476e-07 _45415_
 2.086886e-07 6.423284e-08 1.920998e-12 2.729234e-07 _37360_
 9.285339e-08 1.796282e-07 6.032371e-12 2.724876e-07 _37149_
 1.028453e-07 1.676065e-07 2.036434e-12 2.704539e-07 _45372_
 1.028796e-07 1.674902e-07 2.036434e-12 2.703719e-07 _45433_
 1.029458e-07 1.673858e-07 2.036434e-12 2.703337e-07 _45338_
 1.029336e-07 1.661298e-07 2.036434e-12 2.690655e-07 _45406_
 6.542338e-08 2.034173e-07 5.738602e-12 2.688464e-07 _53083_
 1.029474e-07 1.657507e-07 2.036434e-12 2.687002e-07 _45346_
 2.031678e-07 6.468614e-08 5.683105e-12 2.678596e-07 _60382_
 1.028978e-07 1.636822e-07 2.036434e-12 2.665820e-07 _45442_
 1.029510e-07 1.622365e-07 2.036434e-12 2.651896e-07 _45355_
 1.088827e-07 1.562222e-07 2.031333e-12 2.651069e-07 _45320_
 1.028491e-07 1.616804e-07 2.036434e-12 2.645316e-07 _45424_
 1.028099e-07 1.597885e-07 2.036434e-12 2.626005e-07 _45380_
 2.016112e-07 5.969594e-08 5.683105e-12 2.613128e-07 _60384_
 1.162399e-07 1.444301e-07 1.613121e-12 2.606717e-07 _37318_
 2.099843e-07 5.051934e-08 2.102732e-12 2.605057e-07 _37590_
 9.223523e-08 1.657085e-07 6.050457e-12 2.579498e-07 _37248_
 1.724911e-07 8.508016e-08 4.832750e-12 2.575761e-07 _60348_
 1.831607e-07 7.203791e-08 5.912666e-12 2.552045e-07 _53323_
 1.380283e-07 1.163663e-07 5.887685e-12 2.544005e-07 _37403_
 1.723959e-07 7.972539e-08 4.832750e-12 2.521261e-07 _60343_
 1.080154e-07 1.415490e-07 4.354166e-12 2.495687e-07 _38280_
 1.695957e-07 7.882553e-08 1.888287e-12 2.484231e-07 _52898_
 9.944377e-08 1.483776e-07 5.960028e-12 2.478273e-07 _37381_
 6.987283e-08 1.745858e-07 2.887460e-12 2.444616e-07 _40835_
 1.711040e-07 7.322684e-08 4.832750e-12 2.443357e-07 _60353_
 1.080025e-07 1.350858e-07 4.354166e-12 2.430927e-07 _38207_
 7.194505e-08 1.709540e-07 4.365338e-12 2.429034e-07 _39534_
 9.385614e-08 1.489123e-07 2.025827e-12 2.427704e-07 _37457_
 9.100694e-08 1.515302e-07 1.971340e-12 2.425391e-07 _37479_
 9.390231e-08 1.477696e-07 1.970055e-12 2.416738e-07 _37501_
 8.526954e-08 1.529163e-07 3.546559e-12 2.381894e-07 _44666_
 7.105879e-08 1.665343e-07 9.703036e-13 2.375941e-07 _37805_
 7.829405e-08 1.573762e-07 5.996200e-12 2.356762e-07 _37138_
 1.405336e-07 9.379229e-08 1.927647e-12 2.343278e-07 _45106_
 7.872781e-08 1.548933e-07 1.927325e-12 2.336230e-07 _37404_
 9.914540e-08 1.336471e-07 5.851514e-12 2.327984e-07 _37546_
 9.212847e-08 1.399157e-07 5.978114e-12 2.320501e-07 _37215_
 7.138375e-08 1.596001e-07 1.913168e-12 2.309858e-07 _40913_
 3.820294e-08 1.918449e-07 6.030754e-12 2.300539e-07 _37043_
 3.379290e-08 1.953891e-07 6.408135e-12 2.291884e-07 _36920_
 1.175910e-07 1.102737e-07 6.104714e-12 2.278709e-07 _37171_
 6.723069e-08 1.603438e-07 3.965404e-12 2.275785e-07 _41424_
 9.073280e-08 1.364229e-07 1.971340e-12 2.271576e-07 _37490_
 1.404552e-07 8.645212e-08 1.927647e-12 2.269093e-07 _36852_
 4.901147e-08 1.749547e-07 6.370448e-12 2.239726e-07 _37678_
 8.520576e-08 1.376379e-07 5.996200e-12 2.228496e-07 _37193_
 6.542931e-08 1.572497e-07 2.907056e-12 2.226819e-07 _44233_
 7.151070e-08 1.500893e-07 4.365338e-12 2.216043e-07 _39526_
 7.068508e-08 1.505047e-07 1.924705e-12 2.211917e-07 _41004_
 6.361285e-08 1.570314e-07 3.965404e-12 2.206482e-07 _45012_
 9.801723e-08 1.198896e-07 5.851514e-12 2.179127e-07 _37414_
 6.310303e-08 1.504841e-07 3.703263e-12 2.135908e-07 _41526_
 9.245229e-08 1.189602e-07 4.313540e-12 2.114168e-07 _40869_
 9.754852e-08 1.136431e-07 5.996200e-12 2.111976e-07 _37370_
 1.391340e-07 7.176082e-08 1.927647e-12 2.108968e-07 _37820_
 1.333044e-07 7.756885e-08 2.367493e-12 2.108756e-07 _36593_
 9.619239e-08 1.144346e-07 1.968902e-12 2.106290e-07 _37468_
 2.847092e-08 1.807225e-07 6.646352e-12 2.092001e-07 _37664_
 6.888314e-08 1.398629e-07 1.890091e-12 2.087479e-07 _42754_
 6.059262e-08 1.476115e-07 3.678754e-12 2.082078e-07 _39590_
 1.201367e-07 8.765588e-08 2.364997e-12 2.077950e-07 _36616_
 1.050254e-07 1.022169e-07 1.484663e-12 2.072438e-07 _53073_
 1.395757e-07 6.699880e-08 1.862503e-12 2.065764e-07 _53063_
 6.900472e-08 1.365576e-07 1.890091e-12 2.055642e-07 _42886_
 7.257550e-08 1.321956e-07 2.906767e-12 2.047740e-07 _42809_
 9.130233e-08 1.132284e-07 6.050457e-12 2.045368e-07 _37237_
 4.840969e-08 1.560333e-07 6.351633e-12 2.044493e-07 _37565_
 1.219625e-07 8.116724e-08 4.291735e-12 2.031340e-07 _38876_
 9.711268e-08 1.016779e-07 5.996200e-12 1.987966e-07 _37458_
 3.075605e-08 1.679012e-07 6.621240e-12 1.986639e-07 _37660_
 5.226093e-08 1.454777e-07 3.737011e-12 1.977423e-07 _38436_
 7.007789e-08 1.275064e-07 5.960028e-12 1.975903e-07 _37160_
 9.699466e-08 1.002698e-07 6.086628e-12 1.972706e-07 _37259_
 1.267903e-07 7.031299e-08 1.830998e-12 1.971051e-07 _37819_
 4.106722e-08 1.560176e-07 3.710290e-12 1.970886e-07 _39584_
 7.937253e-08 1.171429e-07 1.814374e-12 1.965173e-07 _41735_
 8.435921e-08 1.095507e-07 6.032371e-12 1.939160e-07 _37491_
 4.134216e-08 1.517631e-07 3.721742e-12 1.931090e-07 _39559_
 1.382694e-07 5.311784e-08 6.261369e-12 1.913935e-07 _37769_
 7.760106e-08 1.136071e-07 6.122799e-12 1.912143e-07 _37204_
 1.071075e-07 8.317289e-08 6.384512e-12 1.902867e-07 _52939_
 6.169361e-08 1.282600e-07 1.926577e-12 1.899556e-07 _37426_
 7.096995e-08 1.169289e-07 4.354166e-12 1.879032e-07 _37834_
 1.222588e-07 6.532165e-08 2.432391e-12 1.875828e-07 _36813_
 1.340238e-07 5.331825e-08 1.935061e-12 1.873440e-07 _37803_
 3.683226e-08 1.498502e-07 6.408135e-12 1.866888e-07 _36907_
 1.177281e-07 6.780220e-08 2.459143e-12 1.855328e-07 _36794_
 6.888325e-08 1.143364e-07 1.721179e-12 1.832214e-07 _45232_
 4.635869e-08 1.365701e-07 1.862667e-12 1.829306e-07 _44154_
 1.255887e-07 5.696478e-08 1.830998e-12 1.825553e-07 _36409_
 1.215420e-07 6.037426e-08 2.406154e-12 1.819187e-07 _36808_
 7.009943e-08 1.114873e-07 1.854122e-12 1.815886e-07 _39798_
 6.663263e-08 1.135495e-07 3.965404e-12 1.801861e-07 _41436_
 4.698483e-08 1.331847e-07 3.939482e-13 1.801700e-07 _37507_
 8.932630e-08 9.066346e-08 1.166560e-12 1.799909e-07 _41465_
 4.146651e-08 1.381470e-07 3.719833e-12 1.796172e-07 _39544_
 5.198493e-08 1.274916e-07 2.907056e-12 1.794795e-07 _43905_
 6.117425e-08 1.172795e-07 1.927575e-12 1.784557e-07 _37437_
 6.109867e-08 1.173358e-07 1.926826e-12 1.784364e-07 _37382_
 1.242600e-07 5.408816e-08 1.830998e-12 1.783500e-07 _36851_
 6.149763e-08 1.166542e-07 1.926577e-12 1.781537e-07 _37459_
 9.561310e-08 8.223385e-08 5.996200e-12 1.778529e-07 _37425_
 7.151822e-08 1.046487e-07 1.926078e-12 1.761689e-07 _36400_
 6.188139e-08 1.139778e-07 1.925953e-12 1.758611e-07 _37260_
 8.374855e-08 9.138326e-08 2.008840e-12 1.751338e-07 _37413_
 9.564257e-08 7.892017e-08 5.851514e-12 1.745686e-07 _37436_
 5.267641e-08 1.216427e-07 2.943654e-12 1.743221e-07 _40577_
 1.165736e-07 5.666884e-08 2.434341e-12 1.732449e-07 _36806_
 8.073567e-08 9.236994e-08 2.021890e-12 1.731076e-07 _37446_
 7.607588e-08 9.621797e-08 1.763467e-12 1.722956e-07 _37181_
 6.083666e-08 1.114395e-07 1.928074e-12 1.722781e-07 _37366_
 6.225090e-08 1.096769e-07 1.925828e-12 1.719297e-07 _37172_
 7.184881e-08 1.000770e-07 1.763072e-12 1.719276e-07 _37159_
 4.414334e-08 1.276790e-07 6.030754e-12 1.718283e-07 _37051_
 8.291136e-08 8.850068e-08 5.960028e-12 1.714180e-07 _37447_
 1.163890e-07 5.375809e-08 2.413171e-12 1.701495e-07 _36800_
 7.503352e-08 9.507657e-08 2.011320e-12 1.701121e-07 _37391_
 9.484797e-08 7.503520e-08 5.779171e-12 1.698889e-07 _37365_
 1.079392e-07 6.194068e-08 2.455610e-12 1.698823e-07 _36802_
 5.561066e-08 1.141908e-07 1.926702e-12 1.698034e-07 _37216_
 6.134380e-08 1.078801e-07 1.926577e-12 1.692258e-07 _37371_
 8.472072e-08 8.382597e-08 2.215184e-12 1.685489e-07 _37514_
 6.861889e-08 9.951816e-08 1.763073e-12 1.681388e-07 _37203_
 1.162737e-07 5.155907e-08 2.374656e-12 1.678351e-07 _36792_
 8.897580e-08 7.881184e-08 6.050457e-12 1.677937e-07 _37226_
 5.423935e-08 1.125313e-07 1.912923e-12 1.667726e-07 _44530_
 1.158428e-07 5.051140e-08 2.459143e-12 1.663567e-07 _36784_
 2.380899e-08 1.422907e-07 6.562826e-12 1.661063e-07 _37720_
 2.520891e-08 1.408242e-07 6.467559e-12 1.660396e-07 _37332_
 1.075879e-07 5.772088e-08 2.459143e-12 1.653112e-07 _36798_
 5.565739e-08 1.090855e-07 1.926203e-12 1.647448e-07 _37249_
 7.312021e-08 9.107114e-08 2.006116e-12 1.641934e-07 _37369_
 7.419176e-08 8.978459e-08 2.012758e-12 1.639784e-07 _37435_
 7.520805e-08 8.813080e-08 1.763072e-12 1.633406e-07 _37269_
 6.122025e-08 1.010647e-07 1.737561e-12 1.622867e-07 _45162_
 7.132549e-08 9.088276e-08 1.763206e-12 1.622100e-07 _37225_
 5.606098e-08 1.054479e-07 1.926203e-12 1.615108e-07 _37227_
 6.518194e-08 9.589821e-08 3.965404e-12 1.610841e-07 _45029_
 5.551941e-08 1.055015e-07 1.926826e-12 1.610229e-07 _37448_
 6.089545e-08 1.000604e-07 1.927575e-12 1.609578e-07 _37415_
 7.411472e-08 8.626526e-08 2.012758e-12 1.603820e-07 _37380_
 6.111479e-08 9.926251e-08 1.737561e-12 1.603790e-07 _45188_
 6.112472e-08 9.918012e-08 1.737561e-12 1.603066e-07 _45223_
 4.094126e-08 1.190668e-07 4.030967e-13 1.600085e-07 _37275_
 1.061004e-07 5.386645e-08 2.367493e-12 1.599692e-07 _36589_
 5.586989e-08 1.029810e-07 1.926203e-12 1.588528e-07 _37238_
 6.113843e-08 9.770105e-08 1.737561e-12 1.588412e-07 _45196_
 7.156305e-08 8.572725e-08 1.763073e-12 1.572921e-07 _37247_
 5.351936e-08 1.036810e-07 1.889607e-12 1.572023e-07 _38606_
 7.310619e-08 8.278820e-08 4.316827e-12 1.558987e-07 _40490_
 5.547410e-08 1.003883e-07 1.926327e-12 1.558644e-07 _37150_
 6.108785e-08 9.451773e-08 1.737561e-12 1.556073e-07 _45205_
 8.669670e-08 6.859824e-08 2.367493e-12 1.552973e-07 _36587_
 8.742718e-08 6.745879e-08 4.361986e-12 1.548903e-07 _40127_
 4.483020e-08 1.097105e-07 1.332234e-12 1.545421e-07 _41416_
 7.150342e-08 8.285673e-08 1.763203e-12 1.543619e-07 _37236_
 2.843213e-08 1.253020e-07 6.696577e-12 1.537408e-07 _37668_
 6.100857e-08 9.238847e-08 1.737561e-12 1.533988e-07 _45171_
 7.224982e-08 8.111224e-08 2.028981e-12 1.533641e-07 _37282_
 2.692032e-08 1.263496e-07 6.389940e-12 1.532763e-07 _53075_
 6.103204e-08 9.164862e-08 1.737561e-12 1.526824e-07 _45179_
 6.098558e-08 9.165755e-08 1.737561e-12 1.526449e-07 _45214_
 6.524646e-08 8.714785e-08 1.924581e-12 1.523962e-07 _44635_
 1.065695e-07 4.559614e-08 2.455610e-12 1.521681e-07 _36804_
 1.056124e-07 4.601430e-08 2.382291e-12 1.516291e-07 _36609_
 6.829104e-08 8.300100e-08 1.763864e-12 1.512938e-07 _37214_
 1.049680e-07 4.609952e-08 2.386860e-12 1.510699e-07 _36796_
 7.319444e-08 7.751645e-08 2.220714e-12 1.507131e-07 _37550_
 6.914823e-08 8.151392e-08 6.068542e-12 1.506682e-07 _37480_
 4.939703e-08 1.010249e-07 1.926826e-12 1.504239e-07 _37161_
 7.355165e-08 7.606491e-08 2.007800e-12 1.496186e-07 _37424_
 6.098735e-08 8.837305e-08 1.737561e-12 1.493621e-07 _45146_
 4.799779e-08 1.005556e-07 1.890091e-12 1.485553e-07 _42227_
 6.410592e-08 8.440974e-08 3.965404e-12 1.485196e-07 _41420_
 4.833071e-08 1.000731e-07 1.606777e-12 1.484054e-07 _45130_
 6.331850e-08 8.475956e-08 2.290025e-12 1.480804e-07 _42916_
 5.023507e-08 9.749022e-08 1.925704e-12 1.477272e-07 _37205_
 2.841597e-08 1.189260e-07 6.696577e-12 1.473487e-07 _37672_
 7.019401e-08 7.707261e-08 4.360869e-12 1.472710e-07 _39529_
 7.141549e-08 7.578698e-08 1.763073e-12 1.472042e-07 _37258_
 6.508488e-08 8.192005e-08 1.763864e-12 1.470067e-07 _37192_
 7.131495e-08 7.503158e-08 1.926078e-12 1.463485e-07 _36843_
 7.362562e-08 7.263095e-08 4.312445e-12 1.462609e-07 _40638_
 2.612424e-08 1.200538e-07 6.621240e-12 1.461846e-07 _37652_
 5.552132e-08 9.060372e-08 1.926327e-12 1.461270e-07 _37492_
 5.236076e-08 9.223727e-08 1.501179e-12 1.445995e-07 _37137_
 4.118849e-08 1.029926e-07 6.658172e-12 1.441877e-07 _37335_
 6.387953e-08 8.000286e-08 2.290025e-12 1.438847e-07 _39394_
 6.431843e-08 7.951658e-08 3.965404e-12 1.438390e-07 _45045_
 5.011321e-08 9.296704e-08 1.926078e-12 1.430822e-07 _37470_
 9.572912e-08 4.696421e-08 2.394643e-12 1.426957e-07 _36603_
 6.609277e-08 7.650342e-08 3.965404e-12 1.426001e-07 _41440_
 4.992912e-08 9.265973e-08 1.926078e-12 1.425908e-07 _37481_
 6.502211e-08 7.723988e-08 1.763073e-12 1.422638e-07 _37148_
 6.969324e-08 7.144421e-08 1.913168e-12 1.411394e-07 _41003_
 6.746171e-08 7.327318e-08 2.014330e-12 1.407369e-07 _37402_
 6.089670e-08 7.960836e-08 9.667313e-13 1.405060e-07 _39647_
 4.894639e-08 9.054420e-08 1.923957e-12 1.394925e-07 _44030_
 4.991643e-08 8.939038e-08 1.926327e-12 1.393087e-07 _37393_
 4.320921e-08 9.585751e-08 1.890091e-12 1.390686e-07 _40297_
 4.452493e-08 9.410147e-08 1.538344e-12 1.386279e-07 _45121_
 7.454938e-08 6.365133e-08 6.140886e-12 1.382068e-07 _37182_
 6.732370e-08 7.084810e-08 1.763206e-12 1.381736e-07 _37170_
 9.579933e-08 4.236302e-08 2.388467e-12 1.381647e-07 _36611_
 7.192987e-08 6.577560e-08 1.250736e-12 1.377067e-07 _37412_
 9.569010e-08 4.201401e-08 2.312321e-12 1.377064e-07 _36782_
 6.067030e-08 7.698731e-08 1.737561e-12 1.376593e-07 _45138_
 9.091323e-08 4.658687e-08 2.352743e-12 1.375025e-07 _36601_
 4.289591e-08 9.450115e-08 1.889607e-12 1.373989e-07 _39144_
 9.008771e-08 4.712739e-08 2.001088e-12 1.372171e-07 _45310_
 8.584087e-08 4.951201e-08 2.394643e-12 1.353553e-07 _36605_
 4.248317e-08 9.206849e-08 3.546559e-12 1.345552e-07 _53072_
 4.117380e-08 9.333836e-08 1.472713e-13 1.345123e-07 _42764_
 4.304423e-08 9.135753e-08 3.704884e-12 1.344055e-07 _37897_
 4.052491e-08 9.375228e-08 3.678322e-12 1.342809e-07 _43204_
 8.574084e-08 4.793022e-08 2.394643e-12 1.336735e-07 _36607_
 4.977280e-08 8.250134e-08 1.926577e-12 1.322761e-07 _37194_
 4.036649e-08 9.187816e-08 1.866290e-12 1.322465e-07 _38935_
 5.129762e-08 8.056858e-08 1.722561e-12 1.318679e-07 _45241_
 4.248109e-08 8.902115e-08 3.546559e-12 1.315058e-07 _37317_
 3.987526e-08 9.142961e-08 4.945816e-13 1.313054e-07 _37682_
 5.645623e-08 7.440032e-08 1.004410e-11 1.308666e-07 _37972_
 8.999469e-08 3.981026e-08 2.367493e-12 1.298073e-07 _36597_
 8.779182e-08 4.199148e-08 4.832750e-12 1.297881e-07 _60347_
 3.293452e-08 9.596922e-08 3.703263e-12 1.289074e-07 _39689_
 6.771370e-08 6.017856e-08 6.032371e-12 1.278983e-07 _37392_
 6.808434e-08 5.938173e-08 1.890091e-12 1.274680e-07 _42885_
 7.204559e-08 5.533283e-08 4.316827e-12 1.273827e-07 _40647_
 6.780540e-08 5.950207e-08 6.068542e-12 1.273135e-07 _37469_
 8.715222e-08 3.940858e-08 4.832750e-12 1.265656e-07 _60352_
 5.704330e-08 6.856748e-08 2.908504e-12 1.256137e-07 _38947_
 8.714115e-08 3.785483e-08 4.832750e-12 1.250008e-07 _60342_
 5.357757e-08 7.072574e-08 1.889607e-12 1.243052e-07 _39227_
 3.044993e-08 9.316113e-08 3.678754e-12 1.236147e-07 _41626_
 4.516099e-08 7.827391e-08 4.213937e-13 1.234353e-07 _37593_
 3.416042e-08 8.889148e-08 4.213937e-13 1.230523e-07 _37547_
 4.409630e-08 7.838734e-08 1.926577e-12 1.224856e-07 _37139_
 3.033716e-08 9.175742e-08 6.489823e-12 1.221011e-07 _37732_
 3.482962e-08 8.719616e-08 3.888503e-13 1.220262e-07 _45443_
 7.005590e-08 5.179524e-08 1.792349e-12 1.218529e-07 _37816_
 3.210899e-08 8.944249e-08 6.304758e-12 1.215578e-07 _37572_
 2.920674e-08 9.199089e-08 2.885008e-12 1.212005e-07 _44071_
 3.179647e-08 8.909156e-08 6.587891e-12 1.208946e-07 _37347_
 3.418337e-08 8.649317e-08 4.213937e-13 1.206770e-07 _37270_
 3.421648e-08 8.606291e-08 6.394086e-12 1.202858e-07 _37314_
 4.867326e-08 7.105387e-08 1.911699e-12 1.197291e-07 _43858_
 4.905026e-08 7.060498e-08 1.911699e-12 1.196572e-07 _44245_
 4.844600e-08 7.085725e-08 1.831015e-12 1.193051e-07 _43413_
 4.554564e-08 7.369403e-08 2.908504e-12 1.192426e-07 _38946_
 4.844985e-08 7.026411e-08 1.788799e-12 1.187157e-07 _38107_
 3.251659e-08 8.614273e-08 6.493295e-12 1.186658e-07 _37570_
 4.899003e-08 6.841006e-08 1.911699e-12 1.174020e-07 _44484_
 4.641393e-08 7.086293e-08 1.887183e-12 1.172787e-07 _38731_
 4.238496e-08 7.471761e-08 3.546559e-12 1.171061e-07 _53064_
 4.495380e-08 7.210740e-08 1.925579e-12 1.170631e-07 _37183_
 4.639472e-08 6.989114e-08 1.887183e-12 1.162877e-07 _38559_
 6.885519e-08 4.724765e-08 4.360869e-12 1.161072e-07 _39833_
 2.403452e-08 9.198043e-08 3.752735e-12 1.160187e-07 _37891_
 4.697141e-08 6.895601e-08 1.887183e-12 1.159293e-07 _39187_
 4.324328e-08 7.242512e-08 3.731445e-12 1.156721e-07 _40688_
 4.695585e-08 6.848570e-08 1.887183e-12 1.154434e-07 _39188_
 7.546517e-08 3.987822e-08 2.480510e-12 1.153459e-07 _36788_
 2.653132e-08 8.868563e-08 6.773878e-12 1.152237e-07 _36902_
 2.771275e-08 8.732938e-08 1.110546e-13 1.150422e-07 _41527_
 3.086456e-08 8.391302e-08 5.494727e-13 1.147781e-07 _37502_
 4.568220e-08 6.884186e-08 1.862667e-12 1.145259e-07 _43609_
 4.640583e-08 6.802482e-08 1.887183e-12 1.144325e-07 _38730_
 4.097626e-08 7.302673e-08 1.889607e-12 1.140049e-07 _39224_
 4.818872e-08 6.578110e-08 1.887183e-12 1.139717e-07 _38307_
 7.972861e-08 3.409529e-08 2.367493e-12 1.138263e-07 _36595_
 3.585969e-08 7.787890e-08 2.887187e-12 1.137415e-07 _44441_
 4.863534e-08 6.506907e-08 1.911699e-12 1.137063e-07 _44029_
 4.490956e-08 6.871034e-08 1.864116e-12 1.136218e-07 _43685_
 8.176599e-08 3.165996e-08 4.766371e-12 1.134307e-07 _36893_
 4.897634e-08 6.441739e-08 1.911699e-12 1.133957e-07 _44375_
 2.366802e-08 8.968629e-08 6.562826e-12 1.133609e-07 _37752_
 4.742349e-08 6.591959e-08 1.888152e-12 1.133450e-07 _38384_
 4.865044e-08 6.459320e-08 1.911699e-12 1.132456e-07 _43701_
 4.695269e-08 6.551054e-08 1.887183e-12 1.124651e-07 _39077_
 3.776703e-08 7.452368e-08 1.405956e-12 1.122921e-07 _53346_
 3.511756e-08 7.702607e-08 1.887668e-12 1.121455e-07 _38652_
 3.721542e-08 7.488615e-08 1.109960e-12 1.121027e-07 _41453_
 4.472277e-08 6.732102e-08 1.897426e-13 1.120440e-07 _40931_
 7.879485e-08 3.308715e-08 2.361341e-12 1.118844e-07 _36599_
 5.154959e-08 6.025427e-08 4.359752e-12 1.118082e-07 _40049_
 7.712250e-08 3.415436e-08 2.430710e-12 1.112793e-07 _45152_
 4.867687e-08 6.249589e-08 1.887183e-12 1.111746e-07 _38855_
 3.727063e-08 7.335411e-08 1.109960e-12 1.106258e-07 _41449_
 2.385407e-08 8.640265e-08 6.562826e-12 1.102633e-07 _37740_
 4.056224e-08 6.857056e-08 1.251535e-12 1.091341e-07 _41547_
 4.637389e-08 6.273225e-08 1.887183e-12 1.091080e-07 _38400_
 3.691998e-08 7.194506e-08 1.119948e-12 1.088662e-07 _41412_
 4.109020e-08 6.776010e-08 1.887668e-12 1.088522e-07 _39135_
 5.468710e-08 5.362390e-08 4.287438e-12 1.083153e-07 _40566_
 2.936232e-08 7.885758e-08 2.885008e-12 1.082228e-07 _40463_
 4.108110e-08 6.700246e-08 1.886698e-12 1.080855e-07 _42344_
 4.328470e-08 6.458682e-08 1.911454e-12 1.078734e-07 _40414_
 5.621638e-08 5.038546e-08 1.254213e-12 1.066031e-07 _37445_
 3.766522e-08 6.892954e-08 1.378310e-12 1.065961e-07 _45016_
 3.509838e-08 7.145190e-08 1.887668e-12 1.065522e-07 _38324_
 3.741493e-08 6.880177e-08 1.924581e-12 1.062186e-07 _36844_
 4.300844e-08 6.319255e-08 1.911944e-12 1.062029e-07 _44175_
 4.329097e-08 6.289953e-08 1.911454e-12 1.061924e-07 _40247_
 3.029401e-08 7.559643e-08 1.885729e-12 1.058923e-07 _42744_
 4.020048e-08 6.561915e-08 1.863391e-12 1.058215e-07 _44082_
 3.743554e-08 6.807345e-08 1.924082e-12 1.055109e-07 _43951_
 4.309091e-08 6.230799e-08 1.911944e-12 1.054008e-07 _44311_
 3.868013e-08 6.653995e-08 2.933737e-12 1.052230e-07 _44475_
 3.793177e-08 6.714024e-08 1.236192e-12 1.050732e-07 _43225_
 5.121066e-08 5.342416e-08 3.407222e-12 1.046382e-07 _37362_
 3.638131e-08 6.785742e-08 2.909373e-12 1.042416e-07 _39178_
 5.162132e-08 5.246510e-08 4.361986e-12 1.040908e-07 _39523_
 3.934959e-08 6.466383e-08 4.335774e-13 1.040138e-07 _45357_
 6.105672e-08 4.263474e-08 1.247259e-12 1.036927e-07 _37587_
 6.479379e-08 3.836499e-08 1.914439e-12 1.031607e-07 _37815_
 3.413972e-08 6.851861e-08 4.358635e-12 1.026627e-07 _39970_
 3.729679e-08 6.533097e-08 1.911944e-12 1.026297e-07 _43626_
 5.258348e-08 4.986890e-08 3.440891e-12 1.024558e-07 _37592_
 3.709819e-08 6.486741e-08 1.106631e-12 1.019667e-07 _41457_
 4.324126e-08 5.840344e-08 1.924082e-12 1.016466e-07 _44432_
 4.107421e-08 6.043173e-08 1.887668e-12 1.015078e-07 _39013_
 6.952065e-08 3.166191e-08 2.367493e-12 1.011849e-07 _36591_
 3.737392e-08 6.344818e-08 1.911944e-12 1.008240e-07 _44020_
 4.293159e-08 5.782153e-08 1.886698e-12 1.007550e-07 _42084_
 4.328027e-08 5.736445e-08 1.911454e-12 1.006466e-07 _40576_
 4.163085e-08 5.880700e-08 1.888152e-12 1.004397e-07 _41795_
 4.109855e-08 5.903208e-08 1.886698e-12 1.001325e-07 _42507_
 3.642132e-08 6.370576e-08 2.909373e-12 1.001300e-07 _42766_
 4.106977e-08 5.886480e-08 1.887668e-12 9.993646e-08 _39134_
 4.304300e-08 5.677110e-08 1.911944e-12 9.981601e-08 _44431_
 3.512272e-08 6.467246e-08 1.560873e-13 9.979533e-08 _44485_
 2.959048e-08 6.968428e-08 2.956688e-12 9.927771e-08 _37896_
 3.755831e-08 6.144333e-08 1.911944e-12 9.900355e-08 _43923_
 4.125284e-08 5.715885e-08 1.816315e-13 9.841187e-08 _44359_
 2.140911e-08 7.691529e-08 6.538492e-12 9.833094e-08 _37748_
 4.455487e-08 5.366543e-08 9.920586e-13 9.822129e-08 _41584_
 4.086033e-08 5.732865e-08 1.889607e-12 9.819087e-08 _38859_
 2.362012e-08 7.403356e-08 8.103289e-14 9.765375e-08 _39591_
 2.745582e-08 7.008154e-08 6.646352e-12 9.754401e-08 _37636_
 5.347411e-08 4.392922e-08 1.912923e-12 9.740524e-08 _44634_
 4.030717e-08 5.700470e-08 1.861942e-12 9.731373e-08 _40153_
 4.282814e-08 5.425137e-08 1.887668e-12 9.708140e-08 _38783_
 3.738722e-08 5.927605e-08 1.924082e-12 9.666519e-08 _44319_
 3.714104e-08 5.908992e-08 1.912189e-12 9.623287e-08 _44107_
 3.137323e-08 6.465862e-08 1.149913e-12 9.603300e-08 _41469_
 4.268814e-08 5.324567e-08 1.889607e-12 9.593569e-08 _44564_
 5.587360e-08 4.000360e-08 1.250736e-12 9.587845e-08 _37379_
 4.934658e-08 4.651309e-08 2.518165e-12 9.586219e-08 _53089_
 3.243482e-08 6.288757e-08 1.910965e-12 9.532430e-08 _40916_
 6.330728e-08 3.194940e-08 1.914439e-12 9.525859e-08 _36405_
 3.904761e-08 5.591893e-08 1.864116e-12 9.496840e-08 _39859_
 6.885021e-08 2.611372e-08 1.947691e-12 9.496587e-08 _36850_
 2.751475e-08 6.739310e-08 1.975891e-12 9.490982e-08 _37389_
 4.105333e-08 5.382621e-08 1.886698e-12 9.488144e-08 _42506_
 4.842036e-08 4.603910e-08 6.191470e-12 9.446565e-08 _53109_
 3.161421e-08 6.267592e-08 2.909373e-12 9.429304e-08 _39491_
 2.584632e-08 6.835442e-08 9.898243e-14 9.420085e-08 _39011_
 5.560115e-08 3.853487e-08 1.191632e-12 9.413722e-08 _37180_
 3.677244e-08 5.725729e-08 1.924581e-12 9.403166e-08 _37808_
 5.972338e-08 3.420932e-08 2.026270e-12 9.393472e-08 _52938_
 4.511282e-08 4.835818e-08 2.908214e-12 9.347391e-08 _38875_
 3.753205e-08 5.590909e-08 1.899441e-12 9.344304e-08 _44183_
 3.714300e-08 5.626115e-08 1.912189e-12 9.340607e-08 _43943_
 3.770046e-08 5.556097e-08 1.886214e-12 9.326332e-08 _38930_
 4.097597e-08 5.221975e-08 1.886698e-12 9.319761e-08 _42177_
 2.525694e-08 6.781095e-08 6.596127e-12 9.307449e-08 _37640_
 6.936091e-08 2.360611e-08 1.937669e-12 9.296895e-08 _45102_
 4.011153e-08 5.273026e-08 1.382527e-12 9.284318e-08 _41464_
 3.120321e-08 6.145712e-08 4.335774e-13 9.266076e-08 _45242_
 6.269694e-08 2.991901e-08 2.001088e-12 9.261796e-08 _45327_
 3.761933e-08 5.449144e-08 1.911209e-12 9.211268e-08 _44022_
 5.539456e-08 3.618128e-08 1.250736e-12 9.157709e-08 _37364_
 3.175963e-08 5.854418e-08 2.933737e-12 9.030675e-08 _43210_
 3.130296e-08 5.899530e-08 2.908504e-12 9.030116e-08 _41191_
 2.237131e-08 6.773853e-08 6.588601e-12 9.011642e-08 _37582_
 3.267817e-08 5.732689e-08 1.382527e-12 9.000644e-08 _37174_
 3.778306e-08 5.122677e-08 1.923707e-12 8.901176e-08 _44185_
 3.775054e-08 5.125185e-08 1.899441e-12 8.900430e-08 _44555_
 5.538647e-08 3.352527e-08 1.250736e-12 8.891298e-08 _37390_
 5.523336e-08 3.365061e-08 1.240306e-12 8.888522e-08 _37467_
 3.129166e-08 5.758351e-08 1.999307e-12 8.887716e-08 _45028_
 6.267896e-08 2.602063e-08 6.633511e-12 8.870623e-08 _36849_
 3.763608e-08 5.105586e-08 1.911209e-12 8.869385e-08 _43855_
 5.412899e-08 3.448463e-08 4.313540e-12 8.861793e-08 _40567_
 3.741102e-08 5.107674e-08 1.899806e-12 8.848966e-08 _44585_
 3.174024e-08 5.663459e-08 1.103301e-12 8.837593e-08 _41461_
 3.726239e-08 5.109006e-08 1.911944e-12 8.835436e-08 _44318_
 3.695253e-08 5.137839e-08 1.887668e-12 8.833281e-08 _37838_
 3.156781e-08 5.667338e-08 6.304758e-12 8.824748e-08 _37567_
 3.753902e-08 5.068252e-08 1.898711e-12 8.822344e-08 _44317_
 3.703934e-08 5.116775e-08 1.899806e-12 8.820899e-08 _44106_
 3.219872e-08 5.586173e-08 1.910965e-12 8.806236e-08 _44520_
 3.510828e-08 5.288713e-08 1.861218e-12 8.799728e-08 _44297_
 3.174032e-08 5.619606e-08 1.129937e-12 8.793751e-08 _45033_
 3.188050e-08 5.568717e-08 2.933737e-12 8.757060e-08 _44295_
 3.547000e-08 5.196330e-08 1.886214e-12 8.743519e-08 _38886_
 3.760990e-08 4.978937e-08 1.911209e-12 8.740118e-08 _43606_
 3.791458e-08 4.939758e-08 1.911699e-12 8.731407e-08 _44002_
 3.720773e-08 5.000307e-08 1.911944e-12 8.721272e-08 _43780_
 3.792349e-08 4.926975e-08 1.911209e-12 8.719515e-08 _44557_
 5.537447e-08 3.142867e-08 1.250736e-12 8.680439e-08 _37423_
 3.763422e-08 4.910286e-08 1.911699e-12 8.673900e-08 _43471_
 2.867812e-08 5.801453e-08 1.743842e-13 8.669284e-08 _44108_
 5.537115e-08 3.108421e-08 1.250736e-12 8.645662e-08 _37434_
 3.718166e-08 4.878832e-08 1.911944e-12 8.597189e-08 _43202_
 5.046375e-08 3.534759e-08 1.191632e-12 8.581253e-08 _37246_
 3.268145e-08 5.312543e-08 1.382527e-12 8.580826e-08 _37179_
 3.516773e-08 5.062237e-08 1.862667e-12 8.579195e-08 _43749_
 3.723341e-08 4.845068e-08 1.911944e-12 8.568600e-08 _43760_
 5.515971e-08 3.041767e-08 1.191632e-12 8.557858e-08 _37268_
 3.805911e-08 4.747764e-08 1.923707e-12 8.553868e-08 _44556_
 3.503372e-08 5.040901e-08 1.887668e-12 8.544462e-08 _38878_
 2.556301e-08 5.965581e-08 6.706257e-12 8.522553e-08 _37337_
 3.706226e-08 4.814433e-08 1.899806e-12 8.520848e-08 _44430_
 3.759398e-08 4.751636e-08 1.887183e-12 8.511223e-08 _38285_
 2.648455e-08 5.848097e-08 2.885825e-12 8.496841e-08 _41532_
 3.724388e-08 4.763868e-08 1.911944e-12 8.488447e-08 _44177_
 3.781370e-08 4.684596e-08 1.911209e-12 8.466157e-08 _44372_
 3.791921e-08 4.673167e-08 1.923707e-12 8.465280e-08 _44534_
 3.162616e-08 5.294381e-08 1.900170e-12 8.457187e-08 _44253_
 3.581001e-08 4.875915e-08 1.886214e-12 8.457104e-08 _39236_
 3.689978e-08 4.765083e-08 1.887668e-12 8.455250e-08 _38626_
 3.624423e-08 4.826829e-08 1.816315e-13 8.451271e-08 _44540_
 2.870038e-08 5.574840e-08 2.885825e-12 8.445166e-08 _41682_
 3.779726e-08 4.650676e-08 1.911209e-12 8.430592e-08 _44477_
 3.735765e-08 4.689821e-08 1.886214e-12 8.425774e-08 _38555_
 3.443317e-08 4.978976e-08 1.863391e-12 8.422479e-08 _43537_
 5.399846e-08 3.016978e-08 4.286364e-12 8.417253e-08 _40637_
 3.691341e-08 4.721786e-08 1.887668e-12 8.413315e-08 _38055_
 3.501130e-08 4.909452e-08 1.887668e-12 8.410771e-08 _39021_
 3.730237e-08 4.669553e-08 1.887668e-12 8.399979e-08 _38212_
 3.558596e-08 4.831208e-08 1.886214e-12 8.389993e-08 _39180_
 5.015166e-08 3.366560e-08 1.191632e-12 8.381845e-08 _37235_
 4.068396e-08 4.310026e-08 1.889607e-12 8.378612e-08 _39364_
 3.886356e-08 4.482288e-08 4.335774e-13 8.368688e-08 _45384_
 3.478420e-08 4.882666e-08 1.861218e-12 8.361272e-08 _44228_
 3.746695e-08 4.607557e-08 1.886214e-12 8.354440e-08 _38999_
 3.556678e-08 4.792828e-08 1.890091e-12 8.349694e-08 _42480_
 3.499015e-08 4.846351e-08 1.887668e-12 8.345555e-08 _39020_
 3.736785e-08 4.607589e-08 1.886214e-12 8.344562e-08 _37877_
 3.013418e-08 5.323313e-08 1.885729e-12 8.336919e-08 _39334_
 3.443899e-08 4.892065e-08 1.863391e-12 8.336150e-08 _43925_
 3.492599e-08 4.840902e-08 1.862667e-12 8.333687e-08 _43178_
 3.215778e-08 5.106490e-08 1.910965e-12 8.322458e-08 _44100_
 3.638496e-08 4.680719e-08 3.665027e-13 8.319252e-08 _37511_
 3.893911e-08 4.425025e-08 4.335774e-13 8.318980e-08 _45410_
 3.545214e-08 4.764512e-08 1.886214e-12 8.309915e-08 _38723_
 3.738715e-08 4.566598e-08 1.911209e-12 8.305505e-08 _44424_
 3.138393e-08 5.162514e-08 2.002381e-12 8.301107e-08 _45011_
 3.489212e-08 4.786748e-08 1.888152e-12 8.276150e-08 _38808_
 3.759230e-08 4.490352e-08 1.911209e-12 8.249773e-08 _44184_
 3.872359e-08 4.359908e-08 4.335774e-13 8.232310e-08 _45419_
 3.537754e-08 4.691495e-08 1.887183e-12 8.229438e-08 _37870_
 3.544742e-08 4.681074e-08 1.886214e-12 8.226004e-08 _38556_
 3.691654e-08 4.526478e-08 1.887668e-12 8.218321e-08 _38720_
 3.715827e-08 4.499430e-08 1.887183e-12 8.215446e-08 _38399_
 3.732897e-08 4.469637e-08 1.887183e-12 8.202723e-08 _38007_
 5.045155e-08 3.155627e-08 1.191632e-12 8.200902e-08 _37257_
 3.080837e-08 5.101703e-08 6.922094e-12 8.183231e-08 _53111_
 3.685378e-08 4.479228e-08 1.887668e-12 8.164794e-08 _38233_
 3.579351e-08 4.578261e-08 1.886214e-12 8.157800e-08 _39127_
 3.872228e-08 4.260559e-08 4.335774e-13 8.132830e-08 _45333_
 3.508593e-08 4.618886e-08 1.887183e-12 8.127667e-08 _38448_
 3.446662e-08 4.679083e-08 1.863391e-12 8.125932e-08 _43235_
 3.365444e-08 4.756236e-08 1.472713e-13 8.121696e-08 _42788_
 3.544160e-08 4.573907e-08 1.886214e-12 8.118256e-08 _38885_
 3.899900e-08 4.213030e-08 4.030967e-13 8.112971e-08 _37178_
 3.351866e-08 4.755590e-08 6.430257e-12 8.108099e-08 _37133_
 5.038727e-08 3.063134e-08 1.191632e-12 8.101981e-08 _37158_
 3.495457e-08 4.599495e-08 1.887668e-12 8.095141e-08 _38480_
 3.501333e-08 4.589132e-08 1.887668e-12 8.090653e-08 _38721_
 5.146877e-08 2.943582e-08 9.491583e-13 8.090554e-08 _43262_
 3.557125e-08 4.525355e-08 1.886214e-12 8.082668e-08 _39235_
 4.572530e-08 3.501878e-08 1.240306e-12 8.074532e-08 _37478_
 5.050545e-08 3.003643e-08 1.254213e-12 8.054314e-08 _37456_
 4.288469e-08 3.737771e-08 1.867740e-12 8.026426e-08 _45334_
 2.395340e-08 5.629692e-08 1.871179e-12 8.025219e-08 _37488_
 3.216979e-08 4.783158e-08 1.910965e-12 8.000328e-08 _43941_
 3.555732e-08 4.424568e-08 1.886214e-12 7.980488e-08 _39237_
 1.948540e-08 6.026468e-08 6.914936e-14 7.975015e-08 _43205_
 3.485759e-08 4.488525e-08 1.888152e-12 7.974472e-08 _38644_
 3.436405e-08 4.529651e-08 1.897426e-13 7.966076e-08 _40752_
 2.615933e-08 5.327922e-08 1.899441e-12 7.944045e-08 _41598_
 2.909652e-08 5.020379e-08 1.975891e-12 7.930229e-08 _37406_
 3.875745e-08 4.046530e-08 4.335774e-13 7.922318e-08 _45367_
 3.878953e-08 4.032558e-08 4.335774e-13 7.911554e-08 _45317_
 3.556089e-08 4.344957e-08 1.886214e-12 7.901235e-08 _39074_
 3.875958e-08 4.014214e-08 4.335774e-13 7.890215e-08 _45391_
 2.356575e-08 5.523042e-08 9.294631e-14 7.879627e-08 _37898_
 2.731753e-08 5.140402e-08 1.975891e-12 7.872352e-08 _37384_
 2.591058e-08 5.278056e-08 1.888152e-12 7.869303e-08 _41874_
 5.018356e-08 2.829200e-08 1.240306e-12 7.847680e-08 _37500_
 5.005824e-08 2.814097e-08 1.191632e-12 7.820040e-08 _37224_
 5.242407e-08 2.556413e-08 2.005530e-12 7.799020e-08 _45507_
 3.862908e-08 3.902994e-08 4.335774e-13 7.765946e-08 _45324_
 5.239633e-08 2.514220e-08 2.001088e-12 7.754053e-08 _45422_
 3.860755e-08 3.892907e-08 4.335774e-13 7.753705e-08 _45437_
 2.028095e-08 5.719052e-08 3.723650e-12 7.747519e-08 _39548_
 3.861690e-08 3.842693e-08 4.335774e-13 7.704427e-08 _45340_
 2.839557e-08 4.836259e-08 1.572985e-13 7.675833e-08 _43778_
 2.341105e-08 5.329596e-08 1.410764e-13 7.670715e-08 _39649_
 2.025263e-08 5.633522e-08 3.678322e-12 7.659153e-08 _37998_
 4.894818e-08 2.763790e-08 2.487280e-12 7.658858e-08 _36585_
 2.272757e-08 5.384309e-08 3.704884e-12 7.657436e-08 _43304_
 3.151550e-08 4.490968e-08 2.942522e-12 7.642812e-08 _40648_
 3.223094e-08 4.398708e-08 1.923583e-12 7.621994e-08 _44255_
 3.670971e-08 3.946914e-08 1.116619e-12 7.617997e-08 _41444_
 4.276525e-08 3.314918e-08 1.867740e-12 7.591630e-08 _45385_
 5.239339e-08 2.315469e-08 2.001088e-12 7.555008e-08 _45353_
 5.225845e-08 2.323696e-08 2.001088e-12 7.549741e-08 _45440_
 2.675468e-08 4.870397e-08 1.910720e-12 7.546056e-08 _40569_
 2.710732e-08 4.832406e-08 1.255767e-12 7.543265e-08 _39611_
 2.672525e-08 4.868491e-08 1.899076e-12 7.541206e-08 _40710_
 4.537022e-08 3.000379e-08 1.250736e-12 7.537526e-08 _37401_
 2.935063e-08 4.601356e-08 1.248543e-13 7.536432e-08 _44535_
 4.506022e-08 3.028051e-08 1.191632e-12 7.534192e-08 _37213_
 5.242954e-08 2.283727e-08 2.001088e-12 7.526881e-08 _45413_
 2.558450e-08 4.968110e-08 1.382527e-12 7.526699e-08 _37240_
 5.225930e-08 2.297621e-08 2.001088e-12 7.523751e-08 _45336_
 2.677272e-08 4.846128e-08 1.910720e-12 7.523591e-08 _40711_
 3.868588e-08 3.650790e-08 4.335774e-13 7.519420e-08 _45350_
 4.286260e-08 3.207050e-08 1.867740e-12 7.493497e-08 _45402_
 5.198163e-08 2.288735e-08 2.001088e-12 7.487099e-08 _45370_
 5.219032e-08 2.247767e-08 2.001088e-12 7.466998e-08 _45344_
 4.526787e-08 2.902777e-08 1.240306e-12 7.429688e-08 _37489_
 2.892388e-08 4.523532e-08 1.382527e-12 7.416059e-08 _37267_
 2.635135e-08 4.780676e-08 1.911699e-12 7.416003e-08 _40640_
 5.203900e-08 2.200810e-08 2.001088e-12 7.404910e-08 _45387_
 3.852138e-08 3.546742e-08 4.335774e-13 7.398923e-08 _45428_
 4.048816e-08 3.340671e-08 1.889607e-12 7.389676e-08 _39363_
 2.431708e-08 4.943147e-08 1.936310e-12 7.375049e-08 _39589_
 2.393079e-08 4.981439e-08 1.888152e-12 7.374707e-08 _42186_
 2.649238e-08 4.710298e-08 1.898346e-12 7.359726e-08 _43276_
 2.393101e-08 4.951018e-08 1.248543e-13 7.344131e-08 _44080_
 2.280125e-08 5.057580e-08 6.721690e-12 7.338376e-08 _37648_
 5.190959e-08 2.127868e-08 2.001088e-12 7.319028e-08 _45378_
 5.198620e-08 2.116226e-08 2.001088e-12 7.315047e-08 _45395_
 3.177240e-08 4.134543e-08 2.909083e-12 7.312074e-08 _39073_
 3.213105e-08 4.095146e-08 1.910965e-12 7.308443e-08 _44254_
 2.467281e-08 4.840809e-08 1.885244e-12 7.308279e-08 _42640_
 3.228884e-08 4.079102e-08 1.910965e-12 7.308177e-08 _44521_
 4.281843e-08 3.022811e-08 1.867740e-12 7.304840e-08 _45342_
 5.202556e-08 2.095853e-08 2.001088e-12 7.298609e-08 _45404_
 3.850010e-08 3.438750e-08 4.335774e-13 7.288804e-08 _45401_
 5.200837e-08 2.061519e-08 2.001088e-12 7.262557e-08 _45361_
 4.266079e-08 2.984413e-08 1.867740e-12 7.250679e-08 _45393_
 2.947013e-08 4.298246e-08 1.860493e-12 7.245445e-08 _43839_
 1.995011e-08 5.247419e-08 9.294631e-14 7.242440e-08 _37957_
 2.889434e-08 4.351026e-08 1.248543e-13 7.240472e-08 _44309_
 2.614707e-08 4.621968e-08 1.887183e-12 7.236865e-08 _39646_
 2.444212e-08 4.790893e-08 1.231268e-13 7.235117e-08 _38478_
 3.185707e-08 4.040481e-08 1.885729e-12 7.226377e-08 _38540_
 3.861025e-08 3.363741e-08 4.335774e-13 7.224809e-08 _45374_
 3.239133e-08 3.981141e-08 1.923583e-12 7.220466e-08 _44519_
 3.189744e-08 4.025883e-08 1.885729e-12 7.215814e-08 _37843_
 2.444353e-08 4.769940e-08 1.231268e-13 7.214306e-08 _38809_
 5.177490e-08 2.023769e-08 2.001088e-12 7.201459e-08 _45431_
 2.538372e-08 4.657361e-08 1.843939e-12 7.195918e-08 _40550_
 3.228902e-08 3.939195e-08 1.910965e-12 7.168288e-08 _44563_
 3.628907e-08 3.523514e-08 1.119948e-12 7.152533e-08 _41432_
 3.185209e-08 3.944795e-08 1.885729e-12 7.130192e-08 _38641_
 3.207878e-08 3.908685e-08 1.910965e-12 7.116754e-08 _43683_
 3.135192e-08 3.973359e-08 1.887183e-12 7.108741e-08 _42326_
 3.610173e-08 3.497684e-08 1.106631e-12 7.107968e-08 _41428_
 3.027086e-08 4.073547e-08 6.581537e-12 7.101292e-08 _37352_
 2.387280e-08 4.713527e-08 1.167433e-13 7.100818e-08 _43264_
 3.144509e-08 3.947562e-08 1.888152e-12 7.092260e-08 _38477_
 2.887216e-08 4.204239e-08 1.382527e-12 7.091594e-08 _37262_
 2.990558e-08 4.097353e-08 1.885729e-12 7.088099e-08 _38154_
 4.266735e-08 2.819118e-08 1.867740e-12 7.086040e-08 _45429_
 3.070489e-08 4.005673e-08 6.493295e-12 7.076811e-08 _37557_
 2.384546e-08 4.692015e-08 1.871179e-12 7.076748e-08 _37466_
 4.504548e-08 2.563350e-08 1.191632e-12 7.068017e-08 _37202_
 4.478634e-08 2.584223e-08 1.191632e-12 7.062976e-08 _37169_
 2.592731e-08 4.468813e-08 1.888152e-12 7.061733e-08 _39939_
 2.382432e-08 4.668431e-08 1.382527e-12 7.051002e-08 _37218_
 2.992253e-08 4.055990e-08 1.885729e-12 7.048431e-08 _38957_
 3.175919e-08 3.858545e-08 1.886214e-12 7.034652e-08 _38705_
 2.567124e-08 4.450942e-08 9.898243e-14 7.018076e-08 _39234_
 2.891301e-08 4.121655e-08 1.347623e-12 7.013092e-08 _45064_
 4.277805e-08 2.734707e-08 1.867740e-12 7.012698e-08 _45438_
 4.051139e-08 2.958891e-08 1.198585e-12 7.010150e-08 _37357_
 2.671692e-08 4.320874e-08 1.910720e-12 6.992757e-08 _40014_
 2.549405e-08 4.440864e-08 1.382527e-12 6.990408e-08 _37152_
 2.991983e-08 3.987110e-08 1.885729e-12 6.979281e-08 _38956_
 2.548384e-08 4.425441e-08 1.382527e-12 6.973964e-08 _37251_
 2.385427e-08 4.585943e-08 1.382527e-12 6.971508e-08 _37212_
 3.075440e-08 3.875020e-08 6.211527e-12 6.951081e-08 _37555_
 3.146360e-08 3.803979e-08 1.888152e-12 6.950528e-08 _37935_
 2.408714e-08 4.529500e-08 1.887183e-12 6.938402e-08 _42577_
 2.569513e-08 4.362794e-08 1.382527e-12 6.932445e-08 _37234_
 2.605847e-08 4.326298e-08 1.912189e-12 6.932336e-08 _40256_
 2.381209e-08 4.550096e-08 1.871179e-12 6.931492e-08 _37472_
 3.518374e-08 3.410079e-08 6.445902e-12 6.929098e-08 _37589_
 1.994238e-08 4.931185e-08 9.294631e-14 6.925432e-08 _37952_
 3.201052e-08 3.711638e-08 1.885729e-12 6.912878e-08 _39063_
 2.550559e-08 4.357094e-08 1.382527e-12 6.907791e-08 _37245_
 3.200590e-08 3.671597e-08 1.898346e-12 6.872377e-08 _44381_
 2.660935e-08 4.203085e-08 1.885729e-12 6.864208e-08 _37953_
 2.966760e-08 3.896713e-08 1.860493e-12 6.863660e-08 _44361_
 3.131856e-08 3.699808e-08 1.887183e-12 6.831854e-08 _42161_
 4.279750e-08 2.532281e-08 1.867740e-12 6.812218e-08 _45420_
 3.017279e-08 3.775511e-08 1.885729e-12 6.792978e-08 _39306_
 4.020266e-08 2.769035e-08 1.191632e-12 6.789421e-08 _37147_
 2.929310e-08 3.851246e-08 1.861218e-12 6.780742e-08 _44004_
 3.069929e-08 3.698726e-08 6.493295e-12 6.769305e-08 _37577_
 2.052768e-08 4.708688e-08 2.018298e-13 6.761476e-08 _36401_
 2.889805e-08 3.863897e-08 1.862667e-12 6.753888e-08 _40396_
 1.866290e-08 4.883688e-08 6.587161e-12 6.750636e-08 _37728_
 2.469914e-08 4.277700e-08 1.885244e-12 6.747803e-08 _42697_
 3.557166e-08 3.185100e-08 2.006990e-12 6.742466e-08 _41435_
 2.677105e-08 4.064131e-08 1.923458e-12 6.741428e-08 _40343_
 2.884393e-08 3.855316e-08 1.862667e-12 6.739895e-08 _40231_
 3.006402e-08 3.730977e-08 1.885729e-12 6.737567e-08 _39226_
 2.394804e-08 4.334633e-08 9.294631e-14 6.729446e-08 _42789_
 2.019215e-08 4.702768e-08 8.691022e-14 6.721991e-08 _37955_
 3.227510e-08 3.480058e-08 6.629362e-12 6.708231e-08 _37355_
 2.624572e-08 4.071259e-08 6.445902e-12 6.696475e-08 _37575_
 2.956030e-08 3.735699e-08 1.887668e-12 6.691918e-08 _38219_
 4.971066e-08 1.719223e-08 6.577381e-12 6.690948e-08 _52943_
 2.990485e-08 3.696298e-08 1.885729e-12 6.686971e-08 _38801_
 2.921061e-08 3.763482e-08 1.863391e-12 6.684729e-08 _43524_
 2.464309e-08 4.220039e-08 2.908504e-12 6.684639e-08 _43116_
 1.938729e-08 4.743634e-08 1.110546e-13 6.682374e-08 _41586_
 4.267618e-08 2.407572e-08 1.867740e-12 6.675377e-08 _45351_
 4.249705e-08 2.420875e-08 1.867740e-12 6.670768e-08 _45368_
 3.194425e-08 3.471644e-08 2.947051e-12 6.666364e-08 _40712_
 3.017596e-08 3.646549e-08 6.562520e-12 6.664801e-08 _37330_
 2.376228e-08 4.279631e-08 1.871179e-12 6.656046e-08 _37494_
 4.262214e-08 2.381878e-08 1.867740e-12 6.644279e-08 _45376_
 3.150640e-08 3.492318e-08 1.126607e-12 6.643072e-08 _45057_
 4.499364e-08 2.138901e-08 4.832750e-12 6.638749e-08 _60351_
 3.016842e-08 3.606286e-08 1.885729e-12 6.623316e-08 _39305_
 2.907663e-08 3.715302e-08 1.864116e-12 6.623151e-08 _43167_
 2.253977e-08 4.366013e-08 5.586212e-13 6.620047e-08 _37548_
 2.950317e-08 3.650232e-08 1.860493e-12 6.600735e-08 _43460_
 2.443210e-08 4.151985e-08 1.170907e-13 6.595207e-08 _37929_
 2.642107e-08 3.933520e-08 2.567207e-13 6.575652e-08 _37315_
 2.460540e-08 4.108184e-08 1.047999e-13 6.568735e-08 _40551_
 4.270457e-08 2.293207e-08 1.869189e-12 6.563851e-08 _45318_
 4.256157e-08 2.290819e-08 1.867740e-12 6.547163e-08 _45359_
 3.368389e-08 3.178726e-08 4.030967e-13 6.547155e-08 _37266_
 2.985613e-08 3.539375e-08 1.885729e-12 6.525177e-08 _38642_
 2.622416e-08 3.896524e-08 6.540862e-12 6.519594e-08 _37585_
 2.668150e-08 3.843115e-08 1.899076e-12 6.511455e-08 _42639_
 1.947649e-08 4.561344e-08 7.891636e-13 6.509072e-08 _41452_
 2.454058e-08 4.050337e-08 1.885244e-12 6.504584e-08 _41948_
 4.264667e-08 2.196812e-08 1.867740e-12 6.461666e-08 _45411_
 2.478868e-08 3.975692e-08 2.931182e-12 6.454854e-08 _39596_
 2.453358e-08 3.987069e-08 1.885244e-12 6.440614e-08 _42273_
 2.575034e-08 3.860350e-08 1.382527e-12 6.435522e-08 _37229_
 3.218741e-08 3.201109e-08 1.163231e-12 6.419966e-08 _45065_
 2.462765e-08 3.957011e-08 1.885244e-12 6.419965e-08 _42641_
 3.075034e-08 3.334145e-08 6.489668e-12 6.409828e-08 _37345_
 2.654619e-08 3.754285e-08 1.911209e-12 6.409095e-08 _44382_
 4.009517e-08 2.393788e-08 1.191632e-12 6.403425e-08 _37191_
 3.576958e-08 2.823609e-08 2.003917e-12 6.400768e-08 _41419_
 4.485445e-08 1.913898e-08 4.832750e-12 6.399826e-08 _60346_
 2.654460e-08 3.728659e-08 1.910965e-12 6.383311e-08 _43263_
 2.763315e-08 3.611267e-08 1.866290e-12 6.374768e-08 _39060_
 3.116824e-08 3.248881e-08 1.123278e-12 6.365818e-08 _45049_
 2.272046e-08 4.081827e-08 6.538492e-12 6.354527e-08 _37724_
 3.056666e-08 3.293487e-08 6.445902e-12 6.350798e-08 _37560_
 2.378231e-08 3.960987e-08 1.975891e-12 6.339415e-08 _37428_
 2.268951e-08 4.044607e-08 6.416819e-12 6.314200e-08 _37716_
 2.731942e-08 3.573162e-08 1.412352e-13 6.305119e-08 _39222_
 2.368145e-08 3.925723e-08 1.975891e-12 6.294066e-08 _37373_
 2.372440e-08 3.885734e-08 1.871179e-12 6.258362e-08 _37483_
 3.533385e-08 2.721357e-08 2.006990e-12 6.254942e-08 _41423_
 4.468318e-08 1.773801e-08 4.832750e-12 6.242603e-08 _60341_
 2.393843e-08 3.830644e-08 1.887183e-12 6.224676e-08 _41585_
 2.611490e-08 3.587843e-08 1.899441e-12 6.199522e-08 _40774_
 3.155620e-08 3.043711e-08 1.133266e-12 6.199443e-08 _45061_
 2.621712e-08 3.577149e-08 1.911699e-12 6.199051e-08 _39648_
 2.148860e-08 3.986717e-08 3.546559e-12 6.135931e-08 _53066_
 2.900356e-08 3.233067e-08 1.975891e-12 6.133621e-08 _37411_
 3.179251e-08 2.948751e-08 2.909083e-12 6.128293e-08 _39010_
 2.583505e-08 3.536932e-08 1.572985e-13 6.120452e-08 _43535_
 2.370251e-08 3.710451e-08 1.047999e-13 6.080713e-08 _42681_
 2.824897e-08 3.252485e-08 1.491874e-13 6.077396e-08 _43949_
 3.663476e-08 2.403835e-08 4.285290e-12 6.067739e-08 _40815_
 2.388557e-08 3.669369e-08 1.871179e-12 6.058113e-08 _37461_
 2.624100e-08 3.417722e-08 1.887668e-12 6.042011e-08 _44019_
 2.617876e-08 3.421409e-08 1.899441e-12 6.039474e-08 _40877_
 4.221230e-08 1.804086e-08 1.869189e-12 6.025503e-08 _45325_
 3.662267e-08 2.358046e-08 4.285290e-12 6.020741e-08 _42821_
 2.619043e-08 3.395508e-08 1.887668e-12 6.014740e-08 _43361_
 2.453534e-08 3.554015e-08 1.885244e-12 6.007738e-08 _42567_
 3.101195e-08 2.903634e-08 1.123278e-12 6.004941e-08 _45053_
 2.711492e-08 3.289550e-08 1.940987e-12 6.001235e-08 _37586_
 2.617575e-08 3.380860e-08 1.911699e-12 5.998626e-08 _40333_
 2.365812e-08 3.607489e-08 1.871179e-12 5.973488e-08 _37499_
 2.643697e-08 3.329375e-08 1.898346e-12 5.973261e-08 _42505_
 2.425934e-08 3.544353e-08 1.861218e-12 5.970473e-08 _43911_
 2.468322e-08 3.495501e-08 6.514953e-12 5.964474e-08 _37327_
 2.374243e-08 3.584271e-08 1.862667e-12 5.958701e-08 _41915_
 2.987595e-08 2.963771e-08 6.581537e-12 5.952024e-08 _37350_
 2.460731e-08 3.456872e-08 1.885244e-12 5.917792e-08 _42499_
 2.123789e-08 3.790757e-08 6.588601e-12 5.915204e-08 _37580_
 2.687649e-08 3.219833e-08 1.910720e-12 5.907673e-08 _40878_
 3.314938e-08 2.590315e-08 4.358635e-12 5.905690e-08 _39898_
 2.430138e-08 3.474195e-08 1.885729e-12 5.904522e-08 _37956_
 2.724131e-08 3.173609e-08 6.677362e-12 5.898408e-08 _37359_
 2.439109e-08 3.457998e-08 1.886214e-12 5.897295e-08 _39085_
 2.034443e-08 3.857712e-08 8.691022e-14 5.892164e-08 _42813_
 2.665529e-08 3.219248e-08 1.910720e-12 5.884968e-08 _39587_
 2.629583e-08 3.251074e-08 1.911699e-12 5.880849e-08 _40775_
 2.652030e-08 3.227457e-08 1.885244e-12 5.879676e-08 _41859_
 2.361147e-08 3.509874e-08 1.975891e-12 5.871219e-08 _37378_
 2.214284e-08 3.656522e-08 2.885825e-12 5.871094e-08 _39745_
 2.419938e-08 3.443144e-08 1.861942e-12 5.863268e-08 _39551_
 2.392569e-08 3.468315e-08 1.382527e-12 5.861022e-08 _37207_
 2.433990e-08 3.425629e-08 1.887668e-12 5.859808e-08 _38370_
 3.561768e-08 2.296641e-08 2.017967e-12 5.858611e-08 _45212_
 2.633400e-08 3.220247e-08 2.841662e-13 5.853676e-08 _37279_
 3.828244e-08 2.012047e-08 2.100312e-12 5.840501e-08 _52942_
 3.565847e-08 2.271199e-08 2.017967e-12 5.837247e-08 _45203_
 2.600672e-08 3.233303e-08 1.887183e-12 5.834164e-08 _40332_
 2.631431e-08 3.192150e-08 1.899806e-12 5.823771e-08 _39133_
 3.578660e-08 2.239015e-08 2.017967e-12 5.817876e-08 _45144_
 2.530768e-08 3.285433e-08 1.382527e-12 5.816339e-08 _37157_
 2.657963e-08 3.157205e-08 1.910965e-12 5.815360e-08 _40421_
 2.233218e-08 3.578389e-08 2.885008e-12 5.811896e-08 _43371_
 2.606352e-08 3.201973e-08 1.911699e-12 5.808516e-08 _40229_
 3.076146e-08 2.724277e-08 4.030967e-13 5.800463e-08 _37244_
 2.195517e-08 3.602067e-08 1.382527e-12 5.797722e-08 _37146_
 3.078760e-08 2.718090e-08 4.030967e-13 5.796890e-08 _37255_
 2.642613e-08 3.152655e-08 1.911209e-12 5.795460e-08 _43837_
 2.659990e-08 3.130411e-08 1.923707e-12 5.790594e-08 _44383_
 2.657265e-08 3.132006e-08 1.885244e-12 5.789460e-08 _42247_
 2.682097e-08 3.107021e-08 1.910720e-12 5.789309e-08 _40412_
 2.684852e-08 3.102640e-08 1.910720e-12 5.787684e-08 _40768_
 2.649501e-08 3.137873e-08 1.911209e-12 5.787565e-08 _44247_
 2.403175e-08 3.370966e-08 1.887183e-12 5.774330e-08 _42704_
 2.592292e-08 3.179978e-08 1.900170e-12 5.772461e-08 _40420_
 3.181992e-08 2.582589e-08 5.311757e-13 5.764635e-08 _37487_
 3.183550e-08 2.580334e-08 1.885729e-12 5.764072e-08 _42871_
 2.767435e-08 2.991512e-08 1.170907e-13 5.758958e-08 _38322_
 2.629139e-08 3.128989e-08 1.899806e-12 5.758318e-08 _38807_
 2.583578e-08 3.174272e-08 1.888152e-12 5.758038e-08 _39619_
 2.643251e-08 3.114394e-08 1.898711e-12 5.757835e-08 _44533_
 2.621056e-08 3.135801e-08 1.887668e-12 5.757046e-08 _43670_
 2.658300e-08 3.095192e-08 1.886214e-12 5.753681e-08 _38363_
 2.646241e-08 3.104066e-08 1.911209e-12 5.750498e-08 _44098_
 1.852540e-08 3.894382e-08 8.589710e-13 5.747007e-08 _41415_
 2.649405e-08 3.096848e-08 1.898346e-12 5.746443e-08 _40575_
 2.608849e-08 3.130650e-08 1.887183e-12 5.739687e-08 _39838_
 2.364858e-08 3.368643e-08 1.382527e-12 5.733638e-08 _37201_
 2.442733e-08 3.285349e-08 6.538492e-12 5.728736e-08 _37766_
 2.396057e-08 3.328158e-08 1.286419e-13 5.724227e-08 _43272_
 3.579321e-08 2.143017e-08 1.942680e-12 5.722532e-08 _36846_
 2.665574e-08 3.056477e-08 1.898711e-12 5.722242e-08 _44524_
 3.178802e-08 2.543046e-08 1.885729e-12 5.722037e-08 _39143_
 3.311512e-08 2.406602e-08 1.956159e-12 5.718310e-08 _36402_
 2.639614e-08 3.073436e-08 1.898711e-12 5.713240e-08 _44483_
 2.658285e-08 3.053820e-08 1.910965e-12 5.712296e-08 _39857_
 3.190470e-08 2.515611e-08 1.910965e-12 5.706272e-08 _44541_
 2.602101e-08 3.100227e-08 1.912189e-12 5.702519e-08 _39585_
 2.605795e-08 3.093693e-08 1.887183e-12 5.699677e-08 _42419_
 3.033521e-08 2.657262e-08 1.126607e-12 5.690896e-08 _45020_
 1.954791e-08 3.734677e-08 1.110546e-13 5.689479e-08 _42705_
 2.662054e-08 3.015623e-08 1.899806e-12 5.677867e-08 _39246_
 2.607176e-08 3.068996e-08 1.887183e-12 5.676361e-08 _40138_
 2.370695e-08 3.305434e-08 1.862667e-12 5.676315e-08 _39846_
 2.637814e-08 3.034009e-08 1.923957e-12 5.672015e-08 _40776_
 2.363978e-08 3.303951e-08 1.382527e-12 5.668067e-08 _37196_
 2.599850e-08 3.066706e-08 1.887183e-12 5.666744e-08 _42262_
 2.616587e-08 3.039989e-08 1.899441e-12 5.656765e-08 _42851_
 2.188847e-08 3.464541e-08 1.231268e-13 5.653400e-08 _37858_
 2.406090e-08 3.245031e-08 1.887183e-12 5.651310e-08 _42569_
 2.603164e-08 3.043761e-08 1.887183e-12 5.647113e-08 _41478_
 2.666566e-08 2.972226e-08 1.923583e-12 5.638984e-08 _40422_
 2.951961e-08 2.675641e-08 1.860493e-12 5.627788e-08 _40834_
 2.621301e-08 3.005975e-08 1.887668e-12 5.627465e-08 _43152_
 2.399463e-08 3.226681e-08 1.887183e-12 5.626334e-08 _42422_
 2.618237e-08 3.005026e-08 1.911699e-12 5.623453e-08 _40492_
 2.643717e-08 2.979461e-08 1.886214e-12 5.623367e-08 _43854_
 2.630487e-08 2.992584e-08 1.885729e-12 5.623260e-08 _42022_
 2.438373e-08 3.179872e-08 1.886214e-12 5.618434e-08 _38949_
 2.433729e-08 3.181047e-08 1.859768e-12 5.614962e-08 _40546_
 2.918216e-08 2.695314e-08 2.909083e-12 5.613821e-08 _38799_
 2.359552e-08 3.250875e-08 2.010794e-12 5.610628e-08 _37450_
 2.459884e-08 3.147071e-08 1.885244e-12 5.607143e-08 _42342_
 2.651879e-08 2.951467e-08 1.886698e-12 5.603534e-08 _42176_
 3.200340e-08 2.399558e-08 5.586212e-13 5.599954e-08 _37388_
 2.196499e-08 3.392570e-08 1.382527e-12 5.589207e-08 _37185_
 2.646792e-08 2.939517e-08 1.886698e-12 5.586498e-08 _39569_
 2.207209e-08 3.376440e-08 1.860493e-12 5.583836e-08 _41793_
 2.378853e-08 3.203381e-08 1.864116e-12 5.582421e-08 _37857_
 2.462295e-08 3.112563e-08 1.886214e-12 5.575046e-08 _38611_
 2.384296e-08 3.186350e-08 1.863391e-12 5.570833e-08 _37868_
 2.653851e-08 2.915859e-08 1.885244e-12 5.569899e-08 _42476_
 2.524419e-08 3.029675e-08 1.382527e-12 5.554232e-08 _37256_
 3.571720e-08 1.976780e-08 1.942680e-12 5.548695e-08 _37810_
 3.067600e-08 2.479203e-08 4.030967e-13 5.546843e-08 _37156_
 2.430833e-08 3.112488e-08 1.885729e-12 5.543511e-08 _42023_
 2.634440e-08 2.908643e-08 1.885729e-12 5.543271e-08 _39545_
 3.326985e-08 2.213430e-08 1.956159e-12 5.540610e-08 _36845_
 2.729096e-08 2.808097e-08 6.514953e-12 5.537844e-08 _37340_
 2.428419e-08 3.108918e-08 1.170907e-13 5.537349e-08 _38650_
 2.656599e-08 2.876662e-08 1.897982e-12 5.533451e-08 _40498_
 2.635073e-08 2.897073e-08 1.886214e-12 5.532334e-08 _38798_
 3.499715e-08 2.029098e-08 1.188155e-12 5.528932e-08 _37658_
 4.524643e-08 1.003594e-08 1.210426e-12 5.528358e-08 _52896_
 3.039712e-08 2.488335e-08 4.030967e-13 5.528087e-08 _37211_
 2.642667e-08 2.884699e-08 1.886214e-12 5.527554e-08 _43186_
 2.614338e-08 2.912253e-08 1.887668e-12 5.526780e-08 _43177_
 2.664296e-08 2.862039e-08 1.910720e-12 5.526527e-08 _40171_
 2.988742e-08 2.537263e-08 1.885729e-12 5.526195e-08 _42765_
 2.656846e-08 2.868483e-08 1.898711e-12 5.525519e-08 _39019_
 2.599023e-08 2.924359e-08 1.887183e-12 5.523571e-08 _39535_
 2.592741e-08 2.926603e-08 3.588848e-12 5.519703e-08 _37276_
 2.633690e-08 2.885784e-08 1.885729e-12 5.519663e-08 _39698_
 2.027018e-08 3.491965e-08 1.382527e-12 5.519121e-08 _37168_
 2.657546e-08 2.861106e-08 1.910965e-12 5.518843e-08 _40250_
 2.821849e-08 2.695412e-08 6.696577e-12 5.517931e-08 _37644_
 2.409853e-08 3.104882e-08 1.859768e-12 5.514921e-08 _39924_
 2.410870e-08 3.097637e-08 1.861218e-12 5.508693e-08 _38218_
 2.228781e-08 3.278667e-08 1.861942e-12 5.507634e-08 _41928_
 2.652636e-08 2.848254e-08 1.886698e-12 5.501078e-08 _41508_
 2.596270e-08 2.900791e-08 1.887183e-12 5.497249e-08 _39981_
 2.607499e-08 2.887719e-08 1.887183e-12 5.495406e-08 _40489_
 3.565640e-08 1.929000e-08 1.205539e-12 5.494761e-08 _37730_
 3.222033e-08 2.271804e-08 1.910965e-12 5.494027e-08 _40932_
 2.641710e-08 2.851835e-08 1.886214e-12 5.493733e-08 _43522_
 2.657442e-08 2.833595e-08 1.910965e-12 5.491228e-08 _40091_
 2.396555e-08 3.092584e-08 1.886214e-12 5.489328e-08 _38292_
 2.631366e-08 2.856608e-08 1.885729e-12 5.488163e-08 _41635_
 2.191067e-08 3.293419e-08 1.382527e-12 5.484624e-08 _37141_
 2.665065e-08 2.817724e-08 1.911454e-12 5.482980e-08 _39994_
 3.180848e-08 2.300519e-08 5.311757e-13 5.481420e-08 _37476_
 2.629417e-08 2.849194e-08 1.886214e-12 5.478799e-08 _38147_
 3.539620e-08 1.936290e-08 2.017967e-12 5.476112e-08 _45194_
 2.674394e-08 2.800195e-08 1.911209e-12 5.474779e-08 _44151_
 2.636470e-08 2.819249e-08 1.885729e-12 5.455908e-08 _40090_
 2.635421e-08 2.818656e-08 1.887668e-12 5.454266e-08 _44174_
 2.610482e-08 2.841444e-08 1.888152e-12 5.452114e-08 _43777_
 2.610580e-08 2.836977e-08 1.899441e-12 5.447747e-08 _42703_
 2.363160e-08 3.080301e-08 1.871179e-12 5.443648e-08 _37477_
 2.431695e-08 3.006773e-08 1.885729e-12 5.438657e-08 _42352_
 2.193243e-08 3.233105e-08 1.975891e-12 5.426546e-08 _37417_
 2.437619e-08 2.988580e-08 1.886214e-12 5.426388e-08 _39084_
 2.400312e-08 3.025324e-08 1.860493e-12 5.425822e-08 _41487_
 2.080705e-08 3.336350e-08 1.899441e-12 5.417244e-08 _39661_
 2.621684e-08 2.794734e-08 1.900170e-12 5.416607e-08 _38955_
 2.648883e-08 2.766810e-08 1.886698e-12 5.415881e-08 _40246_
 2.604131e-08 2.810971e-08 1.887183e-12 5.415290e-08 _41774_
 3.527442e-08 1.887167e-08 2.017967e-12 5.414810e-08 _45169_
 2.456701e-08 2.957482e-08 1.886214e-12 5.414372e-08 _38526_
 2.591941e-08 2.820242e-08 1.900170e-12 5.412373e-08 _42350_
 2.609976e-08 2.802125e-08 1.888152e-12 5.412290e-08 _43242_
 1.940717e-08 3.469452e-08 1.110546e-13 5.410180e-08 _41594_
 2.372866e-08 3.029348e-08 1.862667e-12 5.402400e-08 _42069_
 2.584259e-08 2.816318e-08 1.888152e-12 5.400766e-08 _39803_
 3.515019e-08 1.879474e-08 1.163818e-12 5.394610e-08 _37642_
 2.410566e-08 2.982413e-08 1.859768e-12 5.393165e-08 _40317_
 2.638437e-08 2.754191e-08 1.887668e-12 5.392817e-08 _43516_
 2.449436e-08 2.942770e-08 1.885244e-12 5.392395e-08 _42102_
 2.586275e-08 2.803619e-08 1.888152e-12 5.390083e-08 _41740_
 3.284639e-08 2.092161e-08 1.956159e-12 5.376996e-08 _37809_
 2.930003e-08 2.446549e-08 1.860493e-12 5.376739e-08 _44440_
 2.649295e-08 2.724876e-08 1.885244e-12 5.374359e-08 _41689_
 2.356877e-08 3.013972e-08 1.864116e-12 5.371035e-08 _41556_
 2.429313e-08 2.940394e-08 1.885729e-12 5.369896e-08 _42351_
 2.420465e-08 2.943615e-08 1.861942e-12 5.364266e-08 _41491_
 2.399911e-08 2.963694e-08 1.887183e-12 5.363793e-08 _42263_
 2.654799e-08 2.708775e-08 1.167433e-13 5.363586e-08 _44422_
 2.281932e-08 3.076589e-08 1.923583e-12 5.358713e-08 _37134_
 2.413837e-08 2.937913e-08 1.859768e-12 5.351936e-08 _39620_
 3.052019e-08 2.294581e-08 4.030967e-13 5.346640e-08 _37233_
 2.660814e-08 2.684645e-08 1.886214e-12 5.345647e-08 _38441_
 2.383333e-08 2.959450e-08 1.888152e-12 5.342971e-08 _41628_
 2.102741e-08 3.235749e-08 1.910965e-12 5.338681e-08 _40704_
 3.513041e-08 1.824940e-08 2.017967e-12 5.338183e-08 _45186_
 2.355417e-08 2.975596e-08 2.010794e-12 5.331214e-08 _37455_
 2.602067e-08 2.727970e-08 1.912189e-12 5.330228e-08 _40093_
 3.045974e-08 2.278567e-08 4.030967e-13 5.324581e-08 _37200_
 2.355874e-08 2.965264e-08 1.864116e-12 5.321325e-08 _41627_
 2.463282e-08 2.857610e-08 1.885244e-12 5.321081e-08 _42812_
 2.499533e-08 2.816584e-08 2.909373e-12 5.316408e-08 _39124_
 2.023667e-08 3.287314e-08 1.975891e-12 5.311179e-08 _37395_
 2.612817e-08 2.697499e-08 1.911699e-12 5.310508e-08 _40073_
 2.217234e-08 3.091226e-08 1.861218e-12 5.308646e-08 _38304_
 2.382858e-08 2.920347e-08 1.888152e-12 5.303394e-08 _42025_
 2.386522e-08 2.913495e-08 1.863391e-12 5.300203e-08 _38369_
 2.077445e-08 3.216020e-08 1.887183e-12 5.293654e-08 _41583_
 1.936163e-08 3.356601e-08 1.110546e-13 5.292774e-08 _41582_
 2.113127e-08 3.171296e-08 1.890091e-12 5.284613e-08 _40626_
 2.023420e-08 3.260227e-08 1.975891e-12 5.283845e-08 _37400_
 2.399777e-08 2.883246e-08 1.887183e-12 5.283212e-08 _42576_
 3.602898e-08 1.651892e-08 2.004685e-12 5.254990e-08 _41439_
 2.754247e-08 2.491430e-08 5.586212e-13 5.245733e-08 _37410_
 2.430356e-08 2.813883e-08 1.885729e-12 5.244428e-08 _42180_
 2.977979e-08 2.264408e-08 1.885729e-12 5.242575e-08 _39223_
 2.930560e-08 2.310231e-08 5.677696e-13 5.240848e-08 _37454_
 2.406275e-08 2.831642e-08 1.887183e-12 5.238105e-08 _42420_
 2.451215e-08 2.774666e-08 1.886698e-12 5.226069e-08 _41488_
 1.924116e-08 3.298608e-08 8.589710e-13 5.222810e-08 _41443_
 2.125617e-08 3.078082e-08 1.910475e-12 5.203890e-08 _43864_
 2.224740e-08 2.977647e-08 1.863391e-12 5.202573e-08 _38624_
 2.335446e-08 2.860793e-08 1.560873e-13 5.196255e-08 _39657_
 3.521333e-08 1.668375e-08 2.017967e-12 5.189909e-08 _45160_
 2.408492e-08 2.779775e-08 1.863391e-12 5.188453e-08 _43672_
 3.020672e-08 2.158958e-08 4.030967e-13 5.179670e-08 _37189_
 2.176106e-08 3.001607e-08 1.862667e-12 5.177899e-08 _42159_
 3.017878e-08 2.154352e-08 4.030967e-13 5.172270e-08 _37145_
 1.984261e-08 3.179777e-08 1.837186e-12 5.164221e-08 _39547_
 2.401096e-08 2.762938e-08 1.861218e-12 5.164220e-08 _43595_
 2.194699e-08 2.967058e-08 1.863391e-12 5.161943e-08 _38460_
 3.522609e-08 1.636402e-08 2.017967e-12 5.159213e-08 _45177_
 2.032263e-08 3.120538e-08 2.010794e-12 5.153002e-08 _37439_
 3.075603e-08 2.075649e-08 1.133266e-12 5.151366e-08 _45041_
 1.914407e-08 3.226465e-08 7.891636e-13 5.140952e-08 _41448_
 2.945338e-08 2.193641e-08 5.311757e-13 5.139033e-08 _37498_
 2.400020e-08 2.737279e-08 1.863391e-12 5.137485e-08 _38371_
 2.435775e-08 2.698691e-08 1.194933e-13 5.134477e-08 _40879_
 2.325956e-08 2.799469e-08 1.410764e-13 5.125440e-08 _39645_
 2.355357e-08 2.766142e-08 1.382527e-12 5.121637e-08 _37223_
 2.399695e-08 2.717894e-08 1.887183e-12 5.117777e-08 _41781_
 2.354692e-08 2.761801e-08 1.864116e-12 5.116679e-08 _39690_
 1.694654e-08 3.418437e-08 8.938748e-13 5.113181e-08 _41431_
 1.780170e-08 3.331937e-08 7.193561e-13 5.112179e-08 _41460_
 2.734739e-08 2.375551e-08 1.866290e-12 5.110477e-08 _38605_
 1.753770e-08 3.352049e-08 1.033490e-12 5.105922e-08 _45060_
 2.511118e-08 2.568589e-08 1.160341e-12 5.079824e-08 _37278_
 2.693028e-08 2.380277e-08 1.286419e-13 5.073318e-08 _40918_
 2.190116e-08 2.878728e-08 1.863391e-12 5.069030e-08 _37894_
 2.010312e-08 3.055445e-08 1.103297e-12 5.065867e-08 _45023_
 2.373235e-08 2.685216e-08 1.167433e-13 5.058463e-08 _43260_
 2.017239e-08 3.030850e-08 8.691022e-14 5.048097e-08 _41558_
 2.533118e-08 2.512354e-08 4.030967e-13 5.045512e-08 _37167_
 1.545431e-08 3.493000e-08 2.636141e-13 5.038457e-08 _45136_
 2.188630e-08 2.846075e-08 1.975891e-12 5.034902e-08 _37422_
 2.157151e-08 2.877402e-08 1.864116e-12 5.034740e-08 _41522_
 3.508323e-08 1.508714e-08 2.018856e-12 5.017239e-08 _45230_
 2.174003e-08 2.840594e-08 1.862667e-12 5.014783e-08 _42005_
 2.424635e-08 2.586932e-08 1.885729e-12 5.011757e-08 _37964_
 1.780811e-08 3.225395e-08 1.194005e-12 5.006325e-08 _37830_
 2.124714e-08 2.880674e-08 3.546559e-12 5.005743e-08 _53100_
 1.985371e-08 3.015092e-08 9.294631e-14 5.000472e-08 _37965_
 2.650718e-08 2.347683e-08 1.286419e-13 4.998414e-08 _44522_
 1.871499e-08 3.108167e-08 1.867015e-12 4.979852e-08 _42555_
 3.064689e-08 1.886118e-08 1.143254e-12 4.950922e-08 _45037_
 2.368294e-08 2.573107e-08 1.975891e-12 4.941598e-08 _37433_
 3.515202e-08 1.423235e-08 2.017967e-12 4.938639e-08 _45280_
 2.206869e-08 2.728901e-08 6.621240e-12 4.936432e-08 _37632_
 2.623788e-08 2.311512e-08 4.233171e-12 4.935723e-08 _40383_
 1.856244e-08 3.070244e-08 8.240674e-13 4.926570e-08 _37313_
 1.903819e-08 3.020715e-08 1.884759e-12 4.924723e-08 _38566_
 2.432790e-08 2.483978e-08 6.683717e-12 4.917437e-08 _37342_
 3.497279e-08 1.409967e-08 2.017967e-12 4.907448e-08 _45221_
 3.581940e-08 1.315991e-08 4.287438e-12 4.898359e-08 _40868_
 2.644379e-08 2.240874e-08 1.898346e-12 4.885442e-08 _44650_
 1.830571e-08 3.050819e-08 6.611495e-12 4.882051e-08 _37756_
 3.526944e-08 1.349482e-08 1.942680e-12 4.876620e-08 _45099_
 2.802041e-08 2.066664e-08 4.030967e-13 4.868745e-08 _37222_
 3.485399e-08 1.380993e-08 2.017967e-12 4.866594e-08 _45286_
 1.980857e-08 2.884380e-08 7.311054e-14 4.865245e-08 _43826_
 2.647501e-08 2.203465e-08 1.923583e-12 4.851158e-08 _43271_
 2.263503e-08 2.570335e-08 3.444434e-12 4.834182e-08 _37508_
 3.010154e-08 1.815831e-08 1.167295e-12 4.826102e-08 _37674_
 1.922421e-08 2.901992e-08 1.840080e-12 4.824597e-08 _39691_
 2.108465e-08 2.703700e-08 1.884759e-12 4.812353e-08 _38248_
 2.119446e-08 2.684914e-08 1.898346e-12 4.804549e-08 _44637_
 2.169840e-08 2.627578e-08 1.047999e-13 4.797428e-08 _42481_
 2.022207e-08 2.773684e-08 1.382527e-12 4.796030e-08 _37163_
 2.597171e-08 2.197320e-08 6.721690e-12 4.795164e-08 _37676_
 3.030357e-08 1.764480e-08 1.139925e-12 4.794951e-08 _45024_
 2.710730e-08 2.071294e-08 5.311757e-13 4.782078e-08 _37465_
 2.171390e-08 2.608525e-08 1.452335e-12 4.780061e-08 _37356_
 1.565175e-08 3.201153e-08 1.138201e-12 4.766442e-08 _53345_
 2.606674e-08 2.141230e-08 1.911699e-12 4.748096e-08 _39644_
 1.524735e-08 3.222577e-08 1.033490e-12 4.747416e-08 _45015_
 2.985988e-08 1.751169e-08 1.174248e-12 4.737275e-08 _37670_
 2.110870e-08 2.615817e-08 1.885729e-12 4.726877e-08 _44421_
 2.187375e-08 2.534554e-08 1.382527e-12 4.722068e-08 _37190_
 2.032860e-08 2.687789e-08 2.010794e-12 4.720850e-08 _37444_
 2.260894e-08 2.457980e-08 9.294631e-14 4.718884e-08 _42746_
 2.983045e-08 1.728667e-08 1.177725e-12 4.711830e-08 _37634_
 2.164520e-08 2.544018e-08 1.008388e-13 4.708548e-08 _44159_
 2.696983e-08 2.001152e-08 5.586212e-13 4.698191e-08 _37377_
 1.969740e-08 2.725114e-08 1.839115e-12 4.695038e-08 _43671_
 2.256550e-08 2.435075e-08 9.294631e-14 4.691633e-08 _39125_
 1.909702e-08 2.780765e-08 1.885729e-12 4.690656e-08 _38692_
 4.336466e-08 3.508619e-09 6.473300e-12 4.687976e-08 _41043_
 1.861801e-08 2.804786e-08 1.975891e-12 4.666784e-08 _37363_
 2.611276e-08 2.055146e-08 1.923957e-12 4.666614e-08 _39656_
 2.985436e-08 1.623700e-08 1.174248e-12 4.609254e-08 _37662_
 2.254053e-08 2.353826e-08 9.294631e-14 4.607888e-08 _39335_
 2.652886e-08 1.954425e-08 5.586212e-13 4.607366e-08 _37399_
 2.140705e-08 2.448177e-08 1.923333e-12 4.589074e-08 _44652_
 2.163124e-08 2.424849e-08 1.008388e-13 4.587983e-08 _38860_
 2.666571e-08 1.919918e-08 1.898346e-12 4.586679e-08 _41020_
 2.976931e-08 1.599800e-08 1.174248e-12 4.576848e-08 _37666_
 1.501067e-08 3.069698e-08 1.208009e-12 4.570886e-08 _41468_
 3.084654e-08 1.480465e-08 2.002381e-12 4.565319e-08 _45044_
 3.025334e-08 1.539479e-08 2.018856e-12 4.565015e-08 _45239_
 2.591436e-08 1.962782e-08 1.924206e-12 4.554411e-08 _40342_
 2.168051e-08 2.382133e-08 1.005212e-13 4.550194e-08 _40816_
 2.192595e-08 2.352183e-08 2.025921e-13 4.544798e-08 _37453_
 2.380331e-08 2.163714e-08 1.887183e-12 4.544234e-08 _41581_
 2.447428e-08 2.094173e-08 1.885729e-12 4.541790e-08 _42392_
 1.842624e-08 2.689320e-08 7.542598e-13 4.532019e-08 _41456_
 2.457544e-08 2.071810e-08 5.586212e-13 4.529410e-08 _37421_
 2.200530e-08 2.325656e-08 6.465488e-12 4.526833e-08 _37744_
 2.632813e-08 1.887962e-08 1.910965e-12 4.520967e-08 _43259_
 1.906745e-08 2.609074e-08 1.197572e-12 4.515939e-08 _37919_
 2.693432e-08 1.821340e-08 5.586212e-13 4.514828e-08 _37432_
 2.463895e-08 2.036165e-08 1.743842e-13 4.500078e-08 _44130_
 1.452768e-08 3.042494e-08 1.835257e-12 4.495446e-08 _43991_
 2.378722e-08 2.110947e-08 1.887183e-12 4.489857e-08 _41593_
 2.385558e-08 2.101608e-08 9.294631e-14 4.487175e-08 _38604_
 2.113243e-08 2.363470e-08 1.885244e-12 4.476901e-08 _42341_
 2.099637e-08 2.356816e-08 1.887668e-12 4.456641e-08 _43824_
 2.119139e-08 2.336049e-08 1.884759e-12 4.455376e-08 _42683_
 2.113112e-08 2.335627e-08 1.897982e-12 4.448929e-08 _40824_
 2.163391e-08 2.280147e-08 1.233000e-12 4.443661e-08 _45226_
 2.084635e-08 2.354845e-08 1.885729e-12 4.439669e-08 _41838_
 1.833579e-08 2.595080e-08 1.008388e-13 4.428669e-08 _39061_
 1.857727e-08 2.555806e-08 8.240674e-13 4.413615e-08 _37131_
 2.139120e-08 2.269088e-08 1.923333e-12 4.408400e-08 _40915_
 2.528042e-08 1.879596e-08 1.191632e-12 4.407758e-08 _37510_
 1.912229e-08 2.472641e-08 1.884759e-12 4.385058e-08 _42743_
 1.708007e-08 2.668172e-08 2.154726e-13 4.376200e-08 _37420_
 2.501776e-08 1.872545e-08 1.842237e-12 4.374506e-08 _45237_
 2.092128e-08 2.273113e-08 1.898346e-12 4.365431e-08 _40980_
 2.632600e-08 1.725034e-08 1.885729e-12 4.357823e-08 _39177_
 2.130723e-08 2.225130e-08 1.910475e-12 4.356045e-08 _40958_
 2.107873e-08 2.237489e-08 1.886214e-12 4.345551e-08 _43741_
 2.092031e-08 2.252553e-08 1.898346e-12 4.344774e-08 _42811_
 2.619769e-08 1.718376e-08 2.567207e-13 4.338171e-08 _37136_
 2.118828e-08 2.206674e-08 1.898346e-12 4.325693e-08 _39366_
 2.120432e-08 2.204801e-08 1.910475e-12 4.325424e-08 _43703_
 2.364937e-08 1.958721e-08 1.888152e-12 4.323847e-08 _42272_
 2.582538e-08 1.732164e-08 1.912189e-12 4.314894e-08 _40013_
 2.360764e-08 1.949467e-08 8.691022e-14 4.310240e-08 _41946_
 2.072697e-08 2.233216e-08 6.540862e-12 4.306567e-08 _37562_
 1.879055e-08 2.423520e-08 1.885729e-12 4.302764e-08 _42852_
 1.890836e-08 2.393789e-08 1.859044e-12 4.284811e-08 _40754_
 2.112937e-08 2.167710e-08 1.910720e-12 4.280838e-08 _40151_
 1.501490e-08 2.778775e-08 7.891636e-13 4.280343e-08 _45150_
 2.092586e-08 2.174118e-08 1.910965e-12 4.266895e-08 _40315_
 2.108035e-08 2.158520e-08 1.899441e-12 4.266745e-08 _38884_
 2.410524e-08 1.847522e-08 9.294631e-14 4.258055e-08 _42225_
 2.187850e-08 2.050464e-08 6.696577e-12 4.238985e-08 _37656_
 1.813888e-08 2.418966e-08 2.909373e-12 4.233145e-08 _44797_
 1.847015e-08 2.385868e-08 1.862667e-12 4.233069e-08 _41917_
 1.876045e-08 2.353066e-08 1.885729e-12 4.229300e-08 _42497_
 2.000542e-08 2.224131e-08 8.691022e-14 4.224682e-08 _42271_
 2.111575e-08 2.108192e-08 1.887183e-12 4.219956e-08 _44244_
 2.105584e-08 2.107256e-08 1.923583e-12 4.213032e-08 _40826_
 2.362617e-08 1.843379e-08 1.888152e-12 4.206184e-08 _41947_
 2.099934e-08 2.100864e-08 1.910965e-12 4.200989e-08 _40825_
 1.552945e-08 2.629588e-08 8.895524e-14 4.182541e-08 _38231_
 1.865785e-08 2.315914e-08 1.975891e-12 4.181897e-08 _37545_
 2.385289e-08 1.795004e-08 1.086324e-13 4.180304e-08 _40341_
 2.823665e-08 1.353843e-08 2.663734e-12 4.177774e-08 _53112_
 2.102077e-08 2.070778e-08 1.886214e-12 4.173043e-08 _38462_
 1.578615e-08 2.593518e-08 2.885008e-12 4.172421e-08 _42393_
 2.120929e-08 2.051034e-08 1.897982e-12 4.172153e-08 _42780_
 2.083313e-08 2.086222e-08 1.885729e-12 4.169724e-08 _42404_
 2.124303e-08 2.045060e-08 1.899441e-12 4.169553e-08 _39233_
 2.431244e-08 1.728846e-08 1.885729e-12 4.160279e-08 _38771_
 1.915154e-08 2.233695e-08 1.884759e-12 4.149037e-08 _42820_
 1.875257e-08 2.272236e-08 1.885729e-12 4.147682e-08 _42633_
 2.304168e-08 1.836336e-08 1.170907e-13 4.140516e-08 _43624_
 2.105140e-08 2.032180e-08 1.884759e-12 4.137509e-08 _38168_
 2.100812e-08 2.035658e-08 1.887183e-12 4.136659e-08 _43700_
 2.104656e-08 2.031115e-08 1.884759e-12 4.135960e-08 _38112_
 2.111292e-08 2.020633e-08 1.885729e-12 4.132113e-08 _38519_
 2.123535e-08 2.003450e-08 1.898711e-12 4.127175e-08 _39308_
 1.878337e-08 2.246884e-08 1.885729e-12 4.125409e-08 _42853_
 2.115002e-08 2.002107e-08 1.897617e-12 4.117300e-08 _44028_
 1.908403e-08 2.207105e-08 1.884759e-12 4.115697e-08 _42745_
 2.111520e-08 2.002589e-08 1.886214e-12 4.114297e-08 _43664_
 2.110867e-08 2.001287e-08 1.885244e-12 4.112343e-08 _39975_
 2.109809e-08 1.992112e-08 1.885729e-12 4.102109e-08 _43818_
 2.065916e-08 2.032979e-08 1.885729e-12 4.099083e-08 _40216_
 2.120814e-08 1.969621e-08 1.898711e-12 4.090625e-08 _39337_
 2.082925e-08 2.003404e-08 1.885729e-12 4.086518e-08 _39903_
 2.092484e-08 1.981530e-08 1.886214e-12 4.074203e-08 _44308_
 1.450262e-08 2.622498e-08 1.836221e-12 4.072943e-08 _43825_
 2.075793e-08 1.994931e-08 1.888152e-12 4.070912e-08 _43458_
 2.135155e-08 1.924341e-08 1.910475e-12 4.059687e-08 _40917_
 2.118489e-08 1.938376e-08 1.910475e-12 4.057056e-08 _43200_
 2.106971e-08 1.949367e-08 1.886214e-12 4.056527e-08 _44371_
 2.099516e-08 1.950480e-08 1.887183e-12 4.050185e-08 _43313_
 1.849696e-08 2.196689e-08 1.864116e-12 4.046572e-08 _38153_
 1.903092e-08 2.142071e-08 1.885244e-12 4.045352e-08 _41845_
 1.876677e-08 2.168465e-08 1.859044e-12 4.045328e-08 _43473_
 1.869920e-08 2.174364e-08 1.861218e-12 4.044470e-08 _43762_
 1.867143e-08 2.171097e-08 1.887183e-12 4.038429e-08 _41916_
 1.899012e-08 2.115439e-08 1.884759e-12 4.014639e-08 _38402_
 2.107764e-08 1.897651e-08 1.885244e-12 4.005604e-08 _41474_
 1.848418e-08 2.155557e-08 1.862667e-12 4.004161e-08 _39983_
 1.457670e-08 2.543351e-08 2.977594e-12 4.001319e-08 _53070_
 2.079767e-08 1.912458e-08 1.885729e-12 3.992413e-08 _42496_
 2.109762e-08 1.877735e-08 1.887183e-12 3.987686e-08 _43587_
 1.545367e-08 2.433368e-08 9.985860e-13 3.978834e-08 _45032_
 2.011116e-08 1.963353e-08 6.587161e-12 3.975128e-08 _37764_
 2.187985e-08 1.767003e-08 6.465488e-12 3.955635e-08 _37736_
 2.460367e-08 1.488109e-08 1.191632e-12 3.948596e-08 _37638_
 1.872756e-08 2.071686e-08 1.862667e-12 3.944628e-08 _37869_
 3.717019e-08 2.115273e-09 6.513012e-12 3.929197e-08 _60381_
 1.898344e-08 2.025985e-08 1.884759e-12 3.924517e-08 _38000_
 1.853668e-08 2.064327e-08 1.860493e-12 3.918181e-08 _40474_
 1.958528e-08 1.951964e-08 2.546687e-13 3.910517e-08 _45236_
 1.878233e-08 2.025682e-08 1.859044e-12 3.904101e-08 _43305_
 1.894919e-08 2.001712e-08 1.886214e-12 3.896819e-08 _37855_
 1.883505e-08 2.001712e-08 1.862667e-12 3.885403e-08 _38449_
 2.405313e-08 1.478234e-08 2.581312e-12 3.883806e-08 _37628_
 1.883758e-08 1.993268e-08 1.861218e-12 3.877212e-08 _38612_
 1.909588e-08 1.962061e-08 1.884759e-12 3.871837e-08 _42787_
 1.874820e-08 1.982564e-08 1.859768e-12 3.857570e-08 _39911_
 1.854796e-08 1.997535e-08 1.860493e-12 3.852517e-08 _42146_
 1.854498e-08 1.993162e-08 1.860493e-12 3.847846e-08 _41994_
 1.864982e-08 1.977997e-08 1.863391e-12 3.843165e-08 _38525_
 2.466171e-08 1.367037e-08 1.184678e-12 3.833327e-08 _37650_
 1.427961e-08 2.381932e-08 1.834292e-12 3.810076e-08 _40139_
 1.871779e-08 1.930718e-08 1.861218e-12 3.802683e-08 _43169_
 1.671568e-08 2.108545e-08 1.862667e-12 3.780299e-08 _38166_
 1.678752e-08 2.068696e-08 1.861218e-12 3.747635e-08 _38852_
 1.130644e-08 2.603259e-08 5.478362e-14 3.733908e-08 _43168_
 1.515825e-08 2.217672e-08 8.938748e-13 3.733587e-08 _41411_
 1.878223e-08 1.846635e-08 1.859768e-12 3.725044e-08 _42071_
 1.722818e-08 1.992104e-08 1.860194e-13 3.714941e-08 _37464_
 1.325176e-08 2.386373e-08 9.636823e-13 3.711645e-08 _45056_
 1.579583e-08 2.128114e-08 1.910230e-12 3.707888e-08 _40543_
 1.345012e-08 2.352178e-08 2.885008e-12 3.697479e-08 _42617_
 1.575504e-08 2.114376e-08 2.885008e-12 3.690169e-08 _38772_
 1.677893e-08 2.009766e-08 1.859768e-12 3.687844e-08 _42324_
 1.825571e-08 1.855005e-08 2.909952e-12 3.680867e-08 _42140_
 2.195462e-08 1.476334e-08 5.677696e-13 3.671853e-08 _37443_
 1.724790e-08 1.919189e-08 7.311054e-14 3.643987e-08 _38527_
 2.139831e-08 1.497676e-08 1.167433e-13 3.637519e-08 _44226_
 1.687592e-08 1.944491e-08 1.862667e-12 3.632269e-08 _38703_
 1.651016e-08 1.978953e-08 1.860493e-12 3.630155e-08 _42245_
 1.565675e-08 2.055629e-08 2.885008e-12 3.621592e-08 _38065_
 1.487248e-08 2.124588e-08 1.138201e-12 3.611950e-08 _45036_
 1.445870e-08 2.145598e-08 1.838151e-12 3.591651e-08 _43748_
 1.418129e-08 2.142638e-08 1.835257e-12 3.560950e-08 _40061_
 2.018527e-08 1.534208e-08 1.212492e-12 3.552856e-08 _37742_
 1.445161e-08 2.097500e-08 1.836221e-12 3.542845e-08 _43910_
 1.332539e-08 2.209149e-08 2.885008e-12 3.541977e-08 _37903_
 1.941958e-08 1.595133e-08 1.844086e-12 3.537276e-08 _45228_
 1.813254e-08 1.713531e-08 2.102146e-13 3.526806e-08 _37409_
 1.763959e-08 1.759812e-08 1.996986e-13 3.523792e-08 _37387_
 1.898085e-08 1.607781e-08 9.241031e-14 3.505875e-08 _40702_
 1.068317e-08 2.424641e-08 1.469387e-13 3.492972e-08 _53090_
 1.559869e-08 1.927448e-08 1.885729e-12 3.487505e-08 _43261_
 1.121952e-08 2.346802e-08 1.203221e-12 3.468875e-08 _53288_
 1.910483e-08 1.555709e-08 1.923832e-12 3.466385e-08 _53386_
 1.662821e-08 1.801484e-08 1.891826e-13 3.464324e-08 _37398_
 2.113350e-08 1.348959e-08 1.923333e-12 3.462501e-08 _43950_
 1.507646e-08 1.943002e-08 2.546687e-13 3.450674e-08 _45227_
 2.375101e-08 1.074327e-08 4.832750e-12 3.449912e-08 _60375_
 1.590288e-08 1.851750e-08 2.909952e-12 3.442328e-08 _42313_
 1.413470e-08 2.023736e-08 1.838151e-12 3.437390e-08 _39982_
 1.549483e-08 1.883622e-08 1.884759e-12 3.433293e-08 _42007_
 1.433685e-08 1.998968e-08 1.842974e-12 3.432838e-08 _44358_
 1.940895e-08 1.489374e-08 1.845088e-12 3.430453e-08 _45134_
 1.501721e-08 1.920714e-08 2.636141e-13 3.422462e-08 _45218_
 1.557626e-08 1.858530e-08 1.898346e-12 3.416346e-08 _37969_
 1.434712e-08 1.975601e-08 1.842974e-12 3.410497e-08 _44158_
 2.371968e-08 1.027638e-08 4.832750e-12 3.400089e-08 _60374_
 1.342216e-08 2.056533e-08 2.885008e-12 3.399037e-08 _38997_
 1.968944e-08 1.426824e-08 1.184678e-12 3.395887e-08 _37630_
 1.723230e-08 1.669808e-08 1.944406e-13 3.393057e-08 _37431_
 2.302021e-08 1.088942e-08 1.410764e-13 3.390977e-08 _39658_
 1.636397e-08 1.753610e-08 2.259886e-13 3.390029e-08 _37367_
 1.436974e-08 1.946843e-08 1.838151e-12 3.384001e-08 _43179_
 1.554737e-08 1.821454e-08 1.897617e-12 3.376380e-08 _40646_
 1.721275e-08 1.647953e-08 6.914936e-14 3.369234e-08 _43992_
 1.576164e-08 1.792180e-08 1.910230e-12 3.368535e-08 _40765_
 1.938160e-08 1.424532e-08 1.845088e-12 3.362877e-08 _45175_
 1.499833e-08 1.849270e-08 2.636141e-13 3.349130e-08 _45209_
 1.930695e-08 1.405910e-08 1.845088e-12 3.336789e-08 _45167_
 2.104922e-08 1.223452e-08 1.910475e-12 3.328566e-08 _43625_
 2.353139e-08 9.664070e-09 1.167433e-13 3.319558e-08 _43273_
 2.173885e-08 1.141445e-08 1.205997e-12 3.315450e-08 _45323_
 1.578394e-08 1.729273e-08 1.910230e-12 3.307858e-08 _40818_
 1.706880e-08 1.597430e-08 1.810206e-13 3.304328e-08 _37497_
 1.955435e-08 1.348068e-08 5.586212e-13 3.303558e-08 _37368_
 1.098790e-08 2.182731e-08 6.190271e-14 3.281527e-08 _45151_
 1.693161e-08 1.582781e-08 1.760220e-13 3.275960e-08 _37486_
 1.498950e-08 1.769519e-08 2.636141e-13 3.268496e-08 _45173_
 1.509881e-08 1.756426e-08 7.542598e-13 3.266383e-08 _41427_
 1.372638e-08 1.892538e-08 7.311054e-14 3.265183e-08 _38781_
 1.897448e-08 1.353088e-08 2.186255e-13 3.250558e-08 _37442_
 1.775809e-08 1.445036e-08 6.611495e-12 3.221507e-08 _37760_
 2.346150e-08 8.701351e-09 4.832750e-12 3.216768e-08 _60376_
 1.816001e-08 1.396114e-08 2.909662e-12 3.212406e-08 _40411_
 1.482141e-08 1.727481e-08 1.239902e-13 3.209634e-08 _37243_
 1.358623e-08 1.829348e-08 1.884274e-12 3.188160e-08 _42694_
 2.177256e-08 1.008982e-08 2.572075e-12 3.186495e-08 _53387_
 1.611483e-08 1.574706e-08 1.126255e-13 3.186201e-08 _37177_
 1.663515e-08 1.521678e-08 1.230175e-12 3.185316e-08 _45165_
 1.927025e-08 1.253372e-08 1.845088e-12 3.180581e-08 _45184_
 1.993913e-08 1.178521e-08 1.184678e-12 3.172552e-08 _37718_
 1.493597e-08 1.678307e-08 2.636141e-13 3.171931e-08 _45183_
 1.998103e-08 1.173279e-08 1.212492e-12 3.171503e-08 _37734_
 1.962925e-08 1.208297e-08 1.156865e-12 3.171338e-08 _37646_
 1.932654e-08 1.228625e-08 1.845088e-12 3.161464e-08 _45210_
 1.936595e-08 1.210724e-08 1.845088e-12 3.147503e-08 _45142_
 1.991719e-08 1.148457e-08 1.184678e-12 3.140294e-08 _37750_
 1.719129e-08 1.408794e-08 1.944406e-13 3.127942e-08 _37376_
 1.884832e-08 1.236744e-08 1.884759e-12 3.121765e-08 _38323_
 1.344845e-08 1.769395e-08 1.858319e-12 3.114426e-08 _40303_
 1.990408e-08 1.122270e-08 1.191632e-12 3.112797e-08 _37722_
 1.928274e-08 1.178876e-08 1.845088e-12 3.107334e-08 _45192_
 1.959392e-08 1.141201e-08 1.160341e-12 3.100709e-08 _37654_
 1.375878e-08 1.720582e-08 1.920506e-13 3.096479e-08 _45125_
 1.884350e-08 1.197097e-08 1.884759e-12 3.081636e-08 _38651_
 1.688234e-08 1.392190e-08 1.760220e-13 3.080442e-08 _37475_
 1.905375e-08 1.171632e-08 1.110546e-13 3.077018e-08 _41595_
 1.550445e-08 1.519563e-08 1.886214e-12 3.070197e-08 _44097_
 1.491732e-08 1.577555e-08 1.164137e-13 3.069298e-08 _37232_
 1.991357e-08 1.046864e-08 1.226399e-12 3.038344e-08 _37713_
 1.929570e-08 1.108320e-08 1.845088e-12 3.038074e-08 _45158_
 1.663796e-08 1.371172e-08 1.230175e-12 3.035092e-08 _45266_
 1.927652e-08 1.099072e-08 1.845088e-12 3.026908e-08 _45219_
 1.715361e-08 1.300334e-08 6.914936e-14 3.015701e-08 _38693_
 1.572897e-08 1.438689e-08 1.897617e-12 3.011776e-08 _42888_
 1.178204e-08 1.828034e-08 9.287785e-13 3.006331e-08 _45052_
 1.362633e-08 1.640194e-08 1.884274e-12 3.003015e-08 _42860_
 1.983962e-08 1.013806e-08 1.184678e-12 2.997886e-08 _37738_
 1.140360e-08 1.853095e-08 9.636823e-13 2.993551e-08 _45019_
 1.891894e-08 1.100583e-08 9.241031e-14 2.992486e-08 _40472_
 1.923229e-08 1.064672e-08 1.845088e-12 2.988085e-08 _45201_
 1.493976e-08 1.486532e-08 2.636141e-13 2.980534e-08 _45140_
 1.573578e-08 1.405299e-08 1.897617e-12 2.979066e-08 _41006_
 1.932939e-08 1.045780e-08 1.136005e-12 2.978833e-08 _37132_
 1.894269e-08 1.084225e-08 9.241031e-14 2.978503e-08 _40926_
 1.490640e-08 1.481968e-08 2.636141e-13 2.972634e-08 _45166_
 1.490727e-08 1.460160e-08 2.636141e-13 2.950914e-08 _45200_
 1.657775e-08 1.292867e-08 1.230175e-12 2.950765e-08 _45256_
 1.863857e-08 1.078289e-08 1.945185e-12 2.942341e-08 _53092_
 1.568333e-08 1.367607e-08 1.884274e-12 2.936129e-08 _42630_
 1.566050e-08 1.363266e-08 1.897982e-12 2.929505e-08 _42950_
 1.324819e-08 1.603946e-08 1.033490e-12 2.928869e-08 _45040_
 1.489434e-08 1.437397e-08 2.636141e-13 2.926858e-08 _45190_
 1.865532e-08 1.060039e-08 1.103448e-13 2.925582e-08 _40500_
 1.855484e-08 1.046818e-08 1.005212e-13 2.902312e-08 _39922_
 1.649263e-08 1.248079e-08 1.230175e-12 2.897465e-08 _45271_
 1.568821e-08 1.322739e-08 1.884274e-12 2.891749e-08 _42693_
 1.573063e-08 1.310512e-08 1.897253e-12 2.883765e-08 _40914_
 1.632203e-08 1.241687e-08 1.469387e-13 2.873904e-08 _37319_
 1.858152e-08 9.958024e-09 1.005212e-13 2.853964e-08 _40169_
 1.560394e-08 1.282721e-08 1.885244e-12 2.843303e-08 _41909_
 1.643681e-08 1.183166e-08 1.230175e-12 2.826970e-08 _45133_
 1.891052e-08 9.235596e-09 1.005212e-13 2.814622e-08 _40619_
 1.490271e-08 1.318989e-08 6.122702e-14 2.809266e-08 _40384_
 1.566342e-08 1.235620e-08 1.884274e-12 2.802150e-08 _42619_
 1.562239e-08 1.239518e-08 1.885244e-12 2.801945e-08 _42566_
 1.650996e-08 1.148861e-08 1.230175e-12 2.799981e-08 _45217_
 1.543541e-08 1.250676e-08 1.884759e-12 2.794406e-08 _39844_
 1.278225e-08 1.513986e-08 6.971131e-12 2.792909e-08 _52935_
 1.556791e-08 1.234017e-08 1.885244e-12 2.790996e-08 _39530_
 1.569505e-08 1.208670e-08 1.897982e-12 2.778365e-08 _40950_
 1.568871e-08 1.198800e-08 1.884759e-12 2.767859e-08 _40210_
 1.343837e-08 1.408001e-08 1.858319e-12 2.752024e-08 _40690_
 1.950457e-08 7.967480e-09 9.294631e-14 2.747214e-08 _37966_
 1.871102e-08 8.726049e-09 9.294631e-14 2.743717e-08 _40295_
 1.485564e-08 1.257269e-08 2.636141e-13 2.742859e-08 _45156_
 7.931614e-09 1.948195e-08 3.703187e-13 2.741393e-08 _53287_
 1.563260e-08 1.163464e-08 1.884274e-12 2.726913e-08 _41986_
 1.569304e-08 1.155397e-08 1.898346e-12 2.724891e-08 _42903_
 1.164795e-08 1.555618e-08 9.287785e-13 2.720507e-08 _45048_
 1.545594e-08 1.169908e-08 1.884759e-12 2.715691e-08 _40168_
 1.485938e-08 1.223851e-08 5.726595e-14 2.709795e-08 _40218_
 1.552115e-08 1.154971e-08 1.886214e-12 2.707274e-08 _43452_
 1.568571e-08 1.136973e-08 1.910720e-12 2.705735e-08 _40394_
 1.639573e-08 1.064257e-08 1.230175e-12 2.703952e-08 _45208_
 1.557196e-08 1.144496e-08 1.898711e-12 2.701882e-08 _39186_
 1.546594e-08 1.149914e-08 1.884759e-12 2.696697e-08 _39627_
 1.647070e-08 1.047320e-08 1.230175e-12 2.694512e-08 _45182_
 1.565668e-08 1.118628e-08 1.884274e-12 2.684484e-08 _42550_
 1.357384e-08 1.325885e-08 1.884274e-12 2.683457e-08 _42819_
 1.564400e-08 1.116391e-08 1.884274e-12 2.680980e-08 _42063_
 1.475513e-08 1.205420e-08 8.087412e-14 2.680941e-08 _42430_
 1.580117e-08 1.099676e-08 1.910230e-12 2.679984e-08 _40952_
 1.552125e-08 1.126562e-08 1.886214e-12 2.678875e-08 _43747_
 1.644376e-08 1.030216e-08 1.230175e-12 2.674716e-08 _45261_
 1.551569e-08 1.122907e-08 1.897617e-12 2.674665e-08 _42575_
 1.571224e-08 1.101982e-08 1.910230e-12 2.673397e-08 _40871_
 1.641064e-08 1.032013e-08 1.230175e-12 2.673201e-08 _45199_
 1.632551e-08 1.039344e-08 1.857645e-12 2.672082e-08 _44651_
 1.546954e-08 1.123657e-08 1.884759e-12 2.670800e-08 _42099_
 1.071084e-08 1.597076e-08 1.562689e-13 2.668176e-08 _45118_
 1.581775e-08 1.085041e-08 1.923209e-12 2.667008e-08 _40951_
 1.571005e-08 1.092443e-08 1.897253e-12 2.663637e-08 _40924_
 1.554300e-08 1.106003e-08 1.910475e-12 2.660494e-08 _40499_
 1.544868e-08 1.114869e-08 1.884759e-12 2.659926e-08 _41564_
 1.467809e-08 1.188527e-08 1.239902e-13 2.656349e-08 _37254_
 1.477019e-08 1.175067e-08 8.087412e-14 2.652095e-08 _42100_
 1.503903e-08 1.144946e-08 7.483800e-14 2.648857e-08 _42631_
 1.552158e-08 1.095124e-08 1.885729e-12 2.647471e-08 _41931_
 1.858007e-08 7.880500e-09 9.294631e-14 2.646066e-08 _43903_
 1.350311e-08 1.287668e-08 6.914936e-14 2.637986e-08 _38928_
 1.576958e-08 1.056172e-08 1.923209e-12 2.633322e-08 _40925_
 1.553364e-08 1.078708e-08 1.910475e-12 2.632263e-08 _40335_
 1.708306e-08 9.169012e-09 1.977019e-12 2.625405e-08 _53415_
 1.419416e-08 1.199937e-08 1.842974e-12 2.619538e-08 _43904_
 1.323262e-08 1.287920e-08 1.859044e-12 2.611367e-08 _41780_
 1.817597e-08 7.889036e-09 1.947691e-12 2.606695e-08 _52892_
 1.318170e-08 1.285739e-08 1.862667e-12 2.604095e-08 _41782_
 1.357696e-08 1.234319e-08 1.884274e-12 2.592203e-08 _42781_
 1.335534e-08 1.253721e-08 1.884759e-12 2.589444e-08 _42265_
 1.532379e-08 1.046062e-08 1.202021e-13 2.578454e-08 _37265_
 2.210824e-08 3.501241e-09 3.083870e-12 2.561256e-08 _60256_
 1.430745e-08 1.130122e-08 1.239902e-13 2.560880e-08 _37199_
 1.353260e-08 1.199275e-08 1.884274e-12 2.552724e-08 _42758_
 1.328826e-08 1.215450e-08 1.860493e-12 2.544462e-08 _39997_
 2.202409e-08 3.154594e-09 3.083870e-12 2.518177e-08 _60241_
 1.325513e-08 1.187918e-08 1.861218e-12 2.513617e-08 _38293_
 1.351797e-08 1.160969e-08 1.884274e-12 2.512955e-08 _42782_
 1.322796e-08 1.187466e-08 1.863391e-12 2.510449e-08 _38220_
 1.354066e-08 1.155129e-08 1.884274e-12 2.509383e-08 _42232_
 1.338113e-08 1.164331e-08 1.859768e-12 2.502630e-08 _41846_
 1.420443e-08 1.052116e-08 1.088373e-13 2.472570e-08 _37188_
 1.336243e-08 1.135696e-08 1.859768e-12 2.472125e-08 _40140_
 1.325389e-08 1.145826e-08 1.861218e-12 2.471402e-08 _38447_
 1.673310e-08 7.968431e-09 1.110546e-13 2.470164e-08 _41683_
 1.838351e-08 6.254067e-09 4.284215e-12 2.464186e-08 _40701_
 1.340020e-08 1.114537e-08 1.885729e-12 2.454746e-08 _41501_
 1.820876e-08 6.226682e-09 1.945185e-12 2.443738e-08 _53416_
 1.320425e-08 1.122464e-08 1.859044e-12 2.443075e-08 _40075_
 1.346018e-08 1.096178e-08 1.858319e-12 2.442382e-08 _40621_
 1.322356e-08 1.109224e-08 1.859044e-12 2.431766e-08 _41489_
 1.329940e-08 1.092896e-08 1.860493e-12 2.423022e-08 _39561_
 1.348376e-08 1.062584e-08 1.885244e-12 2.411149e-08 _42070_
 1.331890e-08 1.078600e-08 1.884759e-12 2.410678e-08 _42429_
 1.388260e-08 1.019372e-08 1.239902e-13 2.407645e-08 _37144_
 1.352506e-08 1.045598e-08 1.884274e-12 2.398292e-08 _42759_
 1.456027e-08 9.225233e-09 1.088373e-13 2.378561e-08 _37210_
 1.351502e-08 1.020384e-08 1.884274e-12 2.372074e-08 _42147_
 1.673297e-08 6.860193e-09 1.977019e-12 2.359514e-08 _53091_
 1.419484e-08 9.177944e-09 2.025074e-12 2.337481e-08 _45128_
 1.117023e-08 1.199243e-08 1.861218e-12 2.316452e-08 _38538_
 1.466467e-08 8.424396e-09 1.202021e-13 2.308919e-08 _37155_
 1.373986e-08 9.317612e-09 1.277786e-13 2.305760e-08 _37166_
 1.241546e-08 1.032805e-08 1.197571e-12 2.274471e-08 _45332_
 1.428875e-08 8.277349e-09 1.277786e-13 2.256623e-08 _37221_
 1.707652e-08 5.480916e-09 9.294631e-14 2.255753e-08 _38066_
 1.461019e-08 7.910184e-09 1.191632e-12 2.252156e-08 _37746_
 1.046754e-08 1.194928e-08 7.108144e-12 2.242393e-08 _37325_
 1.548366e-08 6.777961e-09 1.885729e-12 2.226350e-08 _44474_
 9.074173e-09 1.294760e-08 1.835257e-12 2.202360e-08 _40462_
 1.455219e-08 7.455389e-09 1.177725e-12 2.200875e-08 _37762_
 1.474649e-08 7.191005e-09 6.122702e-14 2.193755e-08 _42314_
 1.237832e-08 9.548528e-09 1.197571e-12 2.192805e-08 _45349_
 1.130834e-08 1.060506e-08 1.859768e-12 2.191527e-08 _42082_
 8.817723e-09 1.256688e-08 1.838151e-12 2.138644e-08 _39845_
 1.234626e-08 9.037254e-09 1.197571e-12 2.138471e-08 _45427_
 1.234219e-08 9.024848e-09 1.197571e-12 2.136823e-08 _45409_
 9.883526e-09 1.119479e-08 1.827548e-12 2.108015e-08 _53067_
 8.991613e-09 1.206054e-08 1.834292e-12 2.105399e-08 _39910_
 1.552765e-08 5.404793e-09 1.898346e-12 2.093434e-08 _39380_
 1.081029e-08 9.823121e-09 6.122702e-14 2.063347e-08 _41857_
 1.233906e-08 8.174336e-09 1.197571e-12 2.051459e-08 _45418_
 1.232054e-08 8.180830e-09 1.197571e-12 2.050256e-08 _45400_
 1.232974e-08 8.111575e-09 1.197571e-12 2.044252e-08 _45472_
 8.930032e-09 1.137106e-08 1.836221e-12 2.030293e-08 _43594_
 1.229170e-08 7.981206e-09 1.197571e-12 2.027410e-08 _45366_
 1.074932e-08 9.509999e-09 5.101115e-14 2.025937e-08 _39746_
 1.228106e-08 7.904735e-09 1.197571e-12 2.018700e-08 _45462_
 7.960460e-09 1.209756e-08 3.354150e-13 2.005835e-08 _37829_
 1.227219e-08 7.649470e-09 1.197571e-12 1.992286e-08 _45457_
 1.230841e-08 7.453877e-09 1.197571e-12 1.976349e-08 _45467_
 9.780872e-09 9.795540e-09 1.827548e-12 1.957824e-08 _53098_
 1.291607e-08 6.522554e-09 8.499405e-14 1.943871e-08 _38831_
 8.878683e-09 1.042076e-08 1.839115e-12 1.930129e-08 _43523_
 1.220134e-08 6.827517e-09 1.197571e-12 1.903005e-08 _45383_
 1.477932e-08 4.219619e-09 1.103448e-13 1.899905e-08 _40522_
 1.219314e-08 6.572935e-09 1.197571e-12 1.876728e-08 _45436_
 1.107063e-08 7.591207e-09 6.122702e-14 1.866190e-08 _42548_
 4.673768e-09 1.380345e-08 4.225245e-12 1.848145e-08 _39720_
 1.152663e-08 6.157375e-09 4.261336e-12 1.768827e-08 _42138_
 1.613673e-08 1.490006e-09 8.691022e-14 1.762682e-08 _40012_
 5.854570e-09 1.148300e-08 1.035279e-11 1.734793e-08 _53102_
 6.816781e-09 1.024459e-08 4.157992e-14 1.706141e-08 _39550_
 8.910080e-09 7.456969e-09 1.835257e-12 1.636888e-08 _44070_
 9.374175e-09 6.301441e-09 1.177725e-12 1.567679e-08 _37726_
 2.573220e-09 1.285400e-08 3.638480e-12 1.543086e-08 _43335_
 9.024903e-09 6.334752e-09 4.889667e-14 1.535970e-08 _37135_
 1.143750e-08 3.715147e-09 2.910241e-12 1.515556e-08 _40764_
 1.099806e-08 3.946773e-09 5.726595e-14 1.494489e-08 _42452_
 1.141051e-08 3.418118e-09 4.259231e-12 1.483289e-08 _42061_
 9.332867e-09 5.369412e-09 1.170772e-12 1.470345e-08 _37754_
 2.566761e-09 1.208190e-08 3.641990e-12 1.465230e-08 _41657_
 1.228108e-08 2.190215e-09 8.087412e-14 1.447137e-08 _41490_
 1.230711e-08 2.154749e-09 5.726595e-14 1.446191e-08 _42148_
 9.303315e-09 5.156432e-09 1.170772e-12 1.446092e-08 _37758_
 2.565705e-09 1.168044e-08 3.638480e-12 1.424978e-08 _38029_
 1.013234e-08 3.595260e-09 1.884759e-12 1.372948e-08 _43552_
 1.019855e-08 3.297049e-09 1.897253e-12 1.349750e-08 _42748_
 8.699915e-09 4.599173e-09 1.101238e-12 1.330019e-08 _37624_
 1.010636e-08 2.719168e-09 1.886214e-12 1.282741e-08 _44069_
 1.011220e-08 2.701205e-09 1.886214e-12 1.281529e-08 _43990_
 1.011228e-08 2.601412e-09 1.884274e-12 1.271557e-08 _40382_
 1.012458e-08 2.568909e-09 1.885244e-12 1.269538e-08 _40301_
 1.011965e-08 2.536320e-09 1.885729e-12 1.265786e-08 _43940_
 1.011963e-08 2.462887e-09 1.885244e-12 1.258440e-08 _40060_
 1.014649e-08 2.412611e-09 1.884759e-12 1.256098e-08 _43234_
 1.012477e-08 2.433770e-09 1.884274e-12 1.256043e-08 _40132_
 1.013282e-08 2.419636e-09 1.887183e-12 1.255435e-08 _43909_
 1.009584e-08 2.399912e-09 1.885244e-12 1.249764e-08 _39560_
 1.011541e-08 2.378392e-09 1.884759e-12 1.249568e-08 _43418_
 1.018026e-08 2.303250e-09 1.897982e-12 1.248541e-08 _42428_
 1.012645e-08 2.321231e-09 1.897617e-12 1.244958e-08 _38729_
 1.010960e-08 2.305648e-09 1.885244e-12 1.241713e-08 _39752_
 1.013847e-08 2.264226e-09 1.885729e-12 1.240458e-08 _43593_
 1.010030e-08 2.285857e-09 1.886698e-12 1.238805e-08 _39909_
 1.011089e-08 2.269017e-09 1.884274e-12 1.238179e-08 _40461_
 1.012046e-08 2.250818e-09 1.898346e-12 1.237317e-08 _39083_
 1.019123e-08 2.152824e-09 1.897253e-12 1.234595e-08 _42757_
 1.009908e-08 2.233536e-09 1.884274e-12 1.233450e-08 _40054_
 1.012065e-08 2.190432e-09 1.884759e-12 1.231296e-08 _40553_
 1.009944e-08 2.183036e-09 1.885729e-12 1.228436e-08 _44161_
 1.010781e-08 2.123723e-09 1.885729e-12 1.223342e-08 _43156_
 1.014070e-08 2.088949e-09 1.887183e-12 1.223154e-08 _43165_
 1.009375e-08 1.505313e-09 1.885729e-12 1.160095e-08 _40625_
 1.007696e-08 1.319787e-09 1.885729e-12 1.139863e-08 _44232_
 6.626493e-09 4.651554e-09 2.884464e-12 1.128093e-08 _42547_
 8.411816e-09 2.609422e-09 6.122702e-14 1.102130e-08 _37918_
 8.435881e-09 2.514928e-09 7.311054e-14 1.095088e-08 _41546_
 7.848962e-09 3.046619e-09 1.831108e-12 1.089741e-08 _45126_
 6.768323e-09 4.109470e-09 4.535239e-14 1.087784e-08 _43372_
 6.491273e-09 4.362917e-09 1.782326e-12 1.085597e-08 _45092_
 7.943203e-09 2.748980e-09 1.885729e-12 1.069407e-08 _41993_
 6.818028e-09 3.855996e-09 1.224082e-12 1.067525e-08 _45235_
 8.476856e-09 2.063038e-09 5.726595e-14 1.053995e-08 _42402_
 7.949263e-09 2.499988e-09 1.859768e-12 1.045111e-08 _41992_
 7.950493e-09 2.497331e-09 1.861218e-12 1.044969e-08 _37859_
 7.964656e-09 2.409075e-09 1.861218e-12 1.037559e-08 _38770_
 7.911424e-09 2.421000e-09 1.859044e-12 1.033428e-08 _39549_
 7.959592e-09 2.368733e-09 1.858319e-12 1.033018e-08 _42233_
 7.944477e-09 2.377057e-09 1.859768e-12 1.032339e-08 _41499_
 7.934491e-09 2.357239e-09 1.859044e-12 1.029359e-08 _42483_
 7.956448e-09 2.318556e-09 1.858319e-12 1.027686e-08 _42391_
 7.949483e-09 2.311990e-09 1.860493e-12 1.026333e-08 _38291_
 7.951560e-09 2.291243e-09 1.862667e-12 1.024467e-08 _37853_
 7.953660e-09 2.283740e-09 1.858319e-12 1.023926e-08 _42312_
 7.955168e-09 2.264602e-09 1.859044e-12 1.022163e-08 _37927_
 7.961015e-09 2.245325e-09 1.860493e-12 1.020820e-08 _38862_
 8.054415e-09 2.140861e-09 1.883790e-12 1.019716e-08 _39382_
 7.947042e-09 2.239433e-09 1.859768e-12 1.018833e-08 _42231_
 7.945912e-09 2.229919e-09 1.860493e-12 1.017769e-08 _38155_
 7.931142e-09 2.231938e-09 1.860493e-12 1.016494e-08 _41500_
 7.947326e-09 2.198081e-09 1.861942e-12 1.014727e-08 _41844_
 7.960383e-09 2.167871e-09 1.861218e-12 1.013012e-08 _38691_
 7.902726e-09 2.220888e-09 1.860493e-12 1.012548e-08 _40062_
 7.951675e-09 2.138688e-09 1.859044e-12 1.009222e-08 _37999_
 7.925723e-09 2.146673e-09 1.863391e-12 1.007426e-08 _37928_
 7.964487e-09 2.103238e-09 1.862667e-12 1.006959e-08 _38610_
 6.333584e-09 3.715336e-09 1.225505e-12 1.005015e-08 _45124_
 7.944879e-09 2.032446e-09 1.859768e-12 9.979184e-09 _41557_
 5.766420e-09 3.766178e-09 1.860493e-12 9.534459e-09 _41317_
 5.809394e-09 3.664278e-09 1.858319e-12 9.475531e-09 _42473_
 5.787456e-09 3.604073e-09 1.860493e-12 9.393389e-09 _38927_
 7.937787e-09 1.432886e-09 1.860493e-12 9.372534e-09 _42554_
 7.941407e-09 1.350375e-09 1.860493e-12 9.293643e-09 _38934_
 8.377460e-09 6.949925e-10 8.103289e-14 9.072533e-09 _41533_
 8.392179e-09 6.779858e-10 6.914936e-14 9.070233e-09 _37904_
 5.740994e-09 3.289472e-09 1.862667e-12 9.032329e-09 _44917_
 5.782455e-09 3.117584e-09 1.860493e-12 8.901899e-09 _38517_
 8.864653e-09 0.000000e+00 6.553796e-12 8.871207e-09 _58902_
 5.835820e-09 2.921607e-09 1.867015e-12 8.759294e-09 _42680_
 5.765806e-09 2.889965e-09 1.859044e-12 8.657629e-09 _41856_
 4.173538e-09 4.430940e-09 2.858975e-12 8.607336e-09 _40618_
 5.795630e-09 2.802706e-09 1.859768e-12 8.600195e-09 _42323_
 5.742081e-09 2.812756e-09 1.864116e-12 8.556702e-09 _41523_
 7.917680e-09 5.730182e-10 1.885244e-12 8.492584e-09 _41734_
 7.927940e-09 5.129078e-10 1.884274e-12 8.442733e-09 _38106_
 5.754872e-09 2.590413e-09 1.862667e-12 8.347148e-09 _42004_
 5.777780e-09 2.540771e-09 1.859044e-12 8.320410e-09 _37893_
 5.782812e-09 2.519960e-09 1.859768e-12 8.304632e-09 _41836_
 5.797507e-09 2.504148e-09 1.863391e-12 8.303520e-09 _38459_
 5.777899e-09 2.520057e-09 1.860493e-12 8.299817e-09 _41792_
 5.767906e-09 2.520819e-09 1.863391e-12 8.290588e-09 _38623_
 5.771312e-09 2.446488e-09 1.861218e-12 8.219662e-09 _38303_
 5.772232e-09 2.418374e-09 1.861218e-12 8.192467e-09 _37938_
 5.751610e-09 2.424213e-09 1.863391e-12 8.177687e-09 _37890_
 5.789196e-09 2.377816e-09 1.859768e-12 8.168872e-09 _41524_
 4.162167e-09 3.962748e-09 2.860643e-12 8.127777e-09 _40208_
 5.773527e-09 2.350387e-09 1.859044e-12 8.125773e-09 _39494_
 5.742155e-09 2.363070e-09 1.862667e-12 8.107087e-09 _41511_
 5.770085e-09 2.312325e-09 1.862667e-12 8.084273e-09 _38058_
 5.759163e-09 2.304102e-09 1.861218e-12 8.065126e-09 _37835_
 5.743822e-09 2.299264e-09 1.862667e-12 8.044949e-09 _41472_
 5.784344e-09 2.254469e-09 1.860493e-12 8.040673e-09 _38439_
 5.785855e-09 2.251565e-09 1.861218e-12 8.039282e-09 _38361_
 5.772662e-09 2.262380e-09 1.862667e-12 8.036904e-09 _38165_
 5.787028e-09 2.245495e-09 1.862667e-12 8.034386e-09 _38702_
 5.787212e-09 2.244777e-09 1.858319e-12 8.033847e-09 _41907_
 5.746306e-09 2.274623e-09 1.864116e-12 8.022793e-09 _38230_
 5.781701e-09 2.238286e-09 1.861218e-12 8.021849e-09 _38283_
 5.778501e-09 2.237550e-09 1.859768e-12 8.017910e-09 _41743_
 5.744258e-09 2.254803e-09 1.864116e-12 8.000924e-09 _38010_
 5.774101e-09 2.224023e-09 1.860493e-12 7.999985e-09 _38382_
 5.756144e-09 2.240742e-09 1.861218e-12 7.998747e-09 _38537_
 5.748156e-09 2.248331e-09 1.863391e-12 7.998350e-09 _38115_
 5.767101e-09 2.228917e-09 1.860493e-12 7.997880e-09 _42244_
 5.814684e-09 2.178588e-09 1.860493e-12 7.995133e-09 _38381_
 5.750837e-09 2.222300e-09 1.859044e-12 7.974997e-09 _41638_
 5.787485e-09 2.180809e-09 1.861218e-12 7.970156e-09 _38851_
 5.740343e-09 2.221231e-09 1.863391e-12 7.963438e-09 _38145_
 5.796299e-09 2.164112e-09 1.859768e-12 7.962271e-09 _42081_
 5.783368e-09 2.163645e-09 1.859768e-12 7.948873e-09 _41481_
 5.789713e-09 2.146231e-09 1.858319e-12 7.937802e-09 _41984_
 5.796528e-09 2.138547e-09 1.858319e-12 7.936933e-09 _42472_
 5.800011e-09 2.134206e-09 1.858319e-12 7.936075e-09 _42401_
 5.784920e-09 2.126294e-09 1.862667e-12 7.913076e-09 _38210_
 5.782422e-09 2.127783e-09 1.861942e-12 7.912067e-09 _41567_
 5.749474e-09 2.155121e-09 1.863391e-12 7.906459e-09 _37846_
 5.790811e-09 2.107846e-09 1.859768e-12 7.900518e-09 _41521_
 5.783359e-09 2.109415e-09 1.861218e-12 7.894635e-09 _38780_
 5.727971e-09 2.138552e-09 1.864116e-12 7.868387e-09 _43119_
 5.754521e-09 2.107650e-09 1.860493e-12 7.864032e-09 _41772_
 5.795054e-09 2.065179e-09 1.861942e-12 7.862095e-09 _41927_
 5.754628e-09 2.086128e-09 1.862667e-12 7.842618e-09 _42158_
 5.763275e-09 2.076952e-09 1.860493e-12 7.842088e-09 _41692_
 5.767307e-09 2.043354e-09 1.860493e-12 7.812522e-09 _37880_
 5.778992e-09 2.018826e-09 1.859044e-12 7.799677e-09 _37892_
 4.519659e-09 2.968808e-09 4.535239e-14 7.488512e-09 _39610_
 5.752685e-09 1.488335e-09 1.867015e-12 7.242886e-09 _42226_
 5.814308e-09 1.357874e-09 1.860493e-12 7.174043e-09 _42616_
 5.764344e-09 1.376850e-09 1.860493e-12 7.143054e-09 _38996_
 3.596383e-09 3.526764e-09 1.836221e-12 7.124984e-09 _44150_
 4.566271e-09 2.550803e-09 4.346615e-14 7.117118e-09 _43224_
 3.562566e-09 3.455305e-09 1.835257e-12 7.019706e-09 _44964_
 3.589999e-09 3.363441e-09 1.835257e-12 6.955275e-09 _44225_
 3.539655e-09 3.385308e-09 1.838151e-12 6.926801e-09 _41367_
 3.597137e-09 3.291678e-09 1.843939e-12 6.890659e-09 _40751_
 4.520520e-09 2.343271e-09 5.289738e-14 6.863844e-09 _43236_
 6.751425e-09 0.000000e+00 6.559185e-12 6.757984e-09 _59022_
 4.544721e-09 2.081519e-09 4.346615e-14 6.626284e-09 _39621_
 3.573767e-09 3.009051e-09 1.835257e-12 6.584653e-09 _43816_
 5.484686e-09 1.095402e-09 1.856156e-12 6.581945e-09 _39381_
 6.268927e-09 0.000000e+00 6.551102e-12 6.275478e-09 _58911_
 3.590489e-09 2.679862e-09 1.832363e-12 6.272184e-09 _40302_
 6.254684e-09 0.000000e+00 6.545712e-12 6.261230e-09 _58912_
 5.062621e-11 6.186163e-09 2.844000e-12 6.239633e-09 _51977_
 3.546948e-09 2.584346e-09 1.839115e-12 6.133133e-09 _43421_
 3.582087e-09 2.506673e-09 1.833327e-12 6.090593e-09 _43306_
 3.583094e-09 2.486574e-09 1.835257e-12 6.071504e-09 _43739_
 3.579677e-09 2.480234e-09 1.836221e-12 6.061747e-09 _43605_
 3.592290e-09 2.465445e-09 1.838151e-12 6.059573e-09 _44001_
 3.593083e-09 2.458036e-09 1.832363e-12 6.052951e-09 _40542_
 6.035325e-09 0.000000e+00 6.548407e-12 6.041874e-09 _58907_
 6.034391e-09 0.000000e+00 6.548407e-12 6.040939e-09 _59218_
 6.031594e-09 0.000000e+00 6.537629e-12 6.038131e-09 _58899_
 6.030918e-09 0.000000e+00 6.559185e-12 6.037478e-09 _58903_
 6.027440e-09 0.000000e+00 6.543018e-12 6.033984e-09 _58910_
 6.023198e-09 0.000000e+00 6.547060e-12 6.029745e-09 _59158_
 6.020132e-09 0.000000e+00 6.560532e-12 6.026692e-09 _59032_
 3.564303e-09 2.455185e-09 1.836221e-12 6.021325e-09 _44079_
 6.014050e-09 0.000000e+00 6.537629e-12 6.020588e-09 _58904_
 3.585861e-09 2.422053e-09 1.833327e-12 6.009747e-09 _40130_
 6.001350e-09 0.000000e+00 6.543018e-12 6.007893e-09 _58900_
 3.567613e-09 2.431363e-09 1.838151e-12 6.000814e-09 _43364_
 3.585146e-09 2.401071e-09 1.836221e-12 5.988053e-09 _43585_
 3.579672e-09 2.384954e-09 1.838151e-12 5.966464e-09 _43514_
 3.565906e-09 2.394896e-09 1.839115e-12 5.962641e-09 _43450_
 3.532246e-09 2.425919e-09 1.840080e-12 5.960005e-09 _39586_
 3.576728e-09 2.360896e-09 1.834292e-12 5.939459e-09 _39583_
 3.557567e-09 2.373981e-09 1.836221e-12 5.933384e-09 _43150_
 3.575476e-09 2.339021e-09 1.836221e-12 5.916334e-09 _43166_
 3.590409e-09 2.322553e-09 1.832363e-12 5.914794e-09 _40217_
 3.552231e-09 2.354828e-09 1.833327e-12 5.908893e-09 _39921_
 3.557519e-09 2.334030e-09 1.839115e-12 5.893388e-09 _43759_
 3.565376e-09 2.323236e-09 1.834292e-12 5.890447e-09 _39806_
 3.581799e-09 2.294016e-09 1.834292e-12 5.877649e-09 _40393_
 3.553263e-09 2.315930e-09 1.840080e-12 5.871033e-09 _43534_
 3.543621e-09 2.317210e-09 1.838151e-12 5.862668e-09 _39527_
 3.584692e-09 2.275730e-09 1.833327e-12 5.862255e-09 _43201_
 3.557725e-09 2.297123e-09 1.839115e-12 5.856686e-09 _43199_
 3.575838e-09 2.278365e-09 1.834292e-12 5.856037e-09 _40150_
 3.573941e-09 2.274186e-09 1.839115e-12 5.849966e-09 _43922_
 3.586306e-09 2.233497e-09 1.832363e-12 5.821635e-09 _40052_
 3.580490e-09 2.233529e-09 1.838151e-12 5.815858e-09 _43470_
 3.564487e-09 2.237115e-09 1.836221e-12 5.803438e-09 _43245_
 3.540733e-09 2.260110e-09 1.840080e-12 5.802683e-09 _43316_
 3.565303e-09 2.234188e-09 1.836221e-12 5.801327e-09 _43836_
 3.558982e-09 2.222425e-09 1.835257e-12 5.783243e-09 _39755_
 3.567830e-09 2.208344e-09 1.835257e-12 5.778009e-09 _39856_
 3.585406e-09 2.173361e-09 1.832363e-12 5.760599e-09 _39973_
 3.578514e-09 2.168921e-09 1.836221e-12 5.749272e-09 _43662_
 3.548124e-09 2.196792e-09 1.839115e-12 5.746755e-09 _43159_
 3.571935e-09 2.172246e-09 1.834292e-12 5.746014e-09 _39538_
 3.551095e-09 2.192696e-09 1.835257e-12 5.745628e-09 _39836_
 3.545937e-09 2.189490e-09 1.838151e-12 5.737265e-09 _40228_
 3.566051e-09 2.157747e-09 1.835257e-12 5.725634e-09 _39562_
 3.574069e-09 2.142798e-09 1.835257e-12 5.718703e-09 _43459_
 3.578261e-09 2.138570e-09 1.837186e-12 5.718669e-09 _39993_
 3.574360e-09 2.140601e-09 1.837186e-12 5.716799e-09 _39630_
 3.536279e-09 2.169180e-09 1.838151e-12 5.707297e-09 _39572_
 3.577697e-09 2.126837e-09 1.835257e-12 5.706369e-09 _43682_
 3.590339e-09 2.098234e-09 1.832363e-12 5.690405e-09 _40471_
 3.569245e-09 2.087975e-09 1.833327e-12 5.659053e-09 _44800_
 3.550896e-09 2.101842e-09 1.835257e-12 5.654574e-09 _40314_
 3.550004e-09 2.091803e-09 1.833327e-12 5.643640e-09 _39701_
 3.581454e-09 2.056516e-09 1.834292e-12 5.639803e-09 _39901_
 3.539111e-09 2.088660e-09 1.838151e-12 5.629608e-09 _40072_
 3.520828e-09 2.095733e-09 1.840080e-12 5.618401e-09 _41194_
 3.562905e-09 2.049837e-09 1.835257e-12 5.614577e-09 _43189_
 5.563982e-09 0.000000e+00 6.556491e-12 5.570539e-09 _58905_
 5.560046e-09 0.000000e+00 6.537629e-12 5.566584e-09 _58909_
 5.558311e-09 0.000000e+00 6.537629e-12 5.564849e-09 _58908_
 5.558157e-09 0.000000e+00 6.555144e-12 5.564712e-09 _59030_
 5.554611e-09 0.000000e+00 6.559185e-12 5.561171e-09 _59020_
 5.549288e-09 0.000000e+00 6.537629e-12 5.555825e-09 _58906_
 5.324157e-09 0.000000e+00 6.548407e-12 5.330705e-09 _59148_
 4.465623e-09 7.382400e-10 5.101115e-14 5.203914e-09 _39597_
 4.511477e-09 6.383882e-10 4.535239e-14 5.149910e-09 _43211_
 5.090347e-09 0.000000e+00 6.552449e-12 5.096899e-09 _59027_
 5.082800e-09 0.000000e+00 6.553796e-12 5.089353e-09 _59031_
 5.073684e-09 0.000000e+00 6.575353e-12 5.080259e-09 _58898_
 4.327337e-09 6.493222e-10 1.855074e-12 4.978514e-09 _42904_
 3.571043e-09 1.369032e-09 1.843939e-12 4.941920e-09 _40296_
 3.571691e-09 1.360420e-09 1.835257e-12 4.933946e-09 _40687_
 3.559878e-09 1.340685e-09 1.835257e-12 4.902399e-09 _44294_
 4.852585e-09 0.000000e+00 6.563227e-12 4.859148e-09 _59026_
 4.852565e-09 0.000000e+00 6.559185e-12 4.859124e-09 _59024_
 1.306139e-09 3.365419e-09 1.820469e-12 4.673378e-09 _44206_
 4.617753e-09 0.000000e+00 6.567269e-12 4.624320e-09 _60268_
 4.616752e-09 0.000000e+00 6.532240e-12 4.623284e-09 _59208_
 4.616464e-09 0.000000e+00 6.552449e-12 4.623017e-09 _59029_
 4.615508e-09 0.000000e+00 6.559185e-12 4.622067e-09 _59019_
 4.610414e-09 0.000000e+00 6.552449e-12 4.616967e-09 _59028_
 5.061247e-11 4.416060e-09 2.844000e-12 4.469516e-09 _37773_
 3.555387e-09 8.672182e-10 1.833327e-12 4.424439e-09 _43412_
 4.378003e-09 0.000000e+00 6.543018e-12 4.384546e-09 _59157_
 4.372578e-09 0.000000e+00 6.560532e-12 4.379138e-09 _59025_
 4.367549e-09 0.000000e+00 6.559185e-12 4.374108e-09 _59023_
 1.305020e-09 3.045423e-09 1.828062e-12 4.352270e-09 _40598_
 4.145412e-09 0.000000e+00 6.532240e-12 4.151944e-09 _58901_
 3.527100e-09 4.706793e-10 1.833327e-12 3.999612e-09 _39797_
 1.301976e-09 2.638078e-09 1.823723e-12 3.941877e-09 _44641_
 3.909256e-09 0.000000e+00 6.551102e-12 3.915807e-09 _59151_
 3.907903e-09 0.000000e+00 6.559185e-12 3.914463e-09 _59021_
 3.907695e-09 0.000000e+00 6.551102e-12 3.914246e-09 _60249_
 3.907615e-09 0.000000e+00 6.540324e-12 3.914155e-09 _59153_
 3.907445e-09 0.000000e+00 6.533587e-12 3.913978e-09 _59216_
 3.905870e-09 0.000000e+00 6.543018e-12 3.912413e-09 _59146_
 3.905254e-09 0.000000e+00 6.551102e-12 3.911805e-09 _59149_
 3.902489e-09 0.000000e+00 6.540324e-12 3.909030e-09 _59145_
 3.902310e-09 0.000000e+00 6.540324e-12 3.908850e-09 _59150_
 3.896569e-09 0.000000e+00 6.556491e-12 3.903125e-09 _59144_
 1.303766e-09 2.570958e-09 1.822639e-12 3.876547e-09 _40731_
 1.298987e-09 2.516692e-09 1.825893e-12 3.817505e-09 _42802_
 1.298567e-09 2.462516e-09 1.821554e-12 3.762905e-09 _42752_
 1.306059e-09 2.443013e-09 1.826978e-12 3.750900e-09 _38977_
 4.495800e-11 3.698715e-09 1.818300e-12 3.745491e-09 _36374_
 1.304073e-09 2.421864e-09 1.823723e-12 3.727761e-09 _44653_
 3.673577e-09 0.000000e+00 6.536281e-12 3.680113e-09 _59214_
 3.673232e-09 0.000000e+00 6.537629e-12 3.679770e-09 _59206_
 3.672936e-09 0.000000e+00 6.536281e-12 3.679472e-09 _59213_
 3.671743e-09 0.000000e+00 6.541671e-12 3.678285e-09 _59212_
 1.304454e-09 2.366347e-09 1.824808e-12 3.672626e-09 _40849_
 3.663831e-09 0.000000e+00 6.536281e-12 3.670368e-09 _59215_
 1.303818e-09 2.350870e-09 1.825893e-12 3.656514e-09 _44338_
 1.301858e-09 2.254520e-09 1.821554e-12 3.558199e-09 _40668_
 1.305840e-09 2.238358e-09 1.825893e-12 3.546024e-09 _39040_
 1.303903e-09 2.220186e-09 1.826978e-12 3.525916e-09 _44548_
 1.297694e-09 2.216614e-09 1.825893e-12 3.516134e-09 _42942_
 4.531192e-11 3.466592e-09 1.818300e-12 3.513722e-09 _37778_
 1.304725e-09 2.182110e-09 1.823723e-12 3.488658e-09 _39158_
 2.765349e-09 7.151844e-10 6.761277e-12 3.487295e-09 _58777_
 1.301245e-09 2.179135e-09 1.822639e-12 3.482202e-09 _40939_
 1.304728e-09 2.174892e-09 1.825893e-12 3.481446e-09 _44528_
 1.301944e-09 2.176662e-09 1.825893e-12 3.480432e-09 _40972_
 1.296371e-09 2.175395e-09 1.819385e-12 3.473585e-09 _42906_
 3.440534e-09 0.000000e+00 6.540324e-12 3.447075e-09 _59210_
 3.437096e-09 0.000000e+00 6.537629e-12 3.443634e-09 _59156_
 1.304385e-09 2.135702e-09 1.828062e-12 3.441916e-09 _39104_
 3.434635e-09 0.000000e+00 6.543018e-12 3.441178e-09 _59152_
 1.303630e-09 2.131283e-09 1.822639e-12 3.436736e-09 _39204_
 3.427669e-09 0.000000e+00 6.530892e-12 3.434200e-09 _59217_
 1.301938e-09 2.098185e-09 1.826978e-12 3.401950e-09 _44275_
 1.301047e-09 2.094907e-09 1.825893e-12 3.397780e-09 _40895_
 1.301888e-09 2.081465e-09 1.828062e-12 3.385181e-09 _44402_
 1.300504e-09 2.080370e-09 1.819385e-12 3.382694e-09 _41022_
 1.296842e-09 2.080495e-09 1.822639e-12 3.379160e-09 _42773_
 4.492979e-11 3.330109e-09 1.818300e-12 3.376857e-09 _37779_
 1.295921e-09 2.071866e-09 1.819385e-12 3.369607e-09 _42892_
 1.301273e-09 2.062144e-09 1.823723e-12 3.365241e-09 _44577_
 1.300663e-09 2.042297e-09 1.822639e-12 3.344782e-09 _44501_
 1.299792e-09 2.039312e-09 1.819385e-12 3.340924e-09 _41010_
 1.297391e-09 2.037734e-09 1.821554e-12 3.336948e-09 _42597_
 2.470864e-09 8.537691e-10 6.502600e-12 3.331136e-09 _58772_
 2.462802e-09 8.431882e-10 6.502600e-12 3.312493e-09 _59237_
 1.300983e-09 2.003101e-09 1.826978e-12 3.305911e-09 _44611_
 1.301066e-09 2.001081e-09 1.823723e-12 3.303971e-09 _44455_
 1.300493e-09 2.000366e-09 1.821554e-12 3.302681e-09 _40944_
 1.303511e-09 1.994029e-09 1.823723e-12 3.299363e-09 _39383_
 1.295143e-09 1.988161e-09 1.820469e-12 3.285124e-09 _42724_
 2.464732e-09 8.131933e-10 6.502600e-12 3.284428e-09 _60277_
 1.294429e-09 1.984596e-09 1.820469e-12 3.280846e-09 _38907_
 2.463980e-09 8.022100e-10 6.502600e-12 3.272692e-09 _60258_
 2.464635e-09 7.961755e-10 6.502600e-12 3.267313e-09 _60243_
 1.304857e-09 1.958725e-09 1.825893e-12 3.265408e-09 _39341_
 1.298581e-09 1.962158e-09 1.820469e-12 3.262559e-09 _40795_
 2.454130e-09 7.988371e-10 6.502600e-12 3.259469e-09 _59049_
 2.456528e-09 7.904205e-10 6.502600e-12 3.253452e-09 _59236_
 2.455788e-09 7.888338e-10 6.502600e-12 3.251124e-09 _59238_
 1.301705e-09 1.944535e-09 1.823723e-12 3.248064e-09 _39370_
 2.468576e-09 7.657397e-10 6.502600e-12 3.240819e-09 _58774_
 1.301437e-09 1.927758e-09 1.826978e-12 3.231022e-09 _39272_
 1.297244e-09 1.925947e-09 1.824808e-12 3.225016e-09 _42985_
 2.466042e-09 7.515899e-10 6.502600e-12 3.224135e-09 _59234_
 1.294612e-09 1.918196e-09 1.828062e-12 3.214636e-09 _42528_
 4.504897e-11 3.164909e-09 1.818300e-12 3.211777e-09 _36815_
 1.294594e-09 1.913369e-09 1.822639e-12 3.209785e-09 _42660_
 3.203051e-09 0.000000e+00 6.530892e-12 3.209582e-09 _59211_
 3.202747e-09 0.000000e+00 6.540324e-12 3.209287e-09 _59205_
 2.355097e-09 8.523374e-10 1.824792e-12 3.209259e-09 _45119_
 1.294251e-09 1.910163e-09 1.821554e-12 3.206236e-09 _42843_
 1.299245e-09 1.904261e-09 1.823723e-12 3.205330e-09 _39269_
 3.198740e-09 0.000000e+00 6.529545e-12 3.205269e-09 _60260_
 3.196181e-09 0.000000e+00 6.529545e-12 3.202710e-09 _59209_
 2.460887e-09 7.328327e-10 6.502600e-12 3.200223e-09 _58776_
 2.449074e-09 7.435730e-10 6.502600e-12 3.199150e-09 _59235_
 1.302243e-09 1.887304e-09 1.826978e-12 3.191374e-09 _39312_
 2.460445e-09 7.112340e-10 6.502600e-12 3.178181e-09 _59052_
 2.443862e-09 7.268019e-10 6.502600e-12 3.177166e-09 _60239_
 2.441401e-09 7.232133e-10 6.502600e-12 3.171117e-09 _60254_
 2.451386e-09 6.890458e-10 6.502600e-12 3.146935e-09 _59053_
 2.453247e-09 6.820514e-10 6.502600e-12 3.141801e-09 _59051_
 2.442547e-09 6.919016e-10 6.502600e-12 3.140952e-09 _58773_
 1.296304e-09 1.838502e-09 1.821554e-12 3.136627e-09 _41059_
 2.455097e-09 6.677469e-10 6.502600e-12 3.129346e-09 _58775_
 2.439326e-09 6.795458e-10 6.502600e-12 3.125374e-09 _59050_
 2.434388e-09 6.757390e-10 6.502600e-12 3.116630e-09 _59239_
 2.443046e-09 6.265420e-10 6.502600e-12 3.076091e-09 _59048_
 4.535109e-11 2.992097e-09 1.818300e-12 3.039266e-09 _36817_
 4.519728e-11 2.945342e-09 1.818300e-12 2.992358e-09 _37775_
 4.528225e-11 2.934806e-09 1.818300e-12 2.981907e-09 _36375_
 2.963628e-09 0.000000e+00 6.534934e-12 2.970163e-09 _59154_
 2.963176e-09 0.000000e+00 6.537629e-12 2.969714e-09 _59147_
 2.962755e-09 0.000000e+00 6.534934e-12 2.969290e-09 _59155_
 2.962439e-09 0.000000e+00 6.532240e-12 2.968971e-09 _59018_
 2.952370e-09 0.000000e+00 6.543018e-12 2.958913e-09 _59207_
 2.163518e-09 7.790176e-10 2.556600e-12 2.945092e-09 _53114_
 4.501917e-11 2.735682e-09 1.818300e-12 2.782520e-09 _36373_
 1.675225e-09 1.083529e-09 2.027867e-12 2.760781e-09 _45085_
 4.503183e-11 2.610689e-09 1.818300e-12 2.657539e-09 _36372_
 4.508086e-11 2.568389e-09 1.818300e-12 2.615288e-09 _36818_
 1.291771e-09 1.317339e-09 1.832401e-12 2.610942e-09 _44669_
 1.288085e-09 1.314140e-09 1.831316e-12 2.604057e-09 _42914_
 1.677512e-09 8.687275e-10 2.027867e-12 2.548267e-09 _45077_
 1.665044e-09 8.736025e-10 2.027867e-12 2.540674e-09 _45081_
 4.520054e-11 2.486611e-09 1.818300e-12 2.533630e-09 _51976_
 1.316580e-09 1.211844e-09 2.604900e-12 2.531029e-09 _53364_
 4.532988e-11 2.480927e-09 1.818300e-12 2.528076e-09 _36816_
 4.525101e-11 2.480701e-09 1.818300e-12 2.527770e-09 _37770_
 1.678090e-09 8.445651e-10 2.027867e-12 2.524683e-09 _45074_
 4.515545e-11 2.342015e-09 1.818300e-12 2.388988e-09 _36814_
 1.649940e-09 7.163326e-10 2.027867e-12 2.368301e-09 _52890_
 1.288635e-09 1.065331e-09 1.834570e-12 2.355800e-09 _41045_
 1.318271e-09 9.906266e-10 2.604900e-12 2.311503e-09 _36392_
 1.282862e-09 1.009303e-09 1.828062e-12 2.293993e-09 _39397_
 1.303439e-09 9.599468e-10 2.604900e-12 2.265991e-09 _37792_
 7.975715e-11 2.181582e-09 3.005880e-14 2.261369e-09 _36376_
 1.653259e-09 5.906375e-10 2.027867e-12 2.245925e-09 _45089_
 4.525351e-11 2.189668e-09 1.818300e-12 2.236740e-09 _37772_
 1.307987e-09 8.473822e-10 2.604900e-12 2.157974e-09 _36384_
 1.307557e-09 8.453846e-10 2.604900e-12 2.155547e-09 _36831_
 1.315674e-09 8.364233e-10 2.604900e-12 2.154702e-09 _36835_
 1.295667e-09 8.552389e-10 2.604900e-12 2.153511e-09 _36827_
 1.296806e-09 7.822298e-10 2.604900e-12 2.081641e-09 _36377_
 1.294013e-09 7.670046e-10 2.604900e-12 2.063622e-09 _37784_
 1.299575e-09 7.508503e-10 2.604900e-12 2.053030e-09 _36388_
 1.273894e-09 7.639522e-10 2.137200e-12 2.039984e-09 _37800_
 1.293369e-09 7.162979e-10 2.604900e-12 2.012271e-09 _53095_
 1.286547e-09 7.228252e-10 2.604900e-12 2.011977e-09 _37796_
 1.282272e-09 6.596216e-10 2.604900e-12 1.944499e-09 _36823_
 1.287015e-09 6.471131e-10 2.604900e-12 1.936733e-09 _37780_
 1.266570e-09 6.668196e-10 2.137200e-12 1.935527e-09 _37789_
 1.275852e-09 6.485726e-10 2.604900e-12 1.927029e-09 _36380_
 7.967382e-11 1.811282e-09 3.005880e-14 1.890986e-09 _53094_
 1.260514e-09 6.203846e-10 2.137200e-12 1.883036e-09 _36839_
 1.308393e-09 5.437944e-10 2.604900e-12 1.854792e-09 _53391_
 1.257376e-09 5.809411e-10 2.137200e-12 1.840455e-09 _53409_
 1.274513e-09 5.411481e-10 2.604900e-12 1.818266e-09 _36819_
 1.785464e-09 0.000000e+00 6.510683e-12 1.791975e-09 _60245_
 1.783481e-09 0.000000e+00 6.507989e-12 1.789989e-09 _59204_
 1.276099e-09 4.818061e-10 2.604900e-12 1.760510e-09 _37788_
 7.965895e-11 1.675049e-09 3.005880e-14 1.754738e-09 _53363_
 7.995462e-11 1.545668e-09 3.005880e-14 1.625653e-09 _37771_
 7.577843e-10 7.373673e-10 5.535000e-13 1.495705e-09 _53407_
 4.409328e-10 1.040730e-09 1.958000e-13 1.481859e-09 _53105_
 7.466536e-10 6.771848e-10 5.535000e-13 1.424392e-09 _53408_
 4.521588e-11 1.265434e-09 1.818300e-12 1.312469e-09 _37776_
 4.344159e-10 8.558150e-10 1.045750e-11 1.300688e-09 _53107_
 7.479493e-10 4.892587e-10 5.535000e-13 1.237761e-09 _53103_
 4.411128e-10 7.953893e-10 1.958000e-13 1.236698e-09 _36397_
 4.403873e-10 7.068182e-10 1.958000e-13 1.147401e-09 _36840_
 4.528309e-11 1.042783e-09 1.818300e-12 1.089884e-09 _37781_
 4.380972e-10 6.099097e-10 1.958000e-13 1.048203e-09 _37801_
 4.528769e-11 9.548944e-10 1.818300e-12 1.002000e-09 _37785_
 4.538809e-11 8.786114e-10 1.818300e-12 9.258178e-10 _53096_
 4.546707e-11 7.913497e-10 1.818300e-12 8.386351e-10 _36820_
 4.541599e-11 7.275104e-10 1.818300e-12 7.747448e-10 _36836_
 4.529286e-11 7.232874e-10 1.818300e-12 7.703986e-10 _37793_
 4.541541e-11 7.101857e-10 1.818300e-12 7.574195e-10 _36832_
 4.541480e-11 7.075904e-10 1.818300e-12 7.548235e-10 _36828_
 7.242285e-10 0.000000e+00 6.502600e-12 7.307311e-10 _59182_
 7.242283e-10 0.000000e+00 6.502600e-12 7.307309e-10 _59197_
 7.242268e-10 0.000000e+00 6.502600e-12 7.307294e-10 _59196_
 7.242261e-10 0.000000e+00 6.502600e-12 7.307286e-10 _59181_
 7.242228e-10 0.000000e+00 6.502600e-12 7.307254e-10 _59195_
 7.235613e-10 0.000000e+00 6.502600e-12 7.300639e-10 _59174_
 7.235613e-10 0.000000e+00 6.502600e-12 7.300638e-10 _59159_
 7.235593e-10 0.000000e+00 6.502600e-12 7.300618e-10 _59175_
 7.235588e-10 0.000000e+00 6.502600e-12 7.300614e-10 _59160_
 7.235547e-10 0.000000e+00 6.502600e-12 7.300573e-10 _59176_
 7.235545e-10 0.000000e+00 6.502600e-12 7.300571e-10 _59161_
 7.235513e-10 0.000000e+00 6.502600e-12 7.300539e-10 _59189_
 7.235491e-10 0.000000e+00 6.502600e-12 7.300517e-10 _59191_
 7.235142e-10 0.000000e+00 6.502600e-12 7.300168e-10 _59007_
 7.235138e-10 0.000000e+00 6.502600e-12 7.300164e-10 _58992_
 7.235137e-10 0.000000e+00 6.502600e-12 7.300163e-10 _58886_
 7.235136e-10 0.000000e+00 6.502600e-12 7.300162e-10 _58947_
 7.235136e-10 0.000000e+00 6.502600e-12 7.300162e-10 _58962_
 7.235135e-10 0.000000e+00 6.502600e-12 7.300161e-10 _58977_
 7.231628e-10 0.000000e+00 6.502600e-12 7.296654e-10 _59134_
 7.231620e-10 0.000000e+00 6.502600e-12 7.296646e-10 _59119_
 7.231571e-10 0.000000e+00 6.502600e-12 7.296597e-10 _59104_
 7.231531e-10 0.000000e+00 6.502600e-12 7.296557e-10 _59106_
 7.231449e-10 0.000000e+00 6.502600e-12 7.296475e-10 _59121_
 7.231443e-10 0.000000e+00 6.502600e-12 7.296469e-10 _59136_
 7.230056e-10 0.000000e+00 6.502600e-12 7.295082e-10 _59117_
 7.230054e-10 0.000000e+00 6.502600e-12 7.295080e-10 _59102_
 7.230041e-10 0.000000e+00 6.502600e-12 7.295067e-10 _59132_
 7.229756e-10 0.000000e+00 6.502600e-12 7.294782e-10 _60251_
 7.229742e-10 0.000000e+00 6.502600e-12 7.294768e-10 _60250_
 7.229716e-10 0.000000e+00 6.502600e-12 7.294741e-10 _60252_
 7.229434e-10 0.000000e+00 6.502600e-12 7.294459e-10 _58934_
 7.229431e-10 0.000000e+00 6.502600e-12 7.294457e-10 _59009_
 7.229429e-10 0.000000e+00 6.502600e-12 7.294455e-10 _58949_
 7.229425e-10 0.000000e+00 6.502600e-12 7.294451e-10 _58919_
 7.229408e-10 0.000000e+00 6.502600e-12 7.294434e-10 _58858_
 7.229406e-10 0.000000e+00 6.502600e-12 7.294432e-10 _58828_
 7.229403e-10 0.000000e+00 6.502600e-12 7.294429e-10 _58843_
 7.229390e-10 0.000000e+00 6.502600e-12 7.294416e-10 _58873_
 7.229376e-10 0.000000e+00 6.502600e-12 7.294402e-10 _58888_
 7.228133e-10 0.000000e+00 6.502600e-12 7.293158e-10 _58889_
 7.227207e-10 0.000000e+00 6.502600e-12 7.292232e-10 _60269_
 7.227188e-10 0.000000e+00 6.502600e-12 7.292213e-10 _59198_
 7.227184e-10 0.000000e+00 6.502600e-12 7.292210e-10 _59183_
 7.227166e-10 0.000000e+00 6.502600e-12 7.292192e-10 _59168_
 7.226996e-10 0.000000e+00 6.502600e-12 7.292022e-10 _59163_
 7.226996e-10 0.000000e+00 6.502600e-12 7.292021e-10 _59178_
 7.226994e-10 0.000000e+00 6.502600e-12 7.292020e-10 _59193_
 7.226295e-10 0.000000e+00 6.502600e-12 7.291320e-10 _58893_
 7.226290e-10 0.000000e+00 6.502600e-12 7.291316e-10 _58878_
 7.226287e-10 0.000000e+00 6.502600e-12 7.291313e-10 _58863_
 7.226265e-10 0.000000e+00 6.502600e-12 7.291291e-10 _58802_
 7.226210e-10 0.000000e+00 6.502600e-12 7.291236e-10 _58833_
 7.226203e-10 0.000000e+00 6.502600e-12 7.291229e-10 _58848_
 7.226195e-10 0.000000e+00 6.502600e-12 7.291221e-10 _58818_
 7.226190e-10 0.000000e+00 6.502600e-12 7.291216e-10 _58803_
 7.222341e-10 0.000000e+00 6.502600e-12 7.287367e-10 _58986_
 7.222336e-10 0.000000e+00 6.502600e-12 7.287362e-10 _58971_
 7.222331e-10 0.000000e+00 6.502600e-12 7.287357e-10 _58956_
 7.222310e-10 0.000000e+00 6.502600e-12 7.287336e-10 _59001_
 7.222304e-10 0.000000e+00 6.502600e-12 7.287330e-10 _59016_
 7.222240e-10 0.000000e+00 6.502600e-12 7.287266e-10 _59014_
 7.220648e-10 0.000000e+00 6.502600e-12 7.285674e-10 _60265_
 7.220634e-10 0.000000e+00 6.502600e-12 7.285659e-10 _60266_
 7.219511e-10 0.000000e+00 6.502600e-12 7.284537e-10 _60248_
 7.219484e-10 0.000000e+00 6.502600e-12 7.284510e-10 _60247_
 7.219469e-10 0.000000e+00 6.502600e-12 7.284495e-10 _60246_
 7.218167e-10 0.000000e+00 6.502600e-12 7.283192e-10 _58913_
 7.218160e-10 0.000000e+00 6.502600e-12 7.283186e-10 _60264_
 7.218143e-10 0.000000e+00 6.502600e-12 7.283169e-10 _58988_
 7.218043e-10 0.000000e+00 6.502600e-12 7.283069e-10 _58973_
 7.217947e-10 0.000000e+00 6.502600e-12 7.282973e-10 _58928_
 7.217886e-10 0.000000e+00 6.502600e-12 7.282912e-10 _58958_
 7.217860e-10 0.000000e+00 6.502600e-12 7.282886e-10 _58943_
 7.217835e-10 0.000000e+00 6.502600e-12 7.282861e-10 _59185_
 7.217827e-10 0.000000e+00 6.502600e-12 7.282853e-10 _59200_
 7.217671e-10 0.000000e+00 6.502600e-12 7.282697e-10 _59170_
 7.217242e-10 0.000000e+00 6.502600e-12 7.282268e-10 _59190_
 7.217179e-10 0.000000e+00 6.502600e-12 7.282205e-10 _59116_
 7.217179e-10 0.000000e+00 6.502600e-12 7.282204e-10 _59131_
 7.217162e-10 0.000000e+00 6.502600e-12 7.282188e-10 _59101_
 7.217155e-10 0.000000e+00 6.502600e-12 7.282181e-10 _59100_
 7.217153e-10 0.000000e+00 6.502600e-12 7.282179e-10 _59130_
 7.217152e-10 0.000000e+00 6.502600e-12 7.282178e-10 _59115_
 7.217139e-10 0.000000e+00 6.502600e-12 7.282165e-10 _59167_
 7.214846e-10 0.000000e+00 6.502600e-12 7.279872e-10 _59099_
 7.214821e-10 0.000000e+00 6.502600e-12 7.279847e-10 _59129_
 7.214743e-10 0.000000e+00 6.502600e-12 7.279769e-10 _59114_
 7.214065e-10 0.000000e+00 6.502600e-12 7.279091e-10 _58961_
 7.214064e-10 0.000000e+00 6.502600e-12 7.279090e-10 _58946_
 7.214063e-10 0.000000e+00 6.502600e-12 7.279089e-10 _58976_
 7.214059e-10 0.000000e+00 6.502600e-12 7.279085e-10 _58991_
 7.214051e-10 0.000000e+00 6.502600e-12 7.279077e-10 _59006_
 7.211820e-10 0.000000e+00 6.502600e-12 7.276846e-10 _58916_
 7.211818e-10 0.000000e+00 6.502600e-12 7.276844e-10 _58931_
 7.211803e-10 0.000000e+00 6.502600e-12 7.276829e-10 _58824_
 7.211802e-10 0.000000e+00 6.502600e-12 7.276827e-10 _58809_
 7.211770e-10 0.000000e+00 6.502600e-12 7.276795e-10 _58839_
 7.211761e-10 0.000000e+00 6.502600e-12 7.276786e-10 _58915_
 7.211747e-10 0.000000e+00 6.502600e-12 7.276773e-10 _58960_
 7.211742e-10 0.000000e+00 6.502600e-12 7.276768e-10 _58945_
 7.211740e-10 0.000000e+00 6.502600e-12 7.276766e-10 _58930_
 7.211694e-10 0.000000e+00 6.502600e-12 7.276720e-10 _58932_
 7.211590e-10 0.000000e+00 6.502600e-12 7.276615e-10 _60263_
 7.211573e-10 0.000000e+00 6.502600e-12 7.276599e-10 _60267_
 7.211394e-10 0.000000e+00 6.502600e-12 7.276420e-10 _59186_
 7.211371e-10 0.000000e+00 6.502600e-12 7.276397e-10 _59171_
 7.211280e-10 0.000000e+00 6.502600e-12 7.276306e-10 _59201_
 7.211055e-10 0.000000e+00 6.502600e-12 7.276081e-10 _59172_
 7.210988e-10 0.000000e+00 6.502600e-12 7.276014e-10 _59202_
 7.210962e-10 0.000000e+00 6.502600e-12 7.275988e-10 _59128_
 7.210957e-10 0.000000e+00 6.502600e-12 7.275983e-10 _59143_
 7.210939e-10 0.000000e+00 6.502600e-12 7.275965e-10 _59127_
 7.210935e-10 0.000000e+00 6.502600e-12 7.275961e-10 _59142_
 7.210914e-10 0.000000e+00 6.502600e-12 7.275939e-10 _59126_
 7.210910e-10 0.000000e+00 6.502600e-12 7.275935e-10 _59141_
 7.210530e-10 0.000000e+00 6.502600e-12 7.275556e-10 _58794_
 7.210428e-10 0.000000e+00 6.502600e-12 7.275454e-10 _58852_
 7.210410e-10 0.000000e+00 6.502600e-12 7.275436e-10 _58867_
 7.210351e-10 0.000000e+00 6.502600e-12 7.275376e-10 _58854_
 7.210347e-10 0.000000e+00 6.502600e-12 7.275373e-10 _58837_
 7.210311e-10 0.000000e+00 6.502600e-12 7.275336e-10 _58822_
 7.210309e-10 0.000000e+00 6.502600e-12 7.275335e-10 _58882_
 7.210297e-10 0.000000e+00 6.502600e-12 7.275323e-10 _58972_
 7.210287e-10 0.000000e+00 6.502600e-12 7.275313e-10 _58957_
 7.210278e-10 0.000000e+00 6.502600e-12 7.275304e-10 _58884_
 7.210261e-10 0.000000e+00 6.502600e-12 7.275287e-10 _58897_
 7.210246e-10 0.000000e+00 6.502600e-12 7.275272e-10 _58869_
 7.210184e-10 0.000000e+00 6.502600e-12 7.275209e-10 _58807_
 7.210037e-10 0.000000e+00 6.502600e-12 7.275063e-10 _58942_
 7.209782e-10 0.000000e+00 6.502600e-12 7.274807e-10 _58927_
 7.209578e-10 0.000000e+00 6.502600e-12 7.274604e-10 _58811_
 7.209576e-10 0.000000e+00 6.502600e-12 7.274601e-10 _58826_
 7.209550e-10 0.000000e+00 6.502600e-12 7.274576e-10 _58841_
 7.209536e-10 0.000000e+00 6.502600e-12 7.274562e-10 _58856_
 7.209522e-10 0.000000e+00 6.502600e-12 7.274548e-10 _58871_
 7.209430e-10 0.000000e+00 6.502600e-12 7.274456e-10 _60261_
 7.209427e-10 0.000000e+00 6.502600e-12 7.274453e-10 _60262_
 7.209371e-10 0.000000e+00 6.502600e-12 7.274397e-10 _58827_
 7.209368e-10 0.000000e+00 6.502600e-12 7.274393e-10 _58812_
 7.209361e-10 0.000000e+00 6.502600e-12 7.274387e-10 _58868_
 7.209360e-10 0.000000e+00 6.502600e-12 7.274386e-10 _58797_
 7.209360e-10 0.000000e+00 6.502600e-12 7.274386e-10 _58853_
 7.209359e-10 0.000000e+00 6.502600e-12 7.274385e-10 _58823_
 7.209355e-10 0.000000e+00 6.502600e-12 7.274381e-10 _58838_
 7.209354e-10 0.000000e+00 6.502600e-12 7.274380e-10 _58857_
 7.209352e-10 0.000000e+00 6.502600e-12 7.274378e-10 _58872_
 7.209342e-10 0.000000e+00 6.502600e-12 7.274368e-10 _59003_
 7.209339e-10 0.000000e+00 6.502600e-12 7.274364e-10 _58887_
 7.209335e-10 0.000000e+00 6.502600e-12 7.274361e-10 _58808_
 7.209324e-10 0.000000e+00 6.502600e-12 7.274350e-10 _58793_
 7.209309e-10 0.000000e+00 6.502600e-12 7.274335e-10 _58883_
 7.209279e-10 0.000000e+00 6.502600e-12 7.274305e-10 _58842_
 7.208933e-10 0.000000e+00 6.502600e-12 7.273959e-10 _58895_
 7.208933e-10 0.000000e+00 6.502600e-12 7.273959e-10 _58805_
 7.208926e-10 0.000000e+00 6.502600e-12 7.273952e-10 _58835_
 7.208919e-10 0.000000e+00 6.502600e-12 7.273945e-10 _58819_
 7.208917e-10 0.000000e+00 6.502600e-12 7.273943e-10 _58820_
 7.208915e-10 0.000000e+00 6.502600e-12 7.273940e-10 _58879_
 7.208915e-10 0.000000e+00 6.502600e-12 7.273940e-10 _58894_
 7.208756e-10 0.000000e+00 6.502600e-12 7.273782e-10 _59110_
 7.208735e-10 0.000000e+00 6.502600e-12 7.273760e-10 _59125_
 7.208680e-10 0.000000e+00 6.502600e-12 7.273706e-10 _59140_
 7.208609e-10 0.000000e+00 6.502600e-12 7.273635e-10 _58981_
 7.208599e-10 0.000000e+00 6.502600e-12 7.273625e-10 _58966_
 7.208590e-10 0.000000e+00 6.502600e-12 7.273616e-10 _58951_
 7.208568e-10 0.000000e+00 6.502600e-12 7.273593e-10 _58921_
 7.208566e-10 0.000000e+00 6.502600e-12 7.273592e-10 _58936_
 7.208555e-10 0.000000e+00 6.502600e-12 7.273581e-10 _58935_
 7.208532e-10 0.000000e+00 6.502600e-12 7.273557e-10 _58950_
 7.208437e-10 0.000000e+00 6.502600e-12 7.273462e-10 _58965_
 7.208431e-10 0.000000e+00 6.502600e-12 7.273456e-10 _58980_
 7.208382e-10 0.000000e+00 6.502600e-12 7.273407e-10 _59113_
 7.208372e-10 0.000000e+00 6.502600e-12 7.273397e-10 _58851_
 7.208364e-10 0.000000e+00 6.502600e-12 7.273390e-10 _58941_
 7.208361e-10 0.000000e+00 6.502600e-12 7.273386e-10 _59112_
 7.208346e-10 0.000000e+00 6.502600e-12 7.273371e-10 _58926_
 7.208278e-10 0.000000e+00 6.502600e-12 7.273304e-10 _59111_
 7.208266e-10 0.000000e+00 6.502600e-12 7.273292e-10 _58995_
 7.208161e-10 0.000000e+00 6.502600e-12 7.273187e-10 _59103_
 7.208149e-10 0.000000e+00 6.502600e-12 7.273174e-10 _59124_
 7.208147e-10 0.000000e+00 6.502600e-12 7.273173e-10 _59109_
 7.208137e-10 0.000000e+00 6.502600e-12 7.273163e-10 _59139_
 7.208109e-10 0.000000e+00 6.502600e-12 7.273135e-10 _59118_
 7.208105e-10 0.000000e+00 6.502600e-12 7.273131e-10 _59138_
 7.208098e-10 0.000000e+00 6.502600e-12 7.273124e-10 _58806_
 7.208075e-10 0.000000e+00 6.502600e-12 7.273100e-10 _58994_
 7.208065e-10 0.000000e+00 6.502600e-12 7.273091e-10 _58821_
 7.208062e-10 0.000000e+00 6.502600e-12 7.273088e-10 _58836_
 7.208040e-10 0.000000e+00 6.502600e-12 7.273066e-10 _58979_
 7.208039e-10 0.000000e+00 6.502600e-12 7.273064e-10 _59123_
 7.208035e-10 0.000000e+00 6.502600e-12 7.273060e-10 _59133_
 7.207985e-10 0.000000e+00 6.502600e-12 7.273011e-10 _59108_
 7.207944e-10 0.000000e+00 6.502600e-12 7.272969e-10 _59010_
 7.207918e-10 0.000000e+00 6.502600e-12 7.272943e-10 _58825_
 7.207896e-10 0.000000e+00 6.502600e-12 7.272922e-10 _60275_
 7.207892e-10 0.000000e+00 6.502600e-12 7.272918e-10 _58840_
 7.207874e-10 0.000000e+00 6.502600e-12 7.272900e-10 _58855_
 7.207871e-10 0.000000e+00 6.502600e-12 7.272897e-10 _59135_
 7.207865e-10 0.000000e+00 6.502600e-12 7.272891e-10 _58880_
 7.207854e-10 0.000000e+00 6.502600e-12 7.272880e-10 _59120_
 7.207850e-10 0.000000e+00 6.502600e-12 7.272876e-10 _59164_
 7.207848e-10 0.000000e+00 6.502600e-12 7.272873e-10 _59179_
 7.207844e-10 0.000000e+00 6.502600e-12 7.272870e-10 _58850_
 7.207843e-10 0.000000e+00 6.502600e-12 7.272868e-10 _59194_
 7.207835e-10 0.000000e+00 6.502600e-12 7.272861e-10 _59122_
 7.207834e-10 0.000000e+00 6.502600e-12 7.272860e-10 _59107_
 7.207818e-10 0.000000e+00 6.502600e-12 7.272844e-10 _59137_
 7.207787e-10 0.000000e+00 6.502600e-12 7.272812e-10 _58964_
 7.207779e-10 0.000000e+00 6.502600e-12 7.272805e-10 _59162_
 7.207759e-10 0.000000e+00 6.502600e-12 7.272785e-10 _59192_
 7.207738e-10 0.000000e+00 6.502600e-12 7.272764e-10 _58861_
 7.207733e-10 0.000000e+00 6.502600e-12 7.272759e-10 _58865_
 7.207732e-10 0.000000e+00 6.502600e-12 7.272758e-10 _58846_
 7.207731e-10 0.000000e+00 6.502600e-12 7.272756e-10 _59105_
 7.207729e-10 0.000000e+00 6.502600e-12 7.272755e-10 _59177_
 7.207723e-10 0.000000e+00 6.502600e-12 7.272749e-10 _58831_
 7.207712e-10 0.000000e+00 6.502600e-12 7.272737e-10 _58870_
 7.207709e-10 0.000000e+00 6.502600e-12 7.272735e-10 _58816_
 7.207708e-10 0.000000e+00 6.502600e-12 7.272734e-10 _58801_
 7.207699e-10 0.000000e+00 6.502600e-12 7.272725e-10 _58891_
 7.207697e-10 0.000000e+00 6.502600e-12 7.272723e-10 _58876_
 7.207661e-10 0.000000e+00 6.502600e-12 7.272687e-10 _58885_
 7.207542e-10 0.000000e+00 6.502600e-12 7.272568e-10 _58829_
 7.207540e-10 0.000000e+00 6.502600e-12 7.272565e-10 _58804_
 7.207527e-10 0.000000e+00 6.502600e-12 7.272553e-10 _58844_
 7.207507e-10 0.000000e+00 6.502600e-12 7.272533e-10 _58859_
 7.207493e-10 0.000000e+00 6.502600e-12 7.272519e-10 _58814_
 7.207481e-10 0.000000e+00 6.502600e-12 7.272507e-10 _58799_
 7.207481e-10 0.000000e+00 6.502600e-12 7.272507e-10 _58874_
 7.207442e-10 0.000000e+00 6.502600e-12 7.272468e-10 _58795_
 7.207301e-10 0.000000e+00 6.502600e-12 7.272327e-10 _58810_
 7.206896e-10 0.000000e+00 6.502600e-12 7.271921e-10 _58924_
 7.206883e-10 0.000000e+00 6.502600e-12 7.271909e-10 _58954_
 7.206862e-10 0.000000e+00 6.502600e-12 7.271888e-10 _58939_
 7.206837e-10 0.000000e+00 6.502600e-12 7.271863e-10 _58938_
 7.206822e-10 0.000000e+00 6.502600e-12 7.271848e-10 _58953_
 7.206794e-10 0.000000e+00 6.502600e-12 7.271820e-10 _58983_
 7.206791e-10 0.000000e+00 6.502600e-12 7.271817e-10 _58968_
 7.206779e-10 0.000000e+00 6.502600e-12 7.271804e-10 _58923_
 7.206721e-10 0.000000e+00 6.502600e-12 7.271747e-10 _58998_
 7.206695e-10 0.000000e+00 6.502600e-12 7.271721e-10 _59013_
 7.206490e-10 0.000000e+00 6.502600e-12 7.271516e-10 _58817_
 7.206489e-10 0.000000e+00 6.502600e-12 7.271515e-10 _58847_
 7.206467e-10 0.000000e+00 6.502600e-12 7.271493e-10 _58832_
 7.206458e-10 0.000000e+00 6.502600e-12 7.271483e-10 _58922_
 7.206438e-10 0.000000e+00 6.502600e-12 7.271463e-10 _58937_
 7.206435e-10 0.000000e+00 6.502600e-12 7.271461e-10 _58877_
 7.206429e-10 0.000000e+00 6.502600e-12 7.271455e-10 _58862_
 7.206413e-10 0.000000e+00 6.502600e-12 7.271438e-10 _58892_
 7.206365e-10 0.000000e+00 6.502600e-12 7.271391e-10 _58952_
 7.206349e-10 0.000000e+00 6.502600e-12 7.271375e-10 _59180_
 7.206319e-10 0.000000e+00 6.502600e-12 7.271345e-10 _58967_
 7.206286e-10 0.000000e+00 6.502600e-12 7.271311e-10 _59165_
 7.206273e-10 0.000000e+00 6.502600e-12 7.271299e-10 _59166_
 7.206239e-10 0.000000e+00 6.502600e-12 7.271265e-10 _59184_
 7.206233e-10 0.000000e+00 6.502600e-12 7.271259e-10 _59199_
 7.206230e-10 0.000000e+00 6.502600e-12 7.271256e-10 _58982_
 7.206229e-10 0.000000e+00 6.502600e-12 7.271255e-10 _59169_
 7.206208e-10 0.000000e+00 6.502600e-12 7.271234e-10 _60273_
 7.206202e-10 0.000000e+00 6.502600e-12 7.271228e-10 _60274_
 7.206195e-10 0.000000e+00 6.502600e-12 7.271221e-10 _60272_
 7.206166e-10 0.000000e+00 6.502600e-12 7.271192e-10 _60270_
 7.206166e-10 0.000000e+00 6.502600e-12 7.271192e-10 _60271_
 7.206163e-10 0.000000e+00 6.502600e-12 7.271189e-10 _58997_
 7.206140e-10 0.000000e+00 6.502600e-12 7.271165e-10 _58996_
 7.206133e-10 0.000000e+00 6.502600e-12 7.271159e-10 _59012_
 7.206045e-10 0.000000e+00 6.502600e-12 7.271070e-10 _59011_
 7.205436e-10 0.000000e+00 6.502600e-12 7.270462e-10 _58944_
 7.205431e-10 0.000000e+00 6.502600e-12 7.270457e-10 _58959_
 7.205427e-10 0.000000e+00 6.502600e-12 7.270453e-10 _58974_
 7.205421e-10 0.000000e+00 6.502600e-12 7.270447e-10 _58929_
 7.205415e-10 0.000000e+00 6.502600e-12 7.270440e-10 _58989_
 7.205413e-10 0.000000e+00 6.502600e-12 7.270439e-10 _59004_
 7.205383e-10 0.000000e+00 6.502600e-12 7.270409e-10 _59173_
 7.205370e-10 0.000000e+00 6.502600e-12 7.270396e-10 _58914_
 7.205365e-10 0.000000e+00 6.502600e-12 7.270391e-10 _59188_
 7.205344e-10 0.000000e+00 6.502600e-12 7.270369e-10 _59203_
 7.205304e-10 0.000000e+00 6.502600e-12 7.270330e-10 _59187_
 7.204828e-10 0.000000e+00 6.502600e-12 7.269854e-10 _59008_
 7.204826e-10 0.000000e+00 6.502600e-12 7.269852e-10 _58918_
 7.204821e-10 0.000000e+00 6.502600e-12 7.269846e-10 _58993_
 7.204804e-10 0.000000e+00 6.502600e-12 7.269830e-10 _58933_
 7.204797e-10 0.000000e+00 6.502600e-12 7.269823e-10 _58963_
 7.204777e-10 0.000000e+00 6.502600e-12 7.269803e-10 _58978_
 7.204769e-10 0.000000e+00 6.502600e-12 7.269795e-10 _58948_
 7.204738e-10 0.000000e+00 6.502600e-12 7.269764e-10 _58990_
 7.204720e-10 0.000000e+00 6.502600e-12 7.269745e-10 _59005_
 7.204642e-10 0.000000e+00 6.502600e-12 7.269668e-10 _58975_
 7.204606e-10 0.000000e+00 6.502600e-12 7.269632e-10 _58796_
 7.204606e-10 0.000000e+00 6.502600e-12 7.269632e-10 _58917_
 7.203568e-10 0.000000e+00 6.502600e-12 7.268594e-10 _58920_
 7.203547e-10 0.000000e+00 6.502600e-12 7.268572e-10 _58845_
 7.203541e-10 0.000000e+00 6.502600e-12 7.268566e-10 _58860_
 7.203512e-10 0.000000e+00 6.502600e-12 7.268537e-10 _58830_
 7.203475e-10 0.000000e+00 6.502600e-12 7.268501e-10 _58875_
 7.203468e-10 0.000000e+00 6.502600e-12 7.268494e-10 _58815_
 7.203468e-10 0.000000e+00 6.502600e-12 7.268494e-10 _58890_
 7.203358e-10 0.000000e+00 6.502600e-12 7.268384e-10 _58800_
 7.203251e-10 0.000000e+00 6.502600e-12 7.268277e-10 _58798_
 7.203250e-10 0.000000e+00 6.502600e-12 7.268276e-10 _58813_
 7.202748e-10 0.000000e+00 6.502600e-12 7.267774e-10 _58987_
 7.202741e-10 0.000000e+00 6.502600e-12 7.267766e-10 _59017_
 7.202733e-10 0.000000e+00 6.502600e-12 7.267759e-10 _59002_
 7.202705e-10 0.000000e+00 6.502600e-12 7.267730e-10 _58866_
 7.202686e-10 0.000000e+00 6.502600e-12 7.267711e-10 _58896_
 7.202668e-10 0.000000e+00 6.502600e-12 7.267694e-10 _58881_
 7.201935e-10 0.000000e+00 6.502600e-12 7.266961e-10 _58955_
 7.201935e-10 0.000000e+00 6.502600e-12 7.266960e-10 _58970_
 7.201930e-10 0.000000e+00 6.502600e-12 7.266955e-10 _58985_
 7.201925e-10 0.000000e+00 6.502600e-12 7.266950e-10 _58969_
 7.201914e-10 0.000000e+00 6.502600e-12 7.266939e-10 _59000_
 7.201906e-10 0.000000e+00 6.502600e-12 7.266932e-10 _58984_
 7.201875e-10 0.000000e+00 6.502600e-12 7.266901e-10 _58999_
 7.201795e-10 0.000000e+00 6.502600e-12 7.266820e-10 _58940_
 7.201794e-10 0.000000e+00 6.502600e-12 7.266819e-10 _58834_
 7.201790e-10 0.000000e+00 6.502600e-12 7.266816e-10 _58925_
 7.201790e-10 0.000000e+00 6.502600e-12 7.266815e-10 _59015_
 7.201709e-10 0.000000e+00 6.502600e-12 7.266735e-10 _58849_
 7.201608e-10 0.000000e+00 6.502600e-12 7.266634e-10 _58864_
 4.527870e-11 6.582327e-10 1.818300e-12 7.053297e-10 _53365_
 4.539924e-11 6.010860e-10 1.818300e-12 6.483035e-10 _36824_
 4.527395e-11 4.817572e-10 1.818300e-12 5.288495e-10 _37797_
